PitchNo,Date,Time,PAofInning,PitchofPA,Pitcher,PitcherId,PitcherThrows,PitcherTeam,Batter,BatterId,BatterSide,BatterTeam,PitcherSet,Inning,Top/Bottom,Outs,Balls,Strikes,TaggedPitchType,AutoPitchType,PitchCall,KorBB,TaggedHitType,PlayResult,OutsOnPlay,RunsScored,Notes,RelSpeed,VertRelAngle,HorzRelAngle,SpinRate,SpinAxis,Tilt,RelHeight,RelSide,Extension,VertBreak,InducedVertBreak,HorzBreak,PlateLocHeight,PlateLocSide,ZoneSpeed,VertApprAngle,HorzApprAngle,ZoneTime,ExitSpeed,Angle,Direction,HitSpinRate,PositionAt110X,PositionAt110Y,PositionAt110Z,Distance,LastTrackedDistance,Bearing,HangTime,pfxx,pfxz,x0,y0,z0,vx0,vy0,vz0,ax0,ay0,az0,HomeTeam,AwayTeam,Stadium,Level,League,GameID,PitchUID,EffectiveVelo,MaxHeight,MeasuredDuration,SpeedDrop,PitchLastMeasuredX,PitchLastMeasuredY,PitchLastMeasuredZ,ContactPositionX,ContactPositionY,ContactPositionZ,GameUID,UTCDate,UTCTime,LocalDateTime,UTCDateTime,AutoHitType,System,HomeTeamForeignID,AwayTeamForeignID,GameForeignID,Catcher,CatcherId,CatcherThrows,CatcherTeam,PlayID,PitchTrajectoryXc0,PitchTrajectoryXc1,PitchTrajectoryXc2,PitchTrajectoryYc0,PitchTrajectoryYc1,PitchTrajectoryYc2,PitchTrajectoryZc0,PitchTrajectoryZc1,PitchTrajectoryZc2,HitSpinAxis,HitTrajectoryXc0,HitTrajectoryXc1,HitTrajectoryXc2,HitTrajectoryXc3,HitTrajectoryXc4,HitTrajectoryXc5,HitTrajectoryXc6,HitTrajectoryXc7,HitTrajectoryXc8,HitTrajectoryYc0,HitTrajectoryYc1,HitTrajectoryYc2,HitTrajectoryYc3,HitTrajectoryYc4,HitTrajectoryYc5,HitTrajectoryYc6,HitTrajectoryYc7,HitTrajectoryYc8,HitTrajectoryZc0,HitTrajectoryZc1,HitTrajectoryZc2,HitTrajectoryZc3,HitTrajectoryZc4,HitTrajectoryZc5,HitTrajectoryZc6,HitTrajectoryZc7,HitTrajectoryZc8,ThrowSpeed,PopTime,ExchangeTime,TimeToBase,CatchPositionX,CatchPositionY,CatchPositionZ,ThrowPositionX,ThrowPositionY,ThrowPositionZ,BasePositionX,BasePositionY,BasePositionZ,ThrowTrajectoryXc0,ThrowTrajectoryXc1,ThrowTrajectoryXc2,ThrowTrajectoryYc0,ThrowTrajectoryYc1,ThrowTrajectoryYc2,ThrowTrajectoryZc0,ThrowTrajectoryZc1,ThrowTrajectoryZc2,PitchReleaseConfidence,PitchLocationConfidence,PitchMovementConfidence,HitLaunchConfidence,HitLandingConfidence,CatcherThrowCatchConfidence,CatcherThrowReleaseConfidence,CatcherThrowLocationConfidence,SpinAxis3dTransverseAngle,SpinAxis3dLongitudinalAngle,SpinAxis3dActiveSpinRate,SpinAxis3dSpinEfficiency,SpinAxis3dTilt,SpinAxis3dVectorX,SpinAxis3dVectorY,SpinAxis3dVectorZ,SpinAxis3dSeamOrientationRotationX,SpinAxis3dSeamOrientationRotationY,SpinAxis3dSeamOrientationRotationZ,SpinAxis3dSeamOrientationBallAngleHorizontalAmb1,SpinAxis3dSeamOrientationBallAngleVerticalAmb1,SpinAxis3dSeamOrientationBallXAmb1,SpinAxis3dSeamOrientationBallYAmb1,SpinAxis3dSeamOrientationBallZAmb1,SpinAxis3dSeamOrientationBallAngleHorizontalAmb2,SpinAxis3dSeamOrientationBallAngleVerticalAmb2,SpinAxis3dSeamOrientationBallXAmb2,SpinAxis3dSeamOrientationBallYAmb2,SpinAxis3dSeamOrientationBallZAmb2,SpinAxis3dSeamOrientationBallAngleHorizontalAmb3,SpinAxis3dSeamOrientationBallAngleVerticalAmb3,SpinAxis3dSeamOrientationBallXAmb3,SpinAxis3dSeamOrientationBallYAmb3,SpinAxis3dSeamOrientationBallZAmb3,SpinAxis3dSeamOrientationBallAngleHorizontalAmb4,SpinAxis3dSeamOrientationBallAngleVerticalAmb4,SpinAxis3dSeamOrientationBallXAmb4,SpinAxis3dSeamOrientationBallYAmb4,SpinAxis3dSeamOrientationBallZAmb4
1,2026-10-06,16:00:58.56,1,1,"Hall, Sam",822906,Right,TEX_BOB,"Alaniz, Rylan",10304817,Right,TEX_BOB,Undefined,1,Bottom,0,0,0,Fastball,Four-Seam,BallCalled,Undefined,Undefined,Undefined,0,0,,92.22044,-1.450213,-1.26027,2208.887479,214.573815,1:15,6.51952,0.15608,5.98637,-16.47958,15.91284,10.32934,3.80151,-0.15139,85.10689,-4.562176,0.596959,0.409631,,,,,,,,,,,,-5.62355,8.83351,-0.0623,50,6.39581,2.50911,-134.08817,-3.90221,-10.34638,26.12935,-15.92189,TEX_BOB,TEX_BOB,TexasStateUniversity,TeamExclusive,Team,20261006-TexasStateUniversity-Private-1,0de1dfd0-c1c9-11f1-804e-4d6eca9479d4,92.01557,,,7.11355,,,,,,,fe881bac-4a30-4fb5-a103-220cd5b27190,2026-10-06,21:00:58.56,2026-10-06T16:00:58.5607680-05:00,2026-10-06T21:00:58.5607680Z,,v3,471452,471452,,"Namken, Clayton",834577,Right,TEX_BOB,b4fa9272-11fc-44c1-bf9d-0b9330d8e0d2,54.51347,-134.96483,13.06468,6.51777,-3.36802,-7.96095,-0.15231,2.85624,-5.17319,,,,,,,,,,,,,,,,,,,,,,,,,,,,,,,,,,,,,,,,,,,,,,,,,,,High,High,High,,,,,,208.260592,20.253684,2072.309933,0.938169,1:00,-0.352918,-0.452826,-0.818778,-27.071895,-2.125746,-20.857897,168.463362,6.870678,0.198558,0.119629,-0.972761,7.010952,11.452664,0.119629,0.198558,0.972761,-7.010952,-11.452664,-0.119629,-0.198558,0.972761,-168.463362,-6.870678,-0.198558,-0.119629,-0.972761
2,2026-10-06,16:01:20.21,1,2,"Hall, Sam",822906,Right,TEX_BOB,"Alaniz, Rylan",10304817,Right,TEX_BOB,Undefined,1,Bottom,0,1,0,Fastball,Four-Seam,StrikeCalled,Undefined,Undefined,Undefined,0,0,,92.5742,-3.441885,-1.902596,2269.252485,208.346702,1:00,6.41504,0.26768,5.98042,-15.12973,17.38009,8.82249,1.9582,-0.76136,84.90106,-6.312794,-0.316939,0.410373,,,,,,,,,,,,-5.03902,10.17127,-0.12213,50,6.13418,4.07744,-134.25132,-8.52334,-9.22135,28.32824,-13.56072,TEX_BOB,TEX_BOB,TexasStateUniversity,TeamExclusive,Team,20261006-TexasStateUniversity-Private-1,1ac8a3a0-c1c9-11f1-804e-4d6eca9479d4,91.84925,,,7.67314,,,,,,,fe881bac-4a30-4fb5-a103-220cd5b27190,2026-10-06,21:01:20.21,2026-10-06T16:01:20.2145792-05:00,2026-10-06T21:01:20.2145792Z,,v3,471452,471452,,"Namken, Clayton",834577,Right,TEX_BOB,f7bb827b-ae5a-4299-af8a-5a056bbd2670,54.51817,-135.20134,14.16412,6.4124,-8.06857,-6.78036,-0.26405,4.38668,-4.61068,,,,,,,,,,,,,,,,,,,,,,,,,,,,,,,,,,,,,,,,,,,,,,,,,,,High,High,High,,,,,,208.112484,18.592614,2150.819104,0.94781,1:00,-0.319044,-0.464948,-0.825854,-21.989631,3.59475,-14.518563,171.808017,10.316371,0.140187,0.179083,-0.973795,10.420404,8.058663,0.179083,0.140187,0.973795,-10.420404,-8.058663,-0.179083,-0.140187,0.973795,-171.808017,-10.316371,-0.140187,-0.179083,-0.973795
3,2026-10-06,16:01:34.58,1,3,"Hall, Sam",822906,Right,TEX_BOB,"Alaniz, Rylan",10304817,Right,TEX_BOB,Undefined,1,Bottom,0,1,1,Slider,Cutter,StrikeSwinging,Undefined,Undefined,Undefined,0,0,,86.14555,-3.406702,-0.434572,2279.385594,189.256006,12:15,6.51746,-0.13533,6.04852,-25.27411,11.63638,1.73449,1.25372,-0.3931,80.41109,-8.070013,-0.121882,0.437267,,,,,,,,,,,,-1.00193,7.11394,0.16819,50,6.23823,0.88328,-125.18929,-8.2476,-1.61636,21.35564,-20.69758,TEX_BOB,TEX_BOB,TexasStateUniversity,TeamExclusive,Team,20261006-TexasStateUniversity-Private-1,2357f430-c1c9-11f1-804e-4d6eca9479d4,86.20009,,,5.73446,,,,,,,fe881bac-4a30-4fb5-a103-220cd5b27190,2026-10-06,21:01:34.58,2026-10-06T16:01:34.5823744-05:00,2026-10-06T21:01:34.5823744Z,,v3,471452,471452,,"Namken, Clayton",834577,Right,TEX_BOB,6efe8899-5e80-4cd3-bc28-39317b6e9c3e,54.45256,-125.94655,10.67782,6.51767,-7.51368,-10.34879,0.13585,0.9406,-0.80818,,,,,,,,,,,,,,,,,,,,,,,,,,,,,,,,,,,,,,,,,,,,,,,,,,,High,High,High,,,,,,209.493207,69.203357,809.300859,0.355052,1:00,-0.925125,-0.230042,-0.302034,41.527589,-27.763861,75.130544,137.304786,-36.167931,0.547422,-0.590154,-0.593335,44.845972,-33.190363,0.590154,-0.547422,0.593335,-44.845972,33.190363,-0.590154,0.547422,0.593335,-137.304786,36.167931,-0.547422,0.590154,-0.593335
4,2026-10-06,16:01:54.15,1,4,"Hall, Sam",822906,Right,TEX_BOB,"Alaniz, Rylan",10304817,Right,TEX_BOB,Undefined,1,Bottom,0,1,2,Slider,Slider,StrikeCalled,Strikeout,Undefined,Undefined,0,0,,85.97219,-2.75685,-0.866886,2355.662828,195.089321,12:30,6.57373,-0.48036,5.95427,-30.30943,6.78111,1.56882,1.48899,-1.15363,80.46194,-8.310117,-0.584462,0.438332,,,,,,,,,,,,-1.00866,4.40862,0.54834,50,6.33719,1.83119,-125.01834,-7.02199,-1.62567,20.87305,-25.06872,TEX_BOB,TEX_BOB,TexasStateUniversity,TeamExclusive,Team,20261006-TexasStateUniversity-Private-1,2f0378e0-c1c9-11f1-804e-4d6eca9479d4,85.99067,,,5.51024,,,,,,,fe881bac-4a30-4fb5-a103-220cd5b27190,2026-10-06,21:01:54.15,2026-10-06T16:01:54.1540000-05:00,2026-10-06T21:01:54.1540000Z,,v3,471452,471452,,"Namken, Clayton",834577,Right,TEX_BOB,73b47085-7193-4875-a97a-63b591748388,54.54732,-125.77527,10.43653,6.57534,-6.11291,-12.53436,0.48087,1.89014,-0.81283,,,,,,,,,,,,,,,,,,,,,,,,,,,,,57.41595,3.146673,1.752678,1.393994,0.45,1.34682,1.16345,-4.49063,1.21853,5.03907,74.70899,9.22689,-50.08171,-4.4481,62.38521,-4.01475,1.46746,30.13587,-17.59446,4.94352,-45.12438,4.04459,High,High,High,,,High,Medium,High,206.801713,75.579835,586.632486,0.249031,1:00,-0.965227,-0.158741,-0.207698,51.58702,-30.776691,72.725541,143.69439,-35.395727,0.482656,-0.57922,-0.656922,41.403221,-28.859033,0.57922,-0.482656,0.656922,-41.403221,28.859033,-0.57922,0.482656,0.656922,-143.69439,35.395727,-0.482656,0.57922,-0.656922
5,2026-10-06,16:02:34.52,2,1,"Hall, Sam",822906,Right,TEX_BOB,"Cotton, Jackson",828562,Left,TEX_BOB,Undefined,1,Bottom,1,0,0,Curveball,Curveball,BallCalled,Undefined,Undefined,Undefined,0,0,,77.33462,1.666346,1.613956,2472.967417,63.695003,8:00,6.39757,-0.1554,5.25086,-47.74684,-0.40937,-3.47583,3.98555,1.07194,71.68444,-6.997229,0.997511,0.495192,,,,,,,,,,,,2.1302,-0.19287,0.00997,50,6.51489,-3.02851,-112.33776,1.63064,2.75491,18.05594,-32.42348,TEX_BOB,TEX_BOB,TexasStateUniversity,TeamExclusive,Team,20261006-TexasStateUniversity-Private-1,471b1320-c1c9-11f1-804e-4d6eca9479d4,76.11675,,,5.65018,,,,,,,fe881bac-4a30-4fb5-a103-220cd5b27190,2026-10-06,21:02:34.52,2026-10-06T16:02:34.5227776-05:00,2026-10-06T21:02:34.5227776Z,,v3,471452,471452,,"Namken, Clayton",834577,Right,TEX_BOB,ccb45ca2-577c-44ba-8d20-5ade7a8c8341,55.24994,-113.17843,9.02797,6.40382,3.14025,-16.21174,0.15397,-3.15678,1.37746,,,,,,,,,,,,,,,,,,,,,,,,,,,,,,,,,,,,,,,,,,,,,,,,,,,High,High,High,,,,,,14.836765,59.564275,1252.734721,0.506571,6:30,-0.871513,0.154733,0.46532,-72.177898,-45.186606,19.134641,134.047848,12.382002,0.702041,0.214429,-0.679087,17.524035,44.590973,0.214429,0.702041,0.679087,-17.524035,-44.590973,-0.214429,-0.702041,0.679087,-134.047848,-12.382002,-0.702041,-0.214429,-0.679087
6,2026-10-06,16:02:53.26,2,2,"Hall, Sam",822906,Right,TEX_BOB,"Cotton, Jackson",828562,Left,TEX_BOB,Undefined,1,Bottom,1,1,0,Slider,Cutter,BallCalled,Undefined,Undefined,Undefined,0,0,,86.33836,-2.671688,-0.952868,2381.035788,173.286278,11:45,6.42601,0.04401,5.8478,-23.38596,14.1282,-1.52469,1.99236,-0.96859,79.34126,-7.028073,-1.226471,0.440828,,,,,,,,,,,,0.52087,8.31725,0.03438,50,6.19489,2.1463,-125.30615,-6.58414,0.82977,24.85323,-18.92397,TEX_BOB,TEX_BOB,TexasStateUniversity,TeamExclusive,Team,20261006-TexasStateUniversity-Private-1,52461d30-c1c9-11f1-804e-4d6eca9479d4,85.50379,,,6.99709,,,,,,,fe881bac-4a30-4fb5-a103-220cd5b27190,2026-10-06,21:02:53.26,2026-10-06T16:02:53.2665344-05:00,2026-10-06T21:02:53.2665344Z,,v3,471452,471452,,"Namken, Clayton",834577,Right,TEX_BOB,97db4e6e-34bd-448d-879d-cd6922a4884b,54.65049,-126.22516,12.42662,6.42542,-5.88438,-9.46199,-0.04442,2.11562,0.41489,,,,,,,,,,,,,,,,,,,,,,,,,,,,,,,,,,,,,,,,,,,,,,,,,,,High,High,High,,,,,,205.992773,70.020107,813.576945,0.34169,12:45,-0.936789,-0.193393,-0.29159,39.064871,-31.371623,76.631151,139.175677,-40.455309,0.49744,-0.648855,-0.575796,48.414049,-29.830793,0.648855,-0.49744,0.575796,-48.414049,29.830793,-0.648855,0.49744,0.575796,-139.175677,40.455309,-0.49744,0.648855,-0.575796
7,2026-10-06,16:03:13.73,2,3,"Hall, Sam",822906,Right,TEX_BOB,"Cotton, Jackson",828562,Left,TEX_BOB,Undefined,1,Bottom,1,2,0,Fastball,Four-Seam,BallCalled,Undefined,Undefined,Undefined,0,0,,92.03775,-1.785907,0.771178,2251.340782,199.036155,12:45,6.43283,0.13089,5.36445,-14.20631,19.69859,6.39618,3.57365,1.38707,83.45993,-4.498308,1.9076,0.419085,,,,,,,,,,,,-2.9574,10.73319,-0.20471,50,6.26282,-2.09969,-133.40818,-4.58968,-5.29148,30.62872,-12.96979,TEX_BOB,TEX_BOB,TexasStateUniversity,TeamExclusive,Team,20261006-TexasStateUniversity-Private-1,5e6ee830-c1c9-11f1-804e-4d6eca9479d4,89.93977,,,8.57782,,,,,,,fe881bac-4a30-4fb5-a103-220cd5b27190,2026-10-06,21:03:13.73,2026-10-06T16:03:13.7333760-05:00,2026-10-06T21:03:13.7333760Z,,v3,471452,471452,,"Namken, Clayton",834577,Right,TEX_BOB,62990d83-81a9-418b-a313-b793dbcf4562,55.1313,-134.5811,15.31436,6.42907,-4.093,-6.48489,-0.12819,-1.89705,-2.64574,,,,,,,,,,,,,,,,,,,,,,,,,,,,,,,,,,,,,,,,,,,,,,,,,,,High,High,High,,,,,,207.027385,24.143588,2054.40086,0.912523,1:00,-0.384927,-0.427211,-0.818121,-24.344674,11.564631,-5.722425,170.214523,3.649142,0.169615,0.063646,-0.983453,3.702868,9.765443,0.063646,0.169615,0.983453,-3.702868,-9.765443,-0.063646,-0.169615,0.983453,-170.214523,-3.649142,-0.169615,-0.063646,-0.983453
8,2026-10-06,16:03:35.47,2,4,"Hall, Sam",822906,Right,TEX_BOB,"Cotton, Jackson",828562,Left,TEX_BOB,Undefined,1,Bottom,1,3,0,Fastball,Four-Seam,StrikeCalled,Undefined,Undefined,Undefined,0,0,,91.99132,-3.625386,0.178312,2263.844912,197.276195,12:30,6.41237,0.13021,5.57649,-14.24056,19.36729,5.67426,1.83504,0.7696,83.91448,-6.329893,1.19096,0.417246,,,,,,,,,,,,-2.80248,11.14945,-0.14927,50,6.09085,-0.67594,-133.26727,-8.86646,-5.02657,29.34987,-12.17609,TEX_BOB,TEX_BOB,TexasStateUniversity,TeamExclusive,Team,20261006-TexasStateUniversity-Private-1,6b653c60-c1c9-11f1-804e-4d6eca9479d4,90.33635,,,8.07684,,,,,,,fe881bac-4a30-4fb5-a103-220cd5b27190,2026-10-06,21:03:35.47,2026-10-06T16:03:35.4757632-05:00,2026-10-06T21:03:35.4757632Z,,v3,471452,471452,,"Namken, Clayton",834577,Right,TEX_BOB,48e2f088-ced9-446e-bf1f-0b0773af079c,54.92016,-134.34649,14.67493,6.40864,-8.41873,-6.08804,-0.12781,-0.49111,-2.51329,,,,,,,,,,,,,,,,,,,,,,,,,,,,,,,,,,,,,,,,,,,,,,,,,,,High,High,High,,,,,,205.123993,25.349776,2045.861409,0.903711,12:45,-0.400476,-0.410001,-0.819462,-19.852444,16.275199,1.718903,170.413857,3.893099,0.166146,0.067895,-0.983761,3.948058,9.563815,0.067895,0.166146,0.983761,-3.948058,-9.563815,-0.067895,-0.166146,0.983761,-170.413857,-3.893099,-0.166146,-0.067895,-0.983761
9,2026-10-06,16:03:56.01,2,5,"Hall, Sam",822906,Right,TEX_BOB,"Cotton, Jackson",828562,Left,TEX_BOB,Undefined,1,Bottom,1,3,1,Fastball,Four-Seam,FoulBallNotFieldable,Undefined,Undefined,Undefined,0,0,,91.4437,-2.74896,-0.895234,2283.034637,203.223185,12:45,6.42807,0.20612,5.65589,-14.4519,19.4541,7.85764,2.65777,0.02596,83.22673,-5.508622,0.508971,0.419092,72.77604,51.302174,-153.361201,4799.736865,,,,,51.13034,,,-4.26587,11.03194,-0.13549,50,6.18629,1.72445,-132.59948,-6.79454,-7.55696,29.68237,-12.63111,TEX_BOB,TEX_BOB,TexasStateUniversity,TeamExclusive,Team,20261006-TexasStateUniversity-Private-1,77a6bf80-c1c9-11f1-804e-4d6eca9479d4,89.93831,50.94711,,8.21697,,,,1.63573,2.64624,-0.02788,fe881bac-4a30-4fb5-a103-220cd5b27190,2026-10-06,21:03:56.01,2026-10-06T16:03:56.0184832-05:00,2026-10-06T21:03:56.0184832Z,,v3,471452,471452,,"Namken, Clayton",834577,Right,TEX_BOB,aef960a1-f1a3-414c-8f31-88afe83a9c5d,54.84253,-133.67908,14.84118,6.42506,-6.33512,-6.31555,-0.20321,1.99931,-3.77848,6.486702,1.63573,-59.64972,0.21441,1.4728,-0.97042,1.137,-0.79641,0.11016,0.08449,2.64623,83.30498,-32.18822,4.66472,-1.64479,1.19264,-0.109,-0.80178,0.44885,-0.02788,-29.92053,1.68103,0.93216,-0.8714,1.14374,-0.66509,-0.09646,0.17284,,,,,,,,,,,,,,,,,,,,,,,High,High,High,High,Undefined,,,,207.399972,24.761208,2073.135315,0.908061,1:00,-0.410861,-0.437496,-0.799869,-25.096051,13.799247,-7.28562,171.274726,4.275404,0.151275,0.074551,-0.985677,4.325273,8.700805,0.074551,0.151275,0.985677,-4.325273,-8.700805,-0.074551,-0.151275,0.985677,-171.274726,-4.275404,-0.151275,-0.074551,-0.985677
10,2026-10-06,16:04:25.76,2,6,"Hall, Sam",822906,Right,TEX_BOB,"Cotton, Jackson",828562,Left,TEX_BOB,Undefined,1,Bottom,1,3,2,Splitter,Splitter,InPlay,Undefined,GroundBall,Out,1,0,,84.21661,-1.670995,-0.713867,873.199464,258.408678,2:30,6.39706,-0.02414,5.47151,-36.04545,3.86071,12.89292,1.82896,0.38218,77.67363,-8.245356,1.586922,0.454665,89.42695,-12.082451,37.266072,,,,,9.95535,5.3383,26.676419,0.065225,-6.74618,2.74173,0.07765,50,6.2254,0.99607,-122.30935,-4.84084,-10.24082,23.64507,-28.01206,TEX_BOB,TEX_BOB,TexasStateUniversity,TeamExclusive,Team,20261006-TexasStateUniversity-Private-1,89652310-c1c9-11f1-804e-4d6eca9479d4,82.9016,1.79326,,6.54298,,,,2.2287,1.79326,-0.60316,fe881bac-4a30-4fb5-a103-220cd5b27190,2026-10-06,21:04:25.76,2026-10-06T16:04:25.7620480-05:00,2026-10-06T21:04:25.7620480Z,GroundBall,v3,471452,471452,,"Namken, Clayton",834577,Right,TEX_BOB,375bd65f-47d8-44db-bb53-87d725d4f51f,55.02929,-123.27779,11.82254,6.40017,-3.69355,-14.00603,0.02827,1.41551,-5.12041,180,2.22716,102.21542,,,,,,,,1.79368,-27.49367,,,,,,,,-0.60434,77.77167,,,,,,,,,,,,,,,,,,,,,,,,,,,,,,High,High,High,Low,Low,,,,240.164508,40.938058,659.630944,0.755418,2:00,-0.640489,-0.674122,-0.367878,101.749156,-33.255937,24.488212,142.849783,-67.350657,0.232559,-0.922879,-0.306938,71.603514,-13.447755,0.922879,-0.232559,0.306938,-71.603514,13.447755,-0.922879,0.232559,0.306938,-142.849783,67.350657,-0.232559,0.922879,-0.306938
11,2026-10-06,16:05:03.98,3,1,"Hall, Sam",822906,Right,TEX_BOB,"Carson, Tanner",841179,Right,TEX_BOB,Undefined,1,Bottom,2,0,0,Fastball,Four-Seam,BallCalled,Undefined,Undefined,Undefined,0,0,,93.05361,-4.675897,-1.721575,2411.530353,201.432591,12:45,6.4332,0.04824,5.94918,-10.90402,21.54178,8.02878,1.1761,-0.8799,84.93755,-6.793401,-0.279853,0.409969,,,,,,,,,,,,-4.60555,12.70623,0.08425,50,6.05414,3.69736,-134.6934,-11.28444,-8.44406,29.79913,-8.87793,TEX_BOB,TEX_BOB,TexasStateUniversity,TeamExclusive,Team,20261006-TexasStateUniversity-Private-1,a028ed20-c1c9-11f1-804e-4d6eca9479d4,91.93984,,,8.11606,,,,,,,fe881bac-4a30-4fb5-a103-220cd5b27190,2026-10-06,21:05:03.98,2026-10-06T16:05:03.9864320-05:00,2026-10-06T21:05:03.9864320Z,,v3,471452,471452,,"Namken, Clayton",834577,Right,TEX_BOB,3716578b-c6c7-47b3-a95f-ec836ab0c87c,54.54918,-135.69611,14.89957,6.42883,-10.9857,-4.43897,-0.04494,3.98149,-4.22203,,,,,,,,,,,,,,,,,,,,,,,,,,,,,,,,,,,,,,,,,,,,,,,,,,,High,High,High,,,,,,202.941131,19.864007,2268.048558,0.940502,12:45,-0.334654,-0.393073,-0.856446,-26.187383,4.694609,-1.77329,165.464066,-1.522589,0.250899,-0.026571,-0.967649,1.572913,-14.530689,0.026571,-0.250899,0.967649,-1.572913,14.530689,-0.026571,0.250899,0.967649,-165.464066,1.522589,-0.250899,0.026571,-0.967649
12,2026-10-06,16:05:19.78,3,2,"Hall, Sam",822906,Right,TEX_BOB,"Carson, Tanner",841179,Right,TEX_BOB,Undefined,1,Bottom,2,1,0,Fastball,Four-Seam,BallCalled,Undefined,Undefined,Undefined,0,0,,91.22421,-2.291379,0.434152,2255.974009,203.3768,12:45,6.42256,0.00835,5.27101,-11.89678,22.65379,9.29067,3.27761,1.19039,82.94777,-4.586596,2.081913,0.423057,,,,,,,,,,,,-4.49603,12.31087,-0.05503,50,6.20484,-1.44163,-132.23003,-5.61578,-7.92647,29.31449,-10.47008,TEX_BOB,TEX_BOB,TexasStateUniversity,TeamExclusive,Team,20261006-TexasStateUniversity-Private-1,a991d4d0-c1c9-11f1-804e-4d6eca9479d4,89.09541,,,8.27644,,,,,,,fe881bac-4a30-4fb5-a103-220cd5b27190,2026-10-06,21:05:19.78,2026-10-06T16:05:19.7860352-05:00,2026-10-06T21:05:19.7860352Z,,v3,471452,471452,,"Namken, Clayton",834577,Right,TEX_BOB,2d20d6ca-1d90-4c0c-ad6d-8c099b07a4c2,55.22564,-133.38349,14.65725,6.4177,-5.20381,-5.23504,-0.00444,-1.12974,-3.96324,,,,,,,,,,,,,,,,,,,,,,,,,,,,,,,,,,,,,,,,,,,,,,,,,,,High,High,High,,,,,,202.971984,21.341951,2101.270615,0.931425,12:45,-0.3426,-0.377777,-0.86018,-22.259978,9.252336,-0.987823,168.824421,0.74829,0.1938,0.01306,-0.980954,0.762752,11.174613,0.01306,0.1938,0.980954,-0.762752,-11.174613,-0.01306,-0.1938,0.980954,-168.824421,-0.74829,-0.1938,-0.01306,-0.980954
13,2026-10-06,16:05:42.93,3,3,"Hall, Sam",822906,Right,TEX_BOB,"Carson, Tanner",841179,Right,TEX_BOB,Undefined,1,Bottom,2,2,0,Fastball,Four-Seam,InPlay,Undefined,LineDrive,Double,0,0,,91.20166,-3.711188,-0.03956,2204.405858,205.524842,12:45,6.52786,-0.16479,5.66368,-12.9656,20.98741,9.49823,1.98198,0.58984,83.49711,-6.187528,1.657999,0.419383,106.59887,15.745925,-25.472631,2026.908656,96.13582,25.27937,-53.45894,287.87529,267.37096,-35.378294,2.668382,-4.87803,12.06213,0.16182,50,6.20589,-0.31971,-132.23152,-8.94783,-8.63811,28.15591,-10.81419,TEX_BOB,TEX_BOB,TexasStateUniversity,TeamExclusive,Team,20261006-TexasStateUniversity-Private-1,b75a1f00-c1c9-11f1-804e-4d6eca9479d4,89.87595,28.58323,,7.70456,,,,2.58788,2.06199,-0.43611,fe881bac-4a30-4fb5-a103-220cd5b27190,2026-10-06,21:05:42.93,2026-10-06T16:05:42.9313024-05:00,2026-10-06T21:05:42.9313024Z,LineDrive,v3,471452,471452,,"Namken, Clayton",834577,Right,TEX_BOB,b079e74a-ef4b-459f-9378-7568195234a2,54.83627,-133.25732,14.07796,6.52471,-8.55383,-5.40709,0.16774,-0.005,-4.31906,117.012752,2.58788,135.85111,-32.12896,8.59074,-2.02471,0.42593,-0.07569,0.00923,-0.00053,2.06199,42.4264,-17.34204,-0.03652,0.41604,-0.15949,0.037,-0.00496,0.00031,-0.4361,-64.71686,-1.41691,2.17584,-0.94275,0.28625,-0.06296,0.00882,-0.00058,,,,,,,,,,,,,,,,,,,,,,,High,High,High,High,Medium,,,,201.853069,21.667892,2048.641721,0.92934,12:45,-0.346656,-0.369099,-0.862319,-19.993312,8.704414,-3.6289,169.113049,3.346871,0.18855,0.058381,-0.980327,3.40807,10.868156,0.058381,0.18855,0.980327,-3.40807,-10.868156,-0.058381,-0.18855,0.980327,-169.113049,-3.346871,-0.18855,-0.058381,-0.980327
14,2026-10-06,16:06:33.21,4,1,"Hall, Sam",822906,Right,TEX_BOB,"Farris, Ethan",815102,Right,TEX_BOB,Undefined,1,Bottom,2,0,0,Curveball,Curveball,StrikeCalled,Undefined,Undefined,Undefined,0,0,,76.37751,-0.013207,-0.98789,2533.457444,26.178921,6:45,6.39013,0.19482,5.33454,-55.6981,-6.54599,-4.00272,1.73623,-1.06568,70.19241,-10.101169,-1.701009,0.504594,,,,,,,,,,,,1.70898,-2.76697,-0.10268,50,6.349,2.06741,-110.85701,-1.92159,2.11199,21.09429,-35.59358,TEX_BOB,TEX_BOB,TexasStateUniversity,TeamExclusive,Team,20261006-TexasStateUniversity-Private-1,d56465f0-c1c9-11f1-804e-4d6eca9479d4,74.69848,,,6.18509,,,,,,,fe881bac-4a30-4fb5-a103-220cd5b27190,2026-10-06,21:06:33.21,2026-10-06T16:06:33.2186112-05:00,2026-10-06T21:06:33.2186112Z,,v3,471452,471452,,"Namken, Clayton",834577,Right,TEX_BOB,c6f0fd79-b08b-4113-b3a8-81e1564f4177,55.16563,-111.83562,10.54715,6.39984,-0.27032,-17.79679,-0.19632,1.96943,1.056,,,,,,,,,,,,,,,,,,,,,,,,,,,,,,,,,,,,,,,,,,,,,,,,,,,High,High,High,,,,,,7.885445,58.02846,1341.460544,0.529498,6:15,-0.839159,0.072448,0.539039,-43.952889,-40.926465,-9.879004,131.717171,16.308509,0.716405,0.280809,-0.638679,23.733759,45.758444,0.280809,0.716405,0.638679,-23.733759,-45.758444,-0.280809,-0.716405,0.638679,-131.717171,-16.308509,-0.716405,-0.280809,-0.638679
15,2026-10-06,16:06:51.30,4,2,"Hall, Sam",822906,Right,TEX_BOB,"Farris, Ethan",815102,Right,TEX_BOB,Undefined,1,Bottom,2,0,1,Splitter,Splitter,BallCalled,Undefined,Undefined,Undefined,0,0,,82.92733,-3.724009,-2.446516,952.172611,233.665356,1:45,6.36193,0.20856,5.21599,-33.9999,8.22819,9.19182,0.01885,-1.32727,75.81073,-9.904565,-0.814879,0.467705,,,,,,,,,,,,-5.37107,5.65382,0.01018,50,5.99191,4.73993,-119.9211,-9.00912,-7.75192,25.11674,-24.014,TEX_BOB,TEX_BOB,TexasStateUniversity,TeamExclusive,Team,20261006-TexasStateUniversity-Private-1,e022a470-c1c9-11f1-804e-4d6eca9479d4,80.59018,,,7.11661,,,,,,,fe881bac-4a30-4fb5-a103-220cd5b27190,2026-10-06,21:06:51.30,2026-10-06T16:06:51.3060352-05:00,2026-10-06T21:06:51.3060352Z,,v3,471452,471452,,"Namken, Clayton",834577,Right,TEX_BOB,6522b00e-643f-456f-b88f-4b4819b9b3ff,55.28271,-121.02247,12.55837,6.36388,-7.9561,-12.007,-0.20512,5.07986,-3.87596,,,,,,,,,,,,,,,,,,,,,,,,,,,,,,,,,,,,,,,,,,,,,,,,,,,High,High,High,,,,,,236.247489,38.697671,743.128661,0.780456,1:45,-0.599724,-0.688144,-0.408398,111.996477,-19.766544,34.647134,178.640024,-76.06428,0.005716,-0.970567,-0.240765,76.068052,-0.327498,0.970567,-0.005716,0.240765,-76.068052,0.327498,-0.970567,0.005716,0.240765,-178.640024,76.06428,-0.005716,0.970567,-0.240765
16,2026-10-06,16:07:19.16,4,3,"Hall, Sam",822906,Right,TEX_BOB,"Farris, Ethan",815102,Right,TEX_BOB,Undefined,1,Bottom,2,1,1,Splitter,Changeup,BallCalled,Undefined,Undefined,Undefined,0,0,,82.14538,-1.528092,-2.282412,1690.174849,276.016275,3:15,6.35213,0.35003,5.60848,-42.03853,0.30256,11.06221,1.42108,-0.85972,74.88532,-9.219263,-0.303684,0.46833,,,,,,,,,,,,-6.30292,1.08535,-0.16202,50,6.19443,4.29536,-119.0677,-4.62777,-8.94278,25.35106,-30.63412,TEX_BOB,TEX_BOB,TexasStateUniversity,TeamExclusive,Team,20261006-TexasStateUniversity-Private-1,f0c4c290-c1c9-11f1-804e-4d6eca9479d4,80.48257,,,7.26005,,,,,,,fe881bac-4a30-4fb5-a103-220cd5b27190,2026-10-06,21:07:19.16,2026-10-06T16:07:19.1652864-05:00,2026-10-06T21:07:19.1652864Z,,v3,471452,471452,,"Namken, Clayton",834577,Right,TEX_BOB,4c23b40f-62dd-4de6-a1b2-7a6c767d8761,54.88971,-120.10427,12.67553,6.35804,-3.37518,-15.31706,-0.34513,4.66102,-4.47139,,,,,,,,,,,,,,,,,,,,,,,,,,,,,,,,,,,,,,,,,,,,,,,,,,,High,High,High,,,,,,252.845074,25.969902,1519.508099,0.899024,2:30,-0.425067,-0.870399,-0.248442,92.148346,-25.115812,42.364365,154.057705,-67.044875,0.170616,-0.920811,-0.350711,69.149577,-9.823638,0.920811,-0.170616,0.350711,-69.149577,9.823638,-0.920811,0.170616,0.350711,-154.057705,67.044875,-0.170616,0.920811,-0.350711
17,2026-10-06,16:07:38.77,4,4,"Hall, Sam",822906,Right,TEX_BOB,"Farris, Ethan",815102,Right,TEX_BOB,Undefined,1,Bottom,2,2,1,Fastball,Four-Seam,BallCalled,Undefined,Undefined,Undefined,0,0,,90.06788,-1.611999,-3.273618,2052.223182,210.19823,1:00,6.38464,0.38406,5.75948,-18.9734,15.41769,8.38725,3.30024,-1.96739,83.02015,-5.164263,-1.775289,0.422079,,,,,,,,,,,,-5.08319,8.57146,-0.11763,50,6.23925,7.11296,-130.69798,-4.29479,-8.87976,24.98696,-17.20072,TEX_BOB,TEX_BOB,TexasStateUniversity,TeamExclusive,Team,20261006-TexasStateUniversity-Private-1,fc6dfd50-c1c9-11f1-804e-4d6eca9479d4,89.30177,,,7.04773,,,,,,,fe881bac-4a30-4fb5-a103-220cd5b27190,2026-10-06,21:07:38.77,2026-10-06T16:07:38.7788288-05:00,2026-10-06T21:07:38.7788288Z,,v3,471452,471452,,"Namken, Clayton",834577,Right,TEX_BOB,1839a362-7a7a-438e-9b0b-acab2c03bb12,54.73954,-131.60097,12.49348,6.38323,-3.67318,-8.60036,-0.38048,7.43386,-4.43988,,,,,,,,,,,,,,,,,,,,,,,,,,,,,,,,,,,,,,,,,,,,,,,,,,,High,High,High,,,,,,209.893586,24.891598,1861.583439,0.907106,1:00,-0.45226,-0.463755,-0.761835,-30.550593,0.451976,-15.726223,162.247799,5.831125,0.303323,0.101597,-0.947456,6.1205,17.657314,0.101597,0.303323,0.947456,-6.1205,-17.657314,-0.101597,-0.303323,0.947456,-162.247799,-5.831125,-0.303323,-0.101597,-0.947456
18,2026-10-06,16:07:59.92,4,5,"Hall, Sam",822906,Right,TEX_BOB,"Farris, Ethan",815102,Right,TEX_BOB,Undefined,1,Bottom,2,3,1,Fastball,Four-Seam,StrikeSwinging,Undefined,Undefined,Undefined,0,0,,90.96857,-1.184033,-1.403049,2083.504821,212.527629,1:00,6.35179,0.35295,5.76743,-16.9982,16.95418,10.11607,3.83286,-0.11006,82.98781,-4.407734,0.408123,0.419379,,,,,,,,,,,,-5.51445,9.28272,-0.24289,50,6.24354,2.78327,-132.05407,-3.2504,-9.72833,28.36619,-15.79791,TEX_BOB,TEX_BOB,TexasStateUniversity,TeamExclusive,Team,20261006-TexasStateUniversity-Private-1,09054190-c1ca-11f1-804e-4d6eca9479d4,89.87683,,,7.98077,,,,,,,fe881bac-4a30-4fb5-a103-220cd5b27190,2026-10-06,21:07:59.92,2026-10-06T16:07:59.9225344-05:00,2026-10-06T21:07:59.9225344Z,,v3,471452,471452,,"Namken, Clayton",834577,Right,TEX_BOB,79dd401f-d9db-43f0-a538-357838e8aab4,54.72972,-133.06617,14.18309,6.34946,-2.68674,-7.89895,-0.34839,3.13037,-4.86417,,,,,,,,,,,,,,,,,,,,,,,,,,,,,,,,,,,,,,,,,,,,,,,,,,,High,High,High,,,,,,209.402387,25.40042,1882.096887,0.903332,1:00,-0.43883,-0.452251,-0.776465,-28.99218,7.839877,-9.623772,165.647474,3.311773,0.247473,0.057769,-0.967171,3.418218,14.328044,0.057769,0.247473,0.967171,-3.418218,-14.328044,-0.057769,-0.247473,0.967171,-165.647474,-3.311773,-0.247473,-0.057769,-0.967171
19,2026-10-06,16:08:22.93,4,6,"Hall, Sam",822906,Right,TEX_BOB,"Farris, Ethan",815102,Right,TEX_BOB,Undefined,1,Bottom,2,3,2,Slider,Slider,FoulBallNotFieldable,Undefined,Undefined,Undefined,0,0,,81.58301,-0.762923,-0.091218,2082.003564,186.31517,12:15,6.32667,0.26963,5.65447,-34.62848,7.43319,0.68504,2.7294,0.24165,75.32982,-7.129049,0.031341,0.466782,73.26003,61.946385,174.476458,3983.632144,,,,,33.99951,,,-0.37469,4.33252,-0.26236,50,6.2399,0.16233,-118.58057,-2.71312,-0.53656,21.45892,-25.96981,TEX_BOB,TEX_BOB,TexasStateUniversity,TeamExclusive,Team,20261006-TexasStateUniversity-Private-1,16c415e0-c1ca-11f1-804e-4d6eca9479d4,80.74948,55.43837,,6.25318,,,,2.26577,2.88824,-0.24208,fe881bac-4a30-4fb5-a103-220cd5b27190,2026-10-06,21:08:22.93,2026-10-06T16:08:22.9318144-05:00,2026-10-06T21:08:22.9318144Z,,v3,471452,471452,,"Namken, Clayton",834577,Right,TEX_BOB,d975ed6e-4294-45b9-8351-fbd32a97d7ec,54.8458,-119.45427,10.72946,6.32884,-1.65576,-12.98491,-0.26942,0.18417,-0.26828,357.041766,2.26577,-50.29776,-2.64944,1.79545,0.18091,-3.20373,7.44198,-7.68851,2.99693,2.88824,94.8236,-31.14913,4.08379,-0.30274,-2.2849,5.20966,-5.22965,1.99654,-0.24208,4.86398,-0.76281,-0.03719,-0.11512,0.67394,-1.51857,1.55864,-0.60558,,,,,,,,,,,,,,,,,,,,,,,High,High,High,High,Undefined,,,,232.372698,76.273032,494.049875,0.237295,1:45,-0.969078,-0.200856,-0.143332,45.731255,-31.047137,80.865149,148.845395,-43.435473,0.375673,-0.687537,-0.62142,47.891637,-22.065892,0.687537,-0.375673,0.62142,-47.891637,22.065892,-0.687537,0.375673,0.62142,-148.845395,43.435473,-0.375673,0.687537,-0.62142
20,2026-10-06,16:08:49.27,4,7,"Hall, Sam",822906,Right,TEX_BOB,"Farris, Ethan",815102,Right,TEX_BOB,Undefined,1,Bottom,2,3,2,Fastball,Four-Seam,InPlay,Undefined,Popup,Out,1,0,,88.93788,-1.973854,-1.513498,2049.744918,212.636003,1:00,6.37086,0.4937,5.74369,-19.97446,15.41564,9.17705,2.86716,-0.15105,81.70067,-5.714516,0.129209,0.428166,79.59163,76.728222,18.308912,,,,,,86.92643,,,-5.10398,8.72107,-0.37367,50,6.1945,3.02646,-129.14903,-5.09389,-8.65553,25.87175,-17.38449,TEX_BOB,TEX_BOB,TexasStateUniversity,TeamExclusive,Team,20261006-TexasStateUniversity-Private-1,26732170-c1ca-11f1-804e-4d6eca9479d4,88.03227,100.9554,,7.23721,,,,1.60975,2.88645,0.15147,fe881bac-4a30-4fb5-a103-220cd5b27190,2026-10-06,21:08:49.27,2026-10-06T16:08:49.2772352-05:00,2026-10-06T21:08:49.2772352Z,,v3,471452,471452,,"Namken, Clayton",834577,Right,TEX_BOB,4fe21e2f-ad6a-4eb6-82b5-4844d32a69d3,54.75603,-130.09829,12.93588,6.3697,-4.45603,-8.69225,-0.49054,3.34404,-4.32777,,1.60975,25.44207,-13.68778,4.86447,-1.31886,0.32969,-0.07727,0.0146,-0.00156,2.88645,113.61648,-30.76182,3.85176,-0.58606,0.05688,0.00034,-0.00185,0.0003,0.15147,8.41855,6.11952,-2.84043,0.87482,-0.2366,0.05856,-0.01146,0.00125,,,,,,,,,,,,,,,,,,,,,,,High,High,High,Low,Undefined,,,,207.81771,19.595504,1931.03143,0.942084,1:00,-0.341932,-0.450924,-0.82447,-16.254823,11.496993,74.665021,156.791132,-27.228289,0.350416,-0.457537,-0.817232,29.242792,-20.512757,0.457537,-0.350416,0.817232,-29.242792,20.512757,-0.457537,0.350416,0.817232,-156.791132,27.228289,-0.350416,0.457537,-0.817232
21,2026-10-06,16:12:38.03,1,1,"Stovall, Kortland",1000567493,Left,TEX_BOB,"Boles, Brady",841175,Right,TEX_BOB,Undefined,2,Top,0,0,0,Fastball,Sinker,StrikeCalled,Undefined,Undefined,Undefined,0,0,,89.00343,-3.285632,1.246923,1963.888709,140.387853,10:45,6.43845,-0.92316,5.2882,-18.47151,17.45812,-13.54587,1.80976,-0.88091,82.02783,-6.714145,-1.158061,0.431417,,,,,,,,,,,,7.08642,9.91819,0.81975,50,6.12555,-2.19547,-129.06215,-8.03459,12.04412,24.93629,-15.31706,TEX_BOB,TEX_BOB,TexasStateUniversity,TeamExclusive,Team,20261006-TexasStateUniversity-Private-1,aed168b0-c1ca-11f1-804e-4d6eca9479d4,87.36884,,,6.9756,,,,,,,fe881bac-4a30-4fb5-a103-220cd5b27190,2026-10-06,21:12:38.03,2026-10-06T16:12:38.0350464-05:00,2026-10-06T21:12:38.0350464Z,,v3,471452,471452,,"Anctil, Justin",1000608882,Right,TEX_BOB,c31e38e0-9bdf-4a76-ad1b-cad919aee35a,55.21071,-130.06502,12.46814,6.4363,-7.41858,-7.65853,0.91779,-2.67985,6.02206,,,,,,,,,,,,,,,,,,,,,,,,,,,,,,,,,,,,,,,,,,,,,,,,,,,High,High,High,,,,,,140.395515,2.679879,1961.740914,0.998906,10:45,-0.066408,0.633061,-0.771248,12.082981,-30.997683,62.575321,176.623332,8.45745,0.058259,0.147075,-0.987408,8.471945,3.339906,0.147075,0.058259,0.987408,-8.471945,-3.339906,-0.147075,-0.058259,0.987408,-176.623332,-8.45745,-0.058259,-0.147075,-0.987408
22,2026-10-06,16:13:00.75,1,2,"Stovall, Kortland",1000567493,Left,TEX_BOB,"Boles, Brady",841175,Right,TEX_BOB,Undefined,2,Top,0,0,1,Fastball,Sinker,BallCalled,Undefined,Undefined,Undefined,0,0,,89.56177,-2.231094,-0.563403,2000.524368,144.338144,10:45,6.48239,-0.79485,5.20297,-18.05194,17.48391,-11.78469,2.87854,-2.30681,82.49417,-5.585114,-2.651435,0.429047,,,,,,,,,,,,5.72095,9.62406,0.85615,50,6.26246,1.8219,-129.9826,-5.68221,9.86038,25.34906,-15.58638,TEX_BOB,TEX_BOB,TexasStateUniversity,TeamExclusive,Team,20261006-TexasStateUniversity-Private-1,bc5de260-c1ca-11f1-804e-4d6eca9479d4,87.85153,,,7.0676,,,,,,,fe881bac-4a30-4fb5-a103-220cd5b27190,2026-10-06,21:13:00.75,2026-10-06T16:13:00.7584256-05:00,2026-10-06T21:13:00.7584256Z,,v3,471452,471452,,"Anctil, Justin",1000608882,Right,TEX_BOB,a9285e88-01ec-4903-91ce-c889d700a771,55.29551,-131.01125,12.67453,6.48021,-5.04972,-7.79319,0.79034,1.42177,4.93019,,,,,,,,,,,,,,,,,,,,,,,,,,,,,,,,,,,,,,,,,,,,,,,,,,,High,High,High,,,,,,142.713844,3.734359,1996.276734,0.997877,10:45,-0.096417,0.601516,-0.793021,13.81987,-26.285939,52.566209,178.5491,12.434153,0.024726,0.215317,-0.976231,12.438017,1.416861,0.215317,0.024726,0.976231,-12.438017,-1.416861,-0.215317,-0.024726,0.976231,-178.5491,-12.434153,-0.024726,-0.215317,-0.976231
23,2026-10-06,16:13:21.48,1,3,"Stovall, Kortland",1000567493,Left,TEX_BOB,"Boles, Brady",841175,Right,TEX_BOB,Undefined,2,Top,0,1,1,Slider,Slider,StrikeCalled,Undefined,Undefined,Undefined,0,0,,81.83799,-0.385694,0.929937,2249.802062,253.9106,2:30,6.26928,-1.39472,4.88035,-40.86679,1.8326,2.37555,2.49874,-0.31683,76.23049,-7.735905,1.348957,0.470308,,,,,,,,,,,,-0.95614,1.35575,1.30129,50,6.19664,-2.03244,-118.92636,-2.34951,-1.39016,19.56235,-30.2029,TEX_BOB,TEX_BOB,TexasStateUniversity,TeamExclusive,Team,20261006-TexasStateUniversity-Private-1,c8b58590-c1ca-11f1-804e-4d6eca9479d4,80.14418,,,5.6075,,,,,,,fe881bac-4a30-4fb5-a103-220cd5b27190,2026-10-06,21:13:21.48,2026-10-06T16:13:21.4811136-05:00,2026-10-06T21:13:21.4811136Z,,v3,471452,471452,,"Anctil, Justin",1000608882,Right,TEX_BOB,65aa8e07-07bc-4dd5-8870-1e1430b838fb,55.62035,-119.84729,9.78118,6.27378,-0.92766,-15.10145,1.39543,-1.96699,-0.69508,,,,,,,,,,,,,,,,,,,,,,,,,,,,,,,,,,,,,,,,,,,,,,,,,,,High,High,High,,,,,,183.249471,-75.272896,571.934516,0.254215,12:00,0.971215,-0.007899,-0.238076,-36.503869,42.408415,89.353109,167.196506,-42.628927,0.163049,-0.677248,-0.717461,43.348441,-9.383928,0.677248,-0.163049,0.717461,-43.348441,9.383928,-0.677248,0.163049,0.717461,-167.196506,42.628927,-0.163049,0.677248,-0.717461
24,2026-10-06,16:13:44.08,1,4,"Stovall, Kortland",1000567493,Left,TEX_BOB,"Boles, Brady",841175,Right,TEX_BOB,Undefined,2,Top,0,1,2,Fastball,Four-Seam,BallCalled,Undefined,Undefined,Undefined,0,0,,89.97038,-2.08957,0.330592,2116.986027,147.381893,11:00,6.54908,-0.65058,5.26463,-15.9541,19.25674,-11.62934,3.25566,-1.30911,82.5642,-5.087062,-1.732579,0.42708,,,,,,,,,,,,5.88437,10.50548,0.62914,50,6.34641,-0.21589,-130.56576,-5.28001,10.20601,26.26746,-13.95302,TEX_BOB,TEX_BOB,TexasStateUniversity,TeamExclusive,Team,20261006-TexasStateUniversity-Private-1,d620bba0-c1ca-11f1-804e-4d6eca9479d4,88.25608,,,7.40618,,,,,,,fe881bac-4a30-4fb5-a103-220cd5b27190,2026-10-06,21:13:44.08,2026-10-06T16:13:44.0800768-05:00,2026-10-06T21:13:44.0800768Z,,v3,471452,471452,,"Anctil, Justin",1000608882,Right,TEX_BOB,d1ff22b8-7024-48d0-85bc-1e5f8c1734df,55.23352,-131.61444,13.13373,6.54609,-4.72296,-6.97651,0.64589,-0.62334,5.10301,,,,,,,,,,,,,,,,,,,,,,,,,,,,,,,,,,,,,,,,,,,,,,,,,,,High,High,High,,,,,,146.579512,2.60818,2114.793007,0.998964,11:00,-0.060725,0.548184,-0.834151,11.558463,-24.78364,48.709679,179.279353,-12.510294,0.012279,-0.216615,-0.97618,12.511252,-0.703535,0.216615,-0.012279,0.97618,-12.511252,0.703535,-0.216615,0.012279,0.97618,-179.279353,12.510294,-0.012279,0.216615,-0.97618
25,2026-10-06,16:14:02.86,1,5,"Stovall, Kortland",1000567493,Left,TEX_BOB,"Boles, Brady",841175,Right,TEX_BOB,Undefined,2,Top,0,2,2,Fastball,Four-Seam,StrikeSwinging,Strikeout,Undefined,Undefined,0,0,,88.86259,-3.281354,2.313882,2175.055135,142.733113,10:45,6.39678,-0.90316,5.1839,-17.60631,18.59269,-13.30843,1.83645,0.16598,81.86895,-6.555443,-0.042269,0.433032,,,,,,,,,,,,7.21898,10.44501,0.69858,50,6.07836,-4.59651,-128.77819,-7.98259,12.22588,24.61238,-14.48473,TEX_BOB,TEX_BOB,TexasStateUniversity,TeamExclusive,Team,20261006-TexasStateUniversity-Private-1,e15e1530-c1ca-11f1-804e-4d6eca9479d4,87.04314,,,6.99365,,,,,,,fe881bac-4a30-4fb5-a103-220cd5b27190,2026-10-06,21:14:02.86,2026-10-06T16:14:02.8650000-05:00,2026-10-06T21:14:02.8650000Z,,v3,471452,471452,,"Anctil, Justin",1000608882,Right,TEX_BOB,84226191-273e-4f2c-b914-7644ad540bfa,55.31527,-129.79008,12.30619,6.3943,-7.38708,-7.24237,0.89789,-5.09915,6.11294,,,,,,,,,,,,,,,,,,,,,,,,,,,,,70.47905,,,0.941992,,,,-0.19803,5.54981,-1.28448,66.27693,6.00692,-58.50573,-0.17881,75.28259,-5.07888,5.56588,13.32158,-13.69205,-1.32664,-68.51855,8.4141,High,High,High,,,High,Low,Low,139.653894,2.954118,2172.164758,0.998671,10:45,-0.057657,0.642533,-0.764086,3.768522,-38.310514,65.605854,178.029313,-14.780154,0.03325,-0.255111,-0.96634,14.788518,-1.905456,0.255111,-0.03325,0.96634,-14.788518,1.905456,-0.255111,0.03325,0.96634,-178.029313,14.780154,-0.03325,0.255111,-0.96634
26,2026-10-06,16:15:10.53,2,1,"Stovall, Kortland",1000567493,Left,TEX_BOB,"Namken, Clayton",834577,Right,TEX_BOB,Undefined,2,Top,1,0,0,Slider,Slider,FoulBallNotFieldable,Undefined,Undefined,Undefined,0,0,,83.56497,-0.972624,1.633534,2350.462359,284.138166,3:30,6.23624,-1.23724,4.90994,-41.86801,-0.78126,7.61067,1.82704,0.94211,77.73992,-8.484584,2.976478,0.461341,,,,,,,,,,,,-3.38839,0.15795,1.07087,50,6.10573,-3.78879,-121.37043,-3.6749,-5.10826,21.37876,-31.93592,TEX_BOB,TEX_BOB,TexasStateUniversity,TeamExclusive,Team,20261006-TexasStateUniversity-Private-1,09b69ac0-c1cb-11f1-804e-4d6eca9479d4,81.70188,,,5.82505,,,,,,,fe881bac-4a30-4fb5-a103-220cd5b27190,2026-10-06,21:15:10.53,2026-10-06T16:15:10.5395200-05:00,2026-10-06T21:15:10.5395200Z,,v3,471452,471452,,"Anctil, Justin",1000608882,Right,TEX_BOB,21b0cb64-3c07-4a1f-afe3-fafeaa342a42,55.59189,-122.35145,10.68938,6.24074,-2.20944,-15.96796,1.23935,-3.55438,-2.55413,,,,,,,,,,,,,,,,,,,,,,,,,,,,,,,,,,,,,,,,,,,,,,,,,,,High,High,High,,,,,,185.701461,-75.505736,588.280974,0.250283,12:15,0.97516,-0.008426,-0.221336,26.753157,-23.150639,-80.559208,174.261902,47.409992,0.067662,0.736215,-0.673357,47.553359,3.87972,0.736215,0.067662,0.673357,-47.553359,-3.87972,-0.736215,-0.067662,0.673357,-174.261902,-47.409992,-0.067662,-0.736215,-0.673357
27,2026-10-06,16:15:37.52,2,2,"Stovall, Kortland",1000567493,Left,TEX_BOB,"Namken, Clayton",834577,Right,TEX_BOB,Undefined,2,Top,1,0,1,Curveball,Curveball,InPlay,Undefined,Popup,Out,1,0,,77.55782,-0.255727,0.950988,2302.476668,304.095447,4:15,6.30155,-1.22611,4.66059,-51.50026,-3.13957,6.73422,1.76689,0.23858,71.92204,-9.457961,2.135245,0.500516,92.30967,62.343627,-6.774556,,,,,,42.36425,,,-3.07847,-1.12189,1.12252,50,6.22808,-2.1458,-112.59597,-2.4087,-3.97183,19.4848,-33.6215,TEX_BOB,TEX_BOB,TexasStateUniversity,TeamExclusive,Team,20261006-TexasStateUniversity-Private-1,19d33530-c1cb-11f1-804e-4d6eca9479d4,75.3072,80.80011,,5.63578,,,,2.22272,2.05339,-0.2043,fe881bac-4a30-4fb5-a103-220cd5b27190,2026-10-06,21:15:37.52,2026-10-06T16:15:37.5259136-05:00,2026-10-06T21:15:37.5259136Z,,v3,471452,471452,,"Anctil, Justin",1000608882,Right,TEX_BOB,90a14cdf-cfe3-4b71-96f8-c8194c223d70,55.84133,-113.60232,9.7424,6.30764,-0.67222,-16.81075,1.22805,-1.94067,-1.98592,210.7533,2.22272,62.40365,-21.64165,6.79818,-1.81561,0.46363,-0.11504,0.02451,-0.0032,2.05339,119.91893,-33.29789,3.99932,-0.35883,-0.07959,0.05781,-0.01954,0.00326,-0.2043,-7.41308,17.07677,-7.43119,2.42551,-0.7261,0.20555,-0.04888,0.00688,,,,,,,,,,,,,,,,,,,,,,,High,High,High,Medium,Undefined,,,,298.221143,-71.713532,722.443989,0.313768,4:00,0.948131,-0.27223,0.164132,-78.53475,42.219465,49.589856,166.562939,-34.473318,0.191569,-0.566022,-0.801823,35.219015,-11.044381,0.566022,-0.191569,0.801823,-35.219015,11.044381,-0.566022,0.191569,0.801823,-166.562939,34.473318,-0.191569,0.566022,-0.801823
28,2026-10-06,16:16:19.28,3,1,"Stovall, Kortland",1000567493,Left,TEX_BOB,"Mitchell, Drayton",10156664,Left,TEX_BOB,Undefined,2,Top,2,0,0,Slider,Slider,StrikeCalled,Undefined,Undefined,Undefined,0,0,,84.3024,0.409528,1.693586,2179.878774,276.202757,3:15,6.28134,-1.26142,4.97907,-39.20404,0.59701,3.38587,3.40128,0.62065,78.96663,-6.643904,2.291086,0.454066,,,,,,,,,,,,-1.32165,0.5213,1.0951,50,6.28846,-3.77249,-122.60095,-0.64218,-2.05879,18.90988,-31.36201,TEX_BOB,TEX_BOB,TexasStateUniversity,TeamExclusive,Team,20261006-TexasStateUniversity-Private-1,32ab6050-c1cb-11f1-804e-4d6eca9479d4,83.01098,,,5.33576,,,,,,,fe881bac-4a30-4fb5-a103-220cd5b27190,2026-10-06,21:16:19.28,2026-10-06T16:16:19.2829952-05:00,2026-10-06T21:16:19.2829952Z,,v3,471452,471452,,"Anctil, Justin",1000608882,Right,TEX_BOB,a6441e2d-61af-49f2-8802-91ca3ae5f9bb,55.52272,-123.44983,9.45494,6.28569,0.76569,-15.68101,1.26237,-3.68007,-1.0294,,,,,,,,,,,,,,,,,,,,,,,,,,,,,,,,,,,,,,,,,,,,,,,,,,,High,High,High,,,,,,176.953848,-73.7969,608.280032,0.279043,12:00,0.968176,0.007964,-0.250144,31.42689,-12.61839,-84.526114,177.787827,43.338479,0.028074,0.686307,-0.72677,43.359802,1.608752,0.686307,0.028074,0.72677,-43.359802,-1.608752,-0.686307,-0.028074,0.72677,-177.787827,-43.338479,-0.028074,-0.686307,-0.72677
29,2026-10-06,16:16:38.58,3,2,"Stovall, Kortland",1000567493,Left,TEX_BOB,"Mitchell, Drayton",10156664,Left,TEX_BOB,Undefined,2,Top,2,0,1,Slider,Slider,FoulBallNotFieldable,Undefined,Undefined,Undefined,0,0,,84.4008,-0.311442,1.894558,2205.64448,294.08879,3:45,6.21803,-1.26115,4.88176,-41.99707,-1.51602,6.00914,2.42346,1.03274,78.08459,-7.862201,2.953622,0.457928,,,,,,,,,,,,-2.49878,-0.36457,1.06968,50,6.15156,-4.31593,-122.5218,-2.30841,-3.8229,22.74062,-32.73181,TEX_BOB,TEX_BOB,TexasStateUniversity,TeamExclusive,Team,20261006-TexasStateUniversity-Private-1,3e2db220-c1cb-11f1-804e-4d6eca9479d4,82.31083,,,6.3162,,,,,,,fe881bac-4a30-4fb5-a103-220cd5b27190,2026-10-06,21:16:38.58,2026-10-06T16:16:38.5881088-05:00,2026-10-06T21:16:38.5881088Z,,v3,471452,471452,,"Anctil, Justin",1000608882,Right,TEX_BOB,cbc913fd-0034-45c7-9702-aa339f549bb5,55.61965,-123.56043,11.37031,6.22285,-0.81345,-16.36591,1.26281,-4.14133,-1.91145,,,,,,,,,,,,,,,,,,,,,,,,,,,,,,,,,,,,,,,,,,,,,,,,,,,High,High,High,,,,,,179.912687,-75.888064,537.773745,0.243817,12:00,0.977335,0.005643,-0.211622,36.000272,-30.966993,-86.421471,175.290318,-41.745074,0.061261,-0.665818,-0.743595,41.84136,-3.512206,0.665818,-0.061261,0.743595,-41.84136,3.512206,-0.665818,0.061261,0.743595,-175.290318,41.745074,-0.061261,0.665818,-0.743595
30,2026-10-06,16:17:06.32,3,3,"Stovall, Kortland",1000567493,Left,TEX_BOB,"Mitchell, Drayton",10156664,Left,TEX_BOB,Undefined,2,Top,2,0,2,Curveball,Curveball,StrikeSwinging,Strikeout,Undefined,Undefined,0,0,,79.00151,0.118215,1.934597,2393.17376,316.223624,4:30,6.17644,-1.05592,4.53536,-52.41857,-5.74185,6.74804,1.92086,1.34916,73.50968,-9.207273,3.117156,0.491724,,,,,,,,,,,,-2.81032,-2.43536,0.84748,50,6.1387,-4.1641,-114.68036,-1.79738,-3.77831,19.31242,-35.44823,TEX_BOB,TEX_BOB,TexasStateUniversity,TeamExclusive,Team,20261006-TexasStateUniversity-Private-1,4ebe9230-c1cb-11f1-804e-4d6eca9479d4,76.65362,,,5.49183,,,,,,,fe881bac-4a30-4fb5-a103-220cd5b27190,2026-10-06,21:17:06.32,2026-10-06T16:17:06.3292928-05:00,2026-10-06T21:17:06.3292928Z,,v3,471452,471452,,"Anctil, Justin",1000608882,Right,TEX_BOB,1181ad5a-abcd-4399-8786-c81f356a37b2,55.96672,-115.6808,9.65621,6.18424,0.03896,-17.72411,1.05812,-3.96838,-1.88916,,,,,,,,,,,,,,,,,,,,,,,,,,,,,,,,,,,,,,,,,,,,,,,,,,,High,High,High,,,,,,281.851927,-72.751478,709.61656,0.296517,3:30,0.951827,-0.292166,0.093085,89.666809,-36.536274,34.266782,158.84696,-33.714919,0.300167,-0.555061,-0.775762,35.583877,-17.467638,0.555061,-0.300167,0.775762,-35.583877,17.467638,-0.555061,0.300167,0.775762,-158.84696,33.714919,-0.300167,0.555061,-0.775762
31,2026-10-06,16:20:17.41,1,1,"Williams, Miles",1000150117,Right,TEX_BOB,"Foor, Daylen",1000165264,Right,TEX_BOB,Undefined,2,Bottom,0,0,0,Fastball,Sinker,StrikeCalled,Undefined,Undefined,Undefined,0,0,,92.55993,-0.555335,-3.302122,2003.326641,226.455227,1:30,5.57509,2.65988,6.14811,-20.45088,11.79453,11.36682,3.35684,0.55253,84.76022,-4.406675,-1.256439,0.408701,,,,,,,,,,,,-6.72563,6.54709,-2.4139,50,5.52215,7.26348,-134.35877,-1.95671,-12.33695,28.16627,-20.16462,TEX_BOB,TEX_BOB,TexasStateUniversity,TeamExclusive,Team,20261006-TexasStateUniversity-Private-1,c095f150-c1cb-11f1-804e-4d6eca9479d4,92.22505,,,7.79972,,,,,,,fe881bac-4a30-4fb5-a103-220cd5b27190,2026-10-06,21:20:17.41,2026-10-06T16:20:17.4176256-05:00,2026-10-06T21:20:17.4176256Z,,v3,471452,471452,,"McKnight, Jaxon",10895897,Right,TEX_BOB,857f03e3-f313-4c1c-86fc-ba5c6ba327b4,54.35028,-135.26767,14.08313,5.57479,-1.30601,-10.08231,-2.65471,7.66158,-6.16847,,,,,,,,,,,,,,,,,,,,,,,,,,,,,,,,,,,,,,,,,,,,,,,,,,,High,High,High,,,,,,219.275423,7.1658,1987.679332,0.992189,1:15,-0.162692,-0.629284,-0.759956,-41.339296,52.063407,32.694168,161.664611,13.055063,0.306448,0.225887,-0.924697,13.727516,17.845302,0.225887,0.306448,0.924697,-13.727516,-17.845302,-0.225887,-0.306448,0.924697,-161.664611,-13.055063,-0.306448,-0.225887,-0.924697
32,2026-10-06,16:20:34.31,1,2,"Williams, Miles",1000150117,Right,TEX_BOB,"Foor, Daylen",1000165264,Right,TEX_BOB,Undefined,2,Bottom,0,0,1,Cutter,Slider,BallCalled,Undefined,Undefined,Undefined,0,0,,84.02432,-1.668489,-3.962342,2034.260504,252.105181,2:30,5.41768,2.58418,6.45984,-35.75234,2.95319,5.55197,0.90159,-0.59866,77.60877,-8.294825,-2.957113,0.447773,,,,,,,,,,,,-3.98673,2.33063,-2.30626,50,5.28357,8.24808,-121.9404,-4.63192,-6.02335,23.20951,-28.65282,TEX_BOB,TEX_BOB,TexasStateUniversity,TeamExclusive,Team,20261006-TexasStateUniversity-Private-1,caad8f90-c1cb-11f1-804e-4d6eca9479d4,84.17759,,,6.41556,,,,,,,fe881bac-4a30-4fb5-a103-220cd5b27190,2026-10-06,21:20:34.31,2026-10-06T16:20:34.3157248-05:00,2026-10-06T21:20:34.3157248Z,,v3,471452,471452,,"McKnight, Jaxon",10895897,Right,TEX_BOB,c6fdc044-c2ec-4a54-ad44-efb92d9e2ba3,54.04087,-122.70711,11.60476,5.42095,-3.6854,-14.32641,-2.58201,8.44706,-3.01168,,,,,,,,,,,,,,,,,,,,,,,,,,,,,,,,,,,,,,,,,,,,,,,,,,,High,High,High,,,,,,229.366738,72.062819,626.49949,0.307974,1:45,-0.955788,-0.261322,-0.134834,-32.810544,44.466669,15.173143,137.380141,-25.233759,0.612517,-0.426312,-0.665644,32.637589,-37.771687,0.426312,-0.612517,0.665644,-32.637589,37.771687,-0.426312,0.612517,0.665644,-137.380141,25.233759,-0.612517,0.426312,-0.665644
33,2026-10-06,16:20:54.39,1,3,"Williams, Miles",1000150117,Right,TEX_BOB,"Foor, Daylen",1000165264,Right,TEX_BOB,Undefined,2,Bottom,0,1,1,Fastball,Sinker,FoulBallNotFieldable,Undefined,Undefined,Undefined,0,0,,92.38019,-0.891745,-4.116044,1937.177037,224.351747,1:30,5.62932,2.61319,6.16873,-19.80344,12.48772,11.26729,3.15317,-0.25622,84.88117,-4.618694,-2.090581,0.408991,74.87929,44.780807,147.771769,4842.310675,,,,,57.6845,,,-6.91059,6.99248,-2.30671,50,5.55139,9.17803,-134.03835,-2.71571,-12.65817,27.11876,-19.36594,TEX_BOB,TEX_BOB,TexasStateUniversity,TeamExclusive,Team,20261006-TexasStateUniversity-Private-1,d6a31590-c1cb-11f1-804e-4d6eca9479d4,92.15965,47.67381,,7.49901,,,,0.4243,3.08655,0.33299,fe881bac-4a30-4fb5-a103-220cd5b27190,2026-10-06,21:20:54.39,2026-10-06T16:20:54.3940608-05:00,2026-10-06T21:20:54.3940608Z,,v3,471452,471452,,"McKnight, Jaxon",10895897,Right,TEX_BOB,91fbd775-8f5c-4643-9004-09f204076d47,54.33142,-134.91184,13.55938,5.62881,-2.09193,-9.68297,-2.6089,9.58575,-6.32909,323.794629,0.4243,-65.94278,1.50322,-0.36024,0.0544,-0.0079,0.00079,8E-05,-5E-05,3.08655,77.35878,-28.76177,3.87478,-0.82472,0.17277,-0.03892,0.00806,-0.0011,0.33299,41.57178,-10.30726,2.99189,-0.72897,0.18123,-0.04464,0.00981,-0.00135,,,,,,,,,,,,,,,,,,,,,,,High,High,High,High,Undefined,,,,218.174319,13.355632,1884.786169,0.972955,1:15,-0.275936,-0.604863,-0.746994,-28.688292,58.823173,46.249136,161.06651,14.562746,0.314046,0.25144,-0.915507,15.35738,18.303234,0.25144,0.314046,0.915507,-15.35738,-18.303234,-0.25144,-0.314046,0.915507,-161.06651,-14.562746,-0.314046,-0.25144,-0.915507
34,2026-10-06,16:21:19.91,1,4,"Williams, Miles",1000150117,Right,TEX_BOB,"Foor, Daylen",1000165264,Right,TEX_BOB,Undefined,2,Bottom,0,1,2,Curveball,Curveball,FoulBallNotFieldable,Undefined,Undefined,Undefined,0,0,,78.74096,1.012592,-2.002134,2189.689251,26.945991,7:00,5.62765,2.22894,6.27266,-50.79857,-6.6537,-4.02563,2.32855,0.04708,72.91551,-8.344278,-2.730309,0.478202,,,,,,,,,,,,1.58051,-3.43662,-2.07894,50,5.6775,4.1412,-114.54075,0.5049,2.10861,20.31553,-36.75895,TEX_BOB,TEX_BOB,TexasStateUniversity,TeamExclusive,Team,20261006-TexasStateUniversity-Private-1,e5daa730-c1cb-11f1-804e-4d6eca9479d4,78.82113,,,5.82544,,,,,,,fe881bac-4a30-4fb5-a103-220cd5b27190,2026-10-06,21:21:19.91,2026-10-06T16:21:19.9192576-05:00,2026-10-06T21:21:19.9192576Z,,v3,471452,471452,,"McKnight, Jaxon",10895897,Right,TEX_BOB,8e2845e5-f0f6-48af-a249-bdf76067e3ec,54.23035,-115.28863,10.15777,5.63401,1.8581,-18.37948,-2.22996,4.06358,1.0543,,,,,,,,,,,,,,,,,,,,,,,,,,,,,,,,,,,,,,,,,,,,,,,,,,,High,High,High,,,,,,29.562974,64.323889,948.755893,0.433283,7:00,-0.883625,0.229667,0.407996,-63.043953,-10.375279,45.944316,175.710057,21.618653,0.069542,0.368427,-0.927052,21.673768,3.987667,0.368427,0.069542,0.927052,-21.673768,-3.987667,-0.368427,-0.069542,0.927052,-175.710057,-21.618653,-0.069542,-0.368427,-0.927052
35,2026-10-06,16:21:46.58,1,5,"Williams, Miles",1000150117,Right,TEX_BOB,"Foor, Daylen",1000165264,Right,TEX_BOB,Undefined,2,Bottom,0,1,2,Curveball,Curveball,InPlay,Undefined,LineDrive,Single,0,0,,81.39397,1.011918,-1.950019,2091.679146,16.045928,6:30,5.63532,2.33659,5.8887,-47.71471,-5.78658,-2.01268,2.59934,0.3575,75.22355,-7.725208,-2.311378,0.466041,97.16936,8.848028,-11.720804,5225.591813,107.50733,7.84038,-23.28406,162.60721,157.84804,-12.371825,1.359002,0.52413,-2.94063,-2.17816,50,5.68896,4.10383,-118.32444,0.51632,0.74658,21.57547,-36.36279,TEX_BOB,TEX_BOB,TexasStateUniversity,TeamExclusive,Team,20261006-TexasStateUniversity-Private-1,f5c1d9c0-c1cb-11f1-804e-4d6eca9479d4,80.87792,8.94114,,6.17042,,,,1.34472,2.5614,-0.34071,fe881bac-4a30-4fb5-a103-220cd5b27190,2026-10-06,21:21:46.58,2026-10-06T16:21:46.5821184-05:00,2026-10-06T21:21:46.5821184Z,LineDrive,v3,471452,471452,,"McKnight, Jaxon",10895897,Right,TEX_BOB,54b99bd6-7b26-4fa0-b040-f31532fd5b0a,54.61376,-119.16275,10.78773,5.64145,1.92918,-18.18139,-2.33705,4.07482,0.37329,60.905442,1.34472,137.88268,-18.76782,2.45705,-0.51799,0.09816,-0.01779,0.00303,-0.0003,2.5614,21.9208,-20.06754,2.33103,-0.45023,0.10869,-0.02118,0.00339,-0.00033,-0.34071,-28.60635,2.10675,0.24879,-0.06403,0.02334,-0.00552,0.00094,-0.0001,,,,,,,,,,,,,,,,,,,,,,,High,High,High,High,High,,,,31.662197,68.700854,759.775965,0.363237,7:00,-0.917126,0.207091,0.340577,-56.623963,-28.814973,34.440328,172.044384,23.312901,0.127106,0.395752,-0.909519,23.514956,7.302397,0.395752,0.127106,0.909519,-23.514956,-7.302397,-0.395752,-0.127106,0.909519,-172.044384,-23.312901,-0.127106,-0.395752,-0.909519
36,2026-10-06,16:22:29.21,2,1,"Williams, Miles",1000150117,Right,TEX_BOB,"Byrd, Cadyn",1000608881,Left,TEX_BOB,Undefined,2,Bottom,0,0,0,Fastball,Sinker,StrikeCalled,Undefined,Undefined,Undefined,1,0,,94.21827,-2.30922,-3.444587,2046.620143,220.819362,1:15,5.59004,2.65352,5.86857,-16.43395,14.98458,12.11902,2.07049,0.45993,86.56843,-5.40554,-1.275147,0.403426,,,,,,,,,,,,-7.07933,8.55528,-2.38134,50,5.39306,7.68259,-136.63797,-6.04922,-13.47302,28.22464,-15.89206,TEX_BOB,TEX_BOB,TexasStateUniversity,TeamExclusive,Team,20261006-TexasStateUniversity-Private-1,0f2491a0-c1cc-11f1-804e-4d6eca9479d4,93.4308,,,7.64984,,,,,,,fe881bac-4a30-4fb5-a103-220cd5b27190,2026-10-06,21:22:29.21,2026-10-06T16:22:29.2150000-05:00,2026-10-06T21:22:29.2150000Z,,v3,471452,471452,,"McKnight, Jaxon",10895897,Right,TEX_BOB,319fc298-b485-43c8-ba0d-d05ebf601600,54.63076,-137.5912,14.11232,5.5883,-5.5125,-7.94603,-2.64849,8.13762,-6.73651,,,,,,,,,,,,,,,,,,,,,,,,,,,,,74.05702,2.265307,0.872192,1.393115,-0.77658,1.86005,-0.41283,-2.60068,5.85394,0.56089,127.27643,-1.87913,-2.01477,-2.43256,106.13187,-9.48841,5.89539,11.62876,-12.39374,0.54603,-2.76215,0.67535,High,High,High,,,High,Medium,Medium,214.417398,15.988255,1967.453152,0.961318,1:15,-0.300514,-0.554011,-0.776378,-15.997329,51.079508,58.04124,167.614973,13.438862,0.208607,0.232408,-0.949984,13.747043,12.040749,0.232408,0.208607,0.949984,-13.747043,-12.040749,-0.232408,-0.208607,0.949984,-167.614973,-13.438862,-0.208607,-0.232408,-0.949984
37,2026-10-06,16:23:00.17,2,2,"Williams, Miles",1000150117,Right,TEX_BOB,"Byrd, Cadyn",1000608881,Left,TEX_BOB,Undefined,2,Bottom,1,0,1,Cutter,Changeup,InPlay,Undefined,GroundBall,Single,0,0,,83.73318,-0.66365,-2.721523,1897.725417,227.763169,1:30,5.38272,2.90787,5.97864,-33.52218,5.86847,5.22429,1.9733,0.81855,77.4885,-6.8503,-1.782965,0.451719,104.13061,6.353371,-11.591867,1586.545665,,,,123.76941,116.24549,-15.631825,0.915233,-3.38803,3.51709,-2.69558,50,5.3114,5.58485,-121.67344,-2.48774,-5.12528,21.83664,-26.85357,TEX_BOB,TEX_BOB,TexasStateUniversity,TeamExclusive,Team,20261006-TexasStateUniversity-Private-1,219f1940-c1cc-11f1-804e-4d6eca9479d4,83.44228,5.12273,,6.24468,,,,0.41618,1.89025,-0.80028,fe881bac-4a30-4fb5-a103-220cd5b27190,2026-10-06,21:23:00.17,2026-10-06T16:23:00.1726976-05:00,2026-10-06T21:23:00.1726976Z,LineDrive,v3,471452,471452,,"McKnight, Jaxon",10895897,Right,TEX_BOB,7383f292-d387-48ef-84a0-ce693dafd334,54.52207,-122.48232,10.91832,5.38513,-1.49302,-13.42678,-2.90597,5.7747,-2.56264,70.35067,0.51516,147.21585,-19.2807,,,,,,,1.97227,15.67373,-19.56897,,,,,,,-0.73189,-31.53378,-4.55797,,,,,,,,,,,,,,,,,,,,,,,,,,,,,High,High,High,High,High,,,,239.747892,65.914812,774.451224,0.408094,2:00,-0.917533,-0.36307,-0.162217,-32.694244,38.939926,20.717032,133.739235,-22.970274,0.665205,-0.390254,-0.636556,31.51121,-41.698091,0.390254,-0.665205,0.636556,-31.51121,41.698091,-0.390254,0.665205,0.636556,-133.739235,22.970274,-0.665205,0.390254,-0.636556
38,2026-10-06,16:23:48.43,3,1,"Williams, Miles",1000150117,Right,TEX_BOB,"Anctil, Justin",1000608882,Right,TEX_BOB,Undefined,2,Bottom,1,0,0,Fastball,Sinker,BallCalled,Undefined,Undefined,Undefined,0,0,,93.78741,-2.749415,-2.655984,2087.117896,228.349918,1:30,5.5431,2.50727,5.92377,-17.39292,14.47324,15.0978,1.53773,1.29909,85.60314,-6.032693,0.053617,0.40629,,,,,,,,,,,,-8.49343,8.51469,-2.30324,50,5.31293,5.6406,-135.98283,-7.09329,-15.87012,30.40137,-16.26416,TEX_BOB,TEX_BOB,TexasStateUniversity,TeamExclusive,Team,20261006-TexasStateUniversity-Private-1,3e5ce300-c1cc-11f1-804e-4d6eca9479d4,92.77227,,,8.18427,,,,,,,fe881bac-4a30-4fb5-a103-220cd5b27190,2026-10-06,21:23:48.43,2026-10-06T16:23:48.4382720-05:00,2026-10-06T21:23:48.4382720Z,,v3,471452,471452,,"McKnight, Jaxon",10895897,Right,TEX_BOB,8916d943-b2b6-4711-86f7-bd97583182fa,54.57531,-137.0019,15.20069,5.54157,-6.54811,-8.13208,-2.50124,6.17257,-7.93506,,,,,,,,,,,,,,,,,,,,,,,,,,,,,,,,,,,,,,,,,,,,,,,,,,,High,High,High,,,,,,219.782871,7.891853,2067.350794,0.990529,1:15,-0.141901,-0.639676,-0.755433,-38.655001,46.893188,36.665942,167.413828,12.353418,0.212862,0.213941,-0.953372,12.647914,12.290148,0.213941,0.212862,0.953372,-12.647914,-12.290148,-0.213941,-0.212862,0.953372,-167.413828,-12.353418,-0.212862,-0.213941,-0.953372
39,2026-10-06,16:24:06.81,3,2,"Williams, Miles",1000150117,Right,TEX_BOB,"Anctil, Justin",1000608882,Right,TEX_BOB,Undefined,2,Bottom,1,1,0,Fastball,Sinker,BallCalled,Undefined,Undefined,Undefined,0,0,,93.58926,-1.783692,-2.999693,2105.488667,229.74939,1:45,5.52315,2.59304,6.0089,-17.76765,14.18906,15.49761,2.38722,1.10292,85.1115,-5.152542,-0.215462,0.406867,,,,,,,,,,,,-8.80827,8.12599,-2.36558,50,5.37315,6.42528,-135.7177,-4.78891,-16.35158,31.00459,-17.08901,TEX_BOB,TEX_BOB,TexasStateUniversity,TeamExclusive,Team,20261006-TexasStateUniversity-Private-1,4959b120-c1cc-11f1-804e-4d6eca9479d4,92.64069,,,8.47777,,,,,,,fe881bac-4a30-4fb5-a103-220cd5b27190,2026-10-06,21:24:06.81,2026-10-06T16:24:06.8176384-05:00,2026-10-06T21:24:06.8176384Z,,v3,471452,471452,,"McKnight, Jaxon",10895897,Right,TEX_BOB,5bc221d4-0983-4744-915a-c188ac32fc4c,54.48926,-136.73942,15.5023,5.52168,-4.22576,-8.5445,-2.58619,6.96412,-8.17579,,,,,,,,,,,,,,,,,,,,,,,,,,,,,,,,,,,,,,,,,,,,,,,,,,,High,High,High,,,,,,218.779391,11.746811,2061.393009,0.979057,1:15,-0.22409,-0.619246,-0.752541,-29.523493,47.083668,44.898333,171.403858,12.902175,0.145695,0.223287,-0.963803,13.043773,8.377532,0.223287,0.145695,0.963803,-13.043773,-8.377532,-0.223287,-0.145695,0.963803,-171.403858,-12.902175,-0.145695,-0.223287,-0.963803
40,2026-10-06,16:24:43.43,3,3,"Williams, Miles",1000150117,Right,TEX_BOB,"Anctil, Justin",1000608882,Right,TEX_BOB,Undefined,2,Bottom,1,2,0,Cutter,Slider,InPlay,Undefined,Popup,Out,1,0,,86.06257,-0.688748,-2.582213,1950.777415,184.264686,12:15,5.34261,2.55901,6.15111,-27.32116,9.73686,0.64689,2.4288,0.22544,79.49522,-5.776647,-2.465685,0.438139,83.56269,80.221931,-10.597089,,,,,,41.82365,,,-0.99248,5.54063,-2.36291,50,5.27599,5.61629,-125.08207,-2.35392,-1.58562,23.23332,-23.32198,TEX_BOB,TEX_BOB,TexasStateUniversity,TeamExclusive,Team,20261006-TexasStateUniversity-Private-1,5f28e200-c1cc-11f1-804e-4d6eca9479d4,86.0284,69.50652,,6.56735,,,,1.3538,2.42243,-0.22273,fe881bac-4a30-4fb5-a103-220cd5b27190,2026-10-06,21:24:43.43,2026-10-06T16:24:43.4354688-05:00,2026-10-06T21:24:43.4354688Z,,v3,471452,471452,,"McKnight, Jaxon",10895897,Right,TEX_BOB,92fcb364-7fc3-4e16-83de-2436bd46b13e,54.34909,-125.8873,11.61666,5.34356,-1.54562,-11.66099,-2.55851,5.67124,-0.79281,,1.3538,20.45938,-14.3767,5.50022,-1.60601,0.43758,-0.11568,0.02719,-0.00409,2.42243,120.77801,-34.27639,4.67159,-0.68894,0.05091,0.01252,-0.00754,0.00157,-0.22273,-3.8278,11.10562,-4.76505,1.47293,-0.41686,0.11331,-0.02709,0.00409,,,,,,,,,,,,,,,,,,,,,,,High,High,High,Low,Undefined,,,,230.996373,66.397236,781.078098,0.400393,1:45,-0.922964,-0.322141,-0.210627,-36.970737,39.67897,14.563531,137.644469,-24.055342,0.615217,-0.407619,-0.6748,31.13445,-37.967699,0.407619,-0.615217,0.6748,-31.13445,37.967699,-0.407619,0.615217,0.6748,-137.644469,24.055342,-0.615217,0.407619,-0.6748
41,2026-10-06,16:25:23.25,4,1,"Williams, Miles",1000150117,Right,TEX_BOB,"Fryman, Bennett",814538,Left,TEX_BOB,Undefined,2,Bottom,2,0,0,Fastball,Four-Seam,StrikeCalled,Undefined,Undefined,Undefined,0,0,,93.64233,-1.584637,-2.816845,2029.790638,219.896941,1:15,5.62175,2.57826,5.97464,-16.91399,14.61658,11.45036,2.74108,0.91902,86.25741,-4.772401,-0.761217,0.404145,,,,,,,,,,,,-6.56973,8.1893,-2.36147,50,5.48668,6.18851,-135.99371,-4.30349,-12.42002,27.17609,-16.69225,TEX_BOB,TEX_BOB,TexasStateUniversity,TeamExclusive,Team,20261006-TexasStateUniversity-Private-1,76e2f2f0-c1cc-11f1-804e-4d6eca9479d4,93.26463,,,7.38492,,,,,,,fe881bac-4a30-4fb5-a103-220cd5b27190,2026-10-06,21:25:23.25,2026-10-06T16:25:23.2521728-05:00,2026-10-06T21:25:23.2521728Z,,v3,471452,471452,,"McKnight, Jaxon",10895897,Right,TEX_BOB,0be67211-3f75-48f7-9b9f-c1a0a87ed225,54.52472,-136.89491,13.58805,5.62021,-3.74995,-8.34613,-2.57352,6.60037,-6.21001,,,,,,,,,,,,,,,,,,,,,,,,,,,,,,,,,,,,,,,,,,,,,,,,,,,High,High,High,,,,,,215.898103,8.187182,2009.103243,0.989808,1:15,-0.165555,-0.584086,-0.794629,-28.218905,53.412975,47.968746,161.368806,11.189398,0.313402,0.194053,-0.929582,11.791322,18.264394,0.194053,0.313402,0.929582,-11.791322,-18.264394,-0.194053,-0.313402,0.929582,-161.368806,-11.189398,-0.313402,-0.194053,-0.929582
42,2026-10-06,16:25:40.67,4,2,"Williams, Miles",1000150117,Right,TEX_BOB,"Fryman, Bennett",814538,Left,TEX_BOB,Undefined,2,Bottom,2,0,1,Fastball,Sinker,BallCalled,Undefined,Undefined,Undefined,0,0,,92.96198,-2.881121,-3.621148,1994.817874,225.848452,1:30,5.66104,2.59882,5.96567,-18.52379,13.43477,12.91111,1.43842,0.31275,86.12918,-6.339188,-1.305572,0.406879,,,,,,,,,,,,-7.51248,7.87937,-2.31869,50,5.42157,7.98485,-134.86344,-7.40834,-14.03243,25.42827,-17.45628,TEX_BOB,TEX_BOB,TexasStateUniversity,TeamExclusive,Team,20261006-TexasStateUniversity-Private-1,81461920-c1cc-11f1-804e-4d6eca9479d4,92.638,,,6.8328,,,,,,,fe881bac-4a30-4fb5-a103-220cd5b27190,2026-10-06,21:25:40.67,2026-10-06T16:25:40.6752256-05:00,2026-10-06T21:25:40.6752256Z,,v3,471452,471452,,"McKnight, Jaxon",10895897,Right,TEX_BOB,5932370f-75a6-4523-853d-e070a4cdbaaa,54.53531,-135.71587,12.71413,5.66011,-6.82316,-8.72814,-2.59426,8.45526,-7.01622,,,,,,,,,,,,,,,,,,,,,,,,,,,,,,,,,,,,,,,,,,,,,,,,,,,High,High,High,,,,,,216.253618,9.492436,1967.503592,0.986307,1:15,-0.185356,-0.590815,-0.785226,-17.697596,50.19699,65.627433,167.578391,13.026981,0.209568,0.22541,-0.951458,13.328216,12.097023,0.22541,0.209568,0.951458,-13.328216,-12.097023,-0.22541,-0.209568,0.951458,-167.578391,-13.026981,-0.209568,-0.22541,-0.951458
43,2026-10-06,16:26:04.74,4,3,"Williams, Miles",1000150117,Right,TEX_BOB,"Fryman, Bennett",814538,Left,TEX_BOB,Undefined,2,Bottom,2,1,1,Fastball,Sinker,InPlay,Undefined,GroundBall,Out,1,0,,92.22775,-2.119544,-3.334235,2010.255133,224.628676,1:30,5.68254,2.7073,6.07327,-17.9754,14.50375,13.35745,2.21912,0.7317,84.87149,-5.507241,-0.933029,0.410179,108.14843,1.553348,4.639827,,,,,116.53727,116.53727,3.636866,0.818916,-7.77619,8.33414,-2.45617,50,5.50852,7.24084,-133.85772,-5.52201,-14.21176,26.92175,-16.94252,TEX_BOB,TEX_BOB,TexasStateUniversity,TeamExclusive,Team,20261006-TexasStateUniversity-Private-1,8f9cc0a0-c1cc-11f1-804e-4d6eca9479d4,91.89258,2.81556,,7.35626,,,,1.23902,2.25666,-0.71919,fe881bac-4a30-4fb5-a103-220cd5b27190,2026-10-06,21:26:04.74,2026-10-06T16:26:04.7430144-05:00,2026-10-06T21:26:04.7430144Z,GroundBall,v3,471452,471452,,"McKnight, Jaxon",10895897,Right,TEX_BOB,959a63a1-b1a8-4b83-8c85-5adaa61f3d5b,54.4273,-134.7452,13.46087,5.68135,-4.96349,-8.47126,-2.70259,7.70933,-7.10588,165.08798,1.34095,156.34186,-19.62677,,,,,,,2.24358,4.5261,-8.85636,,,,,,,-0.69846,12.47899,-3.20172,,,,,,,,,,,,,,,,,,,,,,,,,,,,,High,High,High,High,High,,,,214.885058,11.780218,1967.915008,0.978938,1:15,-0.229705,-0.567054,-0.791003,-18.718572,56.34182,56.150933,160.618372,10.489456,0.326313,0.182055,-0.927565,11.10438,19.045128,0.182055,0.326313,0.927565,-11.10438,-19.045128,-0.182055,-0.326313,0.927565,-160.618372,-10.489456,-0.326313,-0.182055,-0.927565
44,2026-10-06,16:29:09.32,1,1,"Janak, James",1000397344,Right,TEX_BOB,"McKnight, Jaxon",10895897,Right,TEX_BOB,Undefined,3,Top,0,0,0,Fastball,Four-Seam,StrikeCalled,Undefined,Undefined,Undefined,0,0,,93.15186,-1.397163,-3.259319,2065.067007,217.101951,1:15,5.54405,1.62248,6.22044,-16.00729,15.74828,11.16871,2.91853,-0.45758,85.3127,-4.449085,-1.246608,0.405584,,,,,,,,,,,,-6.6302,8.82493,-1.38358,50,5.43111,7.22224,-135.20631,-3.76466,-12.31743,28.48498,-15.77926,TEX_BOB,TEX_BOB,TexasStateUniversity,TeamExclusive,Team,20261006-TexasStateUniversity-Private-1,fd9fe640-c1cc-11f1-804e-4d6eca9479d4,92.93364,,,7.83916,,,,,,,fe881bac-4a30-4fb5-a103-220cd5b27190,2026-10-06,21:29:09.32,2026-10-06T16:29:09.3248512-05:00,2026-10-06T21:29:09.3248512Z,,v3,471452,471452,,"Namken, Clayton",834577,Right,TEX_BOB,db5a2ff6-f780-499c-a936-9a0dae91c808,54.278,-136.1046,14.24249,5.54199,-3.26704,-7.88963,-1.61746,7.61068,-6.15872,,,,,,,,,,,,,,,,,,,,,,,,,,,,,,,,,,,,,,,,,,,,,,,,,,,High,High,High,,,,,,228.300751,17.760413,1966.646688,0.95234,1:30,-0.323163,-0.718288,-0.61614,-57.611506,-11.903454,-29.639413,176.893332,-5.870955,0.053911,-0.102288,-0.993293,5.879536,-3.090357,0.102288,-0.053911,0.993293,-5.879536,3.090357,-0.102288,0.053911,0.993293,-176.893332,5.870955,-0.053911,0.102288,-0.993293
45,2026-10-06,16:29:27.97,1,2,"Janak, James",1000397344,Right,TEX_BOB,"McKnight, Jaxon",10895897,Right,TEX_BOB,Undefined,3,Top,0,0,1,Fastball,Sinker,FoulBallNotFieldable,Undefined,Undefined,Undefined,0,0,,93.54814,-1.593283,-2.049595,2167.428725,234.43345,1:45,5.46693,1.62477,5.96994,-19.70312,11.898,15.34127,2.34651,1.00217,86.16708,-5.280462,0.707789,0.404597,,,,,,,,,,,,-8.45626,6.81504,-1.47114,50,5.32961,4.20975,-135.95383,-4.44311,-15.94411,27.74199,-19.32442,TEX_BOB,TEX_BOB,TexasStateUniversity,TeamExclusive,Team,20261006-TexasStateUniversity-Private-1,08bd82d0-c1cd-11f1-804e-4d6eca9479d4,93.16049,,,7.38105,,,,,,,fe881bac-4a30-4fb5-a103-220cd5b27190,2026-10-06,21:29:27.97,2026-10-06T16:29:27.9760384-05:00,2026-10-06T21:29:27.9760384Z,,v3,471452,471452,,"Namken, Clayton",834577,Right,TEX_BOB,e08d1883-9240-4b22-8443-ac045e7cd1fd,54.53116,-136.87531,13.87099,5.46653,-3.80123,-9.66221,-1.61977,4.73935,-7.97206,,,,,,,,,,,,,,,,,,,,,,,,,,,,,,,,,,,,,,,,,,,,,,,,,,,High,High,High,,,,,,228.5482,14.911345,2094.440877,0.966325,1:30,-0.259813,-0.731148,-0.630809,-57.548254,-4.328322,-21.908256,179.066352,-6.716945,0.016183,-0.116964,-0.993004,6.717828,-0.927239,0.116964,-0.016183,0.993004,-6.717828,0.927239,-0.116964,0.016183,0.993004,-179.066352,6.716945,-0.016183,0.116964,-0.993004
46,2026-10-06,16:29:52.74,1,3,"Janak, James",1000397344,Right,TEX_BOB,"McKnight, Jaxon",10895897,Right,TEX_BOB,Undefined,3,Top,0,0,2,Fastball,Four-Seam,BallCalled,Undefined,Undefined,Undefined,0,0,,94.17692,-2.56461,-3.473999,2380.976356,196.310856,12:30,5.45915,1.62853,6.04148,-12.84713,18.59729,5.14611,2.00809,-1.16306,86.0302,-5.036355,-2.550612,0.403593,,,,,,,,,,,,-3.59603,10.56942,-1.36011,50,5.25165,8.05665,-136.47318,-6.4694,-6.78508,29.90588,-12.23142,TEX_BOB,TEX_BOB,TexasStateUniversity,TeamExclusive,Team,20261006-TexasStateUniversity-Private-1,17853ba0-c1cd-11f1-804e-4d6eca9479d4,93.39229,,,8.14672,,,,,,,fe881bac-4a30-4fb5-a103-220cd5b27190,2026-10-06,21:29:52.74,2026-10-06T16:29:52.7498240-05:00,2026-10-06T21:29:52.7498240Z,,v3,471452,471452,,"Namken, Clayton",834577,Right,TEX_BOB,7871c6df-6539-458b-93d1-9ad9e86be7de,54.45601,-137.44618,14.95294,5.45566,-6.07145,-6.11571,-1.62582,8.2774,-3.39254,,,,,,,,,,,,,,,,,,,,,,,,,,,,,,,,,,,,,,,,,,,,,,,,,,,High,High,High,,,,,,223.211852,28.526933,2091.908482,0.878593,1:30,-0.48815,-0.622337,-0.611887,-54.092307,-3.332378,-26.259749,168.582979,-1.894398,0.19784,-0.033057,-0.979677,1.932612,-11.410697,0.033057,-0.19784,0.979677,-1.932612,11.410697,-0.033057,0.19784,0.979677,-168.582979,1.894398,-0.19784,0.033057,-0.979677
47,2026-10-06,16:30:12.96,1,4,"Janak, James",1000397344,Right,TEX_BOB,"McKnight, Jaxon",10895897,Right,TEX_BOB,Undefined,3,Top,0,1,2,Fastball,Sinker,StrikeCalled,Strikeout,Undefined,Undefined,0,0,,94.09681,-2.795847,-3.004445,2387.52128,231.06576,1:45,5.65013,1.60891,5.89712,-17.85623,13.88599,15.88379,1.56083,0.14069,85.78793,-6.161554,-0.156182,0.405499,,,,,,,,,,,,-9.01792,8.23394,-1.37622,50,5.41452,6.45482,-136.37476,-7.25094,-16.92634,30.92591,-16.71922,TEX_BOB,TEX_BOB,TexasStateUniversity,TeamExclusive,Team,20261006-TexasStateUniversity-Private-1,238bffb0-c1cd-11f1-804e-4d6eca9479d4,92.95316,,,8.30888,,,,,,,fe881bac-4a30-4fb5-a103-220cd5b27190,2026-10-06,21:30:12.96,2026-10-06T16:30:12.9670000-05:00,2026-10-06T21:30:12.9670000Z,,v3,471452,471452,,"Namken, Clayton",834577,Right,TEX_BOB,551c0e3a-2cd4-4de6-9b53-3b71469769d4,54.60232,-137.41447,15.46296,5.64885,-6.68885,-8.35961,-1.60279,7.02387,-8.46317,,,,,,,,,,,,,,,,,,,,,,,,,,,,,66.57075,,,1.039795,,,,1.41854,4.92382,3.14787,71.02882,8.48248,-53.75528,1.43815,70.80276,-3.72214,5.0013,19.64627,-15.65293,3.04302,-62.60891,7.65211,High,High,High,,,High,Medium,High,224.23384,16.368803,2290.74923,0.959468,1:30,-0.284526,-0.682263,-0.67347,-52.080434,6.098906,-24.96664,174.186892,4.103203,0.101024,0.071553,-0.992308,4.124339,5.798157,0.071553,0.101024,0.992308,-4.124339,-5.798157,-0.071553,-0.101024,0.992308,-174.186892,-4.103203,-0.101024,-0.071553,-0.992308
48,2026-10-06,16:30:40.84,2,1,"Janak, James",1000397344,Right,TEX_BOB,"Alaniz, Rylan",10304817,Right,TEX_BOB,Undefined,3,Top,1,0,0,Fastball,Sinker,StrikeCalled,Undefined,Undefined,Undefined,0,0,,93.62867,-0.557579,-2.723357,2417.371568,232.252261,1:45,5.58103,1.50295,5.81695,-20.71237,11.45473,13.40367,3.33597,0.08586,84.99503,-4.449487,-0.323621,0.408204,,,,,,,,,,,,-7.61083,6.3274,-1.28774,50,5.52315,5.84869,-135.79705,-2.03125,-14.12907,31.3565,-20.42763,TEX_BOB,TEX_BOB,TexasStateUniversity,TeamExclusive,Team,20261006-TexasStateUniversity-Private-1,3429d810-c1cd-11f1-804e-4d6eca9479d4,92.33726,,,8.63364,,,,,,,fe881bac-4a30-4fb5-a103-220cd5b27190,2026-10-06,21:30:40.84,2026-10-06T16:30:40.8475136-05:00,2026-10-06T21:30:40.8475136Z,,v3,471452,471452,,"Namken, Clayton",834577,Right,TEX_BOB,715e71b3-3f6a-479a-80e0-b97dbf934a17,54.68064,-136.87357,15.67825,5.58085,-1.32994,-10.21382,-1.49687,6.33377,-7.06453,,,,,,,,,,,,,,,,,,,,,,,,,,,,,,,,,,,,,,,,,,,,,,,,,,,High,High,High,,,,,,223.869571,24.700276,2196.196971,0.908506,1:30,-0.442379,-0.633649,-0.634657,-54.700582,10.860202,-22.888209,177.756355,-5.557364,0.038965,-0.096842,-0.994537,5.561601,-2.233094,0.096842,-0.038965,0.994537,-5.561601,2.233094,-0.096842,0.038965,0.994537,-177.756355,5.557364,-0.038965,0.096842,-0.994537
49,2026-10-06,16:30:59.47,2,2,"Janak, James",1000397344,Right,TEX_BOB,"Alaniz, Rylan",10304817,Right,TEX_BOB,Undefined,3,Top,1,0,1,Slider,Slider,BallCalled,Undefined,Undefined,Undefined,0,0,,84.74847,0.216311,-0.593706,2574.044135,182.034571,12:00,5.04516,2.07283,6.17022,-33.01112,5.08705,0.1424,2.49404,1.53631,78.32187,-5.910099,-0.567997,0.444246,,,,,,,,,,,,-0.22709,2.84225,-2.02797,50,5.04428,1.27299,-123.34362,-0.56425,-0.35252,22.7627,-27.76172,TEX_BOB,TEX_BOB,TexasStateUniversity,TeamExclusive,Team,20261006-TexasStateUniversity-Private-1,3f48fb40-c1cd-11f1-804e-4d6eca9479d4,84.84585,,,6.4266,,,,,,,fe881bac-4a30-4fb5-a103-220cd5b27190,2026-10-06,21:30:59.47,2026-10-06T16:30:59.4738688-05:00,2026-10-06T21:30:59.4738688Z,,v3,471452,471452,,"Namken, Clayton",834577,Right,TEX_BOB,597ec0ec-fe8c-492f-a26e-629c92beea74,54.33209,-124.14052,11.38135,5.04701,0.40766,-13.88086,-2.07275,1.28533,-0.17626,,,,,,,,,,,,,,,,,,,,,,,,,,,,,,,,,,,,,,,,,,,,,,,,,,,High,High,High,,,,,,233.181846,83.09208,309.590748,0.120274,1:45,-0.993791,-0.092536,-0.061783,6.686979,48.655752,-23.60975,140.127691,34.080861,0.530972,0.560362,-0.635659,41.397629,32.071148,0.560362,0.530972,0.635659,-41.397629,-32.071148,-0.560362,-0.530972,0.635659,-140.127691,-34.080861,-0.530972,-0.560362,-0.635659
50,2026-10-06,16:31:19.87,2,3,"Janak, James",1000397344,Right,TEX_BOB,"Alaniz, Rylan",10304817,Right,TEX_BOB,Undefined,3,Top,1,1,1,Fastball,Sinker,StrikeCalled,Undefined,Undefined,Undefined,0,0,,93.07159,-1.502559,-4.212131,2438.621937,235.905077,1:45,5.54423,1.6934,6.1506,-19.49155,12.48257,16.95922,2.52754,-0.79224,85.18749,-5.177962,-1.163171,0.406978,,,,,,,,,,,,-9.88914,7.16197,-1.38103,50,5.41953,9.21553,-134.95182,-4.16623,-18.28906,28.58471,-18.92861,TEX_BOB,TEX_BOB,TexasStateUniversity,TeamExclusive,Team,20261006-TexasStateUniversity-Private-1,4b719f30-c1cd-11f1-804e-4d6eca9479d4,92.61548,,,7.8841,,,,,,,fe881bac-4a30-4fb5-a103-220cd5b27190,2026-10-06,21:31:19.87,2026-10-06T16:31:19.8748160-05:00,2026-10-06T21:31:19.8748160Z,,v3,471452,471452,,"Namken, Clayton",834577,Right,TEX_BOB,eeecae62-2381-4853-9986-7e252f62e609,54.34922,-135.86992,14.29236,5.54358,-3.55826,-9.4643,-1.68645,9.80295,-9.14453,,,,,,,,,,,,,,,,,,,,,,,,,,,,,,,,,,,,,,,,,,,,,,,,,,,High,High,High,,,,,,225.799169,20.753655,2280.386118,0.935113,1:30,-0.383625,-0.679444,-0.62545,-57.422899,0.107409,-32.224859,177.736632,6.151568,0.039266,0.107159,-0.993466,6.156334,2.250328,0.107159,0.039266,0.993466,-6.156334,-2.250328,-0.107159,-0.039266,0.993466,-177.736632,-6.151568,-0.039266,-0.107159,-0.993466
51,2026-10-06,16:31:41.13,2,4,"Janak, James",1000397344,Right,TEX_BOB,"Alaniz, Rylan",10304817,Right,TEX_BOB,Undefined,3,Top,1,1,2,Fastball,Sinker,BallCalled,Undefined,Undefined,Undefined,0,0,,93.21046,-3.340561,-1.89342,2375.078421,234.793297,1:45,5.46916,1.74469,5.64753,-20.33292,12.25721,15.86918,0.65361,1.30039,85.28882,-7.119912,0.943495,0.41088,,,,,,,,,,,,-8.66225,7.49264,-1.59466,50,5.17256,3.76258,-135.11632,-8.60379,-15.98253,29.97141,-18.34958,TEX_BOB,TEX_BOB,TexasStateUniversity,TeamExclusive,Team,20261006-TexasStateUniversity-Private-1,581a6fa0-c1cd-11f1-804e-4d6eca9479d4,91.73597,,,7.92164,,,,,,,fe881bac-4a30-4fb5-a103-220cd5b27190,2026-10-06,21:31:41.13,2026-10-06T16:31:41.1365376-05:00,2026-10-06T21:31:41.1365376Z,,v3,471452,471452,,"Namken, Clayton",834577,Right,TEX_BOB,46e9d945-d21d-412d-ad98-b883a59eb209,54.8529,-136.18853,14.98571,5.46862,-7.94734,-9.17479,-1.73949,4.33434,-7.99126,,,,,,,,,,,,,,,,,,,,,,,,,,,,,,,,,,,,,,,,,,,,,,,,,,,High,High,High,,,,,,227.258528,13.20717,2312.258351,0.97355,1:30,-0.20815,-0.727097,-0.65422,-51.354448,11.324504,-8.055349,178.489355,2.818362,0.026331,0.04917,-0.998443,2.81934,1.508817,0.04917,0.026331,0.998443,-2.81934,-1.508817,-0.04917,-0.026331,0.998443,-178.489355,-2.818362,-0.026331,-0.04917,-0.998443
52,2026-10-06,16:32:02.78,2,5,"Janak, James",1000397344,Right,TEX_BOB,"Alaniz, Rylan",10304817,Right,TEX_BOB,Undefined,3,Top,1,2,2,Fastball,Four-Seam,StrikeSwinging,Strikeout,Undefined,Undefined,0,0,,93.36049,-3.065119,-2.845166,2420.280408,224.658389,1:30,5.51824,1.59433,6.00425,-19.20021,12.88111,11.69233,1.07209,-0.06959,85.31937,-6.671212,-0.743835,0.40766,,,,,,,,,,,,-6.83713,7.81433,-1.37701,50,5.26631,6.22097,-135.32241,-7.87823,-12.65252,30.08581,-17.71311,TEX_BOB,TEX_BOB,TexasStateUniversity,TeamExclusive,Team,20261006-TexasStateUniversity-Private-1,6507ea30-c1cd-11f1-804e-4d6eca9479d4,92.46058,,,8.04113,,,,,,,fe881bac-4a30-4fb5-a103-220cd5b27190,2026-10-06,21:32:02.78,2026-10-06T16:32:02.7830000-05:00,2026-10-06T21:32:02.7830000Z,,v3,471452,471452,,"Namken, Clayton",834577,Right,TEX_BOB,4f3ada33-1bfa-48ce-a222-b402ae0e1881,54.49497,-136.3181,15.04291,5.51734,-7.29201,-8.85655,-1.58982,6.6397,-6.32626,,,,,,,,,,,,,,,,,,,,,,,,,,,,,61.09778,2.576241,1.372774,1.203467,2.4555,1.19286,0.05573,-2.45684,2.80009,3.18179,69.71658,10.99137,-55.07169,-2.45495,63.32035,-2.78442,2.94389,26.79,-16.66403,3.05083,-55.57018,6.01118,High,High,High,,,High,Medium,High,223.464534,24.515202,2202.09505,0.909851,1:30,-0.413183,-0.647183,-0.640651,-52.056144,-2.524754,-21.549796,169.901991,-2.066201,0.175219,-0.036054,-0.983869,2.098683,-10.091375,0.036054,-0.175219,0.983869,-2.098683,10.091375,-0.036054,0.175219,0.983869,-169.901991,2.066201,-0.175219,0.036054,-0.983869
53,2026-10-06,16:32:42.57,3,1,"Janak, James",1000397344,Right,TEX_BOB,"Cotton, Jackson",828562,Left,TEX_BOB,Undefined,3,Top,2,0,0,Fastball,Four-Seam,BallCalled,Undefined,Undefined,Undefined,0,0,,93.65119,-2.708961,-3.982838,2431.128045,207.709953,1:00,5.53798,1.50208,6.00776,-14.84678,17.11194,8.43197,1.78304,-1.49116,85.35156,-5.543661,-2.471677,0.40688,,,,,,,,,,,,-5.45079,9.8741,-1.19331,50,5.31638,9.06788,-135.58668,-6.86104,-10.12449,30.2554,-13.83349,TEX_BOB,TEX_BOB,TexasStateUniversity,TeamExclusive,Team,20261006-TexasStateUniversity-Private-1,7cbc2ec0-c1cd-11f1-804e-4d6eca9479d4,92.63777,,,8.29963,,,,,,,fe881bac-4a30-4fb5-a103-220cd5b27190,2026-10-06,21:32:42.57,2026-10-06T16:32:42.5788416-05:00,2026-10-06T21:32:42.5788416Z,,v3,471452,471452,,"Namken, Clayton",834577,Right,TEX_BOB,635fc165-b38e-4220-932f-a143f737fa5e,54.48989,-136.5849,15.1277,5.53522,-6.40463,-6.91675,-1.498,9.40192,-5.06225,,,,,,,,,,,,,,,,,,,,,,,,,,,,,,,,,,,,,,,,,,,,,,,,,,,High,High,High,,,,,,225.143538,19.773028,2287.789047,0.94104,1:30,-0.351751,-0.682324,-0.640863,-58.232368,-2.399351,-27.508816,178.592619,-8.068042,0.024318,-0.140349,-0.989803,8.070444,-1.393448,0.140349,-0.024318,0.989803,-8.070444,1.393448,-0.140349,0.024318,0.989803,-178.592619,8.068042,-0.024318,0.140349,-0.989803
54,2026-10-06,16:33:04.61,3,2,"Janak, James",1000397344,Right,TEX_BOB,"Cotton, Jackson",828562,Left,TEX_BOB,Undefined,3,Top,2,1,0,Fastball,Four-Seam,StrikeCalled,Undefined,Undefined,Undefined,0,0,,93.34868,-2.573562,-3.102208,2422.586871,207.658738,1:00,5.52195,1.67701,6.12483,-15.7591,16.17391,7.92977,1.82454,-0.53272,85.19037,-5.576637,-1.675462,0.406716,,,,,,,,,,,,-4.9802,9.40213,-1.44358,50,5.31644,6.99639,-135.33988,-6.55378,-9.21885,30.08315,-14.76972,TEX_BOB,TEX_BOB,TexasStateUniversity,TeamExclusive,Team,20261006-TexasStateUniversity-Private-1,89dfad70-c1cd-11f1-804e-4d6eca9479d4,92.67505,,,8.1583,,,,,,,fe881bac-4a30-4fb5-a103-220cd5b27190,2026-10-06,21:33:04.61,2026-10-06T16:33:04.6134784-05:00,2026-10-06T21:33:04.6134784Z,,v3,471452,471452,,"Namken, Clayton",834577,Right,TEX_BOB,f6fd3d6d-8be7-4039-816f-02acd7ae3fc5,54.37377,-136.30861,15.04158,5.51982,-6.07817,-7.38486,-1.67366,7.29325,-4.60942,,,,,,,,,,,,,,,,,,,,,,,,,,,,,,,,,,,,,,,,,,,,,,,,,,,High,High,High,,,,,,223.739702,26.190435,2173.864871,0.897332,1:30,-0.447533,-0.639592,-0.625008,-60.367721,-4.972782,-28.611494,171.864058,-8.697735,0.139895,-0.151222,-0.978551,8.784795,-8.041755,0.151222,-0.139895,0.978551,-8.784795,8.041755,-0.151222,0.139895,0.978551,-171.864058,8.697735,-0.139895,0.151222,-0.978551
55,2026-10-06,16:33:27.46,3,3,"Janak, James",1000397344,Right,TEX_BOB,"Cotton, Jackson",828562,Left,TEX_BOB,Undefined,3,Top,2,1,1,Slider,Slider,BallCalled,Undefined,Undefined,Undefined,0,0,,86.4723,-2.258698,-1.968672,2638.7932,196.013295,12:30,5.10385,2.04768,5.98379,-32.33588,4.25059,0.9535,0.31333,0.3017,81.01488,-8.176176,-1.797063,0.435343,,,,,,,,,,,,-0.93583,2.96103,-1.89276,50,4.90704,4.28647,-125.76493,-6.04267,-1.52773,20.89442,-27.34015,TEX_BOB,TEX_BOB,TexasStateUniversity,TeamExclusive,Team,20261006-TexasStateUniversity-Private-1,977f12e0-c1cd-11f1-804e-4d6eca9479d4,86.58098,,,5.45742,,,,,,,fe881bac-4a30-4fb5-a103-220cd5b27190,2026-10-06,21:33:27.46,2026-10-06T16:33:27.4629632-05:00,2026-10-06T21:33:27.4629632Z,,v3,471452,471452,,"Namken, Clayton",834577,Right,TEX_BOB,b77e10b9-8fc7-40f9-9a0b-ed65f55a89a7,54.51852,-126.5134,10.44721,5.10596,-5.0633,-13.67007,-2.04728,4.3412,-0.76386,,,,,,,,,,,,,,,,,,,,,,,,,,,,,,,,,,,,,,,,,,,,,,,,,,,High,High,High,,,,,,245.973672,76.509907,615.570382,0.233277,2:15,-0.965952,-0.251224,-0.061833,24.750505,52.261077,-3.97601,137.599824,38.121556,0.530477,0.617332,-0.580943,46.739394,32.037715,0.617332,0.530477,0.580943,-46.739394,-32.037715,-0.617332,-0.530477,0.580943,-137.599824,-38.121556,-0.530477,-0.617332,-0.580943
56,2026-10-06,16:33:54.03,3,4,"Janak, James",1000397344,Right,TEX_BOB,"Cotton, Jackson",828562,Left,TEX_BOB,Undefined,3,Top,2,2,1,Fastball,Sinker,InPlay,Undefined,FlyBall,Out,1,0,,91.99496,-2.128572,-2.382881,2180.42765,229.887313,1:45,5.44829,1.81347,6.083,-20.76678,11.93886,12.97493,1.74587,0.68892,84.46354,-6.021895,-0.046309,0.411607,90.17306,21.941686,15.106188,2113.003428,105.76648,37.44436,30.22332,311.23219,299.25685,17.880936,3.864642,-7.38398,7.04634,-1.63639,50,5.27265,5.02196,-133.58742,-5.63937,-13.38159,28.00234,-19.40433,TEX_BOB,TEX_BOB,TexasStateUniversity,TeamExclusive,Team,20261006-TexasStateUniversity-Private-1,a752e480-c1cd-11f1-804e-4d6eca9479d4,91.57382,45.38469,,7.53141,,,,2.26079,1.89564,-0.69389,fe881bac-4a30-4fb5-a103-220cd5b27190,2026-10-06,21:33:54.03,2026-10-06T16:33:54.0379136-05:00,2026-10-06T21:33:54.0379136Z,LineDrive,v3,471452,471452,,"Namken, Clayton",834577,Right,TEX_BOB,6130750c-20bb-4cea-b7f1-9e84200b48f2,54.41754,-134.51023,14.00117,5.44796,-4.99991,-9.70217,-1.80915,5.46295,-6.69079,202.939028,2.26046,118.44531,-21.064,4.96467,-1.20151,0.30913,-0.07428,0.01198,-0.00082,1.89636,49.3967,-14.53136,-0.12985,0.49586,-0.25167,0.0769,-0.01196,0.00072,-0.69395,31.97208,-1.30575,-0.65805,0.28107,-0.06337,0.00874,-0.00052,-1E-05,,,,,,,,,,,,,,,,,,,,,,,High,High,High,High,High,,,,227.676341,22.614228,2012.784948,0.923115,1:30,-0.384441,-0.696319,-0.60609,-62.960465,-6.33283,-16.430437,166.071352,-9.579002,0.237357,-0.166407,-0.957063,9.863575,-13.730608,0.166407,-0.237357,0.957063,-9.863575,13.730608,-0.166407,0.237357,0.957063,-166.071352,9.579002,-0.237357,0.166407,-0.957063
57,2026-10-06,16:37:02.74,1,1,"Turner, Trevyn",1000384531,Right,TEX_BOB,"Gillis, Jacob",10036249,Right,TEX_BOB,Undefined,3,Bottom,0,0,0,Fastball,Four-Seam,FoulBallNotFieldable,Undefined,Undefined,Undefined,0,0,,89.32824,-1.505438,0.127973,2202.79529,205.381102,12:45,6.05741,0.30721,6.64541,-16.18607,17.48174,7.83811,3.33027,1.07753,82.47163,-4.607028,1.55509,0.417618,32.88841,33.336053,41.797779,3809.312768,,,,64.83139,50.86191,41.326458,1.74444,-4.12862,9.92548,-0.31888,50,5.94902,-0.57797,-130.03338,-3.82711,-7.13132,25.01429,-15.02992,TEX_BOB,TEX_BOB,TexasStateUniversity,TeamExclusive,Team,20261006-TexasStateUniversity-Private-1,17d1df90-c1ce-11f1-804e-4d6eca9479d4,90.25588,13.76624,,6.8566,,,,1.42649,3.1671,-1.12552,fe881bac-4a30-4fb5-a103-220cd5b27190,2026-10-06,21:37:02.74,2026-10-06T16:37:02.7473920-05:00,2026-10-06T21:37:02.7473920Z,GroundBall,v3,471452,471452,,"Anctil, Justin",1000608882,Right,TEX_BOB,f2c0ca6c-0dfd-44ee-815a-0a2050075ec1,53.85529,-130.77291,12.50714,6.05559,-3.38276,-7.51496,-0.30491,-0.36714,-3.56566,225.924859,1.42649,30.04314,-1.78392,0.15637,-0.25792,0.2645,-0.1503,0.04819,-0.00652,3.1671,26.50783,-16.9124,0.47294,-0.08449,0.05988,-0.04404,0.01655,-0.00248,-1.12551,26.85976,-0.7738,-0.03569,-0.16713,0.19932,-0.13249,0.04488,-0.00597,,,,,,,,,,,,,,,,,,,,,,,High,High,High,High,Medium,,,,198.057303,7.821198,2182.303922,0.990698,12:30,-0.125863,-0.310554,-0.942186,-12.687572,-18.592976,-62.936497,174.703805,2.011153,0.092248,0.035094,-0.995117,2.019769,5.292923,0.035094,0.092248,0.995117,-2.019769,-5.292923,-0.035094,-0.092248,0.995117,-174.703805,-2.011153,-0.092248,-0.035094,-0.995117
58,2026-10-06,16:37:31.28,1,2,"Turner, Trevyn",1000384531,Right,TEX_BOB,"Gillis, Jacob",10036249,Right,TEX_BOB,Undefined,3,Bottom,0,0,1,Fastball,Four-Seam,HitByPitch,Undefined,Undefined,Undefined,0,0,,90.29843,-1.642043,1.825748,2192.018238,204.464379,12:45,6.1109,0.23698,6.20314,-14.37564,19.50958,8.39032,3.39606,2.622,82.57878,-4.408066,3.338328,0.418964,,,,,,,,,,,,-3.89103,10.95949,-0.37853,50,5.98032,-4.51152,-131.18083,-4.14453,-6.76736,28.24196,-13.11305,TEX_BOB,TEX_BOB,TexasStateUniversity,TeamExclusive,Team,20261006-TexasStateUniversity-Private-1,28d00060-c1ce-11f1-804e-4d6eca9479d4,89.96587,,,7.71965,,,,,,,fe881bac-4a30-4fb5-a103-220cd5b27190,2026-10-06,21:37:31.28,2026-10-06T16:37:31.2880640-05:00,2026-10-06T21:37:31.2880640Z,,v3,471452,471452,,"Anctil, Justin",1000608882,Right,TEX_BOB,992c7461-909c-4855-a74d-b8e588df9464,54.29741,-132.10278,14.12098,6.10863,-3.71646,-6.55653,-0.23486,-4.2906,-3.38368,,,,,,,,,,,,,,,,,,,,,,,,,,,,,,,,,,,,,,,,,,,,,,,,,,,High,High,High,,,,,,192.823749,6.540568,2177.751386,0.993491,12:30,-0.076624,-0.223682,-0.971646,-6.51492,-5.926798,-55.382554,177.716457,-4.455749,0.039724,-0.077689,-0.996186,4.459276,-2.276638,0.077689,-0.039724,0.996186,-4.459276,2.276638,-0.077689,0.039724,0.996186,-177.716457,4.455749,-0.039724,0.077689,-0.996186
59,2026-10-06,16:38:16.24,2,1,"Turner, Trevyn",1000384531,Right,TEX_BOB,"Boles, Brady",841175,Right,TEX_BOB,Undefined,3,Bottom,0,0,0,Cutter,Slider,BallCalled,Undefined,Undefined,Undefined,0,0,,81.98535,1.829182,-1.061737,2119.590768,71.573771,8:30,6.0856,1.0229,6.0299,-40.24904,0.36697,-1.99004,4.42634,-0.1263,76.3404,-5.578993,-1.41978,0.458691,,,,,,,,,,,,0.78476,0.11713,-0.93887,50,6.20662,2.28584,-119.30815,2.51303,1.15201,18.98867,-32.00211,TEX_BOB,TEX_BOB,TexasStateUniversity,TeamExclusive,Team,20261006-TexasStateUniversity-Private-1,43a81a30-c1ce-11f1-804e-4d6eca9479d4,82.17399,,,5.64495,,,,,,,fe881bac-4a30-4fb5-a103-220cd5b27190,2026-10-06,21:38:16.24,2026-10-06T16:38:16.2460672-05:00,2026-10-06T21:38:16.2460672Z,,v3,471452,471452,,"Anctil, Justin",1000608882,Right,TEX_BOB,5aaaf867-9e3f-466b-b004-c0e262f295ce,54.47155,-120.01771,9.49433,6.09037,3.70888,-16.00105,-1.02348,2.24279,0.57601,,,,,,,,,,,,,,,,,,,,,,,,,,,,,,,,,,,,,,,,,,,,,,,,,,,High,High,High,,,,,,116.220226,84.831336,190.949486,0.090088,9:45,-0.993414,0.112567,-0.021399,18.511899,-52.236646,-33.573556,165.115861,34.178825,0.212502,0.561778,-0.79953,35.093201,12.268994,0.561778,0.212502,0.79953,-35.093201,-12.268994,-0.561778,-0.212502,0.79953,-165.115861,-34.178825,-0.212502,-0.561778,-0.79953
60,2026-10-06,16:38:35.79,2,2,"Turner, Trevyn",1000384531,Right,TEX_BOB,"Boles, Brady",841175,Right,TEX_BOB,Undefined,3,Bottom,0,1,0,Cutter,Slider,BallCalled,Undefined,Undefined,Undefined,0,0,,82.13369,0.245952,0.352441,1901.462495,127.962791,10:15,6.01664,0.86495,5.87015,-38.28616,2.78315,-2.0598,3.05459,1.02068,75.93625,-6.800574,-0.01752,0.461243,,,,,,,,,,,,1.14165,1.74815,-0.89229,50,6.01433,-0.65458,-119.44348,-0.74573,1.66276,21.24969,-29.628,TEX_BOB,TEX_BOB,TexasStateUniversity,TeamExclusive,Team,20261006-TexasStateUniversity-Private-1,4f493ea0-c1ce-11f1-804e-4d6eca9479d4,81.7192,,,6.19744,,,,,,,fe881bac-4a30-4fb5-a103-220cd5b27190,2026-10-06,21:38:35.79,2026-10-06T16:38:35.7933568-05:00,2026-10-06T21:38:35.7933568Z,,v3,471452,471452,,"Anctil, Justin",1000608882,Right,TEX_BOB,b58a5887-bc89-41b3-a521-30e550f699ab,54.62946,-120.26427,10.62485,6.02103,0.39868,-14.814,-0.86577,-0.71881,0.83138,,,,,,,,,,,,,,,,,,,,,,,,,,,,,,,,,,,,,,,,,,,,,,,,,,,High,High,High,,,,,,32.070663,86.927339,101.922861,0.053602,7:00,-0.998692,0.032747,0.03928,-0.317824,-47.514753,-9.240525,170.085179,39.816332,0.132255,0.640329,-0.756629,40.240942,7.599899,0.640329,0.132255,0.756629,-40.240942,-7.599899,-0.640329,-0.132255,0.756629,-170.085179,-39.816332,-0.132255,-0.640329,-0.756629
61,2026-10-06,16:38:57.03,2,3,"Turner, Trevyn",1000384531,Right,TEX_BOB,"Boles, Brady",841175,Right,TEX_BOB,Undefined,3,Bottom,0,2,0,Fastball,Four-Seam,BallCalled,Undefined,Undefined,Undefined,0,0,,87.2754,2.067325,-0.090177,2069.058215,206.655932,1:00,6.0772,0.65214,6.22796,-18.39434,18.09552,8.47922,6.45252,1.27554,78.94732,-1.47503,1.440531,0.434768,,,,,,,,,,,,-4.31079,9.04166,-0.6487,50,6.22194,-0.16463,-126.6156,4.10268,-6.95057,27.48678,-17.59557,TEX_BOB,TEX_BOB,TexasStateUniversity,TeamExclusive,Team,20261006-TexasStateUniversity-Private-1,5bef9e10-c1ce-11f1-804e-4d6eca9479d4,86.69555,,,8.32808,,,,,,,fe881bac-4a30-4fb5-a103-220cd5b27190,2026-10-06,21:38:57.03,2026-10-06T16:38:57.0331648-05:00,2026-10-06T21:38:57.0331648Z,,v3,471452,471452,,"Anctil, Justin",1000608882,Right,TEX_BOB,091fe2a9-0614-4d5d-888e-687676d1f6a7,54.26419,-127.53795,13.74339,6.07436,4.69312,-8.79778,-0.64709,0.06861,-3.47528,,,,,,,,,,,,,,,,,,,,,,,,,,,,,,,,,,,,,,,,,,,,,,,,,,,High,High,High,,,,,,208.164207,6.213884,2056.902009,0.994125,1:00,-0.126476,-0.465017,-0.876221,-15.11604,-26.843437,-63.730104,175.757719,3.545273,0.073833,0.061837,-0.995352,3.554989,4.234147,0.061837,0.073833,0.995352,-3.554989,-4.234147,-0.061837,-0.073833,0.995352,-175.757719,-3.545273,-0.073833,-0.061837,-0.995352
62,2026-10-06,16:39:28.16,2,4,"Turner, Trevyn",1000384531,Right,TEX_BOB,"Boles, Brady",841175,Right,TEX_BOB,Undefined,3,Bottom,0,3,0,Fastball,Four-Seam,StrikeCalled,Undefined,Undefined,Undefined,0,0,,90.05863,-2.317632,-0.451838,2191.768697,210.787137,1:00,6.00419,0.58798,6.41071,-17.22497,16.41217,9.16756,2.43665,0.9365,82.77013,-5.597072,1.210422,0.417428,,,,,,,,,,,,-4.90508,9.51044,-0.55957,50,5.83028,0.66991,-130.90501,-5.76773,-8.54361,26.6537,-15.60894,TEX_BOB,TEX_BOB,TexasStateUniversity,TeamExclusive,Team,20261006-TexasStateUniversity-Private-1,6e7c9c40-c1ce-11f1-804e-4d6eca9479d4,90.29696,,,7.28851,,,,,,,fe881bac-4a30-4fb5-a103-220cd5b27190,2026-10-06,21:39:28.16,2026-10-06T16:39:28.1683456-05:00,2026-10-06T21:39:28.1683456Z,,v3,471452,471452,,"Anctil, Justin",1000608882,Right,TEX_BOB,d925f87f-9312-4fdf-b348-2db878572389,54.08829,-131.7348,13.32685,6.00227,-5.28178,-7.80447,-0.58457,0.93589,-4.2718,,,,,,,,,,,,,,,,,,,,,,,,,,,,,,,,,,,,,,,,,,,,,,,,,,,High,High,High,,,,,,202.910027,8.114667,2169.823739,0.989988,12:45,-0.132642,-0.39078,-0.910877,-22.400058,-24.273735,-54.571088,171.103179,-2.556581,0.154502,-0.044606,-0.986985,2.587673,-8.887894,0.044606,-0.154502,0.986985,-2.587673,8.887894,-0.044606,0.154502,0.986985,-171.103179,2.556581,-0.154502,0.044606,-0.986985
63,2026-10-06,16:39:46.18,2,5,"Turner, Trevyn",1000384531,Right,TEX_BOB,"Boles, Brady",841175,Right,TEX_BOB,Undefined,3,Bottom,0,3,1,Fastball,Four-Seam,BallCalled,Walk,Undefined,Undefined,0,0,,90.73444,-3.592627,-1.278273,2220.237009,199.692098,12:45,5.99981,0.68829,6.41806,-16.32241,16.95414,5.69252,1.33175,-0.01264,83.29698,-6.701247,-0.246138,0.415184,,,,,,,,,,,,-3.32437,10.16516,-0.59949,50,5.73536,2.71288,-131.68667,-8.70931,-5.84857,27.46985,-14.29041,TEX_BOB,TEX_BOB,TexasStateUniversity,TeamExclusive,Team,20261006-TexasStateUniversity-Private-1,793b9e10-c1ce-11f1-804e-4d6eca9479d4,90.78492,,,7.43746,,,,,,,fe881bac-4a30-4fb5-a103-220cd5b27190,2026-10-06,21:39:46.18,2026-10-06T16:39:46.1828096-05:00,2026-10-06T21:39:46.1828096Z,,v3,471452,471452,,"Anctil, Justin",1000608882,Right,TEX_BOB,2cc22ce2-91be-467d-9dd2-fad824f0b779,54.08082,-132.5352,13.73492,5.99757,-8.26789,-7.14521,-0.68608,2.89354,-2.92428,,,,,,,,,,,,,,,,,,,,,,,,,,,,,,,,,,,,,,,,,,,,,,,,,,,High,High,High,,,,,,196.460688,22.751509,2047.482121,0.922191,12:30,-0.389238,-0.28503,-0.875929,-32.781118,-3.124452,-31.938145,166.817926,-5.258873,0.227086,-0.091656,-0.969552,5.400363,-13.125594,0.091656,-0.227086,0.969552,-5.400363,13.125594,-0.091656,0.227086,0.969552,-166.817926,5.258873,-0.227086,0.091656,-0.969552
64,2026-10-06,16:40:38.67,3,1,"Turner, Trevyn",1000384531,Right,TEX_BOB,"Namken, Clayton",834577,Right,TEX_BOB,Undefined,3,Bottom,0,0,0,Cutter,Slider,BallCalled,Undefined,Undefined,Undefined,0,0,,84.44382,-2.444426,-3.550965,2152.623442,136.0922,10:30,5.85556,1.04475,6.52339,-33.48163,4.36036,-3.23748,0.81708,-2.48709,78.9606,-8.621303,-4.13798,0.44275,,,,,,,,,,,,0.865,3.19961,-0.79627,50,5.67075,7.72632,-122.65742,-6.24166,1.33739,20.8831,-27.22717,TEX_BOB,TEX_BOB,TexasStateUniversity,TeamExclusive,Team,20261006-TexasStateUniversity-Private-1,988a72f0-c1ce-11f1-804e-4d6eca9479d4,85.13259,,,5.48322,,,,,,,fe881bac-4a30-4fb5-a103-220cd5b27190,2026-10-06,21:40:38.67,2026-10-06T16:40:38.6776064-05:00,2026-10-06T21:40:38.6776064Z,,v3,471452,471452,,"Anctil, Justin",1000608882,Right,TEX_BOB,ba61aa7e-27e0-46d6-8d32-cf2fb19ba367,53.97751,-123.33275,10.44155,5.85836,-5.36116,-13.61359,-1.04543,7.68307,0.66869,,,,,,,,,,,,,,,,,,,,,,,,,,,,,,,,,,,,,,,,,,,,,,,,,,,High,High,High,,,,,,171.39851,76.754774,493.207536,0.229119,11:45,-0.986135,-0.00728,-0.165783,46.264983,-48.60273,-53.466036,158.523128,30.576214,0.315217,0.508684,-0.801173,32.412436,18.373917,0.508684,0.315217,0.801173,-32.412436,-18.373917,-0.508684,-0.315217,0.801173,-158.523128,-30.576214,-0.315217,-0.508684,-0.801173
65,2026-10-06,16:41:18.52,3,2,"Turner, Trevyn",1000384531,Right,TEX_BOB,"Namken, Clayton",834577,Right,TEX_BOB,Undefined,3,Bottom,0,1,0,Cutter,Slider,BallCalled,Undefined,Undefined,Undefined,0,0,,83.74333,-2.574315,-0.971722,2225.190552,151.367368,11:00,5.902,1.10571,6.01981,-34.27959,5.458,-2.29055,0.65896,0.01469,77.0505,-8.891108,-1.384713,0.453704,,,,,,,,,,,,0.91161,3.90173,-1.02833,50,5.68147,2.14888,-121.57639,-6.55869,1.36098,24.40075,-26.3491,TEX_BOB,TEX_BOB,TexasStateUniversity,TeamExclusive,Team,20261006-TexasStateUniversity-Private-1,b04a2930-c1ce-11f1-804e-4d6eca9479d4,83.07724,,,6.69283,,,,,,,fe881bac-4a30-4fb5-a103-220cd5b27190,2026-10-06,21:41:18.52,2026-10-06T16:41:18.5245184-05:00,2026-10-06T21:41:18.5245184Z,,v3,471452,471452,,"Anctil, Justin",1000608882,Right,TEX_BOB,475fd7fe-2fb4-4e1a-93a1-1b45618381a3,54.48001,-122.47224,12.20037,5.9045,-5.59131,-13.17455,-1.10631,2.09892,0.68049,,,,,,,,,,,,,,,,,,,,,,,,,,,,,,,,,,,,,,,,,,,,,,,,,,,High,High,High,,,,,,146.862765,84.961167,195.440497,0.087831,11:00,-0.99839,0.003222,-0.056623,27.046751,-43.077384,-36.527255,157.69557,38.760648,0.295944,0.626068,-0.721426,40.952113,17.214129,0.626068,0.295944,0.721426,-40.952113,-17.214129,-0.626068,-0.295944,0.721426,-157.69557,-38.760648,-0.295944,-0.626068,-0.721426
66,2026-10-06,16:41:39.79,3,3,"Turner, Trevyn",1000384531,Right,TEX_BOB,"Namken, Clayton",834577,Right,TEX_BOB,Undefined,3,Bottom,0,2,0,Fastball,Four-Seam,InPlay,Undefined,FlyBall,Out,1,0,,91.6819,-2.234336,-0.820789,2257.336474,205.760008,12:45,6.02941,1.02947,6.09083,-15.38115,17.58568,7.98252,2.67959,0.93539,83.90319,-5.170143,0.617517,0.413247,83.1174,28.354325,-17.921886,1486.852817,103.13987,49.18012,-38.23814,288.58002,279.82372,-22.533713,4.045888,-4.37398,10.03375,-0.97049,50,5.84897,1.57748,-133.17364,-5.6372,-7.85587,28.57205,-14.15292,TEX_BOB,TEX_BOB,TexasStateUniversity,TeamExclusive,Team,20261006-TexasStateUniversity-Private-1,bcf124e0-c1ce-11f1-804e-4d6eca9479d4,91.21038,56.23839,,7.7787,,,,1.57954,2.81789,-0.96097,fe881bac-4a30-4fb5-a103-220cd5b27190,2026-10-06,21:41:39.79,2026-10-06T16:41:39.7963264-05:00,2026-10-06T21:41:39.7963264Z,FlyBall,v3,471452,471452,,"Anctil, Justin",1000608882,Right,TEX_BOB,b73acce1-7d5f-4104-8ba9-eee26105dcce,54.40882,-134.1162,14.28603,6.02723,-5.17031,-7.07646,-1.0268,1.83663,-3.92793,155.477717,1.57954,102.07872,-19.07245,4.76449,-1.05068,0.22337,-0.04636,0.00712,-0.00049,2.81886,57.86421,-16.50781,0.09361,0.47724,-0.26965,0.08297,-0.01287,0.00078,-0.9609,-33.01284,1.50352,0.22953,-0.12674,0.0228,-0.00082,-0.00031,3E-05,,,,,,,,,,,,,,,,,,,,,,,High,High,High,High,Medium,,,,199.688119,13.987466,2190.403341,0.970349,12:45,-0.241845,-0.336085,-0.910251,-19.0444,2.621754,-35.715887,177.599787,-5.435465,0.041691,-0.094725,-0.99463,5.44021,-2.389414,0.094725,-0.041691,0.99463,-5.44021,2.389414,-0.094725,0.041691,0.99463,-177.599787,5.435465,-0.041691,0.094725,-0.99463
67,2026-10-06,16:42:20.69,4,1,"Turner, Trevyn",1000384531,Right,TEX_BOB,"Mitchell, Drayton",10156664,Left,TEX_BOB,Undefined,3,Bottom,1,0,0,Fastball,Four-Seam,StrikeCalled,Undefined,Undefined,Undefined,0,0,,92.06621,-3.550547,-1.078697,2290.719012,204.952453,12:45,6.06733,0.58776,6.24896,-13.53902,19.35655,8.46823,1.6598,0.2985,83.49092,-6.173527,0.451594,0.4128,,,,,,,,,,,,-4.70591,11.45694,-0.5115,50,5.79622,2.15458,-133.44413,-8.61627,-8.4025,31.34196,-11.71754,TEX_BOB,TEX_BOB,TexasStateUniversity,TeamExclusive,Team,20261006-TexasStateUniversity-Private-1,d554bc40-c1ce-11f1-804e-4d6eca9479d4,91.30915,,,8.57528,,,,,,,fe881bac-4a30-4fb5-a103-220cd5b27190,2026-10-06,21:42:20.69,2026-10-06T16:42:20.6978048-05:00,2026-10-06T21:42:20.6978048Z,,v3,471452,471452,,"Anctil, Justin",1000608882,Right,TEX_BOB,9171c7ba-9f5f-4aa4-b021-bcec00e862a2,54.24791,-134.43813,15.67098,6.0636,-8.24465,-5.85877,-0.58406,2.42106,-4.20125,,,,,,,,,,,,,,,,,,,,,,,,,,,,,,,,,,,,,,,,,,,,,,,,,,,High,High,High,,,,,,199.185798,14.563878,2217.113383,0.967868,12:45,-0.248446,-0.333035,-0.909594,-27.673105,-5.458632,-31.65412,172.900412,-2.996624,0.123425,-0.052277,-0.990976,3.019735,-7.08983,0.052277,-0.123425,0.990976,-3.019735,7.08983,-0.052277,0.123425,0.990976,-172.900412,2.996624,-0.123425,0.052277,-0.990976
68,2026-10-06,16:42:40.00,4,2,"Turner, Trevyn",1000384531,Right,TEX_BOB,"Mitchell, Drayton",10156664,Left,TEX_BOB,Undefined,3,Bottom,1,0,1,Fastball,Four-Seam,BallCalled,Undefined,Undefined,Undefined,0,0,,91.61358,-3.894762,-1.048119,2245.062021,204.092714,12:45,6.01043,0.7051,6.07918,-14.00142,19.4645,8.17489,1.23398,0.4165,83.10483,-6.591852,0.424489,0.416364,,,,,,,,,,,,-4.53323,11.57678,-0.62835,50,5.7015,2.07967,-132.70743,-9.4034,-8.00433,31.01957,-11.73295,TEX_BOB,TEX_BOB,TexasStateUniversity,TeamExclusive,Team,20261006-TexasStateUniversity-Private-1,e0d698e0-c1ce-11f1-804e-4d6eca9479d4,90.52767,,,8.50875,,,,,,,fe881bac-4a30-4fb5-a103-220cd5b27190,2026-10-06,21:42:40.00,2026-10-06T16:42:40.0052224-05:00,2026-10-06T21:42:40.0052224Z,,v3,471452,471452,,"Anctil, Justin",1000608882,Right,TEX_BOB,ae2fad14-29a0-4897-bd99-bd8808529220,54.41818,-133.73617,15.50978,6.0069,-9.01429,-5.86647,-0.70173,2.34513,-4.00217,,,,,,,,,,,,,,,,,,,,,,,,,,,,,,,,,,,,,,,,,,,,,,,,,,,High,High,High,,,,,,198.429807,20.707218,2100.029878,0.935399,12:30,-0.348867,-0.319054,-0.88119,-33.446625,-2.341792,-26.5877,168.123038,-6.496166,0.204489,-0.113137,-0.972309,6.637025,-11.799604,0.113137,-0.204489,0.972309,-6.637025,11.799604,-0.113137,0.204489,0.972309,-168.123038,6.496166,-0.204489,0.113137,-0.972309
69,2026-10-06,16:42:59.29,4,3,"Turner, Trevyn",1000384531,Right,TEX_BOB,"Mitchell, Drayton",10156664,Left,TEX_BOB,Undefined,3,Bottom,1,1,1,Fastball,Four-Seam,FoulBallNotFieldable,Undefined,Undefined,Undefined,0,0,,91.13783,-2.637568,-0.659814,2198.354079,210.984084,1:00,6.00706,0.83176,6.12727,-15.00989,18.28072,10.35016,2.31624,1.08432,83.54206,-5.504218,1.206475,0.415272,,,,,,,,,,,,-5.54985,10.50229,-0.78669,50,5.79742,1.09829,-132.37024,-6.51552,-9.86195,27.8513,-13.51168,TEX_BOB,TEX_BOB,TexasStateUniversity,TeamExclusive,Team,20261006-TexasStateUniversity-Private-1,ec5679b0-c1ce-11f1-804e-4d6eca9479d4,90.76576,,,7.59578,,,,,,,fe881bac-4a30-4fb5-a103-220cd5b27190,2026-10-06,21:42:59.29,2026-10-06T16:42:59.2983552-05:00,2026-10-06T21:42:59.2983552Z,,v3,471452,471452,,"Anctil, Justin",1000608882,Right,TEX_BOB,c1219293-b8fd-4672-8052-9241f95685b1,54.37229,-133.28701,13.92565,6.00457,-6.07075,-6.75584,-0.82819,1.42291,-4.93098,,,,,,,,,,,,,,,,,,,,,,,,,,,,,,,,,,,,,,,,,,,,,,,,,,,High,High,High,,,,,,198.206502,14.916897,2124.270004,0.9663,12:30,-0.253806,-0.313439,-0.915062,-24.646997,-6.387619,-33.48945,171.965964,-0.711302,0.139751,-0.012414,-0.990109,0.718352,-8.033413,0.012414,-0.139751,0.990109,-0.718352,8.033413,-0.012414,0.139751,0.990109,-171.965964,0.711302,-0.139751,0.012414,-0.990109
70,2026-10-06,16:43:41.10,4,4,"Turner, Trevyn",1000384531,Right,TEX_BOB,"Mitchell, Drayton",10156664,Left,TEX_BOB,Undefined,3,Bottom,1,1,2,Fastball,Four-Seam,BallCalled,Undefined,Undefined,Undefined,0,0,,91.45529,-0.930121,-0.022164,2095.200173,195.068527,12:30,6.09258,0.55249,6.08105,-13.43768,19.51052,4.98831,4.11217,0.94767,83.94994,-3.516398,0.876292,0.413131,,,,,,,,,,,,-2.56681,10.59245,-0.5533,50,6.01333,-0.16094,-132.96289,-2.51099,-4.62151,26.97248,-13.10235,TEX_BOB,TEX_BOB,TexasStateUniversity,TeamExclusive,Team,20261006-TexasStateUniversity-Private-1,05422cd0-c1cf-11f1-804e-4d6eca9479d4,91.23613,,,7.50536,,,,,,,fe881bac-4a30-4fb5-a103-220cd5b27190,2026-10-06,21:43:41.10,2026-10-06T16:43:41.1028992-05:00,2026-10-06T21:43:41.1028992Z,,v3,471452,471452,,"Anctil, Justin",1000608882,Right,TEX_BOB,28015fac-71c1-4b85-9dca-70d06b18ad91,54.41706,-133.85592,13.48624,6.08928,-2.07719,-6.55117,-0.55051,-0.00793,-2.31076,,,,,,,,,,,,,,,,,,,,,,,,,,,,,,,,,,,,,,,,,,,,,,,,,,,High,High,High,,,,,,197.451122,15.376179,2020.20401,0.964206,12:30,-0.260782,-0.293424,-0.919726,-21.300265,0.36255,-45.59205,178.113813,-1.758342,0.032899,-0.030684,-0.998988,1.759295,-1.885298,0.030684,-0.032899,0.998988,-1.759295,1.885298,-0.030684,0.032899,0.998988,-178.113813,1.758342,-0.032899,0.030684,-0.998988
71,2026-10-06,16:44:05.75,4,5,"Turner, Trevyn",1000384531,Right,TEX_BOB,"Mitchell, Drayton",10156664,Left,TEX_BOB,Undefined,3,Bottom,1,2,2,Cutter,Slider,FoulBallNotFieldable,Undefined,Undefined,Undefined,0,0,,82.311,-1.124938,-0.43968,2192.853997,80.321723,8:45,5.93268,1.35712,5.95484,-40.47223,0.32032,-4.96118,1.51658,0.53593,76.37325,-8.544002,-1.333297,0.459686,64.82203,22.34358,-170.793198,4405.409756,-108.69535,11.15207,-16.89034,139.36152,52.7343,-171.682132,1.836522,2.46028,0.76032,-1.31931,50,5.82026,1.10295,-119.7255,-3.66246,3.59494,21.668,-31.06311,TEX_BOB,TEX_BOB,TexasStateUniversity,TeamExclusive,Team,20261006-TexasStateUniversity-Private-1,13f63690-c1cf-11f1-804e-4d6eca9479d4,81.99599,16.52858,,5.93776,,,,2.64592,1.56679,-0.54214,fe881bac-4a30-4fb5-a103-220cd5b27190,2026-10-06,21:44:05.75,2026-10-06T16:44:05.7563136-05:00,2026-10-06T21:44:05.7563136Z,LineDrive,v3,471452,471452,,"Anctil, Justin",1000608882,Right,TEX_BOB,789999bf-deb3-47b5-8adb-7a95274e4bab,54.5469,-120.54559,10.834,5.93662,-2.48678,-15.53156,-1.35848,0.96689,1.79747,7.460502,2.64592,-86.80188,5.24341,0.21828,0.12907,-0.35681,0.34061,-0.14392,0.02237,1.5668,36.14171,-23.68588,2.51836,-0.39266,0.00067,0.03254,-0.00531,-0.00057,-0.54214,-14.06964,1.35842,0.32455,0.0282,-0.15143,0.14126,-0.0581,0.00885,,,,,,,,,,,,,,,,,,,,,,,High,High,High,High,Low,,,,46.581959,83.041107,265.680048,0.121157,7:30,-0.993501,0.068499,0.0909,34.119263,-41.563151,-38.918082,170.994996,33.377105,0.130705,0.550147,-0.824775,33.704345,7.510358,0.550147,0.130705,0.824775,-33.704345,-7.510358,-0.550147,-0.130705,0.824775,-170.994996,-33.377105,-0.130705,-0.550147,-0.824775
72,2026-10-06,16:44:32.53,4,6,"Turner, Trevyn",1000384531,Right,TEX_BOB,"Mitchell, Drayton",10156664,Left,TEX_BOB,Undefined,3,Bottom,1,2,2,Fastball,Four-Seam,FoulBallNotFieldable,Undefined,Undefined,Undefined,0,0,,91.40665,-1.773726,-0.515266,2174.663247,193.105884,12:30,6.08313,0.5596,6.34959,-11.35398,21.29592,4.7304,3.50367,0.47949,83.9727,-3.991165,0.341023,0.411256,77.0493,16.748517,-171.756891,1885.200556,-108.49835,15.51177,-18.11151,171.09195,52.42329,-169.789148,1.893823,-2.55406,11.76816,-0.524,50,5.94803,0.99265,-132.86477,-4.34457,-4.59756,26.59732,-10.9903,TEX_BOB,TEX_BOB,TexasStateUniversity,TeamExclusive,Team,20261006-TexasStateUniversity-Private-1,23e6b7f0-c1cf-11f1-804e-4d6eca9479d4,91.65203,16.77867,,7.43394,,,,0.98511,3.27913,-0.46223,fe881bac-4a30-4fb5-a103-220cd5b27190,2026-10-06,21:44:32.53,2026-10-06T16:44:32.5364224-05:00,2026-10-06T21:44:32.5364224Z,LineDrive,v3,471452,471452,,"Anctil, Justin",1000608882,Right,TEX_BOB,235f3d23-f165-4a51-8545-c3447707cbf9,54.14631,-133.69222,13.29866,6.07787,-4.00266,-5.49515,-0.55711,1.13568,-2.29878,326.737977,0.98507,-107.09037,9.77863,-0.29312,-0.08567,0.10776,0.01135,-0.03499,0.00832,3.27913,32.56463,-21.13128,1.96597,-0.22947,-0.0536,0.08826,-0.03663,0.00527,-0.46222,-15.51489,0.20617,-0.22258,0.03251,0.00178,-0.01359,0.00775,-0.00135,,,,,,,,,,,,,,,,,,,,,,,High,High,High,High,Low,,,,193.376332,18.701003,2059.851176,0.947205,12:30,-0.321968,-0.228951,-0.91865,-19.652228,2.068276,-40.250206,176.296701,2.906046,0.064507,0.050698,-0.996629,2.912117,3.69853,0.050698,0.064507,0.996629,-2.912117,-3.69853,-0.050698,-0.064507,0.996629,-176.296701,-2.906046,-0.064507,-0.050698,-0.996629
73,2026-10-06,16:45:01.01,4,7,"Turner, Trevyn",1000384531,Right,TEX_BOB,"Mitchell, Drayton",10156664,Left,TEX_BOB,Undefined,3,Bottom,1,2,2,Curveball,Curveball,BallCalled,Undefined,Undefined,Undefined,0,0,,79.25325,-1.169146,0.023083,2220.879021,59.342889,8:00,5.7919,1.34424,5.74862,-49.23089,-4.99481,-10.47331,0.60072,0.49295,74.01201,-10.104218,-1.858626,0.478696,,,,,,,,,,,,5.40307,-1.96236,-1.33948,50,5.66411,0.33632,-115.30957,-3.9633,7.33982,19.64274,-34.83984,TEX_BOB,TEX_BOB,TexasStateUniversity,TeamExclusive,Team,20261006-TexasStateUniversity-Private-1,34ebb690-c1cf-11f1-804e-4d6eca9479d4,78.73982,,,5.24124,,,,,,,fe881bac-4a30-4fb5-a103-220cd5b27190,2026-10-06,21:45:01.01,2026-10-06T16:45:01.0136064-05:00,2026-10-06T21:45:01.0136064Z,,v3,471452,471452,,"Anctil, Justin",1000608882,Right,TEX_BOB,4b13afe4-f32c-4f3d-bfa7-d79c69664d84,54.75476,-116.11671,9.82137,5.79755,-2.5317,-17.41992,-1.3471,0.03472,3.66991,,,,,,,,,,,,,,,,,,,,,,,,,,,,,,,,,,,,,,,,,,,,,,,,,,,High,High,High,,,,,,17.430663,53.349102,1325.726663,0.596938,6:30,-0.805998,0.162406,0.569202,45.034367,50.437896,70.459414,126.72739,-50.199015,0.513052,-0.768273,-0.382799,63.514797,-30.867338,0.768273,-0.513052,0.382799,-63.514797,30.867338,-0.768273,0.513052,0.382799,-126.72739,50.199015,-0.513052,0.768273,-0.382799
74,2026-10-06,16:45:26.94,4,8,"Turner, Trevyn",1000384531,Right,TEX_BOB,"Mitchell, Drayton",10156664,Left,TEX_BOB,Undefined,3,Bottom,1,3,2,Fastball,Four-Seam,FoulBallNotFieldable,Undefined,Undefined,Undefined,0,0,,91.40036,-1.416564,-0.566276,2232.392925,188.870904,12:15,6.01622,0.7399,6.36892,-13.54481,19.02863,2.82079,3.58369,0.45389,84.10407,-4.027992,-0.055432,0.410774,74.62296,64.650469,-127.595418,4815.46094,,,,,23.65184,,,-1.62476,10.61091,-0.70029,50,5.90735,1.20254,-132.96094,-3.63418,-2.92887,26.64678,-13.04658,TEX_BOB,TEX_BOB,TexasStateUniversity,TeamExclusive,Team,20261006-TexasStateUniversity-Private-1,4452e3b0-c1cf-11f1-804e-4d6eca9479d4,91.75948,46.90303,,7.29629,,,,1.03798,3.51274,-0.44438,fe881bac-4a30-4fb5-a103-220cd5b27190,2026-10-06,21:45:26.94,2026-10-06T16:45:26.9456896-05:00,2026-10-06T21:45:26.9456896Z,,v3,471452,471452,,"Anctil, Justin",1000608882,Right,TEX_BOB,8bfb3d4e-041c-4320-80a8-8d5635e8d321,54.13108,-133.78629,13.32339,6.01365,-3.23008,-6.52329,-0.73894,1.29325,-1.46444,20.546512,1.03798,-28.58751,-7.10237,3.35056,-0.97896,0.24581,-0.0591,0.01228,-0.00147,3.51274,98.9085,-28.98164,3.66256,-0.65094,0.09021,-0.00451,-0.00913,0.005,-0.44438,-37.12778,4.82061,-1.01853,0.16596,-0.02061,0.00085,0.00159,-0.00073,,,,,,,,,,,,,,,,,,,,,,,High,High,High,High,Undefined,,,,196.933741,12.907354,2175.986007,0.974733,12:30,-0.225494,-0.289341,-0.930287,-24.047304,-6.413214,-35.281207,173.059381,-2.379584,0.120736,-0.04152,-0.991816,2.39713,-6.934605,0.04152,-0.120736,0.991816,-2.39713,6.934605,-0.04152,0.120736,0.991816,-173.059381,2.379584,-0.120736,0.04152,-0.991816
75,2026-10-06,16:45:53.71,4,9,"Turner, Trevyn",1000384531,Right,TEX_BOB,"Mitchell, Drayton",10156664,Left,TEX_BOB,Undefined,3,Bottom,1,3,2,Fastball,Four-Seam,BallCalled,Walk,Undefined,Undefined,0,0,,90.9494,-1.248437,-0.501656,2215.398808,202.249425,12:45,6.0724,0.48387,6.29212,-14.98706,18.1156,7.00024,3.67282,0.60494,83.42286,-4.125618,0.764358,0.414098,,,,,,,,,,,,-3.75981,10.0502,-0.45012,50,5.97299,0.87049,-132.23685,-3.27708,-6.68357,27.16446,-14.30846,TEX_BOB,TEX_BOB,TexasStateUniversity,TeamExclusive,Team,20261006-TexasStateUniversity-Private-1,5447aad0-c1cf-11f1-804e-4d6eca9479d4,91.02305,,,7.52654,,,,,,,fe881bac-4a30-4fb5-a103-220cd5b27190,2026-10-06,21:45:53.71,2026-10-06T16:45:53.7132032-05:00,2026-10-06T21:45:53.7132032Z,,v3,471452,471452,,"Anctil, Justin",1000608882,Right,TEX_BOB,2d1c8fa9-5891-46d4-b961-76daef431411,54.20618,-133.09809,13.58223,6.0697,-2.82343,-7.15423,-0.48108,1.08239,-3.34178,,,,,,,,,,,,,,,,,,,,,,,,,,,,,,,,,,,,,,,,,,,,,,,,,,,High,High,High,,,,,,189.18543,20.47361,2075.459577,0.936833,12:15,-0.354519,-0.157132,-0.921752,-17.578158,8.413884,-45.993479,179.834964,-3.772221,0.002874,-0.06579,-0.997829,3.772236,-0.164679,0.06579,-0.002874,0.997829,-3.772236,0.164679,-0.06579,0.002874,0.997829,-179.834964,3.772221,-0.002874,0.06579,-0.997829
76,2026-10-06,16:46:33.50,5,1,"Turner, Trevyn",1000384531,Right,TEX_BOB,"Gillis, Jacob",10036249,Right,TEX_BOB,Undefined,3,Bottom,1,0,0,Fastball,Four-Seam,InPlay,Undefined,GroundBall,Single,0,2,,91.02122,-1.427303,-1.119656,2100.976665,205.86255,12:45,6.09578,0.50129,6.58644,-16.14052,16.43729,7.50563,3.44229,0.10062,83.8075,-4.518774,0.245269,0.410802,89.64674,-18.041529,-26.174527,,,,,12.22044,6.35972,-24.36044,0.086469,-4.26051,9.33119,-0.42767,50,5.99104,2.30334,-132.44046,-3.72574,-7.61793,26.51521,-15.48964,TEX_BOB,TEX_BOB,TexasStateUniversity,TeamExclusive,Team,20261006-TexasStateUniversity-Private-1,6c058c50-c1cf-11f1-804e-4d6eca9479d4,91.75334,3.53152,,7.21372,,,,1.40209,3.53152,-0.25808,fe881bac-4a30-4fb5-a103-220cd5b27190,2026-10-06,21:46:33.50,2026-10-06T16:46:33.5062528-05:00,2026-10-06T21:46:33.5062528Z,GroundBall,v3,471452,471452,,"Anctil, Justin",1000608882,Right,TEX_BOB,c7c717b4-4e00-49fd-8a3c-737052b41027,53.91395,-133.22175,13.25761,6.09409,-3.26932,-7.74482,-0.49885,2.52781,-3.80896,180,1.39746,112.52974,,,,,,,,3.5332,-40.84143,,,,,,,,-0.2558,-55.30937,,,,,,,,,,,,,,,,,,,,,,,,,,,,,,High,High,High,Low,Low,,,,193.389342,16.627403,2013.126061,0.958186,12:30,-0.298692,-0.228943,-0.926482,-16.251065,-1.671943,-57.607608,179.670078,-5.777929,0.005729,-0.100673,-0.994903,5.778024,-0.328246,0.100673,-0.005729,0.994903,-5.778024,0.328246,-0.100673,0.005729,0.994903,-179.670078,5.777929,-0.005729,0.100673,-0.994903
77,2026-10-06,16:47:34.91,6,1,"Turner, Trevyn",1000384531,Right,TEX_BOB,"Boles, Brady",841175,Right,TEX_BOB,Undefined,3,Bottom,1,0,0,Fastball,Four-Seam,StrikeCalled,Undefined,Undefined,Undefined,0,0,,89.79831,-2.084772,-1.781985,2135.768674,206.167395,12:45,6.07164,0.71413,6.56313,-17.26796,16.15615,7.47126,2.71962,-0.29746,83.03012,-5.370745,-0.424295,0.416104,,,,,,,,,,,,-4.36154,9.30721,-0.59431,50,5.92031,3.77716,-130.59677,-5.21599,-7.61635,24.63797,-15.92129,TEX_BOB,TEX_BOB,TexasStateUniversity,TeamExclusive,Team,20261006-TexasStateUniversity-Private-1,90a04690-c1cf-11f1-804e-4d6eca9479d4,90.58428,,,6.76819,,,,,,,fe881bac-4a30-4fb5-a103-220cd5b27190,2026-10-06,21:47:34.91,2026-10-06T16:47:34.9177856-05:00,2026-10-06T21:47:34.9177856Z,,v3,471452,471452,,"Anctil, Justin",1000608882,Right,TEX_BOB,fd9f8b0b-cb02-4f2e-ac1a-0959b5692718,53.93655,-131.33733,12.31899,6.0699,-4.73743,-7.96065,-0.71128,4.00609,-3.80818,,,,,,,,,,,,,,,,,,,,,,,,,,,,,,,,,,,,,,,,,,,,,,,,,,,High,High,High,,,,,,194.968611,22.707881,1970.214567,0.922485,12:30,-0.40464,-0.252154,-0.879025,-25.519701,4.570532,-50.274655,179.695142,-2.657023,0.005315,-0.046357,-0.998911,2.65706,-0.304531,0.046357,-0.005315,0.998911,-2.65706,0.304531,-0.046357,0.005315,0.998911,-179.695142,2.657023,-0.005315,0.046357,-0.998911
78,2026-10-06,16:47:53.83,6,2,"Turner, Trevyn",1000384531,Right,TEX_BOB,"Boles, Brady",841175,Right,TEX_BOB,Undefined,3,Bottom,1,0,1,Cutter,Slider,StrikeCalled,Undefined,Undefined,Undefined,0,0,,83.7093,-0.183931,-0.43583,2234.519137,103.683875,9:30,5.98289,0.89116,6.2443,-36.39026,2.08138,-4.69583,2.78072,0.09786,78.44099,-6.89203,-1.285297,0.446418,,,,,,,,,,,,2.35028,1.43099,-0.85649,50,5.95111,1.09986,-121.96556,-1.53699,3.61683,19.12278,-29.97191,TEX_BOB,TEX_BOB,TexasStateUniversity,TeamExclusive,Team,20261006-TexasStateUniversity-Private-1,9bec4620-c1cf-11f1-804e-4d6eca9479d4,84.43304,,,5.26832,,,,,,,fe881bac-4a30-4fb5-a103-220cd5b27190,2026-10-06,21:47:53.83,2026-10-06T16:47:53.8399744-05:00,2026-10-06T21:47:53.8399744Z,,v3,471452,471452,,"Anctil, Justin",1000608882,Right,TEX_BOB,6fd21e16-df88-4577-97fe-42498818f032,54.25758,-122.63128,9.56139,5.98645,-0.49358,-14.98596,-0.89259,0.97395,1.80842,,,,,,,,,,,,,,,,,,,,,,,,,,,,,,,,,,,,,,,,,,,,,,,,,,,High,High,High,,,,,,64.918024,86.354658,142.071413,0.06358,8:15,-0.997923,0.054381,0.034544,21.336053,-39.43514,-26.264889,168.588866,43.432772,0.143673,0.687503,-0.711827,44.004152,8.260468,0.687503,0.143673,0.711827,-44.004152,-8.260468,-0.687503,-0.143673,0.711827,-168.588866,-43.432772,-0.143673,-0.687503,-0.711827
79,2026-10-06,16:48:14.19,6,3,"Turner, Trevyn",1000384531,Right,TEX_BOB,"Boles, Brady",841175,Right,TEX_BOB,Undefined,3,Bottom,1,0,2,Curveball,Curveball,InPlay,Undefined,FlyBall,Out,1,0,,78.65379,0.316202,-0.850029,2240.346292,69.171436,8:15,5.91126,0.99735,5.54375,-48.11936,-2.77524,-10.65111,2.19686,-0.6847,73.02425,-8.432601,-2.752256,0.484654,84.95873,47.65207,9.238201,4622.624114,106.67693,107.91588,26.83317,241.34576,99.05535,17.375119,5.637392,5.20969,-1.14709,-0.91633,50,5.90624,2.09912,-114.37442,-0.97566,6.95215,19.62876,-33.7048,TEX_BOB,TEX_BOB,TexasStateUniversity,TeamExclusive,Team,20261006-TexasStateUniversity-Private-1,a81167a0-c1cf-11f1-804e-4d6eca9479d4,77.77182,117.51872,,5.62954,,,,1.50093,2.3756,0.67604,fe881bac-4a30-4fb5-a103-220cd5b27190,2026-10-06,21:48:14.19,2026-10-06T16:48:14.1997056-05:00,2026-10-06T21:48:14.1997056Z,FlyBall,v3,471452,471452,,"Anctil, Justin",1000608882,Right,TEX_BOB,c1002373-27c3-4599-bea1-757fd6ca661b,54.95863,-115.22227,9.81438,5.91695,0.4802,-16.8524,-1.00052,1.79883,3.47608,193.429199,1.50627,82.74103,-22.01511,5.67223,-0.88648,0.03669,0.01391,-0.0024,0.00012,2.37112,92.16633,-21.25184,1.34346,-0.07096,-0.03722,0.01561,-0.00243,0.00013,0.67633,13.47331,1.12919,-0.75706,0.22484,-0.03885,0.00304,2E-05,-1E-05,,,,,,,,,,,,,,,,,,,,,,,High,High,High,High,Low,,,,22.027675,57.341243,1208.968022,0.539634,6:45,-0.833256,0.207035,0.512661,35.490524,32.653914,58.040396,115.553535,-56.346535,0.499961,-0.832404,-0.239043,73.977436,-29.997436,0.832404,-0.499961,0.239043,-73.977436,29.997436,-0.832404,0.499961,0.239043,-115.553535,56.346535,-0.499961,0.832404,-0.239043
80,2026-10-06,16:49:04.74,7,1,"Turner, Trevyn",1000384531,Right,TEX_BOB,"Namken, Clayton",834577,Right,TEX_BOB,Undefined,3,Bottom,2,0,0,Curveball,Curveball,BallCalled,Undefined,Undefined,Undefined,0,0,,79.00739,1.791776,-1.241856,2193.587429,57.773579,8:00,5.9193,1.32639,5.6448,-49.61826,-4.79945,-9.61434,3.45674,-0.63339,73.11579,-7.260475,-2.959658,0.481839,,,,,,,,,,,,4.54681,-2.46713,-1.21484,50,6.03979,2.86053,-114.82903,1.92406,6.11745,19.7345,-35.49344,TEX_BOB,TEX_BOB,TexasStateUniversity,TeamExclusive,Team,20261006-TexasStateUniversity-Private-1,c62f84b0-c1cf-11f1-804e-4d6eca9479d4,78.22628,,,5.8916,,,,,,,fe881bac-4a30-4fb5-a103-220cd5b27190,2026-10-06,21:49:04.74,2026-10-06T16:49:04.7463936-05:00,2026-10-06T21:49:04.7463936Z,,v3,471452,471452,,"Anctil, Justin",1000608882,Right,TEX_BOB,9f6090a1-cda9-4281-91b6-1947b28e7c91,54.85686,-115.66072,9.86725,5.92719,3.41989,-17.74672,-1.32996,2.60272,3.05872,,,,,,,,,,,,,,,,,,,,,,,,,,,,,,,,,,,,,,,,,,,,,,,,,,,High,High,High,,,,,,20.74848,55.815356,1232.492753,0.561862,6:45,-0.809023,0.224817,0.543083,37.004422,50.348981,62.062927,121.572333,-51.253367,0.533235,-0.779921,-0.327694,67.209684,-32.224302,0.779921,-0.533235,0.327694,-67.209684,32.224302,-0.779921,0.533235,0.327694,-121.572333,51.253367,-0.533235,0.779921,-0.327694
81,2026-10-06,16:49:26.89,7,2,"Turner, Trevyn",1000384531,Right,TEX_BOB,"Namken, Clayton",834577,Right,TEX_BOB,Undefined,3,Bottom,2,1,0,Curveball,Curveball,BallCalled,Undefined,Undefined,Undefined,1,0,,78.93281,-1.407365,-1.664628,2140.474824,51.713765,7:45,5.8621,1.43416,6.16061,-50.56475,-6.37937,-9.68603,0.34745,-0.91121,73.50169,-10.641124,-3.417193,0.478421,,,,,,,,,,,,4.61906,-2.62827,-1.30282,50,5.72907,3.6696,-114.79791,-4.36461,6.17948,20.75126,-35.6902,TEX_BOB,TEX_BOB,TexasStateUniversity,TeamExclusive,Team,20261006-TexasStateUniversity-Private-1,d361f780-c1cf-11f1-804e-4d6eca9479d4,78.78502,,,5.43112,,,,,,,fe881bac-4a30-4fb5-a103-220cd5b27190,2026-10-06,21:49:26.89,2026-10-06T16:49:26.8915712-05:00,2026-10-06T21:49:26.8915712Z,,v3,471452,471452,,"Anctil, Justin",1000608882,Right,TEX_BOB,10213968-6bf0-4203-a6ff-7f25df51ca69,54.34255,-115.58022,10.37563,5.86826,-3.01911,-17.8451,-1.43677,3.43664,3.08974,,,,,,,,,,,,,,,,,,,,,,,,,,,,,,,,,,,,,,,,,,,,,,,,,,,High,High,High,,,,,,16.808177,56.390596,1184.813273,0.553528,6:30,-0.820765,0.13956,0.553957,39.558247,55.155766,76.98867,123.271961,-54.787372,0.482092,-0.817018,-0.316337,68.834318,-28.822107,0.817018,-0.482092,0.316337,-68.834318,28.822107,-0.817018,0.482092,0.316337,-123.271961,54.787372,-0.482092,0.817018,-0.316337
82,2026-10-06,16:52:54.98,1,1,"Carson, Tanner",841179,Right,TEX_BOB,"Wheatley, Luke",10290520,Right,TEX_BOB,Undefined,4,Top,0,0,0,Cutter,Slider,BallCalled,Undefined,Undefined,Undefined,0,0,,84.73303,-0.390917,-1.731215,2531.644739,195.233437,12:30,6.25886,2.49044,4.78017,-28.16974,11.90804,2.93854,3.54066,1.09382,78.44094,-5.513042,-1.214751,0.455641,,,,,,,,,,,,-1.85386,6.29969,-2.32004,50,6.19544,3.58453,-123.01426,-1.90459,-2.88093,21.16338,-22.38416,TEX_BOB,TEX_BOB,TexasStateUniversity,TeamExclusive,Team,20261006-TexasStateUniversity-Private-1,4f647ce0-c1d0-11f1-804e-4d6eca9479d4,82.7239,,,6.29209,,,,,,,fe881bac-4a30-4fb5-a103-220cd5b27190,2026-10-06,21:52:54.98,2026-10-06T16:52:54.9870080-05:00,2026-10-06T21:52:54.9870080Z,,v3,471452,471452,,"McKnight, Jaxon",10895897,Right,TEX_BOB,3591fd49-fcc3-417b-b467-4a960fff8222,55.71849,-123.99417,10.58169,6.25963,-0.86816,-11.19208,-2.4891,3.71792,-1.44047,,,,,,,,,,,,,,,,,,,,,,,,,,,,,,,,,,,,,,,,,,,,,,,,,,,High,High,High,,,,,,203.620695,80.858878,402.194053,0.158867,12:45,-0.99079,-0.070389,-0.115677,-16.384885,50.919285,42.311554,139.909959,-51.371153,0.402026,-0.781206,-0.47759,58.560512,-23.704893,0.781206,-0.402026,0.47759,-58.560512,23.704893,-0.781206,0.402026,0.47759,-139.909959,51.371153,-0.402026,0.781206,-0.47759
83,2026-10-06,16:53:14.91,1,2,"Carson, Tanner",841179,Right,TEX_BOB,"Wheatley, Luke",10290520,Right,TEX_BOB,Undefined,4,Top,0,1,0,Cutter,Slider,BallCalled,Undefined,Undefined,Undefined,0,0,,84.79334,-3.43124,-4.775491,2494.794917,211.850753,1:00,6.14224,2.3964,4.91219,-29.2808,10.99005,6.09603,0.44245,-1.62171,78.68676,-8.710196,-3.705722,0.456738,,,,,,,,,,,,-4.18296,6.64075,-1.93436,50,5.78134,9.96628,-122.52638,-8.4651,-6.43535,21.48208,-21.95744,TEX_BOB,TEX_BOB,TexasStateUniversity,TeamExclusive,Team,20261006-TexasStateUniversity-Private-1,5b44a620-c1d0-11f1-804e-4d6eca9479d4,82.52533,,,6.10659,,,,,,,fe881bac-4a30-4fb5-a103-220cd5b27190,2026-10-06,21:53:14.91,2026-10-06T16:53:14.9130240-05:00,2026-10-06T21:53:14.9130240Z,,v3,471452,471452,,"McKnight, Jaxon",10895897,Right,TEX_BOB,e7f227c6-2c06-4138-ab16-df1cdaff7e90,55.58713,-123.50206,10.74104,6.14316,-7.46782,-10.97872,-2.39365,10.25856,-3.21768,,,,,,,,,,,,,,,,,,,,,,,,,,,,,,,,,,,,,,,,,,,,,,,,,,,High,High,High,,,,,,212.678066,73.9812,688.445513,0.275953,1:00,-0.966568,-0.206252,-0.152335,0.13432,44.923892,63.43538,148.899699,-50.439931,0.328976,-0.770957,-0.545344,54.72598,-19.206644,0.770957,-0.328976,0.545344,-54.72598,19.206644,-0.770957,0.328976,0.545344,-148.899699,50.439931,-0.328976,0.770957,-0.545344
84,2026-10-06,16:53:36.01,1,3,"Carson, Tanner",841179,Right,TEX_BOB,"Wheatley, Luke",10290520,Right,TEX_BOB,Undefined,4,Top,0,2,0,Fastball,Four-Seam,BallCalled,Undefined,Undefined,Undefined,0,0,,89.98928,-2.875847,-1.752675,2441.876033,216.280655,1:15,6.20368,2.20476,5.37,-17.91237,17.21938,11.83418,2.01108,1.54713,82.61869,-6.219944,0.350735,0.4266,,,,,,,,,,,,-6.4354,9.7606,-2.05637,50,5.93315,3.46353,-130.49666,-7.15957,-11.14189,26.42906,-15.27513,TEX_BOB,TEX_BOB,TexasStateUniversity,TeamExclusive,Team,20261006-TexasStateUniversity-Private-1,20c0e6a0-eea5-4af1-a444-37c12e73439d,88.3554,,,7.37059,,,,,,,fe881bac-4a30-4fb5-a103-220cd5b27190,2026-10-06,21:53:36.01,2026-10-06T16:53:36.0180000-05:00,2026-10-06T21:53:36.0180000Z,,v3,471452,471452,,"McKnight, Jaxon",10895897,Right,TEX_BOB,08c815f1-0035-4ff0-9ec6-167d726084ef,55.12952,-131.53142,13.21453,6.20176,-6.56152,-7.63757,-2.20051,3.89976,-5.57094,,,,,,,,,,,,,,,,,,,,,,,,,,,,,,,,,,,,,,,,,,,,,,,,,,,High,High,High,,,,,,210.334436,42.359802,1804.371153,0.738928,1:00,-0.673412,-0.406528,-0.617456,-67.422886,-21.360674,-63.034604,169.791763,-14.411396,0.17165,-0.248883,-0.953202,14.633319,-9.883743,0.248883,-0.17165,0.953202,-14.633319,9.883743,-0.248883,0.17165,0.953202,-169.791763,14.411396,-0.17165,0.248883,-0.953202
85,2026-10-06,16:53:54.43,1,4,"Carson, Tanner",841179,Right,TEX_BOB,"Wheatley, Luke",10290520,Right,TEX_BOB,Undefined,4,Top,0,3,0,Fastball,Four-Seam,StrikeCalled,Undefined,Undefined,Undefined,0,0,"tagging app missed pitch
",88.70184,-2.372496,-2.241461,2442.055696,210.645345,1:00,6.2387,2.28803,5.30348,-20.76859,15.08568,8.34945,2.27782,0.87857,82.32399,-6.199834,-0.759932,0.430965,,,,,,,,,,,,-4.72114,8.43756,-2.09071,50,6.00799,4.67135,-128.77338,-6.07068,-8.05299,22.77504,-17.78183,TEX_BOB,TEX_BOB,TexasStateUniversity,TeamExclusive,Team,20261006-TexasStateUniversity-Private-1,72d78000-c1d0-11f1-804e-4d6eca9479d4,87.46056,,,6.37786,,,,,,,fe881bac-4a30-4fb5-a103-220cd5b27190,2026-10-06,21:53:54.43,2026-10-06T16:53:54.4320000-05:00,2026-10-06T21:53:54.4320000Z,,v3,471452,471452,,"McKnight, Jaxon",10895897,Right,TEX_BOB,802bb51b-e0f7-478b-b404-b8f6b689e069,55.19672,-129.68922,11.38752,6.23773,-5.35562,-8.89092,-2.28506,4.99517,-4.02649,,,,,,,,,,,,,,,,,,,,,,,,,,,,,,,,,,,,,,,,,,,,,,,,,,,High,High,High,,,,,,209.99217,42.566193,1798.565108,0.736496,1:00,-0.685064,-0.395847,-0.611549,-72.290487,-26.374721,-62.804995,165.64231,-17.331931,0.236715,-0.297907,-0.92478,17.855737,-13.692754,0.297907,-0.236715,0.92478,-17.855737,13.692754,-0.297907,0.236715,0.92478,-165.64231,17.331931,-0.236715,0.297907,-0.92478
86,2026-10-06,16:54:14.44,1,5,"Carson, Tanner",841179,Right,TEX_BOB,"Wheatley, Luke",10290520,Right,TEX_BOB,Undefined,4,Top,0,3,1,Fastball,Four-Seam,HitByPitch,Undefined,Undefined,Undefined,0,0,,90.5073,-2.360249,-0.972806,2442.93021,214.092382,1:15,6.36818,1.96361,5.43162,-18.10895,16.30253,10.35469,2.64712,1.91536,83.54187,-5.731604,0.870392,0.422205,,,,,,,,,,,,-5.57378,9.16906,-1.88522,50,6.14673,1.79039,-131.46897,-6.04253,-9.83971,25.61004,-15.98733,TEX_BOB,TEX_BOB,TexasStateUniversity,TeamExclusive,Team,20261006-TexasStateUniversity-Private-1,7eb956f0-c1d0-11f1-804e-4d6eca9479d4,89.27525,,,6.96544,,,,,,,fe881bac-4a30-4fb5-a103-220cd5b27190,2026-10-06,21:54:14.44,2026-10-06T16:54:14.4480000-05:00,2026-10-06T21:54:14.4480000Z,,v3,471452,471452,,"McKnight, Jaxon",10895897,Right,TEX_BOB,5a051f2b-23d0-481c-a73b-0c16c32ab111,55.0707,-132.45306,12.80502,6.36711,-5.42821,-7.99366,-1.96128,2.16849,-4.91986,,,,,,,,,,,,,,,,,,,,,,,,,,,,,,,,,,,,,,,,,,,,,,,,,,,High,High,High,,,,,,205.853266,37.614067,1935.142303,0.79214,12:45,-0.607613,-0.370269,-0.702643,-60.508348,-21.575815,-68.766041,171.506042,-15.281135,0.142483,-0.263555,-0.954063,15.442558,-8.191546,0.263555,-0.142483,0.954063,-15.442558,8.191546,-0.263555,0.142483,0.954063,-171.506042,15.281135,-0.142483,0.263555,-0.954063
87,2026-10-06,16:55:02.92,2,1,"Carson, Tanner",841179,Right,TEX_BOB,"Foor, Daylen",1000165264,Right,TEX_BOB,Undefined,4,Top,0,0,0,Cutter,Slider,BallCalled,Undefined,Undefined,Undefined,0,0,,83.97522,-1.940599,-0.897955,2438.267503,196.822191,12:30,6.06757,2.43412,5.20944,-30.38569,9.35552,2.53343,1.70958,1.80074,78.84633,-7.444814,-0.448458,0.453724,,,,,,,,,,,,-1.46146,5.39878,-2.35309,50,5.86496,1.80866,-122.12556,-5.23447,-2.26181,18.46854,-23.81869,TEX_BOB,TEX_BOB,TexasStateUniversity,TeamExclusive,Team,20261006-TexasStateUniversity-Private-1,9badc110-c1d0-11f1-804e-4d6eca9479d4,83.07344,,,5.12889,,,,,,,fe881bac-4a30-4fb5-a103-220cd5b27190,2026-10-06,21:55:02.92,2026-10-06T16:55:02.9260000-05:00,2026-10-06T21:55:02.9260000Z,,v3,471452,471452,,"McKnight, Jaxon",10895897,Right,TEX_BOB,0eeb3236-7556-409e-bcd9-d15558a8415c,55.29189,-122.92323,9.23427,6.06883,-4.20573,-11.90935,-2.43332,1.90635,-1.13091,,,,,,,,,,,,,,,,,,,,,,,,,,,,,,,,,,,,,,,,,,,,,,,,,,,High,High,High,,,,,,213.638367,70.411254,817.469454,0.335267,1:00,-0.939553,-0.217518,-0.264434,79.270198,-43.575113,-13.284447,147.346164,-53.94992,0.317528,-0.808503,-0.495478,58.498595,-18.513499,0.808503,-0.317528,0.495478,-58.498595,18.513499,-0.808503,0.317528,0.495478,-147.346164,53.94992,-0.317528,0.808503,-0.495478
88,2026-10-06,16:55:27.90,2,2,"Carson, Tanner",841179,Right,TEX_BOB,"Foor, Daylen",1000165264,Right,TEX_BOB,Undefined,4,Top,0,1,0,Sweeper,Slider,BallCalled,Undefined,Undefined,Undefined,0,0,,80.46502,1.520833,-0.246156,2576.944681,119.727011,10:00,5.97963,2.14385,4.64584,-39.51116,5.01862,-6.71902,4.13253,1.35003,74.69367,-5.594414,-1.424572,0.480282,,,,,,,,,,,,3.22051,2.49331,-2.11224,50,6.09916,0.79691,-116.86718,1.59864,4.52945,18.52682,-28.66734,TEX_BOB,TEX_BOB,TexasStateUniversity,TeamExclusive,Team,20261006-TexasStateUniversity-Private-1,aa8c0f20-c1d0-11f1-804e-4d6eca9479d4,78.47974,,,5.77135,,,,,,,fe881bac-4a30-4fb5-a103-220cd5b27190,2026-10-06,21:55:27.90,2026-10-06T16:55:27.9050000-05:00,2026-10-06T21:55:27.9050000Z,,v3,471452,471452,,"McKnight, Jaxon",10895897,Right,TEX_BOB,1eac5167-fe31-458d-8471-fc44b0dca8db,55.85384,-117.79153,9.26341,5.98372,3.02892,-14.33367,-2.14636,0.57092,2.26472,,,,,,,,,,,,,,,,,,,,,,,,,,,,,,,,,,,,,,,,,,,,,,,,,,,High,High,High,,,,,,44.871217,81.499406,380.923105,0.14782,7:30,-0.985439,0.130501,0.108994,4.449688,45.359869,49.296527,129.117777,-53.665323,0.459692,-0.80557,-0.373819,65.106699,-27.367247,0.80557,-0.459692,0.373819,-65.106699,27.367247,-0.80557,0.459692,0.373819,-129.117777,53.665323,-0.459692,0.80557,-0.373819
89,2026-10-06,16:55:51.99,2,3,"Carson, Tanner",841179,Right,TEX_BOB,"Foor, Daylen",1000165264,Right,TEX_BOB,Undefined,4,Top,0,2,0,Fastball,Four-Seam,BallCalled,Undefined,Undefined,Undefined,0,0,,89.57423,0.010953,-3.703777,2413.415299,220.558579,1:15,6.31741,1.62077,5.71077,-22.03446,12.5532,9.95382,4.49143,-1.00516,83.02723,-4.078189,-1.928863,0.423284,,,,,,,,,,,,-5.89099,6.67937,-1.31647,50,6.30454,7.98935,-130.06542,-0.72205,-10.27094,22.73075,-20.52855,TEX_BOB,TEX_BOB,TexasStateUniversity,TeamExclusive,Team,20261006-TexasStateUniversity-Private-1,b8e527a0-c1d0-11f1-804e-4d6eca9479d4,89.04764,,,6.547,,,,,,,fe881bac-4a30-4fb5-a103-220cd5b27190,2026-10-06,21:55:51.99,2026-10-06T16:55:51.9980000-05:00,2026-10-06T21:55:51.9980000Z,,v3,471452,471452,,"McKnight, Jaxon",10895897,Right,TEX_BOB,bc2c08ae-f6e4-43cc-be88-104ce8fcc6ef,54.78904,-130.8997,11.36538,6.31722,0.0314,-10.26428,-1.61662,8.36632,-5.13547,,,,,,,,,,,,,,,,,,,,,,,,,,,,,,,,,,,,,,,,,,,,,,,,,,,High,High,High,,,,,,210.949306,43.620807,1747.122915,0.723921,1:00,-0.728618,-0.372166,-0.574985,-71.968635,-35.398385,-83.90293,174.182397,-21.742934,0.094151,-0.370443,-0.924071,21.844925,-5.402432,0.370443,-0.094151,0.924071,-21.844925,5.402432,-0.370443,0.094151,0.924071,-174.182397,21.742934,-0.094151,0.370443,-0.924071
90,2026-10-06,16:56:13.07,2,4,"Carson, Tanner",841179,Right,TEX_BOB,"Foor, Daylen",1000165264,Right,TEX_BOB,Undefined,4,Top,0,3,0,Fastball,Four-Seam,StrikeCalled,Undefined,Undefined,Undefined,0,0,,88.39341,-2.815885,-2.749997,2423.376525,192.514314,12:30,6.2513,1.43532,5.69085,-17.1282,18.47718,3.88311,2.19443,-0.80604,82.08151,-6.017235,-2.056827,0.429466,,,,,,,,,,,,-2.60709,10.36174,-1.20643,50,6.00337,5.99744,-128.2885,-6.84682,-4.41729,22.38872,-14.61762,TEX_BOB,TEX_BOB,TexasStateUniversity,TeamExclusive,Team,20261006-TexasStateUniversity-Private-1,c5742e80-c1d0-11f1-804e-4d6eca9479d4,87.76578,,,6.3119,,,,,,,fe881bac-4a30-4fb5-a103-220cd5b27190,2026-10-06,21:56:13.07,2026-10-06T16:56:13.0720000-05:00,2026-10-06T21:56:13.0720000Z,,v3,471452,471452,,"McKnight, Jaxon",10895897,Right,TEX_BOB,3eac8924-0850-447b-8014-ba2b1f81191c,54.80856,-129.12495,11.19436,6.24897,-6.3007,-7.30881,-1.43359,6.16247,-2.20865,,,,,,,,,,,,,,,,,,,,,,,,,,,,,,,,,,,,,,,,,,,,,,,,,,,High,High,High,,,,,,208.855873,47.658763,1632.252321,0.673545,1:00,-0.749756,-0.360977,-0.554582,64.307899,45.273861,87.823357,172.836485,-16.370703,0.119646,-0.281851,-0.951969,16.49252,-6.871663,0.281851,-0.119646,0.951969,-16.49252,6.871663,-0.281851,0.119646,0.951969,-172.836485,16.370703,-0.119646,0.281851,-0.951969
91,2026-10-06,16:56:33.49,2,5,"Carson, Tanner",841179,Right,TEX_BOB,"Foor, Daylen",1000165264,Right,TEX_BOB,Undefined,4,Top,0,3,1,Fastball,Four-Seam,StrikeCalled,Undefined,Undefined,Undefined,0,0,,87.91981,-1.880435,-1.372686,2427.644317,203.436357,12:45,6.19199,1.62908,5.75715,-21.71442,14.10394,5.68957,2.63094,0.82522,81.63257,-5.911326,-0.353854,0.430749,,,,,,,,,,,,-3.2211,7.94804,-1.51875,50,6.02268,2.8249,-127.80373,-4.90729,-5.41082,22.48438,-18.82298,TEX_BOB,TEX_BOB,TexasStateUniversity,TeamExclusive,Team,20261006-TexasStateUniversity-Private-1,d1a9f1d0-c1d0-11f1-804e-4d6eca9479d4,87.50442,,,6.28724,,,,,,,fe881bac-4a30-4fb5-a103-220cd5b27190,2026-10-06,21:56:33.49,2026-10-06T16:56:33.4980000-05:00,2026-10-06T21:56:33.4980000Z,,v3,471452,471452,,"McKnight, Jaxon",10895897,Right,TEX_BOB,b62bec83-a2bc-4425-a4a0-c91a4dfb35e2,54.74251,-128.63537,11.24219,6.19132,-4.21108,-9.41149,-1.62694,3.02504,-2.70541,,,,,,,,,,,,,,,,,,,,,,,,,,,,,,,,,,,,,,,,,,,,,,,,,,,High,High,High,,,,,,211.728131,44.999117,1716.630208,0.707118,1:00,-0.708721,-0.394868,-0.584631,50.53573,56.424258,74.550406,169.74924,-14.401293,0.172365,-0.248712,-0.953117,14.624949,-9.92534,0.248712,-0.172365,0.953117,-14.624949,9.92534,-0.248712,0.172365,0.953117,-169.74924,14.401293,-0.172365,0.248712,-0.953117
92,2026-10-06,16:56:55.93,2,6,"Carson, Tanner",841179,Right,TEX_BOB,"Foor, Daylen",1000165264,Right,TEX_BOB,Undefined,4,Top,0,3,2,Sweeper,Slider,BallCalled,Walk,Undefined,Undefined,0,0,,83.28726,-1.043472,-2.191928,2824.549152,78.337634,8:30,6.01029,1.78755,5.24562,-41.64943,-1.02508,-9.97591,1.55806,-1.10468,78.01943,-8.538582,-3.961583,0.458738,,,,,,,,,,,,4.52512,0.02035,-1.57841,50,5.88297,5.0438,-121.06556,-3.73971,6.82894,19.91097,-32.14334,TEX_BOB,TEX_BOB,TexasStateUniversity,TeamExclusive,Team,20261006-TexasStateUniversity-Private-1,df071e20-c1d0-11f1-804e-4d6eca9479d4,82.16552,,,5.26783,,,,,,,fe881bac-4a30-4fb5-a103-220cd5b27190,2026-10-06,21:56:55.93,2026-10-06T16:56:55.9300000-05:00,2026-10-06T21:56:55.9300000Z,,v3,471452,471452,,"McKnight, Jaxon",10895897,Right,TEX_BOB,953da8e7-cdba-4e19-bce1-da4f1e6b00a5,55.25703,-121.92709,9.95549,6.01469,-2.3489,-16.07167,-1.79026,4.74832,3.41447,,,,,,,,,,,,,,,,,,,,,,,,,,,,,,,,,,,,,,,,,,,,,,,,,,,High,High,High,,,,,,46.71414,79.778107,501.246755,0.177461,7:30,-0.980942,0.111238,0.159309,-21.21951,73.816003,29.556327,140.980503,-53.375531,0.37559,-0.802563,-0.463492,59.992903,-22.06078,0.802563,-0.37559,0.463492,-59.992903,22.06078,-0.802563,0.37559,0.463492,-140.980503,53.375531,-0.37559,0.802563,-0.463492
93,2026-10-06,16:57:42.34,3,1,"Carson, Tanner",841179,Right,TEX_BOB,"Byrd, Cadyn",1000608881,Left,TEX_BOB,Undefined,4,Top,0,0,0,Cutter,Slider,BallCalled,Undefined,Undefined,Undefined,0,0,,84.10392,-1.741247,-3.331182,2539.785285,181.051017,12:00,6.17567,2.04257,5.03802,-29.95045,10.33638,0.16976,2.03384,-1.08943,78.35741,-7.165745,-3.30126,0.456828,,,,,,,,,,,,-0.85689,5.85996,-1.7244,50,5.9851,7.09533,-122.02339,-4.80867,-1.3132,20.31009,-23.19346,TEX_BOB,TEX_BOB,TexasStateUniversity,TeamExclusive,Team,20261006-TexasStateUniversity-Private-1,faaa2910-c1d0-11f1-804e-4d6eca9479d4,82.509,,,5.74651,,,,,,,fe881bac-4a30-4fb5-a103-220cd5b27190,2026-10-06,21:57:42.34,2026-10-06T16:57:42.3440000-05:00,2026-10-06T21:57:42.3440000Z,,v3,471452,471452,,"McKnight, Jaxon",10895897,Right,TEX_BOB,4b9372a9-8d58-4603-9852-b038ba28e1da,55.46362,-122.92942,10.15504,6.17653,-3.77402,-11.59673,-2.04222,7.15391,-0.6566,,,,,,,,,,,,,,,,,,,,,,,,,,,,,,,,,,,,,,,,,,,,,,,,,,,High,High,High,,,,,,204.51612,83.016243,308.807313,0.121588,12:45,-0.995344,-0.08059,-0.052879,1.397861,56.497521,61.733202,153.008206,-55.724628,0.255602,-0.82634,-0.501826,58.730247,-14.809281,0.82634,-0.255602,0.501826,-58.730247,14.809281,-0.82634,0.255602,0.501826,-153.008206,55.724628,-0.255602,0.82634,-0.501826
94,2026-10-06,16:58:16.58,3,2,"Carson, Tanner",841179,Right,TEX_BOB,"Byrd, Cadyn",1000608881,Left,TEX_BOB,Undefined,4,Top,0,1,0,Fastball,Four-Seam,BallCalled,Undefined,Undefined,Undefined,0,0,,89.82979,-1.194143,-1.685332,2538.930886,191.984551,12:30,6.23674,2.08418,5.28002,-19.9271,15.11769,2.99851,3.454,0.7508,82.99565,-4.8848,-1.15349,0.426072,,,,,,,,,,,,-1.90973,8.17158,-1.93267,50,6.11331,3.7025,-130.46844,-3.42519,-3.33269,24.25032,-17.91384,TEX_BOB,TEX_BOB,TexasStateUniversity,TeamExclusive,Team,20261006-TexasStateUniversity-Private-1,0f0ea660-c1d1-11f1-804e-4d6eca9479d4,88.46493,,,6.83413,,,,,,,fe881bac-4a30-4fb5-a103-220cd5b27190,2026-10-06,21:58:16.58,2026-10-06T16:58:16.5860000-05:00,2026-10-06T21:58:16.5860000Z,,v3,471452,471452,,"McKnight, Jaxon",10895897,Right,TEX_BOB,97da16db-d43e-4cf1-ad67-2d765403f797,55.21898,-131.43492,12.12516,6.23559,-2.71125,-8.95692,-2.08287,3.83532,-1.66635,,,,,,,,,,,,,,,,,,,,,,,,,,,,,,,,,,,,,,,,,,,,,,,,,,,High,High,High,,,,,,207.319793,52.047408,1561.46598,0.615009,1:00,-0.798198,-0.298634,-0.523161,-77.470189,-31.462507,-71.301152,164.977755,-15.364346,0.249931,-0.264956,-0.931307,15.88101,-14.473404,0.264956,-0.249931,0.931307,-15.88101,14.473404,-0.264956,0.249931,0.931307,-164.977755,15.364346,-0.249931,0.264956,-0.931307
95,2026-10-06,16:58:36.54,3,3,"Carson, Tanner",841179,Right,TEX_BOB,"Byrd, Cadyn",1000608881,Left,TEX_BOB,Undefined,4,Top,0,2,0,Cutter,Slider,BallCalled,Undefined,Undefined,Undefined,0,0,,85.63851,-0.865671,-0.787776,2560.301782,204.388914,12:45,6.01216,2.60687,4.99372,-29.40187,9.01768,3.67307,2.74454,2.16913,80.36059,-6.184262,-0.138969,0.446116,,,,,,,,,,,,-1.98291,4.95496,-2.53418,50,5.90483,1.55099,-124.5891,-3.00084,-3.20107,18.67924,-24.1752,TEX_BOB,TEX_BOB,TexasStateUniversity,TeamExclusive,Team,20261006-TexasStateUniversity-Private-1,1b005bd0-c1d1-11f1-804e-4d6eca9479d4,84.49026,,,5.27793,,,,,,,fe881bac-4a30-4fb5-a103-220cd5b27190,2026-10-06,21:58:36.54,2026-10-06T16:58:36.5470000-05:00,2026-10-06T21:58:36.5470000Z,,v3,471452,471452,,"McKnight, Jaxon",10895897,Right,TEX_BOB,aba0437d-4854-486d-be38-4403b956c580,55.50707,-125.41204,9.33962,6.01358,-1.93576,-12.0876,-2.60561,1.69202,-1.60053,,,,,,,,,,,,,,,,,,,,,,,,,,,,,,,,,,,,,,,,,,,,,,,,,,,High,High,High,,,,,,218.302244,78.829631,495.999641,0.193727,1:15,-0.981127,-0.134882,-0.138551,-68.845788,62.436934,-0.119216,144.530214,-55.207895,0.331104,-0.821228,-0.464709,60.495721,-19.335818,0.821228,-0.331104,0.464709,-60.495721,19.335818,-0.821228,0.331104,0.464709,-144.530214,55.207895,-0.331104,0.821228,-0.464709
96,2026-10-06,16:59:00.76,3,4,"Carson, Tanner",841179,Right,TEX_BOB,"Byrd, Cadyn",1000608881,Left,TEX_BOB,Undefined,4,Top,0,3,0,Fastball,Four-Seam,StrikeCalled,Undefined,Undefined,Undefined,0,0,,90.4188,-2.028124,-3.59806,2452.400228,205.744029,12:45,6.32173,2.03969,5.67978,-15.54698,18.88847,8.59233,3.13103,-0.60277,82.88239,-4.975371,-2.066611,0.422352,,,,,,,,,,,,-5.30095,10.44564,-1.74159,50,6.14075,7.86071,-131.04651,-5.11539,-9.26273,26.43847,-13.92157,TEX_BOB,TEX_BOB,TexasStateUniversity,TeamExclusive,Team,20261006-TexasStateUniversity-Private-1,296a3d30-c1d1-11f1-804e-4d6eca9479d4,89.24414,,,7.53641,,,,,,,fe881bac-4a30-4fb5-a103-220cd5b27190,2026-10-06,21:59:00.76,2026-10-06T16:59:00.7690000-05:00,2026-10-06T21:59:00.7690000Z,,v3,471452,471452,,"McKnight, Jaxon",10895897,Right,TEX_BOB,8fa63ad6-53f0-400a-b704-51ba19ac94b0,54.81845,-132.01505,13.21924,6.31881,-4.60539,-6.96079,-2.03577,8.20004,-4.63136,,,,,,,,,,,,,,,,,,,,,,,,,,,,,,,,,,,,,,,,,,,,,,,,,,,High,High,High,,,,,,207.147016,41.389814,1839.860854,0.750229,1:00,-0.689267,-0.365495,-0.625559,-65.386568,-29.261822,-75.829706,171.430869,-15.25288,0.143754,-0.26308,-0.954004,15.416924,-8.265125,0.26308,-0.143754,0.954004,-15.416924,8.265125,-0.26308,0.143754,0.954004,-171.430869,15.25288,-0.143754,0.26308,-0.954004
97,2026-10-06,16:59:22.91,3,5,"Carson, Tanner",841179,Right,TEX_BOB,"Byrd, Cadyn",1000608881,Left,TEX_BOB,Undefined,4,Top,0,3,1,Fastball,Four-Seam,BallCalled,Walk,Undefined,Undefined,0,0,,90.54145,-3.761507,-3.8473,2409.671,201.370506,12:45,6.21311,2.12898,5.53672,-15.04375,19.60442,7.2428,1.43064,-0.86887,83.12155,-6.598422,-2.560455,0.423654,,,,,,,,,,,,-4.70032,11.26016,-1.79979,50,5.87593,8.49071,-130.98302,-9.09574,-8.20332,26.4755,-12.52209,TEX_BOB,TEX_BOB,TexasStateUniversity,TeamExclusive,Team,20261006-TexasStateUniversity-Private-1,369ab430-c1d1-11f1-804e-4d6eca9479d4,88.96982,,,7.41989,,,,,,,fe881bac-4a30-4fb5-a103-220cd5b27190,2026-10-06,21:59:22.91,2026-10-06T16:59:22.9190000-05:00,2026-10-06T21:59:22.9190000Z,,v3,471452,471452,,"McKnight, Jaxon",10895897,Right,TEX_BOB,8eef579a-61a5-4965-9b80-85221a900084,54.96287,-131.98235,13.23775,6.21033,-8.62309,-6.26104,-2.12612,8.80034,-4.10166,,,,,,,,,,,,,,,,,,,,,,,,,,,,,,,,,,,,,,,,,,,,,,,,,,,High,High,High,,,,,,210.184876,41.564735,1802.931711,0.748207,1:00,-0.679316,-0.418907,-0.602533,-68.764822,-22.72684,-65.334766,171.455825,-15.453434,0.143201,-0.266455,-0.95315,15.618446,-8.233095,0.266455,-0.143201,0.95315,-15.618446,8.233095,-0.266455,0.143201,0.95315,-171.455825,15.453434,-0.143201,0.266455,-0.95315
98,2026-10-06,16:59:58.67,4,1,"Carson, Tanner",841179,Right,TEX_BOB,"Anctil, Justin",1000608882,Right,TEX_BOB,Undefined,4,Top,0,0,0,Cutter,Slider,BallCalled,Undefined,Undefined,Undefined,0,0,,84.33119,-0.23848,-1.231588,2598.651759,166.103731,11:30,6.07431,2.41296,5.1563,-30.77226,8.91193,-1.94866,3.28542,1.09107,78.52283,-5.84054,-1.5766,0.453399,,,,,,,,,,,,0.6952,4.83276,-2.29638,50,6.02838,2.71942,-122.59925,-1.63266,1.07786,19.99306,-24.68114,TEX_BOB,TEX_BOB,TexasStateUniversity,TeamExclusive,Team,20261006-TexasStateUniversity-Private-1,4bf24410-c1d1-11f1-804e-4d6eca9479d4,83.13311,,,5.80836,,,,,,,fe881bac-4a30-4fb5-a103-220cd5b27190,2026-10-06,21:59:58.67,2026-10-06T16:59:58.6750000-05:00,2026-10-06T21:59:58.6750000Z,,v3,471452,471452,,"McKnight, Jaxon",10895897,Right,TEX_BOB,5c77d37e-6e6c-499f-9e49-fb84ab013ae9,55.34365,-123.4676,9.99653,6.07601,-0.56069,-12.34057,-2.41347,2.67261,0.53893,,,,,,,,,,,,,,,,,,,,,,,,,,,,,,,,,,,,,,,,,,,,,,,,,,,High,High,High,,,,,,223.894815,81.712181,374.584796,0.144146,1:30,-0.991136,-0.104059,-0.082589,-74.984705,62.508611,-7.642853,140.866041,-53.683852,0.373784,-0.805761,-0.459384,60.311466,-21.949175,0.805761,-0.373784,0.459384,-60.311466,21.949175,-0.805761,0.373784,0.459384,-140.866041,53.683852,-0.373784,0.805761,-0.459384
99,2026-10-06,17:00:20.13,4,2,"Carson, Tanner",841179,Right,TEX_BOB,"Anctil, Justin",1000608882,Right,TEX_BOB,Undefined,4,Top,0,1,0,Fastball,Four-Seam,InPlay,Undefined,GroundBall,FieldersChoice,1,1,,89.84476,-1.727005,-2.619345,2502.59781,200.084639,12:45,6.27021,2.14926,5.47207,-17.8482,17.15273,5.88681,3.16453,0.1869,82.60485,-5.068799,-1.572526,0.425805,99.85864,5.210179,-35.348574,4016.60235,,,,83.04095,76.75806,-36.842667,0.621829,-3.67236,9.44205,-1.92317,50,6.10637,5.70769,-130.37265,-4.52562,-6.36236,25.7132,-15.81568,TEX_BOB,TEX_BOB,TexasStateUniversity,TeamExclusive,Team,20261006-TexasStateUniversity-Private-1,58b664b0-c1d1-11f1-804e-4d6eca9479d4,88.52036,4.4467,,7.23991,,,,1.36217,3.05673,-0.07171,fe881bac-4a30-4fb5-a103-220cd5b27190,2026-10-06,22:00:20.13,2026-10-06T17:00:20.1380000-05:00,2026-10-06T22:00:20.1380000Z,GroundBall,v3,471452,471452,,"McKnight, Jaxon",10895897,Right,TEX_BOB,24245e08-9c7e-49bb-b242-36733113cb9c,55.02801,-131.36057,12.8566,6.26857,-3.91797,-7.90784,-2.14716,5.95214,-3.18118,38.176398,1.40219,118.09453,-21.769,,,,,,,3.11847,11.94729,-27.42492,,,,,,,-0.06753,-84.48155,7.25255,,,,,,,,,,,,,,,,,,,,,,,,,,,,,High,High,High,High,High,,,,209.791425,45.63308,1749.943313,0.699251,1:00,-0.731079,-0.368805,-0.574027,-71.345287,-33.00411,-71.01851,166.869503,-14.702376,0.219732,-0.253798,-0.941968,15.079329,-12.693265,0.253798,-0.219732,0.941968,-15.079329,12.693265,-0.253798,0.219732,0.941968,-166.869503,14.702376,-0.219732,0.253798,-0.941968
100,2026-10-06,17:01:08.80,5,1,"Carson, Tanner",841179,Right,TEX_BOB,"Fryman, Bennett",814538,Left,TEX_BOB,Undefined,4,Top,1,0,0,Cutter,Cutter,InPlay,Undefined,LineDrive,Double,0,1,,87.76769,-2.4177,-2.883501,2575.85486,189.459311,12:15,6.2294,2.13781,5.36561,-27.33072,9.28363,1.37866,1.68061,-0.45335,81.60846,-7.398852,-2.63872,0.435509,108.65313,14.779145,33.057648,3010.124944,87.61403,21.89182,66.51107,274.42843,168.56491,43.564929,2.43865,-1.38658,5.54878,-1.8799,50,5.99251,6.35652,-127.36193,-6.37718,-2.30968,22.69656,-22.93116,TEX_BOB,TEX_BOB,TexasStateUniversity,TeamExclusive,Team,20261006-TexasStateUniversity-Private-1,75bbe5d0-c1d1-11f1-804e-4d6eca9479d4,86.54801,24.01592,,6.15923,,,,1.47311,1.30859,0.79022,fe881bac-4a30-4fb5-a103-220cd5b27190,2026-10-06,22:01:08.80,2026-10-06T17:01:08.8090000-05:00,2026-10-06T22:01:08.8090000Z,LineDrive,v3,471452,471452,,"McKnight, Jaxon",10895897,Right,TEX_BOB,806171ec-1be6-4355-9a95-ce485f7ad7e3,55.13559,-128.27385,11.34828,6.23023,-5.45583,-11.46558,-2.13716,6.44932,-1.15484,,1.47286,129.15438,-31.64348,7.71664,-1.84097,0.42191,-0.07294,0.00429,0.00044,1.30872,40.64475,-19.71976,1.57139,-0.22785,0.03247,-0.00928,0.0039,-0.00059,0.79045,84.04018,-1.05398,-1.65927,0.71412,-0.21214,0.03787,-0.00131,-0.00042,,,,,,,,,,,,,,,,,,,,,,,High,High,High,Medium,Medium,,,,209.290069,70.064276,878.278287,0.340966,1:00,-0.945981,-0.206319,-0.250103,-29.027095,50.828589,35.31605,146.566587,-47.987163,0.368761,-0.742995,-0.558546,53.06599,-21.639222,0.742995,-0.368761,0.558546,-53.06599,21.639222,-0.742995,0.368761,0.558546,-146.566587,47.987163,-0.368761,0.742995,-0.558546