GameUID,PitchNo,PitchUID,PlayID,Date,Time,UTCDate,UTCTime,LocalDateTime,UTCDateTime,PitcherTeam,BatterTeam,PitchCall,PlayResult,DetectedShift,1B_PositionAtReleaseX,1B_PositionAtReleaseZ,2B_PositionAtReleaseX,2B_PositionAtReleaseZ,3B_PositionAtReleaseX,3B_PositionAtReleaseZ,SS_PositionAtReleaseX,SS_PositionAtReleaseZ,LF_PositionAtReleaseX,LF_PositionAtReleaseZ,CF_PositionAtReleaseX,CF_PositionAtReleaseZ,RF_PositionAtReleaseX,RF_PositionAtReleaseZ,1B_Name,1B_Id,2B_Name,2B_Id,3B_Name,3B_Id,SS_Name,SS_Id,LF_Name,LF_Id,CF_Name,CF_Id,RF_Name,RF_Id,FHC,FieldedBy,FieldedPosition
e3b2e70a-97ae-4a85-8a03-cad3bc3b291e,1,9d9e9f80-b857-11f1-bb3b-79eba3515486,d5ba57e6-c8be-484b-97f7-0e230de1e3b6,2026-09-24,15:36:16.60,2026-09-24,20:36:16.60,2026-09-24T15:36:16.6040576-05:00,2026-09-24T20:36:16.6040576Z,TEX_BOB,TEX_BOB,BallCalled,Undefined,NoShift,93.03798,81.97276,143.40545,53.37732,81.93481,-47.99784,146.00276,-34.87326,231.87996,-147.04345,309.40994,-8.51893,245.30186,124.61562,"Sidener, Walk On",0,"Foor, Daylen",1000165264,"Leininger, Ryley",816158,"Alaniz, Rylan",10304817,"McKnight, Jaxon",10895897,"Byrd, Cadyn",1000608881,"Fryman, Bennett",814538,TRUE,,
e3b2e70a-97ae-4a85-8a03-cad3bc3b291e,2,a879b4d0-b857-11f1-bb3b-79eba3515486,29e48b6f-8560-4e22-a4eb-3b0a287177ba,2026-09-24,15:36:34.80,2026-09-24,20:36:34.80,2026-09-24T15:36:34.8010496-05:00,2026-09-24T20:36:34.8010496Z,TEX_BOB,TEX_BOB,StrikeCalled,Undefined,NoShift,93.80943,82.72696,144.18493,54.19743,85.36091,-51.08825,144.09298,-33.44271,232.76202,-148.60843,313.45243,-8.75079,250.20336,125.70236,"Sidener, Walk On",0,"Foor, Daylen",1000165264,"Leininger, Ryley",816158,"Alaniz, Rylan",10304817,"McKnight, Jaxon",10895897,"Byrd, Cadyn",1000608881,"Fryman, Bennett",814538,TRUE,,
e3b2e70a-97ae-4a85-8a03-cad3bc3b291e,3,b3e71f10-b857-11f1-bb3b-79eba3515486,312c5310-5c3e-40f4-850a-bd6890213218,2026-09-24,15:36:53.94,2026-09-24,20:36:53.94,2026-09-24T15:36:53.9446784-05:00,2026-09-24T20:36:53.9446784Z,TEX_BOB,TEX_BOB,BallCalled,Undefined,NoShift,92.60875,82.36811,145.82869,58.60409,88.31498,-53.25773,145.2118,-34.01775,230.82235,-147.96396,309.17947,-7.67322,246.50001,125.12139,"Sidener, Walk On",0,"Foor, Daylen",1000165264,"Leininger, Ryley",816158,"Alaniz, Rylan",10304817,"McKnight, Jaxon",10895897,"Byrd, Cadyn",1000608881,"Fryman, Bennett",814538,TRUE,,
e3b2e70a-97ae-4a85-8a03-cad3bc3b291e,4,c0323f20-b857-11f1-bb3b-79eba3515486,13ce1143-3f86-48b8-a4b8-26f6f6faad18,2026-09-24,15:37:14.61,2026-09-24,20:37:14.61,2026-09-24T15:37:14.6111488-05:00,2026-09-24T20:37:14.6111488Z,TEX_BOB,TEX_BOB,InPlay,Double,NoShift,93.87778,82.53361,144.3027,58.35328,89.84145,-55.68162,144.16176,-33.35893,232.42395,-151.42698,311.4042,-6.09229,249.02335,126.54931,"Sidener, Walk On",0,"Foor, Daylen",1000165264,"Leininger, Ryley",816158,"Alaniz, Rylan",10304817,"McKnight, Jaxon",10895897,"Byrd, Cadyn",1000608881,"Fryman, Bennett",814538,TRUE,"Byrd, Cadyn",CF
e3b2e70a-97ae-4a85-8a03-cad3bc3b291e,5,de2d1cc0-b857-11f1-bb3b-79eba3515486,0856f8a3-903c-4945-8c8d-1033599a882d,2026-09-24,15:38:04.93,2026-09-24,20:38:04.93,2026-09-24T15:38:04.9381376-05:00,2026-09-24T20:38:04.9381376Z,TEX_BOB,TEX_BOB,StrikeCalled,Undefined,NoShift,95.02942,74.16176,137.83249,19.5652,86.61509,-64.54957,138.65296,-48.69798,238.9239,-148.1626,309.27539,-9.38577,250.07383,128.65053,"Sidener, Walk On",0,"Foor, Daylen",1000165264,"Leininger, Ryley",816158,"Alaniz, Rylan",10304817,"McKnight, Jaxon",10895897,"Byrd, Cadyn",1000608881,"Fryman, Bennett",814538,TRUE,,
e3b2e70a-97ae-4a85-8a03-cad3bc3b291e,6,e98c2f20-b857-11f1-bb3b-79eba3515486,65855197-003a-4f52-84fe-acae60515563,2026-09-24,15:38:24.00,2026-09-24,20:38:24.00,2026-09-24T15:38:24.0092160-05:00,2026-09-24T20:38:24.0092160Z,TEX_BOB,TEX_BOB,InPlay,Out,NoShift,94.78643,75.0856,147.07591,30.68315,87.18392,-65.82064,137.57478,-50.2283,236.44422,-147.47825,303.26133,-7.84405,247.83646,126.82915,"Sidener, Walk On",0,"Foor, Daylen",1000165264,"Leininger, Ryley",816158,"Alaniz, Rylan",10304817,"McKnight, Jaxon",10895897,"Byrd, Cadyn",1000608881,"Fryman, Bennett",814538,TRUE,0,1B
e3b2e70a-97ae-4a85-8a03-cad3bc3b291e,7,026b8630-b858-11f1-bb3b-79eba3515486,129916d7-e760-48d8-b7b9-4a9627d8cf80,2026-09-24,15:39:05.61,2026-09-24,20:39:05.61,2026-09-24T15:39:05.6180736-05:00,2026-09-24T20:39:05.6180736Z,TEX_BOB,TEX_BOB,BallCalled,Undefined,NoShift,95.11327,73.33459,145.0569,42.18134,83.0678,-61.17201,137.88297,-50.01217,233.03294,-152.87086,305.62605,-13.51154,246.88465,126.22773,"Sidener, Walk On",0,"Foor, Daylen",1000165264,"Leininger, Ryley",816158,"Alaniz, Rylan",10304817,"McKnight, Jaxon",10895897,"Byrd, Cadyn",1000608881,"Fryman, Bennett",814538,TRUE,,
e3b2e70a-97ae-4a85-8a03-cad3bc3b291e,8,0eb14f10-b858-11f1-bb3b-79eba3515486,1caf6d6b-4908-4313-94f1-d756c7122dd9,2026-09-24,15:39:26.32,2026-09-24,20:39:26.32,2026-09-24T15:39:26.3275008-05:00,2026-09-24T20:39:26.3275008Z,TEX_BOB,TEX_BOB,BallCalled,Undefined,NoShift,95.32384,74.43473,143.02382,43.77854,83.92243,-62.04694,135.63619,-51.59145,232.96067,-148.98824,299.96283,-13.71063,248.40833,126.13859,"Sidener, Walk On",0,"Foor, Daylen",1000165264,"Leininger, Ryley",816158,"Alaniz, Rylan",10304817,"McKnight, Jaxon",10895897,"Byrd, Cadyn",1000608881,"Fryman, Bennett",814538,TRUE,,
e3b2e70a-97ae-4a85-8a03-cad3bc3b291e,9,23eacfa0-b858-11f1-bb3b-79eba3515486,99ae49af-2adc-45a6-84f4-e73cb75ff2a1,2026-09-24,15:39:50.00,2026-09-24,20:39:50.00,2026-09-24T15:39:50.0000000-05:00,2026-09-24T20:39:50.0000000Z,TEX_BOB,TEX_BOB,BallCalled,Undefined,,,,,,,,,,,,,,,,"Sidener, Walk On",0,"Foor, Daylen",1000165264,"Leininger, Ryley",816158,"Alaniz, Rylan",10304817,"McKnight, Jaxon",10895897,"Byrd, Cadyn",1000608881,"Fryman, Bennett",814538,FALSE,,
e3b2e70a-97ae-4a85-8a03-cad3bc3b291e,10,326579e0-b858-11f1-bb3b-79eba3515486,2794c3e2-cde5-46a9-a23b-60202b8d4ebf,2026-09-24,15:40:14.00,2026-09-24,20:40:14.00,2026-09-24T15:40:14.0000000-05:00,2026-09-24T20:40:14.0000000Z,TEX_BOB,TEX_BOB,FoulBallNotFieldable,Undefined,,,,,,,,,,,,,,,,"Sidener, Walk On",0,"Foor, Daylen",1000165264,"Leininger, Ryley",816158,"Alaniz, Rylan",10304817,"McKnight, Jaxon",10895897,"Byrd, Cadyn",1000608881,"Fryman, Bennett",814538,FALSE,,
e3b2e70a-97ae-4a85-8a03-cad3bc3b291e,11,3a2e6d30-b858-11f1-bb3b-79eba3515486,12e95db8-8a6a-4560-ba9d-091084e10a2b,2026-09-24,15:40:39.25,2026-09-24,20:40:39.25,2026-09-24T15:40:39.2521728-05:00,2026-09-24T20:40:39.2521728Z,TEX_BOB,TEX_BOB,BallCalled,Undefined,NoShift,94.50893,73.5821,145.20435,43.15003,83.38011,-62.40886,135.69597,-51.54624,232.05259,-150.45076,302.45113,-12.26551,237.36466,124.40601,"Sidener, Walk On",0,"Foor, Daylen",1000165264,"Leininger, Ryley",816158,"Alaniz, Rylan",10304817,"McKnight, Jaxon",10895897,"Byrd, Cadyn",1000608881,"Fryman, Bennett",814538,TRUE,,
e3b2e70a-97ae-4a85-8a03-cad3bc3b291e,12,4dbde740-b858-11f1-bb3b-79eba3515486,4efb8413-40d5-4807-9ac0-1fc23865eb8b,2026-09-24,15:41:12.04,2026-09-24,20:41:12.04,2026-09-24T15:41:12.0428032-05:00,2026-09-24T20:41:12.0428032Z,TEX_BOB,TEX_BOB,BallCalled,Undefined,NoShift,96.31261,78.42484,146.21365,40.6228,88.91804,-68.28596,138.18378,-51.20084,236.585,-152.31642,306.28965,-14.11636,244.62758,123.22111,"Sidener, Walk On",0,"Foor, Daylen",1000165264,"Leininger, Ryley",816158,"Alaniz, Rylan",10304817,"McKnight, Jaxon",10895897,"Byrd, Cadyn",1000608881,"Fryman, Bennett",814538,TRUE,,
e3b2e70a-97ae-4a85-8a03-cad3bc3b291e,13,5a1d52a0-b858-11f1-bb3b-79eba3515486,99cff5bc-0c5f-4d4a-8eb1-0aba33a3bc5d,2026-09-24,15:41:32.85,2026-09-24,20:41:32.85,2026-09-24T15:41:32.8527872-05:00,2026-09-24T20:41:32.8527872Z,TEX_BOB,TEX_BOB,BallCalled,Undefined,NoShift,96.05601,79.50192,144.80982,44.42552,88.77573,-68.29232,137.2076,-48.07903,231.43715,-148.11025,302.79552,-13.16951,247.82465,124.16698,"Sidener, Walk On",0,"Foor, Daylen",1000165264,"Leininger, Ryley",816158,"Alaniz, Rylan",10304817,"McKnight, Jaxon",10895897,"Byrd, Cadyn",1000608881,"Fryman, Bennett",814538,TRUE,,
e3b2e70a-97ae-4a85-8a03-cad3bc3b291e,14,672ea8e0-b858-11f1-bb3b-79eba3515486,f27fa13b-80e1-49bf-955e-211060acd47f,2026-09-24,15:41:54.73,2026-09-24,20:41:54.73,2026-09-24T15:41:54.7383296-05:00,2026-09-24T20:41:54.7383296Z,TEX_BOB,TEX_BOB,BallCalled,Undefined,NoShift,94.86115,77.60001,142.89366,42.45832,88.61905,-68.33629,137.7639,-52.40859,229.25937,-148.69632,302.67681,-14.13486,246.83729,125.54794,"Sidener, Walk On",0,"Foor, Daylen",1000165264,"Leininger, Ryley",816158,"Alaniz, Rylan",10304817,"McKnight, Jaxon",10895897,"Byrd, Cadyn",1000608881,"Fryman, Bennett",814538,TRUE,,
e3b2e70a-97ae-4a85-8a03-cad3bc3b291e,15,76632d40-b858-11f1-bb3b-79eba3515486,90873238-fa88-4ea4-b670-580f9400d693,2026-09-24,15:42:20.29,2026-09-24,20:42:20.29,2026-09-24T15:42:20.2917376-05:00,2026-09-24T20:42:20.2917376Z,TEX_BOB,TEX_BOB,StrikeCalled,Undefined,NoShift,95.84761,75.32062,145.42309,43.06909,87.58749,-67.45036,137.02028,-51.22966,230.581,-147.67168,305.82808,-13.75736,247.43968,125.30335,"Sidener, Walk On",0,"Foor, Daylen",1000165264,"Leininger, Ryley",816158,"Alaniz, Rylan",10304817,"McKnight, Jaxon",10895897,"Byrd, Cadyn",1000608881,"Fryman, Bennett",814538,TRUE,,
e3b2e70a-97ae-4a85-8a03-cad3bc3b291e,16,839d4130-b858-11f1-bb3b-79eba3515486,59855d7a-ef71-4918-b439-c9b3c09a47c3,2026-09-24,15:42:42.46,2026-09-24,20:42:42.46,2026-09-24T15:42:42.4615936-05:00,2026-09-24T20:42:42.4615936Z,TEX_BOB,TEX_BOB,BallCalled,Undefined,NoShift,96.49297,75.76385,143.0684,41.82269,88.52124,-67.73093,136.46663,-50.14805,230.21277,-145.4072,304.06792,-11.09515,248.25895,124.34414,"Sidener, Walk On",0,"Foor, Daylen",1000165264,"Leininger, Ryley",816158,"Alaniz, Rylan",10304817,"McKnight, Jaxon",10895897,"Byrd, Cadyn",1000608881,"Fryman, Bennett",814538,TRUE,,
e3b2e70a-97ae-4a85-8a03-cad3bc3b291e,17,9965e260-b858-11f1-bb3b-79eba3515486,1de9318c-b3c6-4d1c-b96f-6b1e1d9b85f6,2026-09-24,15:43:19.02,2026-09-24,20:43:19.02,2026-09-24T15:43:19.0263296-05:00,2026-09-24T20:43:19.0263296Z,TEX_BOB,TEX_BOB,FoulBallNotFieldable,Undefined,NoShift,62.85065,58.48096,146.96974,33.23499,87.94756,-67.79802,139.69173,-49.94885,233.09516,-147.16857,304.15,-11.65719,247.63278,127.10058,"Sidener, Walk On",0,"Foor, Daylen",1000165264,"Leininger, Ryley",816158,"Alaniz, Rylan",10304817,"McKnight, Jaxon",10895897,"Byrd, Cadyn",1000608881,"Fryman, Bennett",814538,TRUE,,
e3b2e70a-97ae-4a85-8a03-cad3bc3b291e,18,acfe0f00-b858-11f1-bb3b-79eba3515486,dd38a652-83de-48b4-9ba9-f2ce6393653f,2026-09-24,15:43:51.90,2026-09-24,20:43:51.90,2026-09-24T15:43:51.9020000-05:00,2026-09-24T20:43:51.9020000Z,TEX_BOB,TEX_BOB,InPlay,Out,NoShift,62.92849,58.25854,147.08483,32.88748,86.56524,-67.6074,135.48312,-50.71517,225.38076,-145.3457,300.48958,-10.94842,241.43942,124.33531,"Sidener, Walk On",0,"Foor, Daylen",1000165264,"Leininger, Ryley",816158,"Alaniz, Rylan",10304817,"McKnight, Jaxon",10895897,"Byrd, Cadyn",1000608881,"Fryman, Bennett",814538,TRUE,"Wheatley, Luke",SS
e3b2e70a-97ae-4a85-8a03-cad3bc3b291e,19,2275c660-b859-11f1-bb3b-79eba3515486,eec4a8d8-640a-4023-bcc7-cfcc04945e38,2026-09-24,15:47:08.97,2026-09-24,20:47:08.97,2026-09-24T15:47:08.9756672-05:00,2026-09-24T20:47:08.9756672Z,TEX_BOB,TEX_BOB,BallCalled,Undefined,NoShift,92.18204,76.86593,147.43852,68.10163,91.6071,-48.77484,147.62157,-36.04761,255.09483,-127.66544,308.35787,-2.79048,239.33866,137.18263,"Gillis, Jacob",10036249,"Boles, Brady",841175,"Carson, Tanner",841179,"Wheatley, Luke",10290520,"Pellien, Walk On",0,"Cotton, Jackson",828562,"Mitchell, Drayton",10156664,TRUE,,
e3b2e70a-97ae-4a85-8a03-cad3bc3b291e,20,2b97ba00-b859-11f1-bb3b-79eba3515486,881715fa-8e74-48e3-ab4a-980befd09859,2026-09-24,15:47:24.28,2026-09-24,20:47:24.28,2026-09-24T15:47:24.2808832-05:00,2026-09-24T20:47:24.2808832Z,TEX_BOB,TEX_BOB,FoulBallNotFieldable,Undefined,NoShift,91.18811,76.4598,148.00049,69.5728,91.27064,-47.35953,147.65019,-35.88332,257.15919,-125.68262,304.19795,-3.06971,241.65215,139.29091,"Gillis, Jacob",10036249,"Boles, Brady",841175,"Carson, Tanner",841179,"Wheatley, Luke",10290520,"Pellien, Walk On",0,"Cotton, Jackson",828562,"Mitchell, Drayton",10156664,TRUE,,
e3b2e70a-97ae-4a85-8a03-cad3bc3b291e,21,393598d0-b859-11f1-bb3b-79eba3515486,e7d46a0e-c2bb-4aa7-ab99-55c9e67bf2e2,2026-09-24,15:47:47.07,2026-09-24,20:47:47.07,2026-09-24T15:47:47.0719488-05:00,2026-09-24T20:47:47.0719488Z,TEX_BOB,TEX_BOB,BallCalled,Undefined,NoShift,92.16518,76.8936,149.27457,72.00285,99.3041,-48.87243,149.92548,-31.22523,260.22074,-124.18487,303.95862,-3.35791,245.02871,141.3811,"Gillis, Jacob",10036249,"Boles, Brady",841175,"Carson, Tanner",841179,"Wheatley, Luke",10290520,"Pellien, Walk On",0,"Cotton, Jackson",828562,"Mitchell, Drayton",10156664,TRUE,,
e3b2e70a-97ae-4a85-8a03-cad3bc3b291e,22,418dacc0-b859-11f1-bb3b-79eba3515486,0ef1adfd-cee2-4b7a-a0ad-a2914ecc1e5a,2026-09-24,15:48:01.10,2026-09-24,20:48:01.10,2026-09-24T15:48:01.1008512-05:00,2026-09-24T20:48:01.1008512Z,TEX_BOB,TEX_BOB,BallCalled,Undefined,NoShift,92.22682,76.59871,149.21354,71.93069,94.62674,-47.45668,151.35927,-30.53754,261.28119,-126.2656,306.07409,-4.50831,241.28567,140.54736,"Gillis, Jacob",10036249,"Boles, Brady",841175,"Carson, Tanner",841179,"Wheatley, Luke",10290520,"Pellien, Walk On",0,"Cotton, Jackson",828562,"Mitchell, Drayton",10156664,TRUE,,
e3b2e70a-97ae-4a85-8a03-cad3bc3b291e,23,4dbabd80-b859-11f1-bb3b-79eba3515486,24fcfe37-bf20-46d3-8024-2bf700208167,2026-09-24,15:48:21.57,2026-09-24,20:48:21.57,2026-09-24T15:48:21.5753216-05:00,2026-09-24T20:48:21.5753216Z,TEX_BOB,TEX_BOB,FoulBallNotFieldable,Undefined,NoShift,90.77905,76.19055,149.20271,72.37992,95.95581,-51.57076,149.36565,-30.31914,284.17345,-165.35984,302.3496,-5.1044,246.87879,140.67644,"Gillis, Jacob",10036249,"Boles, Brady",841175,"Carson, Tanner",841179,"Wheatley, Luke",10290520,"Pellien, Walk On",0,"Cotton, Jackson",828562,"Mitchell, Drayton",10156664,TRUE,,
e3b2e70a-97ae-4a85-8a03-cad3bc3b291e,24,592fa1d0-b859-11f1-bb3b-79eba3515486,769d628c-0ba1-4b2e-ad34-a76085219075,2026-09-24,15:48:40.67,2026-09-24,20:48:40.67,2026-09-24T15:48:40.6721024-05:00,2026-09-24T20:48:40.6721024Z,TEX_BOB,TEX_BOB,BallCalled,Undefined,NoShift,90.6012,75.33329,148.50634,70.95264,97.60655,-53.67273,149.32863,-30.73945,290.17002,-155.2803,302.83015,-3.18766,243.53126,140.94203,"Gillis, Jacob",10036249,"Boles, Brady",841175,"Carson, Tanner",841179,"Wheatley, Luke",10290520,"Pellien, Walk On",0,"Cotton, Jackson",828562,"Mitchell, Drayton",10156664,TRUE,,
e3b2e70a-97ae-4a85-8a03-cad3bc3b291e,25,6ecf1020-b859-11f1-bb3b-79eba3515486,02118539-c9cf-43ad-82e5-fce3dd9d6d6f,2026-09-24,15:49:17.03,2026-09-24,20:49:17.03,2026-09-24T15:49:17.0363392-05:00,2026-09-24T20:49:17.0363392Z,TEX_BOB,TEX_BOB,BallCalled,Undefined,NoShift,63.72974,58.18219,129.38095,44.42114,93.93311,-49.4875,140.51645,-11.38868,303.70422,-147.82223,303.54069,-3.36984,238.84684,130.87795,"Gillis, Jacob",10036249,"Boles, Brady",841175,"Carson, Tanner",841179,"Wheatley, Luke",10290520,"Pellien, Walk On",0,"Cotton, Jackson",828562,"Mitchell, Drayton",10156664,TRUE,,
e3b2e70a-97ae-4a85-8a03-cad3bc3b291e,26,84ccf220-b859-11f1-bb3b-79eba3515486,90ba8e86-d224-44c2-a4ef-ad97921e64a9,2026-09-24,15:49:53.96,2026-09-24,20:49:53.96,2026-09-24T15:49:53.9607040-05:00,2026-09-24T20:49:53.9607040Z,TEX_BOB,TEX_BOB,FoulBallNotFieldable,Undefined,NoShift,88.39938,72.42589,145.74193,70.32425,83.27168,-55.76974,136.82176,-11.4348,288.6818,-159.72169,299.44544,-2.55323,238.10273,128.41535,"Gillis, Jacob",10036249,"Boles, Brady",841175,"Carson, Tanner",841179,"Wheatley, Luke",10290520,"Pellien, Walk On",0,"Cotton, Jackson",828562,"Mitchell, Drayton",10156664,TRUE,,
e3b2e70a-97ae-4a85-8a03-cad3bc3b291e,27,940a0200-b859-11f1-bb3b-79eba3515486,29007284-299d-4b97-bda8-c5041073243c,2026-09-24,15:50:19.44,2026-09-24,20:50:19.44,2026-09-24T15:50:19.4486784-05:00,2026-09-24T20:50:19.4486784Z,TEX_BOB,TEX_BOB,StrikeSwinging,Undefined,NoShift,90.89152,73.65539,149.24129,71.3454,85.08297,-58.22332,138.41735,-12.13433,250.9599,-123.58789,300.68958,-3.70749,235.1883,134.97809,"Gillis, Jacob",10036249,"Boles, Brady",841175,"Carson, Tanner",841179,"Wheatley, Luke",10290520,"Pellien, Walk On",0,"Cotton, Jackson",828562,"Mitchell, Drayton",10156664,TRUE,,
e3b2e70a-97ae-4a85-8a03-cad3bc3b291e,28,9fc60170-b859-11f1-bb3b-79eba3515486,8f5c37f5-20a9-4f41-9ddc-33b3a04a364d,2026-09-24,15:50:39.17,2026-09-24,20:50:39.17,2026-09-24T15:50:39.1733248-05:00,2026-09-24T20:50:39.1733248Z,TEX_BOB,TEX_BOB,BallCalled,Undefined,NoShift,90.44944,74.11483,147.08292,69.37965,86.48501,-58.51097,136.23833,-11.48902,251.08332,-126.00249,295.9295,-3.58362,237.91562,134.5891,"Gillis, Jacob",10036249,"Boles, Brady",841175,"Carson, Tanner",841179,"Wheatley, Luke",10290520,"Pellien, Walk On",0,"Cotton, Jackson",828562,"Mitchell, Drayton",10156664,TRUE,,
e3b2e70a-97ae-4a85-8a03-cad3bc3b291e,29,ac6e0e90-b859-11f1-bb3b-79eba3515486,acf20f88-5e19-4212-a60b-fdae1b366bf1,2026-09-24,15:51:00.38,2026-09-24,20:51:00.38,2026-09-24T15:51:00.3842560-05:00,2026-09-24T20:51:00.3842560Z,TEX_BOB,TEX_BOB,InPlay,Error,NoShift,92.71442,75.916,144.31703,68.10887,88.09773,-58.88992,136.78186,-11.30459,278.42013,-168.99137,304.93165,-2.84504,238.69445,135.18982,"Gillis, Jacob",10036249,"Boles, Brady",841175,"Carson, Tanner",841179,"Wheatley, Luke",10290520,"Pellien, Walk On",0,"Cotton, Jackson",828562,"Mitchell, Drayton",10156664,TRUE,"Gillis, Jacob",1B
e3b2e70a-97ae-4a85-8a03-cad3bc3b291e,30,c6f3e9b0-b859-11f1-bb3b-79eba3515486,2f5b413b-c6ed-49ab-8ae8-68d8097c28dc,2026-09-24,15:51:44.88,2026-09-24,20:51:44.88,2026-09-24T15:51:44.8825856-05:00,2026-09-24T20:51:44.8825856Z,TEX_BOB,TEX_BOB,BallCalled,Undefined,NoShift,62.55317,57.96328,139.6066,27.86297,75.3198,-56.01915,135.01957,-37.61122,252.7845,-127.70888,305.80379,-2.72737,233.23615,124.32314,"Gillis, Jacob",10036249,"Boles, Brady",841175,"Carson, Tanner",841179,"Wheatley, Luke",10290520,"Pellien, Walk On",0,"Cotton, Jackson",828562,"Mitchell, Drayton",10156664,TRUE,,
e3b2e70a-97ae-4a85-8a03-cad3bc3b291e,31,d345e790-b859-11f1-bb3b-79eba3515486,69a08461-a9f1-4f29-982f-cdc0571fdaac,2026-09-24,15:52:05.61,2026-09-24,20:52:05.61,2026-09-24T15:52:05.6145408-05:00,2026-09-24T20:52:05.6145408Z,TEX_BOB,TEX_BOB,InPlay,Double,NoShift,62.33649,57.95155,137.84508,28.85499,78.39295,-59.37281,136.88072,-38.40221,252.92466,-128.61405,303.26086,-1.56039,235.1308,124.23489,"Gillis, Jacob",10036249,"Boles, Brady",841175,"Carson, Tanner",841179,"Wheatley, Luke",10290520,"Pellien, Walk On",0,"Cotton, Jackson",828562,"Mitchell, Drayton",10156664,TRUE,"Cotton, Jackson",CF
e3b2e70a-97ae-4a85-8a03-cad3bc3b291e,32,f55737d0-b859-11f1-bb3b-79eba3515486,1577de13-1299-4978-921b-8b8fd420967c,2026-09-24,15:53:02.72,2026-09-24,20:53:02.72,2026-09-24T15:53:02.7239424-05:00,2026-09-24T20:53:02.7239424Z,TEX_BOB,TEX_BOB,BallCalled,Undefined,NoShift,89.24805,73.46225,148.15062,68.70147,87.43627,-50.45772,149.94113,-28.83547,262.71742,-120.35125,313.16802,-2.87936,239.71523,139.7558,"Gillis, Jacob",10036249,"Boles, Brady",841175,"Carson, Tanner",841179,"Wheatley, Luke",10290520,"Pellien, Walk On",0,"Cotton, Jackson",828562,"Mitchell, Drayton",10156664,TRUE,,
e3b2e70a-97ae-4a85-8a03-cad3bc3b291e,33,09359530-b85a-11f1-bb3b-79eba3515486,d3c83679-b23a-4368-9360-b798aed17b4b,2026-09-24,15:53:36.14,2026-09-24,20:53:36.14,2026-09-24T15:53:36.1401344-05:00,2026-09-24T20:53:36.1401344Z,TEX_BOB,TEX_BOB,BallCalled,Undefined,NoShift,91.19778,73.93857,148.02893,68.35749,99.7536,-58.4206,148.20256,-33.08097,271.39839,-180.7473,308.19728,-3.87494,238.70402,138.52021,"Gillis, Jacob",10036249,"Boles, Brady",841175,"Carson, Tanner",841179,"Wheatley, Luke",10290520,"Pellien, Walk On",0,"Cotton, Jackson",828562,"Mitchell, Drayton",10156664,TRUE,,
e3b2e70a-97ae-4a85-8a03-cad3bc3b291e,34,126655e0-b85a-11f1-bb3b-79eba3515486,64121e32-da94-4d35-8586-282bd6dc0a27,2026-09-24,15:53:51.50,2026-09-24,20:53:51.50,2026-09-24T15:53:51.5069440-05:00,2026-09-24T20:53:51.5069440Z,TEX_BOB,TEX_BOB,BallCalled,Undefined,NoShift,90.94201,74.24463,148.52126,68.76896,99.69253,-57.85942,147.86932,-33.90815,265.89649,-116.75019,314.84213,1.14856,236.64743,135.20632,"Gillis, Jacob",10036249,"Boles, Brady",841175,"Carson, Tanner",841179,"Wheatley, Luke",10290520,"Pellien, Walk On",0,"Cotton, Jackson",828562,"Mitchell, Drayton",10156664,TRUE,,
e3b2e70a-97ae-4a85-8a03-cad3bc3b291e,35,1debdc00-b85a-11f1-bb3b-79eba3515486,bd55dec9-b85e-4474-8648-1387236015d9,2026-09-24,15:54:10.85,2026-09-24,20:54:10.85,2026-09-24T15:54:10.8563968-05:00,2026-09-24T20:54:10.8563968Z,TEX_BOB,TEX_BOB,StrikeCalled,Undefined,NoShift,90.20768,73.26974,150.52002,69.56279,99.91795,-58.15939,148.37342,-33.91209,262.58949,-117.74425,308.53184,-3.51545,236.62448,136.22984,"Gillis, Jacob",10036249,"Boles, Brady",841175,"Carson, Tanner",841179,"Wheatley, Luke",10290520,"Pellien, Walk On",0,"Cotton, Jackson",828562,"Mitchell, Drayton",10156664,TRUE,,
e3b2e70a-97ae-4a85-8a03-cad3bc3b291e,36,27497910-b85a-11f1-bb3b-79eba3515486,0c6fef18-3b69-472f-826e-00f1a18e7ede,2026-09-24,15:54:26.55,2026-09-24,20:54:26.55,2026-09-24T15:54:26.5556480-05:00,2026-09-24T20:54:26.5556480Z,TEX_BOB,TEX_BOB,StrikeCalled,Undefined,NoShift,90.96937,73.24053,149.79454,69.37948,97.56088,-57.57475,148.63052,-34.29992,271.07569,-177.53223,312.36601,-3.37548,239.20575,136.49448,"Gillis, Jacob",10036249,"Boles, Brady",841175,"Carson, Tanner",841179,"Wheatley, Luke",10290520,"Pellien, Walk On",0,"Cotton, Jackson",828562,"Mitchell, Drayton",10156664,TRUE,,
e3b2e70a-97ae-4a85-8a03-cad3bc3b291e,37,315c8370-b85a-11f1-bb3b-79eba3515486,6aaf6695-217e-4bb0-b4d4-cf4920a67d9e,2026-09-24,15:54:43.47,2026-09-24,20:54:43.47,2026-09-24T15:54:43.4703360-05:00,2026-09-24T20:54:43.4703360Z,TEX_BOB,TEX_BOB,FoulBallNotFieldable,Undefined,NoShift,92.23871,73.72286,149.90571,69.20797,99.65864,-56.60445,149.77227,-33.97066,266.23533,-120.9722,311.27944,-3.65708,239.37666,136.08854,"Gillis, Jacob",10036249,"Boles, Brady",841175,"Carson, Tanner",841179,"Wheatley, Luke",10290520,"Pellien, Walk On",0,"Cotton, Jackson",828562,"Mitchell, Drayton",10156664,TRUE,,
e3b2e70a-97ae-4a85-8a03-cad3bc3b291e,38,404c84c0-b85a-11f1-bb3b-79eba3515486,2fadc5e8-0855-42df-b763-dd12726d0531,2026-09-24,15:55:08.50,2026-09-24,20:55:08.50,2026-09-24T15:55:08.5046272-05:00,2026-09-24T20:55:08.5046272Z,TEX_BOB,TEX_BOB,FoulBallNotFieldable,Undefined,NoShift,90.28602,72.30099,149.33496,71.65002,104.30334,-56.71981,150.36226,-29.89096,268.13491,-183.70784,314.54347,-2.55591,237.85017,135.26711,"Gillis, Jacob",10036249,"Boles, Brady",841175,"Carson, Tanner",841179,"Wheatley, Luke",10290520,"Pellien, Walk On",0,"Cotton, Jackson",828562,"Mitchell, Drayton",10156664,TRUE,,
e3b2e70a-97ae-4a85-8a03-cad3bc3b291e,39,4de53370-b85a-11f1-bb3b-79eba3515486,27ae8559-b843-47dd-8bb9-0fe71750588a,2026-09-24,15:55:31.28,2026-09-24,20:55:31.28,2026-09-24T15:55:31.2850432-05:00,2026-09-24T20:55:31.2850432Z,TEX_BOB,TEX_BOB,BallCalled,Undefined,NoShift,93.85686,75.34659,151.32171,69.65515,101.21548,-57.08239,150.37557,-29.81363,265.45796,-123.23455,318.15697,-2.72892,241.20541,137.15377,"Gillis, Jacob",10036249,"Boles, Brady",841175,"Carson, Tanner",841179,"Wheatley, Luke",10290520,"Pellien, Walk On",0,"Cotton, Jackson",828562,"Mitchell, Drayton",10156664,TRUE,,
e3b2e70a-97ae-4a85-8a03-cad3bc3b291e,40,bf3a1c20-b85a-11f1-bb3b-79eba3515486,db89c0b0-6cfa-4916-bb6d-e123035154aa,2026-09-24,15:58:41.48,2026-09-24,20:58:41.48,2026-09-24T15:58:41.4823936-05:00,2026-09-24T20:58:41.4823936Z,TEX_BOB,TEX_BOB,BallCalled,Undefined,NoShift,94.78597,81.54228,146.38446,45.5872,89.6049,-53.8761,141.93244,-42.38745,235.98535,-143.61233,307.26742,-0.83472,249.91903,127.23554,"Sidener, Walk On",0,"Foor, Daylen",1000165264,"Leininger, Ryley",816158,"Alaniz, Rylan",10304817,"McKnight, Jaxon",10895897,"Byrd, Cadyn",1000608881,"Fryman, Bennett",814538,TRUE,,
e3b2e70a-97ae-4a85-8a03-cad3bc3b291e,41,c9f01d40-b85a-11f1-bb3b-79eba3515486,d7a5f45a-ef8f-4945-85b9-bc093caf1cfe,2026-09-24,15:58:59.47,2026-09-24,20:58:59.47,2026-09-24T15:58:59.4729472-05:00,2026-09-24T20:58:59.4729472Z,TEX_BOB,TEX_BOB,FoulBallNotFieldable,Undefined,NoShift,94.26928,80.46702,147.63336,41.38116,90.13734,-54.71356,142.38555,-41.51126,240.45694,-144.00188,307.25173,-3.51222,249.70642,125.65862,"Sidener, Walk On",0,"Foor, Daylen",1000165264,"Leininger, Ryley",816158,"Alaniz, Rylan",10304817,"McKnight, Jaxon",10895897,"Byrd, Cadyn",1000608881,"Fryman, Bennett",814538,TRUE,,
e3b2e70a-97ae-4a85-8a03-cad3bc3b291e,42,d6298a10-b85a-11f1-bb3b-79eba3515486,6fd2e50a-2096-4218-bf42-a0aa5821ade7,2026-09-24,15:59:19.93,2026-09-24,20:59:19.93,2026-09-24T15:59:19.9329792-05:00,2026-09-24T20:59:19.9329792Z,TEX_BOB,TEX_BOB,StrikeSwinging,Undefined,NoShift,93.28534,82.08855,144.46976,51.35695,90.65591,-55.42366,146.45588,-38.22313,240.03927,-142.20062,308.53156,-9.28106,241.19932,116.78444,"Sidener, Walk On",0,"Foor, Daylen",1000165264,"Leininger, Ryley",816158,"Alaniz, Rylan",10304817,"McKnight, Jaxon",10895897,"Byrd, Cadyn",1000608881,"Fryman, Bennett",814538,TRUE,,
e3b2e70a-97ae-4a85-8a03-cad3bc3b291e,43,e312bee0-b85a-11f1-bb3b-79eba3515486,83c2f964-2681-4759-9e2e-463b38eee16e,2026-09-24,15:59:41.54,2026-09-24,20:59:41.54,2026-09-24T15:59:41.5450000-05:00,2026-09-24T20:59:41.5450000Z,TEX_BOB,TEX_BOB,StrikeSwinging,Undefined,NoShift,93.08831,82.04973,144.07152,49.62986,92.50187,-59.53234,145.41956,-38.06743,239.27361,-141.03797,306.23776,-9.41706,242.20275,117.8454,"Sidener, Walk On",0,"Foor, Daylen",1000165264,"Leininger, Ryley",816158,"Alaniz, Rylan",10304817,"McKnight, Jaxon",10895897,"Byrd, Cadyn",1000608881,"Fryman, Bennett",814538,TRUE,,
e3b2e70a-97ae-4a85-8a03-cad3bc3b291e,44,f5a56260-b85a-11f1-bb3b-79eba3515486,b3c214b2-7ef9-4801-9870-ca65e83b5e25,2026-09-24,16:00:12.79,2026-09-24,21:00:12.79,2026-09-24T16:00:12.7991808-05:00,2026-09-24T21:00:12.7991808Z,TEX_BOB,TEX_BOB,StrikeCalled,Undefined,NoShift,98.05817,75.88417,144.618,47.87315,89.0941,-65.86682,139.60653,-49.67126,239.0269,-145.65339,314.25217,-10.96372,239.23577,119.10307,"Sidener, Walk On",0,"Foor, Daylen",1000165264,"Leininger, Ryley",816158,"Alaniz, Rylan",10304817,"McKnight, Jaxon",10895897,"Byrd, Cadyn",1000608881,"Fryman, Bennett",814538,TRUE,,
e3b2e70a-97ae-4a85-8a03-cad3bc3b291e,45,022af360-b85b-11f1-bb3b-79eba3515486,efbad4df-587c-4eac-8dbd-2bb6b8d1cc74,2026-09-24,16:00:33.78,2026-09-24,21:00:33.78,2026-09-24T16:00:33.7897472-05:00,2026-09-24T21:00:33.7897472Z,TEX_BOB,TEX_BOB,InPlay,Out,NoShift,96.92476,75.27975,145.61721,45.58557,90.01159,-65.68683,137.63253,-51.44317,240.06297,-146.62592,310.71707,-11.62199,237.70227,117.1519,"Sidener, Walk On",0,"Foor, Daylen",1000165264,"Leininger, Ryley",816158,"Alaniz, Rylan",10304817,"McKnight, Jaxon",10895897,"Byrd, Cadyn",1000608881,"Fryman, Bennett",814538,TRUE,"Foor, Daylen",2B
e3b2e70a-97ae-4a85-8a03-cad3bc3b291e,46,1550fd40-b85b-11f1-bb3b-79eba3515486,4f49b5cf-347c-4fc1-8ce7-972b931e6bb6,2026-09-24,16:01:05.88,2026-09-24,21:01:05.88,2026-09-24T16:01:05.8818048-05:00,2026-09-24T21:01:05.8818048Z,TEX_BOB,TEX_BOB,StrikeCalled,Undefined,NoShift,96.71419,72.4852,145.48219,43.95583,88.90923,-66.5875,137.63124,-49.50033,239.4415,-146.92949,309.50822,-10.14783,238.74144,114.70905,"Sidener, Walk On",0,"Foor, Daylen",1000165264,"Leininger, Ryley",816158,"Alaniz, Rylan",10304817,"McKnight, Jaxon",10895897,"Byrd, Cadyn",1000608881,"Fryman, Bennett",814538,TRUE,,
e3b2e70a-97ae-4a85-8a03-cad3bc3b291e,47,2191e420-b85b-11f1-bb3b-79eba3515486,e533556e-5ca1-4d02-aab7-48e2d0c523ba,2026-09-24,16:01:26.42,2026-09-24,21:01:26.42,2026-09-24T16:01:26.4235520-05:00,2026-09-24T21:01:26.4235520Z,TEX_BOB,TEX_BOB,InPlay,Out,NoShift,97.1234,72.57112,145.93776,43.91909,90.11924,-66.54086,139.23659,-51.01749,239.52846,-146.59805,306.57372,-10.98566,236.78118,114.18715,"Sidener, Walk On",0,"Foor, Daylen",1000165264,"Leininger, Ryley",816158,"Alaniz, Rylan",10304817,"McKnight, Jaxon",10895897,"Byrd, Cadyn",1000608881,"Fryman, Bennett",814538,TRUE,"Alaniz, Rylan",SS
e3b2e70a-97ae-4a85-8a03-cad3bc3b291e,48,97fc5ff0-b85b-11f1-bb3b-79eba3515486,02a7e399-f877-41af-ba62-305b922dcbb1,2026-09-24,16:04:45.16,2026-09-24,21:04:45.16,2026-09-24T16:04:45.1635712-05:00,2026-09-24T21:04:45.1635712Z,TEX_BOB,TEX_BOB,BallCalled,Undefined,NoShift,92.42907,60.33044,148.80661,31.93737,86.92973,-68.11293,137.35882,-53.90469,258.68462,-130.47718,309.32206,-0.52097,236.06045,128.52697,"Gillis, Jacob",10036249,"Boles, Brady",841175,"Carson, Tanner",841179,"Wheatley, Luke",10290520,"Pellien, Walk On",0,"Cotton, Jackson",828562,"Mitchell, Drayton",10156664,TRUE,,
e3b2e70a-97ae-4a85-8a03-cad3bc3b291e,49,9fd86610-b85b-11f1-bb3b-79eba3515486,d2166029-65cd-430a-b098-98ffdd367ff6,2026-09-24,16:04:58.34,2026-09-24,21:04:58.34,2026-09-24T16:04:58.3435264-05:00,2026-09-24T21:04:58.3435264Z,TEX_BOB,TEX_BOB,BallCalled,Undefined,NoShift,93.91417,60.77677,148.74357,31.7575,90.9248,-71.03536,138.16841,-53.93128,259.81864,-130.45046,307.56155,-1.91346,235.7971,128.11554,"Gillis, Jacob",10036249,"Boles, Brady",841175,"Carson, Tanner",841179,"Wheatley, Luke",10290520,"Pellien, Walk On",0,"Cotton, Jackson",828562,"Mitchell, Drayton",10156664,TRUE,,
e3b2e70a-97ae-4a85-8a03-cad3bc3b291e,50,ab6c4410-b85b-11f1-bb3b-79eba3515486,56c522df-2277-4c62-a811-68fa9ab0d311,2026-09-24,16:05:17.75,2026-09-24,21:05:17.75,2026-09-24T16:05:17.7509888-05:00,2026-09-24T21:05:17.7509888Z,TEX_BOB,TEX_BOB,StrikeCalled,Undefined,NoShift,95.25824,61.09004,148.11152,31.62308,89.84808,-70.35464,138.36254,-53.09344,258.32869,-130.97101,310.46991,-1.34109,238.15899,130.64428,"Gillis, Jacob",10036249,"Boles, Brady",841175,"Carson, Tanner",841179,"Wheatley, Luke",10290520,"Pellien, Walk On",0,"Cotton, Jackson",828562,"Mitchell, Drayton",10156664,TRUE,,
e3b2e70a-97ae-4a85-8a03-cad3bc3b291e,51,b3e4b140-b85b-11f1-bb3b-79eba3515486,32aea9ad-c077-4893-ba4c-9ca4af07f211,2026-09-24,16:05:31.93,2026-09-24,21:05:31.93,2026-09-24T16:05:31.9329792-05:00,2026-09-24T21:05:31.9329792Z,TEX_BOB,TEX_BOB,BallCalled,Undefined,NoShift,95.65224,62.27932,147.66041,32.13092,88.7356,-69.73216,139.2792,-54.5789,263.02628,-132.72956,309.46698,-0.57775,240.36216,130.97747,"Gillis, Jacob",10036249,"Boles, Brady",841175,"Carson, Tanner",841179,"Wheatley, Luke",10290520,"Pellien, Walk On",0,"Cotton, Jackson",828562,"Mitchell, Drayton",10156664,TRUE,,
e3b2e70a-97ae-4a85-8a03-cad3bc3b291e,52,bdeb86a0-b85b-11f1-bb3b-79eba3515486,7b5fba75-f727-498e-b4fe-b5b1ecd78b5b,2026-09-24,16:05:48.79,2026-09-24,21:05:48.79,2026-09-24T16:05:48.7943168-05:00,2026-09-24T21:05:48.7943168Z,TEX_BOB,TEX_BOB,BallCalled,Undefined,NoShift,94.30119,61.1497,148.5793,33.28482,88.11929,-69.79471,137.90385,-54.13847,256.85434,-130.36559,308.38438,-1.7543,238.31955,129.12106,"Gillis, Jacob",10036249,"Boles, Brady",841175,"Carson, Tanner",841179,"Wheatley, Luke",10290520,"Pellien, Walk On",0,"Cotton, Jackson",828562,"Mitchell, Drayton",10156664,TRUE,,
e3b2e70a-97ae-4a85-8a03-cad3bc3b291e,53,dc267a80-b85b-11f1-bb3b-79eba3515486,fc96103f-34cf-4b26-8664-bacf3aed7461,2026-09-24,16:06:39.45,2026-09-24,21:06:39.45,2026-09-24T16:06:39.4530000-05:00,2026-09-24T21:06:39.4530000Z,TEX_BOB,TEX_BOB,BallCalled,Undefined,NoShift,62.82446,58.19373,140.28876,24.5851,80.57843,-60.29609,135.20967,-31.53698,254.24022,-130.35659,311.12627,-1.33721,236.18645,128.86185,"Gillis, Jacob",10036249,"Boles, Brady",841175,"Carson, Tanner",841179,"Wheatley, Luke",10290520,"Pellien, Walk On",0,"Cotton, Jackson",828562,"Mitchell, Drayton",10156664,TRUE,,
e3b2e70a-97ae-4a85-8a03-cad3bc3b291e,54,f662c980-b85b-11f1-bb3b-79eba3515486,7021a539-4ff6-4d49-a5b4-e08d59517cc8,2026-09-24,16:07:23.52,2026-09-24,21:07:23.52,2026-09-24T16:07:23.5276800-05:00,2026-09-24T21:07:23.5276800Z,TEX_BOB,TEX_BOB,FoulBallNotFieldable,Undefined,NoShift,62.74934,57.76572,140.2927,26.25637,83.15649,-62.84441,134.92961,-32.96315,252.15119,-130.02843,315.52792,-0.74973,235.6124,129.13434,"Gillis, Jacob",10036249,"Boles, Brady",841175,"Carson, Tanner",841179,"Wheatley, Luke",10290520,"Pellien, Walk On",0,"Cotton, Jackson",828562,"Mitchell, Drayton",10156664,TRUE,,
e3b2e70a-97ae-4a85-8a03-cad3bc3b291e,55,06e551b0-b85c-11f1-bb3b-79eba3515486,f4b7898f-2f39-4d21-af27-bcd014c1af00,2026-09-24,16:07:51.25,2026-09-24,21:07:51.25,2026-09-24T16:07:51.2532480-05:00,2026-09-24T21:07:51.2532480Z,TEX_BOB,TEX_BOB,BallCalled,Undefined,NoShift,62.94181,58.45068,140.82881,25.91504,81.90643,-62.27944,135.10844,-33.40138,256.35085,-131.8836,317.31935,-2.03981,236.32646,129.77771,"Gillis, Jacob",10036249,"Boles, Brady",841175,"Carson, Tanner",841179,"Wheatley, Luke",10290520,"Pellien, Walk On",0,"Cotton, Jackson",828562,"Mitchell, Drayton",10156664,TRUE,,
e3b2e70a-97ae-4a85-8a03-cad3bc3b291e,56,194cc680-b85c-11f1-bb3b-79eba3515486,f9914eb1-e113-45ee-b3c9-57f910e184d7,2026-09-24,16:08:22.11,2026-09-24,21:08:22.11,2026-09-24T16:08:22.1152768-05:00,2026-09-24T21:08:22.1152768Z,TEX_BOB,TEX_BOB,BallCalled,Undefined,NoShift,93.25839,58.29144,141.0855,24.94164,84.25472,-64.66809,137.1241,-46.41458,255.78178,-136.20102,315.83991,-1.86613,236.44445,132.11817,"Gillis, Jacob",10036249,"Boles, Brady",841175,"Carson, Tanner",841179,"Wheatley, Luke",10290520,"Pellien, Walk On",0,"Cotton, Jackson",828562,"Mitchell, Drayton",10156664,TRUE,,
e3b2e70a-97ae-4a85-8a03-cad3bc3b291e,57,244268b0-b85c-11f1-bb3b-79eba3515486,8c1405c8-d4cd-40b9-94bc-991638b81705,2026-09-24,16:08:40.47,2026-09-24,21:08:40.47,2026-09-24T16:08:40.4764672-05:00,2026-09-24T21:08:40.4764672Z,TEX_BOB,TEX_BOB,BallCalled,Undefined,NoShift,92.56255,57.57857,149.5416,37.59115,84.92703,-64.77064,138.19562,-50.88527,251.90667,-127.99036,311.50522,-3.17013,233.19228,131.29454,"Gillis, Jacob",10036249,"Boles, Brady",841175,"Carson, Tanner",841179,"Wheatley, Luke",10290520,"Pellien, Walk On",0,"Cotton, Jackson",828562,"Mitchell, Drayton",10156664,TRUE,,
e3b2e70a-97ae-4a85-8a03-cad3bc3b291e,58,359debc0-b85c-11f1-bb3b-79eba3515486,5b13ec01-d14d-4166-bf6f-18f6ee52bf67,2026-09-24,16:09:09.50,2026-09-24,21:09:09.50,2026-09-24T16:09:09.5013376-05:00,2026-09-24T21:09:09.5013376Z,TEX_BOB,TEX_BOB,StrikeCalled,Undefined,NoShift,96.94734,58.52901,143.8682,25.29132,81.60015,-63.37536,133.74478,-36.83471,254.45035,-129.63068,307.58231,-1.83883,232.50099,127.99031,"Gillis, Jacob",10036249,"Boles, Brady",841175,"Carson, Tanner",841179,"Wheatley, Luke",10290520,"Pellien, Walk On",0,"Cotton, Jackson",828562,"Mitchell, Drayton",10156664,TRUE,,
e3b2e70a-97ae-4a85-8a03-cad3bc3b291e,59,40bbd670-b85c-11f1-bb3b-79eba3515486,d66ede73-fe53-4ff2-bca0-0feb86afe982,2026-09-24,16:09:28.22,2026-09-24,21:09:28.22,2026-09-24T16:09:28.2262528-05:00,2026-09-24T21:09:28.2262528Z,TEX_BOB,TEX_BOB,StrikeCalled,Undefined,NoShift,91.68799,57.57353,141.29514,20.5219,81.56805,-64.01273,134.35226,-37.17023,253.03649,-130.7165,306.10614,-1.53683,233.95382,124.0422,"Gillis, Jacob",10036249,"Boles, Brady",841175,"Carson, Tanner",841179,"Wheatley, Luke",10290520,"Pellien, Walk On",0,"Cotton, Jackson",828562,"Mitchell, Drayton",10156664,TRUE,,
e3b2e70a-97ae-4a85-8a03-cad3bc3b291e,60,4ba28480-b85c-11f1-bb3b-79eba3515486,202ed89d-9bba-4884-8728-5c7d74e7fa22,2026-09-24,16:09:46.45,2026-09-24,21:09:46.45,2026-09-24T16:09:46.4550400-05:00,2026-09-24T21:09:46.4550400Z,TEX_BOB,TEX_BOB,BallCalled,Undefined,NoShift,96.09407,59.59623,142.00901,22.78852,82.08756,-63.89464,134.32025,-35.61716,254.30664,-129.73437,306.78318,-1.92138,233.86512,127.64431,"Gillis, Jacob",10036249,"Boles, Brady",841175,"Carson, Tanner",841179,"Wheatley, Luke",10290520,"Pellien, Walk On",0,"Cotton, Jackson",828562,"Mitchell, Drayton",10156664,TRUE,,
e3b2e70a-97ae-4a85-8a03-cad3bc3b291e,61,5868ef10-b85c-11f1-bb3b-79eba3515486,1f62ed74-e984-43a1-ae64-f6cbcddb82f4,2026-09-24,16:10:07.88,2026-09-24,21:10:07.88,2026-09-24T16:10:07.8828544-05:00,2026-09-24T21:10:07.8828544Z,TEX_BOB,TEX_BOB,BallCalled,Undefined,NoShift,93.4089,58.54531,141.32455,23.26862,82.15872,-63.00394,133.86963,-35.13922,254.2029,-128.96968,310.81671,-2.01476,233.7037,125.56037,"Gillis, Jacob",10036249,"Boles, Brady",841175,"Carson, Tanner",841179,"Wheatley, Luke",10290520,"Pellien, Walk On",0,"Cotton, Jackson",828562,"Mitchell, Drayton",10156664,TRUE,,
e3b2e70a-97ae-4a85-8a03-cad3bc3b291e,62,65e05a20-b85c-11f1-bb3b-79eba3515486,8701c4ae-3eae-4914-a9dc-f672e226a1af,2026-09-24,16:10:30.53,2026-09-24,21:10:30.53,2026-09-24T16:10:30.5329152-05:00,2026-09-24T21:10:30.5329152Z,TEX_BOB,TEX_BOB,BallCalled,Undefined,NoShift,95.88944,58.17612,141.29507,22.23444,82.9651,-64.06804,133.66707,-35.55417,252.82308,-130.19651,313.22919,-1.92468,233.52502,124.88689,"Gillis, Jacob",10036249,"Boles, Brady",841175,"Carson, Tanner",841179,"Wheatley, Luke",10290520,"Pellien, Walk On",0,"Cotton, Jackson",828562,"Mitchell, Drayton",10156664,TRUE,,
e3b2e70a-97ae-4a85-8a03-cad3bc3b291e,63,748fa8f0-b85c-11f1-bb3b-79eba3515486,98681fd5-d623-4b94-aac0-a60697be26fe,2026-09-24,16:10:55.20,2026-09-24,21:10:55.20,2026-09-24T16:10:55.2074240-05:00,2026-09-24T21:10:55.2074240Z,TEX_BOB,TEX_BOB,BallCalled,Undefined,NoShift,92.90732,57.72563,140.81368,20.8567,83.85791,-65.81019,135.92889,-37.22607,253.61998,-129.69672,312.47663,-2.07134,235.42711,126.76238,"Gillis, Jacob",10036249,"Boles, Brady",841175,"Carson, Tanner",841179,"Wheatley, Luke",10290520,"Pellien, Walk On",0,"Cotton, Jackson",828562,"Mitchell, Drayton",10156664,TRUE,,
e3b2e70a-97ae-4a85-8a03-cad3bc3b291e,64,f0fef9e0-b85c-11f1-bb3b-79eba3515486,9beb7847-1773-437e-8183-cda3518ad657,2026-09-24,16:14:23.92,2026-09-24,21:14:23.92,2026-09-24T16:14:23.9238656-05:00,2026-09-24T21:14:23.9238656Z,TEX_BOB,TEX_BOB,BallCalled,Undefined,NoShift,92.39526,82.02612,143.52031,54.08644,92.9684,-56.4416,141.32116,-45.1721,238.6843,-139.7012,304.47486,-8.10369,248.50637,125.43614,"Sidener, Walk On",0,"Foor, Daylen",1000165264,"Leininger, Ryley",816158,"Alaniz, Rylan",10304817,"McKnight, Jaxon",10895897,"Byrd, Cadyn",1000608881,"Fryman, Bennett",814538,TRUE,,
e3b2e70a-97ae-4a85-8a03-cad3bc3b291e,65,fe1cfa50-b85c-11f1-bb3b-79eba3515486,c7849543-2f45-4f26-b6fd-c0067fbf48a6,2026-09-24,16:14:45.95,2026-09-24,21:14:45.95,2026-09-24T16:14:45.9561984-05:00,2026-09-24T21:14:45.9561984Z,TEX_BOB,TEX_BOB,StrikeCalled,Undefined,NoShift,91.25508,82.1932,150.96882,44.2802,93.21001,-57.63547,139.40311,-45.94331,240.77497,-140.76654,303.22362,-4.42594,248.09489,125.23343,"Sidener, Walk On",0,"Foor, Daylen",1000165264,"Leininger, Ryley",816158,"Alaniz, Rylan",10304817,"McKnight, Jaxon",10895897,"Byrd, Cadyn",1000608881,"Fryman, Bennett",814538,TRUE,,
e3b2e70a-97ae-4a85-8a03-cad3bc3b291e,66,0baaac80-b85d-11f1-bb3b-79eba3515486,ab8566a6-de77-4775-9cb0-f66a304b17be,2026-09-24,16:15:08.71,2026-09-24,21:15:08.71,2026-09-24T16:15:08.7136768-05:00,2026-09-24T21:15:08.7136768Z,TEX_BOB,TEX_BOB,BallCalled,Undefined,NoShift,94.09924,81.1491,145.85724,49.31294,91.87915,-59.50231,140.93033,-46.61391,240.43114,-141.2306,302.40681,-8.24678,245.15299,123.39501,"Sidener, Walk On",0,"Foor, Daylen",1000165264,"Leininger, Ryley",816158,"Alaniz, Rylan",10304817,"McKnight, Jaxon",10895897,"Byrd, Cadyn",1000608881,"Fryman, Bennett",814538,TRUE,,
e3b2e70a-97ae-4a85-8a03-cad3bc3b291e,67,19363bd0-b85d-11f1-bb3b-79eba3515486,6932a8a3-d20e-495c-b67c-62c54d6ba6ea,2026-09-24,16:15:31.44,2026-09-24,21:15:31.44,2026-09-24T16:15:31.4441216-05:00,2026-09-24T21:15:31.4441216Z,TEX_BOB,TEX_BOB,BallCalled,Undefined,NoShift,92.32947,81.94896,143.24908,52.74179,92.39015,-59.98956,144.78034,-38.19045,240.45558,-141.56221,302.65439,-7.7473,248.26815,125.73072,"Sidener, Walk On",0,"Foor, Daylen",1000165264,"Leininger, Ryley",816158,"Alaniz, Rylan",10304817,"McKnight, Jaxon",10895897,"Byrd, Cadyn",1000608881,"Fryman, Bennett",814538,TRUE,,
e3b2e70a-97ae-4a85-8a03-cad3bc3b291e,68,27c00140-b85d-11f1-bb3b-79eba3515486,fa353ecf-eeba-4df2-8321-51516f75d2be,2026-09-24,16:15:55.83,2026-09-24,21:15:55.83,2026-09-24T16:15:55.8353408-05:00,2026-09-24T21:15:55.8353408Z,TEX_BOB,TEX_BOB,BallCalled,Undefined,NoShift,92.20187,81.76541,145.80237,49.19378,92.3441,-60.61322,144.56534,-39.14122,239.66379,-141.76137,305.73659,-12.85853,249.29106,126.67031,"Sidener, Walk On",0,"Foor, Daylen",1000165264,"Leininger, Ryley",816158,"Alaniz, Rylan",10304817,"McKnight, Jaxon",10895897,"Byrd, Cadyn",1000608881,"Fryman, Bennett",814538,TRUE,,
e3b2e70a-97ae-4a85-8a03-cad3bc3b291e,69,48c25280-b85d-11f1-bb3b-79eba3515486,0c4f25c9-97cb-4265-87ce-47bc8bfb90c7,2026-09-24,16:16:51.25,2026-09-24,21:16:51.25,2026-09-24T16:16:51.2577536-05:00,2026-09-24T21:16:51.2577536Z,TEX_BOB,TEX_BOB,BallCalled,Undefined,NoShift,62.7379,59.01928,141.1126,30.69173,85.1694,-58.63656,136.74822,-30.08634,239.27892,-141.62348,308.85932,-8.97186,248.09422,124.88421,"Sidener, Walk On",0,"Foor, Daylen",1000165264,"Leininger, Ryley",816158,"Alaniz, Rylan",10304817,"McKnight, Jaxon",10895897,"Byrd, Cadyn",1000608881,"Fryman, Bennett",814538,TRUE,,
e3b2e70a-97ae-4a85-8a03-cad3bc3b291e,70,55ab8750-b85d-11f1-bb3b-79eba3515486,f5bbf253-71a0-4e32-b773-6901aac198bf,2026-09-24,16:17:12.83,2026-09-24,21:17:12.83,2026-09-24T16:17:12.8386560-05:00,2026-09-24T21:17:12.8386560Z,TEX_BOB,TEX_BOB,BallCalled,Undefined,NoShift,63.22812,59.01593,143.00306,30.74634,84.69243,-60.15352,136.70422,-34.89662,239.32924,-141.82782,308.16332,-9.24817,243.02252,122.87675,"Sidener, Walk On",0,"Foor, Daylen",1000165264,"Leininger, Ryley",816158,"Alaniz, Rylan",10304817,"McKnight, Jaxon",10895897,"Byrd, Cadyn",1000608881,"Fryman, Bennett",814538,TRUE,,
e3b2e70a-97ae-4a85-8a03-cad3bc3b291e,71,62d68010-b85d-11f1-bb3b-79eba3515486,4d93b606-913a-45cc-9d35-67fabb45e691,2026-09-24,16:17:34.95,2026-09-24,21:17:34.95,2026-09-24T16:17:34.9554176-05:00,2026-09-24T21:17:34.9554176Z,TEX_BOB,TEX_BOB,InPlay,Single,NoShift,62.73891,59.10142,144.60832,29.64521,85.03061,-61.18734,137.76592,-33.29692,239.36373,-141.1113,312.18416,-10.77761,241.62169,124.35042,"Sidener, Walk On",0,"Foor, Daylen",1000165264,"Leininger, Ryley",816158,"Alaniz, Rylan",10304817,"McKnight, Jaxon",10895897,"Byrd, Cadyn",1000608881,"Fryman, Bennett",814538,TRUE,"McKnight, Jaxon",LF
e3b2e70a-97ae-4a85-8a03-cad3bc3b291e,72,7d6bc480-b85d-11f1-bb3b-79eba3515486,34ce6d8c-5a5b-4145-bc3a-315af0261c97,2026-09-24,16:18:19.60,2026-09-24,21:18:19.60,2026-09-24T16:18:19.6078592-05:00,2026-09-24T21:18:19.6078592Z,TEX_BOB,TEX_BOB,InPlay,Out,NoShift,82.91295,65.19152,140.0366,24.06278,84.68051,-61.63198,136.49834,-33.20405,237.27445,-146.07562,296.55022,-10.22235,248.68921,125.78343,"Sidener, Walk On",0,"Foor, Daylen",1000165264,"Leininger, Ryley",816158,"Alaniz, Rylan",10304817,"McKnight, Jaxon",10895897,"Byrd, Cadyn",1000608881,"Fryman, Bennett",814538,TRUE,"Alaniz, Rylan",SS
e3b2e70a-97ae-4a85-8a03-cad3bc3b291e,73,9727e700-b85d-11f1-bb3b-79eba3515486,40d781bf-a131-4f30-b859-f57184e5223c,2026-09-24,16:19:02.74,2026-09-24,21:19:02.74,2026-09-24T16:19:02.7432960-05:00,2026-09-24T21:19:02.7432960Z,TEX_BOB,TEX_BOB,BallCalled,Undefined,NoShift,98.11753,73.88709,147.55386,40.03895,89.31527,-67.08353,138.36252,-46.70566,268.04813,-185.78258,309.3721,-13.80253,238.98861,116.57668,"Sidener, Walk On",0,"Foor, Daylen",1000165264,"Leininger, Ryley",816158,"Alaniz, Rylan",10304817,"McKnight, Jaxon",10895897,"Byrd, Cadyn",1000608881,"Fryman, Bennett",814538,TRUE,,
e3b2e70a-97ae-4a85-8a03-cad3bc3b291e,74,a509d3b0-b85d-11f1-bb3b-79eba3515486,1436089c-c6c2-46be-95f7-a1a12805e854,2026-09-24,16:19:26.00,2026-09-24,21:19:26.00,2026-09-24T16:19:26.0012544-05:00,2026-09-24T21:19:26.0012544Z,TEX_BOB,TEX_BOB,BallCalled,Undefined,NoShift,96.76983,74.54929,145.76684,40.18774,89.47659,-66.97153,137.26171,-48.38513,233.05001,-145.16998,304.96507,-11.13883,238.49795,118.2198,"Sidener, Walk On",0,"Foor, Daylen",1000165264,"Leininger, Ryley",816158,"Alaniz, Rylan",10304817,"McKnight, Jaxon",10895897,"Byrd, Cadyn",1000608881,"Fryman, Bennett",814538,TRUE,,
e3b2e70a-97ae-4a85-8a03-cad3bc3b291e,75,b125a660-b85d-11f1-bb3b-79eba3515486,58c34a0c-4520-4c6d-b063-872f93991da5,2026-09-24,16:19:46.35,2026-09-24,21:19:46.35,2026-09-24T16:19:46.3534080-05:00,2026-09-24T21:19:46.3534080Z,TEX_BOB,TEX_BOB,BallCalled,Undefined,NoShift,96.73472,75.91054,144.71413,41.05301,88.61845,-66.04856,138.47384,-50.19684,279.7457,-176.06436,304.57086,-12.89369,237.82085,119.8421,"Sidener, Walk On",0,"Foor, Daylen",1000165264,"Leininger, Ryley",816158,"Alaniz, Rylan",10304817,"McKnight, Jaxon",10895897,"Byrd, Cadyn",1000608881,"Fryman, Bennett",814538,TRUE,,
e3b2e70a-97ae-4a85-8a03-cad3bc3b291e,76,bddc5980-b85d-11f1-bb3b-79eba3515486,10fa4a98-5572-4522-8cfc-c47208765663,2026-09-24,16:20:07.67,2026-09-24,21:20:07.67,2026-09-24T16:20:07.6736512-05:00,2026-09-24T21:20:07.6736512Z,TEX_BOB,TEX_BOB,StrikeCalled,Undefined,NoShift,96.92597,75.12535,143.28253,38.22275,89.21817,-66.18833,139.8585,-47.77419,280.12914,-174.21545,305.04777,-11.2751,237.21371,122.29596,"Sidener, Walk On",0,"Foor, Daylen",1000165264,"Leininger, Ryley",816158,"Alaniz, Rylan",10304817,"McKnight, Jaxon",10895897,"Byrd, Cadyn",1000608881,"Fryman, Bennett",814538,TRUE,,
e3b2e70a-97ae-4a85-8a03-cad3bc3b291e,77,caa36050-b85d-11f1-bb3b-79eba3515486,e03c2f20-2465-453b-8cee-3fe85578f343,2026-09-24,16:20:29.08,2026-09-24,21:20:29.08,2026-09-24T16:20:29.0840576-05:00,2026-09-24T21:20:29.0840576Z,TEX_BOB,TEX_BOB,BallCalled,Undefined,NoShift,96.50592,75.4098,145.03371,45.44031,89.24107,-65.68917,137.95951,-47.77573,283.513,-173.12412,302.16722,-12.81622,235.87779,120.86507,"Sidener, Walk On",0,"Foor, Daylen",1000165264,"Leininger, Ryley",816158,"Alaniz, Rylan",10304817,"McKnight, Jaxon",10895897,"Byrd, Cadyn",1000608881,"Fryman, Bennett",814538,TRUE,,
e3b2e70a-97ae-4a85-8a03-cad3bc3b291e,78,e23a0ac0-b85d-11f1-bb3b-79eba3515486,2a36ba88-cd48-4e4b-8cdc-37a5f25bd344,2026-09-24,16:21:08.68,2026-09-24,21:21:08.68,2026-09-24T16:21:08.6865408-05:00,2026-09-24T21:21:08.6865408Z,TEX_BOB,TEX_BOB,BallCalled,Undefined,NoShift,62.77911,58.22419,149.00431,23.89156,88.84441,-66.34373,138.67556,-48.02152,283.17066,-169.90196,294.14225,-10.03232,236.38509,115.55542,"Sidener, Walk On",0,"Foor, Daylen",1000165264,"Leininger, Ryley",816158,"Alaniz, Rylan",10304817,"McKnight, Jaxon",10895897,"Byrd, Cadyn",1000608881,"Fryman, Bennett",814538,TRUE,,
e3b2e70a-97ae-4a85-8a03-cad3bc3b291e,79,f07d7860-b85d-11f1-bb3b-79eba3515486,4d898a1b-a3ef-4f25-b4ae-00edf0d243eb,2026-09-24,16:21:32.62,2026-09-24,21:21:32.62,2026-09-24T16:21:32.6279680-05:00,2026-09-24T21:21:32.6279680Z,TEX_BOB,TEX_BOB,InPlay,Out,NoShift,62.89861,57.86283,150.58049,25.59752,88.04013,-65.93154,138.29114,-50.65592,284.09849,-168.77414,300.78166,-12.52746,236.29145,115.64074,"Sidener, Walk On",0,"Foor, Daylen",1000165264,"Leininger, Ryley",816158,"Alaniz, Rylan",10304817,"McKnight, Jaxon",10895897,"Byrd, Cadyn",1000608881,"Fryman, Bennett",814538,TRUE,"Fryman, Bennett",RF
e3b2e70a-97ae-4a85-8a03-cad3bc3b291e,80,6950b6d0-b85e-11f1-bb3b-79eba3515486,9bc4f8d1-f05b-4878-a036-a4a89080b5f1,2026-09-24,16:24:55.31,2026-09-24,21:24:55.31,2026-09-24T16:24:55.3169408-05:00,2026-09-24T21:24:55.3169408Z,TEX_BOB,TEX_BOB,BallCalled,Undefined,NoShift,89.83536,74.42329,142.00679,51.34898,99.65372,-56.33805,149.44937,-31.49805,258.92521,-121.641,300.68017,-0.92628,238.32816,124.84095,"Gillis, Jacob",10036249,"Boles, Brady",841175,"Carson, Tanner",841179,"Wheatley, Luke",10290520,"Pellien, Walk On",0,"Cotton, Jackson",828562,"Mitchell, Drayton",10156664,TRUE,,
e3b2e70a-97ae-4a85-8a03-cad3bc3b291e,81,74532a40-b85e-11f1-bb3b-79eba3515486,40d5070a-4491-4a1c-b26a-8fc2fc0c675f,2026-09-24,16:25:13.80,2026-09-24,21:25:13.80,2026-09-24T16:25:13.8096640-05:00,2026-09-24T21:25:13.8096640Z,TEX_BOB,TEX_BOB,BallCalled,Undefined,NoShift,90.16094,72.59405,140.56256,51.79637,97.67422,-56.45066,148.98088,-31.7639,256.85596,-120.23336,303.84048,-1.67523,238.22235,124.11569,"Gillis, Jacob",10036249,"Boles, Brady",841175,"Carson, Tanner",841179,"Wheatley, Luke",10290520,"Pellien, Walk On",0,"Cotton, Jackson",828562,"Mitchell, Drayton",10156664,TRUE,,
e3b2e70a-97ae-4a85-8a03-cad3bc3b291e,82,821c10b0-b85e-11f1-bb3b-79eba3515486,dc22e59d-cbc2-4414-ba62-3328cef76451,2026-09-24,16:25:36.89,2026-09-24,21:25:36.89,2026-09-24T16:25:36.8928768-05:00,2026-09-24T21:25:36.8928768Z,TEX_BOB,TEX_BOB,BallCalled,Undefined,NoShift,90.59499,73.49896,140.70926,52.32147,97.64934,-55.98026,148.53745,-32.05591,256.39518,-119.81963,299.59597,-2.45853,236.14086,122.69422,"Gillis, Jacob",10036249,"Boles, Brady",841175,"Carson, Tanner",841179,"Wheatley, Luke",10290520,"Pellien, Walk On",0,"Cotton, Jackson",828562,"Mitchell, Drayton",10156664,TRUE,,
e3b2e70a-97ae-4a85-8a03-cad3bc3b291e,83,8db3e650-b85e-11f1-bb3b-79eba3515486,c2b1392c-47cc-4f41-8efc-c702891725fd,2026-09-24,16:25:56.34,2026-09-24,21:25:56.34,2026-09-24T16:25:56.3460096-05:00,2026-09-24T21:25:56.3460096Z,TEX_BOB,TEX_BOB,StrikeSwinging,Undefined,NoShift,90.11832,73.01608,140.0537,52.76378,96.32634,-58.38728,148.71896,-34.37828,256.9136,-120.18406,308.91028,-2.80994,236.31828,123.12551,"Gillis, Jacob",10036249,"Boles, Brady",841175,"Carson, Tanner",841179,"Wheatley, Luke",10290520,"Pellien, Walk On",0,"Cotton, Jackson",828562,"Mitchell, Drayton",10156664,TRUE,,
e3b2e70a-97ae-4a85-8a03-cad3bc3b291e,84,99876560-b85e-11f1-bb3b-79eba3515486,5a9addde-0e57-48f7-a8cb-bb7a93543271,2026-09-24,16:26:16.14,2026-09-24,21:26:16.14,2026-09-24T16:26:16.1495552-05:00,2026-09-24T21:26:16.1495552Z,TEX_BOB,TEX_BOB,StrikeSwinging,Undefined,NoShift,90.42411,73.01064,140.13074,53.09142,97.83513,-54.89704,148.2717,-34.59079,257.87298,-118.78497,302.20709,-3.19863,236.14002,123.20318,"Gillis, Jacob",10036249,"Boles, Brady",841175,"Carson, Tanner",841179,"Wheatley, Luke",10290520,"Pellien, Walk On",0,"Cotton, Jackson",828562,"Mitchell, Drayton",10156664,TRUE,,
e3b2e70a-97ae-4a85-8a03-cad3bc3b291e,85,a6b0b070-b85e-11f1-bb3b-79eba3515486,5d25a3d0-b6e3-4374-af37-426038d78e8e,2026-09-24,16:26:38.23,2026-09-24,21:26:38.23,2026-09-24T16:26:38.2339584-05:00,2026-09-24T21:26:38.2339584Z,TEX_BOB,TEX_BOB,BallCalled,Undefined,NoShift,90.89668,74.55719,140.2176,53.6874,98.69722,-56.30663,147.66733,-35.27081,257.72311,-118.65973,304.91688,-1.7319,236.41339,123.9965,"Gillis, Jacob",10036249,"Boles, Brady",841175,"Carson, Tanner",841179,"Wheatley, Luke",10290520,"Pellien, Walk On",0,"Cotton, Jackson",828562,"Mitchell, Drayton",10156664,TRUE,,
e3b2e70a-97ae-4a85-8a03-cad3bc3b291e,86,b9bb4310-b85e-11f1-bb3b-79eba3515486,685d3e4b-a927-4e20-a0be-7a54858e3192,2026-09-24,16:27:10.18,2026-09-24,21:27:10.18,2026-09-24T16:27:10.1843968-05:00,2026-09-24T21:27:10.1843968Z,TEX_BOB,TEX_BOB,StrikeCalled,Undefined,NoShift,85.03637,73.5127,140.12271,27.61584,82.03162,-62.61235,135.24622,-34.64577,259.66967,-122.55431,302.53636,-1.01028,226.51683,125.17709,"Gillis, Jacob",10036249,"Boles, Brady",841175,"Carson, Tanner",841179,"Wheatley, Luke",10290520,"Pellien, Walk On",0,"Cotton, Jackson",828562,"Mitchell, Drayton",10156664,TRUE,,
e3b2e70a-97ae-4a85-8a03-cad3bc3b291e,87,c518f5e0-b85e-11f1-bb3b-79eba3515486,8a6a77cb-5dda-4274-a7fd-9b09e131b615,2026-09-24,16:27:29.28,2026-09-24,21:27:29.28,2026-09-24T16:27:29.2893184-05:00,2026-09-24T21:27:29.2893184Z,TEX_BOB,TEX_BOB,FoulBallNotFieldable,Undefined,NoShift,63.40036,57.76722,139.98427,26.48596,80.64109,-61.09364,135.30558,-34.70567,256.67934,-122.78025,308.62494,-0.02876,226.713,125.30693,"Gillis, Jacob",10036249,"Boles, Brady",841175,"Carson, Tanner",841179,"Wheatley, Luke",10290520,"Pellien, Walk On",0,"Cotton, Jackson",828562,"Mitchell, Drayton",10156664,TRUE,,
e3b2e70a-97ae-4a85-8a03-cad3bc3b291e,88,d3600d00-b85e-11f1-bb3b-79eba3515486,d2889fe9-3646-422f-97c0-a22de0c3787b,2026-09-24,16:27:53.22,2026-09-24,21:27:53.22,2026-09-24T16:27:53.2299776-05:00,2026-09-24T21:27:53.2299776Z,TEX_BOB,TEX_BOB,BallCalled,Undefined,NoShift,63.26106,58.20835,140.59473,27.14614,82.16852,-62.9572,136.09566,-34.65064,255.04849,-125.35143,306.0027,-0.98512,225.87078,128.69708,"Gillis, Jacob",10036249,"Boles, Brady",841175,"Carson, Tanner",841179,"Wheatley, Luke",10290520,"Pellien, Walk On",0,"Cotton, Jackson",828562,"Mitchell, Drayton",10156664,TRUE,,
e3b2e70a-97ae-4a85-8a03-cad3bc3b291e,89,e22d1d00-b85e-11f1-bb3b-79eba3515486,22fa11c2-7f14-4b22-a1f1-8338db65a101,2026-09-24,16:28:18.04,2026-09-24,21:28:18.04,2026-09-24T16:28:18.0469248-05:00,2026-09-24T21:28:18.0469248Z,TEX_BOB,TEX_BOB,StrikeSwinging,Undefined,NoShift,63.43898,58.13121,140.78689,26.09275,82.28046,-62.78182,135.522,-34.83687,253.10808,-125.44314,308.06585,-1.1766,223.64576,127.03953,"Gillis, Jacob",10036249,"Boles, Brady",841175,"Carson, Tanner",841179,"Wheatley, Luke",10290520,"Pellien, Walk On",0,"Cotton, Jackson",828562,"Mitchell, Drayton",10156664,TRUE,,
e3b2e70a-97ae-4a85-8a03-cad3bc3b291e,90,f771c120-b85e-11f1-bb3b-79eba3515486,612ae0f9-a381-4a90-acee-c9c1242cfe98,2026-09-24,16:28:53.74,2026-09-24,21:28:53.74,2026-09-24T16:28:53.7424384-05:00,2026-09-24T21:28:53.7424384Z,TEX_BOB,TEX_BOB,FoulBallNotFieldable,Undefined,NoShift,63.09175,57.31443,133.57243,43.46311,94.98144,-53.61598,143.51517,-14.33482,271.65748,-111.38973,313.5434,12.09625,234.79641,139.74044,"Gillis, Jacob",10036249,"Boles, Brady",841175,"Carson, Tanner",841179,"Wheatley, Luke",10290520,"Pellien, Walk On",0,"Cotton, Jackson",828562,"Mitchell, Drayton",10156664,TRUE,,
e3b2e70a-97ae-4a85-8a03-cad3bc3b291e,91,07dddb20-b85f-11f1-bb3b-79eba3515486,041d66fd-0cb5-478d-8c4f-ed2ba04e6437,2026-09-24,16:29:21.35,2026-09-24,21:29:21.35,2026-09-24T16:29:21.3572608-05:00,2026-09-24T21:29:21.3572608Z,TEX_BOB,TEX_BOB,BallCalled,Undefined,NoShift,62.95234,57.82317,132.57628,43.68984,92.25874,-55.62642,143.80144,-15.88295,278.00351,-110.04186,311.96065,1.80629,235.7338,142.85281,"Gillis, Jacob",10036249,"Boles, Brady",841175,"Carson, Tanner",841179,"Wheatley, Luke",10290520,"Pellien, Walk On",0,"Cotton, Jackson",828562,"Mitchell, Drayton",10156664,TRUE,,
e3b2e70a-97ae-4a85-8a03-cad3bc3b291e,92,1568ce30-b85f-11f1-bb3b-79eba3515486,f756957a-7afc-4f34-b08b-1c3b740c8257,2026-09-24,16:29:44.00,2026-09-24,21:29:44.00,2026-09-24T16:29:44.0028160-05:00,2026-09-24T21:29:44.0028160Z,TEX_BOB,TEX_BOB,StrikeCalled,Undefined,NoShift,63.42546,58.34967,133.41552,43.07071,93.60224,-54.55351,143.96516,-14.68077,269.74942,-114.77645,310.05269,1.22662,233.25646,141.28716,"Gillis, Jacob",10036249,"Boles, Brady",841175,"Carson, Tanner",841179,"Wheatley, Luke",10290520,"Pellien, Walk On",0,"Cotton, Jackson",828562,"Mitchell, Drayton",10156664,TRUE,,
e3b2e70a-97ae-4a85-8a03-cad3bc3b291e,93,250a4530-b85f-11f1-bb3b-79eba3515486,ab87ae0e-ce7a-45e9-93e5-43a3a7ea84ea,2026-09-24,16:30:10.27,2026-09-24,21:30:10.27,2026-09-24T16:30:10.2713344-05:00,2026-09-24T21:30:10.2713344Z,TEX_BOB,TEX_BOB,StrikeSwinging,Undefined,NoShift,63.28911,58.35152,133.33352,42.75542,94.64562,-55.95193,141.91207,-15.95523,267.51702,-116.78637,311.44851,-1.18586,234.83678,142.0434,"Gillis, Jacob",10036249,"Boles, Brady",841175,"Carson, Tanner",841179,"Wheatley, Luke",10290520,"Pellien, Walk On",0,"Cotton, Jackson",828562,"Mitchell, Drayton",10156664,TRUE,,
e3b2e70a-97ae-4a85-8a03-cad3bc3b291e,94,3eb88500-b85f-11f1-bb3b-79eba3515486,faa013f7-fd80-42d3-86b8-a44d5b33bd96,2026-09-24,16:30:53.29,2026-09-24,21:30:53.29,2026-09-24T16:30:53.2954624-05:00,2026-09-24T21:30:53.2954624Z,TEX_BOB,TEX_BOB,BallCalled,Undefined,NoShift,63.01842,57.80943,141.50679,57.75126,95.05428,-57.43204,142.74382,-14.49092,262.05172,-120.13714,309.21481,-2.26712,229.27765,134.57952,"Gillis, Jacob",10036249,"Boles, Brady",841175,"Carson, Tanner",841179,"Wheatley, Luke",10290520,"Pellien, Walk On",0,"Cotton, Jackson",828562,"Mitchell, Drayton",10156664,TRUE,,
e3b2e70a-97ae-4a85-8a03-cad3bc3b291e,95,4cf42a70-b85f-11f1-bb3b-79eba3515486,0ac9072c-7853-499a-9359-d6628b1ec29e,2026-09-24,16:31:17.23,2026-09-24,21:31:17.23,2026-09-24T16:31:17.2349952-05:00,2026-09-24T21:31:17.2349952Z,TEX_BOB,TEX_BOB,StrikeCalled,Undefined,NoShift,63.21901,58.42187,141.50433,57.83014,94.88373,-56.70632,143.99119,-14.5631,259.79343,-118.39932,310.84104,-1.28266,227.24096,133.85229,"Gillis, Jacob",10036249,"Boles, Brady",841175,"Carson, Tanner",841179,"Wheatley, Luke",10290520,"Pellien, Walk On",0,"Cotton, Jackson",828562,"Mitchell, Drayton",10156664,TRUE,,
e3b2e70a-97ae-4a85-8a03-cad3bc3b291e,96,59137f90-b85f-11f1-bb3b-79eba3515486,d3b58fec-0e9b-458d-ba92-e947f215beb4,2026-09-24,16:31:37.54,2026-09-24,21:31:37.54,2026-09-24T16:31:37.5499776-05:00,2026-09-24T21:31:37.5499776Z,TEX_BOB,TEX_BOB,BallCalled,Undefined,NoShift,63.32316,58.56078,141.41881,57.87235,93.41688,-58.20436,144.16684,-15.65227,262.92405,-120.49273,311.10777,-2.28264,227.75516,133.68777,"Gillis, Jacob",10036249,"Boles, Brady",841175,"Carson, Tanner",841179,"Wheatley, Luke",10290520,"Pellien, Walk On",0,"Cotton, Jackson",828562,"Mitchell, Drayton",10156664,TRUE,,
e3b2e70a-97ae-4a85-8a03-cad3bc3b291e,97,6662c930-b85f-11f1-bb3b-79eba3515486,bc1bfb4c-299a-4468-9a1f-9c6a22a05cdc,2026-09-24,16:31:59.83,2026-09-24,21:31:59.83,2026-09-24T16:31:59.8305280-05:00,2026-09-24T21:31:59.8305280Z,TEX_BOB,TEX_BOB,StrikeCalled,Undefined,NoShift,63.24138,58.44727,141.20645,58.12559,93.97113,-58.27011,142.17613,-15.38324,261.29164,-120.33034,310.94499,-2.4783,223.5234,131.43595,"Gillis, Jacob",10036249,"Boles, Brady",841175,"Carson, Tanner",841179,"Wheatley, Luke",10290520,"Pellien, Walk On",0,"Cotton, Jackson",828562,"Mitchell, Drayton",10156664,TRUE,,
e3b2e70a-97ae-4a85-8a03-cad3bc3b291e,98,73d83870-b85f-11f1-bb3b-79eba3515486,327d7848-50de-40d2-846f-bc69e8dda5f8,2026-09-24,16:32:22.46,2026-09-24,21:32:22.46,2026-09-24T16:32:22.4698368-05:00,2026-09-24T21:32:22.4698368Z,TEX_BOB,TEX_BOB,BallCalled,Undefined,NoShift,72.72451,58.52667,141.47172,59.06844,91.35399,-58.41159,143.03324,-16.15827,260.04779,-120.51588,313.3032,-1.39518,225.27734,131.1887,"Gillis, Jacob",10036249,"Boles, Brady",841175,"Carson, Tanner",841179,"Wheatley, Luke",10290520,"Pellien, Walk On",0,"Cotton, Jackson",828562,"Mitchell, Drayton",10156664,TRUE,,
e3b2e70a-97ae-4a85-8a03-cad3bc3b291e,99,82064950-b85f-11f1-bb3b-79eba3515486,b40bec9e-d62a-42b6-9fdb-4915ca47cdb0,2026-09-24,16:32:46.24,2026-09-24,21:32:46.24,2026-09-24T16:32:46.2428160-05:00,2026-09-24T21:32:46.2428160Z,TEX_BOB,TEX_BOB,FoulBallNotFieldable,Undefined,NoShift,80.03962,63.86368,143.77637,60.83796,93.73476,-58.58993,149.23828,-24.29279,261.43566,-120.28453,312.66461,-0.78402,224.31376,131.60282,"Gillis, Jacob",10036249,"Boles, Brady",841175,"Carson, Tanner",841179,"Wheatley, Luke",10290520,"Pellien, Walk On",0,"Cotton, Jackson",828562,"Mitchell, Drayton",10156664,TRUE,,
e3b2e70a-97ae-4a85-8a03-cad3bc3b291e,100,96126d70-b85f-11f1-bb3b-79eba3515486,9bebb836-da9b-4a3c-ae33-8f5bb007e50a,2026-09-24,16:33:19.87,2026-09-24,21:33:19.87,2026-09-24T16:33:19.8751744-05:00,2026-09-24T21:33:19.8751744Z,TEX_BOB,TEX_BOB,InPlay,Out,NoShift,81.92335,67.71744,145.86773,57.86147,91.84601,-58.11269,149.43077,-26.27905,258.58737,-118.64809,315.77927,-1.76411,226.90649,132.33209,"Gillis, Jacob",10036249,"Boles, Brady",841175,"Carson, Tanner",841179,"Wheatley, Luke",10290520,"Pellien, Walk On",0,"Cotton, Jackson",828562,"Mitchell, Drayton",10156664,TRUE,"Gillis, Jacob",1B
e3b2e70a-97ae-4a85-8a03-cad3bc3b291e,101,fef6b120-b85f-11f1-bb3b-79eba3515486,382af8db-1c15-4c2a-81d9-c99d2aea3cda,2026-09-24,16:36:15.89,2026-09-24,21:36:15.89,2026-09-24T16:36:15.8938624-05:00,2026-09-24T21:36:15.8938624Z,TEX_BOB,TEX_BOB,FoulBallNotFieldable,Undefined,NoShift,92.31666,79.73094,148.89206,52.55964,92.67006,-56.85279,142.20895,-46.37037,239.46959,-138.02242,309.56695,1.5057,240.05341,118.12111,"Sidener, Walk On",0,"Foor, Daylen",1000165264,"Leininger, Ryley",816158,"Alaniz, Rylan",10304817,"McKnight, Jaxon",10895897,"Byrd, Cadyn",1000608881,"Fryman, Bennett",814538,TRUE,,
e3b2e70a-97ae-4a85-8a03-cad3bc3b291e,102,0cb22a10-b860-11f1-bb3b-79eba3515486,7342a619-73da-4ccb-86bb-85e9f7078840,2026-09-24,16:36:38.89,2026-09-24,21:36:38.89,2026-09-24T16:36:38.8917248-05:00,2026-09-24T21:36:38.8917248Z,TEX_BOB,TEX_BOB,FoulBallNotFieldable,Undefined,NoShift,92.80096,81.07496,148.7297,50.88456,93.46841,-57.91225,141.57758,-44.3133,239.14164,-136.6753,312.58029,-11.95818,247.8068,121.14419,"Sidener, Walk On",0,"Foor, Daylen",1000165264,"Leininger, Ryley",816158,"Alaniz, Rylan",10304817,"McKnight, Jaxon",10895897,"Byrd, Cadyn",1000608881,"Fryman, Bennett",814538,TRUE,,
e3b2e70a-97ae-4a85-8a03-cad3bc3b291e,103,1a2b1bc0-b860-11f1-bb3b-79eba3515486,2babc0a7-ff2a-4531-9381-fe6f18249c6d,2026-09-24,16:37:01.57,2026-09-24,21:37:01.57,2026-09-24T16:37:01.5731712-05:00,2026-09-24T21:37:01.5731712Z,TEX_BOB,TEX_BOB,FoulBallNotFieldable,Undefined,NoShift,92.9552,81.01341,150.56474,50.70924,93.91342,-59.09263,141.0053,-45.04233,239.97396,-138.45914,308.43489,-13.60316,247.74003,121.40103,"Sidener, Walk On",0,"Foor, Daylen",1000165264,"Leininger, Ryley",816158,"Alaniz, Rylan",10304817,"McKnight, Jaxon",10895897,"Byrd, Cadyn",1000608881,"Fryman, Bennett",814538,TRUE,,
e3b2e70a-97ae-4a85-8a03-cad3bc3b291e,104,26f86420-b860-11f1-bb3b-79eba3515486,84570479-38a4-4ddb-b27b-66adfcbfe287,2026-09-24,16:37:23.05,2026-09-24,21:37:23.05,2026-09-24T16:37:23.0502400-05:00,2026-09-24T21:37:23.0502400Z,TEX_BOB,TEX_BOB,BallCalled,Undefined,NoShift,92.93597,81.29271,150.53843,54.25093,93.85259,-60.99024,140.16171,-47.35271,239.26113,-137.85545,309.2474,-13.6903,248.91056,125.03624,"Sidener, Walk On",0,"Foor, Daylen",1000165264,"Leininger, Ryley",816158,"Alaniz, Rylan",10304817,"McKnight, Jaxon",10895897,"Byrd, Cadyn",1000608881,"Fryman, Bennett",814538,TRUE,,
e3b2e70a-97ae-4a85-8a03-cad3bc3b291e,105,31be91e0-b860-11f1-bb3b-79eba3515486,1373dc3a-a297-488d-ba69-326fd0731c7d,2026-09-24,16:37:41.05,2026-09-24,21:37:41.05,2026-09-24T16:37:41.0573312-05:00,2026-09-24T21:37:41.0573312Z,TEX_BOB,TEX_BOB,BallCalled,Undefined,NoShift,91.6404,79.27535,146.83938,52.94783,93.8438,-61.44665,140.00265,-46.7234,240.01145,-138.34109,311.45189,-14.01411,249.74826,126.88126,"Sidener, Walk On",0,"Foor, Daylen",1000165264,"Leininger, Ryley",816158,"Alaniz, Rylan",10304817,"McKnight, Jaxon",10895897,"Byrd, Cadyn",1000608881,"Fryman, Bennett",814538,TRUE,,
e3b2e70a-97ae-4a85-8a03-cad3bc3b291e,106,41087300-b860-11f1-bb3b-79eba3515486,c78117e5-2951-4326-94c7-a47b59dd6b5d,2026-09-24,16:38:06.79,2026-09-24,21:38:06.79,2026-09-24T16:38:06.7916288-05:00,2026-09-24T21:38:06.7916288Z,TEX_BOB,TEX_BOB,InPlay,Out,NoShift,93.2248,80.29461,143.30514,50.49102,94.03069,-61.47265,140.99721,-46.84052,239.66601,-137.62817,305.42921,-12.7943,248.64786,125.41982,"Sidener, Walk On",0,"Foor, Daylen",1000165264,"Leininger, Ryley",816158,"Alaniz, Rylan",10304817,"McKnight, Jaxon",10895897,"Byrd, Cadyn",1000608881,"Fryman, Bennett",814538,TRUE,"Alaniz, Rylan",SS
e3b2e70a-97ae-4a85-8a03-cad3bc3b291e,107,592cb770-b860-11f1-bb3b-79eba3515486,a7d8fa40-a3a3-4fe5-9238-b317ff1a6cc4,2026-09-24,16:38:47.23,2026-09-24,21:38:47.23,2026-09-24T16:38:47.2356352-05:00,2026-09-24T21:38:47.2356352Z,TEX_BOB,TEX_BOB,StrikeCalled,Undefined,NoShift,95.4676,76.8043,146.37269,46.83064,90.01698,-65.64224,139.29205,-48.27261,241.78827,-143.7588,311.02915,-12.92631,244.91005,125.26513,"Sidener, Walk On",0,"Foor, Daylen",1000165264,"Leininger, Ryley",816158,"Alaniz, Rylan",10304817,"McKnight, Jaxon",10895897,"Byrd, Cadyn",1000608881,"Fryman, Bennett",814538,TRUE,,
e3b2e70a-97ae-4a85-8a03-cad3bc3b291e,108,63482640-b860-11f1-bb3b-79eba3515486,b31d868a-6f5c-4c1d-813e-ebef6c2108b8,2026-09-24,16:39:04.16,2026-09-24,21:39:04.16,2026-09-24T16:39:04.1600000-05:00,2026-09-24T21:39:04.1600000Z,TEX_BOB,TEX_BOB,BallCalled,Undefined,NoShift,94.25798,76.37659,148.75377,46.43221,91.34162,-66.09404,140.41276,-49.13278,240.59914,-142.91604,312.02688,-14.03645,245.89797,123.77,"Sidener, Walk On",0,"Foor, Daylen",1000165264,"Leininger, Ryley",816158,"Alaniz, Rylan",10304817,"McKnight, Jaxon",10895897,"Byrd, Cadyn",1000608881,"Fryman, Bennett",814538,TRUE,,
e3b2e70a-97ae-4a85-8a03-cad3bc3b291e,109,725acac0-b860-11f1-bb3b-79eba3515486,e4d1b4ac-aca7-4574-95ff-e5638e103018,2026-09-24,16:39:29.52,2026-09-24,21:39:29.52,2026-09-24T16:39:29.5210496-05:00,2026-09-24T21:39:29.5210496Z,TEX_BOB,TEX_BOB,BallCalled,Undefined,NoShift,96.42837,72.2266,145.46006,44.90398,90.71967,-65.62228,140.01824,-47.61676,240.38894,-143.06079,311.92981,-13.57616,245.5187,126.74987,"Sidener, Walk On",0,"Foor, Daylen",1000165264,"Leininger, Ryley",816158,"Alaniz, Rylan",10304817,"McKnight, Jaxon",10895897,"Byrd, Cadyn",1000608881,"Fryman, Bennett",814538,TRUE,,
e3b2e70a-97ae-4a85-8a03-cad3bc3b291e,110,7ed73400-b860-11f1-bb3b-79eba3515486,278b2b03-5824-4423-9ea7-dc4bbd21511a,2026-09-24,16:39:50.41,2026-09-24,21:39:50.41,2026-09-24T16:39:50.4179712-05:00,2026-09-24T21:39:50.4179712Z,TEX_BOB,TEX_BOB,FoulBallNotFieldable,Undefined,NoShift,95.95597,75.92387,147.41614,45.69522,90.22898,-65.43768,140.105,-50.06596,240.18759,-141.06989,310.84666,-11.40959,246.97165,126.03057,"Sidener, Walk On",0,"Foor, Daylen",1000165264,"Leininger, Ryley",816158,"Alaniz, Rylan",10304817,"McKnight, Jaxon",10895897,"Byrd, Cadyn",1000608881,"Fryman, Bennett",814538,TRUE,,
e3b2e70a-97ae-4a85-8a03-cad3bc3b291e,111,91540590-b860-11f1-bb3b-79eba3515486,7d0a51f1-145b-41b2-85f6-f5c004ed45b1,2026-09-24,16:40:21.48,2026-09-24,21:40:21.48,2026-09-24T16:40:21.4888448-05:00,2026-09-24T21:40:21.4888448Z,TEX_BOB,TEX_BOB,BallCalled,Undefined,NoShift,96.12704,71.1321,146.68577,45.84302,90.56115,-66.25471,138.59558,-49.5439,240.90659,-140.51844,304.69464,-12.15217,243.31483,123.4244,"Sidener, Walk On",0,"Foor, Daylen",1000165264,"Leininger, Ryley",816158,"Alaniz, Rylan",10304817,"McKnight, Jaxon",10895897,"Byrd, Cadyn",1000608881,"Fryman, Bennett",814538,TRUE,,
e3b2e70a-97ae-4a85-8a03-cad3bc3b291e,112,9dd18040-b860-11f1-bb3b-79eba3515486,f5d5c31d-3dd3-4766-8f46-ca31e6237ba9,2026-09-24,16:40:42.35,2026-09-24,21:40:42.35,2026-09-24T16:40:42.3572992-05:00,2026-09-24T21:40:42.3572992Z,TEX_BOB,TEX_BOB,BallCalled,Undefined,NoShift,96.60814,71.2469,145.36552,46.18124,90.0227,-65.80358,138.98701,-49.46241,240.094,-139.99349,307.1706,-14.7636,241.73445,122.75382,"Sidener, Walk On",0,"Foor, Daylen",1000165264,"Leininger, Ryley",816158,"Alaniz, Rylan",10304817,"McKnight, Jaxon",10895897,"Byrd, Cadyn",1000608881,"Fryman, Bennett",814538,TRUE,,
e3b2e70a-97ae-4a85-8a03-cad3bc3b291e,113,b21e2fd0-b860-11f1-bb3b-79eba3515486,620bd5a9-8051-4d90-a26e-c866109e4f2e,2026-09-24,16:41:16.47,2026-09-24,21:41:16.47,2026-09-24T16:41:16.4782592-05:00,2026-09-24T21:41:16.4782592Z,TEX_BOB,TEX_BOB,StrikeCalled,Undefined,NoShift,62.89328,58.42271,145.76202,26.70428,85.96205,-63.27669,137.49268,-32.76538,240.80877,-141.40098,296.20275,-13.123,241.68933,127.96333,"Sidener, Walk On",0,"Foor, Daylen",1000165264,"Leininger, Ryley",816158,"Alaniz, Rylan",10304817,"McKnight, Jaxon",10895897,"Byrd, Cadyn",1000608881,"Fryman, Bennett",814538,TRUE,,
e3b2e70a-97ae-4a85-8a03-cad3bc3b291e,114,bf12d650-b860-11f1-bb3b-79eba3515486,88462e43-2a28-48fa-9472-a3f4d4ba56ae,2026-09-24,16:41:38.15,2026-09-24,21:41:38.15,2026-09-24T16:41:38.1522944-05:00,2026-09-24T21:41:38.1522944Z,TEX_BOB,TEX_BOB,StrikeCalled,Undefined,NoShift,62.97148,58.7437,144.28442,27.26348,85.25107,-61.64784,137.47425,-34.84124,238.38443,-140.216,297.89831,-11.67137,244.16667,125.01441,"Sidener, Walk On",0,"Foor, Daylen",1000165264,"Leininger, Ryley",816158,"Alaniz, Rylan",10304817,"McKnight, Jaxon",10895897,"Byrd, Cadyn",1000608881,"Fryman, Bennett",814538,TRUE,,
e3b2e70a-97ae-4a85-8a03-cad3bc3b291e,115,cc19f360-b860-11f1-bb3b-79eba3515486,67f94356-5b1b-4a63-b078-75c3c27d05ae,2026-09-24,16:42:00.05,2026-09-24,21:42:00.05,2026-09-24T16:42:00.0510976-05:00,2026-09-24T21:42:00.0510976Z,TEX_BOB,TEX_BOB,InPlay,Single,NoShift,63.54807,58.82478,143.59596,26.69709,86.1119,-62.70995,139.44173,-34.51751,240.30024,-140.93612,305.51188,-13.28567,246.68023,126.15988,"Sidener, Walk On",0,"Foor, Daylen",1000165264,"Leininger, Ryley",816158,"Alaniz, Rylan",10304817,"McKnight, Jaxon",10895897,"Byrd, Cadyn",1000608881,"Fryman, Bennett",814538,TRUE,"McKnight, Jaxon",LF
e3b2e70a-97ae-4a85-8a03-cad3bc3b291e,116,f43d8640-b860-11f1-bb3b-79eba3515486,f924a34c-0549-4018-8227-324c3cd012d5,2026-09-24,16:43:07.40,2026-09-24,21:43:07.40,2026-09-24T16:43:07.4022400-05:00,2026-09-24T21:43:07.4022400Z,TEX_BOB,TEX_BOB,BallCalled,Undefined,NoShift,79.70725,52.10015,139.78052,34.82061,88.05973,-60.30744,130.94959,-18.51236,242.10059,-140.09285,305.76854,-9.77237,252.5569,122.3691,"Sidener, Walk On",0,"Foor, Daylen",1000165264,"Leininger, Ryley",816158,"Alaniz, Rylan",10304817,"McKnight, Jaxon",10895897,"Byrd, Cadyn",1000608881,"Fryman, Bennett",814538,TRUE,,
e3b2e70a-97ae-4a85-8a03-cad3bc3b291e,117,0360f3a0-b861-11f1-bb3b-79eba3515486,ecd4bfdc-8e5e-457a-8b72-0974fc7007e7,2026-09-24,16:43:32.63,2026-09-24,21:43:32.63,2026-09-24T16:43:32.6372864-05:00,2026-09-24T21:43:32.6372864Z,TEX_BOB,TEX_BOB,BallCalled,Undefined,NoShift,79.49278,52.17704,144.02445,31.17379,89.45525,-61.61775,131.12033,-20.02154,240.95783,-139.24343,304.32389,-8.66863,250.86742,121.83324,"Sidener, Walk On",0,"Foor, Daylen",1000165264,"Leininger, Ryley",816158,"Alaniz, Rylan",10304817,"McKnight, Jaxon",10895897,"Byrd, Cadyn",1000608881,"Fryman, Bennett",814538,TRUE,,
e3b2e70a-97ae-4a85-8a03-cad3bc3b291e,118,13ad77b0-b861-11f1-bb3b-79eba3515486,f7c43a1e-f036-4c26-a5b3-d6505dfcde4f,2026-09-24,16:44:00.19,2026-09-24,21:44:00.19,2026-09-24T16:44:00.1955840-05:00,2026-09-24T21:44:00.1955840Z,TEX_BOB,TEX_BOB,BallCalled,Undefined,NoShift,80.28902,52.60808,142.48728,29.76578,89.08317,-59.47699,132.42783,-18.63343,239.08849,-140.3038,308.48901,-8.30058,251.45276,123.04438,"Sidener, Walk On",0,"Foor, Daylen",1000165264,"Leininger, Ryley",816158,"Alaniz, Rylan",10304817,"McKnight, Jaxon",10895897,"Byrd, Cadyn",1000608881,"Fryman, Bennett",814538,TRUE,,
e3b2e70a-97ae-4a85-8a03-cad3bc3b291e,119,23fa70f0-b861-11f1-bb3b-79eba3515486,e06000c4-44e5-4ca4-b7dc-097c13ec7752,2026-09-24,16:44:27.48,2026-09-24,21:44:27.48,2026-09-24T16:44:27.4894848-05:00,2026-09-24T21:44:27.4894848Z,TEX_BOB,TEX_BOB,StrikeSwinging,Undefined,NoShift,80.48975,51.04907,141.09848,28.79999,90.5527,-60.85023,131.85026,-22.24068,238.90994,-138.69673,306.30289,-7.95195,251.72452,122.95425,"Sidener, Walk On",0,"Foor, Daylen",1000165264,"Leininger, Ryley",816158,"Alaniz, Rylan",10304817,"McKnight, Jaxon",10895897,"Byrd, Cadyn",1000608881,"Fryman, Bennett",814538,TRUE,,
e3b2e70a-97ae-4a85-8a03-cad3bc3b291e,120,35ed5200-b861-11f1-bb3b-79eba3515486,374fbb72-d233-498d-a4f0-01f393538cb5,2026-09-24,16:44:57.63,2026-09-24,21:44:57.63,2026-09-24T16:44:57.6356864-05:00,2026-09-24T21:44:57.6356864Z,TEX_BOB,TEX_BOB,BallCalled,Undefined,NoShift,93.47966,82.76029,140.29154,33.05557,90.10301,-60.17641,133.03978,-22.30258,236.31863,-137.14818,302.03082,-9.68738,250.35936,121.91242,"Sidener, Walk On",0,"Foor, Daylen",1000165264,"Leininger, Ryley",816158,"Alaniz, Rylan",10304817,"McKnight, Jaxon",10895897,"Byrd, Cadyn",1000608881,"Fryman, Bennett",814538,TRUE,,
e3b2e70a-97ae-4a85-8a03-cad3bc3b291e,121,a3532630-b861-11f1-bb3b-79eba3515486,a15b72e4-bfe9-4504-81d6-5565e83d1a89,2026-09-24,16:48:01.11,2026-09-24,21:48:01.11,2026-09-24T16:48:01.1155968-05:00,2026-09-24T21:48:01.1155968Z,TEX_BOB,TEX_BOB,BallCalled,Undefined,NoShift,94.53007,61.20155,149.74162,31.17916,89.06086,-71.25903,139.18284,-53.24994,264.02546,-130.00236,315.518,-1.59645,241.16687,133.35581,"Gillis, Jacob",10036249,"Boles, Brady",841175,"Carson, Tanner",841179,"Wheatley, Luke",10290520,"Pellien, Walk On",0,"Cotton, Jackson",828562,"Mitchell, Drayton",10156664,TRUE,,
e3b2e70a-97ae-4a85-8a03-cad3bc3b291e,122,b0f41240-b861-11f1-bb3b-79eba3515486,986dd16d-7609-47f2-8185-bd5f4623b1d2,2026-09-24,16:48:24.03,2026-09-24,21:48:24.03,2026-09-24T16:48:24.0399872-05:00,2026-09-24T21:48:24.0399872Z,TEX_BOB,TEX_BOB,BallCalled,Undefined,NoShift,95.17209,61.42078,148.28003,30.61605,90.73972,-71.22941,139.05634,-53.10282,259.8572,-127.32324,311.81962,-2.28154,240.37189,131.35663,"Gillis, Jacob",10036249,"Boles, Brady",841175,"Carson, Tanner",841179,"Wheatley, Luke",10290520,"Pellien, Walk On",0,"Cotton, Jackson",828562,"Mitchell, Drayton",10156664,TRUE,,
e3b2e70a-97ae-4a85-8a03-cad3bc3b291e,123,c0e92780-b861-11f1-bb3b-79eba3515486,8a30801c-b9e2-4e08-a3ff-c95d3955e1e3,2026-09-24,16:48:50.75,2026-09-24,21:48:50.75,2026-09-24T16:48:50.7568640-05:00,2026-09-24T21:48:50.7568640Z,TEX_BOB,TEX_BOB,StrikeCalled,Undefined,NoShift,94.43631,63.41595,148.86789,30.78833,91.11563,-72.37247,138.7285,-53.47764,257.467,-125.92144,316.34028,-0.58713,240.25809,131.66864,"Gillis, Jacob",10036249,"Boles, Brady",841175,"Carson, Tanner",841179,"Wheatley, Luke",10290520,"Pellien, Walk On",0,"Cotton, Jackson",828562,"Mitchell, Drayton",10156664,TRUE,,
e3b2e70a-97ae-4a85-8a03-cad3bc3b291e,124,cfee1060-b861-11f1-bb3b-79eba3515486,80333ca6-47d5-49cc-9079-3e94624feba5,2026-09-24,16:49:15.94,2026-09-24,21:49:15.94,2026-09-24T16:49:15.9497216-05:00,2026-09-24T21:49:15.9497216Z,TEX_BOB,TEX_BOB,BallCalled,Undefined,NoShift,93.10369,62.58656,149.42585,31.02867,89.55803,-71.32881,139.35369,-53.19137,254.61096,-124.72009,316.68037,-0.24794,241.6737,130.99982,"Gillis, Jacob",10036249,"Boles, Brady",841175,"Carson, Tanner",841179,"Wheatley, Luke",10290520,"Pellien, Walk On",0,"Cotton, Jackson",828562,"Mitchell, Drayton",10156664,TRUE,,
e3b2e70a-97ae-4a85-8a03-cad3bc3b291e,125,ddf119a0-b861-11f1-bb3b-79eba3515486,f5550cdb-ca99-4786-aaad-1ec61fa435e2,2026-09-24,16:49:39.46,2026-09-24,21:49:39.46,2026-09-24T16:49:39.4621952-05:00,2026-09-24T21:49:39.4621952Z,TEX_BOB,TEX_BOB,BallCalled,Undefined,NoShift,93.86364,62.6058,148.72935,32.26892,90.4344,-70.65922,139.29714,-53.32548,258.29157,-125.4098,317.98981,-0.00853,239.71298,129.82136,"Gillis, Jacob",10036249,"Boles, Brady",841175,"Carson, Tanner",841179,"Wheatley, Luke",10290520,"Pellien, Walk On",0,"Cotton, Jackson",828562,"Mitchell, Drayton",10156664,TRUE,,
e3b2e70a-97ae-4a85-8a03-cad3bc3b291e,126,02b8b040-b862-11f1-bb3b-79eba3515486,c7d7fedf-cb34-4027-a424-8375f06faad6,2026-09-24,16:50:41.17,2026-09-24,21:50:41.17,2026-09-24T16:50:41.1791360-05:00,2026-09-24T21:50:41.1791360Z,TEX_BOB,TEX_BOB,StrikeCalled,Undefined,NoShift,64.43823,59.69512,136.34743,41.57554,93.91624,-53.42504,139.14139,-16.31619,253.47435,-122.87625,316.10081,-2.34675,235.67867,137.64701,"Gillis, Jacob",10036249,"Boles, Brady",841175,"Carson, Tanner",841179,"Wheatley, Luke",10290520,"Pellien, Walk On",0,"Cotton, Jackson",828562,"Mitchell, Drayton",10156664,TRUE,,
e3b2e70a-97ae-4a85-8a03-cad3bc3b291e,127,10cd93d0-b862-11f1-bb3b-79eba3515486,1f12d64c-db17-4ac6-827e-78eef17bd115,2026-09-24,16:51:04.74,2026-09-24,21:51:04.74,2026-09-24T16:51:04.7440896-05:00,2026-09-24T21:51:04.7440896Z,TEX_BOB,TEX_BOB,StrikeCalled,Undefined,NoShift,62.98106,59.49534,136.56375,39.52849,92.78631,-53.41977,138.64679,-15.41624,259.68072,-121.59405,315.82556,0.66219,233.86009,137.6557,"Gillis, Jacob",10036249,"Boles, Brady",841175,"Carson, Tanner",841179,"Wheatley, Luke",10290520,"Pellien, Walk On",0,"Cotton, Jackson",828562,"Mitchell, Drayton",10156664,TRUE,,
e3b2e70a-97ae-4a85-8a03-cad3bc3b291e,128,216f8ae0-b862-11f1-bb3b-79eba3515486,43afeb51-3f51-4e85-8a84-c3a8d367635f,2026-09-24,16:51:32.69,2026-09-24,21:51:32.69,2026-09-24T16:51:32.6941696-05:00,2026-09-24T21:51:32.6941696Z,TEX_BOB,TEX_BOB,StrikeSwinging,Undefined,NoShift,63.88631,60.1153,136.68893,39.46982,91.68554,-54.83601,139.31109,-16.66752,253.3633,-120.39888,311.72229,-0.62441,235.02106,134.55173,"Gillis, Jacob",10036249,"Boles, Brady",841175,"Carson, Tanner",841179,"Wheatley, Luke",10290520,"Pellien, Walk On",0,"Cotton, Jackson",828562,"Mitchell, Drayton",10156664,TRUE,,
e3b2e70a-97ae-4a85-8a03-cad3bc3b291e,129,3ff3bcc0-b862-11f1-bb3b-79eba3515486,b847ee77-da39-48df-a05b-81ba6a012bc3,2026-09-24,16:52:23.92,2026-09-24,21:52:23.92,2026-09-24T16:52:23.9229440-05:00,2026-09-24T21:52:23.9229440Z,TEX_BOB,TEX_BOB,InPlay,Double,NoShift,63.83528,59.03269,140.60918,28.38389,84.54428,-64.93468,135.7139,-32.76657,255.73393,-119.11749,313.75443,-1.59806,233.62857,132.63748,"Gillis, Jacob",10036249,"Boles, Brady",841175,"Carson, Tanner",841179,"Wheatley, Luke",10290520,"Pellien, Walk On",0,"Cotton, Jackson",828562,"Mitchell, Drayton",10156664,TRUE,"Mitchell, Drayton",RF
e3b2e70a-97ae-4a85-8a03-cad3bc3b291e,130,62c9e3a0-b862-11f1-bb3b-79eba3515486,d866cd90-6ecb-41c3-8af0-0c60f5e91497,2026-09-24,16:53:22.31,2026-09-24,21:53:22.31,2026-09-24T16:53:22.3112192-05:00,2026-09-24T21:53:22.3112192Z,TEX_BOB,TEX_BOB,StrikeSwinging,Undefined,NoShift,78.82506,46.38115,96.07255,21.65687,71.67635,-53.43122,97.9509,-30.24794,250.37141,-123.72142,301.66167,-0.02035,229.67419,125.32984,"Gillis, Jacob",10036249,"Boles, Brady",841175,"Carson, Tanner",841179,"Wheatley, Luke",10290520,"Pellien, Walk On",0,"Cotton, Jackson",828562,"Mitchell, Drayton",10156664,TRUE,,
e3b2e70a-97ae-4a85-8a03-cad3bc3b291e,131,6f2641c0-b862-11f1-bb3b-79eba3515486,b0a05fbd-8c9f-4e55-92c2-bc6ec24cdcfa,2026-09-24,16:53:43.09,2026-09-24,21:53:43.09,2026-09-24T16:53:43.0978560-05:00,2026-09-24T21:53:43.0978560Z,TEX_BOB,TEX_BOB,BallCalled,Undefined,NoShift,80.06395,46.65682,97.13749,22.41922,70.02324,-52.85045,98.8442,-28.83453,247.28642,-119.54111,300.56519,-0.23603,228.78813,125.85288,"Gillis, Jacob",10036249,"Boles, Brady",841175,"Carson, Tanner",841179,"Wheatley, Luke",10290520,"Pellien, Walk On",0,"Cotton, Jackson",828562,"Mitchell, Drayton",10156664,TRUE,,
e3b2e70a-97ae-4a85-8a03-cad3bc3b291e,132,7d728900-b862-11f1-bb3b-79eba3515486,f2e42ef9-87ac-4aaf-a430-6608676b09c5,2026-09-24,16:54:07.09,2026-09-24,21:54:07.09,2026-09-24T16:54:07.0905344-05:00,2026-09-24T21:54:07.0905344Z,TEX_BOB,TEX_BOB,StrikeCalled,Undefined,NoShift,81.66944,47.01138,95.87079,21.32227,70.82357,-53.50193,98.81763,-25.68574,244.48606,-120.6455,301.51495,-0.2209,231.64241,125.27305,"Gillis, Jacob",10036249,"Boles, Brady",841175,"Carson, Tanner",841179,"Wheatley, Luke",10290520,"Pellien, Walk On",0,"Cotton, Jackson",828562,"Mitchell, Drayton",10156664,TRUE,,
e3b2e70a-97ae-4a85-8a03-cad3bc3b291e,133,8b304be0-b862-11f1-bb3b-79eba3515486,33373f98-4954-4baf-bacb-050b2501f4d1,2026-09-24,16:54:30.13,2026-09-24,21:54:30.13,2026-09-24T16:54:30.1379584-05:00,2026-09-24T21:54:30.1379584Z,TEX_BOB,TEX_BOB,FoulBallNotFieldable,Undefined,NoShift,81.15673,47.42276,97.81094,22.31056,71.54365,-53.60299,97.82581,-27.24026,247.29133,-119.54135,307.20155,0.88345,228.92999,123.05906,"Gillis, Jacob",10036249,"Boles, Brady",841175,"Carson, Tanner",841179,"Wheatley, Luke",10290520,"Pellien, Walk On",0,"Cotton, Jackson",828562,"Mitchell, Drayton",10156664,TRUE,,
e3b2e70a-97ae-4a85-8a03-cad3bc3b291e,134,9d322110-b862-11f1-bb3b-79eba3515486,bb097347-c252-40d9-8acb-9e844ac42564,2026-09-24,16:55:00.39,2026-09-24,21:55:00.39,2026-09-24T16:55:00.3962368-05:00,2026-09-24T21:55:00.3962368Z,TEX_BOB,TEX_BOB,FoulBallNotFieldable,Undefined,NoShift,80.94767,47.86907,96.85688,23.55005,70.87134,-53.49988,96.27366,-29.31625,246.23832,-118.25718,305.27834,0.00458,228.87637,121.69137,"Gillis, Jacob",10036249,"Boles, Brady",841175,"Carson, Tanner",841179,"Wheatley, Luke",10290520,"Pellien, Walk On",0,"Cotton, Jackson",828562,"Mitchell, Drayton",10156664,TRUE,,
e3b2e70a-97ae-4a85-8a03-cad3bc3b291e,135,baf525d0-b862-11f1-bb3b-79eba3515486,4e3ee9a1-0ca6-4339-9994-79411286e063,2026-09-24,16:55:50.26,2026-09-24,21:55:50.26,2026-09-24T16:55:50.2610944-05:00,2026-09-24T21:55:50.2610944Z,TEX_BOB,TEX_BOB,BallCalled,Undefined,LeftInfieldShift,82.49263,43.09624,108.2418,-3.14368,72.77793,-54.5544,91.74078,-35.62469,256.96898,-126.52931,300.99001,1.44087,232.96086,122.72761,"Gillis, Jacob",10036249,"Boles, Brady",841175,"Carson, Tanner",841179,"Wheatley, Luke",10290520,"Pellien, Walk On",0,"Cotton, Jackson",828562,"Mitchell, Drayton",10156664,TRUE,,
e3b2e70a-97ae-4a85-8a03-cad3bc3b291e,136,ce97d9c0-b862-11f1-bb3b-79eba3515486,9e52fd21-b35b-44fe-94e4-a3451b965084,2026-09-24,16:56:23.14,2026-09-24,21:56:23.14,2026-09-24T16:56:23.1443968-05:00,2026-09-24T21:56:23.1443968Z,TEX_BOB,TEX_BOB,StrikeCalled,Undefined,NoShift,84.48435,43.51632,99.47668,16.39466,70.66911,-53.7616,89.13319,-36.62921,258.12077,-127.00155,308.13325,-0.97498,241.09756,121.54259,"Gillis, Jacob",10036249,"Boles, Brady",841175,"Carson, Tanner",841179,"Wheatley, Luke",10290520,"Pellien, Walk On",0,"Cotton, Jackson",828562,"Mitchell, Drayton",10156664,TRUE,,
e3b2e70a-97ae-4a85-8a03-cad3bc3b291e,137,557aa490-b863-11f1-bb3b-79eba3515486,5753f2e8-8796-4470-ae6a-278b9d180eee,2026-09-24,17:00:09.54,2026-09-24,22:00:09.54,2026-09-24T17:00:09.5455232-05:00,2026-09-24T22:00:09.5455232Z,TEX_BOB,TEX_BOB,BallCalled,Undefined,NoShift,96.43241,66.40332,147.76768,38.68164,90.16014,-66.47165,140.73262,-48.67814,240.48475,-148.98054,298.24868,-10.27466,246.47608,125.54366,"Sidener, Walk On",0,"Foor, Daylen",1000165264,"Leininger, Ryley",816158,"Alaniz, Rylan",10304817,"McKnight, Jaxon",10895897,"Byrd, Cadyn",1000608881,"Fryman, Bennett",814538,TRUE,,
e3b2e70a-97ae-4a85-8a03-cad3bc3b291e,138,62eeb440-b863-11f1-bb3b-79eba3515486,e19c7863-1123-4659-bdc7-320fa6f78520,2026-09-24,17:00:32.11,2026-09-24,22:00:32.11,2026-09-24T17:00:32.1154048-05:00,2026-09-24T22:00:32.1154048Z,TEX_BOB,TEX_BOB,StrikeCalled,Undefined,NoShift,96.329,65.44194,148.05225,40.13575,89.89327,-66.1117,137.83732,-49.57627,237.38605,-148.93597,293.41789,-10.7335,245.2339,125.06396,"Sidener, Walk On",0,"Foor, Daylen",1000165264,"Leininger, Ryley",816158,"Alaniz, Rylan",10304817,"McKnight, Jaxon",10895897,"Byrd, Cadyn",1000608881,"Fryman, Bennett",814538,TRUE,,
e3b2e70a-97ae-4a85-8a03-cad3bc3b291e,139,71880a10-b863-11f1-bb3b-79eba3515486,1a508166-35dd-49b0-9eaa-b9b44bd740f6,2026-09-24,17:00:56.57,2026-09-24,22:00:56.57,2026-09-24T17:00:56.5745152-05:00,2026-09-24T22:00:56.5745152Z,TEX_BOB,TEX_BOB,InPlay,Out,NoShift,97.03248,66.10939,147.95892,38.32731,90.16333,-67.26666,138.56027,-51.501,236.33629,-147.71276,294.97139,-10.04124,243.99886,125.13212,"Sidener, Walk On",0,"Foor, Daylen",1000165264,"Leininger, Ryley",816158,"Alaniz, Rylan",10304817,"McKnight, Jaxon",10895897,"Byrd, Cadyn",1000608881,"Fryman, Bennett",814538,TRUE,"McKnight, Jaxon",LF
e3b2e70a-97ae-4a85-8a03-cad3bc3b291e,140,89dcd460-b863-11f1-bb3b-79eba3515486,411fb147-2c6d-44f9-8686-2828fceae939,2026-09-24,17:01:37.40,2026-09-24,22:01:37.40,2026-09-24T17:01:37.4065152-05:00,2026-09-24T22:01:37.4065152Z,TEX_BOB,TEX_BOB,InPlay,Single,NoShift,92.43117,64.46609,147.3507,39.27499,90.84276,-67.23096,139.01453,-51.40294,237.3621,-159.84418,304.64545,-9.02624,246.25041,124.82235,"Sidener, Walk On",0,"Foor, Daylen",1000165264,"Leininger, Ryley",816158,"Alaniz, Rylan",10304817,"McKnight, Jaxon",10895897,"Byrd, Cadyn",1000608881,"Fryman, Bennett",814538,TRUE,"Fryman, Bennett",RF
e3b2e70a-97ae-4a85-8a03-cad3bc3b291e,141,a27d9bd0-b863-11f1-bb3b-79eba3515486,f9719aa1-9e7e-4336-8bde-4800fbe924f7,2026-09-24,17:02:18.73,2026-09-24,22:02:18.73,2026-09-24T17:02:18.7346432-05:00,2026-09-24T22:02:18.7346432Z,TEX_BOB,TEX_BOB,StrikeCalled,Undefined,NoShift,63.25067,60.35722,144.89837,25.70203,85.55837,-61.89409,135.01367,-30.43967,228.5976,-151.65196,294.06514,-11.85062,240.46287,118.87386,"Sidener, Walk On",0,"Foor, Daylen",1000165264,"Leininger, Ryley",816158,"Alaniz, Rylan",10304817,"McKnight, Jaxon",10895897,"Byrd, Cadyn",1000608881,"Fryman, Bennett",814538,TRUE,,
e3b2e70a-97ae-4a85-8a03-cad3bc3b291e,142,b0d72980-b863-11f1-bb3b-79eba3515486,74b2e9c3-b6f3-4d19-9e68-171c60f25e78,2026-09-24,17:02:42.77,2026-09-24,22:02:42.77,2026-09-24T17:02:42.7783168-05:00,2026-09-24T22:02:42.7783168Z,TEX_BOB,TEX_BOB,BallCalled,Undefined,NoShift,63.56584,60.14722,144.38064,23.76526,86.35266,-62.64526,137.22032,-33.2111,228.31616,-151.92699,293.47354,-11.35237,240.67321,121.45571,"Sidener, Walk On",0,"Foor, Daylen",1000165264,"Leininger, Ryley",816158,"Alaniz, Rylan",10304817,"McKnight, Jaxon",10895897,"Byrd, Cadyn",1000608881,"Fryman, Bennett",814538,TRUE,,
e3b2e70a-97ae-4a85-8a03-cad3bc3b291e,143,bec30140-b863-11f1-bb3b-79eba3515486,7c887ad6-c81f-47b3-938d-993928cc702d,2026-09-24,17:03:06.14,2026-09-24,22:03:06.14,2026-09-24T17:03:06.1439488-05:00,2026-09-24T22:03:06.1439488Z,TEX_BOB,TEX_BOB,BallCalled,Undefined,NoShift,63.07971,60.23421,142.97913,27.26528,86.4085,-62.81137,136.63295,-32.14565,233.04564,-154.18,296.09303,-12.4736,244.12823,123.78583,"Sidener, Walk On",0,"Foor, Daylen",1000165264,"Leininger, Ryley",816158,"Alaniz, Rylan",10304817,"McKnight, Jaxon",10895897,"Byrd, Cadyn",1000608881,"Fryman, Bennett",814538,TRUE,,
e3b2e70a-97ae-4a85-8a03-cad3bc3b291e,144,d0275df0-b863-11f1-bb3b-79eba3515486,c2666b28-192f-4ae0-a37e-6f8aafcdb92e,2026-09-24,17:03:35.30,2026-09-24,22:03:35.30,2026-09-24T17:03:35.3076736-05:00,2026-09-24T22:03:35.3076736Z,TEX_BOB,TEX_BOB,BallCalled,Undefined,NoShift,63.37729,59.18062,142.72834,27.58264,85.48139,-61.54059,136.0871,-34.65961,234.69643,-155.6262,286.18889,-11.83732,245.7317,121.14725,"Sidener, Walk On",0,"Foor, Daylen",1000165264,"Leininger, Ryley",816158,"Alaniz, Rylan",10304817,"McKnight, Jaxon",10895897,"Byrd, Cadyn",1000608881,"Fryman, Bennett",814538,TRUE,,
e3b2e70a-97ae-4a85-8a03-cad3bc3b291e,145,dfc811a0-b863-11f1-bb3b-79eba3515486,789aff4d-6a5b-4bbb-baa9-be0d1660ee99,2026-09-24,17:04:01.55,2026-09-24,22:04:01.55,2026-09-24T17:04:01.5559680-05:00,2026-09-24T22:04:01.5559680Z,TEX_BOB,TEX_BOB,BallCalled,Undefined,NoShift,63.07623,59.31335,144.59905,26.45443,85.31207,-61.26606,136.41485,-33.58439,235.35399,-156.02646,293.6967,-13.13397,244.22678,123.27082,"Sidener, Walk On",0,"Foor, Daylen",1000165264,"Leininger, Ryley",816158,"Alaniz, Rylan",10304817,"McKnight, Jaxon",10895897,"Byrd, Cadyn",1000608881,"Fryman, Bennett",814538,TRUE,,
e3b2e70a-97ae-4a85-8a03-cad3bc3b291e,146,f827b160-b863-11f1-bb3b-79eba3515486,7cf7a160-f731-4f27-89d9-088296fe223f,2026-09-24,17:04:42.48,2026-09-24,22:04:42.48,2026-09-24T17:04:42.4896512-05:00,2026-09-24T22:04:42.4896512Z,TEX_BOB,TEX_BOB,StrikeCalled,Undefined,NoShift,81.31566,58.57097,147.70394,26.30015,86.01341,-62.6378,136.67494,-33.11971,235.08602,-154.13779,292.75239,-11.26884,238.51151,120.05426,"Sidener, Walk On",0,"Foor, Daylen",1000165264,"Leininger, Ryley",816158,"Alaniz, Rylan",10304817,"McKnight, Jaxon",10895897,"Byrd, Cadyn",1000608881,"Fryman, Bennett",814538,TRUE,,
e3b2e70a-97ae-4a85-8a03-cad3bc3b291e,147,07310710-b864-11f1-bb3b-79eba3515486,dcb8d37a-780e-41d2-ad09-760babaafbd5,2026-09-24,17:05:07.65,2026-09-24,22:05:07.65,2026-09-24T17:05:07.6537856-05:00,2026-09-24T22:05:07.6537856Z,TEX_BOB,TEX_BOB,BallCalled,Undefined,NoShift,82.02906,59.11587,141.65625,25.12134,87.06404,-63.57052,136.73671,-33.00525,234.6999,-154.07306,293.57753,-11.93576,240.09532,121.94745,"Sidener, Walk On",0,"Foor, Daylen",1000165264,"Leininger, Ryley",816158,"Alaniz, Rylan",10304817,"McKnight, Jaxon",10895897,"Byrd, Cadyn",1000608881,"Fryman, Bennett",814538,TRUE,,
e3b2e70a-97ae-4a85-8a03-cad3bc3b291e,148,166a1f50-b864-11f1-bb3b-79eba3515486,1112bdb8-99a2-4109-afe3-cfefc53e0d5e,2026-09-24,17:05:33.19,2026-09-24,22:05:33.19,2026-09-24T17:05:33.1943424-05:00,2026-09-24T22:05:33.1943424Z,TEX_BOB,TEX_BOB,StrikeCalled,Undefined,NoShift,81.44797,59.75647,141.9024,24.83229,87.40836,-63.13556,135.99614,-30.40167,235.99032,-153.78099,295.40063,-13.74814,238.05828,123.58003,"Sidener, Walk On",0,"Foor, Daylen",1000165264,"Leininger, Ryley",816158,"Alaniz, Rylan",10304817,"McKnight, Jaxon",10895897,"Byrd, Cadyn",1000608881,"Fryman, Bennett",814538,TRUE,,
e3b2e70a-97ae-4a85-8a03-cad3bc3b291e,149,26d48ba0-b864-11f1-bb3b-79eba3515486,4c39f307-16ac-4014-9698-61130e04f332,2026-09-24,17:06:00.74,2026-09-24,22:06:00.74,2026-09-24T17:06:00.7416832-05:00,2026-09-24T22:06:00.7416832Z,TEX_BOB,TEX_BOB,BallCalled,Undefined,NoShift,81.05819,60.58479,142.68988,26.60947,87.22415,-63.73188,138.50695,-33.16385,236.80733,-152.70727,295.40417,-10.90352,239.47803,122.35573,"Sidener, Walk On",0,"Foor, Daylen",1000165264,"Leininger, Ryley",816158,"Alaniz, Rylan",10304817,"McKnight, Jaxon",10895897,"Byrd, Cadyn",1000608881,"Fryman, Bennett",814538,TRUE,,
e3b2e70a-97ae-4a85-8a03-cad3bc3b291e,150,38c71e90-b864-11f1-bb3b-79eba3515486,6d29c163-dbbd-4f93-9085-e40b0cf436e0,2026-09-24,17:06:30.88,2026-09-24,22:06:30.88,2026-09-24T17:06:30.8839424-05:00,2026-09-24T22:06:30.8839424Z,TEX_BOB,TEX_BOB,StrikeCalled,Undefined,NoShift,79.77602,58.84971,143.66743,25.68921,86.90407,-62.72425,136.66843,-32.47922,234.87295,-152.16502,296.94327,-7.7083,238.03035,121.99688,"Sidener, Walk On",0,"Foor, Daylen",1000165264,"Leininger, Ryley",816158,"Alaniz, Rylan",10304817,"McKnight, Jaxon",10895897,"Byrd, Cadyn",1000608881,"Fryman, Bennett",814538,TRUE,,
e3b2e70a-97ae-4a85-8a03-cad3bc3b291e,151,5314d2b0-b864-11f1-bb3b-79eba3515486,58fbc28e-2e93-4f43-93b0-ffe327acf5e7,2026-09-24,17:07:14.96,2026-09-24,22:07:14.96,2026-09-24T17:07:14.9616128-05:00,2026-09-24T22:07:14.9616128Z,TEX_BOB,TEX_BOB,StrikeCalled,Undefined,NoShift,91.41417,75.18264,144.0215,49.21034,91.1253,-61.11097,132.32973,-24.57556,249.28077,-133.40554,297.55616,-6.13592,246.95671,126.97378,"Sidener, Walk On",0,"Foor, Daylen",1000165264,"Leininger, Ryley",816158,"Alaniz, Rylan",10304817,"McKnight, Jaxon",10895897,"Byrd, Cadyn",1000608881,"Fryman, Bennett",814538,TRUE,,
e3b2e70a-97ae-4a85-8a03-cad3bc3b291e,152,630d4350-b864-11f1-bb3b-79eba3515486,76112226-5f8d-42df-9888-73d171d94f32,2026-09-24,17:07:41.83,2026-09-24,22:07:41.83,2026-09-24T17:07:41.8322432-05:00,2026-09-24T22:07:41.8322432Z,TEX_BOB,TEX_BOB,FoulBallNotFieldable,Undefined,NoShift,91.16427,74.84609,142.33381,51.12437,91.06307,-62.49711,135.56849,-27.2322,249.54724,-134.22876,296.32763,-5.91963,246.02941,127.04524,"Sidener, Walk On",0,"Foor, Daylen",1000165264,"Leininger, Ryley",816158,"Alaniz, Rylan",10304817,"McKnight, Jaxon",10895897,"Byrd, Cadyn",1000608881,"Fryman, Bennett",814538,TRUE,,
e3b2e70a-97ae-4a85-8a03-cad3bc3b291e,153,7933bbf0-b864-11f1-bb3b-79eba3515486,7a1e78c0-0e37-4568-a8fe-3c70a71d66f4,2026-09-24,17:08:18.90,2026-09-24,22:08:18.90,2026-09-24T17:08:18.9000000-05:00,2026-09-24T22:08:18.9000000Z,TEX_BOB,TEX_BOB,StrikeSwinging,Undefined,NoShift,93.01621,76.1473,144.99319,50.6894,91.99214,-66.19612,138.84883,-30.48866,246.45841,-137.50538,295.94159,-8.37429,250.53528,124.99156,"Sidener, Walk On",0,"Foor, Daylen",1000165264,"Leininger, Ryley",816158,"Alaniz, Rylan",10304817,"McKnight, Jaxon",10895897,"Byrd, Cadyn",1000608881,"Fryman, Bennett",814538,TRUE,,
e3b2e70a-97ae-4a85-8a03-cad3bc3b291e,154,ef197760-b864-11f1-bb3b-79eba3515486,ce1466b5-cc02-4e76-a630-72d0ecf65203,2026-09-24,17:11:36.79,2026-09-24,22:11:36.79,2026-09-24T17:11:36.7920128-05:00,2026-09-24T22:11:36.7920128Z,TEX_BOB,TEX_BOB,StrikeCalled,Undefined,NoShift,91.7505,60.2122,149.42262,32.32407,86.1097,-65.85637,137.98697,-55.06048,255.52178,-131.09588,306.15807,-1.08381,234.04321,128.56103,"Gillis, Jacob",10036249,"Boles, Brady",841175,"Carson, Tanner",841179,"Wheatley, Luke",10290520,"Pellien, Walk On",0,"Cotton, Jackson",828562,"Mitchell, Drayton",10156664,TRUE,,
e3b2e70a-97ae-4a85-8a03-cad3bc3b291e,155,f90af000-b864-11f1-bb3b-79eba3515486,bc66dea2-4aea-499e-b9c2-d5c55ea38759,2026-09-24,17:11:53.48,2026-09-24,22:11:53.48,2026-09-24T17:11:53.4855680-05:00,2026-09-24T22:11:53.4855680Z,TEX_BOB,TEX_BOB,InPlay,Out,NoShift,91.93758,59.36098,148.96986,32.83449,86.09016,-66.31067,137.7071,-54.99513,252.09756,-132.49135,302.16996,-1.36273,231.93815,128.75216,"Gillis, Jacob",10036249,"Boles, Brady",841175,"Carson, Tanner",841179,"Wheatley, Luke",10290520,"Pellien, Walk On",0,"Cotton, Jackson",828562,"Mitchell, Drayton",10156664,TRUE,"Boles, Brady",2B
e3b2e70a-97ae-4a85-8a03-cad3bc3b291e,156,0ec9a620-b865-11f1-bb3b-79eba3515486,0609e8b7-7686-467c-9f41-d5f59609ced7,2026-09-24,17:12:29.92,2026-09-24,22:12:29.92,2026-09-24T17:12:29.9292160-05:00,2026-09-24T22:12:29.9292160Z,TEX_BOB,TEX_BOB,BallCalled,Undefined,NoShift,92.04217,75.19317,143.87589,44.40381,96.5959,-53.99701,150.34669,-25.11333,259.89399,-121.25072,307.21407,-2.17725,235.70694,125.9596,"Gillis, Jacob",10036249,"Boles, Brady",841175,"Carson, Tanner",841179,"Wheatley, Luke",10290520,"Pellien, Walk On",0,"Cotton, Jackson",828562,"Mitchell, Drayton",10156664,TRUE,,
e3b2e70a-97ae-4a85-8a03-cad3bc3b291e,157,19fcc680-b865-11f1-bb3b-79eba3515486,64c2e482-ecfa-438c-88fa-577ce3487723,2026-09-24,17:12:48.73,2026-09-24,22:12:48.73,2026-09-24T17:12:48.7365632-05:00,2026-09-24T22:12:48.7365632Z,TEX_BOB,TEX_BOB,StrikeCalled,Undefined,NoShift,93.68668,73.80057,144.30126,44.6848,93.88804,-56.20142,149.68044,-26.35601,258.25223,-120.76608,304.01453,-3.26241,235.67011,125.49907,"Gillis, Jacob",10036249,"Boles, Brady",841175,"Carson, Tanner",841179,"Wheatley, Luke",10290520,"Pellien, Walk On",0,"Cotton, Jackson",828562,"Mitchell, Drayton",10156664,TRUE,,
e3b2e70a-97ae-4a85-8a03-cad3bc3b291e,158,25c54910-b865-11f1-bb3b-79eba3515486,13e5f4c8-482e-463d-8d86-ec316cf3ea60,2026-09-24,17:13:08.45,2026-09-24,22:13:08.45,2026-09-24T17:13:08.4542464-05:00,2026-09-24T22:13:08.4542464Z,TEX_BOB,TEX_BOB,BallCalled,Undefined,NoShift,92.68081,73.17987,143.7552,45.36623,93.68796,-56.88091,149.37011,-28.74296,255.7379,-121.96645,301.58077,-2.28074,236.33412,124.57784,"Gillis, Jacob",10036249,"Boles, Brady",841175,"Carson, Tanner",841179,"Wheatley, Luke",10290520,"Pellien, Walk On",0,"Cotton, Jackson",828562,"Mitchell, Drayton",10156664,TRUE,,
e3b2e70a-97ae-4a85-8a03-cad3bc3b291e,159,3405a970-b865-11f1-bb3b-79eba3515486,a2d3e7e1-1ae2-4691-931e-3b1d49887b14,2026-09-24,17:13:32.40,2026-09-24,22:13:32.40,2026-09-24T17:13:32.4034560-05:00,2026-09-24T22:13:32.4034560Z,TEX_BOB,TEX_BOB,BallCalled,Undefined,NoShift,92.90532,73.21353,143.94054,45.20883,95.56606,-56.05138,149.79962,-29.43379,258.55492,-122.22596,308.61913,-1.98383,233.76214,122.49475,"Gillis, Jacob",10036249,"Boles, Brady",841175,"Carson, Tanner",841179,"Wheatley, Luke",10290520,"Pellien, Walk On",0,"Cotton, Jackson",828562,"Mitchell, Drayton",10156664,TRUE,,
e3b2e70a-97ae-4a85-8a03-cad3bc3b291e,160,41e6abc0-b865-11f1-bb3b-79eba3515486,0d01cba9-c585-47c0-b97c-46b5d92e5dcb,2026-09-24,17:13:55.72,2026-09-24,22:13:55.72,2026-09-24T17:13:55.7227520-05:00,2026-09-24T22:13:55.7227520Z,TEX_BOB,TEX_BOB,BallCalled,Undefined,NoShift,92.45586,72.41451,144.15111,45.70272,95.6688,-57.05645,151.15604,-30.13746,256.66252,-122.66336,307.09787,-2.54453,237.16057,122.17852,"Gillis, Jacob",10036249,"Boles, Brady",841175,"Carson, Tanner",841179,"Wheatley, Luke",10290520,"Pellien, Walk On",0,"Cotton, Jackson",828562,"Mitchell, Drayton",10156664,TRUE,,
e3b2e70a-97ae-4a85-8a03-cad3bc3b291e,161,5649a270-b865-11f1-bb3b-79eba3515486,028caf42-5e33-4f83-b202-d28935faf583,2026-09-24,17:14:29.90,2026-09-24,22:14:29.90,2026-09-24T17:14:29.9072512-05:00,2026-09-24T22:14:29.9072512Z,TEX_BOB,TEX_BOB,BallCalled,Undefined,NoShift,63.30382,57.84455,142.13465,29.53524,75.81899,-57.13132,133.38848,-35.78859,253.24036,-129.1298,305.03597,-0.98578,229.60428,127.14851,"Gillis, Jacob",10036249,"Boles, Brady",841175,"Carson, Tanner",841179,"Wheatley, Luke",10290520,"Pellien, Walk On",0,"Cotton, Jackson",828562,"Mitchell, Drayton",10156664,TRUE,,
e3b2e70a-97ae-4a85-8a03-cad3bc3b291e,162,663f7b00-b865-11f1-bb3b-79eba3515486,9ed3595a-3e7b-4d28-b552-7e8213684d9e,2026-09-24,17:14:56.68,2026-09-24,22:14:56.68,2026-09-24T17:14:56.6810000-05:00,2026-09-24T22:14:56.6810000Z,TEX_BOB,TEX_BOB,StrikeSwinging,Undefined,NoShift,63.51649,57.99299,140.1541,27.59028,77.80912,-59.22069,132.69877,-35.45094,254.9204,-128.59064,307.2541,-0.81103,228.46612,125.81657,"Gillis, Jacob",10036249,"Boles, Brady",841175,"Carson, Tanner",841179,"Wheatley, Luke",10290520,"Pellien, Walk On",0,"Cotton, Jackson",828562,"Mitchell, Drayton",10156664,TRUE,,
e3b2e70a-97ae-4a85-8a03-cad3bc3b291e,163,71504650-b865-11f1-bb3b-79eba3515486,f0247504-708d-419d-92fe-44a717aa1f83,2026-09-24,17:15:15.24,2026-09-24,22:15:15.24,2026-09-24T17:15:15.2416768-05:00,2026-09-24T22:15:15.2416768Z,TEX_BOB,TEX_BOB,StrikeCalled,Undefined,NoShift,62.96592,58.58725,141.3996,26.89686,79.68393,-61.7573,133.21958,-35.95916,259.43775,-129.47937,311.14555,-1.51157,232.43775,127.7939,"Gillis, Jacob",10036249,"Boles, Brady",841175,"Carson, Tanner",841179,"Wheatley, Luke",10290520,"Pellien, Walk On",0,"Cotton, Jackson",828562,"Mitchell, Drayton",10156664,TRUE,,
e3b2e70a-97ae-4a85-8a03-cad3bc3b291e,164,7c9a7120-b865-11f1-bb3b-79eba3515486,f47ceafa-2084-4ff9-9422-e3cd685c89df,2026-09-24,17:15:34.16,2026-09-24,22:15:34.16,2026-09-24T17:15:34.1697536-05:00,2026-09-24T22:15:34.1697536Z,TEX_BOB,TEX_BOB,StrikeCalled,Undefined,NoShift,62.79186,58.26215,138.70943,28.59484,79.59665,-60.67032,133.81785,-36.54488,255.39174,-125.65349,303.87373,-1.20085,231.15176,128.44945,"Gillis, Jacob",10036249,"Boles, Brady",841175,"Carson, Tanner",841179,"Wheatley, Luke",10290520,"Pellien, Walk On",0,"Cotton, Jackson",828562,"Mitchell, Drayton",10156664,TRUE,,
e3b2e70a-97ae-4a85-8a03-cad3bc3b291e,165,938d3a70-b865-11f1-bb3b-79eba3515486,e389d6df-23f8-4e14-b2ef-2357c5a31bad,2026-09-24,17:16:12.73,2026-09-24,22:16:12.73,2026-09-24T17:16:12.7376896-05:00,2026-09-24T22:16:12.7376896Z,TEX_BOB,TEX_BOB,BallCalled,Undefined,NoShift,64.36396,58.57151,143.31471,57.77534,96.96116,-55.95234,143.48212,-15.2172,262.60225,-120.20484,308.62304,-1.45986,240.59765,137.98246,"Gillis, Jacob",10036249,"Boles, Brady",841175,"Carson, Tanner",841179,"Wheatley, Luke",10290520,"Pellien, Walk On",0,"Cotton, Jackson",828562,"Mitchell, Drayton",10156664,TRUE,,
e3b2e70a-97ae-4a85-8a03-cad3bc3b291e,166,9f3bcc60-b865-11f1-bb3b-79eba3515486,abf78991-65d3-4412-9794-a9f7f8102895,2026-09-24,17:16:32.27,2026-09-24,22:16:32.27,2026-09-24T17:16:32.2780672-05:00,2026-09-24T22:16:32.2780672Z,TEX_BOB,TEX_BOB,InPlay,Single,NoShift,63.84163,58.30537,145.22835,58.75336,96.20656,-55.73138,144.17991,-16.42452,267.19327,-121.84205,308.88378,-1.24824,241.09411,138.27804,"Gillis, Jacob",10036249,"Boles, Brady",841175,"Carson, Tanner",841179,"Wheatley, Luke",10290520,"Pellien, Walk On",0,"Cotton, Jackson",828562,"Mitchell, Drayton",10156664,TRUE,"Mitchell, Drayton",RF
e3b2e70a-97ae-4a85-8a03-cad3bc3b291e,167,be477dc0-b865-11f1-bb3b-79eba3515486,0f886e07-7608-469d-9f8c-d9e8d5848fe2,2026-09-24,17:17:24.37,2026-09-24,22:17:24.37,2026-09-24T17:17:24.3771904-05:00,2026-09-24T22:17:24.3771904Z,TEX_BOB,TEX_BOB,BallCalled,Undefined,NoShift,90.17322,74.34179,143.53462,54.42105,89.41917,-56.08972,143.29109,-15.07278,258.42498,-117.81781,301.9394,-1.48027,236.67334,137.41298,"Gillis, Jacob",10036249,"Boles, Brady",841175,"Carson, Tanner",841179,"Wheatley, Luke",10290520,"Pellien, Walk On",0,"Cotton, Jackson",828562,"Mitchell, Drayton",10156664,TRUE,,
e3b2e70a-97ae-4a85-8a03-cad3bc3b291e,168,cb4dfe90-b865-11f1-bb3b-79eba3515486,4d209e83-e2be-467f-916c-8feef728eb61,2026-09-24,17:17:46.24,2026-09-24,22:17:46.24,2026-09-24T17:17:46.2437376-05:00,2026-09-24T22:17:46.2437376Z,TEX_BOB,TEX_BOB,StrikeCalled,Undefined,NoShift,90.14864,74.52338,146.07692,55.58395,89.298,-54.66971,140.29867,-16.94122,258.78798,-118.05585,310.59388,-0.97099,236.878,136.5461,"Gillis, Jacob",10036249,"Boles, Brady",841175,"Carson, Tanner",841179,"Wheatley, Luke",10290520,"Pellien, Walk On",0,"Cotton, Jackson",828562,"Mitchell, Drayton",10156664,TRUE,,
e3b2e70a-97ae-4a85-8a03-cad3bc3b291e,169,d8d60b70-b865-11f1-bb3b-79eba3515486,a410a070-8c8c-437a-b85b-1f21a2c40075,2026-09-24,17:18:08.93,2026-09-24,22:18:08.93,2026-09-24T17:18:08.9345536-05:00,2026-09-24T22:18:08.9345536Z,TEX_BOB,TEX_BOB,BallCalled,Undefined,NoShift,91.13557,75.7332,145.23151,57.14051,91.53375,-58.39574,142.82112,-16.92864,262.58596,-119.64264,312.71437,-2.91178,238.33385,135.68991,"Gillis, Jacob",10036249,"Boles, Brady",841175,"Carson, Tanner",841179,"Wheatley, Luke",10290520,"Pellien, Walk On",0,"Cotton, Jackson",828562,"Mitchell, Drayton",10156664,TRUE,,
e3b2e70a-97ae-4a85-8a03-cad3bc3b291e,170,ec067590-b865-11f1-bb3b-79eba3515486,fc3eee48-fbb9-4622-87bb-d6b23c40d4d0,2026-09-24,17:18:41.02,2026-09-24,22:18:41.02,2026-09-24T17:18:41.0271232-05:00,2026-09-24T22:18:41.0271232Z,TEX_BOB,TEX_BOB,StrikeCalled,Undefined,NoShift,90.76896,73.37128,144.12587,57.69698,89.69376,-57.5174,142.03606,-18.45337,259.24487,-118.83471,306.82839,-1.77423,236.40179,132.98171,"Gillis, Jacob",10036249,"Boles, Brady",841175,"Carson, Tanner",841179,"Wheatley, Luke",10290520,"Pellien, Walk On",0,"Cotton, Jackson",828562,"Mitchell, Drayton",10156664,TRUE,,
e3b2e70a-97ae-4a85-8a03-cad3bc3b291e,171,fa49bc20-b865-11f1-bb3b-79eba3515486,a0930c7e-826b-472c-bf5f-f1215dbcc8b4,2026-09-24,17:19:05.03,2026-09-24,22:19:05.03,2026-09-24T17:19:05.0364416-05:00,2026-09-24T22:19:05.0364416Z,TEX_BOB,TEX_BOB,StrikeSwinging,Undefined,NoShift,91.39668,73.40379,147.18195,58.57219,87.61712,-59.0609,142.03288,-18.45342,259.09259,-118.85906,309.52147,-1.68022,237.81462,134.89248,"Gillis, Jacob",10036249,"Boles, Brady",841175,"Carson, Tanner",841179,"Wheatley, Luke",10290520,"Pellien, Walk On",0,"Cotton, Jackson",828562,"Mitchell, Drayton",10156664,TRUE,,
e3b2e70a-97ae-4a85-8a03-cad3bc3b291e,172,6847ffc0-b866-11f1-bb3b-79eba3515486,e5b42b91-b2df-48af-b914-07506f41439d,2026-09-24,17:22:09.55,2026-09-24,22:22:09.55,2026-09-24T17:22:09.5568896-05:00,2026-09-24T22:22:09.5568896Z,TEX_BOB,TEX_BOB,StrikeCalled,Undefined,NoShift,94.66147,65.89306,150.23015,36.61477,90.15537,-67.61059,140.36,-49.3906,242.05297,-149.24487,299.13396,-12.45207,239.03407,115.84712,"Namken, Clayton",834577,"Foor, Daylen",1000165264,"Leininger, Ryley",816158,"Alaniz, Rylan",10304817,"Arebalo, Walk On",0,"Byrd, Cadyn",1000608881,"Fryman, Bennett",814538,TRUE,,
e3b2e70a-97ae-4a85-8a03-cad3bc3b291e,173,75c7f650-b866-11f1-bb3b-79eba3515486,b4257adb-6088-40aa-b905-49d7c34bc44f,2026-09-24,17:22:32.20,2026-09-24,22:22:32.20,2026-09-24T17:22:32.2041344-05:00,2026-09-24T22:22:32.2041344Z,TEX_BOB,TEX_BOB,BallCalled,Undefined,NoShift,94.89773,63.37526,147.65519,39.55477,89.81277,-66.36291,138.74284,-50.22021,294.54317,-156.5203,296.34915,-9.33015,240.78436,118.61941,"Namken, Clayton",834577,"Foor, Daylen",1000165264,"Leininger, Ryley",816158,"Alaniz, Rylan",10304817,"Arebalo, Walk On",0,"Byrd, Cadyn",1000608881,"Fryman, Bennett",814538,TRUE,,
e3b2e70a-97ae-4a85-8a03-cad3bc3b291e,174,8463bd20-b866-11f1-bb3b-79eba3515486,9acae8b8-847f-44b2-a36d-509acf255e07,2026-09-24,17:22:56.69,2026-09-24,22:22:56.69,2026-09-24T17:22:56.6902784-05:00,2026-09-24T22:22:56.6902784Z,TEX_BOB,TEX_BOB,HitByPitch,Undefined,LeftInfieldShift,95.4355,64.02815,155.31631,-24.01462,89.92081,-67.05828,139.59255,-48.9944,302.77316,-157.59503,295.59751,-10.85123,243.41722,118.81008,"Namken, Clayton",834577,"Foor, Daylen",1000165264,"Leininger, Ryley",816158,"Alaniz, Rylan",10304817,"Arebalo, Walk On",0,"Byrd, Cadyn",1000608881,"Fryman, Bennett",814538,TRUE,,
e3b2e70a-97ae-4a85-8a03-cad3bc3b291e,175,9943d310-b866-11f1-bb3b-79eba3515486,6f0c670f-cbf8-4119-acc1-cfbd1fcf7b1b,2026-09-24,17:23:31.75,2026-09-24,22:23:31.75,2026-09-24T17:23:31.7558784-05:00,2026-09-24T22:23:31.7558784Z,TEX_BOB,TEX_BOB,FoulBallNotFieldable,Undefined,NoShift,62.31141,58.84452,142.08569,27.01999,86.43148,-63.4569,136.76497,-32.58801,304.66176,-149.76615,296.82794,-8.6981,236.93295,114.19194,"Namken, Clayton",834577,"Foor, Daylen",1000165264,"Leininger, Ryley",816158,"Alaniz, Rylan",10304817,"Arebalo, Walk On",0,"Byrd, Cadyn",1000608881,"Fryman, Bennett",814538,TRUE,,
e3b2e70a-97ae-4a85-8a03-cad3bc3b291e,176,aa94ced0-b866-11f1-bb3b-79eba3515486,882565b3-3f2a-438d-a39c-bc67ae6d7a45,2026-09-24,17:24:00.78,2026-09-24,22:24:00.78,2026-09-24T17:24:00.7820288-05:00,2026-09-24T22:24:00.7820288Z,TEX_BOB,TEX_BOB,StrikeCalled,Undefined,NoShift,62.88848,59.11312,141.17369,30.64369,86.6884,-63.43695,136.24505,-30.79231,308.12748,-148.78662,299.42757,-10.37307,228.12218,115.76163,"Namken, Clayton",834577,"Foor, Daylen",1000165264,"Leininger, Ryley",816158,"Alaniz, Rylan",10304817,"Arebalo, Walk On",0,"Byrd, Cadyn",1000608881,"Fryman, Bennett",814538,TRUE,,
e3b2e70a-97ae-4a85-8a03-cad3bc3b291e,177,c68d4cc0-b866-11f1-bb3b-79eba3515486,da84d980-8f87-40be-b0ab-843089147f56,2026-09-24,17:24:47.69,2026-09-24,22:24:47.69,2026-09-24T17:24:47.6981760-05:00,2026-09-24T22:24:47.6981760Z,TEX_BOB,TEX_BOB,BallCalled,Undefined,NoShift,75.73985,70.07405,141.55467,28.75269,85.28899,-63.41883,136.39265,-33.07683,245.87985,-148.14268,307.12368,-13.32952,233.63267,121.35612,"Namken, Clayton",834577,"Foor, Daylen",1000165264,"Leininger, Ryley",816158,"Alaniz, Rylan",10304817,"Arebalo, Walk On",0,"Byrd, Cadyn",1000608881,"Fryman, Bennett",814538,TRUE,,
e3b2e70a-97ae-4a85-8a03-cad3bc3b291e,178,d8b93f30-b866-11f1-bb3b-79eba3515486,a2c99238-65d0-4b6e-8e32-ffab90acbb83,2026-09-24,17:25:18.24,2026-09-24,22:25:18.24,2026-09-24T17:25:18.2439424-05:00,2026-09-24T22:25:18.2439424Z,TEX_BOB,TEX_BOB,BallCalled,Undefined,LeftInfieldShift,63.38348,58.68041,,,85.43077,-63.06033,135.20259,-32.30782,241.17293,-147.93881,298.0963,-10.96601,228.0445,119.60741,"Namken, Clayton",834577,"Foor, Daylen",1000165264,"Leininger, Ryley",816158,"Alaniz, Rylan",10304817,"Arebalo, Walk On",0,"Byrd, Cadyn",1000608881,"Fryman, Bennett",814538,TRUE,,
e3b2e70a-97ae-4a85-8a03-cad3bc3b291e,179,f93d86d0-b866-11f1-bb3b-79eba3515486,07031514-7386-4b1d-b1de-e628a960b0f6,2026-09-24,17:26:12.77,2026-09-24,22:26:12.77,2026-09-24T17:26:12.7739392-05:00,2026-09-24T22:26:12.7739392Z,TEX_BOB,TEX_BOB,StrikeSwinging,Undefined,LeftInfieldShift,64.38855,60.40789,136.36384,-32.08381,85.65444,-62.37572,,,276.78402,-173.95401,302.38735,-9.67009,230.41071,121.2172,"Namken, Clayton",834577,"Foor, Daylen",1000165264,"Leininger, Ryley",816158,"Alaniz, Rylan",10304817,"Arebalo, Walk On",0,"Byrd, Cadyn",1000608881,"Fryman, Bennett",814538,TRUE,,
e3b2e70a-97ae-4a85-8a03-cad3bc3b291e,180,109887d0-b867-11f1-bb3b-79eba3515486,d06395e1-70c3-4744-b210-9914ecf2b6d4,2026-09-24,17:26:51.92,2026-09-24,22:26:51.92,2026-09-24T17:26:51.9248896-05:00,2026-09-24T22:26:51.9248896Z,TEX_BOB,TEX_BOB,StrikeCalled,Undefined,NoShift,62.83752,59.30441,142.00739,35.92296,93.1323,-56.67761,136.49511,-28.00766,250.57714,-146.67485,299.8871,-11.96479,252.57315,132.81267,"Namken, Clayton",834577,"Foor, Daylen",1000165264,"Leininger, Ryley",816158,"Alaniz, Rylan",10304817,"Arebalo, Walk On",0,"Byrd, Cadyn",1000608881,"Fryman, Bennett",814538,TRUE,,
e3b2e70a-97ae-4a85-8a03-cad3bc3b291e,181,2150c600-b867-11f1-bb3b-79eba3515486,e95885a7-0318-44b7-b03e-ee287f3839ec,2026-09-24,17:27:20.02,2026-09-24,22:27:20.02,2026-09-24T17:27:20.0299520-05:00,2026-09-24T22:27:20.0299520Z,TEX_BOB,TEX_BOB,FoulBallNotFieldable,Undefined,NoShift,64.42783,60.88993,141.47006,32.74393,93.38125,-57.15372,136.36575,-28.55922,253.83134,-147.62709,300.07786,-8.7546,250.30716,130.46487,"Namken, Clayton",834577,"Foor, Daylen",1000165264,"Leininger, Ryley",816158,"Alaniz, Rylan",10304817,"Arebalo, Walk On",0,"Byrd, Cadyn",1000608881,"Fryman, Bennett",814538,TRUE,,
e3b2e70a-97ae-4a85-8a03-cad3bc3b291e,182,359b2ba0-b867-11f1-bb3b-79eba3515486,ba9f8d5b-652c-4d5b-a946-0f9f98ac03c5,2026-09-24,17:27:54.02,2026-09-24,22:27:54.02,2026-09-24T17:27:54.0298240-05:00,2026-09-24T22:27:54.0298240Z,TEX_BOB,TEX_BOB,BallCalled,Undefined,NoShift,64.46005,61.04089,144.95821,34.32065,93.13955,-57.09789,136.65439,-30.32689,253.01678,-149.21946,303.55401,-10.10126,251.43515,136.31489,"Namken, Clayton",834577,"Foor, Daylen",1000165264,"Leininger, Ryley",816158,"Alaniz, Rylan",10304817,"Arebalo, Walk On",0,"Byrd, Cadyn",1000608881,"Fryman, Bennett",814538,TRUE,,
e3b2e70a-97ae-4a85-8a03-cad3bc3b291e,183,4732a640-b867-11f1-bb3b-79eba3515486,1a219812-6f4f-4f07-b257-2b91009bd733,2026-09-24,17:28:23.52,2026-09-24,22:28:23.52,2026-09-24T17:28:23.5229696-05:00,2026-09-24T22:28:23.5229696Z,TEX_BOB,TEX_BOB,FoulBallNotFieldable,Undefined,NoShift,64.75168,61.09784,142.59076,32.30297,95.67629,-59.93532,136.93391,-30.8102,254.28023,-149.65441,305.11358,-11.85968,253.52679,133.65383,"Namken, Clayton",834577,"Foor, Daylen",1000165264,"Leininger, Ryley",816158,"Alaniz, Rylan",10304817,"Arebalo, Walk On",0,"Byrd, Cadyn",1000608881,"Fryman, Bennett",814538,TRUE,,
e3b2e70a-97ae-4a85-8a03-cad3bc3b291e,184,5ceb9000-b867-11f1-bb3b-79eba3515486,a04fa64c-c056-4712-95f5-1a515271dc35,2026-09-24,17:29:00.01,2026-09-24,22:29:00.01,2026-09-24T17:29:00.0154112-05:00,2026-09-24T22:29:00.0154112Z,TEX_BOB,TEX_BOB,BallCalled,Undefined,NoShift,63.41914,60.36118,141.4374,32.51965,94.37952,-59.04725,138.09981,-28.29638,245.62373,-152.22837,310.55382,-9.33479,250.68126,133.74552,"Namken, Clayton",834577,"Foor, Daylen",1000165264,"Leininger, Ryley",816158,"Alaniz, Rylan",10304817,"Arebalo, Walk On",0,"Byrd, Cadyn",1000608881,"Fryman, Bennett",814538,TRUE,,
e3b2e70a-97ae-4a85-8a03-cad3bc3b291e,185,71c95c00-b867-11f1-bb3b-79eba3515486,3c483057-dc1e-4100-b04a-9272cb90eb3a,2026-09-24,17:29:35.02,2026-09-24,22:29:35.02,2026-09-24T17:29:35.0272000-05:00,2026-09-24T22:29:35.0272000Z,TEX_BOB,TEX_BOB,FoulBallNotFieldable,Undefined,NoShift,64.43993,60.89281,141.10443,29.71415,93.51458,-56.79508,136.10912,-27.94897,251.3984,-147.82875,305.12414,-7.57508,251.87653,132.14296,"Namken, Clayton",834577,"Foor, Daylen",1000165264,"Leininger, Ryley",816158,"Alaniz, Rylan",10304817,"Arebalo, Walk On",0,"Byrd, Cadyn",1000608881,"Fryman, Bennett",814538,TRUE,,
e3b2e70a-97ae-4a85-8a03-cad3bc3b291e,186,8bc100e0-b867-11f1-bb3b-79eba3515486,c5297bfa-8e5d-4d96-971e-84047ffd4c85,2026-09-24,17:30:18.54,2026-09-24,22:30:18.54,2026-09-24T17:30:18.5449984-05:00,2026-09-24T22:30:18.5449984Z,TEX_BOB,TEX_BOB,InPlay,Out,NoShift,64.08049,60.87122,142.8911,35.01928,95.16923,-58.088,136.39937,-27.60817,249.47616,-145.29035,304.67791,1.07407,250.94984,133.85907,"Namken, Clayton",834577,"Foor, Daylen",1000165264,"Leininger, Ryley",816158,"Alaniz, Rylan",10304817,"Arebalo, Walk On",0,"Byrd, Cadyn",1000608881,"Fryman, Bennett",814538,TRUE,"Alaniz, Rylan",SS
e3b2e70a-97ae-4a85-8a03-cad3bc3b291e,187,b54d99a0-b867-11f1-bb3b-79eba3515486,8ff8fcfc-7540-4a7c-9cf7-63f78c595e59,2026-09-24,17:31:28.30,2026-09-24,22:31:28.30,2026-09-24T17:31:28.3030000-05:00,2026-09-24T22:31:28.3030000Z,TEX_BOB,TEX_BOB,BallCalled,Undefined,LeftInfieldShift,64.78578,60.63037,143.66039,-38.56748,90.7598,-68.35901,,,246.18468,-150.97215,296.90974,-11.52011,242.20507,129.0535,"Namken, Clayton",834577,"Foor, Daylen",1000165264,"Leininger, Ryley",816158,"Alaniz, Rylan",10304817,"Arebalo, Walk On",0,"Byrd, Cadyn",1000608881,"Fryman, Bennett",814538,TRUE,,
e3b2e70a-97ae-4a85-8a03-cad3bc3b291e,188,cf608eb0-b867-11f1-bb3b-79eba3515486,8b1c5aaf-d144-41b8-a945-5156f7a1ce84,2026-09-24,17:32:12.05,2026-09-24,22:32:12.05,2026-09-24T17:32:12.0571392-05:00,2026-09-24T22:32:12.0571392Z,TEX_BOB,TEX_BOB,BallCalled,Undefined,NoShift,90.76637,63.91098,149.32791,38.19127,92.2549,-70.58702,140.46636,-47.72325,253.06972,-148.61782,310.13345,-9.36014,250.31579,123.37,"Namken, Clayton",834577,"Foor, Daylen",1000165264,"Leininger, Ryley",816158,"Alaniz, Rylan",10304817,"Arebalo, Walk On",0,"Byrd, Cadyn",1000608881,"Fryman, Bennett",814538,TRUE,,
e3b2e70a-97ae-4a85-8a03-cad3bc3b291e,189,de5ac930-b867-11f1-bb3b-79eba3515486,d94a46d6-dd01-4bc3-a14b-26f213a2b207,2026-09-24,17:32:37.10,2026-09-24,22:32:37.10,2026-09-24T17:32:37.1001856-05:00,2026-09-24T22:32:37.1001856Z,TEX_BOB,TEX_BOB,StrikeCalled,Undefined,NoShift,90.49829,63.87825,149.00182,38.13025,91.44431,-69.38317,139.43648,-47.39657,245.17452,-145.25873,302.92432,-9.03926,242.55834,125.03954,"Namken, Clayton",834577,"Foor, Daylen",1000165264,"Leininger, Ryley",816158,"Alaniz, Rylan",10304817,"Arebalo, Walk On",0,"Byrd, Cadyn",1000608881,"Fryman, Bennett",814538,TRUE,,
e3b2e70a-97ae-4a85-8a03-cad3bc3b291e,190,ed506fd0-b867-11f1-bb3b-79eba3515486,8ae2329a-337b-498e-ba59-9d6bcc51b74b,2026-09-24,17:33:02.29,2026-09-24,22:33:02.29,2026-09-24T17:33:02.2967808-05:00,2026-09-24T22:33:02.2967808Z,TEX_BOB,TEX_BOB,BallCalled,Undefined,NoShift,89.53148,64.59935,148.68489,36.58061,91.54212,-70.13108,140.12127,-45.84115,252.46298,-152.34128,301.89609,-11.26992,242.62545,125.53898,"Namken, Clayton",834577,"Foor, Daylen",1000165264,"Leininger, Ryley",816158,"Alaniz, Rylan",10304817,"Arebalo, Walk On",0,"Byrd, Cadyn",1000608881,"Fryman, Bennett",814538,TRUE,,
e3b2e70a-97ae-4a85-8a03-cad3bc3b291e,191,fc9cc1f0-b867-11f1-bb3b-79eba3515486,3e757d9f-77d8-475b-9428-713802f8f0ba,2026-09-24,17:33:27.89,2026-09-24,22:33:27.89,2026-09-24T17:33:27.8947840-05:00,2026-09-24T22:33:27.8947840Z,TEX_BOB,TEX_BOB,BallCalled,Undefined,NoShift,90.85185,66.00355,148.46829,36.69225,91.43568,-69.28977,139.99727,-49.13413,244.70358,-145.06284,304.80025,-9.73761,242.86081,126.7846,"Namken, Clayton",834577,"Foor, Daylen",1000165264,"Leininger, Ryley",816158,"Alaniz, Rylan",10304817,"Arebalo, Walk On",0,"Byrd, Cadyn",1000608881,"Fryman, Bennett",814538,TRUE,,
e3b2e70a-97ae-4a85-8a03-cad3bc3b291e,192,68bf19a0-b868-11f1-bb3b-79eba3515486,1abd2de3-d22a-43f7-97ed-b2e1a4bfb9a0,2026-09-24,17:36:29.30,2026-09-24,22:36:29.30,2026-09-24T17:36:29.3052928-05:00,2026-09-24T22:36:29.3052928Z,TEX_BOB,TEX_BOB,StrikeCalled,Undefined,NoShift,96.46253,63.06133,148.37135,29.42121,88.51809,-70.59875,138.09698,-55.20283,255.73746,-133.38123,314.93564,-1.2815,242.27286,133.12571,"Gillis, Jacob",10036249,"Boles, Brady",841175,"Carson, Tanner",841179,"Wheatley, Luke",10290520,"Pellien, Walk On",0,"Cotton, Jackson",828562,"Mitchell, Drayton",10156664,TRUE,,
e3b2e70a-97ae-4a85-8a03-cad3bc3b291e,193,74b9a8b0-b868-11f1-bb3b-79eba3515486,abc8af16-ba38-4945-b676-16f7d6ab8528,2026-09-24,17:36:49.47,2026-09-24,22:36:49.47,2026-09-24T17:36:49.4761472-05:00,2026-09-24T22:36:49.4761472Z,TEX_BOB,TEX_BOB,InPlay,HomeRun,NoShift,94.70928,61.79654,149.43311,29.92514,89.04822,-70.12159,137.38961,-55.45448,256.40133,-131.42355,314.06826,-1.42886,241.67054,129.09618,"Gillis, Jacob",10036249,"Boles, Brady",841175,"Carson, Tanner",841179,"Wheatley, Luke",10290520,"Pellien, Walk On",0,"Cotton, Jackson",828562,"Mitchell, Drayton",10156664,TRUE,HR,HR
e3b2e70a-97ae-4a85-8a03-cad3bc3b291e,194,92f20480-b868-11f1-bb3b-79eba3515486,527cbd57-ee7c-4a2e-8f79-103e6b34b8d4,2026-09-24,17:37:40.16,2026-09-24,22:37:40.16,2026-09-24T17:37:40.1658880-05:00,2026-09-24T22:37:40.1658880Z,TEX_BOB,TEX_BOB,BallCalled,Undefined,NoShift,90.39374,75.38904,152.91551,58.45801,95.68868,-60.66456,148.73002,-30.9958,261.42938,-121.04744,315.39817,-2.94867,244.18762,137.59027,"Gillis, Jacob",10036249,"Boles, Brady",841175,"Carson, Tanner",841179,"Wheatley, Luke",10290520,"Pellien, Walk On",0,"Cotton, Jackson",828562,"Mitchell, Drayton",10156664,TRUE,,
e3b2e70a-97ae-4a85-8a03-cad3bc3b291e,195,9cc40e40-b868-11f1-bb3b-79eba3515486,fca4af98-25e7-4c53-a96c-26070f929647,2026-09-24,17:37:56.65,2026-09-24,22:37:56.65,2026-09-24T17:37:56.6500864-05:00,2026-09-24T22:37:56.6500864Z,TEX_BOB,TEX_BOB,StrikeCalled,Undefined,NoShift,90.64264,75.61896,151.60028,59.55064,95.84518,-61.14168,148.62133,-31.83341,262.03109,-117.9828,315.73244,-2.75173,241.4244,136.63463,"Gillis, Jacob",10036249,"Boles, Brady",841175,"Carson, Tanner",841179,"Wheatley, Luke",10290520,"Pellien, Walk On",0,"Cotton, Jackson",828562,"Mitchell, Drayton",10156664,TRUE,,
e3b2e70a-97ae-4a85-8a03-cad3bc3b291e,196,a7d4b280-b868-11f1-bb3b-79eba3515486,d9b2cf2f-bbfe-40ac-93ca-0c61937a4fb0,2026-09-24,17:38:15.12,2026-09-24,22:38:15.12,2026-09-24T17:38:15.1259136-05:00,2026-09-24T22:38:15.1259136Z,TEX_BOB,TEX_BOB,BallCalled,Undefined,NoShift,91.47483,74.32938,152.99522,61.01623,94.96625,-60.82045,148.29257,-32.96078,263.45657,-119.85362,314.18738,-2.90233,238.61591,133.4989,"Gillis, Jacob",10036249,"Boles, Brady",841175,"Carson, Tanner",841179,"Wheatley, Luke",10290520,"Pellien, Walk On",0,"Cotton, Jackson",828562,"Mitchell, Drayton",10156664,TRUE,,
e3b2e70a-97ae-4a85-8a03-cad3bc3b291e,197,ba4e01a0-b868-11f1-bb3b-79eba3515486,9e05287b-078b-433a-8ad5-0fe3b75776ea,2026-09-24,17:38:46.15,2026-09-24,22:38:46.15,2026-09-24T17:38:46.1549568-05:00,2026-09-24T22:38:46.1549568Z,TEX_BOB,TEX_BOB,BallCalled,Undefined,NoShift,91.75143,75.18868,152.42239,61.26845,97.94368,-59.8822,148.49428,-33.97308,261.08458,-120.30044,309.02021,-2.82702,238.80862,132.28047,"Gillis, Jacob",10036249,"Boles, Brady",841175,"Carson, Tanner",841179,"Wheatley, Luke",10290520,"Pellien, Walk On",0,"Cotton, Jackson",828562,"Mitchell, Drayton",10156664,TRUE,,
e3b2e70a-97ae-4a85-8a03-cad3bc3b291e,198,c8c10ac0-b868-11f1-bb3b-79eba3515486,8507a2cc-5ff2-4558-9ccf-04b2f6b2a046,2026-09-24,17:39:10.43,2026-09-24,22:39:10.43,2026-09-24T17:39:10.4333312-05:00,2026-09-24T22:39:10.4333312Z,TEX_BOB,TEX_BOB,StrikeCalled,Undefined,NoShift,92.09105,75.03293,152.70115,61.8056,98.68697,-60.70116,147.52717,-34.53372,260.56386,-118.91817,309.63575,-3.07345,240.30591,134.47349,"Gillis, Jacob",10036249,"Boles, Brady",841175,"Carson, Tanner",841179,"Wheatley, Luke",10290520,"Pellien, Walk On",0,"Cotton, Jackson",828562,"Mitchell, Drayton",10156664,TRUE,,
e3b2e70a-97ae-4a85-8a03-cad3bc3b291e,199,d64f0b10-b868-11f1-bb3b-79eba3515486,726d0ca3-e7a3-42a3-99d3-48523eaaab48,2026-09-24,17:39:33.19,2026-09-24,22:39:33.19,2026-09-24T17:39:33.1900000-05:00,2026-09-24T22:39:33.1900000Z,TEX_BOB,TEX_BOB,StrikeCalled,Undefined,NoShift,91.48204,74.63202,152.84275,61.73226,97.85454,-64.3219,146.4914,-36.4121,261.25904,-119.90912,307.38073,-2.80788,240.42535,132.34971,"Gillis, Jacob",10036249,"Boles, Brady",841175,"Carson, Tanner",841179,"Wheatley, Luke",10290520,"Pellien, Walk On",0,"Cotton, Jackson",828562,"Mitchell, Drayton",10156664,TRUE,,
e3b2e70a-97ae-4a85-8a03-cad3bc3b291e,200,ec432910-b868-11f1-bb3b-79eba3515486,329916e1-f43e-4104-ae03-b0dee92b5f9a,2026-09-24,17:40:10.03,2026-09-24,22:40:10.03,2026-09-24T17:40:10.0318208-05:00,2026-09-24T22:40:10.0318208Z,TEX_BOB,TEX_BOB,StrikeCalled,Undefined,NoShift,93.09975,59.66144,147.01491,32.97159,86.74092,-66.86543,140.68493,-49.6838,256.89313,-132.56854,311.00817,-0.50956,229.14994,131.97791,"Gillis, Jacob",10036249,"Boles, Brady",841175,"Carson, Tanner",841179,"Wheatley, Luke",10290520,"Pellien, Walk On",0,"Cotton, Jackson",828562,"Mitchell, Drayton",10156664,TRUE,,
e3b2e70a-97ae-4a85-8a03-cad3bc3b291e,201,f8c89300-b868-11f1-bb3b-79eba3515486,5715c5af-3ad2-4efd-bd27-5059d6f85757,2026-09-24,17:40:31.07,2026-09-24,22:40:31.07,2026-09-24T17:40:31.0731264-05:00,2026-09-24T22:40:31.0731264Z,TEX_BOB,TEX_BOB,BallCalled,Undefined,NoShift,94.80987,61.38195,147.9849,30.73572,86.20238,-67.44886,140.9394,-50.40141,257.34685,-130.78451,308.99547,-0.36302,227.31924,132.21793,"Gillis, Jacob",10036249,"Boles, Brady",841175,"Carson, Tanner",841179,"Wheatley, Luke",10290520,"Pellien, Walk On",0,"Cotton, Jackson",828562,"Mitchell, Drayton",10156664,TRUE,,
e3b2e70a-97ae-4a85-8a03-cad3bc3b291e,202,042cfc90-b869-11f1-bb3b-79eba3515486,38c9dd06-2f20-4579-9f6d-831adf89fffe,2026-09-24,17:40:50.04,2026-09-24,22:40:50.04,2026-09-24T17:40:50.0450816-05:00,2026-09-24T22:40:50.0450816Z,TEX_BOB,TEX_BOB,BallCalled,Undefined,NoShift,94.40937,60.49037,148.44191,29.58539,88.96974,-69.70068,140.55274,-51.54881,257.26194,-130.22916,310.56053,-1.39691,227.26142,131.72573,"Gillis, Jacob",10036249,"Boles, Brady",841175,"Carson, Tanner",841179,"Wheatley, Luke",10290520,"Pellien, Walk On",0,"Cotton, Jackson",828562,"Mitchell, Drayton",10156664,TRUE,,
e3b2e70a-97ae-4a85-8a03-cad3bc3b291e,203,11f790b0-b869-11f1-bb3b-79eba3515486,8080a3b4-a0ed-4f89-a2b1-5cdf4d96aca6,2026-09-24,17:41:13.26,2026-09-24,22:41:13.26,2026-09-24T17:41:13.2665856-05:00,2026-09-24T22:41:13.2665856Z,TEX_BOB,TEX_BOB,FoulBallNotFieldable,Undefined,NoShift,98.21943,64.38203,148.93772,30.21126,89.86952,-70.52834,140.2142,-51.6943,252.96954,-129.42761,304.0817,-1.38258,225.82487,130.79295,"Gillis, Jacob",10036249,"Boles, Brady",841175,"Carson, Tanner",841179,"Wheatley, Luke",10290520,"Pellien, Walk On",0,"Cotton, Jackson",828562,"Mitchell, Drayton",10156664,TRUE,,
e3b2e70a-97ae-4a85-8a03-cad3bc3b291e,204,21eea1c0-b869-11f1-bb3b-79eba3515486,f49d94e5-e001-434b-9cbc-74c81e014e03,2026-09-24,17:41:40.05,2026-09-24,22:41:40.05,2026-09-24T17:41:40.0510000-05:00,2026-09-24T22:41:40.0510000Z,TEX_BOB,TEX_BOB,StrikeSwinging,Undefined,NoShift,97.66421,64.93867,148.94018,29.09011,90.84339,-70.55051,139.3405,-51.64532,252.32559,-126.92254,305.16561,-0.91567,225.45086,131.84826,"Gillis, Jacob",10036249,"Boles, Brady",841175,"Carson, Tanner",841179,"Wheatley, Luke",10290520,"Pellien, Walk On",0,"Cotton, Jackson",828562,"Mitchell, Drayton",10156664,TRUE,,
e3b2e70a-97ae-4a85-8a03-cad3bc3b291e,205,3a1704e0-b869-11f1-bb3b-79eba3515486,1a422c84-d00e-4bd9-8743-13e297fecae5,2026-09-24,17:42:20.61,2026-09-24,22:42:20.61,2026-09-24T17:42:20.6119936-05:00,2026-09-24T22:42:20.6119936Z,TEX_BOB,TEX_BOB,StrikeCalled,Undefined,NoShift,93.68692,59.46459,149.07916,29.39329,88.52488,-69.18602,139.35515,-52.0291,259.77103,-128.81519,308.79595,-1.38631,227.91468,128.49795,"Gillis, Jacob",10036249,"Boles, Brady",841175,"Carson, Tanner",841179,"Wheatley, Luke",10290520,"Pellien, Walk On",0,"Cotton, Jackson",828562,"Mitchell, Drayton",10156664,TRUE,,
e3b2e70a-97ae-4a85-8a03-cad3bc3b291e,206,44f5eac0-b869-11f1-bb3b-79eba3515486,b471dcb0-a8d0-40c3-afcc-a28b2f459ede,2026-09-24,17:42:38.83,2026-09-24,22:42:38.83,2026-09-24T17:42:38.8369920-05:00,2026-09-24T22:42:38.8369920Z,TEX_BOB,TEX_BOB,FoulBallNotFieldable,Undefined,NoShift,94.42064,61.46384,148.64513,29.51349,92.61882,-72.37613,139.43134,-52.07351,262.96367,-130.6579,312.20382,-1.37297,228.16388,129.16313,"Gillis, Jacob",10036249,"Boles, Brady",841175,"Carson, Tanner",841179,"Wheatley, Luke",10290520,"Pellien, Walk On",0,"Cotton, Jackson",828562,"Mitchell, Drayton",10156664,TRUE,,
e3b2e70a-97ae-4a85-8a03-cad3bc3b291e,207,571e81d0-b869-11f1-bb3b-79eba3515486,5918d1d8-8236-41fd-a9c5-1e1a96106655,2026-09-24,17:43:09.25,2026-09-24,22:43:09.25,2026-09-24T17:43:09.2548096-05:00,2026-09-24T22:43:09.2548096Z,TEX_BOB,TEX_BOB,StrikeSwinging,Undefined,NoShift,93.56855,59.85434,148.51309,29.52334,91.02452,-71.86225,139.66358,-52.84907,254.36988,-130.56018,311.58564,-1.40089,232.25447,126.96027,"Gillis, Jacob",10036249,"Boles, Brady",841175,"Carson, Tanner",841179,"Wheatley, Luke",10290520,"Pellien, Walk On",0,"Cotton, Jackson",828562,"Mitchell, Drayton",10156664,TRUE,,
e3b2e70a-97ae-4a85-8a03-cad3bc3b291e,208,d666e360-b869-11f1-bb3b-79eba3515486,93b0fb53-4154-4bfb-9cce-2d0d7e6382c9,2026-09-24,17:46:42.87,2026-09-24,22:46:42.87,2026-09-24T17:46:42.8741632-05:00,2026-09-24T22:46:42.8741632Z,TEX_BOB,TEX_BOB,FoulBallNotFieldable,Undefined,NoShift,96.19723,64.42052,150.11738,37.91622,91.39762,-68.51186,141.82573,-48.31485,246.52803,-142.2319,310.53842,-9.28818,246.12624,123.1281,"Namken, Clayton",834577,"Foor, Daylen",1000165264,"Leininger, Ryley",816158,"Alaniz, Rylan",10304817,"Arebalo, Walk On",0,"Byrd, Cadyn",1000608881,"Fryman, Bennett",814538,TRUE,,
e3b2e70a-97ae-4a85-8a03-cad3bc3b291e,209,e3b40a20-b869-11f1-bb3b-79eba3515486,c3403888-44d1-4d92-9fb3-4b18a5dc4a0c,2026-09-24,17:47:05.13,2026-09-24,22:47:05.13,2026-09-24T17:47:05.1315200-05:00,2026-09-24T22:47:05.1315200Z,TEX_BOB,TEX_BOB,BallCalled,Undefined,NoShift,91.87134,73.37933,148.05004,36.60751,91.68644,-69.53364,140.67715,-47.88319,244.77052,-149.02153,303.08466,-8.18728,246.79952,122.14356,"Namken, Clayton",834577,"Foor, Daylen",1000165264,"Leininger, Ryley",816158,"Alaniz, Rylan",10304817,"Arebalo, Walk On",0,"Byrd, Cadyn",1000608881,"Fryman, Bennett",814538,TRUE,,
e3b2e70a-97ae-4a85-8a03-cad3bc3b291e,210,ed224900-b869-11f1-bb3b-79eba3515486,e5286959-8506-455f-ba1b-9cc45b6269f4,2026-09-24,17:47:20.96,2026-09-24,22:47:20.96,2026-09-24T17:47:20.9641984-05:00,2026-09-24T22:47:20.9641984Z,TEX_BOB,TEX_BOB,BallCalled,Undefined,LeftInfieldShift,93.95044,63.96181,,,91.35601,-69.16041,139.22236,-50.54063,244.43368,-149.89369,310.30142,-12.99481,250.04038,123.20352,"Namken, Clayton",834577,"Foor, Daylen",1000165264,"Leininger, Ryley",816158,"Alaniz, Rylan",10304817,"Arebalo, Walk On",0,"Byrd, Cadyn",1000608881,"Fryman, Bennett",814538,TRUE,,
e3b2e70a-97ae-4a85-8a03-cad3bc3b291e,211,f68f0140-b869-11f1-bb3b-79eba3515486,71f0e692-2ac6-4ddd-b83e-8bbc27c81ee5,2026-09-24,17:47:36.76,2026-09-24,22:47:36.76,2026-09-24T17:47:36.7642624-05:00,2026-09-24T22:47:36.7642624Z,TEX_BOB,TEX_BOB,StrikeCalled,Undefined,LeftInfieldShift,92.55504,63.53558,,,91.72192,-69.42701,140.91943,-50.69528,241.29522,-149.40509,301.46213,-11.28967,247.68028,124.02702,"Namken, Clayton",834577,"Foor, Daylen",1000165264,"Leininger, Ryley",816158,"Alaniz, Rylan",10304817,"Arebalo, Walk On",0,"Byrd, Cadyn",1000608881,"Fryman, Bennett",814538,TRUE,,
e3b2e70a-97ae-4a85-8a03-cad3bc3b291e,212,018bcf60-b86a-11f1-bb3b-79eba3515486,be063eca-deaa-4dfb-a911-260f01bf537b,2026-09-24,17:47:55.21,2026-09-24,22:47:55.21,2026-09-24T17:47:55.2166400-05:00,2026-09-24T22:47:55.2166400Z,TEX_BOB,TEX_BOB,FoulBallNotFieldable,Undefined,LeftInfieldShift,93.99962,63.18214,,,92.39572,-70.39514,141.17405,-50.62175,245.20962,-148.61697,305.21214,-9.97853,243.25649,125.21838,"Namken, Clayton",834577,"Foor, Daylen",1000165264,"Leininger, Ryley",816158,"Alaniz, Rylan",10304817,"Arebalo, Walk On",0,"Byrd, Cadyn",1000608881,"Fryman, Bennett",814538,TRUE,,
e3b2e70a-97ae-4a85-8a03-cad3bc3b291e,213,161dc550-b86a-11f1-bb3b-79eba3515486,2eec923e-bd9a-4e1f-bdb1-6270f0e8918a,2026-09-24,17:48:29.67,2026-09-24,22:48:29.67,2026-09-24T17:48:29.6775680-05:00,2026-09-24T22:48:29.6775680Z,TEX_BOB,TEX_BOB,BallCalled,Undefined,NoShift,91.15055,63.24147,145.57259,41.25227,91.55866,-70.0435,140.29305,-48.9872,240.65877,-152.20631,308.17046,-10.4188,232.24054,119.35635,"Namken, Clayton",834577,"Foor, Daylen",1000165264,"Leininger, Ryley",816158,"Alaniz, Rylan",10304817,"Arebalo, Walk On",0,"Byrd, Cadyn",1000608881,"Fryman, Bennett",814538,TRUE,,
e3b2e70a-97ae-4a85-8a03-cad3bc3b291e,214,22f12830-b86a-11f1-bb3b-79eba3515486,c43de949-4359-4246-81f1-9d4fe2bbcb55,2026-09-24,17:48:51.25,2026-09-24,22:48:51.25,2026-09-24T17:48:51.2532480-05:00,2026-09-24T22:48:51.2532480Z,TEX_BOB,TEX_BOB,FoulBallNotFieldable,Undefined,LeftInfieldShift,91.20654,64.11954,,,91.19567,-69.7842,141.75187,-49.60797,240.7654,-152.37437,299.94227,-11.37912,232.96282,120.88491,"Namken, Clayton",834577,"Foor, Daylen",1000165264,"Leininger, Ryley",816158,"Alaniz, Rylan",10304817,"Arebalo, Walk On",0,"Byrd, Cadyn",1000608881,"Fryman, Bennett",814538,TRUE,,
e3b2e70a-97ae-4a85-8a03-cad3bc3b291e,215,2fdad230-b86a-11f1-bb3b-79eba3515486,256b178f-9336-410f-8242-cde614d74677,2026-09-24,17:49:12.91,2026-09-24,22:49:12.91,2026-09-24T17:49:12.9172992-05:00,2026-09-24T22:49:12.9172992Z,TEX_BOB,TEX_BOB,BallCalled,Undefined,LeftInfieldShift,92.99143,63.85093,,,91.66629,-70.16882,141.41392,-51.26924,246.9089,-151.36285,304.86396,-10.82925,235.90694,123.96832,"Namken, Clayton",834577,"Foor, Daylen",1000165264,"Leininger, Ryley",816158,"Alaniz, Rylan",10304817,"Arebalo, Walk On",0,"Byrd, Cadyn",1000608881,"Fryman, Bennett",814538,TRUE,,
e3b2e70a-97ae-4a85-8a03-cad3bc3b291e,216,41b65ab0-b86a-11f1-bb3b-79eba3515486,c7da0168-246d-4593-9cea-3b62019f93a6,2026-09-24,17:49:42.87,2026-09-24,22:49:42.87,2026-09-24T17:49:42.8756480-05:00,2026-09-24T22:49:42.8756480Z,TEX_BOB,TEX_BOB,BallCalled,Undefined,NoShift,62.90864,60.02122,144.6309,26.07418,88.40498,-65.62954,138.01677,-33.28457,243.63023,-144.75335,302.33719,-10.02097,248.73872,125.14454,"Namken, Clayton",834577,"Foor, Daylen",1000165264,"Leininger, Ryley",816158,"Alaniz, Rylan",10304817,"Arebalo, Walk On",0,"Byrd, Cadyn",1000608881,"Fryman, Bennett",814538,TRUE,,
e3b2e70a-97ae-4a85-8a03-cad3bc3b291e,217,58fc9b30-b86a-11f1-bb3b-79eba3515486,e3e67df6-2d1c-4d23-89e5-31ca2015a736,2026-09-24,17:50:21.91,2026-09-24,22:50:21.91,2026-09-24T17:50:21.9182592-05:00,2026-09-24T22:50:21.9182592Z,TEX_BOB,TEX_BOB,BallCalled,Undefined,NoShift,65.08079,61.13693,143.04407,31.15528,85.42345,-62.30031,141.15532,-35.14636,244.24944,-144.51842,300.9861,-11.5512,245.83551,123.49519,"Namken, Clayton",834577,"Foor, Daylen",1000165264,"Leininger, Ryley",816158,"Alaniz, Rylan",10304817,"Arebalo, Walk On",0,"Byrd, Cadyn",1000608881,"Fryman, Bennett",814538,TRUE,,
e3b2e70a-97ae-4a85-8a03-cad3bc3b291e,218,643dec60-b86a-11f1-bb3b-79eba3515486,e53477c1-ff1c-4364-b13d-2752e409665f,2026-09-24,17:50:40.82,2026-09-24,22:50:40.82,2026-09-24T17:50:40.8230912-05:00,2026-09-24T22:50:40.8230912Z,TEX_BOB,TEX_BOB,FoulBallNotFieldable,Undefined,NoShift,79.91153,66.76994,147.23439,30.93238,85.50056,-62.84212,138.95309,-32.10978,247.99681,-148.00425,314.78886,-13.06987,249.44918,125.2967,"Namken, Clayton",834577,"Foor, Daylen",1000165264,"Leininger, Ryley",816158,"Alaniz, Rylan",10304817,"Arebalo, Walk On",0,"Byrd, Cadyn",1000608881,"Fryman, Bennett",814538,TRUE,,
e3b2e70a-97ae-4a85-8a03-cad3bc3b291e,219,741b33e0-b86a-11f1-bb3b-79eba3515486,2606b848-7eb8-4fac-aacf-db02360a7eca,2026-09-24,17:51:07.45,2026-09-24,22:51:07.45,2026-09-24T17:51:07.4592768-05:00,2026-09-24T22:51:07.4592768Z,TEX_BOB,TEX_BOB,BallCalled,Undefined,NoShift,63.91441,60.70786,142.82774,29.60325,85.11142,-61.68018,138.48551,-31.0175,242.88776,-146.80235,303.14148,-9.45632,245.02421,126.03583,"Namken, Clayton",834577,"Foor, Daylen",1000165264,"Leininger, Ryley",816158,"Alaniz, Rylan",10304817,"Arebalo, Walk On",0,"Byrd, Cadyn",1000608881,"Fryman, Bennett",814538,TRUE,,
e3b2e70a-97ae-4a85-8a03-cad3bc3b291e,220,8053b650-b86a-11f1-bb3b-79eba3515486,1d91bdcb-51d9-4a95-b4d0-3d88c655cd6f,2026-09-24,17:51:27.92,2026-09-24,22:51:27.92,2026-09-24T17:51:27.9266304-05:00,2026-09-24T22:51:27.9266304Z,TEX_BOB,TEX_BOB,StrikeCalled,Undefined,NoShift,82.02446,68.61452,144.24154,30.78961,86.18183,-62.94167,140.82338,-31.80794,245.02005,-147.61074,302.16239,-12.16513,242.66988,125.54491,"Namken, Clayton",834577,"Foor, Daylen",1000165264,"Leininger, Ryley",816158,"Alaniz, Rylan",10304817,"Arebalo, Walk On",0,"Byrd, Cadyn",1000608881,"Fryman, Bennett",814538,TRUE,,
e3b2e70a-97ae-4a85-8a03-cad3bc3b291e,221,8a7ae4f0-b86a-11f1-bb3b-79eba3515486,057c61c3-1b98-431f-a7c7-3df6780b8307,2026-09-24,17:51:44.96,2026-09-24,22:51:44.96,2026-09-24T17:51:44.9642496-05:00,2026-09-24T22:51:44.9642496Z,TEX_BOB,TEX_BOB,FoulBallNotFieldable,Undefined,NoShift,79.5221,68.46488,144.42987,31.20028,86.71249,-63.63498,141.46585,-31.16943,246.63966,-146.87217,301.75004,-11.65792,233.84758,122.1673,"Namken, Clayton",834577,"Foor, Daylen",1000165264,"Leininger, Ryley",816158,"Alaniz, Rylan",10304817,"Arebalo, Walk On",0,"Byrd, Cadyn",1000608881,"Fryman, Bennett",814538,TRUE,,
e3b2e70a-97ae-4a85-8a03-cad3bc3b291e,222,9b8f4ce0-b86a-11f1-bb3b-79eba3515486,17b94163-8e99-482e-ab92-25b1dad55a50,2026-09-24,17:52:13.63,2026-09-24,22:52:13.63,2026-09-24T17:52:13.6338944-05:00,2026-09-24T22:52:13.6338944Z,TEX_BOB,TEX_BOB,BallCalled,Undefined,NoShift,79.55759,68.83564,143.28226,25.89542,85.41122,-62.38904,139.08263,-29.30372,247.49357,-145.30467,299.76367,-12.50782,237.93321,124.33296,"Namken, Clayton",834577,"Foor, Daylen",1000165264,"Leininger, Ryley",816158,"Alaniz, Rylan",10304817,"Arebalo, Walk On",0,"Byrd, Cadyn",1000608881,"Fryman, Bennett",814538,TRUE,,
e3b2e70a-97ae-4a85-8a03-cad3bc3b291e,223,b1f7fea0-b86a-11f1-bb3b-79eba3515486,a72a01cd-b398-4b39-8553-15d601c9574b,2026-09-24,17:52:51.23,2026-09-24,22:52:51.23,2026-09-24T17:52:51.2331264-05:00,2026-09-24T22:52:51.2331264Z,TEX_BOB,TEX_BOB,StrikeCalled,Undefined,NoShift,80.53772,59.4671,146.90772,25.24256,86.2284,-63.63857,138.16709,-33.17915,240.78477,-141.71726,300.0758,-9.77445,241.60812,120.62334,"Namken, Clayton",834577,"Foor, Daylen",1000165264,"Leininger, Ryley",816158,"Alaniz, Rylan",10304817,"Arebalo, Walk On",0,"Byrd, Cadyn",1000608881,"Fryman, Bennett",814538,TRUE,,
e3b2e70a-97ae-4a85-8a03-cad3bc3b291e,224,be2bc620-b86a-11f1-bb3b-79eba3515486,dd678736-9bfd-47ec-8cd6-b6e6164521ec,2026-09-24,17:53:11.70,2026-09-24,22:53:11.70,2026-09-24T17:53:11.7094400-05:00,2026-09-24T22:53:11.7094400Z,TEX_BOB,TEX_BOB,BallCalled,Undefined,NoShift,80.82893,60.3852,143.03163,22.74946,86.67409,-63.48285,137.58739,-35.6942,239.18644,-141.63141,292.67632,-10.41525,243.34401,124.01331,"Namken, Clayton",834577,"Foor, Daylen",1000165264,"Leininger, Ryley",816158,"Alaniz, Rylan",10304817,"Arebalo, Walk On",0,"Byrd, Cadyn",1000608881,"Fryman, Bennett",814538,TRUE,,
e3b2e70a-97ae-4a85-8a03-cad3bc3b291e,225,cc593ac0-b86a-11f1-bb3b-79eba3515486,b53439ef-e593-4ddb-bd7e-dc5b22155966,2026-09-24,17:53:35.46,2026-09-24,22:53:35.46,2026-09-24T17:53:35.4675712-05:00,2026-09-24T22:53:35.4675712Z,TEX_BOB,TEX_BOB,BallCalled,Undefined,NoShift,81.08908,60.77999,143.93976,24.77017,86.27944,-62.99348,138.02057,-36.30384,241.86325,-143.03646,295.61213,-12.45594,239.34602,122.81245,"Namken, Clayton",834577,"Foor, Daylen",1000165264,"Leininger, Ryley",816158,"Alaniz, Rylan",10304817,"Arebalo, Walk On",0,"Byrd, Cadyn",1000608881,"Fryman, Bennett",814538,TRUE,,
e3b2e70a-97ae-4a85-8a03-cad3bc3b291e,226,db9dc4b0-b86a-11f1-bb3b-79eba3515486,e820be0f-8c85-44a5-a252-6504c7b8916f,2026-09-24,17:54:01.10,2026-09-24,22:54:01.10,2026-09-24T17:54:01.1010560-05:00,2026-09-24T22:54:01.1010560Z,TEX_BOB,TEX_BOB,InPlay,Out,NoShift,81.00073,60.9023,142.80409,26.61309,87.70774,-65.28712,139.923,-34.51444,242.90437,-142.90041,295.44009,-10.08067,244.81779,122.88974,"Namken, Clayton",834577,"Foor, Daylen",1000165264,"Leininger, Ryley",816158,"Alaniz, Rylan",10304817,"Arebalo, Walk On",0,"Byrd, Cadyn",1000608881,"Fryman, Bennett",814538,TRUE,"Byrd, Cadyn",CF
e3b2e70a-97ae-4a85-8a03-cad3bc3b291e,227,62aa85b0-b86b-11f1-bb3b-79eba3515486,e3d0be55-7b53-47a0-8805-dc90b7004176,2026-09-24,17:57:47.68,2026-09-24,22:57:47.68,2026-09-24T17:57:47.6855808-05:00,2026-09-24T22:57:47.6855808Z,TEX_BOB,TEX_BOB,BallCalled,Undefined,NoShift,92.53928,62.36669,148.96996,31.01113,72.94981,-54.84899,136.73239,-55.49043,260.88879,-126.69921,312.33949,-2.9458,228.11227,127.82291,"Gillis, Jacob",10036249,"Boles, Brady",841175,"Carson, Tanner",841179,"Wheatley, Luke",10290520,"Pellien, Walk On",0,"Cotton, Jackson",828562,"Mitchell, Drayton",10156664,TRUE,,
e3b2e70a-97ae-4a85-8a03-cad3bc3b291e,228,72be6d90-b86b-11f1-bb3b-79eba3515486,e1707b5e-3f78-4a32-9037-3a7832305d56,2026-09-24,17:58:14.66,2026-09-24,22:58:14.66,2026-09-24T17:58:14.6641920-05:00,2026-09-24T22:58:14.6641920Z,TEX_BOB,TEX_BOB,StrikeCalled,Undefined,NoShift,93.3099,62.43033,149.07507,31.20497,86.40813,-66.78992,138.04998,-55.58752,260.99748,-127.93627,310.45319,-2.39567,231.68733,131.76708,"Gillis, Jacob",10036249,"Boles, Brady",841175,"Carson, Tanner",841179,"Wheatley, Luke",10290520,"Pellien, Walk On",0,"Cotton, Jackson",828562,"Mitchell, Drayton",10156664,TRUE,,
e3b2e70a-97ae-4a85-8a03-cad3bc3b291e,229,7d4150c0-b86b-11f1-bb3b-79eba3515486,9643819e-1e29-47f9-acf0-c822b66c1d13,2026-09-24,17:58:32.24,2026-09-24,22:58:32.24,2026-09-24T17:58:32.2419200-05:00,2026-09-24T22:58:32.2419200Z,TEX_BOB,TEX_BOB,StrikeCalled,Undefined,NoShift,91.03241,59.36876,148.62422,32.24175,88.78467,-69.00462,138.75393,-54.0573,267.4347,-131.59802,311.67344,-3.63651,232.20368,132.28917,"Gillis, Jacob",10036249,"Boles, Brady",841175,"Carson, Tanner",841179,"Wheatley, Luke",10290520,"Pellien, Walk On",0,"Cotton, Jackson",828562,"Mitchell, Drayton",10156664,TRUE,,
e3b2e70a-97ae-4a85-8a03-cad3bc3b291e,230,87f13760-b86b-11f1-bb3b-79eba3515486,f67def14-81ee-4983-8672-599f32746a9f,2026-09-24,17:58:50.21,2026-09-24,22:58:50.21,2026-09-24T17:58:50.2130000-05:00,2026-09-24T22:58:50.2130000Z,TEX_BOB,TEX_BOB,StrikeCalled,Undefined,NoShift,93.32463,62.15843,148.42268,31.41832,88.93293,-69.99971,139.08844,-53.75097,262.24069,-128.80865,311.42672,-2.94897,233.95541,132.06441,"Gillis, Jacob",10036249,"Boles, Brady",841175,"Carson, Tanner",841179,"Wheatley, Luke",10290520,"Pellien, Walk On",0,"Cotton, Jackson",828562,"Mitchell, Drayton",10156664,TRUE,,
e3b2e70a-97ae-4a85-8a03-cad3bc3b291e,231,9ac2b8a0-b86b-11f1-bb3b-79eba3515486,3c9fd8b6-075b-4ec2-8fad-d0654cefce40,2026-09-24,17:59:21.79,2026-09-24,22:59:21.79,2026-09-24T17:59:21.7929728-05:00,2026-09-24T22:59:21.7929728Z,TEX_BOB,TEX_BOB,FoulBallNotFieldable,Undefined,NoShift,90.72066,73.31955,142.3912,47.27523,91.89758,-55.9319,148.00071,-35.78834,258.02017,-120.71829,311.99215,-3.43974,238.79737,135.32368,"Gillis, Jacob",10036249,"Boles, Brady",841175,"Carson, Tanner",841179,"Wheatley, Luke",10290520,"Pellien, Walk On",0,"Cotton, Jackson",828562,"Mitchell, Drayton",10156664,TRUE,,
e3b2e70a-97ae-4a85-8a03-cad3bc3b291e,232,a57621b0-b86b-11f1-bb3b-79eba3515486,35aeaabc-24d5-40b0-a31d-957413e2d6e3,2026-09-24,17:59:39.78,2026-09-24,22:59:39.78,2026-09-24T17:59:39.7873152-05:00,2026-09-24T22:59:39.7873152Z,TEX_BOB,TEX_BOB,FoulBallNotFieldable,Undefined,NoShift,91.44577,74.31645,143.2705,49.55749,91.58935,-57.12699,148.46795,-36.26195,257.17238,-126.97322,316.81841,-4.42349,238.17417,133.66153,"Gillis, Jacob",10036249,"Boles, Brady",841175,"Carson, Tanner",841179,"Wheatley, Luke",10290520,"Pellien, Walk On",0,"Cotton, Jackson",828562,"Mitchell, Drayton",10156664,TRUE,,
e3b2e70a-97ae-4a85-8a03-cad3bc3b291e,233,b37bea10-b86b-11f1-bb3b-79eba3515486,790a1f41-bfca-4eee-90eb-2f6b9b7c42a5,2026-09-24,18:00:03.14,2026-09-24,23:00:03.14,2026-09-24T18:00:03.1440384-05:00,2026-09-24T23:00:03.1440384Z,TEX_BOB,TEX_BOB,FoulBallNotFieldable,Undefined,NoShift,91.63846,74.89524,142.94586,50.48021,91.38815,-58.3848,148.16058,-36.83115,255.14459,-129.33538,312.23457,-4.14227,240.29364,132.39427,"Gillis, Jacob",10036249,"Boles, Brady",841175,"Carson, Tanner",841179,"Wheatley, Luke",10290520,"Pellien, Walk On",0,"Cotton, Jackson",828562,"Mitchell, Drayton",10156664,TRUE,,
e3b2e70a-97ae-4a85-8a03-cad3bc3b291e,234,c0f1ce80-b86b-11f1-bb3b-79eba3515486,294f26e4-3b52-453f-b7d1-39c54ecf470c,2026-09-24,18:00:25.82,2026-09-24,23:00:25.82,2026-09-24T18:00:25.8280000-05:00,2026-09-24T23:00:25.8280000Z,TEX_BOB,TEX_BOB,StrikeSwinging,Undefined,NoShift,91.2264,74.32679,144.51867,48.43671,90.97215,-59.13242,147.56465,-38.43663,253.65037,-131.20152,311.84123,-3.24063,241.49743,133.08386,"Gillis, Jacob",10036249,"Boles, Brady",841175,"Carson, Tanner",841179,"Wheatley, Luke",10290520,"Pellien, Walk On",0,"Cotton, Jackson",828562,"Mitchell, Drayton",10156664,TRUE,,
e3b2e70a-97ae-4a85-8a03-cad3bc3b291e,235,d16d9ff0-b86b-11f1-bb3b-79eba3515486,4f3e2edb-0bdf-4b64-aa12-24b2d49bcf6b,2026-09-24,18:00:53.53,2026-09-24,23:00:53.53,2026-09-24T18:00:53.5350272-05:00,2026-09-24T23:00:53.5350272Z,TEX_BOB,TEX_BOB,StrikeSwinging,Undefined,NoShift,93.10339,60.80863,148.25107,34.4457,86.39457,-64.85342,139.99035,-51.80842,257.48349,-116.00482,300.89181,-2.33644,230.77399,125.34044,"Gillis, Jacob",10036249,"Boles, Brady",841175,"Carson, Tanner",841179,"Wheatley, Luke",10290520,"Pellien, Walk On",0,"Cotton, Jackson",828562,"Mitchell, Drayton",10156664,TRUE,,
e3b2e70a-97ae-4a85-8a03-cad3bc3b291e,236,d9d962f0-b86b-11f1-bb3b-79eba3515486,0ad8f865-f2c9-4048-be37-4d4d23bd69d6,2026-09-24,18:01:07.64,2026-09-24,23:01:07.64,2026-09-24T18:01:07.6460032-05:00,2026-09-24T23:01:07.6460032Z,TEX_BOB,TEX_BOB,StrikeCalled,Undefined,NoShift,94.33052,64.67301,147.56798,34.2795,85.93076,-64.92274,140.90699,-51.34713,258.30745,-115.22813,296.72074,-2.1097,229.49502,126.64389,"Gillis, Jacob",10036249,"Boles, Brady",841175,"Carson, Tanner",841179,"Wheatley, Luke",10290520,"Pellien, Walk On",0,"Cotton, Jackson",828562,"Mitchell, Drayton",10156664,TRUE,,
e3b2e70a-97ae-4a85-8a03-cad3bc3b291e,237,e2a4ab10-b86b-11f1-bb3b-79eba3515486,4f869a72-2877-409d-a0a2-e1a09d9319df,2026-09-24,18:01:22.34,2026-09-24,23:01:22.34,2026-09-24T18:01:22.3499776-05:00,2026-09-24T23:01:22.3499776Z,TEX_BOB,TEX_BOB,BallCalled,Undefined,NoShift,95.29351,64.9934,148.49214,34.02096,89.54146,-69.49303,141.19324,-51.06353,259.8181,-114.71977,313.02574,-1.88551,227.3631,126.19532,"Gillis, Jacob",10036249,"Boles, Brady",841175,"Carson, Tanner",841179,"Wheatley, Luke",10290520,"Pellien, Walk On",0,"Cotton, Jackson",828562,"Mitchell, Drayton",10156664,TRUE,,
e3b2e70a-97ae-4a85-8a03-cad3bc3b291e,238,ef73a120-b86b-11f1-bb3b-79eba3515486,5b25414e-cb02-4bbf-872b-cfeae5fc7447,2026-09-24,18:01:43.83,2026-09-24,23:01:43.83,2026-09-24T18:01:43.8397440-05:00,2026-09-24T23:01:43.8397440Z,TEX_BOB,TEX_BOB,BallCalled,Undefined,NoShift,95.10098,64.04643,148.67934,33.0878,88.88989,-69.91183,141.11268,-51.59701,262.41452,-115.95408,310.75035,-2.67493,226.10021,126.72884,"Gillis, Jacob",10036249,"Boles, Brady",841175,"Carson, Tanner",841179,"Wheatley, Luke",10290520,"Pellien, Walk On",0,"Cotton, Jackson",828562,"Mitchell, Drayton",10156664,TRUE,,
e3b2e70a-97ae-4a85-8a03-cad3bc3b291e,239,fe4014e0-b86b-11f1-bb3b-79eba3515486,aa7b2f5e-fa81-4a61-b627-0ee49fba0fbf,2026-09-24,18:02:08.70,2026-09-24,23:02:08.70,2026-09-24T18:02:08.7047680-05:00,2026-09-24T23:02:08.7047680Z,TEX_BOB,TEX_BOB,StrikeSwinging,Undefined,NoShift,95.93049,67.33359,148.09311,32.18434,90.89252,-70.43164,140.23828,-52.43177,259.71819,-115.32738,309.31541,-2.24639,227.9558,128.11373,"Gillis, Jacob",10036249,"Boles, Brady",841175,"Carson, Tanner",841179,"Wheatley, Luke",10290520,"Pellien, Walk On",0,"Cotton, Jackson",828562,"Mitchell, Drayton",10156664,TRUE,,
e3b2e70a-97ae-4a85-8a03-cad3bc3b291e,240,71d94840-b86c-11f1-bb3b-79eba3515486,a40f5564-3622-45f8-8f3b-c8795271969d,2026-09-24,18:05:22.59,2026-09-24,23:05:22.59,2026-09-24T18:05:22.5987072-05:00,2026-09-24T23:05:22.5987072Z,TEX_BOB,TEX_BOB,StrikeCalled,Undefined,NoShift,94.14418,62.98447,147.4589,44.71849,93.05577,-61.28326,145.61876,-44.13383,249.92546,-143.49227,306.84605,0.04939,250.2503,123.86427,"Namken, Clayton",834577,"Foor, Daylen",1000165264,"Leininger, Ryley",816158,"Alaniz, Rylan",10304817,"Arebalo, Walk On",0,"Byrd, Cadyn",1000608881,"Fryman, Bennett",814538,TRUE,,
e3b2e70a-97ae-4a85-8a03-cad3bc3b291e,241,7acb7950-b86c-11f1-bb3b-79eba3515486,65fa075d-2381-47ca-98e9-9b801f8728ec,2026-09-24,18:05:37.57,2026-09-24,23:05:37.57,2026-09-24T18:05:37.5792128-05:00,2026-09-24T23:05:37.5792128Z,TEX_BOB,TEX_BOB,StrikeCalled,Undefined,NoShift,88.93491,69.01264,147.82277,48.3655,93.86024,-62.38781,143.53654,-45.13114,247.50949,-142.09845,308.94017,-4.56214,250.99719,125.19518,"Namken, Clayton",834577,"Foor, Daylen",1000165264,"Leininger, Ryley",816158,"Alaniz, Rylan",10304817,"Arebalo, Walk On",0,"Byrd, Cadyn",1000608881,"Fryman, Bennett",814538,TRUE,,
e3b2e70a-97ae-4a85-8a03-cad3bc3b291e,242,866c9dc0-b86c-11f1-bb3b-79eba3515486,5ab6d895-b8f1-4f24-b9c2-dd2ade5b77b3,2026-09-24,18:05:57.15,2026-09-24,23:05:57.15,2026-09-24T18:05:57.1561984-05:00,2026-09-24T23:05:57.1561984Z,TEX_BOB,TEX_BOB,BallCalled,Undefined,NoShift,93.02854,73.84325,147.782,45.8795,94.35993,-63.32944,143.92943,-45.68101,246.89671,-141.84593,306.48044,-4.13973,250.22057,127.14511,"Namken, Clayton",834577,"Foor, Daylen",1000165264,"Leininger, Ryley",816158,"Alaniz, Rylan",10304817,"Arebalo, Walk On",0,"Byrd, Cadyn",1000608881,"Fryman, Bennett",814538,TRUE,,
e3b2e70a-97ae-4a85-8a03-cad3bc3b291e,243,97756cf0-b86c-11f1-bb3b-79eba3515486,45533408-1689-4541-9ecf-ccee355e5368,2026-09-24,18:06:25.77,2026-09-24,23:06:25.77,2026-09-24T18:06:25.7794048-05:00,2026-09-24T23:06:25.7794048Z,TEX_BOB,TEX_BOB,BallCalled,Undefined,NoShift,90.03452,71.2016,146.89862,44.35449,93.96315,-65.17612,140.93954,-46.11603,258.01235,-137.74439,306.49137,-0.81378,247.1374,125.48077,"Namken, Clayton",834577,"Foor, Daylen",1000165264,"Leininger, Ryley",816158,"Alaniz, Rylan",10304817,"Arebalo, Walk On",0,"Byrd, Cadyn",1000608881,"Fryman, Bennett",814538,TRUE,,
e3b2e70a-97ae-4a85-8a03-cad3bc3b291e,244,a0186c90-b86c-11f1-bb3b-79eba3515486,a329e73f-d000-41f1-8911-564bb31e82ac,2026-09-24,18:06:40.16,2026-09-24,23:06:40.16,2026-09-24T18:06:40.1649664-05:00,2026-09-24T23:06:40.1649664Z,TEX_BOB,TEX_BOB,StrikeSwinging,Undefined,NoShift,90.95168,71.51611,147.64391,46.31804,94.19914,-65.78713,142.33392,-47.40684,257.92591,-142.98328,312.4548,-2.98146,249.58838,126.7603,"Namken, Clayton",834577,"Foor, Daylen",1000165264,"Leininger, Ryley",816158,"Alaniz, Rylan",10304817,"Arebalo, Walk On",0,"Byrd, Cadyn",1000608881,"Fryman, Bennett",814538,TRUE,,
e3b2e70a-97ae-4a85-8a03-cad3bc3b291e,245,a9bf95c0-b86c-11f1-bb3b-79eba3515486,c7af8b88-b5d3-4079-b85e-880fc247b4ea,2026-09-24,18:06:56.44,2026-09-24,23:06:56.44,2026-09-24T18:06:56.4482048-05:00,2026-09-24T23:06:56.4482048Z,TEX_BOB,TEX_BOB,BallCalled,Undefined,NoShift,91.52511,71.38578,145.84397,48.13719,93.88514,-65.38345,141.86859,-47.83097,257.45285,-141.93631,304.63218,1.24875,251.10288,127.51271,"Namken, Clayton",834577,"Foor, Daylen",1000165264,"Leininger, Ryley",816158,"Alaniz, Rylan",10304817,"Arebalo, Walk On",0,"Byrd, Cadyn",1000608881,"Fryman, Bennett",814538,TRUE,,
e3b2e70a-97ae-4a85-8a03-cad3bc3b291e,246,bd9e4140-b86c-11f1-bb3b-79eba3515486,60f63b6c-9b17-405e-a311-2bcf966d45c7,2026-09-24,18:07:29.75,2026-09-24,23:07:29.75,2026-09-24T18:07:29.7573376-05:00,2026-09-24T23:07:29.7573376Z,TEX_BOB,TEX_BOB,InPlay,Double,NoShift,76.43274,67.19,143.04261,27.78301,88.67729,-64.14788,139.56789,-31.56464,254.12153,-141.12387,308.9142,-11.41872,248.36752,120.98381,"Namken, Clayton",834577,"Foor, Daylen",1000165264,"Leininger, Ryley",816158,"Alaniz, Rylan",10304817,"Arebalo, Walk On",0,"Byrd, Cadyn",1000608881,"Fryman, Bennett",814538,TRUE,"Fryman, Bennett",RF
e3b2e70a-97ae-4a85-8a03-cad3bc3b291e,247,e2475360-b86c-11f1-bb3b-79eba3515486,82522bcd-fec7-4ff2-8d0b-1fb01f33d55f,2026-09-24,18:08:31.24,2026-09-24,23:08:31.24,2026-09-24T18:08:31.2425984-05:00,2026-09-24T23:08:31.2425984Z,TEX_BOB,TEX_BOB,StrikeCalled,Undefined,NoShift,92.3954,68.34944,145.64196,41.10171,85.8036,-64.57878,140.59823,-48.14946,240.81461,-140.75207,298.55514,-8.99197,238.7237,120.24864,"Namken, Clayton",834577,"Foor, Daylen",1000165264,"Leininger, Ryley",816158,"Alaniz, Rylan",10304817,"Arebalo, Walk On",0,"Byrd, Cadyn",1000608881,"Fryman, Bennett",814538,TRUE,,
e3b2e70a-97ae-4a85-8a03-cad3bc3b291e,248,eae63450-b86c-11f1-bb3b-79eba3515486,3899a8bd-3e61-4df3-ac89-3b4d6afe36cf,2026-09-24,18:08:45.71,2026-09-24,23:08:45.71,2026-09-24T18:08:45.7158656-05:00,2026-09-24T23:08:45.7158656Z,TEX_BOB,TEX_BOB,StrikeCalled,Undefined,NoShift,94.18581,71.06895,145.93967,43.50216,85.51885,-63.8046,141.63161,-48.98932,242.36407,-139.61889,290.69589,-11.54899,238.55874,118.49045,"Namken, Clayton",834577,"Foor, Daylen",1000165264,"Leininger, Ryley",816158,"Alaniz, Rylan",10304817,"Arebalo, Walk On",0,"Byrd, Cadyn",1000608881,"Fryman, Bennett",814538,TRUE,,
e3b2e70a-97ae-4a85-8a03-cad3bc3b291e,249,f2f75430-b86c-11f1-bb3b-79eba3515486,45cd16f6-c661-4ca6-a09d-c4a1e2f00640,2026-09-24,18:08:59.21,2026-09-24,23:08:59.21,2026-09-24T18:08:59.2146432-05:00,2026-09-24T23:08:59.2146432Z,TEX_BOB,TEX_BOB,BallCalled,Undefined,NoShift,93.469,67.99873,147.68664,38.8127,87.2748,-65.81646,142.10753,-47.80903,239.07749,-140.07616,296.48545,-13.11036,236.07746,118.19978,"Namken, Clayton",834577,"Foor, Daylen",1000165264,"Leininger, Ryley",816158,"Alaniz, Rylan",10304817,"Arebalo, Walk On",0,"Byrd, Cadyn",1000608881,"Fryman, Bennett",814538,TRUE,,
e3b2e70a-97ae-4a85-8a03-cad3bc3b291e,250,fde83b70-b86c-11f1-bb3b-79eba3515486,ac410851-649d-4acb-bcea-cc8ba4cb0b9a,2026-09-24,18:09:17.53,2026-09-24,23:09:17.53,2026-09-24T18:09:17.5320064-05:00,2026-09-24T23:09:17.5320064Z,TEX_BOB,TEX_BOB,BallCalled,Undefined,NoShift,91.98408,68.43198,145.29552,40.12379,86.65831,-64.64538,140.36026,-46.80309,240.39905,-145.81922,302.52898,-12.60225,234.8469,118.20145,"Namken, Clayton",834577,"Foor, Daylen",1000165264,"Leininger, Ryley",816158,"Alaniz, Rylan",10304817,"Arebalo, Walk On",0,"Byrd, Cadyn",1000608881,"Fryman, Bennett",814538,TRUE,,
e3b2e70a-97ae-4a85-8a03-cad3bc3b291e,251,06fc7370-b86d-11f1-bb3b-79eba3515486,fce33490-4569-458d-a2ef-259ac9e42fed,2026-09-24,18:09:32.80,2026-09-24,23:09:32.80,2026-09-24T18:09:32.8003072-05:00,2026-09-24T23:09:32.8003072Z,TEX_BOB,TEX_BOB,BallCalled,Undefined,NoShift,92.78804,68.99415,145.2673,45.20279,86.70814,-64.05186,141.7118,-45.9685,241.65335,-143.31726,300.29877,-11.18059,234.09849,119.42152,"Namken, Clayton",834577,"Foor, Daylen",1000165264,"Leininger, Ryley",816158,"Alaniz, Rylan",10304817,"Arebalo, Walk On",0,"Byrd, Cadyn",1000608881,"Fryman, Bennett",814538,TRUE,,
e3b2e70a-97ae-4a85-8a03-cad3bc3b291e,252,13b0dca0-b86d-11f1-bb3b-79eba3515486,ea35cb6d-ec97-46a1-9da7-6078bf6f2584,2026-09-24,18:09:54.20,2026-09-24,23:09:54.20,2026-09-24T18:09:54.2042624-05:00,2026-09-24T23:09:54.2042624Z,TEX_BOB,TEX_BOB,BallCalled,Undefined,NoShift,94.5158,67.65966,146.0763,41.43473,87.6977,-64.90081,140.92855,-45.32158,244.66917,-145.79995,293.08436,-11.82913,236.24927,121.96789,"Namken, Clayton",834577,"Foor, Daylen",1000165264,"Leininger, Ryley",816158,"Alaniz, Rylan",10304817,"Arebalo, Walk On",0,"Byrd, Cadyn",1000608881,"Fryman, Bennett",814538,TRUE,,
e3b2e70a-97ae-4a85-8a03-cad3bc3b291e,253,271268e0-b86d-11f1-bb3b-79eba3515486,4d0dff04-038c-4b6d-b167-7df3ce9d9341,2026-09-24,18:10:26.66,2026-09-24,23:10:26.66,2026-09-24T18:10:26.6673664-05:00,2026-09-24T23:10:26.6673664Z,TEX_BOB,TEX_BOB,StrikeCalled,Undefined,NoShift,65.0125,61.21932,141.23939,34.70058,89.08176,-57.11648,136.93674,-28.20656,247.21333,-139.20999,301.36326,-10.82162,258.87298,129.03413,"Namken, Clayton",834577,"Foor, Daylen",1000165264,"Leininger, Ryley",816158,"Alaniz, Rylan",10304817,"Arebalo, Walk On",0,"Byrd, Cadyn",1000608881,"Fryman, Bennett",814538,TRUE,,
e3b2e70a-97ae-4a85-8a03-cad3bc3b291e,254,34b88510-b86d-11f1-bb3b-79eba3515486,7fc64402-1756-4379-8052-f7fb8bc35757,2026-09-24,18:10:49.53,2026-09-24,23:10:49.53,2026-09-24T18:10:49.5351808-05:00,2026-09-24T23:10:49.5351808Z,TEX_BOB,TEX_BOB,BallCalled,Undefined,NoShift,64.35927,60.69056,139.9602,32.71762,90.65289,-58.89514,138.11344,-29.40688,245.98929,-139.26077,301.16175,-7.29563,256.58718,128.20481,"Namken, Clayton",834577,"Foor, Daylen",1000165264,"Leininger, Ryley",816158,"Alaniz, Rylan",10304817,"Arebalo, Walk On",0,"Byrd, Cadyn",1000608881,"Fryman, Bennett",814538,TRUE,,
e3b2e70a-97ae-4a85-8a03-cad3bc3b291e,255,42b6d360-b86d-11f1-bb3b-79eba3515486,7e394ed6-f85a-40f0-a4ca-ee6b96dd5f5d,2026-09-24,18:11:13.07,2026-09-24,23:11:13.07,2026-09-24T18:11:13.0793984-05:00,2026-09-24T23:11:13.0793984Z,TEX_BOB,TEX_BOB,InPlay,Out,NoShift,65.62608,60.94842,140.59555,32.05517,90.77153,-58.41573,137.82125,-29.41911,246.94058,-141.15983,301.42177,-4.8118,253.3967,127.19112,"Namken, Clayton",834577,"Foor, Daylen",1000165264,"Leininger, Ryley",816158,"Alaniz, Rylan",10304817,"Arebalo, Walk On",0,"Byrd, Cadyn",1000608881,"Fryman, Bennett",814538,TRUE,"Foor, Daylen",2B
e3b2e70a-97ae-4a85-8a03-cad3bc3b291e,256,5bf142c0-b86d-11f1-bb3b-79eba3515486,676c02d5-50b1-4ac9-8e17-ec66cf90bb8e,2026-09-24,18:11:55.34,2026-09-24,23:11:55.34,2026-09-24T18:11:55.3442304-05:00,2026-09-24T23:11:55.3442304Z,TEX_BOB,TEX_BOB,BallCalled,Undefined,NoShift,95.04037,65.68488,144.3795,24.91718,91.52725,-68.99012,140.74218,-47.13886,240.39962,-150.65697,299.9512,-14.06976,251.99337,126.04573,"Namken, Clayton",834577,"Foor, Daylen",1000165264,"Leininger, Ryley",816158,"Alaniz, Rylan",10304817,"Arebalo, Walk On",0,"Byrd, Cadyn",1000608881,"Fryman, Bennett",814538,TRUE,,
e3b2e70a-97ae-4a85-8a03-cad3bc3b291e,257,682cf980-b86d-11f1-bb3b-79eba3515486,bad4e5c4-3d42-4d1c-bc34-32aea54546a1,2026-09-24,18:12:15.94,2026-09-24,23:12:15.94,2026-09-24T18:12:15.9443968-05:00,2026-09-24T23:12:15.9443968Z,TEX_BOB,TEX_BOB,BallCalled,Undefined,NoShift,93.94449,66.33787,143.09168,26.29703,91.25949,-69.22559,140.07952,-49.11442,239.33642,-151.97894,301.04917,-13.16287,249.78799,125.99131,"Namken, Clayton",834577,"Foor, Daylen",1000165264,"Leininger, Ryley",816158,"Alaniz, Rylan",10304817,"Arebalo, Walk On",0,"Byrd, Cadyn",1000608881,"Fryman, Bennett",814538,TRUE,,
e3b2e70a-97ae-4a85-8a03-cad3bc3b291e,258,77b6a2c0-b86d-11f1-bb3b-79eba3515486,4f336443-5fa8-45b8-bd14-9526597c426b,2026-09-24,18:12:41.99,2026-09-24,23:12:41.99,2026-09-24T18:12:41.9946496-05:00,2026-09-24T23:12:41.9946496Z,TEX_BOB,TEX_BOB,BallCalled,Undefined,NoShift,90.92355,64.56735,144.50645,27.83873,91.37468,-68.79228,140.37302,-49.79142,243.95268,-147.99201,299.40771,-13.04039,250.18489,124.14775,"Namken, Clayton",834577,"Foor, Daylen",1000165264,"Leininger, Ryley",816158,"Alaniz, Rylan",10304817,"Arebalo, Walk On",0,"Byrd, Cadyn",1000608881,"Fryman, Bennett",814538,TRUE,,
e3b2e70a-97ae-4a85-8a03-cad3bc3b291e,259,82a7ff30-b86d-11f1-bb3b-79eba3515486,8a0e45ed-050c-491d-b782-866842573fe6,2026-09-24,18:13:00.31,2026-09-24,23:13:00.31,2026-09-24T18:13:00.3185152-05:00,2026-09-24T23:13:00.3185152Z,TEX_BOB,TEX_BOB,FoulBallNotFieldable,Undefined,LeftInfieldShift,90.66305,65.55718,,,91.19726,-68.24106,138.93005,-49.44641,242.45118,-144.38766,301.68063,-12.17881,243.63632,120.95103,"Namken, Clayton",834577,"Foor, Daylen",1000165264,"Leininger, Ryley",816158,"Alaniz, Rylan",10304817,"Arebalo, Walk On",0,"Byrd, Cadyn",1000608881,"Fryman, Bennett",814538,TRUE,,
e3b2e70a-97ae-4a85-8a03-cad3bc3b291e,260,8fe6f520-b86d-11f1-bb3b-79eba3515486,5882ceec-3e20-4a06-8c69-39ce2f8aa1fe,2026-09-24,18:13:22.57,2026-09-24,23:13:22.57,2026-09-24T18:13:22.5706496-05:00,2026-09-24T23:13:22.5706496Z,TEX_BOB,TEX_BOB,StrikeCalled,Undefined,NoShift,92.4272,66.94491,143.10546,24.48886,91.14496,-69.17115,140.28616,-50.36432,249.07731,-148.46507,304.25219,-15.34747,249.60557,124.94164,"Namken, Clayton",834577,"Foor, Daylen",1000165264,"Leininger, Ryley",816158,"Alaniz, Rylan",10304817,"Arebalo, Walk On",0,"Byrd, Cadyn",1000608881,"Fryman, Bennett",814538,TRUE,,
e3b2e70a-97ae-4a85-8a03-cad3bc3b291e,261,a2f55850-b86d-11f1-bb3b-79eba3515486,21ad5772-b37f-48db-ba0a-6770a2942dd4,2026-09-24,18:13:54.51,2026-09-24,23:13:54.51,2026-09-24T18:13:54.5136128-05:00,2026-09-24T23:13:54.5136128Z,TEX_BOB,TEX_BOB,InPlay,Out,NoShift,92.35062,67.69965,145.26628,25.50383,92.1571,-69.86601,139.24638,-51.28281,245.36659,-147.92706,299.04031,-13.1792,246.87074,125.28592,"Namken, Clayton",834577,"Foor, Daylen",1000165264,"Leininger, Ryley",816158,"Alaniz, Rylan",10304817,"Arebalo, Walk On",0,"Byrd, Cadyn",1000608881,"Fryman, Bennett",814538,TRUE,"Fryman, Bennett",RF
e3b2e70a-97ae-4a85-8a03-cad3bc3b291e,262,29b64340-b86e-11f1-bb3b-79eba3515486,a24a7b4a-bfaf-492d-a7d6-db5dd3f1e60b,2026-09-24,18:17:40.66,2026-09-24,23:17:40.66,2026-09-24T18:17:40.6647808-05:00,2026-09-24T23:17:40.6647808Z,TEX_BOB,TEX_BOB,FoulBallNotFieldable,Undefined,RightInfieldShift,94.21344,77.06753,160.90191,83.05594,130.61681,-52.35124,161.24414,10.25652,264.90297,-102.3433,323.34304,28.19124,242.2385,151.63171,"Gillis, Jacob",10036249,"Boles, Brady",841175,"Carson, Tanner",841179,"Wheatley, Luke",10290520,"Pellien, Walk On",0,"Cotton, Jackson",828562,"Mitchell, Drayton",10156664,TRUE,,
e3b2e70a-97ae-4a85-8a03-cad3bc3b291e,263,37343e00-b86e-11f1-bb3b-79eba3515486,fc2462bc-038c-495b-8cca-82efe7296c31,2026-09-24,18:18:03.22,2026-09-24,23:18:03.22,2026-09-24T18:18:03.2226816-05:00,2026-09-24T23:18:03.2226816Z,TEX_BOB,TEX_BOB,FoulBallNotFieldable,Undefined,NoShift,93.37439,74.98685,162.60081,83.94729,,,128.65081,-48.34187,265.4523,-112.42152,321.31577,28.42107,241.88515,151.8737,"Gillis, Jacob",10036249,"Boles, Brady",841175,"Carson, Tanner",841179,"Wheatley, Luke",10290520,"Pellien, Walk On",0,"Cotton, Jackson",828562,"Mitchell, Drayton",10156664,TRUE,,
e3b2e70a-97ae-4a85-8a03-cad3bc3b291e,264,450fc210-b86e-11f1-bb3b-79eba3515486,090c1cac-dfb8-4558-8b90-81c6fe6d931a,2026-09-24,18:18:26.50,2026-09-24,23:18:26.50,2026-09-24T18:18:26.5086464-05:00,2026-09-24T23:18:26.5086464Z,TEX_BOB,TEX_BOB,BallCalled,Undefined,RightInfieldShift,92.48667,75.37311,169.48689,90.2213,128.40729,-48.74385,,,260.6658,-110.0595,318.02259,27.60551,241.16327,155.33561,"Gillis, Jacob",10036249,"Boles, Brady",841175,"Carson, Tanner",841179,"Wheatley, Luke",10290520,"Pellien, Walk On",0,"Cotton, Jackson",828562,"Mitchell, Drayton",10156664,TRUE,,
e3b2e70a-97ae-4a85-8a03-cad3bc3b291e,265,50394580-b86e-11f1-bb3b-79eba3515486,c8f1818b-5333-408c-81c1-b3b76ae93611,2026-09-24,18:18:45.25,2026-09-24,23:18:45.25,2026-09-24T18:18:45.2519936-05:00,2026-09-24T23:18:45.2519936Z,TEX_BOB,TEX_BOB,BallCalled,Undefined,RightInfieldShift,93.30294,75.46749,169.19617,89.6173,124.47172,-48.41562,,,262.89745,-109.09591,323.0794,27.58958,242.59674,154.92277,"Gillis, Jacob",10036249,"Boles, Brady",841175,"Carson, Tanner",841179,"Wheatley, Luke",10290520,"Pellien, Walk On",0,"Cotton, Jackson",828562,"Mitchell, Drayton",10156664,TRUE,,
e3b2e70a-97ae-4a85-8a03-cad3bc3b291e,266,5f1e4a50-b86e-11f1-bb3b-79eba3515486,aa8d4355-ed65-41a9-a03e-f0d99ec09f49,2026-09-24,18:19:10.22,2026-09-24,23:19:10.22,2026-09-24T18:19:10.2290432-05:00,2026-09-24T23:19:10.2290432Z,TEX_BOB,TEX_BOB,FoulBallNotFieldable,Undefined,RightInfieldShift,94.6028,77.42441,168.19903,88.63385,124.0715,-48.58536,161.60935,8.57475,267.47695,-114.39948,321.72841,26.00353,243.3619,155.07555,"Gillis, Jacob",10036249,"Boles, Brady",841175,"Carson, Tanner",841179,"Wheatley, Luke",10290520,"Pellien, Walk On",0,"Cotton, Jackson",828562,"Mitchell, Drayton",10156664,TRUE,,
e3b2e70a-97ae-4a85-8a03-cad3bc3b291e,267,6ee76d90-b86e-11f1-bb3b-79eba3515486,4750b7a8-1020-4baa-a31b-5c9f0bce1415,2026-09-24,18:19:36.67,2026-09-24,23:19:36.67,2026-09-24T18:19:36.6790656-05:00,2026-09-24T23:19:36.6790656Z,TEX_BOB,TEX_BOB,InPlay,Double,RightInfieldShift,93.79924,77.75631,168.30757,89.44208,125.94371,-50.4978,161.87175,10.45135,265.42722,-112.80571,318.84665,29.07954,245.09401,157.16474,"Gillis, Jacob",10036249,"Boles, Brady",841175,"Carson, Tanner",841179,"Wheatley, Luke",10290520,"Pellien, Walk On",0,"Cotton, Jackson",828562,"Mitchell, Drayton",10156664,TRUE,"Cotton, Jackson",CF
e3b2e70a-97ae-4a85-8a03-cad3bc3b291e,268,8bc84fb0-b86e-11f1-bb3b-79eba3515486,3a388bbc-df12-4db4-a8fd-14c2db38c4cc,2026-09-24,18:20:25.10,2026-09-24,23:20:25.10,2026-09-24T18:20:25.1068928-05:00,2026-09-24T23:20:25.1068928Z,TEX_BOB,TEX_BOB,StrikeCalled,Undefined,NoShift,92.76719,76.92685,140.22881,54.34221,87.16662,-48.21635,150.40067,-28.97982,264.32628,-114.95682,320.86137,-2.62787,239.47139,135.9354,"Gillis, Jacob",10036249,"Boles, Brady",841175,"Carson, Tanner",841179,"Wheatley, Luke",10290520,"Pellien, Walk On",0,"Cotton, Jackson",828562,"Mitchell, Drayton",10156664,TRUE,,
e3b2e70a-97ae-4a85-8a03-cad3bc3b291e,269,95c5af30-b86e-11f1-bb3b-79eba3515486,09a805ba-9b57-421b-a7a1-61185cb488bd,2026-09-24,18:20:41.87,2026-09-24,23:20:41.87,2026-09-24T18:20:41.8745344-05:00,2026-09-24T23:20:41.8745344Z,TEX_BOB,TEX_BOB,InPlay,Single,NoShift,93.31052,77.68538,139.21216,53.65355,89.19997,-52.36714,150.05075,-30.72256,263.48847,-111.88883,319.36584,-3.1409,240.69668,133.24038,"Gillis, Jacob",10036249,"Boles, Brady",841175,"Carson, Tanner",841179,"Wheatley, Luke",10290520,"Pellien, Walk On",0,"Cotton, Jackson",828562,"Mitchell, Drayton",10156664,TRUE,"Cotton, Jackson",CF
e3b2e70a-97ae-4a85-8a03-cad3bc3b291e,270,aef12a70-b86e-11f1-bb3b-79eba3515486,24847751-d9ae-41ea-becf-41cde27184fa,2026-09-24,18:21:24.15,2026-09-24,23:21:24.15,2026-09-24T18:21:24.1505792-05:00,2026-09-24T23:21:24.1505792Z,TEX_BOB,TEX_BOB,StrikeCalled,Undefined,NoShift,63.38686,57.79133,139.75961,27.08605,85.11835,-66.71127,134.13522,-33.34021,257.80641,-113.73974,321.44168,-1.42421,251.40614,138.85594,"Gillis, Jacob",10036249,"Boles, Brady",841175,"Carson, Tanner",841179,"Wheatley, Luke",10290520,"Pellien, Walk On",0,"Cotton, Jackson",828562,"Mitchell, Drayton",10156664,TRUE,,
e3b2e70a-97ae-4a85-8a03-cad3bc3b291e,271,bc53d500-b86e-11f1-bb3b-79eba3515486,2a5a302e-b371-450a-bcb7-fd9c1213847e,2026-09-24,18:21:46.58,2026-09-24,23:21:46.58,2026-09-24T18:21:46.5866752-05:00,2026-09-24T23:21:46.5866752Z,TEX_BOB,TEX_BOB,InPlay,Double,NoShift,63.09655,57.96535,140.13267,25.93141,85.30248,-67.14847,133.89718,-33.37623,254.7973,-112.04932,320.29749,-1.56626,247.20363,135.95781,"Gillis, Jacob",10036249,"Boles, Brady",841175,"Carson, Tanner",841179,"Wheatley, Luke",10290520,"Pellien, Walk On",0,"Cotton, Jackson",828562,"Mitchell, Drayton",10156664,TRUE,"Cotton, Jackson",CF
e3b2e70a-97ae-4a85-8a03-cad3bc3b291e,272,d6e23ba0-b86e-11f1-bb3b-79eba3515486,52fe673b-5522-42a8-8f3f-1df782675546,2026-09-24,18:22:31.17,2026-09-24,23:22:31.17,2026-09-24T18:22:31.1715328-05:00,2026-09-24T23:22:31.1715328Z,TEX_BOB,TEX_BOB,BallCalled,Undefined,NoShift,91.97035,75.78613,142.9724,58.12313,92.6255,-50.72644,146.86275,-25.83823,261.53858,-115.36152,322.58568,-2.89717,242.19233,140.41162,"Gillis, Jacob",10036249,"Boles, Brady",841175,"Carson, Tanner",841179,"Wheatley, Luke",10290520,"Pellien, Walk On",0,"Cotton, Jackson",828562,"Mitchell, Drayton",10156664,TRUE,,
e3b2e70a-97ae-4a85-8a03-cad3bc3b291e,273,e1f095f0-b86e-11f1-bb3b-79eba3515486,d5cfe599-9815-4378-a41a-4bfab50fa0e0,2026-09-24,18:22:49.74,2026-09-24,23:22:49.74,2026-09-24T18:22:49.7411072-05:00,2026-09-24T23:22:49.7411072Z,TEX_BOB,TEX_BOB,BallCalled,Undefined,NoShift,91.59414,75.74445,143.94152,59.28558,91.61733,-52.7983,146.58432,-26.92002,256.94962,-113.28184,321.07823,-2.63637,240.7173,139.03991,"Gillis, Jacob",10036249,"Boles, Brady",841175,"Carson, Tanner",841179,"Wheatley, Luke",10290520,"Pellien, Walk On",0,"Cotton, Jackson",828562,"Mitchell, Drayton",10156664,TRUE,,
e3b2e70a-97ae-4a85-8a03-cad3bc3b291e,274,f5951ea0-b86e-11f1-bb3b-79eba3515486,1811952a-b892-4297-9675-bdcae6a7ac7c,2026-09-24,18:23:22.63,2026-09-24,23:23:22.63,2026-09-24T18:23:22.6327040-05:00,2026-09-24T23:23:22.6327040Z,TEX_BOB,TEX_BOB,BallCalled,Undefined,NoShift,91.13496,74.27849,144.54399,60.41424,82.69818,-53.81536,150.30756,-27.78256,259.34951,-114.40284,322.42207,-2.20784,241.42761,139.76483,"Gillis, Jacob",10036249,"Boles, Brady",841175,"Carson, Tanner",841179,"Wheatley, Luke",10290520,"Pellien, Walk On",0,"Cotton, Jackson",828562,"Mitchell, Drayton",10156664,TRUE,,
e3b2e70a-97ae-4a85-8a03-cad3bc3b291e,275,01eac600-b86f-11f1-bb3b-79eba3515486,57cbbf8a-738b-46fc-9fc3-f7cbd0323b3a,2026-09-24,18:23:43.37,2026-09-24,23:23:43.37,2026-09-24T18:23:43.3764352-05:00,2026-09-24T23:23:43.3764352Z,TEX_BOB,TEX_BOB,FoulBallNotFieldable,Undefined,NoShift,90.23462,74.80417,145.32304,60.86443,85.55716,-53.1019,150.63562,-28.52324,258.17706,-118.92479,310.45737,-3.47698,241.11261,136.12627,"Gillis, Jacob",10036249,"Boles, Brady",841175,"Carson, Tanner",841179,"Wheatley, Luke",10290520,"Pellien, Walk On",0,"Cotton, Jackson",828562,"Mitchell, Drayton",10156664,TRUE,,
e3b2e70a-97ae-4a85-8a03-cad3bc3b291e,276,107e4f70-b86f-11f1-bb3b-79eba3515486,2d856d2b-2ff0-4edb-854e-986eb6b1cd28,2026-09-24,18:24:07.81,2026-09-24,23:24:07.81,2026-09-24T18:24:07.8172672-05:00,2026-09-24T23:24:07.8172672Z,TEX_BOB,TEX_BOB,BallCalled,Undefined,NoShift,93.00193,75.79631,147.48747,60.84019,87.36693,-51.99334,151.23505,-28.91097,256.48314,-118.46446,321.97049,-4.17097,240.99584,136.56093,"Gillis, Jacob",10036249,"Boles, Brady",841175,"Carson, Tanner",841179,"Wheatley, Luke",10290520,"Pellien, Walk On",0,"Cotton, Jackson",828562,"Mitchell, Drayton",10156664,TRUE,,
e3b2e70a-97ae-4a85-8a03-cad3bc3b291e,277,3239b780-b86f-11f1-bb3b-79eba3515486,1f4075b1-cd12-416c-ae46-d32c4518493a,2026-09-24,18:25:04.42,2026-09-24,23:25:04.42,2026-09-24T18:25:04.4257280-05:00,2026-09-24T23:25:04.4257280Z,TEX_BOB,TEX_BOB,InPlay,Out,NoShift,64.00555,58.53979,138.85017,29.17829,83.32217,-63.31706,135.56435,-33.10929,255.77654,-124.81,313.88092,-1.1051,233.89564,131.82548,"Gillis, Jacob",10036249,"Boles, Brady",841175,"Carson, Tanner",841179,"Wheatley, Luke",10290520,"Pellien, Walk On",0,"Cotton, Jackson",828562,"Mitchell, Drayton",10156664,TRUE,"Boles, Brady",2B
2ba689f5-0a51-434d-b16f-7bf8e874323a,1,4b7ac1d0-b9c8-11f1-b355-4337f3c2f3af,2cfa3846-3937-4db2-a9c9-c170f9427f18,2026-09-26,11:35:23.42,2026-09-26,16:35:23.42,2026-09-26T11:35:23.4220000-05:00,2026-09-26T16:35:23.4220000Z,TEX_BOB,TEX_BOB,StrikeSwinging,Undefined,NoShift,90.67034,64.46892,145.12521,40.3636,84.73764,-66.48174,140.31189,-48.34104,249.84705,-133.65838,308.01045,3.68696,230.9712,128.90083,"Namken, Clayton",834577,"Wheatley, Luke",10290520,"Carson, Tanner",841179,"Boles, Brady",841175,"Pellien, Walk On",0,"Cotton, Jackson",828562,"Mitchell, Drayton",10156664,TRUE,,
2ba689f5-0a51-434d-b16f-7bf8e874323a,2,574c1e00-b9c8-11f1-b355-4337f3c2f3af,5d2dae7a-a99a-43d5-b540-1dbdc3144aae,2026-09-26,11:35:43.30,2026-09-26,16:35:43.30,2026-09-26T11:35:43.3080000-05:00,2026-09-26T16:35:43.3080000Z,TEX_BOB,TEX_BOB,FoulBallNotFieldable,Undefined,NoShift,90.48509,64.79805,146.81494,39.04467,87.15567,-68.33044,140.4007,-48.70406,251.14097,-137.45438,308.16525,0.33497,231.36343,127.76425,"Namken, Clayton",834577,"Wheatley, Luke",10290520,"Carson, Tanner",841179,"Boles, Brady",841175,"Pellien, Walk On",0,"Cotton, Jackson",828562,"Mitchell, Drayton",10156664,TRUE,,
2ba689f5-0a51-434d-b16f-7bf8e874323a,3,66ba5000-b9c8-11f1-b355-4337f3c2f3af,62143444-1ecd-4d47-a60a-970e807e26bd,2026-09-26,11:36:09.15,2026-09-26,16:36:09.15,2026-09-26T11:36:09.1550000-05:00,2026-09-26T16:36:09.1550000Z,TEX_BOB,TEX_BOB,BallCalled,Undefined,NoShift,89.68694,65.85191,145.12548,41.0072,88.0403,-68.95478,140.53494,-49.79824,249.63363,-138.07862,312.63485,0.74581,231.23834,125.73197,"Namken, Clayton",834577,"Wheatley, Luke",10290520,"Carson, Tanner",841179,"Boles, Brady",841175,"Pellien, Walk On",0,"Cotton, Jackson",828562,"Mitchell, Drayton",10156664,TRUE,,
2ba689f5-0a51-434d-b16f-7bf8e874323a,4,72bddfc0-b9c8-11f1-b355-4337f3c2f3af,fc2188ef-eca9-4e8d-a8f0-7ed616751b68,2026-09-26,11:36:29.26,2026-09-26,16:36:29.26,2026-09-26T11:36:29.2690000-05:00,2026-09-26T16:36:29.2690000Z,TEX_BOB,TEX_BOB,BallCalled,Undefined,NoShift,88.88573,67.13782,145.25973,40.94032,88.11579,-68.71435,139.09619,-49.66128,247.31617,-138.30985,308.29277,0.76544,231.80153,126.67356,"Namken, Clayton",834577,"Wheatley, Luke",10290520,"Carson, Tanner",841179,"Boles, Brady",841175,"Pellien, Walk On",0,"Cotton, Jackson",828562,"Mitchell, Drayton",10156664,TRUE,,
2ba689f5-0a51-434d-b16f-7bf8e874323a,5,832788c0-b9c8-11f1-b355-4337f3c2f3af,de73d574-a64e-4547-9ebe-f89e413c30d6,2026-09-26,11:36:56.85,2026-09-26,16:36:56.85,2026-09-26T11:36:56.8560000-05:00,2026-09-26T16:36:56.8560000Z,TEX_BOB,TEX_BOB,BallCalled,Undefined,NoShift,91.66894,67.33401,144.24019,42.96483,89.30609,-70.10499,139.77937,-49.0673,242.21698,-137.97047,308.10042,-1.20469,227.66149,127.75822,"Namken, Clayton",834577,"Wheatley, Luke",10290520,"Carson, Tanner",841179,"Boles, Brady",841175,"Pellien, Walk On",0,"Cotton, Jackson",828562,"Mitchell, Drayton",10156664,TRUE,,
2ba689f5-0a51-434d-b16f-7bf8e874323a,6,90e9b870-b9c8-11f1-b355-4337f3c2f3af,0cd2072e-e5e3-4976-962e-225c3d80c241,2026-09-26,11:37:19.96,2026-09-26,16:37:19.96,2026-09-26T11:37:19.9690000-05:00,2026-09-26T16:37:19.9690000Z,TEX_BOB,TEX_BOB,InPlay,HomeRun,NoShift,89.88035,67.14224,144.50821,42.70568,87.52946,-68.67328,139.44657,-49.91737,245.23404,-140.5106,309.81789,-0.86292,228.32677,126.82851,"Namken, Clayton",834577,"Wheatley, Luke",10290520,"Carson, Tanner",841179,"Boles, Brady",841175,"Pellien, Walk On",0,"Cotton, Jackson",828562,"Mitchell, Drayton",10156664,TRUE,HR,HR
2ba689f5-0a51-434d-b16f-7bf8e874323a,7,abc63f10-b9c8-11f1-b355-4337f3c2f3af,b044397b-e57e-4c6c-9cdc-db088f1bb034,2026-09-26,11:38:04.96,2026-09-26,16:38:04.96,2026-09-26T11:38:04.9610000-05:00,2026-09-26T16:38:04.9610000Z,TEX_BOB,TEX_BOB,BallCalled,Undefined,NoShift,90.8809,65.93487,147.95899,37.03574,88.90268,-69.80898,140.39369,-48.77537,255.11578,-138.92521,315.35883,-1.56869,245.05156,136.48254,"Namken, Clayton",834577,"Wheatley, Luke",10290520,"Carson, Tanner",841179,"Boles, Brady",841175,"Pellien, Walk On",0,"Cotton, Jackson",828562,"Mitchell, Drayton",10156664,TRUE,,
2ba689f5-0a51-434d-b16f-7bf8e874323a,8,b654bb00-b9c8-11f1-b355-4337f3c2f3af,5713eda2-0dae-4161-a906-4b587ac5fa98,2026-09-26,11:38:22.70,2026-09-26,16:38:22.70,2026-09-26T11:38:22.7030000-05:00,2026-09-26T16:38:22.7030000Z,TEX_BOB,TEX_BOB,BallCalled,Undefined,NoShift,95.5308,62.56867,148.00294,34.70044,90.15949,-70.86012,139.79898,-49.24713,254.46577,-139.0459,313.31889,-0.17849,243.79995,135.9163,"Namken, Clayton",834577,"Wheatley, Luke",10290520,"Carson, Tanner",841179,"Boles, Brady",841175,"Pellien, Walk On",0,"Cotton, Jackson",828562,"Mitchell, Drayton",10156664,TRUE,,
2ba689f5-0a51-434d-b16f-7bf8e874323a,9,c3657500-b9c8-11f1-b355-4337f3c2f3af,957f3d22-e33e-4e3c-a4c1-b864f117c2de,2026-09-26,11:38:44.59,2026-09-26,16:38:44.59,2026-09-26T11:38:44.5960000-05:00,2026-09-26T16:38:44.5960000Z,TEX_BOB,TEX_BOB,StrikeSwinging,Undefined,NoShift,98.06923,62.78683,147.68036,34.94946,89.43394,-70.55602,139.51868,-49.01865,253.68216,-137.10191,314.0287,-1.85443,243.62121,135.79193,"Namken, Clayton",834577,"Wheatley, Luke",10290520,"Carson, Tanner",841179,"Boles, Brady",841175,"Pellien, Walk On",0,"Cotton, Jackson",828562,"Mitchell, Drayton",10156664,TRUE,,
2ba689f5-0a51-434d-b16f-7bf8e874323a,10,d05ed670-b9c8-11f1-b355-4337f3c2f3af,73cac0ce-b981-4e06-b51b-e1738481951c,2026-09-26,11:39:06.34,2026-09-26,16:39:06.34,2026-09-26T11:39:06.3450000-05:00,2026-09-26T16:39:06.3450000Z,TEX_BOB,TEX_BOB,StrikeCalled,Undefined,NoShift,98.02144,62.65482,150.29722,26.77019,88.76453,-69.87837,139.35462,-49.71608,254.54164,-139.71021,321.25602,-2.14602,242.85821,135.71212,"Namken, Clayton",834577,"Wheatley, Luke",10290520,"Carson, Tanner",841179,"Boles, Brady",841175,"Pellien, Walk On",0,"Cotton, Jackson",828562,"Mitchell, Drayton",10156664,TRUE,,
2ba689f5-0a51-434d-b16f-7bf8e874323a,11,dd55edf0-b9c8-11f1-b355-4337f3c2f3af,0236305e-5608-403d-8432-0483a39fa5a3,2026-09-26,11:39:28.09,2026-09-26,16:39:28.09,2026-09-26T11:39:28.0990000-05:00,2026-09-26T16:39:28.0990000Z,TEX_BOB,TEX_BOB,BallCalled,Undefined,NoShift,96.74324,64.20111,150.96915,27.27422,89.60936,-70.40268,139.53778,-50.16071,255.82059,-139.54198,317.99231,-2.23264,235.91256,136.57514,"Namken, Clayton",834577,"Wheatley, Luke",10290520,"Carson, Tanner",841179,"Boles, Brady",841175,"Pellien, Walk On",0,"Cotton, Jackson",828562,"Mitchell, Drayton",10156664,TRUE,,
2ba689f5-0a51-434d-b16f-7bf8e874323a,12,eb7bc170-b9c8-11f1-b355-4337f3c2f3af,8cc65e55-bc92-4184-a055-a91a332c55e5,2026-09-26,11:39:51.84,2026-09-26,16:39:51.84,2026-09-26T11:39:51.8490000-05:00,2026-09-26T16:39:51.8490000Z,TEX_BOB,TEX_BOB,FoulBallNotFieldable,Undefined,NoShift,97.05288,64.06643,150.96685,26.88253,90.13705,-70.98375,139.75815,-50.25124,254.36926,-139.19653,317.72549,-1.62986,235.47298,136.53755,"Namken, Clayton",834577,"Wheatley, Luke",10290520,"Carson, Tanner",841179,"Boles, Brady",841175,"Pellien, Walk On",0,"Cotton, Jackson",828562,"Mitchell, Drayton",10156664,TRUE,,
2ba689f5-0a51-434d-b16f-7bf8e874323a,13,fb0829d0-b9c8-11f1-b355-4337f3c2f3af,c6ae919c-322d-4ef1-b9ed-5d7ce91aec98,2026-09-26,11:40:17.97,2026-09-26,16:40:17.97,2026-09-26T11:40:17.9720000-05:00,2026-09-26T16:40:17.9720000Z,TEX_BOB,TEX_BOB,BallCalled,Undefined,NoShift,95.3164,63.78352,150.7771,28.46314,89.88584,-70.70812,140.38225,-49.61457,252.13275,-140.34331,314.10034,-1.1715,235.27942,136.86314,"Namken, Clayton",834577,"Wheatley, Luke",10290520,"Carson, Tanner",841179,"Boles, Brady",841175,"Pellien, Walk On",0,"Cotton, Jackson",828562,"Mitchell, Drayton",10156664,TRUE,,
2ba689f5-0a51-434d-b16f-7bf8e874323a,14,0fccef90-b9c9-11f1-b355-4337f3c2f3af,580047ae-8670-4c4e-947c-1ded4ef24552,2026-09-26,11:40:52.82,2026-09-26,16:40:52.82,2026-09-26T11:40:52.8210000-05:00,2026-09-26T16:40:52.8210000Z,TEX_BOB,TEX_BOB,BallCalled,Undefined,NoShift,64.74882,57.13132,135.37255,21.0808,79.83818,-60.60931,134.28787,-36.7242,247.5219,-128.22407,306.12135,-1.31895,225.52971,130.94894,"Namken, Clayton",834577,"Wheatley, Luke",10290520,"Carson, Tanner",841179,"Boles, Brady",841175,"Pellien, Walk On",0,"Cotton, Jackson",828562,"Mitchell, Drayton",10156664,TRUE,,
2ba689f5-0a51-434d-b16f-7bf8e874323a,15,1c11a700-b9c9-11f1-b355-4337f3c2f3af,acb7fe0b-19e9-4599-9e19-421ce8ffdf4e,2026-09-26,11:41:13.43,2026-09-26,16:41:13.43,2026-09-26T11:41:13.4310000-05:00,2026-09-26T16:41:13.4310000Z,TEX_BOB,TEX_BOB,BallCalled,Undefined,NoShift,64.43027,57.09565,136.98914,22.26705,79.00341,-60.33117,133.72562,-37.29835,249.48279,-128.96098,308.69983,-1.47063,224.15999,129.91583,"Namken, Clayton",834577,"Wheatley, Luke",10290520,"Carson, Tanner",841179,"Boles, Brady",841175,"Pellien, Walk On",0,"Cotton, Jackson",828562,"Mitchell, Drayton",10156664,TRUE,,
2ba689f5-0a51-434d-b16f-7bf8e874323a,16,29e5d810-b9c9-11f1-b355-4337f3c2f3af,91299d57-5cbc-4540-b892-cd48677f989b,2026-09-26,11:41:36.59,2026-09-26,16:41:36.59,2026-09-26T11:41:36.5910000-05:00,2026-09-26T16:41:36.5910000Z,TEX_BOB,TEX_BOB,BallCalled,Undefined,NoShift,63.67942,57.70533,137.36572,23.0906,80.37868,-61.71964,132.93604,-36.84057,250.5536,-130.38218,308.41127,-1.56591,224.61515,130.48443,"Namken, Clayton",834577,"Wheatley, Luke",10290520,"Carson, Tanner",841179,"Boles, Brady",841175,"Pellien, Walk On",0,"Cotton, Jackson",828562,"Mitchell, Drayton",10156664,TRUE,,
2ba689f5-0a51-434d-b16f-7bf8e874323a,17,373a78e0-b9c9-11f1-b355-4337f3c2f3af,bf6fbb92-bb0e-4c10-9f8b-e255b10108c5,2026-09-26,11:41:58.98,2026-09-26,16:41:58.98,2026-09-26T11:41:58.9850000-05:00,2026-09-26T16:41:58.9850000Z,TEX_BOB,TEX_BOB,StrikeCalled,Undefined,NoShift,67.28276,57.64595,137.06325,23.28541,80.94496,-61.4743,132.2547,-36.53685,249.63885,-130.49938,305.6469,-1.44533,222.5043,131.39873,"Namken, Clayton",834577,"Wheatley, Luke",10290520,"Carson, Tanner",841179,"Boles, Brady",841175,"Pellien, Walk On",0,"Cotton, Jackson",828562,"Mitchell, Drayton",10156664,TRUE,,
2ba689f5-0a51-434d-b16f-7bf8e874323a,18,423cc540-b9c9-11f1-b355-4337f3c2f3af,02c3b6ed-f873-4d61-817b-da5831c035b0,2026-09-26,11:42:17.44,2026-09-26,16:42:17.44,2026-09-26T11:42:17.4440000-05:00,2026-09-26T16:42:17.4440000Z,TEX_BOB,TEX_BOB,StrikeCalled,Undefined,NoShift,66.85068,57.35748,137.39192,19.97109,79.668,-60.80616,132.8366,-36.81732,251.29928,-132.16534,302.64829,-1.29564,221.85722,130.35733,"Namken, Clayton",834577,"Wheatley, Luke",10290520,"Carson, Tanner",841179,"Boles, Brady",841175,"Pellien, Walk On",0,"Cotton, Jackson",828562,"Mitchell, Drayton",10156664,TRUE,,
2ba689f5-0a51-434d-b16f-7bf8e874323a,19,5201f0e0-b9c9-11f1-b355-4337f3c2f3af,49190785-5b1a-4494-9f72-389b9342ad38,2026-09-26,11:42:43.88,2026-09-26,16:42:43.88,2026-09-26T11:42:43.8820000-05:00,2026-09-26T16:42:43.8820000Z,TEX_BOB,TEX_BOB,BallCalled,Undefined,NoShift,65.13545,57.38711,137.05494,22.49337,80.86394,-62.11554,133.23036,-37.45548,251.12001,-131.94573,304.57447,-1.15698,218.94943,129.00907,"Namken, Clayton",834577,"Wheatley, Luke",10290520,"Carson, Tanner",841179,"Boles, Brady",841175,"Pellien, Walk On",0,"Cotton, Jackson",828562,"Mitchell, Drayton",10156664,TRUE,,
2ba689f5-0a51-434d-b16f-7bf8e874323a,20,6ac386c0-b9c9-11f1-b355-4337f3c2f3af,887fe0c8-03e2-4940-9ff8-eebc68c4b0b8,2026-09-26,11:43:25.44,2026-09-26,16:43:25.44,2026-09-26T11:43:25.4477312-05:00,2026-09-26T16:43:25.4477312Z,TEX_BOB,TEX_BOB,InPlay,Out,NoShift,85.56116,69.34265,139.55424,35.31927,85.33842,-48.88872,139.34186,-24.18561,263.71897,-119.6781,314.23609,20.47947,241.11931,136.44816,"Anctil, Justin",1000608882,"Wheatley, Luke",10290520,"Carson, Tanner",841179,"Boles, Brady",841175,"Pellien, Walk On",0,"Cotton, Jackson",828562,"Mitchell, Drayton",10156664,TRUE,"Boles, Brady",SS
2ba689f5-0a51-434d-b16f-7bf8e874323a,21,85b47fc0-b9c9-11f1-b355-4337f3c2f3af,b79aea31-8bdf-41d8-9229-94675b6b216f,2026-09-26,11:44:10.65,2026-09-26,16:44:10.65,2026-09-26T11:44:10.6564608-05:00,2026-09-26T16:44:10.6564608Z,TEX_BOB,TEX_BOB,BallCalled,Undefined,NoShift,93.24404,65.96365,151.54971,55.45817,99.95104,-54.47763,153.40969,-17.00166,261.00692,-125.69197,315.49912,-2.85831,237.00457,125.07728,"Anctil, Justin",1000608882,"Wheatley, Luke",10290520,"Carson, Tanner",841179,"Boles, Brady",841175,"Pellien, Walk On",0,"Cotton, Jackson",828562,"Mitchell, Drayton",10156664,TRUE,,
2ba689f5-0a51-434d-b16f-7bf8e874323a,22,9618aa80-b9c9-11f1-b355-4337f3c2f3af,91c3f051-c6b3-4e08-8a63-260eabf8d9c8,2026-09-26,11:44:38.15,2026-09-26,16:44:38.15,2026-09-26T11:44:38.1590016-05:00,2026-09-26T16:44:38.1590016Z,TEX_BOB,TEX_BOB,InPlay,Single,NoShift,92.19308,65.27554,148.84091,63.89841,95.87715,-58.52976,154.46317,-15.00695,263.22605,-123.53099,316.22187,-2.13068,238.98792,125.4011,"Anctil, Justin",1000608882,"Wheatley, Luke",10290520,"Carson, Tanner",841179,"Boles, Brady",841175,"Pellien, Walk On",0,"Cotton, Jackson",828562,"Mitchell, Drayton",10156664,TRUE,"Cotton, Jackson",CF
2ba689f5-0a51-434d-b16f-7bf8e874323a,23,b0c87bd0-b9c9-11f1-b355-4337f3c2f3af,22a8c307-d9dd-4a25-8ed3-77f0a3ca497a,2026-09-26,11:45:22.91,2026-09-26,16:45:22.91,2026-09-26T11:45:22.9160448-05:00,2026-09-26T16:45:22.9160448Z,TEX_BOB,TEX_BOB,BallCalled,Undefined,NoShift,66.62406,57.13922,142.43889,51.70734,98.0182,-56.73034,151.1428,-17.72463,271.08233,-123.3647,314.41285,-1.19853,251.60689,129.86571,"Anctil, Justin",1000608882,"Wheatley, Luke",10290520,"Carson, Tanner",841179,"Boles, Brady",841175,"Pellien, Walk On",0,"Cotton, Jackson",828562,"Mitchell, Drayton",10156664,TRUE,,
2ba689f5-0a51-434d-b16f-7bf8e874323a,24,c6884360-b9c9-11f1-b355-4337f3c2f3af,940ac95d-1d4e-4e66-9bc3-9a830143e64d,2026-09-26,11:45:59.42,2026-09-26,16:45:59.42,2026-09-26T11:45:59.4224128-05:00,2026-09-26T16:45:59.4224128Z,TEX_BOB,TEX_BOB,FoulBallNotFieldable,Undefined,NoShift,89.44108,67.10565,146.29832,58.92074,88.27164,-57.73028,145.62105,-14.81646,263.42717,-118.48269,313.64108,-2.00927,241.39271,124.97242,"Anctil, Justin",1000608882,"Wheatley, Luke",10290520,"Carson, Tanner",841179,"Boles, Brady",841175,"Pellien, Walk On",0,"Cotton, Jackson",828562,"Mitchell, Drayton",10156664,TRUE,,
2ba689f5-0a51-434d-b16f-7bf8e874323a,25,daddcc90-b9c9-11f1-b355-4337f3c2f3af,85007177-3f2e-4a36-84bd-a6a6e831febe,2026-09-26,11:46:33.46,2026-09-26,16:46:33.46,2026-09-26T11:46:33.4644224-05:00,2026-09-26T16:46:33.4644224Z,TEX_BOB,TEX_BOB,InPlay,Out,NoShift,89.76878,76.33382,148.07325,62.58577,88.73843,-57.56637,151.34225,-14.87219,263.00067,-120.52345,312.81163,17.35271,237.06686,138.24116,"Anctil, Justin",1000608882,"Wheatley, Luke",10290520,"Carson, Tanner",841179,"Boles, Brady",841175,"Pellien, Walk On",0,"Cotton, Jackson",828562,"Mitchell, Drayton",10156664,TRUE,"Cotton, Jackson",CF
2ba689f5-0a51-434d-b16f-7bf8e874323a,26,4aa3b0d0-b9ca-11f1-b355-4337f3c2f3af,49ff7ed7-89c5-4e44-b75e-91906b5efda2,2026-09-26,11:49:41.06,2026-09-26,16:49:41.06,2026-09-26T11:49:41.0668544-05:00,2026-09-26T16:49:41.0668544Z,TEX_BOB,TEX_BOB,BallCalled,Undefined,NoShift,94.86555,70.28342,149.92794,31.78901,86.69381,-66.23853,141.53878,-47.12872,279.66122,-174.63152,303.9329,-0.75141,252.64952,140.53093,"Sidener, Walk On",0,"Alaniz, Rylan",10304817,"Leininger, Ryley",816158,"Foor, Daylen",1000165264,"Gillis, Jacob",10036249,"Fryman, Bennett",814538,"Byrd, Cadyn",1000608881,TRUE,,
2ba689f5-0a51-434d-b16f-7bf8e874323a,27,54d1bd40-b9ca-11f1-b355-4337f3c2f3af,a2511be7-18c3-4e23-a502-798f33361fb9,2026-09-26,11:49:58.12,2026-09-26,16:49:58.12,2026-09-26T11:49:58.1231104-05:00,2026-09-26T16:49:58.1231104Z,TEX_BOB,TEX_BOB,BallCalled,Undefined,NoShift,94.6601,71.01402,145.77716,29.68902,86.72868,-65.97449,141.55143,-46.71952,280.64712,-169.5118,297.4928,-0.71313,254.32667,136.1861,"Sidener, Walk On",0,"Alaniz, Rylan",10304817,"Leininger, Ryley",816158,"Foor, Daylen",1000165264,"Gillis, Jacob",10036249,"Fryman, Bennett",814538,"Byrd, Cadyn",1000608881,TRUE,,
2ba689f5-0a51-434d-b16f-7bf8e874323a,28,60a38ea0-b9ca-11f1-b355-4337f3c2f3af,dc63cb10-4211-440b-a2bf-a5c62572befa,2026-09-26,11:50:17.95,2026-09-26,16:50:17.95,2026-09-26T11:50:17.9553792-05:00,2026-09-26T16:50:17.9553792Z,TEX_BOB,TEX_BOB,StrikeCalled,Undefined,NoShift,95.28172,72.99599,145.58519,28.62206,86.50781,-65.60433,141.44358,-46.1195,252.93842,-126.11019,304.81329,5.37269,252.33168,132.10176,"Sidener, Walk On",0,"Alaniz, Rylan",10304817,"Leininger, Ryley",816158,"Foor, Daylen",1000165264,"Gillis, Jacob",10036249,"Fryman, Bennett",814538,"Byrd, Cadyn",1000608881,TRUE,,
2ba689f5-0a51-434d-b16f-7bf8e874323a,29,6bc15240-b9ca-11f1-b355-4337f3c2f3af,3f92527e-95a7-49d3-ae2a-a349d3f28242,2026-09-26,11:50:36.55,2026-09-26,16:50:36.55,2026-09-26T11:50:36.5587968-05:00,2026-09-26T16:50:36.5587968Z,TEX_BOB,TEX_BOB,StrikeCalled,Undefined,NoShift,95.76343,73.62217,147.17612,29.97651,86.40053,-65.31175,141.97062,-46.15589,253.74726,-127.66838,303.28732,7.1883,256.16786,128.74107,"Sidener, Walk On",0,"Alaniz, Rylan",10304817,"Leininger, Ryley",816158,"Foor, Daylen",1000165264,"Gillis, Jacob",10036249,"Fryman, Bennett",814538,"Byrd, Cadyn",1000608881,TRUE,,
2ba689f5-0a51-434d-b16f-7bf8e874323a,30,7991b2c0-b9ca-11f1-b355-4337f3c2f3af,1e97a24b-6dbc-4d88-896c-d4922e09e1b7,2026-09-26,11:50:59.63,2026-09-26,16:50:59.63,2026-09-26T11:50:59.6366336-05:00,2026-09-26T16:50:59.6366336Z,TEX_BOB,TEX_BOB,BallCalled,Undefined,NoShift,95.91466,75.24886,146.78638,30.01158,86.87633,-65.95506,140.10829,-48.54985,300.41437,-149.58866,299.72757,11.50144,238.09432,127.60908,"Sidener, Walk On",0,"Alaniz, Rylan",10304817,"Leininger, Ryley",816158,"Foor, Daylen",1000165264,"Gillis, Jacob",10036249,"Fryman, Bennett",814538,"Byrd, Cadyn",1000608881,TRUE,,
2ba689f5-0a51-434d-b16f-7bf8e874323a,31,85ba2fa0-b9ca-11f1-b355-4337f3c2f3af,a65d2a8f-a99b-49fd-889b-37552446d05a,2026-09-26,11:51:20.17,2026-09-26,16:51:20.17,2026-09-26T11:51:20.1710000-05:00,2026-09-26T16:51:20.1710000Z,TEX_BOB,TEX_BOB,StrikeSwinging,Undefined,NoShift,96.83568,73.98412,148.66076,28.29205,87.2322,-65.96478,140.78446,-48.35462,257.20691,-129.7597,297.77908,11.68994,242.93825,131.18947,"Sidener, Walk On",0,"Alaniz, Rylan",10304817,"Leininger, Ryley",816158,"Foor, Daylen",1000165264,"Gillis, Jacob",10036249,"Fryman, Bennett",814538,"Byrd, Cadyn",1000608881,TRUE,,
2ba689f5-0a51-434d-b16f-7bf8e874323a,32,9f9ec1b0-b9ca-11f1-b355-4337f3c2f3af,bd3fc0ad-abab-4134-ba72-2f161198eabb,2026-09-26,11:52:03.27,2026-09-26,16:52:03.27,2026-09-26T11:52:03.2706048-05:00,2026-09-26T16:52:03.2706048Z,TEX_BOB,TEX_BOB,StrikeCalled,Undefined,NoShift,97.11761,70.57918,147.3897,30.98936,88.26855,-67.16012,140.54921,-49.59783,254.92405,-130.45274,296.70526,14.71977,251.48814,139.44313,"Sidener, Walk On",0,"Alaniz, Rylan",10304817,"Leininger, Ryley",816158,"Foor, Daylen",1000165264,"Gillis, Jacob",10036249,"Fryman, Bennett",814538,"Byrd, Cadyn",1000608881,TRUE,,
2ba689f5-0a51-434d-b16f-7bf8e874323a,33,aa808dc0-b9ca-11f1-b355-4337f3c2f3af,45269410-d766-44e9-a5a7-68a161ba0129,2026-09-26,11:52:21.90,2026-09-26,16:52:21.90,2026-09-26T11:52:21.9097088-05:00,2026-09-26T16:52:21.9097088Z,TEX_BOB,TEX_BOB,StrikeSwinging,Undefined,NoShift,97.84794,71.25482,149.64495,26.46965,87.6918,-67.09526,141.66055,-47.51071,257.40876,-130.52518,295.26235,15.72061,248.14592,138.27625,"Sidener, Walk On",0,"Alaniz, Rylan",10304817,"Leininger, Ryley",816158,"Foor, Daylen",1000165264,"Gillis, Jacob",10036249,"Fryman, Bennett",814538,"Byrd, Cadyn",1000608881,TRUE,,
2ba689f5-0a51-434d-b16f-7bf8e874323a,34,b7e27500-b9ca-11f1-b355-4337f3c2f3af,e14f3044-dc63-408d-9868-8aac99e5f9d1,2026-09-26,11:52:44.30,2026-09-26,16:52:44.30,2026-09-26T11:52:44.3064832-05:00,2026-09-26T16:52:44.3064832Z,TEX_BOB,TEX_BOB,StrikeSwinging,Undefined,NoShift,98.03101,74.7842,146.81729,25.74381,87.69506,-66.42132,139.98738,-49.89914,257.82267,-131.42828,293.8331,15.34851,252.06756,137.23676,"Sidener, Walk On",0,"Alaniz, Rylan",10304817,"Leininger, Ryley",816158,"Foor, Daylen",1000165264,"Gillis, Jacob",10036249,"Fryman, Bennett",814538,"Byrd, Cadyn",1000608881,TRUE,,
2ba689f5-0a51-434d-b16f-7bf8e874323a,35,d0f697b0-b9ca-11f1-b355-4337f3c2f3af,9d708780-94f0-4a69-940d-0f1ba618e520,2026-09-26,11:53:26.39,2026-09-26,16:53:26.39,2026-09-26T11:53:26.3962112-05:00,2026-09-26T16:53:26.3962112Z,TEX_BOB,TEX_BOB,BallCalled,Undefined,NoShift,94.19854,81.78863,141.22693,60.20019,95.66561,-56.00738,148.57685,-34.7753,299.24128,-152.38048,297.13798,-9.66635,261.80594,128.35528,"Sidener, Walk On",0,"Alaniz, Rylan",10304817,"Leininger, Ryley",816158,"Foor, Daylen",1000165264,"Gillis, Jacob",10036249,"Fryman, Bennett",814538,"Byrd, Cadyn",1000608881,TRUE,,
2ba689f5-0a51-434d-b16f-7bf8e874323a,36,dc904210-b9ca-11f1-b355-4337f3c2f3af,239a8cfa-abd7-48d5-9978-0a5c9e4edc83,2026-09-26,11:53:45.88,2026-09-26,16:53:45.88,2026-09-26T11:53:45.8836480-05:00,2026-09-26T16:53:45.8836480Z,TEX_BOB,TEX_BOB,InPlay,Out,NoShift,94.56142,83.69436,140.89513,56.79008,96.48365,-57.0472,147.9171,-31.48768,245.70667,-139.73287,310.23905,-8.23568,262.34702,125.33529,"Sidener, Walk On",0,"Alaniz, Rylan",10304817,"Leininger, Ryley",816158,"Foor, Daylen",1000165264,"Gillis, Jacob",10036249,"Fryman, Bennett",814538,"Byrd, Cadyn",1000608881,TRUE,"Fryman, Bennett",CF
2ba689f5-0a51-434d-b16f-7bf8e874323a,37,5c1efb70-b9cb-11f1-b355-4337f3c2f3af,bf5f0993-ae7a-4474-bf1d-238396d882f2,2026-09-26,11:57:19.82,2026-09-26,16:57:19.82,2026-09-26T11:57:19.8229504-05:00,2026-09-26T16:57:19.8229504Z,TEX_BOB,TEX_BOB,BallCalled,Undefined,NoShift,91.66279,64.61511,147.77326,40.68806,73.1783,-54.37797,139.71681,-49.71134,238.04279,-147.45342,311.07747,-0.19423,232.78345,130.37027,"Anctil, Justin",1000608882,"Wheatley, Luke",10290520,"Carson, Tanner",841179,"Boles, Brady",841175,"Arebalo, Walk On",0,"Cotton, Jackson",828562,"Mitchell, Drayton",10156664,TRUE,,
2ba689f5-0a51-434d-b16f-7bf8e874323a,38,69e549d0-b9cb-11f1-b355-4337f3c2f3af,e90b3bf4-df48-44b6-9355-12236b279e7e,2026-09-26,11:57:42.98,2026-09-26,16:57:42.98,2026-09-26T11:57:42.9830144-05:00,2026-09-26T16:57:42.9830144Z,TEX_BOB,TEX_BOB,StrikeCalled,Undefined,NoShift,92.86402,64.68168,150.5894,32.29263,80.98112,-61.54152,140.1267,-50.13341,236.80618,-145.13386,311.65431,-0.83049,233.62798,129.66544,"Anctil, Justin",1000608882,"Wheatley, Luke",10290520,"Carson, Tanner",841179,"Boles, Brady",841175,"Arebalo, Walk On",0,"Cotton, Jackson",828562,"Mitchell, Drayton",10156664,TRUE,,
2ba689f5-0a51-434d-b16f-7bf8e874323a,39,75e1d4b0-b9cb-11f1-b355-4337f3c2f3af,1924a450-4ade-410d-af73-60f8ebdb0910,2026-09-26,11:58:03.05,2026-09-26,16:58:03.05,2026-09-26T11:58:03.0521856-05:00,2026-09-26T16:58:03.0521856Z,TEX_BOB,TEX_BOB,StrikeSwinging,Undefined,NoShift,91.78883,65.0445,150.42079,32.30897,87.97366,-68.1685,139.81836,-50.20975,241.20889,-145.61973,313.79068,-2.15436,235.17826,131.43657,"Anctil, Justin",1000608882,"Wheatley, Luke",10290520,"Carson, Tanner",841179,"Boles, Brady",841175,"Arebalo, Walk On",0,"Cotton, Jackson",828562,"Mitchell, Drayton",10156664,TRUE,,
2ba689f5-0a51-434d-b16f-7bf8e874323a,40,83d32ab0-b9cb-11f1-b355-4337f3c2f3af,262d41be-59e2-48c0-90ac-3000ed5191d7,2026-09-26,11:58:26.42,2026-09-26,16:58:26.42,2026-09-26T11:58:26.4267776-05:00,2026-09-26T16:58:26.4267776Z,TEX_BOB,TEX_BOB,BallCalled,Undefined,NoShift,90.25646,63.83887,148.95634,31.811,87.89195,-67.93316,139.74084,-50.67384,239.52718,-141.37918,312.38154,-1.37016,234.56145,129.96758,"Anctil, Justin",1000608882,"Wheatley, Luke",10290520,"Carson, Tanner",841179,"Boles, Brady",841175,"Arebalo, Walk On",0,"Cotton, Jackson",828562,"Mitchell, Drayton",10156664,TRUE,,
2ba689f5-0a51-434d-b16f-7bf8e874323a,41,94d01300-b9cb-11f1-b355-4337f3c2f3af,d4fa9bf6-e128-46a0-8ba7-49b55af14b66,2026-09-26,11:58:55.00,2026-09-26,16:58:55.00,2026-09-26T11:58:55.0039552-05:00,2026-09-26T16:58:55.0039552Z,TEX_BOB,TEX_BOB,InPlay,Triple,NoShift,90.49865,64.70498,150.33983,32.36907,87.95971,-68.06462,140.22882,-50.46078,238.68035,-141.26808,306.99677,-1.18342,232.61965,130.02609,"Anctil, Justin",1000608882,"Wheatley, Luke",10290520,"Carson, Tanner",841179,"Boles, Brady",841175,"Arebalo, Walk On",0,"Cotton, Jackson",828562,"Mitchell, Drayton",10156664,TRUE,"Mitchell, Drayton",RF
2ba689f5-0a51-434d-b16f-7bf8e874323a,42,b355f290-b9cb-11f1-b355-4337f3c2f3af,0e2f7557-ef7a-4a8a-974c-691ee1ccea7a,2026-09-26,11:59:46.19,2026-09-26,16:59:46.19,2026-09-26T11:59:46.1943296-05:00,2026-09-26T16:59:46.1943296Z,TEX_BOB,TEX_BOB,StrikeSwinging,Undefined,NoShift,76.97124,52.13789,99.91483,33.12017,75.2463,-48.94765,156.35069,-11.61563,238.56434,-131.30345,314.35999,-1.54497,239.40952,131.18203,"Anctil, Justin",1000608882,"Wheatley, Luke",10290520,"Carson, Tanner",841179,"Boles, Brady",841175,"Arebalo, Walk On",0,"Cotton, Jackson",828562,"Mitchell, Drayton",10156664,TRUE,,
2ba689f5-0a51-434d-b16f-7bf8e874323a,43,c0e68af0-b9cb-11f1-b355-4337f3c2f3af,46944806-2b55-4ced-95f6-8669ad0546bb,2026-09-26,12:00:08.97,2026-09-26,17:00:08.97,2026-09-26T12:00:08.9763328-05:00,2026-09-26T17:00:08.9763328Z,TEX_BOB,TEX_BOB,BallCalled,Undefined,NoShift,75.23253,57.13392,100.17053,34.00411,74.14327,-50.22707,119.53664,-93.43448,241.52681,-129.11465,308.83322,-1.56678,239.71908,132.07696,"Anctil, Justin",1000608882,"Wheatley, Luke",10290520,"Carson, Tanner",841179,"Boles, Brady",841175,"Arebalo, Walk On",0,"Cotton, Jackson",828562,"Mitchell, Drayton",10156664,TRUE,,
2ba689f5-0a51-434d-b16f-7bf8e874323a,44,cf2871f0-b9cb-11f1-b355-4337f3c2f3af,62052686-6bce-4a77-9ef2-329de627ddef,2026-09-26,12:00:32.81,2026-09-26,17:00:32.81,2026-09-26T12:00:32.8181760-05:00,2026-09-26T17:00:32.8181760Z,TEX_BOB,TEX_BOB,BallCalled,Undefined,NoShift,75.61738,58.45214,100.3356,33.483,74.44666,-49.86155,126.91679,-47.25209,243.79436,-130.41445,310.81226,-1.91042,243.77192,128.90571,"Anctil, Justin",1000608882,"Wheatley, Luke",10290520,"Carson, Tanner",841179,"Boles, Brady",841175,"Arebalo, Walk On",0,"Cotton, Jackson",828562,"Mitchell, Drayton",10156664,TRUE,,
2ba689f5-0a51-434d-b16f-7bf8e874323a,45,db399640-b9cb-11f1-b355-4337f3c2f3af,3788d233-bd4b-405c-ab14-7c2c9527c018,2026-09-26,12:00:53.12,2026-09-26,17:00:53.12,2026-09-26T12:00:53.1288576-05:00,2026-09-26T17:00:53.1288576Z,TEX_BOB,TEX_BOB,StrikeSwinging,Undefined,NoShift,75.37847,57.71948,101.44142,34.801,74.40826,-50.20931,129.12123,-40.95432,247.03677,-130.13093,311.2383,-2.09561,242.35424,127.60846,"Anctil, Justin",1000608882,"Wheatley, Luke",10290520,"Carson, Tanner",841179,"Boles, Brady",841175,"Arebalo, Walk On",0,"Cotton, Jackson",828562,"Mitchell, Drayton",10156664,TRUE,,
2ba689f5-0a51-434d-b16f-7bf8e874323a,46,e8f9f130-b9cb-11f1-b355-4337f3c2f3af,80edc3c0-3dd3-42a7-b8fb-95fbe0940e6d,2026-09-26,12:01:16.15,2026-09-26,17:01:16.15,2026-09-26T12:01:16.1525760-05:00,2026-09-26T17:01:16.1525760Z,TEX_BOB,TEX_BOB,StrikeCalled,Undefined,NoShift,74.67088,56.5227,103.56484,33.24092,73.76786,-51.60993,127.51657,-40.53894,247.59359,-129.42989,308.61106,-2.448,242.0605,127.77601,"Anctil, Justin",1000608882,"Wheatley, Luke",10290520,"Carson, Tanner",841179,"Boles, Brady",841175,"Arebalo, Walk On",0,"Cotton, Jackson",828562,"Mitchell, Drayton",10156664,TRUE,,
2ba689f5-0a51-434d-b16f-7bf8e874323a,47,fe2f7a20-b9cb-11f1-b355-4337f3c2f3af,25752af5-756e-4e74-b919-74afe3a27c28,2026-09-26,12:01:51.71,2026-09-26,17:01:51.71,2026-09-26T12:01:51.7114880-05:00,2026-09-26T17:01:51.7114880Z,TEX_BOB,TEX_BOB,BallCalled,Undefined,NoShift,77.031,54.97004,102.24782,21.89132,74.33126,-55.26036,130.64147,-37.54026,241.21664,-148.68795,317.36582,-19.29717,254.56553,122.24131,"Anctil, Justin",1000608882,"Wheatley, Luke",10290520,"Carson, Tanner",841179,"Boles, Brady",841175,"Arebalo, Walk On",0,"Cotton, Jackson",828562,"Mitchell, Drayton",10156664,TRUE,,
2ba689f5-0a51-434d-b16f-7bf8e874323a,48,0af373b0-b9cc-11f1-b355-4337f3c2f3af,b0bd0130-0e13-4411-a19b-84435f9baca3,2026-09-26,12:02:13.11,2026-09-26,17:02:13.11,2026-09-26T12:02:13.1193856-05:00,2026-09-26T17:02:13.1193856Z,TEX_BOB,TEX_BOB,BallCalled,Undefined,NoShift,76.35738,55.02666,102.74931,22.28582,73.53885,-54.75062,129.24698,-36.96856,250.02214,-143.85819,318.35139,-27.0924,260.22573,121.2827,"Anctil, Justin",1000608882,"Wheatley, Luke",10290520,"Carson, Tanner",841179,"Boles, Brady",841175,"Arebalo, Walk On",0,"Cotton, Jackson",828562,"Mitchell, Drayton",10156664,TRUE,,
2ba689f5-0a51-434d-b16f-7bf8e874323a,49,18f4cf40-b9cc-11f1-b355-4337f3c2f3af,3e05c869-5f3a-4009-ac5f-546fbfae9811,2026-09-26,12:02:36.63,2026-09-26,17:02:36.63,2026-09-26T12:02:36.6317568-05:00,2026-09-26T17:02:36.6317568Z,TEX_BOB,TEX_BOB,HitByPitch,Undefined,NoShift,75.68838,54.10326,102.98147,22.29784,72.57865,-53.05683,128.8663,-36.80464,251.49521,-139.68923,319.18981,-28.51943,259.59564,119.41268,"Anctil, Justin",1000608882,"Wheatley, Luke",10290520,"Carson, Tanner",841179,"Boles, Brady",841175,"Arebalo, Walk On",0,"Cotton, Jackson",828562,"Mitchell, Drayton",10156664,TRUE,,
2ba689f5-0a51-434d-b16f-7bf8e874323a,50,30964f20-b9cc-11f1-b355-4337f3c2f3af,cb71a2ba-715a-4e48-a6fe-a1fe8e98af23,2026-09-26,12:03:16.31,2026-09-26,17:03:16.31,2026-09-26T12:03:16.3154432-05:00,2026-09-26T17:03:16.3154432Z,TEX_BOB,TEX_BOB,BallCalled,Undefined,NoShift,65.78937,57.26105,134.09443,21.2956,81.45156,-62.56997,135.57968,-37.27446,255.19912,-138.98256,319.24963,-26.71443,253.0221,122.80424,"Anctil, Justin",1000608882,"Wheatley, Luke",10290520,"Carson, Tanner",841179,"Boles, Brady",841175,"Arebalo, Walk On",0,"Cotton, Jackson",828562,"Mitchell, Drayton",10156664,TRUE,,
2ba689f5-0a51-434d-b16f-7bf8e874323a,51,483b9f90-b9cc-11f1-b355-4337f3c2f3af,6fd302f2-5493-43ec-8d07-1706c7dd461c,2026-09-26,12:03:55.93,2026-09-26,17:03:55.93,2026-09-26T12:03:55.9350784-05:00,2026-09-26T17:03:55.9350784Z,TEX_BOB,TEX_BOB,BallCalled,Undefined,NoShift,66.80972,56.61932,135.265,22.00137,79.73434,-59.56423,136.51537,-35.9843,253.40609,-136.35606,321.64649,-25.89175,251.88901,121.9517,"Anctil, Justin",1000608882,"Wheatley, Luke",10290520,"Carson, Tanner",841179,"Boles, Brady",841175,"Arebalo, Walk On",0,"Cotton, Jackson",828562,"Mitchell, Drayton",10156664,TRUE,,
2ba689f5-0a51-434d-b16f-7bf8e874323a,52,631d2f40-b9cc-11f1-b355-4337f3c2f3af,cbfa870d-3e5e-4af1-9908-c60b914e3fc4,2026-09-26,12:04:41.10,2026-09-26,17:04:41.10,2026-09-26T12:04:41.1039232-05:00,2026-09-26T17:04:41.1039232Z,TEX_BOB,TEX_BOB,BallCalled,Undefined,NoShift,87.06127,59.4504,139.9878,19.32515,84.95546,-66.1995,141.06479,-49.55895,251.35751,-137.9338,318.31923,-23.67994,248.35832,127.36268,"Anctil, Justin",1000608882,"Wheatley, Luke",10290520,"Carson, Tanner",841179,"Boles, Brady",841175,"Arebalo, Walk On",0,"Cotton, Jackson",828562,"Mitchell, Drayton",10156664,TRUE,,
2ba689f5-0a51-434d-b16f-7bf8e874323a,53,79a10a20-b9cc-11f1-b355-4337f3c2f3af,e907332e-a26c-41dc-a393-e9a88964d3bb,2026-09-26,12:05:18.89,2026-09-26,17:05:18.89,2026-09-26T12:05:18.8987904-05:00,2026-09-26T17:05:18.8987904Z,TEX_BOB,TEX_BOB,FoulBallNotFieldable,Undefined,NoShift,76.51401,50.31126,108.09855,17.48469,73.01821,-54.30099,123.29714,-36.20524,250.90664,-128.12194,323.66185,-20.99038,250.44541,124.66377,"Anctil, Justin",1000608882,"Wheatley, Luke",10290520,"Carson, Tanner",841179,"Boles, Brady",841175,"Arebalo, Walk On",0,"Cotton, Jackson",828562,"Mitchell, Drayton",10156664,TRUE,,
2ba689f5-0a51-434d-b16f-7bf8e874323a,54,87dde810-b9cc-11f1-b355-4337f3c2f3af,d3ccd5c1-e19c-455e-a4df-02730e4c8c34,2026-09-26,12:05:42.76,2026-09-26,17:05:42.76,2026-09-26T12:05:42.7693568-05:00,2026-09-26T17:05:42.7693568Z,TEX_BOB,TEX_BOB,InPlay,Out,NoShift,76.94873,50.15599,109.76937,18.12181,72.2377,-54.34851,126.17178,-37.07245,254.71251,-128.22242,324.1412,-21.80057,243.73144,132.34974,"Anctil, Justin",1000608882,"Wheatley, Luke",10290520,"Carson, Tanner",841179,"Boles, Brady",841175,"Arebalo, Walk On",0,"Cotton, Jackson",828562,"Mitchell, Drayton",10156664,TRUE,"Wheatley, Luke",2B
2ba689f5-0a51-434d-b16f-7bf8e874323a,55,9f31e430-b9cc-11f1-b355-4337f3c2f3af,b61be678-a992-4178-b70d-1db69e32a828,2026-09-26,12:06:21.87,2026-09-26,17:06:21.87,2026-09-26T12:06:21.8770944-05:00,2026-09-26T17:06:21.8770944Z,TEX_BOB,TEX_BOB,StrikeSwinging,Undefined,NoShift,89.89223,59.89231,151.83943,27.0349,92.45699,-73.05303,140.6474,-50.32936,244.82401,-133.91494,306.09369,-2.69143,231.15634,125.37931,"Anctil, Justin",1000608882,"Wheatley, Luke",10290520,"Carson, Tanner",841179,"Boles, Brady",841175,"Arebalo, Walk On",0,"Cotton, Jackson",828562,"Mitchell, Drayton",10156664,TRUE,,
2ba689f5-0a51-434d-b16f-7bf8e874323a,56,c03f0ae0-b9cc-11f1-b355-4337f3c2f3af,63cfd1ab-2150-4c6e-a74a-44b00d893014,2026-09-26,12:07:17.35,2026-09-26,17:07:17.35,2026-09-26T12:07:17.3531136-05:00,2026-09-26T17:07:17.3531136Z,TEX_BOB,TEX_BOB,StrikeCalled,Undefined,NoShift,89.11999,59.94648,150.48982,27.72859,89.91567,-70.93503,139.90756,-50.6328,248.26133,-134.39862,310.35634,-2.75388,228.59228,125.54306,"Anctil, Justin",1000608882,"Wheatley, Luke",10290520,"Carson, Tanner",841179,"Boles, Brady",841175,"Arebalo, Walk On",0,"Cotton, Jackson",828562,"Mitchell, Drayton",10156664,TRUE,,
2ba689f5-0a51-434d-b16f-7bf8e874323a,57,ce800780-b9cc-11f1-b355-4337f3c2f3af,faae7136-fa54-4166-a277-10420d44317b,2026-09-26,12:07:41.26,2026-09-26,17:07:41.26,2026-09-26T12:07:41.2699136-05:00,2026-09-26T17:07:41.2699136Z,TEX_BOB,TEX_BOB,InPlay,Out,NoShift,88.66466,58.97161,151.37355,27.7075,90.2421,-71.51787,140.44613,-50.02563,251.29872,-133.49838,308.59378,-2.69075,229.82388,126.23557,"Anctil, Justin",1000608882,"Wheatley, Luke",10290520,"Carson, Tanner",841179,"Boles, Brady",841175,"Arebalo, Walk On",0,"Cotton, Jackson",828562,"Mitchell, Drayton",10156664,TRUE,"Anctil, Justin",1B
2ba689f5-0a51-434d-b16f-7bf8e874323a,58,315def70-b9cd-11f1-b355-4337f3c2f3af,3cce0030-3c2a-4dbf-b16a-1f65b1632290,2026-09-26,12:10:27.12,2026-09-26,17:10:27.12,2026-09-26T12:10:27.1219200-05:00,2026-09-26T17:10:27.1219200Z,TEX_BOB,TEX_BOB,BallCalled,Undefined,NoShift,95.98068,70.91453,147.49326,29.5841,87.99766,-65.31195,143.39194,-42.74433,253.73489,-126.34861,299.36457,12.78969,252.54422,137.42553,"Sidener, Walk On",0,"Alaniz, Rylan",10304817,"Leininger, Ryley",816158,"Foor, Daylen",1000165264,"Gillis, Jacob",10036249,"Fryman, Bennett",814538,"Byrd, Cadyn",1000608881,TRUE,,
2ba689f5-0a51-434d-b16f-7bf8e874323a,59,3b8d0d50-b9cd-11f1-b355-4337f3c2f3af,4c0f0a7d-52cf-4c54-8367-00aae10737f3,2026-09-26,12:10:44.15,2026-09-26,17:10:44.15,2026-09-26T12:10:44.1573888-05:00,2026-09-26T17:10:44.1573888Z,TEX_BOB,TEX_BOB,BallCalled,Undefined,NoShift,96.45586,70.76773,147.27043,26.8002,88.58601,-66.50257,141.92634,-44.02157,255.14893,-127.24666,300.49449,12.68051,252.40331,135.83937,"Sidener, Walk On",0,"Alaniz, Rylan",10304817,"Leininger, Ryley",816158,"Foor, Daylen",1000165264,"Gillis, Jacob",10036249,"Fryman, Bennett",814538,"Byrd, Cadyn",1000608881,TRUE,,
2ba689f5-0a51-434d-b16f-7bf8e874323a,60,49a60f90-b9cd-11f1-b355-4337f3c2f3af,c90df106-17d3-4247-a7ff-88b9bad701d6,2026-09-26,12:11:07.92,2026-09-26,17:11:07.92,2026-09-26T12:11:07.9230464-05:00,2026-09-26T17:11:07.9230464Z,TEX_BOB,TEX_BOB,BallCalled,Undefined,NoShift,97.88497,72.45796,147.70266,26.46931,88.39193,-65.7704,141.88776,-47.32096,253.79399,-127.09418,300.74475,18.5824,254.53751,137.27153,"Sidener, Walk On",0,"Alaniz, Rylan",10304817,"Leininger, Ryley",816158,"Foor, Daylen",1000165264,"Gillis, Jacob",10036249,"Fryman, Bennett",814538,"Byrd, Cadyn",1000608881,TRUE,,
2ba689f5-0a51-434d-b16f-7bf8e874323a,61,551d8bf0-b9cd-11f1-b355-4337f3c2f3af,e32a3820-afd5-43b5-b5e0-5e32b1c48283,2026-09-26,12:11:27.12,2026-09-26,17:11:27.12,2026-09-26T12:11:27.1270912-05:00,2026-09-26T17:11:27.1270912Z,TEX_BOB,TEX_BOB,StrikeCalled,Undefined,NoShift,96.7846,72.2742,147.84552,27.48948,88.95276,-65.3886,140.64887,-48.28799,257.61831,-130.37881,314.86255,8.62104,251.93993,133.37599,"Sidener, Walk On",0,"Alaniz, Rylan",10304817,"Leininger, Ryley",816158,"Foor, Daylen",1000165264,"Gillis, Jacob",10036249,"Fryman, Bennett",814538,"Byrd, Cadyn",1000608881,TRUE,,
2ba689f5-0a51-434d-b16f-7bf8e874323a,62,603de7a0-b9cd-11f1-b355-4337f3c2f3af,a8d17f03-2e80-4a14-9526-0c37de3f6e91,2026-09-26,12:11:45.75,2026-09-26,17:11:45.75,2026-09-26T12:11:45.7579008-05:00,2026-09-26T17:11:45.7579008Z,TEX_BOB,TEX_BOB,HitByPitch,Undefined,NoShift,98.09404,72.33179,150.23286,25.65316,88.21966,-65.38803,141.6171,-46.4791,255.97682,-130.05871,316.392,7.84706,252.7104,136.87519,"Sidener, Walk On",0,"Alaniz, Rylan",10304817,"Leininger, Ryley",816158,"Foor, Daylen",1000165264,"Gillis, Jacob",10036249,"Fryman, Bennett",814538,"Byrd, Cadyn",1000608881,TRUE,,
2ba689f5-0a51-434d-b16f-7bf8e874323a,63,786623b0-b9cd-11f1-b355-4337f3c2f3af,6ec41875-5c9f-475f-a486-1a5cf889add2,2026-09-26,12:12:26.32,2026-09-26,17:12:26.32,2026-09-26T12:12:26.3260160-05:00,2026-09-26T17:12:26.3260160Z,TEX_BOB,TEX_BOB,BallCalled,Undefined,NoShift,77.6051,52.52361,140.82162,24.93827,84.07409,-61.74949,139.08223,-34.25152,261.17775,-132.54451,324.89669,12.38441,250.49281,133.38626,"Sidener, Walk On",0,"Alaniz, Rylan",10304817,"Leininger, Ryley",816158,"Foor, Daylen",1000165264,"Gillis, Jacob",10036249,"Fryman, Bennett",814538,"Byrd, Cadyn",1000608881,TRUE,,
2ba689f5-0a51-434d-b16f-7bf8e874323a,64,8b514770-b9cd-11f1-b355-4337f3c2f3af,f8302f4a-ff0f-4abe-82c8-552fbbc505f6,2026-09-26,12:12:58.06,2026-09-26,17:12:58.06,2026-09-26T12:12:58.0610560-05:00,2026-09-26T17:12:58.0610560Z,TEX_BOB,TEX_BOB,BallCalled,Undefined,NoShift,93.62297,67.65177,154.773,16.63795,86.66375,-65.3407,143.31362,-47.16361,262.15295,-132.8424,327.08108,14.72482,246.12642,133.22414,"Sidener, Walk On",0,"Alaniz, Rylan",10304817,"Leininger, Ryley",816158,"Foor, Daylen",1000165264,"Gillis, Jacob",10036249,"Fryman, Bennett",814538,"Byrd, Cadyn",1000608881,TRUE,,
2ba689f5-0a51-434d-b16f-7bf8e874323a,65,9920e4a0-b9cd-11f1-b355-4337f3c2f3af,93cfbbfa-fb41-43ae-b96c-f90783b31709,2026-09-26,12:13:21.22,2026-09-26,17:13:21.22,2026-09-26T12:13:21.2226560-05:00,2026-09-26T17:13:21.2226560Z,TEX_BOB,TEX_BOB,InPlay,Single,NoShift,93.25294,66.9937,159.82188,10.02806,87.06389,-65.29384,143.49052,-45.47438,261.99828,-133.82367,326.37852,13.7965,252.06501,133.03441,"Sidener, Walk On",0,"Alaniz, Rylan",10304817,"Leininger, Ryley",816158,"Foor, Daylen",1000165264,"Gillis, Jacob",10036249,"Fryman, Bennett",814538,"Byrd, Cadyn",1000608881,TRUE,"Gillis, Jacob",LF
2ba689f5-0a51-434d-b16f-7bf8e874323a,66,b3db6450-b9cd-11f1-b355-4337f3c2f3af,972aac06-a914-4c3c-a402-89cad3959468,2026-09-26,12:14:06.08,2026-09-26,17:14:06.08,2026-09-26T12:14:06.0809216-05:00,2026-09-26T17:14:06.0809216Z,TEX_BOB,TEX_BOB,BallCalled,Undefined,NoShift,78.20535,54.31453,140.64822,31.0162,86.33841,-50.82295,141.8202,-27.56853,244.21041,-132.35142,317.74791,-10.53048,259.77063,128.24124,"Sidener, Walk On",0,"Alaniz, Rylan",10304817,"Leininger, Ryley",816158,"Foor, Daylen",1000165264,"Gillis, Jacob",10036249,"Fryman, Bennett",814538,"Byrd, Cadyn",1000608881,TRUE,,
2ba689f5-0a51-434d-b16f-7bf8e874323a,67,bff51420-b9cd-11f1-b355-4337f3c2f3af,ca34d7f2-6f9b-4922-a5f6-f3b5aedb03ef,2026-09-26,12:14:26.34,2026-09-26,17:14:26.34,2026-09-26T12:14:26.3407616-05:00,2026-09-26T17:14:26.3407616Z,TEX_BOB,TEX_BOB,StrikeCalled,Undefined,NoShift,77.95831,53.49027,138.7382,30.65776,87.26348,-51.88889,144.30144,-22.98296,246.05199,-132.38085,313.49962,-11.41924,255.33255,123.94816,"Sidener, Walk On",0,"Alaniz, Rylan",10304817,"Leininger, Ryley",816158,"Foor, Daylen",1000165264,"Gillis, Jacob",10036249,"Fryman, Bennett",814538,"Byrd, Cadyn",1000608881,TRUE,,
2ba689f5-0a51-434d-b16f-7bf8e874323a,68,d2808bb0-b9cd-11f1-b355-4337f3c2f3af,3d57f908-bbf1-4034-9123-7e4b60734893,2026-09-26,12:14:57.46,2026-09-26,17:14:57.46,2026-09-26T12:14:57.4657024-05:00,2026-09-26T17:14:57.4657024Z,TEX_BOB,TEX_BOB,StrikeCalled,Undefined,NoShift,79.38264,50.11147,139.98272,29.74661,88.59473,-53.25626,147.04087,-25.0787,251.97561,-136.16568,316.86454,-13.26896,258.88199,120.49001,"Sidener, Walk On",0,"Alaniz, Rylan",10304817,"Leininger, Ryley",816158,"Foor, Daylen",1000165264,"Gillis, Jacob",10036249,"Fryman, Bennett",814538,"Byrd, Cadyn",1000608881,TRUE,,
2ba689f5-0a51-434d-b16f-7bf8e874323a,69,df428970-b9cd-11f1-b355-4337f3c2f3af,9e10dff0-08c8-43c4-84fd-110a99909ffc,2026-09-26,12:15:18.83,2026-09-26,17:15:18.83,2026-09-26T12:15:18.8368896-05:00,2026-09-26T17:15:18.8368896Z,TEX_BOB,TEX_BOB,StrikeSwinging,Undefined,NoShift,79.67088,51.3995,138.51794,27.8646,88.7962,-54.37812,143.35368,-26.89362,252.37662,-135.36307,318.27949,-12.69142,260.86549,123.66791,"Sidener, Walk On",0,"Alaniz, Rylan",10304817,"Leininger, Ryley",816158,"Foor, Daylen",1000165264,"Gillis, Jacob",10036249,"Fryman, Bennett",814538,"Byrd, Cadyn",1000608881,TRUE,,
2ba689f5-0a51-434d-b16f-7bf8e874323a,70,03ae9290-b9ce-11f1-b355-4337f3c2f3af,3b0d04c5-6225-4228-9220-d175398c828b,2026-09-26,12:16:19.96,2026-09-26,17:16:19.96,2026-09-26T12:16:19.9651840-05:00,2026-09-26T17:16:19.9651840Z,TEX_BOB,TEX_BOB,BallCalled,Undefined,NoShift,63.43261,58.22996,138.59048,24.9775,84.79368,-61.20429,141.08606,-32.82861,264.83698,-137.95657,315.32477,7.36158,253.27321,137.18648,"Sidener, Walk On",0,"Alaniz, Rylan",10304817,"Leininger, Ryley",816158,"Foor, Daylen",1000165264,"Gillis, Jacob",10036249,"Fryman, Bennett",814538,"Byrd, Cadyn",1000608881,TRUE,,
2ba689f5-0a51-434d-b16f-7bf8e874323a,71,0f72cf60-b9ce-11f1-b355-4337f3c2f3af,c38cef9e-0838-4f6a-bb54-cdf7b54db615,2026-09-26,12:16:39.77,2026-09-26,17:16:39.77,2026-09-26T12:16:39.7760000-05:00,2026-09-26T17:16:39.7760000Z,TEX_BOB,TEX_BOB,BallCalled,Undefined,NoShift,64.76941,57.88227,139.15668,25.71191,85.46071,-61.79948,139.28038,-32.23745,263.56261,-136.51726,316.15192,8.44478,247.57037,135.63184,"Sidener, Walk On",0,"Alaniz, Rylan",10304817,"Leininger, Ryley",816158,"Foor, Daylen",1000165264,"Gillis, Jacob",10036249,"Fryman, Bennett",814538,"Byrd, Cadyn",1000608881,TRUE,,
2ba689f5-0a51-434d-b16f-7bf8e874323a,72,24de8380-b9ce-11f1-b355-4337f3c2f3af,04d08a74-a5fe-4460-85d9-59c28198da85,2026-09-26,12:17:15.61,2026-09-26,17:17:15.61,2026-09-26T12:17:15.6130304-05:00,2026-09-26T17:17:15.6130304Z,TEX_BOB,TEX_BOB,BallCalled,Undefined,NoShift,99.19853,72.49732,148.94078,28.18257,90.33623,-67.6462,157.00997,-33.73158,260.51715,-136.86851,311.36082,8.56479,252.44218,135.27335,"Sidener, Walk On",0,"Alaniz, Rylan",10304817,"Leininger, Ryley",816158,"Foor, Daylen",1000165264,"Gillis, Jacob",10036249,"Fryman, Bennett",814538,"Byrd, Cadyn",1000608881,TRUE,,
2ba689f5-0a51-434d-b16f-7bf8e874323a,73,31d3c640-b9ce-11f1-b355-4337f3c2f3af,fdfad636-a52e-4137-8234-bd410385b1be,2026-09-26,12:17:37.40,2026-09-26,17:17:37.40,2026-09-26T12:17:37.4075392-05:00,2026-09-26T17:17:37.4075392Z,TEX_BOB,TEX_BOB,BallCalled,Undefined,NoShift,98.62869,72.27759,147.40914,30.26962,90.9939,-67.78919,141.8663,-46.19517,263.16603,-137.80505,315.3073,11.16104,250.88015,135.99011,"Sidener, Walk On",0,"Alaniz, Rylan",10304817,"Leininger, Ryley",816158,"Foor, Daylen",1000165264,"Gillis, Jacob",10036249,"Fryman, Bennett",814538,"Byrd, Cadyn",1000608881,TRUE,,
2ba689f5-0a51-434d-b16f-7bf8e874323a,74,426a4ba0-b9ce-11f1-b355-4337f3c2f3af,0965a8c7-7768-433a-ba96-3ce20e089dfc,2026-09-26,12:18:05.22,2026-09-26,17:18:05.22,2026-09-26T12:18:05.2228608-05:00,2026-09-26T17:18:05.2228608Z,TEX_BOB,TEX_BOB,StrikeCalled,Undefined,NoShift,62.8607,57.73764,140.49341,28.25578,90.38468,-67.39386,142.3936,-46.9625,256.25167,-125.74996,297.76354,-0.3205,251.79225,137.24482,"Sidener, Walk On",0,"Alaniz, Rylan",10304817,"Leininger, Ryley",816158,"Foor, Daylen",1000165264,"Gillis, Jacob",10036249,"Fryman, Bennett",814538,"Byrd, Cadyn",1000608881,TRUE,,
2ba689f5-0a51-434d-b16f-7bf8e874323a,75,4e60e310-b9ce-11f1-b355-4337f3c2f3af,4e8e6ed2-8e14-4aae-b934-9bfba94239c3,2026-09-26,12:18:25.31,2026-09-26,17:18:25.31,2026-09-26T12:18:25.3198848-05:00,2026-09-26T17:18:25.3198848Z,TEX_BOB,TEX_BOB,BallCalled,Undefined,NoShift,63.22304,58.18179,141.10247,25.56165,90.95968,-68.21396,143.34013,-46.50732,254.56478,-123.13658,297.21065,-0.84013,251.68823,134.98179,"Sidener, Walk On",0,"Alaniz, Rylan",10304817,"Leininger, Ryley",816158,"Foor, Daylen",1000165264,"Gillis, Jacob",10036249,"Fryman, Bennett",814538,"Byrd, Cadyn",1000608881,TRUE,,
2ba689f5-0a51-434d-b16f-7bf8e874323a,76,5dd15f00-b9ce-11f1-b355-4337f3c2f3af,9726f208-212b-4042-922c-4c0ef1ee83ed,2026-09-26,12:18:51.19,2026-09-26,17:18:51.19,2026-09-26T12:18:51.1910400-05:00,2026-09-26T17:18:51.1910400Z,TEX_BOB,TEX_BOB,StrikeCalled,Undefined,NoShift,62.94891,58.20665,139.23039,26.19186,89.71717,-67.55948,140.85521,-49.08042,257.48902,-125.59196,296.2668,-1.20734,249.63896,132.21902,"Sidener, Walk On",0,"Alaniz, Rylan",10304817,"Leininger, Ryley",816158,"Foor, Daylen",1000165264,"Gillis, Jacob",10036249,"Fryman, Bennett",814538,"Byrd, Cadyn",1000608881,TRUE,,
2ba689f5-0a51-434d-b16f-7bf8e874323a,77,68f404a0-b9ce-11f1-b355-4337f3c2f3af,42becbf3-391f-45bb-b594-2548ec077929,2026-09-26,12:19:09.84,2026-09-26,17:19:09.84,2026-09-26T12:19:09.8420000-05:00,2026-09-26T17:19:09.8420000Z,TEX_BOB,TEX_BOB,StrikeSwinging,Undefined,NoShift,62.90924,57.89457,145.65113,27.69551,90.17148,-67.52733,141.96416,-48.30295,256.67428,-124.69341,298.66186,-0.6977,252.88141,134.55127,"Sidener, Walk On",0,"Alaniz, Rylan",10304817,"Leininger, Ryley",816158,"Foor, Daylen",1000165264,"Gillis, Jacob",10036249,"Fryman, Bennett",814538,"Byrd, Cadyn",1000608881,TRUE,,
2ba689f5-0a51-434d-b16f-7bf8e874323a,78,e008ca30-b9ce-11f1-b355-4337f3c2f3af,8f3537eb-444d-4c55-8ca4-72cd9a60345b,2026-09-26,12:22:29.64,2026-09-26,17:22:29.64,2026-09-26T12:22:29.6420864-05:00,2026-09-26T17:22:29.6420864Z,TEX_BOB,TEX_BOB,BallCalled,Undefined,RightInfieldShift,94.09966,79.6053,143.62971,81.47417,143.51253,-44.8155,153.90588,24.58072,261.3514,-129.50543,327.48107,16.68308,244.84457,142.87339,"Anctil, Justin",1000608882,"Wheatley, Luke",10290520,"Carson, Tanner",841179,"Boles, Brady",841175,"Arebalo, Walk On",0,"Cotton, Jackson",828562,"Mitchell, Drayton",10156664,TRUE,,
2ba689f5-0a51-434d-b16f-7bf8e874323a,79,ee8a2b30-b9ce-11f1-b355-4337f3c2f3af,21379ee6-6d23-4935-8da2-d6e66da5cd14,2026-09-26,12:22:54.00,2026-09-26,17:22:54.00,2026-09-26T12:22:54.0076032-05:00,2026-09-26T17:22:54.0076032Z,TEX_BOB,TEX_BOB,BallCalled,Undefined,RightInfieldShift,93.2953,78.05664,144.6379,81.52426,143.44318,-42.3282,152.47342,24.73353,275.77302,-119.3151,325.12873,16.47916,242.08612,143.9845,"Anctil, Justin",1000608882,"Wheatley, Luke",10290520,"Carson, Tanner",841179,"Boles, Brady",841175,"Arebalo, Walk On",0,"Cotton, Jackson",828562,"Mitchell, Drayton",10156664,TRUE,,
2ba689f5-0a51-434d-b16f-7bf8e874323a,80,fb878440-b9ce-11f1-b355-4337f3c2f3af,200acaf8-8a92-40e6-b0fa-bd298c6d65ac,2026-09-26,12:23:15.83,2026-09-26,17:23:15.83,2026-09-26T12:23:15.8329344-05:00,2026-09-26T17:23:15.8329344Z,TEX_BOB,TEX_BOB,FoulBallNotFieldable,Undefined,RightInfieldShift,92.44138,77.43057,144.58272,81.23771,142.21206,-40.89249,151.55192,24.9249,277.53368,-117.76799,327.65709,16.1713,241.44577,142.66749,"Anctil, Justin",1000608882,"Wheatley, Luke",10290520,"Carson, Tanner",841179,"Boles, Brady",841175,"Arebalo, Walk On",0,"Cotton, Jackson",828562,"Mitchell, Drayton",10156664,TRUE,,
2ba689f5-0a51-434d-b16f-7bf8e874323a,81,0833d720-b9cf-11f1-b355-4337f3c2f3af,609292de-158d-4c4c-8a65-f869b89ff9f3,2026-09-26,12:23:37.03,2026-09-26,17:23:37.03,2026-09-26T12:23:37.0341888-05:00,2026-09-26T17:23:37.0341888Z,TEX_BOB,TEX_BOB,BallCalled,Undefined,RightInfieldShift,93.88144,76.18013,146.24237,80.66272,143.38653,-40.07924,150.66434,25.36106,274.69299,-119.18305,326.88593,15.81808,241.73423,142.48697,"Anctil, Justin",1000608882,"Wheatley, Luke",10290520,"Carson, Tanner",841179,"Boles, Brady",841175,"Arebalo, Walk On",0,"Cotton, Jackson",828562,"Mitchell, Drayton",10156664,TRUE,,
2ba689f5-0a51-434d-b16f-7bf8e874323a,82,133698b0-b9cf-11f1-b355-4337f3c2f3af,6e971bd9-71cf-4c73-9d8d-bd8f356ba853,2026-09-26,12:23:55.58,2026-09-26,17:23:55.58,2026-09-26T12:23:55.5814912-05:00,2026-09-26T17:23:55.5814912Z,TEX_BOB,TEX_BOB,FoulBallNotFieldable,Undefined,RightInfieldShift,93.69482,75.46321,144.63123,79.64432,145.29357,-37.6926,150.96978,26.07351,275.62674,-118.19105,325.57779,15.639,241.39707,144.15348,"Anctil, Justin",1000608882,"Wheatley, Luke",10290520,"Carson, Tanner",841179,"Boles, Brady",841175,"Arebalo, Walk On",0,"Cotton, Jackson",828562,"Mitchell, Drayton",10156664,TRUE,,
2ba689f5-0a51-434d-b16f-7bf8e874323a,83,27e69df0-b9cf-11f1-b355-4337f3c2f3af,a4b7e341-f109-4d70-8ee0-3aff61e3a715,2026-09-26,12:24:30.24,2026-09-26,17:24:30.24,2026-09-26T12:24:30.2488576-05:00,2026-09-26T17:24:30.2488576Z,TEX_BOB,TEX_BOB,InPlay,Single,RightInfieldShift,92.59209,76.5527,145.7373,84.68569,146.70355,-37.69242,150.57074,26.38167,280.00861,-119.00772,324.48812,18.31336,239.99301,148.54201,"Anctil, Justin",1000608882,"Wheatley, Luke",10290520,"Carson, Tanner",841179,"Boles, Brady",841175,"Arebalo, Walk On",0,"Cotton, Jackson",828562,"Mitchell, Drayton",10156664,TRUE,"Cotton, Jackson",CF
2ba689f5-0a51-434d-b16f-7bf8e874323a,84,4172fde0-b9cf-11f1-b355-4337f3c2f3af,48e08e20-a4e1-4106-8830-6a6e2dfd7720,2026-09-26,12:25:13.11,2026-09-26,17:25:13.11,2026-09-26T12:25:13.1176448-05:00,2026-09-26T17:25:13.1176448Z,TEX_BOB,TEX_BOB,InPlay,Out,NoShift,87.25504,42.56975,135.26078,40.19746,95.03852,-44.83186,143.36029,-17.9989,268.00269,-124.36759,320.84658,-1.14254,252.48389,126.60884,"Anctil, Justin",1000608882,"Wheatley, Luke",10290520,"Carson, Tanner",841179,"Boles, Brady",841175,"Arebalo, Walk On",0,"Cotton, Jackson",828562,"Mitchell, Drayton",10156664,TRUE,"Wheatley, Luke",2B
2ba689f5-0a51-434d-b16f-7bf8e874323a,85,59e1dfe0-b9cf-11f1-b355-4337f3c2f3af,b15757e2-3516-461f-baac-018cb19a7305,2026-09-26,12:25:54.12,2026-09-26,17:25:54.12,2026-09-26T12:25:54.1211648-05:00,2026-09-26T17:25:54.1211648Z,TEX_BOB,TEX_BOB,FoulBallNotFieldable,Undefined,NoShift,93.8986,74.67815,142.49564,59.51723,84.60753,-51.75658,160.32102,-27.40783,261.28217,-122.68352,319.42744,-0.84243,253.77691,126.27984,"Anctil, Justin",1000608882,"Wheatley, Luke",10290520,"Carson, Tanner",841179,"Boles, Brady",841175,"Arebalo, Walk On",0,"Cotton, Jackson",828562,"Mitchell, Drayton",10156664,TRUE,,
2ba689f5-0a51-434d-b16f-7bf8e874323a,86,71fa8b90-b9cf-11f1-b355-4337f3c2f3af,17e4ef43-57d5-4840-a28f-6071516eab14,2026-09-26,12:26:34.55,2026-09-26,17:26:34.55,2026-09-26T12:26:34.5585152-05:00,2026-09-26T17:26:34.5585152Z,TEX_BOB,TEX_BOB,BallCalled,Undefined,NoShift,91.81723,70.12919,140.92493,60.79804,83.36892,-52.87733,160.10229,-33.56708,268.82906,-120.29968,318.93149,-0.66535,249.09257,128.8927,"Anctil, Justin",1000608882,"Wheatley, Luke",10290520,"Carson, Tanner",841179,"Boles, Brady",841175,"Arebalo, Walk On",0,"Cotton, Jackson",828562,"Mitchell, Drayton",10156664,TRUE,,
2ba689f5-0a51-434d-b16f-7bf8e874323a,87,7fd6fa00-b9cf-11f1-b355-4337f3c2f3af,f5c8a50c-9a1f-4de1-a947-3f1171e26434,2026-09-26,12:26:57.79,2026-09-26,17:26:57.79,2026-09-26T12:26:57.7927168-05:00,2026-09-26T17:26:57.7927168Z,TEX_BOB,TEX_BOB,BallCalled,Undefined,NoShift,92.37388,68.84956,155.25715,30.56943,84.24326,-53.35635,162.02837,-25.66602,269.09913,-119.44756,328.68889,-2.39817,244.64713,127.91187,"Anctil, Justin",1000608882,"Wheatley, Luke",10290520,"Carson, Tanner",841179,"Boles, Brady",841175,"Arebalo, Walk On",0,"Cotton, Jackson",828562,"Mitchell, Drayton",10156664,TRUE,,
2ba689f5-0a51-434d-b16f-7bf8e874323a,88,8e1ead60-b9cf-11f1-b355-4337f3c2f3af,120e2cf4-ef2b-403d-a23c-c885cb2124c4,2026-09-26,12:27:21.72,2026-09-26,17:27:21.72,2026-09-26T12:27:21.7286144-05:00,2026-09-26T17:27:21.7286144Z,TEX_BOB,TEX_BOB,StrikeSwinging,Undefined,NoShift,91.3551,68.14814,154.28948,30.47937,82.88623,-53.20472,162.66019,-23.84911,268.36089,-113.93183,326.82197,-1.92857,242.87189,126.84012,"Anctil, Justin",1000608882,"Wheatley, Luke",10290520,"Carson, Tanner",841179,"Boles, Brady",841175,"Arebalo, Walk On",0,"Cotton, Jackson",828562,"Mitchell, Drayton",10156664,TRUE,,
2ba689f5-0a51-434d-b16f-7bf8e874323a,89,a0479290-b9cf-11f1-b355-4337f3c2f3af,7e7f9ee3-1b74-4d7d-81e3-5a9afb9ece21,2026-09-26,12:27:52.24,2026-09-26,17:27:52.24,2026-09-26T12:27:52.2424832-05:00,2026-09-26T17:27:52.2424832Z,TEX_BOB,TEX_BOB,BallCalled,Undefined,RightInfieldShift,89.99191,70.74117,140.42349,64.58319,83.32695,-52.92583,154.05933,27.56175,267.96462,-117.84523,323.93239,-1.51821,244.66313,128.01282,"Anctil, Justin",1000608882,"Wheatley, Luke",10290520,"Carson, Tanner",841179,"Boles, Brady",841175,"Arebalo, Walk On",0,"Cotton, Jackson",828562,"Mitchell, Drayton",10156664,TRUE,,
2ba689f5-0a51-434d-b16f-7bf8e874323a,90,ae6fd710-b9cf-11f1-b355-4337f3c2f3af,3bc6aa6d-37cb-4c07-8e55-d7f617d74f4b,2026-09-26,12:28:15.97,2026-09-26,17:28:15.97,2026-09-26T12:28:15.9768064-05:00,2026-09-26T17:28:15.9768064Z,TEX_BOB,TEX_BOB,FoulBallNotFieldable,Undefined,NoShift,87.6832,66.58099,154.74782,27.68851,83.30312,-54.04879,165.88826,-21.46101,263.85319,-116.04909,320.43057,-1.75911,243.81141,127.6094,"Anctil, Justin",1000608882,"Wheatley, Luke",10290520,"Carson, Tanner",841179,"Boles, Brady",841175,"Arebalo, Walk On",0,"Cotton, Jackson",828562,"Mitchell, Drayton",10156664,TRUE,,
2ba689f5-0a51-434d-b16f-7bf8e874323a,91,dc65bd60-b9cf-11f1-b355-4337f3c2f3af,1496ab60-ee27-48ad-85b4-fcf1db952d3b,2026-09-26,12:29:33.07,2026-09-26,17:29:33.07,2026-09-26T12:29:33.0784256-05:00,2026-09-26T17:29:33.0784256Z,TEX_BOB,TEX_BOB,BallCalled,Undefined,NoShift,85.39737,66.60528,163.04517,27.06595,83.07572,-53.24973,144.12901,-13.78383,266.5549,-112.68928,318.04898,-1.30184,243.85158,131.13537,"Anctil, Justin",1000608882,"Wheatley, Luke",10290520,"Carson, Tanner",841179,"Boles, Brady",841175,"Arebalo, Walk On",0,"Cotton, Jackson",828562,"Mitchell, Drayton",10156664,TRUE,,
2ba689f5-0a51-434d-b16f-7bf8e874323a,92,f278fc20-b9cf-11f1-b355-4337f3c2f3af,40760dde-578f-450b-807f-281e3ba3da69,2026-09-26,12:30:10.03,2026-09-26,17:30:10.03,2026-09-26T12:30:10.0317184-05:00,2026-09-26T17:30:10.0317184Z,TEX_BOB,TEX_BOB,BallCalled,Undefined,NoShift,87.19031,62.55503,133.69245,16.75738,81.08865,-61.48082,136.22439,-32.99906,259.36476,-128.76939,317.77034,-0.76401,251.42161,117.81701,"Anctil, Justin",1000608882,"Wheatley, Luke",10290520,"Carson, Tanner",841179,"Boles, Brady",841175,"Arebalo, Walk On",0,"Cotton, Jackson",828562,"Mitchell, Drayton",10156664,TRUE,,
2ba689f5-0a51-434d-b16f-7bf8e874323a,93,fdc2b1c0-b9cf-11f1-b355-4337f3c2f3af,980a89eb-79d4-4056-bac4-3861fe342b51,2026-09-26,12:30:29.08,2026-09-26,17:30:29.08,2026-09-26T12:30:29.0847744-05:00,2026-09-26T17:30:29.0847744Z,TEX_BOB,TEX_BOB,FoulBallNotFieldable,Undefined,NoShift,85.83314,61.0661,136.02616,18.04733,82.88026,-62.02008,158.05206,-32.36815,260.71163,-127.1131,317.21389,-0.954,252.71927,118.76185,"Anctil, Justin",1000608882,"Wheatley, Luke",10290520,"Carson, Tanner",841179,"Boles, Brady",841175,"Arebalo, Walk On",0,"Cotton, Jackson",828562,"Mitchell, Drayton",10156664,TRUE,,
2ba689f5-0a51-434d-b16f-7bf8e874323a,94,0b349e90-b9d0-11f1-b355-4337f3c2f3af,3a02b647-ca44-41be-93ab-70071df89029,2026-09-26,12:30:51.57,2026-09-26,17:30:51.57,2026-09-26T12:30:51.5785216-05:00,2026-09-26T17:30:51.5785216Z,TEX_BOB,TEX_BOB,InPlay,Out,NoShift,85.48868,61.61357,138.03899,21.67324,84.79469,-63.56054,156.86072,-32.2663,260.73796,-127.05358,320.01287,-0.82946,252.52954,121.76906,"Anctil, Justin",1000608882,"Wheatley, Luke",10290520,"Carson, Tanner",841179,"Boles, Brady",841175,"Arebalo, Walk On",0,"Cotton, Jackson",828562,"Mitchell, Drayton",10156664,TRUE,"Wheatley, Luke",2B
2ba689f5-0a51-434d-b16f-7bf8e874323a,95,23455b00-b9d0-11f1-b355-4337f3c2f3af,584badbf-24d1-4b44-9af0-f96055f7bafb,2026-09-26,12:31:31.99,2026-09-26,17:31:31.99,2026-09-26T12:31:31.9968256-05:00,2026-09-26T17:31:31.9968256Z,TEX_BOB,TEX_BOB,HitByPitch,Undefined,NoShift,90.75236,70.2506,143.30516,52.69398,89.02398,-59.77917,146.80269,-24.24755,260.18054,-120.58558,317.31923,-2.67862,242.26531,127.1413,"Anctil, Justin",1000608882,"Wheatley, Luke",10290520,"Carson, Tanner",841179,"Boles, Brady",841175,"Arebalo, Walk On",0,"Cotton, Jackson",828562,"Mitchell, Drayton",10156664,TRUE,,
2ba689f5-0a51-434d-b16f-7bf8e874323a,96,3d79bac0-b9d0-11f1-b355-4337f3c2f3af,647c73e8-8ffe-4628-b168-687e79720520,2026-09-26,12:32:15.88,2026-09-26,17:32:15.88,2026-09-26T12:32:15.8802432-05:00,2026-09-26T17:32:15.8802432Z,TEX_BOB,TEX_BOB,BallCalled,Undefined,NoShift,93.45611,64.8505,148.65637,28.07046,85.16322,-66.86027,140.41392,-49.57626,261.15465,-118.21314,311.35774,-1.43772,242.78136,124.41008,"Anctil, Justin",1000608882,"Wheatley, Luke",10290520,"Carson, Tanner",841179,"Boles, Brady",841175,"Arebalo, Walk On",0,"Cotton, Jackson",828562,"Mitchell, Drayton",10156664,TRUE,,
2ba689f5-0a51-434d-b16f-7bf8e874323a,97,4954daf0-b9d0-11f1-b355-4337f3c2f3af,a22ce5cf-c69b-4780-8423-31daf1a54432,2026-09-26,12:32:35.86,2026-09-26,17:32:35.86,2026-09-26T12:32:35.8682112-05:00,2026-09-26T17:32:35.8682112Z,TEX_BOB,TEX_BOB,BallCalled,Undefined,NoShift,91.46198,65.53761,149.50236,27.08793,90.4105,-70.1073,140.69283,-50.03037,258.90597,-120.17754,313.06887,-0.34266,238.14357,128.10039,"Anctil, Justin",1000608882,"Wheatley, Luke",10290520,"Carson, Tanner",841179,"Boles, Brady",841175,"Arebalo, Walk On",0,"Cotton, Jackson",828562,"Mitchell, Drayton",10156664,TRUE,,
2ba689f5-0a51-434d-b16f-7bf8e874323a,98,5513e7a0-b9d0-11f1-b355-4337f3c2f3af,19d18980-6064-4e61-abde-c750f5abf029,2026-09-26,12:32:55.58,2026-09-26,17:32:55.58,2026-09-26T12:32:55.5817984-05:00,2026-09-26T17:32:55.5817984Z,TEX_BOB,TEX_BOB,InPlay,Out,NoShift,89.84236,63.57742,149.59132,26.69455,91.56704,-71.72353,141.2601,-49.82859,259.10094,-119.46727,315.28834,-1.50403,233.69183,127.20179,"Anctil, Justin",1000608882,"Wheatley, Luke",10290520,"Carson, Tanner",841179,"Boles, Brady",841175,"Arebalo, Walk On",0,"Cotton, Jackson",828562,"Mitchell, Drayton",10156664,TRUE,"Boles, Brady",SS
2ba689f5-0a51-434d-b16f-7bf8e874323a,99,be739ce0-b9d0-11f1-b355-4337f3c2f3af,75cb22dc-b3f2-4f3c-9496-428558e74acf,2026-09-26,12:35:52.34,2026-09-26,17:35:52.34,2026-09-26T12:35:52.3406848-05:00,2026-09-26T17:35:52.3406848Z,TEX_BOB,TEX_BOB,FoulBallNotFieldable,Undefined,LeftInfieldShift,95.24374,69.33006,154.60968,-26.13354,89.4675,-67.91055,142.17062,-45.49066,246.48745,-119.45933,283.67931,-2.10884,254.7041,138.22113,"Sidener, Walk On",0,"Alaniz, Rylan",10304817,"Leininger, Ryley",816158,"Foor, Daylen",1000165264,"Gillis, Jacob",10036249,"Fryman, Bennett",814538,"Byrd, Cadyn",1000608881,TRUE,,
2ba689f5-0a51-434d-b16f-7bf8e874323a,100,cbf4cbf0-b9d0-11f1-b355-4337f3c2f3af,932cc575-b9d9-4517-aac2-00727a9d97ec,2026-09-26,12:36:15.01,2026-09-26,17:36:15.01,2026-09-26T12:36:15.0131712-05:00,2026-09-26T17:36:15.0131712Z,TEX_BOB,TEX_BOB,FoulBallNotFieldable,Undefined,LeftInfieldShift,94.73748,72.42213,155.08315,-26.33892,89.01212,-67.37853,143.51653,-45.06584,244.37882,-117.2053,288.46,-2.41812,242.99918,134.09011,"Sidener, Walk On",0,"Alaniz, Rylan",10304817,"Leininger, Ryley",816158,"Foor, Daylen",1000165264,"Gillis, Jacob",10036249,"Fryman, Bennett",814538,"Byrd, Cadyn",1000608881,TRUE,,
2ba689f5-0a51-434d-b16f-7bf8e874323a,101,d82fe670-b9d0-11f1-b355-4337f3c2f3af,77a9e99b-9748-4200-9f66-5e6fbb33537d,2026-09-26,12:36:35.45,2026-09-26,17:36:35.45,2026-09-26T12:36:35.4573312-05:00,2026-09-26T17:36:35.4573312Z,TEX_BOB,TEX_BOB,InPlay,Out,LeftInfieldShift,94.63806,72.31678,156.28658,-26.32862,89.35606,-68.54912,142.57825,-45.8062,250.3693,-110.83877,289.11139,18.0392,241.08469,143.4551,"Sidener, Walk On",0,"Alaniz, Rylan",10304817,"Leininger, Ryley",816158,"Foor, Daylen",1000165264,"Gillis, Jacob",10036249,"Fryman, Bennett",814538,"Byrd, Cadyn",1000608881,TRUE,"Leininger, Ryley",3B
2ba689f5-0a51-434d-b16f-7bf8e874323a,102,ee6a5c40-b9d0-11f1-b355-4337f3c2f3af,ca3b7141-f0e1-4347-9e23-5b0cded579f3,2026-09-26,12:37:12.80,2026-09-26,17:37:12.80,2026-09-26T12:37:12.8092672-05:00,2026-09-26T17:37:12.8092672Z,TEX_BOB,TEX_BOB,InPlay,Out,LeftInfieldShift,97.23888,71.13756,155.2522,-26.3432,89.83145,-68.13382,142.2943,-49.40591,257.50499,-130.50318,299.71452,-0.39039,253.98059,130.99783,"Sidener, Walk On",0,"Alaniz, Rylan",10304817,"Leininger, Ryley",816158,"Foor, Daylen",1000165264,"Gillis, Jacob",10036249,"Fryman, Bennett",814538,"Byrd, Cadyn",1000608881,TRUE,"Alaniz, Rylan",2B
2ba689f5-0a51-434d-b16f-7bf8e874323a,103,07408b90-b9d1-11f1-b355-4337f3c2f3af,007d537a-bd21-447f-bea5-ed11f57ea7d2,2026-09-26,12:37:54.48,2026-09-26,17:37:54.48,2026-09-26T12:37:54.4858624-05:00,2026-09-26T17:37:54.4858624Z,TEX_BOB,TEX_BOB,StrikeSwinging,Undefined,LeftInfieldShift,96.4175,70.76365,156.24529,-21.69375,90.09008,-74.07817,142.25552,-47.30493,252.74264,-129.42757,291.04208,15.32714,251.89647,135.33263,"Sidener, Walk On",0,"Alaniz, Rylan",10304817,"Leininger, Ryley",816158,"Foor, Daylen",1000165264,"Gillis, Jacob",10036249,"Fryman, Bennett",814538,"Byrd, Cadyn",1000608881,TRUE,,
2ba689f5-0a51-434d-b16f-7bf8e874323a,104,155aed60-b9d1-11f1-b355-4337f3c2f3af,2683877c-5f12-4398-a5f2-2452832a39de,2026-09-26,12:38:18.15,2026-09-26,17:38:18.15,2026-09-26T12:38:18.1532672-05:00,2026-09-26T17:38:18.1532672Z,TEX_BOB,TEX_BOB,BallCalled,Undefined,LeftInfieldShift,95.78446,72.18424,155.85474,-21.89279,90.6344,-73.83535,140.47222,-50.85875,252.89823,-127.16202,290.57418,17.33933,251.58981,132.60037,"Sidener, Walk On",0,"Alaniz, Rylan",10304817,"Leininger, Ryley",816158,"Foor, Daylen",1000165264,"Gillis, Jacob",10036249,"Fryman, Bennett",814538,"Byrd, Cadyn",1000608881,TRUE,,
2ba689f5-0a51-434d-b16f-7bf8e874323a,105,236808c0-b9d1-11f1-b355-4337f3c2f3af,4ab022b0-2b63-4635-9833-679cf66a5884,2026-09-26,12:38:41.60,2026-09-26,17:38:41.60,2026-09-26T12:38:41.6056320-05:00,2026-09-26T17:38:41.6056320Z,TEX_BOB,TEX_BOB,BallCalled,Undefined,LeftInfieldShift,97.21124,74.83154,156.58548,-22.20447,90.16435,-73.30357,138.97614,-51.1517,254.48428,-128.87215,292.20151,17.37502,251.85059,135.94831,"Sidener, Walk On",0,"Alaniz, Rylan",10304817,"Leininger, Ryley",816158,"Foor, Daylen",1000165264,"Gillis, Jacob",10036249,"Fryman, Bennett",814538,"Byrd, Cadyn",1000608881,TRUE,,
2ba689f5-0a51-434d-b16f-7bf8e874323a,106,3011c390-b9d1-11f1-b355-4337f3c2f3af,07cac8b1-e6b6-4bba-9f8a-e34ed44b5e00,2026-09-26,12:39:02.79,2026-09-26,17:39:02.79,2026-09-26T12:39:02.7986944-05:00,2026-09-26T17:39:02.7986944Z,TEX_BOB,TEX_BOB,BallCalled,Undefined,LeftInfieldShift,97.65861,72.06118,155.76414,-22.39413,90.69458,-73.58918,139.36691,-52.42364,253.24097,-128.85151,312.16236,20.88698,252.64811,135.42524,"Sidener, Walk On",0,"Alaniz, Rylan",10304817,"Leininger, Ryley",816158,"Foor, Daylen",1000165264,"Gillis, Jacob",10036249,"Fryman, Bennett",814538,"Byrd, Cadyn",1000608881,TRUE,,
2ba689f5-0a51-434d-b16f-7bf8e874323a,107,3d7160e0-b9d1-11f1-b355-4337f3c2f3af,7fb392d6-841e-4332-afd1-9ad9ace7af1b,2026-09-26,12:39:25.42,2026-09-26,17:39:25.42,2026-09-26T12:39:25.4248960-05:00,2026-09-26T17:39:25.4248960Z,TEX_BOB,TEX_BOB,BallCalled,Undefined,LeftInfieldShift,97.97778,69.76047,155.97428,-22.24441,90.6615,-73.37761,137.98398,-52.9242,256.52609,-128.50327,305.07116,22.96162,251.90665,134.69161,"Sidener, Walk On",0,"Alaniz, Rylan",10304817,"Leininger, Ryley",816158,"Foor, Daylen",1000165264,"Gillis, Jacob",10036249,"Fryman, Bennett",814538,"Byrd, Cadyn",1000608881,TRUE,,
2ba689f5-0a51-434d-b16f-7bf8e874323a,108,54782760-b9d1-11f1-b355-4337f3c2f3af,68a36496-b3db-4c54-90de-ed64bffa7c91,2026-09-26,12:40:04.06,2026-09-26,17:40:04.06,2026-09-26T12:40:04.0688128-05:00,2026-09-26T17:40:04.0688128Z,TEX_BOB,TEX_BOB,BallCalled,Undefined,NoShift,63.89156,57.4854,141.96604,44.20399,89.94418,-58.89957,147.87701,-30.02801,249.05786,-139.37127,318.18575,-14.07075,259.62049,127.72445,"Sidener, Walk On",0,"Alaniz, Rylan",10304817,"Leininger, Ryley",816158,"Foor, Daylen",1000165264,"Gillis, Jacob",10036249,"Fryman, Bennett",814538,"Byrd, Cadyn",1000608881,TRUE,,
2ba689f5-0a51-434d-b16f-7bf8e874323a,109,5edf1e20-b9d1-11f1-b355-4337f3c2f3af,52485562-27ff-4448-9f88-f73eb29f7861,2026-09-26,12:40:21.44,2026-09-26,17:40:21.44,2026-09-26T12:40:21.4488064-05:00,2026-09-26T17:40:21.4488064Z,TEX_BOB,TEX_BOB,StrikeSwinging,Undefined,NoShift,63.21852,58.33216,139.76454,42.3984,90.56017,-59.51133,146.39605,-29.0267,249.7651,-138.06491,315.92304,-20.51878,256.49715,125.18184,"Sidener, Walk On",0,"Alaniz, Rylan",10304817,"Leininger, Ryley",816158,"Foor, Daylen",1000165264,"Gillis, Jacob",10036249,"Fryman, Bennett",814538,"Byrd, Cadyn",1000608881,TRUE,,
2ba689f5-0a51-434d-b16f-7bf8e874323a,110,7323de70-b9d1-11f1-b355-4337f3c2f3af,193381dd-5ea0-40a9-ba50-584d567a0e54,2026-09-26,12:40:55.50,2026-09-26,17:40:55.50,2026-09-26T12:40:55.5070464-05:00,2026-09-26T17:40:55.5070464Z,TEX_BOB,TEX_BOB,StrikeCalled,Undefined,NoShift,63.35108,58.58552,141.8904,44.46742,91.20787,-60.76298,145.93042,-28.03534,249.38019,-137.67941,314.90039,-21.73745,262.46418,127.35542,"Sidener, Walk On",0,"Alaniz, Rylan",10304817,"Leininger, Ryley",816158,"Foor, Daylen",1000165264,"Gillis, Jacob",10036249,"Fryman, Bennett",814538,"Byrd, Cadyn",1000608881,TRUE,,
2ba689f5-0a51-434d-b16f-7bf8e874323a,111,7e3a7620-b9d1-11f1-b355-4337f3c2f3af,78b0ae63-84be-4a67-a63c-17caa62cc0c4,2026-09-26,12:41:14.08,2026-09-26,17:41:14.08,2026-09-26T12:41:14.0870000-05:00,2026-09-26T17:41:14.0870000Z,TEX_BOB,TEX_BOB,StrikeSwinging,Undefined,NoShift,62.57217,59.59848,142.80272,46.47511,91.86804,-61.96381,149.25129,-27.20922,249.66309,-139.40672,314.07624,-19.72621,263.8743,130.20637,"Sidener, Walk On",0,"Alaniz, Rylan",10304817,"Leininger, Ryley",816158,"Foor, Daylen",1000165264,"Gillis, Jacob",10036249,"Fryman, Bennett",814538,"Byrd, Cadyn",1000608881,TRUE,,
2ba689f5-0a51-434d-b16f-7bf8e874323a,112,e4f941c0-b9d1-11f1-b355-4337f3c2f3af,7f9a0a35-5e92-4532-a2ba-b5ab92f05ecb,2026-09-26,12:44:06.43,2026-09-26,17:44:06.43,2026-09-26T12:44:06.4395776-05:00,2026-09-26T17:44:06.4395776Z,TEX_BOB,TEX_BOB,StrikeSwinging,Undefined,LeftInfieldShift,88.6447,65.46738,154.56462,-27.12819,91.00918,-71.29587,139.12668,-51.58267,240.89454,-141.5673,317.20975,-19.07333,260.14243,112.38294,"Anctil, Justin",1000608882,"Wheatley, Luke",10290520,"Carson, Tanner",841179,"Boles, Brady",841175,"Arebalo, Walk On",0,"Cotton, Jackson",828562,"Mitchell, Drayton",10156664,TRUE,,
2ba689f5-0a51-434d-b16f-7bf8e874323a,113,ef83ed20-b9d1-11f1-b355-4337f3c2f3af,7ff8c34d-2b60-4da4-8823-0f35a0b47b3b,2026-09-26,12:44:24.12,2026-09-26,17:44:24.12,2026-09-26T12:44:24.1238528-05:00,2026-09-26T17:44:24.1238528Z,TEX_BOB,TEX_BOB,BallCalled,Undefined,LeftInfieldShift,86.8118,65.02855,153.87377,-27.03316,91.03939,-71.52414,138.64132,-52.04298,241.73966,-145.69027,318.3723,-11.3765,261.44218,114.22184,"Anctil, Justin",1000608882,"Wheatley, Luke",10290520,"Carson, Tanner",841179,"Boles, Brady",841175,"Arebalo, Walk On",0,"Cotton, Jackson",828562,"Mitchell, Drayton",10156664,TRUE,,
2ba689f5-0a51-434d-b16f-7bf8e874323a,114,fb85cf30-b9d1-11f1-b355-4337f3c2f3af,ce00b612-c9a2-4ed0-bd73-2710ab7c4f89,2026-09-26,12:44:44.26,2026-09-26,17:44:44.26,2026-09-26T12:44:44.2692096-05:00,2026-09-26T17:44:44.2692096Z,TEX_BOB,TEX_BOB,StrikeCalled,Undefined,LeftInfieldShift,87.29544,64.88296,155.27175,-26.70282,93.52717,-72.85537,139.19956,-51.82227,243.81602,-146.07757,317.19748,-10.15528,261.28055,114.12556,"Anctil, Justin",1000608882,"Wheatley, Luke",10290520,"Carson, Tanner",841179,"Boles, Brady",841175,"Arebalo, Walk On",0,"Cotton, Jackson",828562,"Mitchell, Drayton",10156664,TRUE,,
2ba689f5-0a51-434d-b16f-7bf8e874323a,115,0805bae0-b9d2-11f1-b355-4337f3c2f3af,f9af623e-3c11-46d8-beae-d552c6982e6e,2026-09-26,12:45:05.26,2026-09-26,17:45:05.26,2026-09-26T12:45:05.2692992-05:00,2026-09-26T17:45:05.2692992Z,TEX_BOB,TEX_BOB,BallCalled,Undefined,LeftInfieldShift,89.80915,64.99451,154.92741,-26.52827,91.53134,-71.983,139.24313,-51.94886,242.82006,-143.97693,318.02089,-5.55633,261.11288,115.02035,"Anctil, Justin",1000608882,"Wheatley, Luke",10290520,"Carson, Tanner",841179,"Boles, Brady",841175,"Arebalo, Walk On",0,"Cotton, Jackson",828562,"Mitchell, Drayton",10156664,TRUE,,
2ba689f5-0a51-434d-b16f-7bf8e874323a,116,16e08680-b9d2-11f1-b355-4337f3c2f3af,6e642e99-21ea-4c76-ad6f-12981a3b50c9,2026-09-26,12:45:30.15,2026-09-26,17:45:30.15,2026-09-26T12:45:30.1529088-05:00,2026-09-26T17:45:30.1529088Z,TEX_BOB,TEX_BOB,FoulBallNotFieldable,Undefined,LeftInfieldShift,93.50506,58.36799,155.00963,-25.80275,91.93783,-71.95521,139.25727,-51.93038,241.91183,-143.9032,318.23175,-4.02077,261.17862,115.09779,"Anctil, Justin",1000608882,"Wheatley, Luke",10290520,"Carson, Tanner",841179,"Boles, Brady",841175,"Arebalo, Walk On",0,"Cotton, Jackson",828562,"Mitchell, Drayton",10156664,TRUE,,
2ba689f5-0a51-434d-b16f-7bf8e874323a,117,259d42d0-b9d2-11f1-b355-4337f3c2f3af,ec81bca9-bedf-4bad-9c5d-5dd2065dda22,2026-09-26,12:45:54.90,2026-09-26,17:45:54.90,2026-09-26T12:45:54.9060000-05:00,2026-09-26T17:45:54.9060000Z,TEX_BOB,TEX_BOB,StrikeCalled,Undefined,LeftInfieldShift,92.20009,61.66433,153.88557,-26.73092,90.72617,-72.25527,140.09834,-50.1782,242.54343,-144.04076,319.81721,-3.16727,261.1126,115.70249,"Anctil, Justin",1000608882,"Wheatley, Luke",10290520,"Carson, Tanner",841179,"Boles, Brady",841175,"Arebalo, Walk On",0,"Cotton, Jackson",828562,"Mitchell, Drayton",10156664,TRUE,,
2ba689f5-0a51-434d-b16f-7bf8e874323a,118,396977c0-b9d2-11f1-b355-4337f3c2f3af,bb96968c-d29c-4f91-b6e3-fa6e9f71ef10,2026-09-26,12:46:28.13,2026-09-26,17:46:28.13,2026-09-26T12:46:28.1374720-05:00,2026-09-26T17:46:28.1374720Z,TEX_BOB,TEX_BOB,BallCalled,Undefined,LeftInfieldShift,93.03276,60.03875,155.55975,-24.64566,90.14732,-70.82941,138.93428,-50.49474,239.83702,-140.33334,315.19203,-1.47043,244.24238,127.29272,"Anctil, Justin",1000608882,"Wheatley, Luke",10290520,"Carson, Tanner",841179,"Boles, Brady",841175,"Arebalo, Walk On",0,"Cotton, Jackson",828562,"Mitchell, Drayton",10156664,TRUE,,
2ba689f5-0a51-434d-b16f-7bf8e874323a,119,4426a4d0-b9d2-11f1-b355-4337f3c2f3af,133ee6e1-1bbf-4e6e-8c11-ef6ef01bbba7,2026-09-26,12:46:46.12,2026-09-26,17:46:46.12,2026-09-26T12:46:46.1282304-05:00,2026-09-26T17:46:46.1282304Z,TEX_BOB,TEX_BOB,BallCalled,Undefined,LeftInfieldShift,91.85224,59.20208,155.74804,-24.70272,92.15106,-72.86617,140.44057,-51.31047,242.84526,-142.84273,313.29128,-1.38853,241.3799,126.34045,"Anctil, Justin",1000608882,"Wheatley, Luke",10290520,"Carson, Tanner",841179,"Boles, Brady",841175,"Arebalo, Walk On",0,"Cotton, Jackson",828562,"Mitchell, Drayton",10156664,TRUE,,
2ba689f5-0a51-434d-b16f-7bf8e874323a,120,5391c990-b9d2-11f1-b355-4337f3c2f3af,043e77a1-893a-4f32-8db6-ed42f2103a40,2026-09-26,12:47:12.04,2026-09-26,17:47:12.04,2026-09-26T12:47:12.0466432-05:00,2026-09-26T17:47:12.0466432Z,TEX_BOB,TEX_BOB,FoulBallNotFieldable,Undefined,LeftInfieldShift,92.65783,59.3859,155.2984,-23.05126,89.50944,-70.67589,139.23856,-51.37542,243.9591,-140.97514,308.53902,-1.24219,240.61843,126.01501,"Anctil, Justin",1000608882,"Wheatley, Luke",10290520,"Carson, Tanner",841179,"Boles, Brady",841175,"Arebalo, Walk On",0,"Cotton, Jackson",828562,"Mitchell, Drayton",10156664,TRUE,,
2ba689f5-0a51-434d-b16f-7bf8e874323a,121,6055ea30-b9d2-11f1-b355-4337f3c2f3af,e5583e10-2627-441d-9415-b3bb8ff413d3,2026-09-26,12:47:33.42,2026-09-26,17:47:33.42,2026-09-26T12:47:33.4241792-05:00,2026-09-26T17:47:33.4241792Z,TEX_BOB,TEX_BOB,StrikeCalled,Undefined,LeftInfieldShift,90.82976,57.99645,155.34409,-23.42914,91.7617,-72.48554,140.0124,-51.43482,248.22445,-143.00376,306.7416,-1.40908,239.49606,125.76255,"Anctil, Justin",1000608882,"Wheatley, Luke",10290520,"Carson, Tanner",841179,"Boles, Brady",841175,"Arebalo, Walk On",0,"Cotton, Jackson",828562,"Mitchell, Drayton",10156664,TRUE,,
2ba689f5-0a51-434d-b16f-7bf8e874323a,122,6cc7a510-b9d2-11f1-b355-4337f3c2f3af,fd95d91d-c0a5-4504-89f9-f2bf555068bb,2026-09-26,12:47:54.29,2026-09-26,17:47:54.29,2026-09-26T12:47:54.2996992-05:00,2026-09-26T17:47:54.2996992Z,TEX_BOB,TEX_BOB,BallCalled,Undefined,LeftInfieldShift,89.05041,57.8911,155.50808,-24.16934,90.79066,-71.52139,140.3579,-51.33152,246.75543,-140.12437,306.65759,-2.30333,239.97975,125.76625,"Anctil, Justin",1000608882,"Wheatley, Luke",10290520,"Carson, Tanner",841179,"Boles, Brady",841175,"Arebalo, Walk On",0,"Cotton, Jackson",828562,"Mitchell, Drayton",10156664,TRUE,,
2ba689f5-0a51-434d-b16f-7bf8e874323a,123,79e9c430-b9d2-11f1-b355-4337f3c2f3af,0bce43cb-9feb-4791-8200-1cb98e5d59d6,2026-09-26,12:48:16.36,2026-09-26,17:48:16.36,2026-09-26T12:48:16.3654656-05:00,2026-09-26T17:48:16.3654656Z,TEX_BOB,TEX_BOB,FoulBallNotFieldable,Undefined,LeftInfieldShift,90.72095,60.9559,154.64273,-24.32786,91.03709,-70.69954,139.54447,-51.27199,248.10892,-141.00872,313.07624,-1.52387,235.16597,124.34566,"Anctil, Justin",1000608882,"Wheatley, Luke",10290520,"Carson, Tanner",841179,"Boles, Brady",841175,"Arebalo, Walk On",0,"Cotton, Jackson",828562,"Mitchell, Drayton",10156664,TRUE,,
2ba689f5-0a51-434d-b16f-7bf8e874323a,124,87cb89d0-b9d2-11f1-b355-4337f3c2f3af,4f016255-be3d-4ce5-92c7-9e94da7b7357,2026-09-26,12:48:39.60,2026-09-26,17:48:39.60,2026-09-26T12:48:39.6090368-05:00,2026-09-26T17:48:39.6090368Z,TEX_BOB,TEX_BOB,InPlay,Single,LeftInfieldShift,90.78694,60.07795,155.45613,-23.53038,91.3168,-70.94861,140.26813,-50.9658,253.44973,-142.46191,316.1048,-2.14439,234.48489,123.01798,"Anctil, Justin",1000608882,"Wheatley, Luke",10290520,"Carson, Tanner",841179,"Boles, Brady",841175,"Arebalo, Walk On",0,"Cotton, Jackson",828562,"Mitchell, Drayton",10156664,TRUE,"Arebalo, Walk On",LF
2ba689f5-0a51-434d-b16f-7bf8e874323a,125,9fd51a50-b9d2-11f1-b355-4337f3c2f3af,4ce8a420-3113-4245-a40c-c9bdbe16bba5,2026-09-26,12:49:19.96,2026-09-26,17:49:19.96,2026-09-26T12:49:19.9666176-05:00,2026-09-26T17:49:19.9666176Z,TEX_BOB,TEX_BOB,BallCalled,Undefined,NoShift,66.47298,56.92929,137.43447,43.73327,95.6694,-49.40146,146.72734,-13.64211,258.9525,-128.22651,317.59923,-2.21341,252.29525,134.3154,"Anctil, Justin",1000608882,"Wheatley, Luke",10290520,"Carson, Tanner",841179,"Boles, Brady",841175,"Arebalo, Walk On",0,"Cotton, Jackson",828562,"Mitchell, Drayton",10156664,TRUE,,
2ba689f5-0a51-434d-b16f-7bf8e874323a,126,ae7f8720-b9d2-11f1-b355-4337f3c2f3af,ea2bde04-0f0b-4a8a-9e6a-9e3c396cb33c,2026-09-26,12:49:44.58,2026-09-26,17:49:44.58,2026-09-26T12:49:44.5897728-05:00,2026-09-26T17:49:44.5897728Z,TEX_BOB,TEX_BOB,FoulBallNotFieldable,Undefined,NoShift,64.85576,57.48508,137.59804,43.7508,95.7332,-49.78356,145.86805,-12.87714,260.75092,-129.76583,316.5438,-2.59537,252.06309,131.05666,"Anctil, Justin",1000608882,"Wheatley, Luke",10290520,"Carson, Tanner",841179,"Boles, Brady",841175,"Arebalo, Walk On",0,"Cotton, Jackson",828562,"Mitchell, Drayton",10156664,TRUE,,
2ba689f5-0a51-434d-b16f-7bf8e874323a,127,c1ea3b20-b9d2-11f1-b355-4337f3c2f3af,70721c0a-009d-4b64-960a-2ff8149df8fa,2026-09-26,12:50:17.18,2026-09-26,17:50:17.18,2026-09-26T12:50:17.1804160-05:00,2026-09-26T17:50:17.1804160Z,TEX_BOB,TEX_BOB,FoulBallNotFieldable,Undefined,NoShift,65.21514,57.41405,137.7551,45.86744,96.8996,-50.28926,145.74614,-13.4376,262.53122,-128.4611,314.96794,-1.31231,252.40298,136.54487,"Anctil, Justin",1000608882,"Wheatley, Luke",10290520,"Carson, Tanner",841179,"Boles, Brady",841175,"Arebalo, Walk On",0,"Cotton, Jackson",828562,"Mitchell, Drayton",10156664,TRUE,,
2ba689f5-0a51-434d-b16f-7bf8e874323a,128,d1e78dc0-b9d2-11f1-b355-4337f3c2f3af,8ab67809-57a8-4238-a1d2-a08779f539af,2026-09-26,12:50:43.98,2026-09-26,17:50:43.98,2026-09-26T12:50:43.9801344-05:00,2026-09-26T17:50:43.9801344Z,TEX_BOB,TEX_BOB,BallCalled,Undefined,NoShift,66.21979,56.11056,137.04469,46.09309,97.67426,-51.5525,145.14515,-13.50315,259.41152,-130.47104,314.33222,-3.37406,251.17673,136.22535,"Anctil, Justin",1000608882,"Wheatley, Luke",10290520,"Carson, Tanner",841179,"Boles, Brady",841175,"Arebalo, Walk On",0,"Cotton, Jackson",828562,"Mitchell, Drayton",10156664,TRUE,,
2ba689f5-0a51-434d-b16f-7bf8e874323a,129,de0dc0b0-b9d2-11f1-b355-4337f3c2f3af,42f2e485-d62d-43cf-8005-872cc8144f1c,2026-09-26,12:51:04.34,2026-09-26,17:51:04.34,2026-09-26T12:51:04.3426304-05:00,2026-09-26T17:51:04.3426304Z,TEX_BOB,TEX_BOB,InPlay,Out,NoShift,64.0158,57.48512,137.14188,45.17448,98.63326,-51.32494,147.224,-13.59444,263.63852,-131.90631,323.37274,-3.15694,251.76638,137.54934,"Anctil, Justin",1000608882,"Wheatley, Luke",10290520,"Carson, Tanner",841179,"Boles, Brady",841175,"Arebalo, Walk On",0,"Cotton, Jackson",828562,"Mitchell, Drayton",10156664,TRUE,"Wheatley, Luke",2B
2ba689f5-0a51-434d-b16f-7bf8e874323a,130,49daa560-b9d3-11f1-b355-4337f3c2f3af,7df27451-b140-41d9-8327-92bbb5068fcd,2026-09-26,12:54:05.18,2026-09-26,17:54:05.18,2026-09-26T12:54:05.1899904-05:00,2026-09-26T17:54:05.1899904Z,TEX_BOB,TEX_BOB,BallCalled,Undefined,NoShift,95.56422,77.79205,146.56519,41.7954,88.41002,-66.19529,142.54297,-45.74597,249.67565,-123.83141,306.87867,-1.30915,251.69656,139.1099,"Sidener, Walk On",0,"Alaniz, Rylan",10304817,"Leininger, Ryley",816158,"Foor, Daylen",1000165264,"Gillis, Jacob",10036249,"Fryman, Bennett",814538,"Byrd, Cadyn",1000608881,TRUE,,
2ba689f5-0a51-434d-b16f-7bf8e874323a,131,533fe390-b9d3-11f1-b355-4337f3c2f3af,0509700d-cfa9-474c-96b7-a3baa590c387,2026-09-26,12:54:20.99,2026-09-26,17:54:20.99,2026-09-26T12:54:20.9966592-05:00,2026-09-26T17:54:20.9966592Z,TEX_BOB,TEX_BOB,StrikeSwinging,Undefined,NoShift,94.05549,75.22981,146.33539,40.23735,89.47182,-66.59507,143.81768,-45.04628,250.68681,-124.73034,307.03626,1.08294,254.04449,136.71391,"Sidener, Walk On",0,"Alaniz, Rylan",10304817,"Leininger, Ryley",816158,"Foor, Daylen",1000165264,"Gillis, Jacob",10036249,"Fryman, Bennett",814538,"Byrd, Cadyn",1000608881,TRUE,,
2ba689f5-0a51-434d-b16f-7bf8e874323a,132,5d171d70-b9d3-11f1-b355-4337f3c2f3af,f451e6ec-6944-4a39-a1b7-5f4a54ac5947,2026-09-26,12:54:37.49,2026-09-26,17:54:37.49,2026-09-26T12:54:37.4903808-05:00,2026-09-26T17:54:37.4903808Z,TEX_BOB,TEX_BOB,BallCalled,Undefined,LeftInfieldShift,95.80509,75.94413,157.18277,-10.90833,89.25562,-67.56823,142.30605,-48.89852,253.94463,-127.65806,303.50587,8.66625,253.44648,135.79755,"Sidener, Walk On",0,"Alaniz, Rylan",10304817,"Leininger, Ryley",816158,"Foor, Daylen",1000165264,"Gillis, Jacob",10036249,"Fryman, Bennett",814538,"Byrd, Cadyn",1000608881,TRUE,,
2ba689f5-0a51-434d-b16f-7bf8e874323a,133,668a6560-b9d3-11f1-b355-4337f3c2f3af,7d212907-4e02-4427-ba2c-28e01deb4a1a,2026-09-26,12:54:53.31,2026-09-26,17:54:53.31,2026-09-26T12:54:53.3146624-05:00,2026-09-26T17:54:53.3146624Z,TEX_BOB,TEX_BOB,BallCalled,Undefined,LeftInfieldShift,95.70475,72.33261,156.26502,-10.97989,88.8518,-67.45085,142.70053,-49.73057,254.78534,-126.24965,300.10769,9.22274,252.87581,133.37217,"Sidener, Walk On",0,"Alaniz, Rylan",10304817,"Leininger, Ryley",816158,"Foor, Daylen",1000165264,"Gillis, Jacob",10036249,"Fryman, Bennett",814538,"Byrd, Cadyn",1000608881,TRUE,,
2ba689f5-0a51-434d-b16f-7bf8e874323a,134,712d7ac0-b9d3-11f1-b355-4337f3c2f3af,e912d01b-54ff-41f7-ab5d-9be0542760b9,2026-09-26,12:55:11.23,2026-09-26,17:55:11.23,2026-09-26T12:55:11.2302592-05:00,2026-09-26T17:55:11.2302592Z,TEX_BOB,TEX_BOB,InPlay,Out,LeftInfieldShift,97.3949,73.06045,156.12627,-11.313,89.37705,-68.76129,142.33645,-51.48375,254.89348,-125.83781,299.05998,10.64177,252.30412,138.9349,"Sidener, Walk On",0,"Alaniz, Rylan",10304817,"Leininger, Ryley",816158,"Foor, Daylen",1000165264,"Gillis, Jacob",10036249,"Fryman, Bennett",814538,"Byrd, Cadyn",1000608881,TRUE,"Leininger, Ryley",3B
2ba689f5-0a51-434d-b16f-7bf8e874323a,135,898a5b60-b9d3-11f1-b355-4337f3c2f3af,ca90a94c-b2fd-4552-9bf5-74f3243e4add,2026-09-26,12:55:51.99,2026-09-26,17:55:51.99,2026-09-26T12:55:51.9917056-05:00,2026-09-26T17:55:51.9917056Z,TEX_BOB,TEX_BOB,BallCalled,Undefined,LeftInfieldShift,98.03447,73.36986,156.26086,-17.50588,89.30803,-68.49601,140.56724,-51.39914,254.41234,-127.18821,307.03637,-0.17256,255.42678,134.49426,"Sidener, Walk On",0,"Alaniz, Rylan",10304817,"Leininger, Ryley",816158,"Foor, Daylen",1000165264,"Gillis, Jacob",10036249,"Fryman, Bennett",814538,"Byrd, Cadyn",1000608881,TRUE,,
2ba689f5-0a51-434d-b16f-7bf8e874323a,136,960209b0-b9d3-11f1-b355-4337f3c2f3af,bac7cd31-1ad2-4da0-875f-153c05e65172,2026-09-26,12:56:12.92,2026-09-26,17:56:12.92,2026-09-26T12:56:12.9229824-05:00,2026-09-26T17:56:12.9229824Z,TEX_BOB,TEX_BOB,StrikeCalled,Undefined,LeftInfieldShift,95.81894,74.09015,155.74159,-16.83906,88.91574,-68.25655,139.3219,-51.70083,256.231,-126.71177,307.72153,-0.63131,253.36791,135.26885,"Sidener, Walk On",0,"Alaniz, Rylan",10304817,"Leininger, Ryley",816158,"Foor, Daylen",1000165264,"Gillis, Jacob",10036249,"Fryman, Bennett",814538,"Byrd, Cadyn",1000608881,TRUE,,
2ba689f5-0a51-434d-b16f-7bf8e874323a,137,a37ca910-b9d3-11f1-b355-4337f3c2f3af,4e6e5c9f-7afc-447a-af83-5522bdfb9eb9,2026-09-26,12:56:35.62,2026-09-26,17:56:35.62,2026-09-26T12:56:35.6223488-05:00,2026-09-26T17:56:35.6223488Z,TEX_BOB,TEX_BOB,BallCalled,Undefined,LeftInfieldShift,97.28405,74.07311,156.49107,-17.21898,88.81188,-67.06938,140.65096,-51.02208,257.12241,-128.19785,309.17588,0.71153,250.64233,134.64672,"Sidener, Walk On",0,"Alaniz, Rylan",10304817,"Leininger, Ryley",816158,"Foor, Daylen",1000165264,"Gillis, Jacob",10036249,"Fryman, Bennett",814538,"Byrd, Cadyn",1000608881,TRUE,,
2ba689f5-0a51-434d-b16f-7bf8e874323a,138,b8adec40-b9d3-11f1-b355-4337f3c2f3af,f1f2f4e7-9bf6-491e-bf11-8c3d974546dc,2026-09-26,12:57:11.14,2026-09-26,17:57:11.14,2026-09-26T12:57:11.1460864-05:00,2026-09-26T17:57:11.1460864Z,TEX_BOB,TEX_BOB,BallCalled,Undefined,LeftInfieldShift,97.29761,71.81419,155.38482,-17.53013,87.79545,-66.03851,141.39715,-49.73687,255.62824,-127.66773,311.60901,1.44218,253.31842,137.17115,"Sidener, Walk On",0,"Alaniz, Rylan",10304817,"Leininger, Ryley",816158,"Foor, Daylen",1000165264,"Gillis, Jacob",10036249,"Fryman, Bennett",814538,"Byrd, Cadyn",1000608881,TRUE,,
2ba689f5-0a51-434d-b16f-7bf8e874323a,139,c626b6e0-b9d3-11f1-b355-4337f3c2f3af,c8933a7b-054e-4978-ae06-5b26ae0dbc90,2026-09-26,12:57:33.76,2026-09-26,17:57:33.76,2026-09-26T12:57:33.7604096-05:00,2026-09-26T17:57:33.7604096Z,TEX_BOB,TEX_BOB,StrikeCalled,Undefined,LeftInfieldShift,95.8258,72.12985,155.97008,-17.43256,87.63091,-66.04711,140.17812,-51.43767,254.8466,-128.19693,314.13664,0.19209,253.01161,137.41427,"Sidener, Walk On",0,"Alaniz, Rylan",10304817,"Leininger, Ryley",816158,"Foor, Daylen",1000165264,"Gillis, Jacob",10036249,"Fryman, Bennett",814538,"Byrd, Cadyn",1000608881,TRUE,,
2ba689f5-0a51-434d-b16f-7bf8e874323a,140,d5462ca0-b9d3-11f1-b355-4337f3c2f3af,ee3da98d-9716-480a-95a7-980ff68e53ed,2026-09-26,12:57:59.09,2026-09-26,17:57:59.09,2026-09-26T12:57:59.0929408-05:00,2026-09-26T17:57:59.0929408Z,TEX_BOB,TEX_BOB,FoulBallNotFieldable,Undefined,LeftInfieldShift,98.11813,74.72566,157.08773,-17.54454,88.09755,-66.76372,140.2687,-53.31915,256.86168,-129.88652,310.86027,-0.47478,252.08204,134.99124,"Sidener, Walk On",0,"Alaniz, Rylan",10304817,"Leininger, Ryley",816158,"Foor, Daylen",1000165264,"Gillis, Jacob",10036249,"Fryman, Bennett",814538,"Byrd, Cadyn",1000608881,TRUE,,
2ba689f5-0a51-434d-b16f-7bf8e874323a,141,e7a1e1a0-b9d3-11f1-b355-4337f3c2f3af,2624e8ad-6e2c-4442-9961-32aee105dd96,2026-09-26,12:58:29.96,2026-09-26,17:58:29.96,2026-09-26T12:58:29.9656704-05:00,2026-09-26T17:58:29.9656704Z,TEX_BOB,TEX_BOB,BallCalled,Undefined,LeftInfieldShift,96.83302,72.80348,154.99372,-17.58747,89.93248,-67.80269,142.07777,-51.17819,257.54261,-131.09894,312.32011,2.17506,252.54229,133.49931,"Sidener, Walk On",0,"Alaniz, Rylan",10304817,"Leininger, Ryley",816158,"Foor, Daylen",1000165264,"Gillis, Jacob",10036249,"Fryman, Bennett",814538,"Byrd, Cadyn",1000608881,TRUE,,
2ba689f5-0a51-434d-b16f-7bf8e874323a,142,fe6313a0-b9d3-11f1-b355-4337f3c2f3af,f09edd14-e5f1-4c56-86dc-d86721cff824,2026-09-26,12:59:08.06,2026-09-26,17:59:08.06,2026-09-26T12:59:08.0623104-05:00,2026-09-26T17:59:08.0623104Z,TEX_BOB,TEX_BOB,StrikeSwinging,Undefined,NoShift,63.59503,57.45419,140.53312,26.56832,85.26862,-51.50616,142.00183,-32.45588,254.99034,-138.59988,319.33996,-13.71857,259.98112,127.76268,"Sidener, Walk On",0,"Alaniz, Rylan",10304817,"Leininger, Ryley",816158,"Foor, Daylen",1000165264,"Gillis, Jacob",10036249,"Fryman, Bennett",814538,"Byrd, Cadyn",1000608881,TRUE,,
2ba689f5-0a51-434d-b16f-7bf8e874323a,143,0c443d00-b9d4-11f1-b355-4337f3c2f3af,403a1274-2b2f-468c-9865-f9385b8e857e,2026-09-26,12:59:31.41,2026-09-26,17:59:31.41,2026-09-26T12:59:31.4126848-05:00,2026-09-26T17:59:31.4126848Z,TEX_BOB,TEX_BOB,StrikeCalled,Undefined,NoShift,65.82664,56.71347,141.00159,25.63477,86.65981,-53.50072,139.84468,-31.52854,255.76453,-138.3952,319.89342,-13.81012,258.81139,123.88846,"Sidener, Walk On",0,"Alaniz, Rylan",10304817,"Leininger, Ryley",816158,"Foor, Daylen",1000165264,"Gillis, Jacob",10036249,"Fryman, Bennett",814538,"Byrd, Cadyn",1000608881,TRUE,,
2ba689f5-0a51-434d-b16f-7bf8e874323a,144,19f6b540-b9d4-11f1-b355-4337f3c2f3af,3b17adf3-dd5a-473e-8bcf-df83761cc7fc,2026-09-26,12:59:54.39,2026-09-26,17:59:54.39,2026-09-26T12:59:54.3953408-05:00,2026-09-26T17:59:54.3953408Z,TEX_BOB,TEX_BOB,BallCalled,Undefined,NoShift,62.28236,59.11258,140.89117,29.33383,89.21972,-56.40951,143.38326,-32.53823,255.52587,-138.03733,324.8289,-13.41516,256.74494,125.89196,"Sidener, Walk On",0,"Alaniz, Rylan",10304817,"Leininger, Ryley",816158,"Foor, Daylen",1000165264,"Gillis, Jacob",10036249,"Fryman, Bennett",814538,"Byrd, Cadyn",1000608881,TRUE,,
2ba689f5-0a51-434d-b16f-7bf8e874323a,145,26c1b3b0-b9d4-11f1-b355-4337f3c2f3af,b0e9f743-8b9f-4cba-8f3d-d87c2e2e97a8,2026-09-26,13:00:15.72,2026-09-26,18:00:15.72,2026-09-26T13:00:15.7297664-05:00,2026-09-26T18:00:15.7297664Z,TEX_BOB,TEX_BOB,StrikeCalled,Undefined,NoShift,62.88506,59.24088,139.27794,26.29885,87.41926,-55.26105,139.92237,-33.65875,255.24959,-138.00022,320.79027,-12.88977,259.56529,124.50134,"Sidener, Walk On",0,"Alaniz, Rylan",10304817,"Leininger, Ryley",816158,"Foor, Daylen",1000165264,"Gillis, Jacob",10036249,"Fryman, Bennett",814538,"Byrd, Cadyn",1000608881,TRUE,,
2ba689f5-0a51-434d-b16f-7bf8e874323a,146,3b45c6f0-b9d4-11f1-b355-4337f3c2f3af,2234c265-d6b0-4c41-90f0-42d0ae530658,2026-09-26,13:00:50.30,2026-09-26,18:00:50.30,2026-09-26T13:00:50.3058944-05:00,2026-09-26T18:00:50.3058944Z,TEX_BOB,TEX_BOB,StrikeSwinging,Undefined,NoShift,62.40399,58.34308,139.40907,24.55148,88.12918,-71.5443,142.09667,-51.57356,265.11412,-136.03379,326.34861,17.2947,257.80229,155.21424,"Sidener, Walk On",0,"Alaniz, Rylan",10304817,"Leininger, Ryley",816158,"Foor, Daylen",1000165264,"Gillis, Jacob",10036249,"Fryman, Bennett",814538,"Byrd, Cadyn",1000608881,TRUE,,
2ba689f5-0a51-434d-b16f-7bf8e874323a,147,47f1a4a0-b9d4-11f1-b355-4337f3c2f3af,2786a820-4304-41bb-94c3-8cb02838db63,2026-09-26,13:01:11.49,2026-09-26,18:01:11.49,2026-09-26T13:01:11.4937344-05:00,2026-09-26T18:01:11.4937344Z,TEX_BOB,TEX_BOB,BallCalled,Undefined,NoShift,63.33984,58.95818,139.55521,24.71954,88.29323,-71.97017,139.14771,-53.58795,266.16546,-136.64743,326.31445,18.32043,251.93062,152.21175,"Sidener, Walk On",0,"Alaniz, Rylan",10304817,"Leininger, Ryley",816158,"Foor, Daylen",1000165264,"Gillis, Jacob",10036249,"Fryman, Bennett",814538,"Byrd, Cadyn",1000608881,TRUE,,
2ba689f5-0a51-434d-b16f-7bf8e874323a,148,619e0fb0-b9d4-11f1-b355-4337f3c2f3af,a5af1bb3-b9bb-46fd-8217-18a1d79ad960,2026-09-26,13:01:54.54,2026-09-26,18:01:54.54,2026-09-26T13:01:54.5421312-05:00,2026-09-26T18:01:54.5421312Z,TEX_BOB,TEX_BOB,StrikeCalled,Undefined,NoShift,62.61441,57.98417,141.00687,24.10289,88.87543,-72.27234,137.97945,-54.27492,267.03399,-136.08673,327.94225,19.50529,255.32607,148.17552,"Sidener, Walk On",0,"Alaniz, Rylan",10304817,"Leininger, Ryley",816158,"Foor, Daylen",1000165264,"Gillis, Jacob",10036249,"Fryman, Bennett",814538,"Byrd, Cadyn",1000608881,TRUE,,
2ba689f5-0a51-434d-b16f-7bf8e874323a,149,7a59d930-b9d4-11f1-b355-4337f3c2f3af,a868f7ec-7074-4f82-8af3-8e87b0a498aa,2026-09-26,13:02:36.11,2026-09-26,18:02:36.11,2026-09-26T13:02:36.1172480-05:00,2026-09-26T18:02:36.1172480Z,TEX_BOB,TEX_BOB,InPlay,Out,NoShift,62.22936,58.01303,140.16414,23.44658,88.86326,-72.42867,140.93002,-51.54873,266.45106,-135.89786,325.73128,21.90112,249.46046,139.78847,"Sidener, Walk On",0,"Alaniz, Rylan",10304817,"Leininger, Ryley",816158,"Foor, Daylen",1000165264,"Gillis, Jacob",10036249,"Fryman, Bennett",814538,"Byrd, Cadyn",1000608881,TRUE,"Carroll, Collier",P
2ba689f5-0a51-434d-b16f-7bf8e874323a,150,0c94d890-b9d5-11f1-b355-4337f3c2f3af,5f114493-c962-4f70-bfe2-171366bc4713,2026-09-26,13:06:41.40,2026-09-26,18:06:41.40,2026-09-26T13:06:41.4080000-05:00,2026-09-26T18:06:41.4080000Z,TEX_BOB,TEX_BOB,BallCalled,Undefined,NoShift,95.42952,66.97265,146.89745,55.77841,107.71444,-53.08334,151.23891,-25.02268,272.7789,-122.74823,316.72649,-2.89421,253.8303,125.42846,"Anctil, Justin",1000608882,"Wheatley, Luke",10290520,"Carson, Tanner",841179,"Boles, Brady",841175,"Arebalo, Walk On",0,"Cotton, Jackson",828562,"Mitchell, Drayton",10156664,TRUE,,
2ba689f5-0a51-434d-b16f-7bf8e874323a,151,190f4600-b9d5-11f1-b355-4337f3c2f3af,ce93f950-3da5-4481-9aa8-cea0f531bd5d,2026-09-26,13:07:02.37,2026-09-26,18:07:02.37,2026-09-26T13:07:02.3780000-05:00,2026-09-26T18:07:02.3780000Z,TEX_BOB,TEX_BOB,StrikeSwinging,Undefined,RightInfieldShift,92.75775,73.18884,146.18973,55.42792,109.84171,-53.7239,155.40405,16.64779,274.36804,-126.02036,318.70343,-3.35351,253.56828,124.70269,"Anctil, Justin",1000608882,"Wheatley, Luke",10290520,"Carson, Tanner",841179,"Boles, Brady",841175,"Arebalo, Walk On",0,"Cotton, Jackson",828562,"Mitchell, Drayton",10156664,TRUE,,
2ba689f5-0a51-434d-b16f-7bf8e874323a,152,2684dc50-b9d5-11f1-b355-4337f3c2f3af,a0775344-dd13-4636-99e5-b1af5490d3df,2026-09-26,13:07:24.93,2026-09-26,18:07:24.93,2026-09-26T13:07:24.9350000-05:00,2026-09-26T18:07:24.9350000Z,TEX_BOB,TEX_BOB,InPlay,Out,RightInfieldShift,92.48878,72.81861,144.15897,55.34892,109.2764,-53.71744,155.91036,16.26166,270.66991,-125.11611,317.16946,-3.28647,253.72838,126.14868,"Anctil, Justin",1000608882,"Wheatley, Luke",10290520,"Carson, Tanner",841179,"Boles, Brady",841175,"Arebalo, Walk On",0,"Cotton, Jackson",828562,"Mitchell, Drayton",10156664,TRUE,"Arebalo, Walk On",LF
2ba689f5-0a51-434d-b16f-7bf8e874323a,153,401de670-b9d5-11f1-b355-4337f3c2f3af,49dc59c5-5956-47f0-9870-dc0f7c727a71,2026-09-26,13:08:07.87,2026-09-26,18:08:07.87,2026-09-26T13:08:07.8700000-05:00,2026-09-26T18:08:07.8700000Z,TEX_BOB,TEX_BOB,StrikeCalled,Undefined,RightInfieldShift,91.18002,72.87687,142.9449,54.98149,111.72013,-53.80364,156.83391,23.38436,263.58057,-120.05749,322.41725,-2.99202,249.67092,132.50017,"Anctil, Justin",1000608882,"Wheatley, Luke",10290520,"Carson, Tanner",841179,"Boles, Brady",841175,"Arebalo, Walk On",0,"Cotton, Jackson",828562,"Mitchell, Drayton",10156664,TRUE,,
2ba689f5-0a51-434d-b16f-7bf8e874323a,154,4d33d090-b9d5-11f1-b355-4337f3c2f3af,fc950e8f-c814-4b2a-bb09-866cea86bf79,2026-09-26,13:08:29.54,2026-09-26,18:08:29.54,2026-09-26T13:08:29.5440000-05:00,2026-09-26T18:08:29.5440000Z,TEX_BOB,TEX_BOB,BallCalled,Undefined,RightInfieldShift,92.00567,72.25559,142.28888,54.16172,112.04931,-52.20939,155.16761,21.9026,261.81034,-119.73051,321.14282,-3.14384,244.3804,129.53386,"Anctil, Justin",1000608882,"Wheatley, Luke",10290520,"Carson, Tanner",841179,"Boles, Brady",841175,"Arebalo, Walk On",0,"Cotton, Jackson",828562,"Mitchell, Drayton",10156664,TRUE,,
2ba689f5-0a51-434d-b16f-7bf8e874323a,155,5a533090-b9d5-11f1-b355-4337f3c2f3af,fcdf3016-3188-4266-b65c-b3e37684b587,2026-09-26,13:08:51.80,2026-09-26,18:08:51.80,2026-09-26T13:08:51.8030000-05:00,2026-09-26T18:08:51.8030000Z,TEX_BOB,TEX_BOB,BallCalled,Undefined,RightInfieldShift,91.51804,71.25002,141.14861,54.97101,112.95879,-52.13573,154.84771,21.75005,263.64353,-124.74355,320.04252,-2.97115,240.68847,127.89253,"Anctil, Justin",1000608882,"Wheatley, Luke",10290520,"Carson, Tanner",841179,"Boles, Brady",841175,"Arebalo, Walk On",0,"Cotton, Jackson",828562,"Mitchell, Drayton",10156664,TRUE,,
2ba689f5-0a51-434d-b16f-7bf8e874323a,156,68831630-b9d5-11f1-b355-4337f3c2f3af,f73bfc79-a390-43a6-aa67-d9f92f513280,2026-09-26,13:09:15.67,2026-09-26,18:09:15.67,2026-09-26T13:09:15.6790000-05:00,2026-09-26T18:09:15.6790000Z,TEX_BOB,TEX_BOB,BallCalled,Undefined,RightInfieldShift,90.17778,72.96581,140.69818,54.48551,116.51129,-53.25623,154.83126,21.56479,263.02175,-124.91604,319.03494,-4.07614,245.19192,127.07794,"Anctil, Justin",1000608882,"Wheatley, Luke",10290520,"Carson, Tanner",841179,"Boles, Brady",841175,"Arebalo, Walk On",0,"Cotton, Jackson",828562,"Mitchell, Drayton",10156664,TRUE,,
2ba689f5-0a51-434d-b16f-7bf8e874323a,157,77c72af0-b9d5-11f1-b355-4337f3c2f3af,200abb3b-5e2b-45d8-a99f-f15bb75ee5f4,2026-09-26,13:09:41.30,2026-09-26,18:09:41.30,2026-09-26T13:09:41.3080000-05:00,2026-09-26T18:09:41.3080000Z,TEX_BOB,TEX_BOB,BallCalled,Undefined,RightInfieldShift,92.85036,74.14482,140.03139,53.98432,115.09155,-54.26242,154.52922,21.36394,266.00278,-121.62153,317.06262,-4.22303,245.83378,127.52626,"Anctil, Justin",1000608882,"Wheatley, Luke",10290520,"Carson, Tanner",841179,"Boles, Brady",841175,"Arebalo, Walk On",0,"Cotton, Jackson",828562,"Mitchell, Drayton",10156664,TRUE,,
2ba689f5-0a51-434d-b16f-7bf8e874323a,158,8d898a90-b9d5-11f1-b355-4337f3c2f3af,da852989-1bfd-4f28-8a99-87b6d7d6fc00,2026-09-26,13:10:17.81,2026-09-26,18:10:17.81,2026-09-26T13:10:17.8110000-05:00,2026-09-26T18:10:17.8110000Z,TEX_BOB,TEX_BOB,FoulBallNotFieldable,Undefined,NoShift,65.11299,60.80263,135.90889,24.79919,84.70667,-64.97585,134.93483,-39.06779,267.68813,-131.46978,314.43197,-1.63797,251.48166,121.1232,"Anctil, Justin",1000608882,"Wheatley, Luke",10290520,"Carson, Tanner",841179,"Boles, Brady",841175,"Arebalo, Walk On",0,"Cotton, Jackson",828562,"Mitchell, Drayton",10156664,TRUE,,
2ba689f5-0a51-434d-b16f-7bf8e874323a,159,a3379ee0-b9d5-11f1-b355-4337f3c2f3af,7d474738-0a4c-4929-9974-63665c952960,2026-09-26,13:10:54.13,2026-09-26,18:10:54.13,2026-09-26T13:10:54.1300000-05:00,2026-09-26T18:10:54.1300000Z,TEX_BOB,TEX_BOB,BallCalled,Undefined,NoShift,65.47071,60.77289,136.328,23.40593,83.7592,-64.47009,134.79246,-39.5188,262.95703,-127.85214,312.52409,-2.49243,251.30543,121.06001,"Anctil, Justin",1000608882,"Wheatley, Luke",10290520,"Carson, Tanner",841179,"Boles, Brady",841175,"Arebalo, Walk On",0,"Cotton, Jackson",828562,"Mitchell, Drayton",10156664,TRUE,,
2ba689f5-0a51-434d-b16f-7bf8e874323a,160,b35327e0-b9d5-11f1-b355-4337f3c2f3af,b1198289-34a6-4dc8-b40a-bbfad0c3ea52,2026-09-26,13:11:21.18,2026-09-26,18:11:21.18,2026-09-26T13:11:21.1810000-05:00,2026-09-26T18:11:21.1810000Z,TEX_BOB,TEX_BOB,BallCalled,Undefined,NoShift,64.46312,58.55167,137.42289,22.61648,83.70009,-64.0158,135.03729,-40.64452,262.58408,-127.9718,308.09974,-2.11853,249.43744,119.03751,"Anctil, Justin",1000608882,"Wheatley, Luke",10290520,"Carson, Tanner",841179,"Boles, Brady",841175,"Arebalo, Walk On",0,"Cotton, Jackson",828562,"Mitchell, Drayton",10156664,TRUE,,
2ba689f5-0a51-434d-b16f-7bf8e874323a,161,c4f68960-b9d5-11f1-b355-4337f3c2f3af,561376e9-c99b-4be7-b549-44ba4fc69d0c,2026-09-26,13:11:50.74,2026-09-26,18:11:50.74,2026-09-26T13:11:50.7450000-05:00,2026-09-26T18:11:50.7450000Z,TEX_BOB,TEX_BOB,BallCalled,Undefined,NoShift,64.27961,58.80467,136.32114,23.0576,83.55254,-63.57569,133.95051,-39.47748,262.10638,-127.16897,308.40575,-2.24953,250.43815,120.15189,"Anctil, Justin",1000608882,"Wheatley, Luke",10290520,"Carson, Tanner",841179,"Boles, Brady",841175,"Arebalo, Walk On",0,"Cotton, Jackson",828562,"Mitchell, Drayton",10156664,TRUE,,
2ba689f5-0a51-434d-b16f-7bf8e874323a,162,e1d19f20-b9d5-11f1-b355-4337f3c2f3af,392f581b-4cbf-4859-85b9-05dd0b8d1758,2026-09-26,13:12:39.21,2026-09-26,18:12:39.21,2026-09-26T13:12:39.2100000-05:00,2026-09-26T18:12:39.2100000Z,TEX_BOB,TEX_BOB,BallCalled,Undefined,NoShift,67.55507,57.21633,136.3189,24.58947,83.97179,-64.24377,133.78774,-39.96912,263.55952,-123.24081,306.85656,-2.44946,251.17717,119.40107,"Anctil, Justin",1000608882,"Wheatley, Luke",10290520,"Carson, Tanner",841179,"Boles, Brady",841175,"Arebalo, Walk On",0,"Cotton, Jackson",828562,"Mitchell, Drayton",10156664,TRUE,,
2ba689f5-0a51-434d-b16f-7bf8e874323a,163,0298e330-b9d6-11f1-b355-4337f3c2f3af,ab07aa99-f03b-4d03-adbc-c8439d1609d8,2026-09-26,13:13:34.17,2026-09-26,18:13:34.17,2026-09-26T13:13:34.1700000-05:00,2026-09-26T18:13:34.1700000Z,TEX_BOB,TEX_BOB,StrikeCalled,Undefined,NoShift,81.87941,62.62931,136.66001,35.02606,85.1,-62.14848,140.97104,-27.41727,261.26068,-127.87198,312.61395,-3.1159,251.44821,123.31502,"Anctil, Justin",1000608882,"Wheatley, Luke",10290520,"Carson, Tanner",841179,"Boles, Brady",841175,"Arebalo, Walk On",0,"Cotton, Jackson",828562,"Mitchell, Drayton",10156664,TRUE,,
2ba689f5-0a51-434d-b16f-7bf8e874323a,164,10ba49e0-b9d6-11f1-b355-4337f3c2f3af,1d8241ae-9e06-43b9-b083-e71087089ffd,2026-09-26,13:13:57.89,2026-09-26,18:13:57.89,2026-09-26T13:13:57.8940000-05:00,2026-09-26T18:13:57.8940000Z,TEX_BOB,TEX_BOB,InPlay,Single,NoShift,82.36111,63.14848,139.2775,28.35484,84.18032,-64.47346,142.78117,-29.60852,258.04099,-127.93784,306.98273,-3.11712,247.89975,123.01378,"Anctil, Justin",1000608882,"Wheatley, Luke",10290520,"Carson, Tanner",841179,"Boles, Brady",841175,"Arebalo, Walk On",0,"Cotton, Jackson",828562,"Mitchell, Drayton",10156664,TRUE,"Cotton, Jackson",CF
2ba689f5-0a51-434d-b16f-7bf8e874323a,165,a2df7750-b9d6-11f1-b355-4337f3c2f3af,a74498b7-34cb-4997-a029-177afea29b97,2026-09-26,13:18:02.86,2026-09-26,18:18:02.86,2026-09-26T13:18:02.8660224-05:00,2026-09-26T18:18:02.8660224Z,TEX_BOB,TEX_BOB,BallCalled,Undefined,LeftInfieldShift,94.55827,67.68826,155.81249,-18.00131,87.32338,-65.75902,142.56818,-47.83129,251.97875,-126.86031,296.8602,-0.99244,255.14454,144.41395,"Sidener, Walk On",0,"Alaniz, Rylan",10304817,"Leininger, Ryley",816158,"Foor, Daylen",1000165264,"Gillis, Jacob",10036249,"Fryman, Bennett",814538,"Byrd, Cadyn",1000608881,TRUE,,
2ba689f5-0a51-434d-b16f-7bf8e874323a,166,aa74b070-b9d6-11f1-b355-4337f3c2f3af,925be02f-bc1c-4e25-994f-4e723dba23c0,2026-09-26,13:18:15.79,2026-09-26,18:18:15.79,2026-09-26T13:18:15.7979136-05:00,2026-09-26T18:18:15.7979136Z,TEX_BOB,TEX_BOB,InPlay,Out,LeftInfieldShift,93.50844,67.00766,156.34946,-17.06306,88.11246,-66.07563,143.21212,-48.5359,253.78042,-128.15206,295.89133,-0.90142,259.06705,140.17541,"Sidener, Walk On",0,"Alaniz, Rylan",10304817,"Leininger, Ryley",816158,"Foor, Daylen",1000165264,"Gillis, Jacob",10036249,"Fryman, Bennett",814538,"Byrd, Cadyn",1000608881,TRUE,"Wheatley, Luke",2B
2ba689f5-0a51-434d-b16f-7bf8e874323a,167,c0115fa0-b9d6-11f1-b355-4337f3c2f3af,b75b9a06-8989-4412-bee0-c8e2d636826b,2026-09-26,13:18:51.95,2026-09-26,18:18:51.95,2026-09-26T13:18:51.9565312-05:00,2026-09-26T18:18:51.9565312Z,TEX_BOB,TEX_BOB,StrikeCalled,Undefined,LeftInfieldShift,93.23424,67.5027,156.92787,-15.36909,89.19202,-66.23342,143.39068,-46.93334,245.91609,-121.38252,295.97341,-0.32303,247.64103,139.75449,"Sidener, Walk On",0,"Alaniz, Rylan",10304817,"Leininger, Ryley",816158,"Foor, Daylen",1000165264,"Gillis, Jacob",10036249,"Fryman, Bennett",814538,"Byrd, Cadyn",1000608881,TRUE,,
2ba689f5-0a51-434d-b16f-7bf8e874323a,168,c85130a0-b9d6-11f1-b355-4337f3c2f3af,9d8d0f2f-c455-4276-91ce-0b88b13acfe8,2026-09-26,13:19:05.88,2026-09-26,18:19:05.88,2026-09-26T13:19:05.8888192-05:00,2026-09-26T18:19:05.8888192Z,TEX_BOB,TEX_BOB,StrikeCalled,Undefined,LeftInfieldShift,94.84408,67.15045,157.72534,-15.41204,89.47951,-66.69244,141.7682,-47.27416,244.25809,-120.56762,290.49829,4.22232,241.61659,135.16899,"Sidener, Walk On",0,"Alaniz, Rylan",10304817,"Leininger, Ryley",816158,"Foor, Daylen",1000165264,"Gillis, Jacob",10036249,"Fryman, Bennett",814538,"Byrd, Cadyn",1000608881,TRUE,,
2ba689f5-0a51-434d-b16f-7bf8e874323a,169,d08da640-b9d6-11f1-b355-4337f3c2f3af,bea0b51b-6d0e-4eb3-b259-833a3f15b73a,2026-09-26,13:19:19.69,2026-09-26,18:19:19.69,2026-09-26T13:19:19.6963328-05:00,2026-09-26T18:19:19.6963328Z,TEX_BOB,TEX_BOB,FoulBallNotFieldable,Undefined,LeftInfieldShift,95.07807,68.89682,156.4631,-12.48039,90.01009,-66.77585,142.54573,-47.92549,245.73432,-121.41198,287.53783,6.32826,227.27615,125.77311,"Sidener, Walk On",0,"Alaniz, Rylan",10304817,"Leininger, Ryley",816158,"Foor, Daylen",1000165264,"Gillis, Jacob",10036249,"Fryman, Bennett",814538,"Byrd, Cadyn",1000608881,TRUE,,
2ba689f5-0a51-434d-b16f-7bf8e874323a,170,e247c410-b9d6-11f1-b355-4337f3c2f3af,4b7a7bb9-88e0-4a12-b8a7-07306d555460,2026-09-26,13:19:49.43,2026-09-26,18:19:49.43,2026-09-26T13:19:49.4386176-05:00,2026-09-26T18:19:49.4386176Z,TEX_BOB,TEX_BOB,BallCalled,Undefined,LeftInfieldShift,94.68337,71.27197,157.21482,-12.19127,88.10963,-66.85222,141.88077,-49.67774,244.34922,-122.06404,290.62002,10.72975,222.60707,122.90386,"Sidener, Walk On",0,"Alaniz, Rylan",10304817,"Leininger, Ryley",816158,"Foor, Daylen",1000165264,"Gillis, Jacob",10036249,"Fryman, Bennett",814538,"Byrd, Cadyn",1000608881,TRUE,,
2ba689f5-0a51-434d-b16f-7bf8e874323a,171,f2264410-b9d6-11f1-b355-4337f3c2f3af,58e80923-37e9-4685-84ff-16058a9b7077,2026-09-26,13:20:16.01,2026-09-26,18:20:16.01,2026-09-26T13:20:16.0150016-05:00,2026-09-26T18:20:16.0150016Z,TEX_BOB,TEX_BOB,BallCalled,Undefined,LeftInfieldShift,97.86517,68.995,156.11988,-12.46555,88.60258,-67.39391,140.39839,-50.56365,246.08048,-122.12866,289.13077,10.4403,226.95034,122.73257,"Sidener, Walk On",0,"Alaniz, Rylan",10304817,"Leininger, Ryley",816158,"Foor, Daylen",1000165264,"Gillis, Jacob",10036249,"Fryman, Bennett",814538,"Byrd, Cadyn",1000608881,TRUE,,
2ba689f5-0a51-434d-b16f-7bf8e874323a,172,fbffa0d0-b9d6-11f1-b355-4337f3c2f3af,b2c74ac2-dd4c-4e03-9b44-19dc30710646,2026-09-26,13:20:32.56,2026-09-26,18:20:32.56,2026-09-26T13:20:32.5659136-05:00,2026-09-26T18:20:32.5659136Z,TEX_BOB,TEX_BOB,BallCalled,Undefined,LeftInfieldShift,97.36726,69.08515,156.48262,-11.99652,89.05361,-67.69513,140.55268,-49.80901,245.26009,-121.73201,287.59631,13.6185,233.03589,128.32235,"Sidener, Walk On",0,"Alaniz, Rylan",10304817,"Leininger, Ryley",816158,"Foor, Daylen",1000165264,"Gillis, Jacob",10036249,"Fryman, Bennett",814538,"Byrd, Cadyn",1000608881,TRUE,,
2ba689f5-0a51-434d-b16f-7bf8e874323a,173,058dead0-b9d7-11f1-b355-4337f3c2f3af,e4747f3e-97a0-4085-aa60-bab8e9953ed3,2026-09-26,13:20:48.65,2026-09-26,18:20:48.65,2026-09-26T13:20:48.6592000-05:00,2026-09-26T18:20:48.6592000Z,TEX_BOB,TEX_BOB,BallCalled,Undefined,LeftInfieldShift,97.30542,70.25878,155.93349,-12.45012,88.21326,-66.26993,142.67592,-47.90194,244.24197,-122.78303,287.99729,13.53347,238.18236,127.98925,"Sidener, Walk On",0,"Alaniz, Rylan",10304817,"Leininger, Ryley",816158,"Foor, Daylen",1000165264,"Gillis, Jacob",10036249,"Fryman, Bennett",814538,"Byrd, Cadyn",1000608881,TRUE,,
2ba689f5-0a51-434d-b16f-7bf8e874323a,174,19c2f3b0-b9d7-11f1-b355-4337f3c2f3af,fe44fcea-fc35-4602-9a97-91af16244192,2026-09-26,13:21:22.52,2026-09-26,18:21:22.52,2026-09-26T13:21:22.5214464-05:00,2026-09-26T18:21:22.5214464Z,TEX_BOB,TEX_BOB,BallCalled,Undefined,NoShift,62.38864,57.88138,140.25088,24.44789,85.22263,-62.90588,142.56108,-36.13133,256.73741,-129.67708,317.06011,5.40502,243.62923,129.12401,"Sidener, Walk On",0,"Alaniz, Rylan",10304817,"Leininger, Ryley",816158,"Foor, Daylen",1000165264,"Gillis, Jacob",10036249,"Fryman, Bennett",814538,"Byrd, Cadyn",1000608881,TRUE,,
2ba689f5-0a51-434d-b16f-7bf8e874323a,175,2aae28c0-b9d7-11f1-b355-4337f3c2f3af,cafaf17b-483e-4e73-b75d-3be3d0929752,2026-09-26,13:21:50.86,2026-09-26,18:21:50.86,2026-09-26T13:21:50.8664832-05:00,2026-09-26T18:21:50.8664832Z,TEX_BOB,TEX_BOB,BallCalled,Undefined,NoShift,62.50077,58.53386,140.59262,26.47553,85.39774,-63.25143,140.37133,-34.57708,255.85379,-127.11814,308.64251,8.44412,243.43239,126.91976,"Sidener, Walk On",0,"Alaniz, Rylan",10304817,"Leininger, Ryley",816158,"Foor, Daylen",1000165264,"Gillis, Jacob",10036249,"Fryman, Bennett",814538,"Byrd, Cadyn",1000608881,TRUE,,
2ba689f5-0a51-434d-b16f-7bf8e874323a,176,34a17620-b9d7-11f1-b355-4337f3c2f3af,3d53c8c1-1281-4ccb-8221-1ab296b6492d,2026-09-26,13:22:07.61,2026-09-26,18:22:07.61,2026-09-26T13:22:07.6140000-05:00,2026-09-26T18:22:07.6140000Z,TEX_BOB,TEX_BOB,BallCalled,Undefined,NoShift,63.13101,59.46891,139.33548,27.07597,85.61853,-63.20402,140.6267,-31.43983,255.48664,-126.58413,308.94009,11.03556,237.43687,127.35228,"Sidener, Walk On",0,"Alaniz, Rylan",10304817,"Leininger, Ryley",816158,"Foor, Daylen",1000165264,"Gillis, Jacob",10036249,"Fryman, Bennett",814538,"Byrd, Cadyn",1000608881,TRUE,,
2ba689f5-0a51-434d-b16f-7bf8e874323a,177,42d0bf80-b9d7-11f1-b355-4337f3c2f3af,3eda2920-caad-4351-ad12-42cf72dc0f34,2026-09-26,13:22:31.34,2026-09-26,18:22:31.34,2026-09-26T13:22:31.3474048-05:00,2026-09-26T18:22:31.3474048Z,TEX_BOB,TEX_BOB,StrikeCalled,Undefined,NoShift,63.68083,58.9176,140.65888,24.14237,84.70439,-62.63387,140.60604,-34.26009,255.11831,-126.87468,310.07418,11.01288,245.87533,132.67832,"Sidener, Walk On",0,"Alaniz, Rylan",10304817,"Leininger, Ryley",816158,"Foor, Daylen",1000165264,"Gillis, Jacob",10036249,"Fryman, Bennett",814538,"Byrd, Cadyn",1000608881,TRUE,,
2ba689f5-0a51-434d-b16f-7bf8e874323a,178,4cffb650-b9d7-11f1-b355-4337f3c2f3af,3a7fce70-a349-441f-8cc5-d51a190d6ab5,2026-09-26,13:22:48.46,2026-09-26,18:22:48.46,2026-09-26T13:22:48.4668928-05:00,2026-09-26T18:22:48.4668928Z,TEX_BOB,TEX_BOB,BallCalled,Undefined,NoShift,62.79811,58.21774,140.59086,27.00459,85.60244,-63.51224,139.69379,-32.29179,253.81831,-125.87061,307.95633,12.29429,248.28578,131.49577,"Sidener, Walk On",0,"Alaniz, Rylan",10304817,"Leininger, Ryley",816158,"Foor, Daylen",1000165264,"Gillis, Jacob",10036249,"Fryman, Bennett",814538,"Byrd, Cadyn",1000608881,TRUE,,
2ba689f5-0a51-434d-b16f-7bf8e874323a,179,690e2d40-b9d7-11f1-b355-4337f3c2f3af,b68a780b-f9ac-4b83-8893-71c227caad76,2026-09-26,13:23:35.57,2026-09-26,18:23:35.57,2026-09-26T13:23:35.5747840-05:00,2026-09-26T18:23:35.5747840Z,TEX_BOB,TEX_BOB,BallCalled,Undefined,NoShift,90.26894,68.40137,136.26852,20.19807,83.39468,-61.37152,138.96804,-36.15257,254.4314,-128.16369,302.81331,11.63176,242.15347,136.73589,"Sidener, Walk On",0,"Alaniz, Rylan",10304817,"Leininger, Ryley",816158,"Foor, Daylen",1000165264,"Gillis, Jacob",10036249,"Fryman, Bennett",814538,"Byrd, Cadyn",1000608881,TRUE,,
2ba689f5-0a51-434d-b16f-7bf8e874323a,180,742f7350-b9d7-11f1-b355-4337f3c2f3af,203aadf6-cd47-4013-a7ec-e72d095640c1,2026-09-26,13:23:54.20,2026-09-26,18:23:54.20,2026-09-26T13:23:54.2012928-05:00,2026-09-26T18:23:54.2012928Z,TEX_BOB,TEX_BOB,BallCalled,Undefined,NoShift,90.22264,68.16741,136.6773,17.56816,85.13108,-63.07254,140.25044,-35.27561,253.95106,-126.53943,299.63165,12.60255,248.9359,136.98712,"Sidener, Walk On",0,"Alaniz, Rylan",10304817,"Leininger, Ryley",816158,"Foor, Daylen",1000165264,"Gillis, Jacob",10036249,"Fryman, Bennett",814538,"Byrd, Cadyn",1000608881,TRUE,,
2ba689f5-0a51-434d-b16f-7bf8e874323a,181,7f7901e0-b9d7-11f1-b355-4337f3c2f3af,1ab5d0fd-151b-4abf-a5b1-d0767056b2e7,2026-09-26,13:24:13.14,2026-09-26,18:24:13.14,2026-09-26T13:24:13.1492352-05:00,2026-09-26T18:24:13.1492352Z,TEX_BOB,TEX_BOB,BallCalled,Undefined,NoShift,90.24477,67.85664,134.6361,17.22976,84.65359,-63.03382,140.84436,-34.79753,253.59527,-127.09466,299.09997,13.57285,249.19254,137.92336,"Sidener, Walk On",0,"Alaniz, Rylan",10304817,"Leininger, Ryley",816158,"Foor, Daylen",1000165264,"Gillis, Jacob",10036249,"Fryman, Bennett",814538,"Byrd, Cadyn",1000608881,TRUE,,
2ba689f5-0a51-434d-b16f-7bf8e874323a,182,936038e0-b9d7-11f1-b355-4337f3c2f3af,88e68c3e-2312-468e-8ccf-cce0697bde3c,2026-09-26,13:24:46.52,2026-09-26,18:24:46.52,2026-09-26T13:24:46.5297920-05:00,2026-09-26T18:24:46.5297920Z,TEX_BOB,TEX_BOB,BallCalled,Undefined,NoShift,89.65774,68.10295,135.02515,16.0908,85.12594,-63.61223,138.3589,-35.13887,253.14047,-126.5403,298.06058,14.15994,250.67791,135.22303,"Sidener, Walk On",0,"Alaniz, Rylan",10304817,"Leininger, Ryley",816158,"Foor, Daylen",1000165264,"Gillis, Jacob",10036249,"Fryman, Bennett",814538,"Byrd, Cadyn",1000608881,TRUE,,
2ba689f5-0a51-434d-b16f-7bf8e874323a,183,10725980-b9d8-11f1-b355-4337f3c2f3af,1ef32eb8-f9dd-4a35-8ff9-4a697c49e0c0,2026-09-26,13:28:16.40,2026-09-26,18:28:16.40,2026-09-26T13:28:16.4006400-05:00,2026-09-26T18:28:16.4006400Z,TEX_BOB,TEX_BOB,BallCalled,Undefined,LeftInfieldShift,91.76407,68.81605,156.43107,-17.38388,88.89075,-68.88737,140.3245,-50.26086,251.14772,-138.41056,315.34146,-3.39593,247.4157,119.38522,"Namken, Clayton",834577,"Wheatley, Luke",10290520,"Carson, Tanner",841179,"Boles, Brady",841175,"Arebalo, Walk On",0,"Cotton, Jackson",828562,"Mitchell, Drayton",10156664,TRUE,,
2ba689f5-0a51-434d-b16f-7bf8e874323a,184,200d8ef0-b9d8-11f1-b355-4337f3c2f3af,a037f9e0-523f-48af-8566-22936e7f5632,2026-09-26,13:28:42.56,2026-09-26,18:28:42.56,2026-09-26T13:28:42.5697280-05:00,2026-09-26T18:28:42.5697280Z,TEX_BOB,TEX_BOB,StrikeCalled,Undefined,LeftInfieldShift,93.99209,64.75584,156.72854,-17.35188,89.52767,-69.54321,139.78466,-50.12363,250.2538,-142.25756,317.53562,-5.75306,243.87132,118.28149,"Namken, Clayton",834577,"Wheatley, Luke",10290520,"Carson, Tanner",841179,"Boles, Brady",841175,"Arebalo, Walk On",0,"Cotton, Jackson",828562,"Mitchell, Drayton",10156664,TRUE,,
2ba689f5-0a51-434d-b16f-7bf8e874323a,185,2bd5c360-b9d8-11f1-b355-4337f3c2f3af,097d5813-5404-4154-aebf-a58f4a44c9bb,2026-09-26,13:29:02.32,2026-09-26,18:29:02.32,2026-09-26T13:29:02.3244288-05:00,2026-09-26T18:29:02.3244288Z,TEX_BOB,TEX_BOB,BallCalled,Undefined,LeftInfieldShift,92.42977,62.39118,157.24525,-17.10419,90.28778,-70.30197,140.19093,-50.23764,250.02049,-139.93879,314.35489,-3.41084,245.68139,117.92959,"Namken, Clayton",834577,"Wheatley, Luke",10290520,"Carson, Tanner",841179,"Boles, Brady",841175,"Arebalo, Walk On",0,"Cotton, Jackson",828562,"Mitchell, Drayton",10156664,TRUE,,
2ba689f5-0a51-434d-b16f-7bf8e874323a,186,37842e40-b9d8-11f1-b355-4337f3c2f3af,b4a1c4f4-2525-491b-8aec-2d695f7f2d07,2026-09-26,13:29:21.97,2026-09-26,18:29:21.97,2026-09-26T13:29:21.9755520-05:00,2026-09-26T18:29:21.9755520Z,TEX_BOB,TEX_BOB,FoulBallNotFieldable,Undefined,LeftInfieldShift,92.55671,63.56743,157.26602,-17.59801,91.76308,-72.31011,139.56937,-50.65847,253.07092,-144.03328,315.35413,-3.2299,248.64305,119.58499,"Namken, Clayton",834577,"Wheatley, Luke",10290520,"Carson, Tanner",841179,"Boles, Brady",841175,"Arebalo, Walk On",0,"Cotton, Jackson",828562,"Mitchell, Drayton",10156664,TRUE,,
2ba689f5-0a51-434d-b16f-7bf8e874323a,187,487779a0-b9d8-11f1-b355-4337f3c2f3af,203cdac3-7381-4d3a-9cb8-78aa729c427a,2026-09-26,13:29:50.37,2026-09-26,18:29:50.37,2026-09-26T13:29:50.3767040-05:00,2026-09-26T18:29:50.3767040Z,TEX_BOB,TEX_BOB,HitByPitch,Undefined,LeftInfieldShift,93.29237,62.57291,155.91136,-17.53886,90.53441,-72.10503,140.54418,-50.31076,244.83771,-144.78171,315.84985,-2.39977,245.41805,120.65031,"Namken, Clayton",834577,"Wheatley, Luke",10290520,"Carson, Tanner",841179,"Boles, Brady",841175,"Arebalo, Walk On",0,"Cotton, Jackson",828562,"Mitchell, Drayton",10156664,TRUE,,
2ba689f5-0a51-434d-b16f-7bf8e874323a,188,5e3f7e90-b9d8-11f1-b355-4337f3c2f3af,d167a0c8-5ca4-4d4a-bd37-8b9ed4b63b60,2026-09-26,13:30:26.94,2026-09-26,18:30:26.94,2026-09-26T13:30:26.9442560-05:00,2026-09-26T18:30:26.9442560Z,TEX_BOB,TEX_BOB,BallCalled,Undefined,NoShift,66.85312,57.40502,136.38086,24.10348,85.75612,-65.9987,135.48143,-36.50126,257.03203,-140.61158,318.32603,-11.3407,244.91424,123.546,"Namken, Clayton",834577,"Wheatley, Luke",10290520,"Carson, Tanner",841179,"Boles, Brady",841175,"Arebalo, Walk On",0,"Cotton, Jackson",828562,"Mitchell, Drayton",10156664,TRUE,,
2ba689f5-0a51-434d-b16f-7bf8e874323a,189,78524c90-b9d8-11f1-b355-4337f3c2f3af,bef24fe5-a3e8-41d5-a65f-ab6e3aaab8d5,2026-09-26,13:31:10.69,2026-09-26,18:31:10.69,2026-09-26T13:31:10.6900480-05:00,2026-09-26T18:31:10.6900480Z,TEX_BOB,TEX_BOB,InPlay,Single,NoShift,64.2001,58.20229,137.41121,24.83746,85.3095,-66.43957,136.6479,-33.97116,257.19198,-142.05936,318.46137,-12.70821,234.74831,127.75375,"Namken, Clayton",834577,"Wheatley, Luke",10290520,"Carson, Tanner",841179,"Boles, Brady",841175,"Arebalo, Walk On",0,"Cotton, Jackson",828562,"Mitchell, Drayton",10156664,TRUE,"Mitchell, Drayton",RF
2ba689f5-0a51-434d-b16f-7bf8e874323a,190,953db600-b9d8-11f1-b355-4337f3c2f3af,2fa8e8c4-5a51-41a2-bbbc-81ed2298321c,2026-09-26,13:31:59.19,2026-09-26,18:31:59.19,2026-09-26T13:31:59.1993856-05:00,2026-09-26T18:31:59.1993856Z,TEX_BOB,TEX_BOB,BallCalled,Undefined,NoShift,63.55595,58.46788,136.40323,22.54051,80.75278,-61.1454,134.35628,-36.59982,256.60263,-138.04749,307.7095,-2.98688,237.84097,123.18064,"Namken, Clayton",834577,"Wheatley, Luke",10290520,"Carson, Tanner",841179,"Boles, Brady",841175,"Arebalo, Walk On",0,"Cotton, Jackson",828562,"Mitchell, Drayton",10156664,TRUE,,
2ba689f5-0a51-434d-b16f-7bf8e874323a,191,a1ca4be0-b9d8-11f1-b355-4337f3c2f3af,ce2ed01a-3012-419b-a445-aef583ece965,2026-09-26,13:32:20.24,2026-09-26,18:32:20.24,2026-09-26T13:32:20.2449408-05:00,2026-09-26T18:32:20.2449408Z,TEX_BOB,TEX_BOB,BallCalled,Undefined,NoShift,66.23865,57.44263,136.68848,21.99568,81.02636,-61.5569,135.14941,-36.83829,254.61463,-135.86267,309.5985,-2.38174,227.21614,125.17822,"Namken, Clayton",834577,"Wheatley, Luke",10290520,"Carson, Tanner",841179,"Boles, Brady",841175,"Arebalo, Walk On",0,"Cotton, Jackson",828562,"Mitchell, Drayton",10156664,TRUE,,
2ba689f5-0a51-434d-b16f-7bf8e874323a,192,b0f692e0-b9d8-11f1-b355-4337f3c2f3af,36105c6b-7b68-4299-b7c5-dc18a94c8a38,2026-09-26,13:32:45.73,2026-09-26,18:32:45.73,2026-09-26T13:32:45.7393664-05:00,2026-09-26T18:32:45.7393664Z,TEX_BOB,TEX_BOB,StrikeCalled,Undefined,NoShift,64.53559,59.66001,136.07497,14.58105,81.62563,-62.14872,135.23093,-36.74417,257.04084,-135.47333,311.13513,-2.92249,225.84898,125.6434,"Namken, Clayton",834577,"Wheatley, Luke",10290520,"Carson, Tanner",841179,"Boles, Brady",841175,"Arebalo, Walk On",0,"Cotton, Jackson",828562,"Mitchell, Drayton",10156664,TRUE,,
2ba689f5-0a51-434d-b16f-7bf8e874323a,193,caa12930-b9d8-11f1-b355-4337f3c2f3af,e524f754-eab0-4b37-a1b1-a9af103e4e60,2026-09-26,13:33:28.75,2026-09-26,18:33:28.75,2026-09-26T13:33:28.7526400-05:00,2026-09-26T18:33:28.7526400Z,TEX_BOB,TEX_BOB,BallCalled,Undefined,NoShift,91.0414,62.42772,146.18028,29.44713,86.75418,-67.33266,140.65236,-51.34397,249.00248,-134.61376,298.97628,-1.6939,233.28393,124.27937,"Namken, Clayton",834577,"Wheatley, Luke",10290520,"Carson, Tanner",841179,"Boles, Brady",841175,"Arebalo, Walk On",0,"Cotton, Jackson",828562,"Mitchell, Drayton",10156664,TRUE,,
2ba689f5-0a51-434d-b16f-7bf8e874323a,194,d7a9a5d0-b9d8-11f1-b355-4337f3c2f3af,66ff6601-f45a-4def-9161-b2dd66e8dd50,2026-09-26,13:33:50.65,2026-09-26,18:33:50.65,2026-09-26T13:33:50.6568704-05:00,2026-09-26T18:33:50.6568704Z,TEX_BOB,TEX_BOB,InPlay,Out,LeftInfieldShift,89.42144,62.74998,149.69311,-38.37086,87.00641,-67.68323,140.61947,-51.20471,251.58169,-133.60505,303.43139,-2.64424,232.11084,124.34148,"Namken, Clayton",834577,"Wheatley, Luke",10290520,"Carson, Tanner",841179,"Boles, Brady",841175,"Arebalo, Walk On",0,"Cotton, Jackson",828562,"Mitchell, Drayton",10156664,TRUE,"Wheatley, Luke",2B
2ba689f5-0a51-434d-b16f-7bf8e874323a,195,efe5b800-b9d8-11f1-b355-4337f3c2f3af,405bddaf-36e1-401a-9402-367de79e067a,2026-09-26,13:34:31.31,2026-09-26,18:34:31.31,2026-09-26T13:34:31.3103872-05:00,2026-09-26T18:34:31.3103872Z,TEX_BOB,TEX_BOB,StrikeCalled,Undefined,NoShift,90.97748,73.8235,143.81375,64.15862,88.84742,-60.11193,142.27312,-46.8375,269.31726,-122.27692,317.75056,0.03678,244.03969,131.58812,"Namken, Clayton",834577,"Wheatley, Luke",10290520,"Carson, Tanner",841179,"Boles, Brady",841175,"Arebalo, Walk On",0,"Cotton, Jackson",828562,"Mitchell, Drayton",10156664,TRUE,,
2ba689f5-0a51-434d-b16f-7bf8e874323a,196,fbb03660-b9d8-11f1-b355-4337f3c2f3af,d055ec54-f6f3-457f-b578-cffb42310bad,2026-09-26,13:34:51.12,2026-09-26,18:34:51.12,2026-09-26T13:34:51.1272448-05:00,2026-09-26T18:34:51.1272448Z,TEX_BOB,TEX_BOB,BallCalled,Undefined,NoShift,91.37489,74.22111,143.01038,64.07,88.82097,-60.36953,142.19872,-46.65462,265.23294,-119.73319,321.22289,-2.82498,245.14657,126.93482,"Namken, Clayton",834577,"Wheatley, Luke",10290520,"Carson, Tanner",841179,"Boles, Brady",841175,"Arebalo, Walk On",0,"Cotton, Jackson",828562,"Mitchell, Drayton",10156664,TRUE,,
2ba689f5-0a51-434d-b16f-7bf8e874323a,197,09a89140-b9d9-11f1-b355-4337f3c2f3af,5f40cd54-5a94-4089-83c3-830fdba767cc,2026-09-26,13:35:14.53,2026-09-26,18:35:14.53,2026-09-26T13:35:14.5310208-05:00,2026-09-26T18:35:14.5310208Z,TEX_BOB,TEX_BOB,BallCalled,Undefined,NoShift,90.09609,72.70892,142.55779,63.59219,88.96878,-61.00892,140.75077,-45.25882,267.44766,-117.70099,318.52783,-4.40316,247.32631,127.68799,"Namken, Clayton",834577,"Wheatley, Luke",10290520,"Carson, Tanner",841179,"Boles, Brady",841175,"Arebalo, Walk On",0,"Cotton, Jackson",828562,"Mitchell, Drayton",10156664,TRUE,,
2ba689f5-0a51-434d-b16f-7bf8e874323a,198,17074430-b9d9-11f1-b355-4337f3c2f3af,75f0b9a6-e0ee-431c-8c92-647ab6dc1a55,2026-09-26,13:35:36.92,2026-09-26,18:35:36.92,2026-09-26T13:35:36.9276928-05:00,2026-09-26T18:35:36.9276928Z,TEX_BOB,TEX_BOB,BallCalled,Undefined,NoShift,91.86641,73.30777,141.95167,63.20466,87.47507,-61.31936,141.97381,-46.32367,269.21184,-119.90276,316.94302,-4.63342,247.57424,127.72793,"Namken, Clayton",834577,"Wheatley, Luke",10290520,"Carson, Tanner",841179,"Boles, Brady",841175,"Arebalo, Walk On",0,"Cotton, Jackson",828562,"Mitchell, Drayton",10156664,TRUE,,
2ba689f5-0a51-434d-b16f-7bf8e874323a,199,26199a90-b9d9-11f1-b355-4337f3c2f3af,6ded4a7a-b7f2-4bea-b27e-933c88ac72eb,2026-09-26,13:36:02.24,2026-09-26,18:36:02.24,2026-09-26T13:36:02.2419968-05:00,2026-09-26T18:36:02.2419968Z,TEX_BOB,TEX_BOB,FoulBallNotFieldable,Undefined,NoShift,90.56714,72.01415,140.67583,61.65659,89.61785,-61.05694,142.28117,-46.59875,263.23983,-129.32548,317.12524,-3.13198,244.49531,125.70772,"Namken, Clayton",834577,"Wheatley, Luke",10290520,"Carson, Tanner",841179,"Boles, Brady",841175,"Arebalo, Walk On",0,"Cotton, Jackson",828562,"Mitchell, Drayton",10156664,TRUE,,
2ba689f5-0a51-434d-b16f-7bf8e874323a,200,36019070-b9d9-11f1-b355-4337f3c2f3af,fea4ecb5-39bf-4117-bd6c-a9435ec6837f,2026-09-26,13:36:28.96,2026-09-26,18:36:28.96,2026-09-26T13:36:28.9666048-05:00,2026-09-26T18:36:28.9666048Z,TEX_BOB,TEX_BOB,BallCalled,Undefined,NoShift,93.26113,73.67257,142.50996,63.41211,89.51868,-60.00481,141.60027,-46.60925,263.63341,-131.29802,312.4803,-4.71796,243.86347,130.72214,"Namken, Clayton",834577,"Wheatley, Luke",10290520,"Carson, Tanner",841179,"Boles, Brady",841175,"Arebalo, Walk On",0,"Cotton, Jackson",828562,"Mitchell, Drayton",10156664,TRUE,,
2ba689f5-0a51-434d-b16f-7bf8e874323a,201,990e5090-b9d9-11f1-b355-4337f3c2f3af,dee1ba2c-c124-4ef9-80b8-15b6de3f1c31,2026-09-26,13:39:15.08,2026-09-26,18:39:15.08,2026-09-26T13:39:15.0876160-05:00,2026-09-26T18:39:15.0876160Z,TEX_BOB,TEX_BOB,BallCalled,Undefined,NoShift,92.29073,82.39481,140.27854,58.56082,89.62749,-66.47295,146.62781,-40.04147,233.36819,-118.74593,292.80667,-11.39415,259.17893,125.2605,"Sidener, Walk On",0,"Alaniz, Rylan",10304817,"Leininger, Ryley",816158,"Foor, Daylen",1000165264,"Gillis, Jacob",10036249,"Fryman, Bennett",814538,"Byrd, Cadyn",1000608881,TRUE,,
2ba689f5-0a51-434d-b16f-7bf8e874323a,202,a16f8c40-b9d9-11f1-b355-4337f3c2f3af,8f4a7040-1186-46e9-844e-068416d71e5c,2026-09-26,13:39:29.15,2026-09-26,18:39:29.15,2026-09-26T13:39:29.1555840-05:00,2026-09-26T18:39:29.1555840Z,TEX_BOB,TEX_BOB,StrikeSwinging,Undefined,NoShift,92.46054,81.55339,141.29024,58.7429,95.7415,-56.17901,148.02175,-37.75937,239.10847,-120.84059,288.45333,-14.2364,260.72528,123.07028,"Sidener, Walk On",0,"Alaniz, Rylan",10304817,"Leininger, Ryley",816158,"Foor, Daylen",1000165264,"Gillis, Jacob",10036249,"Fryman, Bennett",814538,"Byrd, Cadyn",1000608881,TRUE,,
2ba689f5-0a51-434d-b16f-7bf8e874323a,203,aa0a7590-b9d9-11f1-b355-4337f3c2f3af,6cedc497-ff07-4777-ace0-cb306a641b38,2026-09-26,13:39:43.58,2026-09-26,18:39:43.58,2026-09-26T13:39:43.5852800-05:00,2026-09-26T18:39:43.5852800Z,TEX_BOB,TEX_BOB,InPlay,Out,NoShift,92.92433,83.38379,143.91288,58.38735,96.99022,-57.94501,147.99068,-38.92638,239.88458,-124.74932,288.40808,-15.24468,261.85838,122.7382,"Sidener, Walk On",0,"Alaniz, Rylan",10304817,"Leininger, Ryley",816158,"Foor, Daylen",1000165264,"Gillis, Jacob",10036249,"Fryman, Bennett",814538,"Byrd, Cadyn",1000608881,TRUE,"Byrd, Cadyn",RF
2ba689f5-0a51-434d-b16f-7bf8e874323a,204,c04316a0-b9d9-11f1-b355-4337f3c2f3af,fda4142e-c20c-4657-b0c5-3bcc43d6deb6,2026-09-26,13:40:20.85,2026-09-26,18:40:20.85,2026-09-26T13:40:20.8556032-05:00,2026-09-26T18:40:20.8556032Z,TEX_BOB,TEX_BOB,BallCalled,Undefined,LeftInfieldShift,100.1616,69.25223,156.94362,-17.35634,89.62909,-66.0564,141.97907,-48.1942,251.84592,-124.55872,298.32974,15.65921,253.45065,139.90126,"Sidener, Walk On",0,"Alaniz, Rylan",10304817,"Leininger, Ryley",816158,"Foor, Daylen",1000165264,"Gillis, Jacob",10036249,"Fryman, Bennett",814538,"Byrd, Cadyn",1000608881,TRUE,,
2ba689f5-0a51-434d-b16f-7bf8e874323a,205,c895fa70-b9d9-11f1-b355-4337f3c2f3af,80012d57-f794-4ed5-a5b9-48064ce80beb,2026-09-26,13:40:34.84,2026-09-26,18:40:34.84,2026-09-26T13:40:34.8402688-05:00,2026-09-26T18:40:34.8402688Z,TEX_BOB,TEX_BOB,BallCalled,Undefined,LeftInfieldShift,98.62504,67.32982,156.16688,-17.68502,90.40969,-66.76121,142.28382,-48.3512,254.4859,-129.99982,304.7683,15.05782,251.39665,132.65859,"Sidener, Walk On",0,"Alaniz, Rylan",10304817,"Leininger, Ryley",816158,"Foor, Daylen",1000165264,"Gillis, Jacob",10036249,"Fryman, Bennett",814538,"Byrd, Cadyn",1000608881,TRUE,,
2ba689f5-0a51-434d-b16f-7bf8e874323a,206,d46f1ed0-b9d9-11f1-b355-4337f3c2f3af,59e24945-7200-4501-87a6-df74eb28bcd5,2026-09-26,13:40:54.73,2026-09-26,18:40:54.73,2026-09-26T13:40:54.7393536-05:00,2026-09-26T18:40:54.7393536Z,TEX_BOB,TEX_BOB,FoulBallNotFieldable,Undefined,LeftInfieldShift,97.29405,68.15978,156.27112,-17.58099,90.56566,-67.31322,143.82187,-47.32215,256.53195,-130.7454,305.60858,16.78195,253.4468,134.27445,"Sidener, Walk On",0,"Alaniz, Rylan",10304817,"Leininger, Ryley",816158,"Foor, Daylen",1000165264,"Gillis, Jacob",10036249,"Fryman, Bennett",814538,"Byrd, Cadyn",1000608881,TRUE,,
2ba689f5-0a51-434d-b16f-7bf8e874323a,207,e5744480-b9d9-11f1-b355-4337f3c2f3af,e1c8b9a7-85de-4fcb-a419-855e69b7bac5,2026-09-26,13:41:23.24,2026-09-26,18:41:23.24,2026-09-26T13:41:23.2455680-05:00,2026-09-26T18:41:23.2455680Z,TEX_BOB,TEX_BOB,StrikeCalled,Undefined,LeftInfieldShift,97.12859,67.56457,156.47918,-17.75861,89.94724,-67.20242,141.31065,-47.65311,255.14251,-127.75974,309.50123,7.53724,254.22744,138.23615,"Sidener, Walk On",0,"Alaniz, Rylan",10304817,"Leininger, Ryley",816158,"Foor, Daylen",1000165264,"Gillis, Jacob",10036249,"Fryman, Bennett",814538,"Byrd, Cadyn",1000608881,TRUE,,
2ba689f5-0a51-434d-b16f-7bf8e874323a,208,eea3f3c0-b9d9-11f1-b355-4337f3c2f3af,c5cf0657-57b9-4de7-9f7f-dc3aebaa075f,2026-09-26,13:41:38.64,2026-09-26,18:41:38.64,2026-09-26T13:41:38.6447872-05:00,2026-09-26T18:41:38.6447872Z,TEX_BOB,TEX_BOB,BallCalled,Undefined,LeftInfieldShift,96.18607,70.32244,157.2088,-14.7715,89.84598,-67.0729,142.39566,-48.1787,255.98145,-126.65152,309.14793,9.76476,256.40647,139.14775,"Sidener, Walk On",0,"Alaniz, Rylan",10304817,"Leininger, Ryley",816158,"Foor, Daylen",1000165264,"Gillis, Jacob",10036249,"Fryman, Bennett",814538,"Byrd, Cadyn",1000608881,TRUE,,
2ba689f5-0a51-434d-b16f-7bf8e874323a,209,fb04beb0-b9d9-11f1-b355-4337f3c2f3af,7d42c7ff-1cd4-4e82-810f-627c01bc1de2,2026-09-26,13:41:59.41,2026-09-26,18:41:59.41,2026-09-26T13:41:59.4158592-05:00,2026-09-26T18:41:59.4158592Z,TEX_BOB,TEX_BOB,BallCalled,Undefined,LeftInfieldShift,96.33138,70.85865,156.04827,-15.12425,88.42375,-66.57431,141.78463,-48.56184,255.71341,-126.67595,308.91998,9.90364,252.0553,139.77729,"Sidener, Walk On",0,"Alaniz, Rylan",10304817,"Leininger, Ryley",816158,"Foor, Daylen",1000165264,"Gillis, Jacob",10036249,"Fryman, Bennett",814538,"Byrd, Cadyn",1000608881,TRUE,,
2ba689f5-0a51-434d-b16f-7bf8e874323a,210,11d1fea0-b9da-11f1-b355-4337f3c2f3af,c81310a1-5494-45de-813f-a27811627139,2026-09-26,13:42:37.66,2026-09-26,18:42:37.66,2026-09-26T13:42:37.6638976-05:00,2026-09-26T18:42:37.6638976Z,TEX_BOB,TEX_BOB,BallCalled,Undefined,NoShift,62.11693,57.66126,140.627,26.75927,85.82988,-63.35219,137.95291,-38.04553,254.17119,-126.7919,319.043,13.46457,254.15744,133.12489,"Sidener, Walk On",0,"Alaniz, Rylan",10304817,"Leininger, Ryley",816158,"Foor, Daylen",1000165264,"Gillis, Jacob",10036249,"Fryman, Bennett",814538,"Byrd, Cadyn",1000608881,TRUE,,
2ba689f5-0a51-434d-b16f-7bf8e874323a,211,1ed990e0-b9da-11f1-b355-4337f3c2f3af,3e558a51-a4a4-406e-bf8f-274bbf3f62f5,2026-09-26,13:42:59.57,2026-09-26,18:42:59.57,2026-09-26T13:42:59.5790336-05:00,2026-09-26T18:42:59.5790336Z,TEX_BOB,TEX_BOB,BallCalled,Undefined,NoShift,62.1252,57.8294,141.2414,25.72132,85.44336,-63.22305,139.89053,-35.70121,253.64046,-125.6101,318.06468,14.53092,252.92006,133.23235,"Sidener, Walk On",0,"Alaniz, Rylan",10304817,"Leininger, Ryley",816158,"Foor, Daylen",1000165264,"Gillis, Jacob",10036249,"Fryman, Bennett",814538,"Byrd, Cadyn",1000608881,TRUE,,
2ba689f5-0a51-434d-b16f-7bf8e874323a,212,2e34d720-b9da-11f1-b355-4337f3c2f3af,695bc456-51f7-4da9-aa8f-2730fbd49ba4,2026-09-26,13:43:25.34,2026-09-26,18:43:25.34,2026-09-26T13:43:25.3423104-05:00,2026-09-26T18:43:25.3423104Z,TEX_BOB,TEX_BOB,InPlay,Single,NoShift,62.12401,58.17979,141.01702,25.3578,84.06244,-61.27759,141.02536,-35.94971,253.93223,-127.58721,314.08926,12.74321,252.63059,132.80706,"Sidener, Walk On",0,"Alaniz, Rylan",10304817,"Leininger, Ryley",816158,"Foor, Daylen",1000165264,"Gillis, Jacob",10036249,"Fryman, Bennett",814538,"Byrd, Cadyn",1000608881,TRUE,"Fryman, Bennett",CF
2ba689f5-0a51-434d-b16f-7bf8e874323a,213,c2076670-b9da-11f1-b355-4337f3c2f3af,8a26f40b-3e19-41a8-bc98-83961b5438a1,2026-09-26,13:47:33.25,2026-09-26,18:47:33.25,2026-09-26T13:47:33.2575232-05:00,2026-09-26T18:47:33.2575232Z,TEX_BOB,TEX_BOB,BallCalled,Undefined,RightInfieldShift,91.72793,73.6526,148.33546,62.25931,84.85826,-63.78046,154.84184,20.82687,264.91065,-118.82132,313.60388,-2.97265,250.80501,125.85141,"Namken, Clayton",834577,"Wheatley, Luke",10290520,"Arebalo, Walk On",0,"Boles, Brady",841175,"Pellien, Walk On",0,"Cotton, Jackson",828562,"Mitchell, Drayton",10156664,TRUE,,
2ba689f5-0a51-434d-b16f-7bf8e874323a,214,cd093da0-b9da-11f1-b355-4337f3c2f3af,d27b3e1f-cf74-4568-8fe7-fcfe6ad421c8,2026-09-26,13:47:51.74,2026-09-26,18:47:51.74,2026-09-26T13:47:51.7466112-05:00,2026-09-26T18:47:51.7466112Z,TEX_BOB,TEX_BOB,BallCalled,Undefined,RightInfieldShift,89.83665,72.58937,147.42562,62.57241,86.26764,-63.62802,154.97123,20.36446,267.25925,-120.5479,313.45989,-2.17044,246.55168,124.39933,"Namken, Clayton",834577,"Wheatley, Luke",10290520,"Arebalo, Walk On",0,"Boles, Brady",841175,"Pellien, Walk On",0,"Cotton, Jackson",828562,"Mitchell, Drayton",10156664,TRUE,,
2ba689f5-0a51-434d-b16f-7bf8e874323a,215,d94c6e70-b9da-11f1-b355-4337f3c2f3af,dcc2600f-18b2-4407-bd87-3804c26a9e33,2026-09-26,13:48:12.35,2026-09-26,18:48:12.35,2026-09-26T13:48:12.3587072-05:00,2026-09-26T18:48:12.3587072Z,TEX_BOB,TEX_BOB,StrikeSwinging,Undefined,RightInfieldShift,90.77397,71.84878,147.06081,64.29787,87.43491,-66.92148,154.8892,20.18239,264.53743,-120.83041,314.02775,-2.8742,247.70916,124.81524,"Namken, Clayton",834577,"Wheatley, Luke",10290520,"Arebalo, Walk On",0,"Boles, Brady",841175,"Pellien, Walk On",0,"Cotton, Jackson",828562,"Mitchell, Drayton",10156664,TRUE,,
2ba689f5-0a51-434d-b16f-7bf8e874323a,216,e6f6a950-b9da-11f1-b355-4337f3c2f3af,3cf0a3b1-b03f-4c93-aff4-6466d6a9a116,2026-09-26,13:48:35.20,2026-09-26,18:48:35.20,2026-09-26T13:48:35.2081920-05:00,2026-09-26T18:48:35.2081920Z,TEX_BOB,TEX_BOB,InPlay,Out,RightInfieldShift,89.83081,72.40487,147.62939,63.23676,87.37629,-66.514,155.07392,19.83857,266.35551,-121.56194,316.32848,-3.81475,250.90021,123.42954,"Namken, Clayton",834577,"Wheatley, Luke",10290520,"Arebalo, Walk On",0,"Boles, Brady",841175,"Pellien, Walk On",0,"Cotton, Jackson",828562,"Mitchell, Drayton",10156664,TRUE,"Boles, Brady",SS
2ba689f5-0a51-434d-b16f-7bf8e874323a,217,0129a980-b9db-11f1-b355-4337f3c2f3af,8a0ffdb7-3dae-4d01-bf28-749280114728,2026-09-26,13:49:19.22,2026-09-26,18:49:19.22,2026-09-26T13:49:19.2220000-05:00,2026-09-26T18:49:19.2220000Z,TEX_BOB,TEX_BOB,BallCalled,Undefined,LeftInfieldShift,92.40973,61.90287,154.55229,-23.80161,88.8184,-67.90477,140.19502,-50.126,252.26019,-132.1972,309.76125,-2.0566,240.94055,128.2494,"Namken, Clayton",834577,"Wheatley, Luke",10290520,"Arebalo, Walk On",0,"Boles, Brady",841175,"Pellien, Walk On",0,"Cotton, Jackson",828562,"Mitchell, Drayton",10156664,TRUE,,
2ba689f5-0a51-434d-b16f-7bf8e874323a,218,0b2e34f0-b9db-11f1-b355-4337f3c2f3af,9dfafebf-83c7-4f76-bb98-1da6e058c641,2026-09-26,13:49:36.01,2026-09-26,18:49:36.01,2026-09-26T13:49:36.0188928-05:00,2026-09-26T18:49:36.0188928Z,TEX_BOB,TEX_BOB,StrikeCalled,Undefined,LeftInfieldShift,93.51965,63.52165,154.60769,-24.2242,90.59658,-68.77487,140.46495,-50.4165,249.294,-130.40221,310.1546,-2.46475,239.0435,126.60794,"Namken, Clayton",834577,"Wheatley, Luke",10290520,"Arebalo, Walk On",0,"Boles, Brady",841175,"Pellien, Walk On",0,"Cotton, Jackson",828562,"Mitchell, Drayton",10156664,TRUE,,
2ba689f5-0a51-434d-b16f-7bf8e874323a,219,15728880-b9db-11f1-b355-4337f3c2f3af,2c393c15-07bd-4e19-9179-1e60fc9a8472,2026-09-26,13:49:53.25,2026-09-26,18:49:53.25,2026-09-26T13:49:53.2538880-05:00,2026-09-26T18:49:53.2538880Z,TEX_BOB,TEX_BOB,StrikeCalled,Undefined,LeftInfieldShift,94.80361,63.76674,154.45602,-24.32062,91.50052,-68.9049,140.35337,-50.10636,253.60554,-131.82029,311.65519,-2.55286,239.39865,126.74944,"Namken, Clayton",834577,"Wheatley, Luke",10290520,"Arebalo, Walk On",0,"Boles, Brady",841175,"Pellien, Walk On",0,"Cotton, Jackson",828562,"Mitchell, Drayton",10156664,TRUE,,
2ba689f5-0a51-434d-b16f-7bf8e874323a,220,217729b0-b9db-11f1-b355-4337f3c2f3af,5b7ab196-b7bc-48ac-822b-5da464a024a2,2026-09-26,13:50:13.40,2026-09-26,18:50:13.40,2026-09-26T13:50:13.4090240-05:00,2026-09-26T18:50:13.4090240Z,TEX_BOB,TEX_BOB,StrikeSwinging,Undefined,LeftInfieldShift,95.47909,65.97211,155.66032,-24.12982,91.05009,-69.25755,140.14589,-50.26692,253.69819,-133.16952,310.0653,-2.08305,239.37768,126.99651,"Namken, Clayton",834577,"Wheatley, Luke",10290520,"Arebalo, Walk On",0,"Boles, Brady",841175,"Pellien, Walk On",0,"Cotton, Jackson",828562,"Mitchell, Drayton",10156664,TRUE,,
2ba689f5-0a51-434d-b16f-7bf8e874323a,221,371649e0-b9db-11f1-b355-4337f3c2f3af,75398baf-aaf1-4f91-b3b2-88a1becdad95,2026-09-26,13:50:49.69,2026-09-26,18:50:49.69,2026-09-26T13:50:49.6981504-05:00,2026-09-26T18:50:49.6981504Z,TEX_BOB,TEX_BOB,BallCalled,Undefined,RightInfieldShift,91.08194,72.98262,144.61031,62.42174,94.7283,-66.78002,155.64577,18.93308,250.49375,-132.21529,303.2673,-3.23974,251.04307,122.77887,"Namken, Clayton",834577,"Wheatley, Luke",10290520,"Arebalo, Walk On",0,"Boles, Brady",841175,"Pellien, Walk On",0,"Cotton, Jackson",828562,"Mitchell, Drayton",10156664,TRUE,,
2ba689f5-0a51-434d-b16f-7bf8e874323a,222,429910e0-b9db-11f1-b355-4337f3c2f3af,1e321a8e-cdc6-4b01-8459-cd5feb83893c,2026-09-26,13:51:08.99,2026-09-26,18:51:08.99,2026-09-26T13:51:08.9952768-05:00,2026-09-26T18:51:08.9952768Z,TEX_BOB,TEX_BOB,StrikeSwinging,Undefined,RightInfieldShift,88.87388,71.72658,143.26133,61.85874,95.83413,-66.25925,155.29916,18.65838,253.24129,-133.47878,304.95523,-2.9137,250.53888,119.85024,"Namken, Clayton",834577,"Wheatley, Luke",10290520,"Arebalo, Walk On",0,"Boles, Brady",841175,"Pellien, Walk On",0,"Cotton, Jackson",828562,"Mitchell, Drayton",10156664,TRUE,,
2ba689f5-0a51-434d-b16f-7bf8e874323a,223,4e7b5d00-b9db-11f1-b355-4337f3c2f3af,d9c74360-4a6d-41e7-9f14-e69e8b4c77a6,2026-09-26,13:51:28.93,2026-09-26,18:51:28.93,2026-09-26T13:51:28.9310720-05:00,2026-09-26T18:51:28.9310720Z,TEX_BOB,TEX_BOB,FoulBallNotFieldable,Undefined,RightInfieldShift,92.1691,72.1389,145.67382,63.62125,97.68223,-67.40123,156.66064,19.09971,255.73442,-134.73043,305.94983,-2.87312,250.58547,120.59638,"Namken, Clayton",834577,"Wheatley, Luke",10290520,"Arebalo, Walk On",0,"Boles, Brady",841175,"Pellien, Walk On",0,"Cotton, Jackson",828562,"Mitchell, Drayton",10156664,TRUE,,
2ba689f5-0a51-434d-b16f-7bf8e874323a,224,5e5a5230-b9db-11f1-b355-4337f3c2f3af,762a80bd-8dff-4696-919c-8844e923e8b9,2026-09-26,13:51:55.60,2026-09-26,18:51:55.60,2026-09-26T13:51:55.6007424-05:00,2026-09-26T18:51:55.6007424Z,TEX_BOB,TEX_BOB,StrikeSwinging,Undefined,RightInfieldShift,90.73128,71.87539,144.60052,64.03424,96.69004,-68.14881,155.24667,18.61323,254.58204,-129.79751,308.90758,-3.60588,249.54921,119.72744,"Namken, Clayton",834577,"Wheatley, Luke",10290520,"Arebalo, Walk On",0,"Boles, Brady",841175,"Pellien, Walk On",0,"Cotton, Jackson",828562,"Mitchell, Drayton",10156664,TRUE,,
2ba689f5-0a51-434d-b16f-7bf8e874323a,225,ece038d0-b9db-11f1-b355-4337f3c2f3af,7165b4c5-8f67-43d8-bbb5-aed870990e22,2026-09-26,13:55:54.75,2026-09-26,18:55:54.75,2026-09-26T13:55:54.7579392-05:00,2026-09-26T18:55:54.7579392Z,TEX_BOB,TEX_BOB,StrikeCalled,Undefined,NoShift,92.70819,82.41814,141.57732,53.18978,91.3397,-44.96387,149.53246,-33.39838,257.10962,-137.23947,330.15948,-13.27593,251.69317,125.38016,"Sidener, Walk On",0,"Alaniz, Rylan",10304817,,,"Foor, Daylen",1000165264,"Gillis, Jacob",10036249,"Fryman, Bennett",814538,"Byrd, Cadyn",1000608881,TRUE,,
2ba689f5-0a51-434d-b16f-7bf8e874323a,226,f9baeeb0-b9db-11f1-b355-4337f3c2f3af,062b60ff-d913-43fa-998c-f1e419c0271f,2026-09-26,13:56:16.25,2026-09-26,18:56:16.25,2026-09-26T13:56:16.2504192-05:00,2026-09-26T18:56:16.2504192Z,TEX_BOB,TEX_BOB,BallCalled,Undefined,NoShift,92.81422,82.32832,142.18798,55.28958,90.74744,-45.11436,149.96695,-34.31868,256.54639,-136.89556,326.06789,-13.33844,259.5175,123.23471,"Sidener, Walk On",0,"Alaniz, Rylan",10304817,,,"Foor, Daylen",1000165264,"Gillis, Jacob",10036249,"Fryman, Bennett",814538,"Byrd, Cadyn",1000608881,TRUE,,
2ba689f5-0a51-434d-b16f-7bf8e874323a,227,0701faf0-b9dc-11f1-b355-4337f3c2f3af,e10eddca-b284-4479-ac3f-384440d6e9ab,2026-09-26,13:56:38.59,2026-09-26,18:56:38.59,2026-09-26T13:56:38.5979392-05:00,2026-09-26T18:56:38.5979392Z,TEX_BOB,TEX_BOB,BallCalled,Undefined,NoShift,92.29911,82.34945,141.04847,55.20806,91.4453,-45.88646,148.67802,-35.14476,257.00918,-136.29707,325.17137,-16.73423,260.51447,123.68495,"Sidener, Walk On",0,"Alaniz, Rylan",10304817,,,"Foor, Daylen",1000165264,"Gillis, Jacob",10036249,"Fryman, Bennett",814538,"Byrd, Cadyn",1000608881,TRUE,,
2ba689f5-0a51-434d-b16f-7bf8e874323a,228,18235b30-b9dc-11f1-b355-4337f3c2f3af,c73e0736-9948-459b-afc3-6292c713c5d4,2026-09-26,13:57:07.33,2026-09-26,18:57:07.33,2026-09-26T13:57:07.3397248-05:00,2026-09-26T18:57:07.3397248Z,TEX_BOB,TEX_BOB,InPlay,Single,NoShift,92.73858,84.12913,141.18974,55.79933,91.8305,-46.37895,148.68063,-31.83952,256.80059,-135.98856,321.03891,-14.59306,266.28542,123.8876,"Sidener, Walk On",0,"Alaniz, Rylan",10304817,,,"Foor, Daylen",1000165264,"Gillis, Jacob",10036249,"Fryman, Bennett",814538,"Byrd, Cadyn",1000608881,TRUE,"Byrd, Cadyn",RF
2ba689f5-0a51-434d-b16f-7bf8e874323a,229,30106300-b9dc-11f1-b355-4337f3c2f3af,9880d58c-c05b-4691-813d-9d5c7ade922f,2026-09-26,13:57:47.43,2026-09-26,18:57:47.43,2026-09-26T13:57:47.4331648-05:00,2026-09-26T18:57:47.4331648Z,TEX_BOB,TEX_BOB,BallCalled,Undefined,NoShift,64.11792,56.24828,137.77693,25.25148,87.62514,-68.43112,137.56711,-33.92904,259.24756,-132.50734,322.11841,15.946,252.78993,126.53149,"Sidener, Walk On",0,"Alaniz, Rylan",10304817,,,"Foor, Daylen",1000165264,"Gillis, Jacob",10036249,"Fryman, Bennett",814538,"Byrd, Cadyn",1000608881,TRUE,,
2ba689f5-0a51-434d-b16f-7bf8e874323a,230,3d5377a0-b9dc-11f1-b355-4337f3c2f3af,7ca82f9b-931e-4445-8f0e-f46f7a4eeacd,2026-09-26,13:58:09.70,2026-09-26,18:58:09.70,2026-09-26T13:58:09.7029120-05:00,2026-09-26T18:58:09.7029120Z,TEX_BOB,TEX_BOB,StrikeCalled,Undefined,NoShift,64.15679,56.57701,137.68199,26.76111,87.67535,-68.14179,139.59738,-33.07299,260.12491,-131.50141,319.31368,15.87594,252.11241,122.74447,"Sidener, Walk On",0,"Alaniz, Rylan",10304817,,,"Foor, Daylen",1000165264,"Gillis, Jacob",10036249,"Fryman, Bennett",814538,"Byrd, Cadyn",1000608881,TRUE,,
2ba689f5-0a51-434d-b16f-7bf8e874323a,231,5da4c860-b9dc-11f1-b355-4337f3c2f3af,bb4ca2f9-9f4c-42b9-9d59-db1d84d9ea47,2026-09-26,13:59:03.92,2026-09-26,18:59:03.92,2026-09-26T13:59:03.9208448-05:00,2026-09-26T18:59:03.9208448Z,TEX_BOB,TEX_BOB,BallCalled,Undefined,LeftInfieldShift,98.5158,69.51921,157.07674,-16.51613,95.32732,-72.45242,146.02923,-42.92959,262.3371,-134.33517,318.6294,13.83797,251.95441,126.48106,"Sidener, Walk On",0,"Alaniz, Rylan",10304817,,,"Foor, Daylen",1000165264,"Gillis, Jacob",10036249,"Fryman, Bennett",814538,"Byrd, Cadyn",1000608881,TRUE,,
2ba689f5-0a51-434d-b16f-7bf8e874323a,232,6c990f70-b9dc-11f1-b355-4337f3c2f3af,58061126-e687-48e1-84f6-52e0bd0f5fc0,2026-09-26,13:59:29.07,2026-09-26,18:59:29.07,2026-09-26T13:59:29.0703360-05:00,2026-09-26T18:59:29.0703360Z,TEX_BOB,TEX_BOB,FoulBallNotFieldable,Undefined,LeftInfieldShift,98.38288,70.1543,157.49864,-13.80784,95.91052,-74.30395,145.6985,-44.71003,260.42912,-133.90725,316.4196,14.73366,254.56169,126.37909,"Sidener, Walk On",0,"Alaniz, Rylan",10304817,,,"Foor, Daylen",1000165264,"Gillis, Jacob",10036249,"Fryman, Bennett",814538,"Byrd, Cadyn",1000608881,TRUE,,
2ba689f5-0a51-434d-b16f-7bf8e874323a,233,7d955b80-b9dc-11f1-b355-4337f3c2f3af,664a9a5a-b319-4c7c-937a-7094c7fabc67,2026-09-26,13:59:57.49,2026-09-26,18:59:57.49,2026-09-26T13:59:57.4940000-05:00,2026-09-26T18:59:57.4940000Z,TEX_BOB,TEX_BOB,StrikeCalled,Undefined,NoShift,93.28601,76.26007,149.87114,32.16815,94.88464,-75.07215,145.18882,-43.04062,260.57379,-133.60115,316.20785,16.54347,257.20225,135.32981,"Sidener, Walk On",0,"Alaniz, Rylan",10304817,,,"Foor, Daylen",1000165264,"Gillis, Jacob",10036249,"Fryman, Bennett",814538,"Byrd, Cadyn",1000608881,TRUE,,
2ba689f5-0a51-434d-b16f-7bf8e874323a,234,9046d1a0-b9dc-11f1-b355-4337f3c2f3af,82c377e8-1d07-4750-806d-6f22170f376a,2026-09-26,14:00:28.88,2026-09-26,19:00:28.88,2026-09-26T14:00:28.8842752-05:00,2026-09-26T19:00:28.8842752Z,TEX_BOB,TEX_BOB,StrikeCalled,Undefined,LeftInfieldShift,97.38154,69.46051,156.7865,-13.52851,98.64818,-77.9441,144.75015,-48.05421,256.58469,-130.62453,300.88998,-0.17399,252.20895,127.7869,"Sidener, Walk On",0,"Alaniz, Rylan",10304817,,,"Foor, Daylen",1000165264,"Gillis, Jacob",10036249,"Fryman, Bennett",814538,"Byrd, Cadyn",1000608881,TRUE,,
2ba689f5-0a51-434d-b16f-7bf8e874323a,235,9b9cbc40-b9dc-11f1-b355-4337f3c2f3af,02365be7-956f-4716-9614-e056d793a94b,2026-09-26,14:00:47.87,2026-09-26,19:00:47.87,2026-09-26T14:00:47.8705152-05:00,2026-09-26T19:00:47.8705152Z,TEX_BOB,TEX_BOB,BallCalled,Undefined,LeftInfieldShift,96.54028,75.1948,156.58494,-13.72059,98.83203,-77.9859,145.63102,-48.25066,256.18483,-129.66803,299.84679,-0.48927,249.17471,126.80045,"Sidener, Walk On",0,"Alaniz, Rylan",10304817,,,"Foor, Daylen",1000165264,"Gillis, Jacob",10036249,"Fryman, Bennett",814538,"Byrd, Cadyn",1000608881,TRUE,,
2ba689f5-0a51-434d-b16f-7bf8e874323a,236,a8cfa440-b9dc-11f1-b355-4337f3c2f3af,bd3e1e48-ddbc-411e-896c-0aa5b2c214e3,2026-09-26,14:01:10.00,2026-09-26,19:01:10.00,2026-09-26T14:01:10.0017152-05:00,2026-09-26T19:01:10.0017152Z,TEX_BOB,TEX_BOB,BallCalled,Undefined,LeftInfieldShift,96.06426,74.34397,157.36046,-13.78939,99.44681,-78.32541,143.425,-47.03593,256.96137,-129.92923,298.09354,-1.01706,249.65231,123.61552,"Sidener, Walk On",0,"Alaniz, Rylan",10304817,,,"Foor, Daylen",1000165264,"Gillis, Jacob",10036249,"Fryman, Bennett",814538,"Byrd, Cadyn",1000608881,TRUE,,
2ba689f5-0a51-434d-b16f-7bf8e874323a,237,b4d5f320-b9dc-11f1-b355-4337f3c2f3af,29afd19f-bd14-4985-aebf-7b1833c3e8ab,2026-09-26,14:01:30.20,2026-09-26,19:01:30.20,2026-09-26T14:01:30.2026240-05:00,2026-09-26T19:01:30.2026240Z,TEX_BOB,TEX_BOB,BallCalled,Undefined,LeftInfieldShift,95.54171,73.71031,156.92453,-13.6003,99.08822,-77.88369,143.90558,-47.7446,257.05939,-130.2999,295.37453,-0.68047,252.81068,123.70686,"Sidener, Walk On",0,"Alaniz, Rylan",10304817,,,"Foor, Daylen",1000165264,"Gillis, Jacob",10036249,"Fryman, Bennett",814538,"Byrd, Cadyn",1000608881,TRUE,,
2ba689f5-0a51-434d-b16f-7bf8e874323a,238,c44d25d0-b9dc-11f1-b355-4337f3c2f3af,e4b6d4f0-da57-428f-b694-569639848901,2026-09-26,14:01:56.18,2026-09-26,19:01:56.18,2026-09-26T14:01:56.1866752-05:00,2026-09-26T19:01:56.1866752Z,TEX_BOB,TEX_BOB,StrikeSwinging,Undefined,LeftInfieldShift,95.17698,71.09425,156.33141,-13.55496,99.00815,-78.17419,143.04322,-49.41718,255.52517,-129.8753,294.95764,-0.24262,250.91085,126.96216,"Sidener, Walk On",0,"Alaniz, Rylan",10304817,,,"Foor, Daylen",1000165264,"Gillis, Jacob",10036249,"Fryman, Bennett",814538,"Byrd, Cadyn",1000608881,TRUE,,
2ba689f5-0a51-434d-b16f-7bf8e874323a,239,d0f31010-b9dc-11f1-b355-4337f3c2f3af,58535d6e-6dc4-4c50-929e-692fc27e7d39,2026-09-26,14:02:17.42,2026-09-26,19:02:17.42,2026-09-26T14:02:17.4233088-05:00,2026-09-26T19:02:17.4233088Z,TEX_BOB,TEX_BOB,InPlay,Out,LeftInfieldShift,97.16797,71.87658,156.89482,-13.91205,99.04751,-79.10985,143.13199,-47.94901,257.9675,-134.12505,294.01312,0.88199,252.88707,131.19292,"Sidener, Walk On",0,"Alaniz, Rylan",10304817,,,"Foor, Daylen",1000165264,"Gillis, Jacob",10036249,"Fryman, Bennett",814538,"Byrd, Cadyn",1000608881,TRUE,"Byrd, Cadyn",RF
f0eb6603-68c1-477a-aa4e-9a6a6ddda28d,1,ee25a330-be93-11f1-87ba-cb46726a41eb,5146bc81-a163-426e-bbca-852694e380c4,2026-10-02,14:03:09.16,2026-10-02,19:03:09.16,2026-10-02T14:03:09.1640000-05:00,2026-10-02T19:03:09.1640000Z,TEX_BOB,TEX_BOB,BallCalled,Undefined,NoShift,92.10683,59.73761,150.52738,26.99931,89.34107,-70.70349,135.36327,-57.68263,254.23044,-129.52965,307.14907,-0.90359,248.30504,126.86671,"Gillis, Jacob",,"Boles, Brady",,"Carson, Tanner",,"Alaniz, Rylan",,"Walk On, Pelien",,"Cotton, Jackson",,"Mitchell, Drayton",,TRUE,,
f0eb6603-68c1-477a-aa4e-9a6a6ddda28d,2,f78bf2d0-be93-11f1-87ba-cb46726a41eb,60d155a1-8df5-4907-bc88-c17182c5eb71,2026-10-02,14:03:24.89,2026-10-02,19:03:24.89,2026-10-02T14:03:24.8970000-05:00,2026-10-02T19:03:24.8970000Z,TEX_BOB,TEX_BOB,FoulBallNotFieldable,Undefined,NoShift,90.55369,58.87262,150.4889,27.52224,90.86579,-72.26924,134.21578,-58.90407,252.98317,-129.59751,306.23486,-1.59225,245.82672,125.68102,"Gillis, Jacob",,"Boles, Brady",,"Carson, Tanner",,"Alaniz, Rylan",,"Walk On, Pelien",,"Cotton, Jackson",,"Mitchell, Drayton",,TRUE,,
f0eb6603-68c1-477a-aa4e-9a6a6ddda28d,3,0a8ac5a0-be94-11f1-87ba-cb46726a41eb,1f56aefc-6ff1-4c39-98d7-3af8002c766b,2026-10-02,14:03:56.80,2026-10-02,19:03:56.80,2026-10-02T14:03:56.8070000-05:00,2026-10-02T19:03:56.8070000Z,TEX_BOB,TEX_BOB,BallCalled,Undefined,NoShift,91.91356,59.85931,150.59822,27.20621,89.0648,-70.51651,134.39055,-55.0322,249.06538,-130.12783,304.97285,1.8583,245.19978,135.29769,"Gillis, Jacob",,"Boles, Brady",,"Carson, Tanner",,"Alaniz, Rylan",,"Walk On, Pelien",,"Cotton, Jackson",,"Mitchell, Drayton",,TRUE,,
f0eb6603-68c1-477a-aa4e-9a6a6ddda28d,4,14890f80-be94-11f1-87ba-cb46726a41eb,1e5a604d-a5c6-4614-9529-9c327d37b38b,2026-10-02,14:04:13.46,2026-10-02,19:04:13.46,2026-10-02T14:04:13.4670000-05:00,2026-10-02T19:04:13.4670000Z,TEX_BOB,TEX_BOB,InPlay,Out,NoShift,93.13672,61.66211,150.42529,28.97745,91.81685,-73.15097,135.29507,-56.50758,251.78515,-133.65844,307.78529,0.86414,243.53596,133.94615,"Gillis, Jacob",,"Boles, Brady",,"Carson, Tanner",,"Alaniz, Rylan",,"Walk On, Pelien",,"Cotton, Jackson",,"Mitchell, Drayton",,TRUE,,
f0eb6603-68c1-477a-aa4e-9a6a6ddda28d,5,2bdbac10-be94-11f1-87ba-cb46726a41eb,510b57f8-00cd-4e84-a389-d7cb25166e41,2026-10-02,14:04:52.65,2026-10-02,19:04:52.65,2026-10-02T14:04:52.6590000-05:00,2026-10-02T19:04:52.6590000Z,TEX_BOB,TEX_BOB,StrikeSwinging,Undefined,NoShift,91.42429,74.81427,142.40636,58.32939,109.39738,-61.39577,147.89377,-35.72925,259.3039,-126.51321,308.05142,-3.03004,250.47063,135.97752,"Gillis, Jacob",,"Boles, Brady",,"Carson, Tanner",,"Alaniz, Rylan",,"Walk On, Pelien",,"Cotton, Jackson",,"Mitchell, Drayton",,TRUE,,
f0eb6603-68c1-477a-aa4e-9a6a6ddda28d,6,36264130-be94-11f1-87ba-cb46726a41eb,4f3647bf-cf1c-4cd7-84e6-2e4856f78c87,2026-10-02,14:05:09.89,2026-10-02,19:05:09.89,2026-10-02T14:05:09.8950000-05:00,2026-10-02T19:05:09.8950000Z,TEX_BOB,TEX_BOB,FoulBallNotFieldable,Undefined,NoShift,92.92498,75.96915,138.8275,59.07424,111.99494,-61.76611,147.41751,-35.72179,258.81909,-126.53376,311.33324,-2.18111,252.5322,129.64113,"Gillis, Jacob",,"Boles, Brady",,"Carson, Tanner",,"Alaniz, Rylan",,"Walk On, Pelien",,"Cotton, Jackson",,"Mitchell, Drayton",,TRUE,,
f0eb6603-68c1-477a-aa4e-9a6a6ddda28d,7,46d41f20-be94-11f1-87ba-cb46726a41eb,3b586569-ae27-4738-b630-1e9e4a66f4d0,2026-10-02,14:05:37.85,2026-10-02,19:05:37.85,2026-10-02T14:05:37.8540000-05:00,2026-10-02T19:05:37.8540000Z,TEX_BOB,TEX_BOB,InPlay,Single,NoShift,92.48519,76.31868,140.62859,60.39851,109.82354,-58.32586,148.78409,-34.98787,257.07724,-125.85998,312.42927,-1.76139,250.10865,126.94974,"Gillis, Jacob",,"Boles, Brady",,"Carson, Tanner",,"Alaniz, Rylan",,"Walk On, Pelien",,"Cotton, Jackson",,"Mitchell, Drayton",,TRUE,,
f0eb6603-68c1-477a-aa4e-9a6a6ddda28d,8,5e9c12c0-be94-11f1-87ba-cb46726a41eb,78390f3d-aee5-4670-91db-578dcdfb9580,2026-10-02,14:06:17.80,2026-10-02,19:06:17.80,2026-10-02T14:06:17.8050000-05:00,2026-10-02T19:06:17.8050000Z,TEX_BOB,TEX_BOB,BallCalled,Undefined,NoShift,63.22904,58.13059,139.0342,28.2591,83.99106,-65.79208,137.36133,-30.25589,256.30584,-125.44439,311.9502,-1.55159,239.25111,128.95808,"Gillis, Jacob",,"Boles, Brady",,"Carson, Tanner",,"Alaniz, Rylan",,"Walk On, Pelien",,"Cotton, Jackson",,"Mitchell, Drayton",,TRUE,,
f0eb6603-68c1-477a-aa4e-9a6a6ddda28d,9,847603c0-be94-11f1-87ba-cb46726a41eb,4fd7831c-0fb5-4221-9592-2031ac127d9f,2026-10-02,14:07:21.21,2026-10-02,19:07:21.21,2026-10-02T14:07:21.2190000-05:00,2026-10-02T19:07:21.2190000Z,TEX_BOB,TEX_BOB,StrikeCalled,Undefined,NoShift,80.80952,48.61481,148.95972,36.32786,74.8733,-57.61848,137.20688,-56.80056,250.56416,-129.72344,303.91477,-1.59131,239.01459,125.75686,"Gillis, Jacob",,"Boles, Brady",,"Carson, Tanner",,"Alaniz, Rylan",,"Walk On, Pelien",,"Cotton, Jackson",,"Mitchell, Drayton",,TRUE,,
f0eb6603-68c1-477a-aa4e-9a6a6ddda28d,10,8ee9a4b0-be94-11f1-87ba-cb46726a41eb,7af82763-ca32-41b0-89f8-bee7859df0b7,2026-10-02,14:07:38.75,2026-10-02,19:07:38.75,2026-10-02T14:07:38.7520000-05:00,2026-10-02T19:07:38.7520000Z,TEX_BOB,TEX_BOB,FoulBallNotFieldable,Undefined,NoShift,80.70428,48.72848,148.46375,34.7316,75.97334,-57.96742,134.72307,-58.47354,253.04423,-130.35392,302.99953,-2.23996,236.59282,124.44268,"Gillis, Jacob",,"Boles, Brady",,"Carson, Tanner",,"Alaniz, Rylan",,"Walk On, Pelien",,"Cotton, Jackson",,"Mitchell, Drayton",,TRUE,,
f0eb6603-68c1-477a-aa4e-9a6a6ddda28d,11,9e27ed10-be94-11f1-87ba-cb46726a41eb,03ee678b-fc01-49e0-95e7-7d49f9766e46,2026-10-02,14:08:04.33,2026-10-02,19:08:04.33,2026-10-02T14:08:04.3320000-05:00,2026-10-02T19:08:04.3320000Z,TEX_BOB,TEX_BOB,StrikeCalled,Undefined,NoShift,84.66629,49.27894,148.38681,31.20344,77.47276,-61.28609,136.48278,-59.47801,250.33201,-130.75096,306.80741,-1.75166,243.15801,127.37044,"Gillis, Jacob",,"Boles, Brady",,"Carson, Tanner",,"Alaniz, Rylan",,"Walk On, Pelien",,"Cotton, Jackson",,"Mitchell, Drayton",,TRUE,,
f0eb6603-68c1-477a-aa4e-9a6a6ddda28d,12,ae945530-be94-11f1-87ba-cb46726a41eb,07e1c6ca-df7b-4b3c-96cc-66e0f4098103,2026-10-02,14:08:31.89,2026-10-02,19:08:31.89,2026-10-02T14:08:31.8990000-05:00,2026-10-02T19:08:31.8990000Z,TEX_BOB,TEX_BOB,BallCalled,Undefined,RightInfieldShift,92.59915,77.5365,153.73533,83.839,115.65982,-57.56757,161.29574,5.39545,262.84377,-188.42742,318.88254,28.86313,241.38804,143.58891,"Gillis, Jacob",,"Boles, Brady",,"Carson, Tanner",,"Alaniz, Rylan",,"Walk On, Pelien",,"Cotton, Jackson",,"Mitchell, Drayton",,TRUE,,
f0eb6603-68c1-477a-aa4e-9a6a6ddda28d,13,bb4a6c10-be94-11f1-87ba-cb46726a41eb,4dd1c6fb-febd-4d35-8607-057611565276,2026-10-02,14:08:53.28,2026-10-02,19:08:53.28,2026-10-02T14:08:53.2870000-05:00,2026-10-02T19:08:53.2870000Z,TEX_BOB,TEX_BOB,StrikeSwinging,Undefined,RightInfieldShift,93.12702,77.19985,156.13844,86.5642,110.55008,-57.16469,162.84728,8.33027,278.24941,-107.98017,308.53389,28.52874,240.85413,144.29501,"Gillis, Jacob",,"Boles, Brady",,"Carson, Tanner",,"Alaniz, Rylan",,"Walk On, Pelien",,"Cotton, Jackson",,"Mitchell, Drayton",,TRUE,,
f0eb6603-68c1-477a-aa4e-9a6a6ddda28d,14,c77ef6e0-be94-11f1-87ba-cb46726a41eb,87b55a78-9070-4a3d-961c-625a718343f5,2026-10-02,14:09:13.79,2026-10-02,19:09:13.79,2026-10-02T14:09:13.7940000-05:00,2026-10-02T19:09:13.7940000Z,TEX_BOB,TEX_BOB,StrikeCalled,Undefined,RightInfieldShift,92.77907,77.02493,157.89383,87.63975,124.25606,-61.00016,158.18527,9.7137,272.43231,-177.6192,307.51233,30.23141,240.11734,145.7887,"Gillis, Jacob",,"Boles, Brady",,"Carson, Tanner",,"Alaniz, Rylan",,"Walk On, Pelien",,"Cotton, Jackson",,"Mitchell, Drayton",,TRUE,,
f0eb6603-68c1-477a-aa4e-9a6a6ddda28d,15,d1c6a5d0-be94-11f1-87ba-cb46726a41eb,6b8195a4-04c7-4d9e-8ab4-36212eccbfad,2026-10-02,14:09:30.81,2026-10-02,19:09:30.81,2026-10-02T14:09:30.8120000-05:00,2026-10-02T19:09:30.8120000Z,TEX_BOB,TEX_BOB,HitByPitch,Undefined,RightInfieldShift,94.74476,78.82054,159.26692,89.74346,119.66087,-56.91478,158.73305,11.30717,273.32109,-176.42315,310.45491,33.31836,240.98567,144.60905,"Gillis, Jacob",,"Boles, Brady",,"Carson, Tanner",,"Alaniz, Rylan",,"Walk On, Pelien",,"Cotton, Jackson",,"Mitchell, Drayton",,TRUE,,
f0eb6603-68c1-477a-aa4e-9a6a6ddda28d,16,f3bf16e0-be94-11f1-87ba-cb46726a41eb,3f0b829a-6c14-47bc-b1d2-07f8a0cd289f,2026-10-02,14:10:28.05,2026-10-02,19:10:28.05,2026-10-02T14:10:28.0510000-05:00,2026-10-02T19:10:28.0510000Z,TEX_BOB,TEX_BOB,StrikeCalled,Undefined,NoShift,63.11554,58.85823,141.42455,26.64868,91.97741,-72.54077,137.45216,-59.32418,283.33374,-165.12841,306.90882,-1.40058,245.5782,126.65711,"Gillis, Jacob",,"Boles, Brady",,"Carson, Tanner",,"Alaniz, Rylan",,"Walk On, Pelien",,"Cotton, Jackson",,"Mitchell, Drayton",,TRUE,,
f0eb6603-68c1-477a-aa4e-9a6a6ddda28d,17,006a3140-be95-11f1-87ba-cb46726a41eb,339b8a55-1241-46f7-bc46-be6599575449,2026-10-02,14:10:49.28,2026-10-02,19:10:49.28,2026-10-02T14:10:49.2820000-05:00,2026-10-02T19:10:49.2820000Z,TEX_BOB,TEX_BOB,BallCalled,Undefined,NoShift,63.12825,57.88525,140.91173,26.86596,89.18589,-69.80507,134.35675,-58.89757,261.65851,-126.69168,304.90947,-1.72812,245.48039,125.7959,"Gillis, Jacob",,"Boles, Brady",,"Carson, Tanner",,"Alaniz, Rylan",,"Walk On, Pelien",,"Cotton, Jackson",,"Mitchell, Drayton",,TRUE,,
f0eb6603-68c1-477a-aa4e-9a6a6ddda28d,18,2d518dc0-be95-11f1-87ba-cb46726a41eb,9dc62b47-15b5-4c9e-a250-702352db0d80,2026-10-02,14:12:04.51,2026-10-02,19:12:04.51,2026-10-02T14:12:04.5160000-05:00,2026-10-02T19:12:04.5160000Z,TEX_BOB,TEX_BOB,StrikeSwinging,Undefined,NoShift,62.98015,58.30432,142.43608,26.66387,90.79043,-71.93103,135.73851,-59.60862,264.47437,-128.11372,306.30439,-2.7571,246.08654,119.61167,"Gillis, Jacob",,"Boles, Brady",,"Carson, Tanner",,"Alaniz, Rylan",,"Walk On, Pelien",,"Cotton, Jackson",,"Mitchell, Drayton",,TRUE,,
f0eb6603-68c1-477a-aa4e-9a6a6ddda28d,19,3c026330-be95-11f1-87ba-cb46726a41eb,f0762969-d3de-4fbc-872e-be84d60e462a,2026-10-02,14:12:29.24,2026-10-02,19:12:29.24,2026-10-02T14:12:29.2450000-05:00,2026-10-02T19:12:29.2450000Z,TEX_BOB,TEX_BOB,InPlay,Out,NoShift,63.58328,58.13611,141.40745,24.6991,91.43145,-73.17469,132.48162,-56.73211,257.61898,-124.43346,301.51167,-1.30568,244.86053,118.75395,"Gillis, Jacob",,"Boles, Brady",,"Carson, Tanner",,"Alaniz, Rylan",,"Walk On, Pelien",,"Cotton, Jackson",,"Mitchell, Drayton",,TRUE,,
f0eb6603-68c1-477a-aa4e-9a6a6ddda28d,20,aea43e40-be95-11f1-87ba-cb46726a41eb,b01920f1-2939-4aa9-9eb2-f64237f51f74,2026-10-02,14:15:41.56,2026-10-02,19:15:41.56,2026-10-02T14:15:41.5600000-05:00,2026-10-02T19:15:41.5600000Z,TEX_BOB,TEX_BOB,FoulBallNotFieldable,Undefined,NoShift,89.60312,57.60123,149.18477,32.26623,87.28593,-69.22804,138.43562,-53.30865,238.89617,-125.07312,289.43517,-8.39602,225.14686,127.19968,"Gillis, Jacob",,"Wheatley, Luke",,"Boles, Brady",,"Foor, Daylen",,"Mitchell, Drayton",,"Byrd, Cadyn",,"Fryman, Bennett",,TRUE,,
f0eb6603-68c1-477a-aa4e-9a6a6ddda28d,21,bdbe0eb0-be95-11f1-87ba-cb46726a41eb,cb85e6ff-8778-4cd6-9d54-b2370001846f,2026-10-02,14:16:06.85,2026-10-02,19:16:06.85,2026-10-02T14:16:06.8500000-05:00,2026-10-02T19:16:06.8500000Z,TEX_BOB,TEX_BOB,BallCalled,Undefined,NoShift,92.95029,62.75939,150.44094,30.7095,84.91021,-67.14004,138.92388,-52.36404,237.97547,-124.41824,286.12074,-8.72788,226.3011,123.73215,"Gillis, Jacob",,"Wheatley, Luke",,"Boles, Brady",,"Foor, Daylen",,"Mitchell, Drayton",,"Byrd, Cadyn",,"Fryman, Bennett",,TRUE,,
f0eb6603-68c1-477a-aa4e-9a6a6ddda28d,22,ca5c09b0-be95-11f1-87ba-cb46726a41eb,242f4e51-4bb3-4675-9111-97e2ecda2ab2,2026-10-02,14:16:28.05,2026-10-02,19:16:28.05,2026-10-02T14:16:28.0500000-05:00,2026-10-02T19:16:28.0500000Z,TEX_BOB,TEX_BOB,BallCalled,Undefined,NoShift,94.97553,63.10307,150.51005,29.76611,89.128,-69.22012,138.46733,-52.83847,239.56896,-124.761,284.59757,-11.99769,233.81464,123.80817,"Gillis, Jacob",,"Wheatley, Luke",,"Boles, Brady",,"Foor, Daylen",,"Mitchell, Drayton",,"Byrd, Cadyn",,"Fryman, Bennett",,TRUE,,
f0eb6603-68c1-477a-aa4e-9a6a6ddda28d,23,dab16760-be95-11f1-87ba-cb46726a41eb,408ddb89-6177-41d4-8ee9-51180a8b3e06,2026-10-02,14:16:55.47,2026-10-02,19:16:55.47,2026-10-02T14:16:55.4710000-05:00,2026-10-02T19:16:55.4710000Z,TEX_BOB,TEX_BOB,BallCalled,Undefined,NoShift,94.59963,62.57738,150.61437,28.83737,90.40503,-71.2358,139.13496,-52.44656,238.48339,-125.13957,284.01037,-7.80679,234.49888,125.91879,"Gillis, Jacob",,"Wheatley, Luke",,"Boles, Brady",,"Foor, Daylen",,"Mitchell, Drayton",,"Byrd, Cadyn",,"Fryman, Bennett",,TRUE,,
f0eb6603-68c1-477a-aa4e-9a6a6ddda28d,24,e6b62fa0-be95-11f1-87ba-cb46726a41eb,f32ed707-08ea-41b0-b15b-e354247af937,2026-10-02,14:17:15.67,2026-10-02,19:17:15.67,2026-10-02T14:17:15.6760000-05:00,2026-10-02T19:17:15.6760000Z,TEX_BOB,TEX_BOB,FoulBallNotFieldable,Undefined,NoShift,94.77928,63.9486,150.76161,28.80995,89.27516,-69.90669,138.75168,-52.78643,236.11255,-123.87887,283.77205,-9.27317,240.57283,125.34499,"Gillis, Jacob",,"Wheatley, Luke",,"Boles, Brady",,"Foor, Daylen",,"Mitchell, Drayton",,"Byrd, Cadyn",,"Fryman, Bennett",,TRUE,,
f0eb6603-68c1-477a-aa4e-9a6a6ddda28d,25,f90a1c70-be95-11f1-87ba-cb46726a41eb,0cea4011-7897-4440-9744-67a629188e93,2026-10-02,14:17:46.38,2026-10-02,19:17:46.38,2026-10-02T14:17:46.3830000-05:00,2026-10-02T19:17:46.3830000Z,TEX_BOB,TEX_BOB,InPlay,Single,NoShift,93.08707,62.20083,150.91218,26.63398,94.02095,-74.19672,138.83993,-52.70386,238.45133,-126.12393,288.6386,-10.10952,233.93008,124.5528,"Gillis, Jacob",,"Wheatley, Luke",,"Boles, Brady",,"Foor, Daylen",,"Mitchell, Drayton",,"Byrd, Cadyn",,"Fryman, Bennett",,TRUE,,
f0eb6603-68c1-477a-aa4e-9a6a6ddda28d,26,15edbdb0-be96-11f1-87ba-cb46726a41eb,31508213-d69d-4fbb-b4c4-811a5e9b495e,2026-10-02,14:18:34.88,2026-10-02,19:18:34.88,2026-10-02T14:18:34.8800000-05:00,2026-10-02T19:18:34.8800000Z,TEX_BOB,TEX_BOB,BallCalled,Undefined,NoShift,63.24807,58.72715,136.65938,37.83239,88.70589,-61.88608,143.65561,-23.26779,239.67,-128.78502,298.09811,-7.96938,260.46055,128.42597,"Gillis, Jacob",,"Wheatley, Luke",,"Boles, Brady",,"Foor, Daylen",,"Mitchell, Drayton",,"Byrd, Cadyn",,"Fryman, Bennett",,TRUE,,
f0eb6603-68c1-477a-aa4e-9a6a6ddda28d,27,2d634b90-be96-11f1-87ba-cb46726a41eb,091cf0fe-3e76-4216-8ce0-b5f399f3a7a4,2026-10-02,14:19:14.20,2026-10-02,19:19:14.20,2026-10-02T14:19:14.2050000-05:00,2026-10-02T19:19:14.2050000Z,TEX_BOB,TEX_BOB,BallCalled,Undefined,NoShift,62.62927,59.01685,137.44588,38.08847,91.61048,-58.29558,145.45303,-26.02346,235.30763,-126.96229,294.31019,-10.2581,258.87281,133.10091,"Gillis, Jacob",,"Wheatley, Luke",,"Boles, Brady",,"Foor, Daylen",,"Mitchell, Drayton",,"Byrd, Cadyn",,"Fryman, Bennett",,TRUE,,
f0eb6603-68c1-477a-aa4e-9a6a6ddda28d,28,408277a0-be96-11f1-87ba-cb46726a41eb,d800afb1-e3c5-4207-a02e-62b77fdcbdd2,2026-10-02,14:19:46.29,2026-10-02,19:19:46.29,2026-10-02T14:19:46.2990000-05:00,2026-10-02T19:19:46.2990000Z,TEX_BOB,TEX_BOB,InPlay,Out,NoShift,63.22306,58.56496,137.59941,37.84522,89.09442,-58.18333,144.10624,-25.26723,237.62413,-129.81857,294.53541,-9.46762,254.49116,130.08243,"Gillis, Jacob",,"Wheatley, Luke",,"Boles, Brady",,"Foor, Daylen",,"Mitchell, Drayton",,"Byrd, Cadyn",,"Fryman, Bennett",,TRUE,,
f0eb6603-68c1-477a-aa4e-9a6a6ddda28d,29,5be19bc0-be96-11f1-87ba-cb46726a41eb,a3298d5b-a3c2-4a51-a0e0-b4c4eb30c3b0,2026-10-02,14:20:32.12,2026-10-02,19:20:32.12,2026-10-02T14:20:32.1290000-05:00,2026-10-02T19:20:32.1290000Z,TEX_BOB,TEX_BOB,BallCalled,Undefined,NoShift,62.44763,59.04833,136.94347,23.88182,83.96107,-63.49974,132.48051,-41.67188,243.73538,-130.52624,291.54451,-9.72095,237.73088,131.78358,"Gillis, Jacob",,"Wheatley, Luke",,"Boles, Brady",,"Foor, Daylen",,"Mitchell, Drayton",,"Byrd, Cadyn",,"Fryman, Bennett",,TRUE,,
f0eb6603-68c1-477a-aa4e-9a6a6ddda28d,30,6a5cbb30-be96-11f1-87ba-cb46726a41eb,e10605d1-1701-42e6-b744-dd005396e8ee,2026-10-02,14:20:56.55,2026-10-02,19:20:56.55,2026-10-02T14:20:56.5540000-05:00,2026-10-02T19:20:56.5540000Z,TEX_BOB,TEX_BOB,FoulBallNotFieldable,Undefined,NoShift,62.46665,59.04532,137.10853,21.70269,85.21862,-65.38747,135.00412,-41.02818,244.6223,-128.84357,291.3125,-11.3381,240.95427,130.54794,"Gillis, Jacob",,"Wheatley, Luke",,"Boles, Brady",,"Foor, Daylen",,"Mitchell, Drayton",,"Byrd, Cadyn",,"Fryman, Bennett",,TRUE,,
f0eb6603-68c1-477a-aa4e-9a6a6ddda28d,31,8fa604f0-be96-11f1-87ba-cb46726a41eb,9d225539-7fcd-4239-9e10-ddc1fabd8f4d,2026-10-02,14:21:59.02,2026-10-02,19:21:59.02,2026-10-02T14:21:59.0260000-05:00,2026-10-02T19:21:59.0260000Z,TEX_BOB,TEX_BOB,BallCalled,Undefined,NoShift,62.9031,58.76908,138.79116,22.12531,83.33777,-61.3797,135.29941,-39.15837,240.8045,-134.09093,295.97201,-10.11694,234.31589,129.47194,"Gillis, Jacob",,"Wheatley, Luke",,"Boles, Brady",,"Foor, Daylen",,"Mitchell, Drayton",,"Byrd, Cadyn",,"Fryman, Bennett",,TRUE,,
f0eb6603-68c1-477a-aa4e-9a6a6ddda28d,32,a4c8c930-be96-11f1-87ba-cb46726a41eb,c76c5c67-1cd3-4345-a4ab-5b2a44d6da3a,2026-10-02,14:22:34.51,2026-10-02,19:22:34.51,2026-10-02T14:22:34.5130000-05:00,2026-10-02T19:22:34.5130000Z,TEX_BOB,TEX_BOB,FoulBallNotFieldable,Undefined,NoShift,91.56719,58.83816,140.85777,17.75312,92.09278,-68.79368,139.98937,-50.15354,238.37326,-131.0954,301.41356,-9.88595,242.96554,129.49577,"Gillis, Jacob",,"Wheatley, Luke",,"Boles, Brady",,"Foor, Daylen",,"Mitchell, Drayton",,"Byrd, Cadyn",,"Fryman, Bennett",,TRUE,,
f0eb6603-68c1-477a-aa4e-9a6a6ddda28d,33,bc3ad4a0-be96-11f1-87ba-cb46726a41eb,c4f7c2e1-0b88-4c6d-a185-c3b099342e8b,2026-10-02,14:23:13.78,2026-10-02,19:23:13.78,2026-10-02T14:23:13.7880000-05:00,2026-10-02T19:23:13.7880000Z,TEX_BOB,TEX_BOB,BallCalled,Undefined,NoShift,92.35082,58.66994,145.96472,17.99307,89.62939,-67.56889,140.72241,-51.53994,237.59083,-130.34726,304.36062,-10.1053,237.65682,128.62301,"Gillis, Jacob",,"Wheatley, Luke",,"Boles, Brady",,"Foor, Daylen",,"Mitchell, Drayton",,"Byrd, Cadyn",,"Fryman, Bennett",,TRUE,,
f0eb6603-68c1-477a-aa4e-9a6a6ddda28d,34,c9e5d2d0-be96-11f1-87ba-cb46726a41eb,0dcfea50-6d89-4d3a-a14b-746156b1d0a2,2026-10-02,14:23:36.81,2026-10-02,19:23:36.81,2026-10-02T14:23:36.8100000-05:00,2026-10-02T19:23:36.8100000Z,TEX_BOB,TEX_BOB,StrikeSwinging,Undefined,NoShift,91.29964,57.8165,140.98342,14.7974,87.55251,-68.25612,139.64427,-51.71586,240.24663,-129.03495,292.04975,-10.16863,237.39027,131.83886,"Gillis, Jacob",,"Wheatley, Luke",,"Boles, Brady",,"Foor, Daylen",,"Mitchell, Drayton",,"Byrd, Cadyn",,"Fryman, Bennett",,TRUE,,
f0eb6603-68c1-477a-aa4e-9a6a6ddda28d,35,e0bf6ed0-be96-11f1-87ba-cb46726a41eb,3b5b958e-dd18-4f03-a369-6f380f3a8f91,2026-10-02,14:24:15.13,2026-10-02,19:24:15.13,2026-10-02T14:24:15.1310000-05:00,2026-10-02T19:24:15.1310000Z,TEX_BOB,TEX_BOB,FoulBallNotFieldable,Undefined,NoShift,92.99028,57.60212,145.70657,18.84162,91.14421,-71.49671,140.16183,-51.86315,242.33957,-131.70619,294.55844,-8.17388,240.61668,131.08038,"Gillis, Jacob",,"Wheatley, Luke",,"Boles, Brady",,"Foor, Daylen",,"Mitchell, Drayton",,"Byrd, Cadyn",,"Fryman, Bennett",,TRUE,,
f0eb6603-68c1-477a-aa4e-9a6a6ddda28d,36,f0a4f3b0-be96-11f1-87ba-cb46726a41eb,ea39f05d-f497-4278-a8c7-76b9fd2f2def,2026-10-02,14:24:41.82,2026-10-02,19:24:41.82,2026-10-02T14:24:41.8230000-05:00,2026-10-02T19:24:41.8230000Z,TEX_BOB,TEX_BOB,BallCalled,Undefined,NoShift,95.01273,57.88467,144.8963,16.47078,92.02272,-71.58713,140.534,-52.97068,245.05028,-132.90137,294.19719,-6.70534,244.70161,131.77697,"Gillis, Jacob",,"Wheatley, Luke",,"Boles, Brady",,"Foor, Daylen",,"Mitchell, Drayton",,"Byrd, Cadyn",,"Fryman, Bennett",,TRUE,,
f0eb6603-68c1-477a-aa4e-9a6a6ddda28d,37,09a23300-be97-11f1-87ba-cb46726a41eb,2081e166-2a0e-4f40-9ae6-92d2fbf63a9b,2026-10-02,14:25:23.80,2026-10-02,19:25:23.80,2026-10-02T14:25:23.8020000-05:00,2026-10-02T19:25:23.8020000Z,TEX_BOB,TEX_BOB,BallCalled,Undefined,NoShift,90.3132,56.53985,150.21174,32.71389,89.17237,-68.49486,140.10258,-52.93937,241.95257,-128.93776,284.91248,-8.4391,241.82288,128.23272,"Gillis, Jacob",,"Wheatley, Luke",,"Boles, Brady",,"Foor, Daylen",,"Mitchell, Drayton",,"Byrd, Cadyn",,"Fryman, Bennett",,TRUE,,
f0eb6603-68c1-477a-aa4e-9a6a6ddda28d,38,1a85ee00-be97-11f1-87ba-cb46726a41eb,5591ea1d-cdea-49fc-a1a1-1927f93872e5,2026-10-02,14:25:52.07,2026-10-02,19:25:52.07,2026-10-02T14:25:52.0780000-05:00,2026-10-02T19:25:52.0780000Z,TEX_BOB,TEX_BOB,InPlay,Out,NoShift,94.02208,58.69809,150.17026,32.81709,92.75793,-70.64317,139.0788,-52.50742,242.81283,-131.20629,289.56282,-8.62847,241.18536,129.69757,"Gillis, Jacob",,"Wheatley, Luke",,"Boles, Brady",,"Foor, Daylen",,"Mitchell, Drayton",,"Byrd, Cadyn",,"Fryman, Bennett",,TRUE,,
cec100f7-3f0f-4544-bfd2-eeb8f98155da,1,3363b2a0-bf40-11f1-87ba-cb46726a41eb,c9dbbf06-e606-460a-bdfd-61cf2820361a,2026-10-03,10:36:18.17,2026-10-03,15:36:18.17,2026-10-03T10:36:18.1700000-05:00,2026-10-03T15:36:18.1700000Z,TEX_BOB,TEX_BOB,BallCalled,Undefined,NoShift,89.34818,56.74557,150.20458,32.15047,92.69432,-74.29374,142.74859,-48.00078,242.48179,-126.45399,293.44328,8.20839,251.41568,133.27259,"Carson, Tanner",,"Alaniz, Rylan",,"Wheatley, Luke",,"Foor, Daylen",,"Cotton, Jackson",,"Fryman, Bennett",,"Byrd, Cadyn",,TRUE,,
cec100f7-3f0f-4544-bfd2-eeb8f98155da,2,3fca49f0-bf40-11f1-87ba-cb46726a41eb,d827fc53-f855-44f7-976c-654522d4968f,2026-10-03,10:36:39.01,2026-10-03,15:36:39.01,2026-10-03T10:36:39.0110000-05:00,2026-10-03T15:36:39.0110000Z,TEX_BOB,TEX_BOB,BallCalled,Undefined,NoShift,88.02595,56.70721,150.28569,33.30976,92.99723,-74.95738,141.80846,-46.9998,242.88767,-127.03043,294.29896,12.19214,253.71562,132.92415,"Carson, Tanner",,"Alaniz, Rylan",,"Wheatley, Luke",,"Foor, Daylen",,"Cotton, Jackson",,"Fryman, Bennett",,"Byrd, Cadyn",,TRUE,,
cec100f7-3f0f-4544-bfd2-eeb8f98155da,3,4a4fec40-bf40-11f1-87ba-cb46726a41eb,74893c6b-2941-4b1c-a5de-b66c4f6d33fd,2026-10-03,10:36:56.54,2026-10-03,15:36:56.54,2026-10-03T10:36:56.5450000-05:00,2026-10-03T15:36:56.5450000Z,TEX_BOB,TEX_BOB,StrikeCalled,Undefined,NoShift,88.60966,58.1365,149.62751,32.74715,94.82607,-76.11435,141.39476,-47.64094,237.19044,-126.55964,295.81424,12.20297,253.3779,132.79727,"Carson, Tanner",,"Alaniz, Rylan",,"Wheatley, Luke",,"Foor, Daylen",,"Cotton, Jackson",,"Fryman, Bennett",,"Byrd, Cadyn",,TRUE,,
cec100f7-3f0f-4544-bfd2-eeb8f98155da,4,5525f880-bf40-11f1-87ba-cb46726a41eb,ecb55bd9-91ac-4867-a7b2-c01d5520a3cb,2026-10-03,10:37:14.77,2026-10-03,15:37:14.77,2026-10-03T10:37:14.7750000-05:00,2026-10-03T15:37:14.7750000Z,TEX_BOB,TEX_BOB,InPlay,Single,NoShift,90.77716,59.47602,149.9409,31.58524,94.46115,-75.55129,141.595,-48.16822,238.62029,-127.42174,296.45344,11.38302,251.80815,133.43227,"Carson, Tanner",,"Alaniz, Rylan",,"Wheatley, Luke",,"Foor, Daylen",,"Cotton, Jackson",,"Fryman, Bennett",,"Byrd, Cadyn",,TRUE,"Cotton, Jackson",CF
cec100f7-3f0f-4544-bfd2-eeb8f98155da,5,75079780-bf40-11f1-87ba-cb46726a41eb,efa54fb4-41a2-4236-820c-56eb9cd288bf,2026-10-03,10:38:08.30,2026-10-03,15:38:08.30,2026-10-03T10:38:08.3010000-05:00,2026-10-03T15:38:08.3010000Z,TEX_BOB,TEX_BOB,StrikeCalled,Undefined,NoShift,65.41298,60.22404,138.22529,28.23829,82.71171,-62.07203,137.9032,-34.06861,260.0912,-117.18309,305.98574,8.75407,251.27903,142.82007,"Carson, Tanner",,"Alaniz, Rylan",,"Wheatley, Luke",,"Foor, Daylen",,"Cotton, Jackson",,"Fryman, Bennett",,"Byrd, Cadyn",,TRUE,,
cec100f7-3f0f-4544-bfd2-eeb8f98155da,6,83505c50-bf40-11f1-87ba-cb46726a41eb,6e46ed06-6b0f-4212-aceb-161892712e7e,2026-10-03,10:38:32.26,2026-10-03,15:38:32.26,2026-10-03T10:38:32.2640000-05:00,2026-10-03T15:38:32.2640000Z,TEX_BOB,TEX_BOB,BallCalled,Undefined,NoShift,63.7329,58.67079,137.20041,27.55506,83.38171,-62.4899,137.76247,-34.31817,253.28127,-127.118,306.70972,9.29382,251.6316,141.60805,"Carson, Tanner",,"Alaniz, Rylan",,"Wheatley, Luke",,"Foor, Daylen",,"Cotton, Jackson",,"Fryman, Bennett",,"Byrd, Cadyn",,TRUE,,
cec100f7-3f0f-4544-bfd2-eeb8f98155da,7,91be0e40-bf40-11f1-87ba-cb46726a41eb,5860f2fd-b139-4c75-9eab-68eb300592b9,2026-10-03,10:38:56.46,2026-10-03,15:38:56.46,2026-10-03T10:38:56.4620000-05:00,2026-10-03T15:38:56.4620000Z,TEX_BOB,TEX_BOB,StrikeCalled,Undefined,NoShift,64.02038,57.27511,136.99465,27.56285,84.25478,-63.92964,138.31137,-34.48318,250.57478,-124.93798,306.33856,9.89515,253.73228,143.07988,"Carson, Tanner",,"Alaniz, Rylan",,"Wheatley, Luke",,"Foor, Daylen",,"Cotton, Jackson",,"Fryman, Bennett",,"Byrd, Cadyn",,TRUE,,
cec100f7-3f0f-4544-bfd2-eeb8f98155da,8,a1f69520-bf40-11f1-87ba-cb46726a41eb,f97ff381-f12a-4ac9-9fba-58f13debdc5c,2026-10-03,10:39:23.65,2026-10-03,15:39:23.65,2026-10-03T10:39:23.6570000-05:00,2026-10-03T15:39:23.6570000Z,TEX_BOB,TEX_BOB,InPlay,Out,NoShift,64.75486,60.09448,137.85283,26.79636,83.46465,-63.53911,138.85626,-34.38374,249.83655,-125.85129,302.89692,11.30913,250.00011,139.80912,"Carson, Tanner",,"Alaniz, Rylan",,"Wheatley, Luke",,"Foor, Daylen",,"Cotton, Jackson",,"Fryman, Bennett",,"Byrd, Cadyn",,TRUE,"Byrd, Cadyn",RF
cec100f7-3f0f-4544-bfd2-eeb8f98155da,9,c56a3480-bf40-11f1-87ba-cb46726a41eb,0a0aa7b0-3053-43c2-a450-e506dbb2ef83,2026-10-03,10:40:23.13,2026-10-03,15:40:23.13,2026-10-03T10:40:23.1360000-05:00,2026-10-03T15:40:23.1360000Z,TEX_BOB,TEX_BOB,InPlay,Out,NoShift,62.14647,57.79633,136.68448,35.71028,83.60672,-56.78905,143.23725,-27.95336,240.19106,-128.69499,283.62757,-15.4444,249.05024,120.11991,"Carson, Tanner",,"Alaniz, Rylan",,"Wheatley, Luke",,"Foor, Daylen",,"Cotton, Jackson",,"Fryman, Bennett",,"Byrd, Cadyn",,TRUE,"Cotton, Jackson",CF
cec100f7-3f0f-4544-bfd2-eeb8f98155da,10,db568a50-bf40-11f1-87ba-cb46726a41eb,cec67391-178c-41b9-9dfd-073ef3d75e66,2026-10-03,10:40:59.96,2026-10-03,15:40:59.96,2026-10-03T10:40:59.9660000-05:00,2026-10-03T15:40:59.9660000Z,TEX_BOB,TEX_BOB,StrikeCalled,Undefined,NoShift,64.27471,57.0758,140.71643,26.31643,90.82713,-73.8463,141.73031,-47.54267,254.66558,-140.03197,315.5724,-13.3956,248.87325,131.56188,"Carson, Tanner",,"Alaniz, Rylan",,"Wheatley, Luke",,"Foor, Daylen",,"Cotton, Jackson",,"Fryman, Bennett",,"Byrd, Cadyn",,TRUE,,
cec100f7-3f0f-4544-bfd2-eeb8f98155da,11,f2ffd260-bf40-11f1-87ba-cb46726a41eb,c0f24fa7-b42c-4101-ba72-6605ecb19761,2026-10-03,10:41:39.65,2026-10-03,15:41:39.65,2026-10-03T10:41:39.6500000-05:00,2026-10-03T15:41:39.6500000Z,TEX_BOB,TEX_BOB,BallCalled,Undefined,NoShift,92.65687,56.08731,134.60281,24.32963,90.02667,-75.82282,141.30654,-47.17252,248.09346,-130.03652,310.68465,-4.95054,237.60642,121.5898,"Carson, Tanner",,"Alaniz, Rylan",,"Wheatley, Luke",,"Foor, Daylen",,"Cotton, Jackson",,"Fryman, Bennett",,"Byrd, Cadyn",,TRUE,,
cec100f7-3f0f-4544-bfd2-eeb8f98155da,12,ff6a3a40-bf40-11f1-87ba-cb46726a41eb,f217402e-3e24-4dc2-83ae-17c4d32f268c,2026-10-03,10:42:00.41,2026-10-03,15:42:00.41,2026-10-03T10:42:00.4140000-05:00,2026-10-03T15:42:00.4140000Z,TEX_BOB,TEX_BOB,FoulBallNotFieldable,Undefined,NoShift,92.58049,54.92993,135.82937,26.86983,89.99448,-75.48838,140.54819,-49.6396,248.81093,-132.03396,307.42758,-3.58274,237.758,124.88098,"Carson, Tanner",,"Alaniz, Rylan",,"Wheatley, Luke",,"Foor, Daylen",,"Cotton, Jackson",,"Fryman, Bennett",,"Byrd, Cadyn",,TRUE,,
cec100f7-3f0f-4544-bfd2-eeb8f98155da,13,119cbc60-bf41-11f1-87ba-cb46726a41eb,18c5990e-8982-44ff-b8c2-1ecd50906de6,2026-10-03,10:42:30.94,2026-10-03,15:42:30.94,2026-10-03T10:42:30.9490000-05:00,2026-10-03T15:42:30.9490000Z,TEX_BOB,TEX_BOB,BallCalled,Undefined,NoShift,93.12286,54.64305,135.32921,20.92952,87.83156,-75.37077,141.42653,-49.30513,250.33421,-129.28059,305.33585,-2.40004,239.81935,122.65005,"Carson, Tanner",,"Alaniz, Rylan",,"Wheatley, Luke",,"Foor, Daylen",,"Cotton, Jackson",,"Fryman, Bennett",,"Byrd, Cadyn",,TRUE,,
cec100f7-3f0f-4544-bfd2-eeb8f98155da,14,1efef1c0-bf41-11f1-87ba-cb46726a41eb,b27108a0-788d-4f6d-9e2d-2311c26a3fc8,2026-10-03,10:42:53.39,2026-10-03,15:42:53.39,2026-10-03T10:42:53.3970000-05:00,2026-10-03T15:42:53.3970000Z,TEX_BOB,TEX_BOB,BallCalled,Undefined,NoShift,93.36742,52.82559,135.21316,27.77428,91.07305,-76.69538,140.8831,-48.95292,245.07722,-128.45161,300.88657,-2.71587,240.99473,124.00755,"Carson, Tanner",,"Alaniz, Rylan",,"Wheatley, Luke",,"Foor, Daylen",,"Cotton, Jackson",,"Fryman, Bennett",,"Byrd, Cadyn",,TRUE,,
cec100f7-3f0f-4544-bfd2-eeb8f98155da,15,3493b1b0-bf41-11f1-87ba-cb46726a41eb,6b61c7e1-bcbf-4b29-af70-91383afc9d49,2026-10-03,10:43:29.67,2026-10-03,15:43:29.67,2026-10-03T10:43:29.6790000-05:00,2026-10-03T15:43:29.6790000Z,TEX_BOB,TEX_BOB,HitByPitch,Undefined,NoShift,92.12907,59.41526,142.54144,47.43499,93.92822,-78.35664,143.01349,-45.91628,251.13219,-132.90416,300.81145,-1.59548,239.18452,129.3071,"Carson, Tanner",,"Alaniz, Rylan",,"Wheatley, Luke",,"Foor, Daylen",,"Cotton, Jackson",,"Fryman, Bennett",,"Byrd, Cadyn",,TRUE,,
cec100f7-3f0f-4544-bfd2-eeb8f98155da,16,4ab9b520-bf41-11f1-87ba-cb46726a41eb,9deb3ea8-1bed-4d2c-914e-56043359a18d,2026-10-03,10:44:06.76,2026-10-03,15:44:06.76,2026-10-03T10:44:06.7630000-05:00,2026-10-03T15:44:06.7630000Z,TEX_BOB,TEX_BOB,BallCalled,Undefined,NoShift,63.49257,57.16536,142.13645,30.43347,92.24878,-75.27897,143.01946,-46.68693,239.37865,-123.10124,289.90357,15.78305,238.26717,121.93806,"Carson, Tanner",,"Alaniz, Rylan",,"Wheatley, Luke",,"Foor, Daylen",,"Cotton, Jackson",,"Fryman, Bennett",,"Byrd, Cadyn",,TRUE,,
cec100f7-3f0f-4544-bfd2-eeb8f98155da,17,55b523b0-bf41-11f1-87ba-cb46726a41eb,98eb03c7-a269-4276-bbd3-507567b5c756,2026-10-03,10:44:25.24,2026-10-03,15:44:25.24,2026-10-03T10:44:25.2410000-05:00,2026-10-03T15:44:25.2410000Z,TEX_BOB,TEX_BOB,BallCalled,Undefined,NoShift,63.26816,57.09798,140.58129,31.38955,92.02694,-75.08157,143.99253,-45.31365,249.87168,-124.80871,290.12394,17.19253,238.53307,123.84346,"Carson, Tanner",,"Alaniz, Rylan",,"Wheatley, Luke",,"Foor, Daylen",,"Cotton, Jackson",,"Fryman, Bennett",,"Byrd, Cadyn",,TRUE,,
cec100f7-3f0f-4544-bfd2-eeb8f98155da,18,627aa3e0-bf41-11f1-87ba-cb46726a41eb,95760052-1c33-441a-9618-e9a277677cf0,2026-10-03,10:44:46.64,2026-10-03,15:44:46.64,2026-10-03T10:44:46.6450000-05:00,2026-10-03T15:44:46.6450000Z,TEX_BOB,TEX_BOB,BallCalled,Undefined,NoShift,63.32773,58.27348,139.62437,29.72806,91.97525,-75.71048,143.04448,-45.91149,254.47189,-125.56383,289.41665,18.85172,241.67871,128.27151,"Carson, Tanner",,"Alaniz, Rylan",,"Wheatley, Luke",,"Foor, Daylen",,"Cotton, Jackson",,"Fryman, Bennett",,"Byrd, Cadyn",,TRUE,,
cec100f7-3f0f-4544-bfd2-eeb8f98155da,19,6d5b1060-bf41-11f1-87ba-cb46726a41eb,7baac432-48a3-4e70-9f96-d441e26474bd,2026-10-03,10:45:04.93,2026-10-03,15:45:04.93,2026-10-03T10:45:04.9390000-05:00,2026-10-03T15:45:04.9390000Z,TEX_BOB,TEX_BOB,BallCalled,Undefined,NoShift,63.26148,57.79091,140.47945,30.38916,92.09152,-76.41171,141.73852,-47.09435,253.48102,-125.91721,294.10244,19.6859,240.24569,126.5897,"Carson, Tanner",,"Alaniz, Rylan",,"Wheatley, Luke",,"Foor, Daylen",,"Cotton, Jackson",,"Fryman, Bennett",,"Byrd, Cadyn",,TRUE,,
cec100f7-3f0f-4544-bfd2-eeb8f98155da,20,9f5b0d40-bf41-11f1-87ba-cb46726a41eb,d689d36d-af03-4d52-a53a-be9fcba1d292,2026-10-03,10:46:28.81,2026-10-03,15:46:28.81,2026-10-03T10:46:28.8130000-05:00,2026-10-03T15:46:28.8130000Z,TEX_BOB,TEX_BOB,StrikeCalled,Undefined,NoShift,96.03292,64.82974,145.73372,31.09303,91.26214,-76.48227,142.86176,-44.72892,253.23634,-125.40621,300.0993,-1.76228,240.4791,136.35325,"Carson, Tanner",,"Alaniz, Rylan",,"Wheatley, Luke",,"Foor, Daylen",,"Cotton, Jackson",,"Fryman, Bennett",,"Byrd, Cadyn",,TRUE,,
cec100f7-3f0f-4544-bfd2-eeb8f98155da,21,aaecc860-bf41-11f1-87ba-cb46726a41eb,15ef4f19-f93b-4fc3-af5b-acc380e85791,2026-10-03,10:46:48.22,2026-10-03,15:46:48.22,2026-10-03T10:46:48.2240000-05:00,2026-10-03T15:46:48.2240000Z,TEX_BOB,TEX_BOB,BallCalled,Undefined,NoShift,95.63968,63.05863,146.08034,33.76351,89.97131,-76.13254,143.33019,-46.52948,251.89838,-125.5902,298.81942,-1.25808,240.86148,133.23751,"Carson, Tanner",,"Alaniz, Rylan",,"Wheatley, Luke",,"Foor, Daylen",,"Cotton, Jackson",,"Fryman, Bennett",,"Byrd, Cadyn",,TRUE,,
cec100f7-3f0f-4544-bfd2-eeb8f98155da,22,b6e868e0-bf41-11f1-87ba-cb46726a41eb,ba5e6610-06d2-4c3f-afc3-a8709746abf1,2026-10-03,10:47:08.35,2026-10-03,15:47:08.35,2026-10-03T10:47:08.3510000-05:00,2026-10-03T15:47:08.3510000Z,TEX_BOB,TEX_BOB,BallCalled,Undefined,NoShift,99.01944,66.38321,146.86872,37.3364,91.81855,-78.40476,141.45414,-47.51616,250.46438,-124.45406,295.45214,-0.99544,242.36547,133.39021,"Carson, Tanner",,"Alaniz, Rylan",,"Wheatley, Luke",,"Foor, Daylen",,"Cotton, Jackson",,"Fryman, Bennett",,"Byrd, Cadyn",,TRUE,,
cec100f7-3f0f-4544-bfd2-eeb8f98155da,23,c387c370-bf41-11f1-87ba-cb46726a41eb,a3d596e5-d415-4d30-8dd6-7c90953aef9c,2026-10-03,10:47:29.51,2026-10-03,15:47:29.51,2026-10-03T10:47:29.5110000-05:00,2026-10-03T15:47:29.5110000Z,TEX_BOB,TEX_BOB,FoulBallNotFieldable,Undefined,NoShift,96.29784,64.2926,146.51441,39.63034,92.09875,-77.87799,142.36135,-46.41765,249.75932,-127.69543,291.99218,-0.97107,241.9905,130.87821,"Carson, Tanner",,"Alaniz, Rylan",,"Wheatley, Luke",,"Foor, Daylen",,"Cotton, Jackson",,"Fryman, Bennett",,"Byrd, Cadyn",,TRUE,,
cec100f7-3f0f-4544-bfd2-eeb8f98155da,24,d3b770b0-bf41-11f1-87ba-cb46726a41eb,814a9c87-7594-4fad-bd38-53fe1e5ce962,2026-10-03,10:47:56.58,2026-10-03,15:47:56.58,2026-10-03T10:47:56.5880000-05:00,2026-10-03T15:47:56.5880000Z,TEX_BOB,TEX_BOB,BallCalled,Undefined,NoShift,94.29149,64.57957,144.9669,36.86957,92.06762,-78.48778,143.04121,-48.01868,250.72963,-123.3376,293.81352,5.87329,237.31223,132.43448,"Carson, Tanner",,"Alaniz, Rylan",,"Wheatley, Luke",,"Foor, Daylen",,"Cotton, Jackson",,"Fryman, Bennett",,"Byrd, Cadyn",,TRUE,,
cec100f7-3f0f-4544-bfd2-eeb8f98155da,25,e2893ba0-bf41-11f1-87ba-cb46726a41eb,f07d33c5-04aa-442d-8696-799252617334,2026-10-03,10:48:21.53,2026-10-03,15:48:21.53,2026-10-03T10:48:21.5320000-05:00,2026-10-03T15:48:21.5320000Z,TEX_BOB,TEX_BOB,BallCalled,Undefined,NoShift,91.54966,60.44406,145.8317,38.14794,93.18638,-73.70577,142.6459,-48.33796,248.8994,-125.44024,294.37806,7.17552,238.89834,131.48412,"Carson, Tanner",,"Alaniz, Rylan",,"Wheatley, Luke",,"Foor, Daylen",,"Cotton, Jackson",,"Fryman, Bennett",,"Byrd, Cadyn",,TRUE,,
cec100f7-3f0f-4544-bfd2-eeb8f98155da,26,f8206c90-bf41-11f1-87ba-cb46726a41eb,fd24fd60-c4cd-4ebb-96f0-9d0a22cec5af,2026-10-03,10:48:57.68,2026-10-03,15:48:57.68,2026-10-03T10:48:57.6890000-05:00,2026-10-03T15:48:57.6890000Z,TEX_BOB,TEX_BOB,BallCalled,Undefined,NoShift,90.67019,57.51118,147.11582,34.86083,90.22203,-71.95519,142.5757,-45.38217,257.02704,-126.09009,305.96363,-1.67333,247.00247,136.14175,"Carson, Tanner",,"Alaniz, Rylan",,"Wheatley, Luke",,"Foor, Daylen",,"Cotton, Jackson",,"Fryman, Bennett",,"Byrd, Cadyn",,TRUE,,
cec100f7-3f0f-4544-bfd2-eeb8f98155da,27,07909a60-bf42-11f1-87ba-cb46726a41eb,85cb4dde-b101-40e3-b6b5-f991bf6dea86,2026-10-03,10:49:23.66,2026-10-03,15:49:23.66,2026-10-03T10:49:23.6650000-05:00,2026-10-03T15:49:23.6650000Z,TEX_BOB,TEX_BOB,BallCalled,Undefined,NoShift,89.89888,55.29796,146.67681,35.48926,91.39626,-73.41665,141.71245,-45.52452,253.82585,-125.4993,303.49829,-0.49522,250.41725,134.89289,"Carson, Tanner",,"Alaniz, Rylan",,"Wheatley, Luke",,"Foor, Daylen",,"Cotton, Jackson",,"Fryman, Bennett",,"Byrd, Cadyn",,TRUE,,
cec100f7-3f0f-4544-bfd2-eeb8f98155da,28,15556220-bf42-11f1-87ba-cb46726a41eb,e44c5ac5-dcad-49b8-8c33-f62f4f08f48b,2026-10-03,10:49:46.76,2026-10-03,15:49:46.76,2026-10-03T10:49:46.7600000-05:00,2026-10-03T15:49:46.7600000Z,TEX_BOB,TEX_BOB,InPlay,Double,NoShift,91.62124,55.58353,146.73389,37.12746,92.03077,-72.96668,141.97344,-47.10211,254.29676,-126.37368,300.16157,-0.86561,244.00657,131.99159,"Carson, Tanner",,"Alaniz, Rylan",,"Wheatley, Luke",,"Foor, Daylen",,"Cotton, Jackson",,"Fryman, Bennett",,"Byrd, Cadyn",,TRUE,"Cotton, Jackson",CF
cec100f7-3f0f-4544-bfd2-eeb8f98155da,29,8c63e620-bf42-11f1-87ba-cb46726a41eb,ed7de633-2c70-4771-92a5-94f44295fe34,2026-10-03,10:53:06.53,2026-10-03,15:53:06.53,2026-10-03T10:53:06.5390000-05:00,2026-10-03T15:53:06.5390000Z,TEX_BOB,TEX_BOB,BallCalled,Undefined,NoShift,90.94532,57.20901,150.78007,27.49758,89.39448,-72.36728,135.40132,-57.04414,254.42625,-136.44413,307.68311,-0.31098,243.70881,120.96244,"Gillis, Jacob",,"Boles, Brady",,"Carson, Tanner",,"Alaniz, Rylan",,Walk On,,"Cotton, Jackson",,"Mitchell, Drayton",,TRUE,,
cec100f7-3f0f-4544-bfd2-eeb8f98155da,30,96f8f1c0-bf42-11f1-87ba-cb46726a41eb,06f55544-84b4-4763-bf62-1264fe3c8dfa,2026-10-03,10:53:24.26,2026-10-03,15:53:24.26,2026-10-03T10:53:24.2670000-05:00,2026-10-03T15:53:24.2670000Z,TEX_BOB,TEX_BOB,StrikeCalled,Undefined,NoShift,90.01882,57.714,150.77781,27.39197,90.40548,-71.31609,134.79327,-56.02279,255.77902,-137.61447,304.37989,0.6285,244.27212,120.77372,"Gillis, Jacob",,"Boles, Brady",,"Carson, Tanner",,"Alaniz, Rylan",,Walk On,,"Cotton, Jackson",,"Mitchell, Drayton",,TRUE,,
cec100f7-3f0f-4544-bfd2-eeb8f98155da,31,a1098b20-bf42-11f1-87ba-cb46726a41eb,69122f16-6ced-45b2-8717-9ff1534c4db9,2026-10-03,10:53:41.14,2026-10-03,15:53:41.14,2026-10-03T10:53:41.1410000-05:00,2026-10-03T15:53:41.1410000Z,TEX_BOB,TEX_BOB,StrikeCalled,Undefined,NoShift,92.00538,58.49768,151.53123,27.55206,90.66258,-72.85581,136.17234,-57.27868,257.09771,-136.81195,304.04776,-0.00247,243.96686,122.23679,"Gillis, Jacob",,"Boles, Brady",,"Carson, Tanner",,"Alaniz, Rylan",,Walk On,,"Cotton, Jackson",,"Mitchell, Drayton",,TRUE,,
cec100f7-3f0f-4544-bfd2-eeb8f98155da,32,b3682650-bf42-11f1-87ba-cb46726a41eb,57ab5794-e415-478c-ab45-a37970065f65,2026-10-03,10:54:11.90,2026-10-03,15:54:11.90,2026-10-03T10:54:11.9050000-05:00,2026-10-03T15:54:11.9050000Z,TEX_BOB,TEX_BOB,BallCalled,Undefined,NoShift,91.03535,57.69703,150.72272,29.40118,89.67596,-71.89109,134.62395,-57.14024,257.22316,-137.02593,308.6092,-0.6089,244.00552,121.02895,"Gillis, Jacob",,"Boles, Brady",,"Carson, Tanner",,"Alaniz, Rylan",,Walk On,,"Cotton, Jackson",,"Mitchell, Drayton",,TRUE,,
cec100f7-3f0f-4544-bfd2-eeb8f98155da,33,c1cd25b0-bf42-11f1-87ba-cb46726a41eb,36349899-101b-44da-9467-2cd52856cbe8,2026-10-03,10:54:36.13,2026-10-03,15:54:36.13,2026-10-03T10:54:36.1320000-05:00,2026-10-03T15:54:36.1320000Z,TEX_BOB,TEX_BOB,FoulBallNotFieldable,Undefined,NoShift,91.12216,57.95634,150.12356,28.90977,89.27864,-70.43352,136.04152,-57.1447,258.14016,-137.39709,303.95529,-0.87857,244.72852,122.84097,"Gillis, Jacob",,"Boles, Brady",,"Carson, Tanner",,"Alaniz, Rylan",,Walk On,,"Cotton, Jackson",,"Mitchell, Drayton",,TRUE,,
cec100f7-3f0f-4544-bfd2-eeb8f98155da,34,cebf5b30-bf42-11f1-87ba-cb46726a41eb,ed8ed7a1-b7b0-4db7-b4af-5114d058f3e9,2026-10-03,10:54:57.78,2026-10-03,15:54:57.78,2026-10-03T10:54:57.7800000-05:00,2026-10-03T15:54:57.7800000Z,TEX_BOB,TEX_BOB,FoulBallNotFieldable,Undefined,NoShift,93.57456,59.74498,150.56844,29.89847,89.09303,-70.70887,136.59539,-58.62894,261.61775,-136.33902,308.41926,-0.0792,249.17208,122.16716,"Gillis, Jacob",,"Boles, Brady",,"Carson, Tanner",,"Alaniz, Rylan",,Walk On,,"Cotton, Jackson",,"Mitchell, Drayton",,TRUE,,
cec100f7-3f0f-4544-bfd2-eeb8f98155da,35,e24d9cc0-bf42-11f1-87ba-cb46726a41eb,5eb55a52-a01d-4f1d-8aeb-274b0020cde9,2026-10-03,10:55:30.67,2026-10-03,15:55:30.67,2026-10-03T10:55:30.6700000-05:00,2026-10-03T15:55:30.6700000Z,TEX_BOB,TEX_BOB,BallCalled,Undefined,NoShift,92.67732,58.5258,150.6723,30.00109,90.43872,-72.78809,135.73174,-56.75882,262.64897,-136.05061,309.00449,-0.9169,248.03131,127.38878,"Gillis, Jacob",,"Boles, Brady",,"Carson, Tanner",,"Alaniz, Rylan",,Walk On,,"Cotton, Jackson",,"Mitchell, Drayton",,TRUE,,
cec100f7-3f0f-4544-bfd2-eeb8f98155da,36,eedf3bb0-bf42-11f1-87ba-cb46726a41eb,2906c3fe-08be-4117-890e-836489175b5d,2026-10-03,10:55:51.76,2026-10-03,15:55:51.76,2026-10-03T10:55:51.7690000-05:00,2026-10-03T15:55:51.7690000Z,TEX_BOB,TEX_BOB,BallCalled,Undefined,NoShift,90.98319,59.1373,149.80018,30.28192,92.07209,-73.0635,134.76222,-57.10114,262.31042,-136.14751,301.82948,-0.61994,244.84111,125.83814,"Gillis, Jacob",,"Boles, Brady",,"Carson, Tanner",,"Alaniz, Rylan",,Walk On,,"Cotton, Jackson",,"Mitchell, Drayton",,TRUE,,
cec100f7-3f0f-4544-bfd2-eeb8f98155da,37,065bf580-bf43-11f1-87ba-cb46726a41eb,60a5f131-e113-4b9f-80ca-6f735a635cb8,2026-10-03,10:56:31.14,2026-10-03,15:56:31.14,2026-10-03T10:56:31.1460000-05:00,2026-10-03T15:56:31.1460000Z,TEX_BOB,TEX_BOB,BallCalled,Undefined,NoShift,63.91836,57.90312,131.67826,43.02591,100.00125,-45.1225,144.95785,-16.76503,261.18956,-136.05324,304.40739,0.55463,250.68469,121.56198,"Gillis, Jacob",,"Boles, Brady",,"Carson, Tanner",,"Alaniz, Rylan",,Walk On,,"Cotton, Jackson",,"Mitchell, Drayton",,TRUE,,
cec100f7-3f0f-4544-bfd2-eeb8f98155da,38,11490c30-bf43-11f1-87ba-cb46726a41eb,42cc18c1-a529-44e5-85e9-edecce4c9cf0,2026-10-03,10:56:49.38,2026-10-03,15:56:49.38,2026-10-03T10:56:49.3800000-05:00,2026-10-03T15:56:49.3800000Z,TEX_BOB,TEX_BOB,StrikeCalled,Undefined,NoShift,64.75662,58.90588,132.3692,43.02928,99.8904,-47.42047,145.24407,-15.98717,263.32419,-130.98692,307.5881,2.74938,250.31591,120.85873,"Gillis, Jacob",,"Boles, Brady",,"Carson, Tanner",,"Alaniz, Rylan",,Walk On,,"Cotton, Jackson",,"Mitchell, Drayton",,TRUE,,
cec100f7-3f0f-4544-bfd2-eeb8f98155da,39,1dbee5c0-bf43-11f1-87ba-cb46726a41eb,aed3254a-3b0a-4c37-8b92-0e10f69d1045,2026-10-03,10:57:10.31,2026-10-03,15:57:10.31,2026-10-03T10:57:10.3180000-05:00,2026-10-03T15:57:10.3180000Z,TEX_BOB,TEX_BOB,InPlay,Out,NoShift,63.66633,58.07706,133.45941,42.96514,98.1021,-48.32116,145.50372,-15.50197,264.07817,-130.40609,303.79754,1.83637,250.2794,121.10403,"Gillis, Jacob",,"Boles, Brady",,"Carson, Tanner",,"Alaniz, Rylan",,Walk On,,"Cotton, Jackson",,"Mitchell, Drayton",,TRUE,"Boles, Brady",2B
cec100f7-3f0f-4544-bfd2-eeb8f98155da,40,347605a0-bf43-11f1-87ba-cb46726a41eb,fab16eed-50b7-41c6-9001-bc44be13f8f2,2026-10-03,10:57:48.42,2026-10-03,15:57:48.42,2026-10-03T10:57:48.4270000-05:00,2026-10-03T15:57:48.4270000Z,TEX_BOB,TEX_BOB,StrikeCalled,Undefined,NoShift,87.02044,55.07766,147.68658,31.19942,84.41499,-65.90954,135.45725,-56.66366,254.85339,-142.13494,306.43808,-0.81264,237.92015,125.70842,"Gillis, Jacob",,"Boles, Brady",,"Carson, Tanner",,"Alaniz, Rylan",,Walk On,,"Cotton, Jackson",,"Mitchell, Drayton",,TRUE,,
cec100f7-3f0f-4544-bfd2-eeb8f98155da,41,4e2bbf80-bf43-11f1-87ba-cb46726a41eb,9bbdb347-f352-461d-b966-ad26ffc91a04,2026-10-03,10:58:31.62,2026-10-03,15:58:31.62,2026-10-03T10:58:31.6240000-05:00,2026-10-03T15:58:31.6240000Z,TEX_BOB,TEX_BOB,FoulBallNotFieldable,Undefined,NoShift,89.10008,55.92621,150.645,30.29719,85.21082,-66.08805,135.68234,-55.6254,259.08724,-140.86805,302.67927,-0.7925,234.60557,124.62766,"Gillis, Jacob",,"Boles, Brady",,"Carson, Tanner",,"Alaniz, Rylan",,Walk On,,"Cotton, Jackson",,"Mitchell, Drayton",,TRUE,,
cec100f7-3f0f-4544-bfd2-eeb8f98155da,42,5e8e1580-bf43-11f1-87ba-cb46726a41eb,c9c1674c-06d4-4c88-8bba-875136cfec5d,2026-10-03,10:58:59.06,2026-10-03,15:58:59.06,2026-10-03T10:58:59.0670000-05:00,2026-10-03T15:58:59.0670000Z,TEX_BOB,TEX_BOB,FoulBallNotFieldable,Undefined,NoShift,92.53846,56.99775,146.97549,28.25129,81.59392,-66.60471,99.2143,-32.67674,258.69714,-143.17166,302.80589,-0.15545,230.697,125.21538,"Gillis, Jacob",,"Boles, Brady",,"Carson, Tanner",,"Alaniz, Rylan",,Walk On,,"Cotton, Jackson",,"Mitchell, Drayton",,TRUE,,
cec100f7-3f0f-4544-bfd2-eeb8f98155da,43,70bfd450-bf43-11f1-87ba-cb46726a41eb,9c1a67b7-4782-40ba-93d0-ef41c6114afc,2026-10-03,10:59:29.60,2026-10-03,15:59:29.60,2026-10-03T10:59:29.6070000-05:00,2026-10-03T15:59:29.6070000Z,TEX_BOB,TEX_BOB,BallCalled,Undefined,NoShift,93.20308,58.22157,147.01845,25.60601,87.83848,-70.36111,136.25993,-60.64023,259.54637,-143.32808,306.34118,-1.75457,232.81987,129.10323,"Gillis, Jacob",,"Boles, Brady",,"Carson, Tanner",,"Alaniz, Rylan",,Walk On,,"Cotton, Jackson",,"Mitchell, Drayton",,TRUE,,
cec100f7-3f0f-4544-bfd2-eeb8f98155da,44,7df15cc0-bf43-11f1-87ba-cb46726a41eb,20eaf7e9-c278-4f50-9c0b-e717a52be6d5,2026-10-03,10:59:51.77,2026-10-03,15:59:51.77,2026-10-03T10:59:51.7770000-05:00,2026-10-03T15:59:51.7770000Z,TEX_BOB,TEX_BOB,StrikeSwinging,Undefined,NoShift,92.90108,57.434,149.28261,30.51051,86.59277,-69.21467,135.63388,-59.95094,258.19423,-142.04098,303.33027,-0.70326,233.10595,127.1874,"Gillis, Jacob",,"Boles, Brady",,"Carson, Tanner",,"Alaniz, Rylan",,Walk On,,"Cotton, Jackson",,"Mitchell, Drayton",,TRUE,,
cec100f7-3f0f-4544-bfd2-eeb8f98155da,45,9b8c8e30-bf43-11f1-87ba-cb46726a41eb,a048fd2f-a4e8-45cd-b5cd-36d5f76db510,2026-10-03,11:00:41.41,2026-10-03,16:00:41.41,2026-10-03T11:00:41.4190000-05:00,2026-10-03T16:00:41.4190000Z,TEX_BOB,TEX_BOB,BallCalled,Undefined,RightInfieldShift,87.91463,70.72416,163.36097,83.67831,88.40255,-57.69239,155.58845,5.65113,245.32487,-208.36932,302.85461,31.01649,239.80551,140.39689,"Gillis, Jacob",,"Boles, Brady",,"Carson, Tanner",,"Alaniz, Rylan",,Walk On,,"Cotton, Jackson",,"Mitchell, Drayton",,TRUE,,
cec100f7-3f0f-4544-bfd2-eeb8f98155da,46,a8fea210-bf43-11f1-87ba-cb46726a41eb,fb694fc5-89a9-4bd8-a688-01cc6e08970f,2026-10-03,11:01:03.94,2026-10-03,16:01:03.94,2026-10-03T11:01:03.9430000-05:00,2026-10-03T16:01:03.9430000Z,TEX_BOB,TEX_BOB,StrikeSwinging,Undefined,RightInfieldShift,89.19022,72.38018,166.77779,87.55472,89.24513,-58.80984,150.61848,4.05375,276.84469,-119.82849,306.9738,32.13377,240.04497,140.81331,"Gillis, Jacob",,"Boles, Brady",,"Carson, Tanner",,"Alaniz, Rylan",,Walk On,,"Cotton, Jackson",,"Mitchell, Drayton",,TRUE,,
cec100f7-3f0f-4544-bfd2-eeb8f98155da,47,b44f83a0-bf43-11f1-87ba-cb46726a41eb,a73920b4-6e23-4f31-89c0-1ba56302c5bc,2026-10-03,11:01:22.91,2026-10-03,16:01:22.91,2026-10-03T11:01:22.9190000-05:00,2026-10-03T16:01:22.9190000Z,TEX_BOB,TEX_BOB,BallCalled,Undefined,RightInfieldShift,91.6988,75.19884,168.6375,91.16461,88.93728,-59.81832,148.62753,2.63184,255.45059,-196.1224,312.07932,32.90655,242.57509,144.13002,"Gillis, Jacob",,"Boles, Brady",,"Carson, Tanner",,"Alaniz, Rylan",,Walk On,,"Cotton, Jackson",,"Mitchell, Drayton",,TRUE,,
cec100f7-3f0f-4544-bfd2-eeb8f98155da,48,c5460350-bf43-11f1-87ba-cb46726a41eb,ebf3ff91-ebd6-4ac4-bfba-1beca6f03149,2026-10-03,11:01:51.39,2026-10-03,16:01:51.39,2026-10-03T11:01:51.3940000-05:00,2026-10-03T16:01:51.3940000Z,TEX_BOB,TEX_BOB,FoulBallNotFieldable,Undefined,NoShift,91.14075,74.00083,158.42029,85.45994,89.90266,-57.60239,119.2956,-20.1669,257.13017,-190.53937,304.97667,33.45603,241.1254,143.62007,"Gillis, Jacob",,"Boles, Brady",,"Carson, Tanner",,"Alaniz, Rylan",,Walk On,,"Cotton, Jackson",,"Mitchell, Drayton",,TRUE,,
cec100f7-3f0f-4544-bfd2-eeb8f98155da,49,d2ba1300-bf43-11f1-87ba-cb46726a41eb,afe21b21-c675-4e81-bb98-24f9308f14e1,2026-10-03,11:02:14.01,2026-10-03,16:02:14.01,2026-10-03T11:02:14.0120000-05:00,2026-10-03T16:02:14.0120000Z,TEX_BOB,TEX_BOB,BallCalled,Undefined,NoShift,93.02672,77.54866,156.66633,47.43018,91.57547,-60.57779,150.91297,4.59586,276.57566,-121.60947,311.36406,31.4725,249.98072,149.90182,"Gillis, Jacob",,"Boles, Brady",,"Carson, Tanner",,"Alaniz, Rylan",,Walk On,,"Cotton, Jackson",,"Mitchell, Drayton",,TRUE,,
cec100f7-3f0f-4544-bfd2-eeb8f98155da,50,dd9639c0-bf43-11f1-87ba-cb46726a41eb,2f1f6bf0-cb7a-482f-a505-f9de46234391,2026-10-03,11:02:32.24,2026-10-03,16:02:32.24,2026-10-03T11:02:32.2410000-05:00,2026-10-03T16:02:32.2410000Z,TEX_BOB,TEX_BOB,StrikeCalled,Undefined,RightInfieldShift,92.29583,76.5207,162.32427,87.82566,90.69677,-59.24839,150.57873,4.10528,264.92015,-182.07367,314.33606,34.58122,243.39888,146.85473,"Gillis, Jacob",,"Boles, Brady",,"Carson, Tanner",,"Alaniz, Rylan",,Walk On,,"Cotton, Jackson",,"Mitchell, Drayton",,TRUE,,
cec100f7-3f0f-4544-bfd2-eeb8f98155da,51,458a2a00-bf44-11f1-87ba-cb46726a41eb,ebafccde-f660-49c5-ba17-bc36618b5b1d,2026-10-03,11:05:26.60,2026-10-03,16:05:26.60,2026-10-03T11:05:26.6000000-05:00,2026-10-03T16:05:26.6000000Z,TEX_BOB,TEX_BOB,BallCalled,Undefined,NoShift,94.00082,60.81074,150.59082,30.06105,93.21739,-72.70845,139.95205,-50.8365,280.32444,-169.18536,292.14417,-5.20353,237.12429,125.45322,"Gillis, Jacob",,"Wheatley, Luke",,"Foor, Daylen",,"Boles, Brady",,"Mitchell, Drayton",,"Byrd, Cadyn",,"Fryman, Bennett",,TRUE,,
cec100f7-3f0f-4544-bfd2-eeb8f98155da,52,50a5f1d0-bf44-11f1-87ba-cb46726a41eb,9f757acc-e78d-4eed-b361-f7282fb0e59d,2026-10-03,11:05:45.30,2026-10-03,16:05:45.30,2026-10-03T11:05:45.3060000-05:00,2026-10-03T16:05:45.3060000Z,TEX_BOB,TEX_BOB,BallCalled,Undefined,NoShift,93.0506,60.29538,150.68455,30.93027,94.8757,-75.72105,139.80539,-51.02503,241.02601,-129.51773,302.02135,-8.95475,232.67722,123.17595,"Gillis, Jacob",,"Wheatley, Luke",,"Foor, Daylen",,"Boles, Brady",,"Mitchell, Drayton",,"Byrd, Cadyn",,"Fryman, Bennett",,TRUE,,
cec100f7-3f0f-4544-bfd2-eeb8f98155da,53,5ea63bf0-bf44-11f1-87ba-cb46726a41eb,642ba0fc-5383-49e0-84da-497240b17e32,2026-10-03,11:06:08.72,2026-10-03,16:06:08.72,2026-10-03T11:06:08.7210000-05:00,2026-10-03T16:06:08.7210000Z,TEX_BOB,TEX_BOB,BallCalled,Undefined,NoShift,92.47549,59.70948,150.37545,30.35833,88.18236,-69.26129,139.47891,-51.33149,269.31659,-181.89191,300.03509,-8.48717,233.07307,126.5509,"Gillis, Jacob",,"Wheatley, Luke",,"Foor, Daylen",,"Boles, Brady",,"Mitchell, Drayton",,"Byrd, Cadyn",,"Fryman, Bennett",,TRUE,,
cec100f7-3f0f-4544-bfd2-eeb8f98155da,54,79d2de60-bf44-11f1-87ba-cb46726a41eb,e7dc2ded-782b-4ffb-b929-1fcf20d79e46,2026-10-03,11:06:54.33,2026-10-03,16:06:54.33,2026-10-03T11:06:54.3390000-05:00,2026-10-03T16:06:54.3390000Z,TEX_BOB,TEX_BOB,StrikeCalled,Undefined,NoShift,91.10519,59.26964,150.26191,29.03236,89.2846,-69.72008,139.18813,-51.38538,265.14568,-182.90654,304.46013,-7.19633,235.20335,125.36984,"Gillis, Jacob",,"Wheatley, Luke",,"Foor, Daylen",,"Boles, Brady",,"Mitchell, Drayton",,"Byrd, Cadyn",,"Fryman, Bennett",,TRUE,,
cec100f7-3f0f-4544-bfd2-eeb8f98155da,55,86a1fb80-bf44-11f1-87ba-cb46726a41eb,4b7f9357-8772-438a-9090-3aca04d23535,2026-10-03,11:07:15.86,2026-10-03,16:07:15.86,2026-10-03T11:07:15.8670000-05:00,2026-10-03T16:07:15.8670000Z,TEX_BOB,TEX_BOB,FoulBallNotFieldable,Undefined,NoShift,92.42507,60.63435,150.75369,29.33616,90.16835,-71.51957,139.8736,-51.7793,267.54203,-184.06327,303.68117,-8.11459,233.84515,125.92231,"Gillis, Jacob",,"Wheatley, Luke",,"Foor, Daylen",,"Boles, Brady",,"Mitchell, Drayton",,"Byrd, Cadyn",,"Fryman, Bennett",,TRUE,,
cec100f7-3f0f-4544-bfd2-eeb8f98155da,56,9441d620-bf44-11f1-87ba-cb46726a41eb,e323d712-7b56-4615-9822-7f1fd463f1cc,2026-10-03,11:07:38.68,2026-10-03,16:07:38.68,2026-10-03T11:07:38.6890000-05:00,2026-10-03T16:07:38.6890000Z,TEX_BOB,TEX_BOB,InPlay,Single,NoShift,93.82529,60.9508,150.91334,28.88435,87.90094,-67.10715,139.86646,-51.92032,266.25459,-180.56237,303.83134,-7.90656,239.79585,126.9196,"Gillis, Jacob",,"Wheatley, Luke",,"Foor, Daylen",,"Boles, Brady",,"Mitchell, Drayton",,"Byrd, Cadyn",,"Fryman, Bennett",,TRUE,"Boles, Brady",SS
cec100f7-3f0f-4544-bfd2-eeb8f98155da,57,a96ab4e0-bf44-11f1-87ba-cb46726a41eb,5f649dbd-7e6b-4c49-8a56-635955a0ff05,2026-10-03,11:08:14.18,2026-10-03,16:08:14.18,2026-10-03T11:08:14.1850000-05:00,2026-10-03T16:08:14.1850000Z,TEX_BOB,TEX_BOB,BallCalled,Undefined,NoShift,63.67732,58.68458,136.47475,21.15323,82.70273,-60.21022,134.78983,-39.18434,242.38447,-132.016,300.98335,-8.49378,240.84336,124.93613,"Gillis, Jacob",,"Wheatley, Luke",,"Foor, Daylen",,"Boles, Brady",,"Mitchell, Drayton",,"Byrd, Cadyn",,"Fryman, Bennett",,TRUE,,
cec100f7-3f0f-4544-bfd2-eeb8f98155da,58,c6b77830-bf44-11f1-87ba-cb46726a41eb,20b04511-1530-4ced-899f-bae748a055d4,2026-10-03,11:09:03.30,2026-10-03,16:09:03.30,2026-10-03T11:09:03.3030000-05:00,2026-10-03T16:09:03.3030000Z,TEX_BOB,TEX_BOB,BallCalled,Undefined,NoShift,64.19012,58.33906,137.01677,21.58504,85.52991,-63.22023,135.47415,-35.9632,240.85031,-134.43573,301.37389,-5.19161,242.92322,125.32396,"Gillis, Jacob",,"Wheatley, Luke",,"Foor, Daylen",,"Boles, Brady",,"Mitchell, Drayton",,"Byrd, Cadyn",,"Fryman, Bennett",,TRUE,,
cec100f7-3f0f-4544-bfd2-eeb8f98155da,59,d259ae10-bf44-11f1-87ba-cb46726a41eb,e2a49fe5-9b46-4a9d-94b1-ba42664e5232,2026-10-03,11:09:22.85,2026-10-03,16:09:22.85,2026-10-03T11:09:22.8590000-05:00,2026-10-03T16:09:22.8590000Z,TEX_BOB,TEX_BOB,BallCalled,Undefined,NoShift,63.73384,58.11101,138.71843,21.60286,86.31607,-64.41578,136.70971,-35.45861,241.48521,-135.37511,301.83562,-5.71839,245.01539,125.10592,"Gillis, Jacob",,"Wheatley, Luke",,"Foor, Daylen",,"Boles, Brady",,"Mitchell, Drayton",,"Byrd, Cadyn",,"Fryman, Bennett",,TRUE,,
cec100f7-3f0f-4544-bfd2-eeb8f98155da,60,de770760-bf44-11f1-87ba-cb46726a41eb,ad917447-6e33-49c5-bba4-45379d98349a,2026-10-03,11:09:43.19,2026-10-03,16:09:43.19,2026-10-03T11:09:43.1920000-05:00,2026-10-03T16:09:43.1920000Z,TEX_BOB,TEX_BOB,BallCalled,Undefined,NoShift,63.50464,58.51087,138.97042,21.20038,84.80342,-63.78115,134.58577,-37.0641,240.86604,-136.13811,306.50003,-4.66678,240.73004,126.7073,"Gillis, Jacob",,"Wheatley, Luke",,"Foor, Daylen",,"Boles, Brady",,"Mitchell, Drayton",,"Byrd, Cadyn",,"Fryman, Bennett",,TRUE,,
cec100f7-3f0f-4544-bfd2-eeb8f98155da,61,f586f5a0-bf44-11f1-87ba-cb46726a41eb,fba17225-2c45-4877-a673-a97eefdb904b,2026-10-03,11:10:21.81,2026-10-03,16:10:21.81,2026-10-03T11:10:21.8170000-05:00,2026-10-03T16:10:21.8170000Z,TEX_BOB,TEX_BOB,BallCalled,Undefined,NoShift,85.22782,69.0937,137.9841,46.90167,85.16604,-62.47049,146.89298,-16.48488,240.91219,-141.78083,300.12309,-7.04885,257.80034,131.11324,"Gillis, Jacob",,"Wheatley, Luke",,"Foor, Daylen",,"Boles, Brady",,"Mitchell, Drayton",,"Byrd, Cadyn",,"Fryman, Bennett",,TRUE,,
cec100f7-3f0f-4544-bfd2-eeb8f98155da,62,040c0020-bf45-11f1-87ba-cb46726a41eb,536ef5e9-8172-470b-945f-74d36b570dd9,2026-10-03,11:10:46.17,2026-10-03,16:10:46.17,2026-10-03T11:10:46.1720000-05:00,2026-10-03T16:10:46.1720000Z,TEX_BOB,TEX_BOB,BallCalled,Undefined,NoShift,87.15036,70.43446,137.48451,46.0223,92.09989,-58.26906,147.3414,-16.63247,242.43396,-141.24321,309.04104,-9.96618,259.56497,131.78528,"Gillis, Jacob",,"Wheatley, Luke",,"Foor, Daylen",,"Boles, Brady",,"Mitchell, Drayton",,"Byrd, Cadyn",,"Fryman, Bennett",,TRUE,,
cec100f7-3f0f-4544-bfd2-eeb8f98155da,63,12d98550-bf45-11f1-87ba-cb46726a41eb,f4ff825b-2dd5-40f8-9fa6-422d3374dd15,2026-10-03,11:11:11.03,2026-10-03,16:11:11.03,2026-10-03T11:11:11.0320000-05:00,2026-10-03T16:11:11.0320000Z,TEX_BOB,TEX_BOB,BallCalled,Undefined,NoShift,87.60452,71.83597,138.35429,46.85281,88.37327,-55.20125,144.73648,-18.28482,239.73146,-140.93786,314.74122,-10.26986,262.21998,133.57555,"Gillis, Jacob",,"Wheatley, Luke",,"Foor, Daylen",,"Boles, Brady",,"Mitchell, Drayton",,"Byrd, Cadyn",,"Fryman, Bennett",,TRUE,,
cec100f7-3f0f-4544-bfd2-eeb8f98155da,64,228caf90-bf45-11f1-87ba-cb46726a41eb,af8763bb-7348-4033-858d-e3dc3beed408,2026-10-03,11:11:37.41,2026-10-03,16:11:37.41,2026-10-03T11:11:37.4130000-05:00,2026-10-03T16:11:37.4130000Z,TEX_BOB,TEX_BOB,BallCalled,Undefined,NoShift,87.61638,71.97936,139.96865,46.8437,89.59047,-56.58091,150.81053,-18.46118,240.86188,-140.08745,309.01118,-9.39983,257.93772,135.882,"Gillis, Jacob",,"Wheatley, Luke",,"Foor, Daylen",,"Boles, Brady",,"Mitchell, Drayton",,"Byrd, Cadyn",,"Fryman, Bennett",,TRUE,,
cec100f7-3f0f-4544-bfd2-eeb8f98155da,65,4fbcd4e0-bf45-11f1-87ba-cb46726a41eb,f3a39e33-4a08-4759-8112-2700a2f0e5bb,2026-10-03,11:12:53.25,2026-10-03,16:12:53.25,2026-10-03T11:12:53.2570000-05:00,2026-10-03T16:12:53.2570000Z,TEX_BOB,TEX_BOB,InPlay,Error,NoShift,92.87405,63.02151,138.84856,23.16438,86.71254,-62.93957,136.74001,-38.72386,242.71923,-145.40542,311.80919,-5.02673,248.71007,127.93605,"Gillis, Jacob",,"Wheatley, Luke",,"Foor, Daylen",,"Boles, Brady",,"Mitchell, Drayton",,"Byrd, Cadyn",,"Fryman, Bennett",,TRUE,"Boles, Brady",SS
cec100f7-3f0f-4544-bfd2-eeb8f98155da,66,66fad800-bf45-11f1-87ba-cb46726a41eb,c2d1519a-aebe-4d3f-89ed-12d5047098d9,2026-10-03,11:13:32.22,2026-10-03,16:13:32.22,2026-10-03T11:13:32.2230000-05:00,2026-10-03T16:13:32.2230000Z,TEX_BOB,TEX_BOB,StrikeCalled,Undefined,NoShift,88.92927,61.80487,139.0425,22.58589,84.40251,-62.9641,135.30067,-40.09864,243.59567,-138.16643,303.30812,0.35841,237.98821,131.14765,"Gillis, Jacob",,"Wheatley, Luke",,"Foor, Daylen",,"Boles, Brady",,"Mitchell, Drayton",,"Byrd, Cadyn",,"Fryman, Bennett",,TRUE,,
cec100f7-3f0f-4544-bfd2-eeb8f98155da,67,729e1f50-bf45-11f1-87ba-cb46726a41eb,d2ae752a-b961-42e3-b257-3faa423bc8af,2026-10-03,11:13:51.75,2026-10-03,16:13:51.75,2026-10-03T11:13:51.7520000-05:00,2026-10-03T16:13:51.7520000Z,TEX_BOB,TEX_BOB,FoulBallNotFieldable,Undefined,NoShift,89.17989,61.15538,138.65621,21.9401,84.43112,-64.43192,134.95466,-39.93072,242.69676,-137.75228,300.81335,-1.1211,238.94039,127.95099,"Gillis, Jacob",,"Wheatley, Luke",,"Foor, Daylen",,"Boles, Brady",,"Mitchell, Drayton",,"Byrd, Cadyn",,"Fryman, Bennett",,TRUE,,
cec100f7-3f0f-4544-bfd2-eeb8f98155da,68,810c1f60-bf45-11f1-87ba-cb46726a41eb,a2964c99-5d14-4b48-b3e5-f0f23a15134f,2026-10-03,11:14:16.02,2026-10-03,16:14:16.02,2026-10-03T11:14:16.0200000-05:00,2026-10-03T16:14:16.0200000Z,TEX_BOB,TEX_BOB,FoulBallNotFieldable,Undefined,NoShift,89.2056,61.98492,139.9077,22.55456,86.38888,-62.43835,134.89155,-37.38876,243.69228,-135.7593,307.05073,-0.2131,241.62672,127.05834,"Gillis, Jacob",,"Wheatley, Luke",,"Foor, Daylen",,"Boles, Brady",,"Mitchell, Drayton",,"Byrd, Cadyn",,"Fryman, Bennett",,TRUE,,
cec100f7-3f0f-4544-bfd2-eeb8f98155da,69,8febf410-bf45-11f1-87ba-cb46726a41eb,e7507d29-9e53-421e-b369-ad673bde786a,2026-10-03,11:14:40.88,2026-10-03,16:14:40.88,2026-10-03T11:14:40.8880000-05:00,2026-10-03T16:14:40.8880000Z,TEX_BOB,TEX_BOB,BallCalled,Undefined,NoShift,91.14069,62.12327,140.54584,22.70783,86.40089,-63.89783,136.7109,-37.54507,244.84409,-136.55881,306.72552,-5.42784,250.51749,132.43249,"Gillis, Jacob",,"Wheatley, Luke",,"Foor, Daylen",,"Boles, Brady",,"Mitchell, Drayton",,"Byrd, Cadyn",,"Fryman, Bennett",,TRUE,,
cec100f7-3f0f-4544-bfd2-eeb8f98155da,70,9d1ba7c0-bf45-11f1-87ba-cb46726a41eb,19cbcdc7-5a66-422e-a31e-a341068def18,2026-10-03,11:15:02.85,2026-10-03,16:15:02.85,2026-10-03T11:15:02.8540000-05:00,2026-10-03T16:15:02.8540000Z,TEX_BOB,TEX_BOB,BallCalled,Undefined,NoShift,92.05069,62.9786,140.42702,22.73476,87.09986,-64.73138,136.35295,-39.212,244.50942,-136.48564,300.48595,-7.08972,250.10215,129.98858,"Gillis, Jacob",,"Wheatley, Luke",,"Foor, Daylen",,"Boles, Brady",,"Mitchell, Drayton",,"Byrd, Cadyn",,"Fryman, Bennett",,TRUE,,
cec100f7-3f0f-4544-bfd2-eeb8f98155da,71,ae1a8be0-bf45-11f1-87ba-cb46726a41eb,ccfad86f-2e52-4a90-ac94-3ecd81811c7d,2026-10-03,11:15:31.59,2026-10-03,16:15:31.59,2026-10-03T11:15:31.5960000-05:00,2026-10-03T16:15:31.5960000Z,TEX_BOB,TEX_BOB,HitByPitch,Undefined,NoShift,93.10447,62.52779,142.21689,22.76984,85.88795,-65.2991,135.11416,-36.1629,245.34527,-135.84043,304.57366,-7.61086,247.80547,128.68314,"Gillis, Jacob",,"Wheatley, Luke",,"Foor, Daylen",,"Boles, Brady",,"Mitchell, Drayton",,"Byrd, Cadyn",,"Fryman, Bennett",,TRUE,,
cec100f7-3f0f-4544-bfd2-eeb8f98155da,72,c62506c0-bf45-11f1-87ba-cb46726a41eb,43f3137c-f721-4146-b167-20f7f1b87457,2026-10-03,11:16:11.88,2026-10-03,16:16:11.88,2026-10-03T11:16:11.8800000-05:00,2026-10-03T16:16:11.8800000Z,TEX_BOB,TEX_BOB,StrikeCalled,Undefined,NoShift,87.07151,61.45952,138.99753,22.32505,87.34868,-66.33145,136.15065,-38.03324,238.12849,-134.58071,298.48267,-6.75736,239.70719,124.47768,"Gillis, Jacob",,"Wheatley, Luke",,"Foor, Daylen",,"Boles, Brady",,"Mitchell, Drayton",,"Byrd, Cadyn",,"Fryman, Bennett",,TRUE,,
cec100f7-3f0f-4544-bfd2-eeb8f98155da,73,d2eef3c0-bf45-11f1-87ba-cb46726a41eb,f67fac8e-11d4-432c-9315-c4c4d40b07fd,2026-10-03,11:16:33.16,2026-10-03,16:16:33.16,2026-10-03T11:16:33.1650000-05:00,2026-10-03T16:16:33.1650000Z,TEX_BOB,TEX_BOB,StrikeCalled,Undefined,NoShift,93.90417,59.71547,140.11828,22.52752,86.07103,-66.01021,136.5476,-35.99022,243.51725,-131.58307,301.59592,-6.19289,242.03883,124.02881,"Gillis, Jacob",,"Wheatley, Luke",,"Foor, Daylen",,"Boles, Brady",,"Mitchell, Drayton",,"Byrd, Cadyn",,"Fryman, Bennett",,TRUE,,
cec100f7-3f0f-4544-bfd2-eeb8f98155da,74,e0a1ba20-bf45-11f1-87ba-cb46726a41eb,17cef111-1b6c-4586-b37b-4cb05be64531,2026-10-03,11:16:56.26,2026-10-03,16:16:56.26,2026-10-03T11:16:56.2650000-05:00,2026-10-03T16:16:56.2650000Z,TEX_BOB,TEX_BOB,BallCalled,Undefined,NoShift,95.16809,60.1827,141.51836,22.09835,86.86516,-64.94246,137.26775,-36.17582,242.80568,-132.16832,295.7594,-7.26518,239.12664,122.97618,"Gillis, Jacob",,"Wheatley, Luke",,"Foor, Daylen",,"Boles, Brady",,"Mitchell, Drayton",,"Byrd, Cadyn",,"Fryman, Bennett",,TRUE,,
cec100f7-3f0f-4544-bfd2-eeb8f98155da,75,ee9a8a30-bf45-11f1-87ba-cb46726a41eb,2445f667-eb52-445a-b859-36a8076795c2,2026-10-03,11:17:19.79,2026-10-03,16:17:19.79,2026-10-03T11:17:19.7900000-05:00,2026-10-03T16:17:19.7900000Z,TEX_BOB,TEX_BOB,FoulBallNotFieldable,Undefined,NoShift,97.36822,62.09005,139.32141,21.74902,88.44473,-68.46954,136.86915,-35.43234,239.73806,-131.2278,299.58569,-7.36565,237.81876,124.87192,"Gillis, Jacob",,"Wheatley, Luke",,"Foor, Daylen",,"Boles, Brady",,"Mitchell, Drayton",,"Byrd, Cadyn",,"Fryman, Bennett",,TRUE,,
cec100f7-3f0f-4544-bfd2-eeb8f98155da,76,009a6390-bf46-11f1-87ba-cb46726a41eb,183c0e23-1bd5-4ff7-bd33-93aa1ca72d56,2026-10-03,11:17:49.94,2026-10-03,16:17:49.94,2026-10-03T11:17:49.9460000-05:00,2026-10-03T16:17:49.9460000Z,TEX_BOB,TEX_BOB,BallCalled,Undefined,NoShift,93.20949,62.34453,142.1385,23.17167,87.44169,-66.22611,136.53636,-34.9216,239.70832,-132.7683,306.49654,-7.9937,241.28672,129.74921,"Gillis, Jacob",,"Wheatley, Luke",,"Foor, Daylen",,"Boles, Brady",,"Mitchell, Drayton",,"Byrd, Cadyn",,"Fryman, Bennett",,TRUE,,
cec100f7-3f0f-4544-bfd2-eeb8f98155da,77,0e7d88c0-bf46-11f1-87ba-cb46726a41eb,39fe052c-666a-410d-a0dd-ec7d04a558f6,2026-10-03,11:18:13.28,2026-10-03,16:18:13.28,2026-10-03T11:18:13.2880000-05:00,2026-10-03T16:18:13.2880000Z,TEX_BOB,TEX_BOB,InPlay,Out,NoShift,97.50565,61.83925,141.81777,22.30041,86.76426,-65.26033,137.49603,-35.24104,238.03735,-131.57261,304.72152,-9.21321,243.56067,129.73757,"Gillis, Jacob",,"Wheatley, Luke",,"Foor, Daylen",,"Boles, Brady",,"Mitchell, Drayton",,"Byrd, Cadyn",,"Fryman, Bennett",,TRUE,"Foor, Daylen",3B
cec100f7-3f0f-4544-bfd2-eeb8f98155da,78,6dcea070-bf46-11f1-87ba-cb46726a41eb,ad670957-6d49-433d-b3a9-08023c2b6994,2026-10-03,11:20:53.16,2026-10-03,16:20:53.16,2026-10-03T11:20:53.1650000-05:00,2026-10-03T16:20:53.1650000Z,TEX_BOB,TEX_BOB,BallCalled,Undefined,NoShift,94.94728,76.39981,142.52728,54.67045,91.73552,-65.04155,147.72346,-36.28862,242.90505,-114.19908,291.09634,-4.64319,264.51582,115.88904,"Carson, Tanner",,"Alaniz, Rylan",,"Wheatley, Luke",,"Foor, Daylen",,"Cotton, Jackson",,"Fryman, Bennett",,"Byrd, Cadyn",,TRUE,,
cec100f7-3f0f-4544-bfd2-eeb8f98155da,79,79a309e0-bf46-11f1-87ba-cb46726a41eb,360046ea-19e4-4a11-998a-7402e51bb519,2026-10-03,11:21:13.07,2026-10-03,16:21:13.07,2026-10-03T11:21:13.0730000-05:00,2026-10-03T16:21:13.0730000Z,TEX_BOB,TEX_BOB,BallCalled,Undefined,NoShift,95.0729,76.62412,144.27022,54.52273,91.68453,-64.60554,147.38652,-34.83288,237.62475,-117.41409,290.45305,-9.52881,266.22094,113.60333,"Carson, Tanner",,"Alaniz, Rylan",,"Wheatley, Luke",,"Foor, Daylen",,"Cotton, Jackson",,"Fryman, Bennett",,"Byrd, Cadyn",,TRUE,,
cec100f7-3f0f-4544-bfd2-eeb8f98155da,80,86088fc0-bf46-11f1-87ba-cb46726a41eb,b271ee99-ab0e-4c4d-97ed-c28cc2ed8583,2026-10-03,11:21:33.86,2026-10-03,16:21:33.86,2026-10-03T11:21:33.8680000-05:00,2026-10-03T16:21:33.8680000Z,TEX_BOB,TEX_BOB,StrikeCalled,Undefined,NoShift,94.91596,76.10585,142.34812,54.43933,93.01935,-65.30106,147.76395,-37.39737,239.8011,-120.58743,292.50488,-11.53178,264.58457,111.44944,"Carson, Tanner",,"Alaniz, Rylan",,"Wheatley, Luke",,"Foor, Daylen",,"Cotton, Jackson",,"Fryman, Bennett",,"Byrd, Cadyn",,TRUE,,
cec100f7-3f0f-4544-bfd2-eeb8f98155da,81,9090a310-bf46-11f1-87ba-cb46726a41eb,c25e82c1-be63-4b0d-a4db-bd4b51ed0348,2026-10-03,11:21:51.43,2026-10-03,16:21:51.43,2026-10-03T11:21:51.4390000-05:00,2026-10-03T16:21:51.4390000Z,TEX_BOB,TEX_BOB,StrikeSwinging,Undefined,NoShift,94.99078,76.63378,144.05476,52.88488,93.58921,-66.10387,147.83914,-37.70487,238.50814,-119.07417,287.75429,-9.89887,262.43689,114.83957,"Carson, Tanner",,"Alaniz, Rylan",,"Wheatley, Luke",,"Foor, Daylen",,"Cotton, Jackson",,"Fryman, Bennett",,"Byrd, Cadyn",,TRUE,,
cec100f7-3f0f-4544-bfd2-eeb8f98155da,82,a5676a30-bf46-11f1-87ba-cb46726a41eb,675c1e9b-e0a6-4521-8431-6e93f00b2b20,2026-10-03,11:22:26.46,2026-10-03,16:22:26.46,2026-10-03T11:22:26.4630000-05:00,2026-10-03T16:22:26.4630000Z,TEX_BOB,TEX_BOB,FoulBallNotFieldable,Undefined,NoShift,92.67584,76.14862,143.27985,53.85645,92.89423,-66.54981,147.67917,-35.15037,246.82102,-119.98,287.30633,-6.956,261.62824,113.86422,"Carson, Tanner",,"Alaniz, Rylan",,"Wheatley, Luke",,"Foor, Daylen",,"Cotton, Jackson",,"Fryman, Bennett",,"Byrd, Cadyn",,TRUE,,
cec100f7-3f0f-4544-bfd2-eeb8f98155da,83,ba91a880-bf46-11f1-87ba-cb46726a41eb,a02c790a-429d-4a65-97c4-f85f6c105112,2026-10-03,11:23:01.98,2026-10-03,16:23:01.98,2026-10-03T11:23:01.9820000-05:00,2026-10-03T16:23:01.9820000Z,TEX_BOB,TEX_BOB,InPlay,Out,NoShift,93.88175,74.63191,140.508,54.28897,90.92138,-65.61908,147.27775,-36.77393,239.64238,-123.0248,284.67208,-13.47887,260.46103,120.87221,"Carson, Tanner",,"Alaniz, Rylan",,"Wheatley, Luke",,"Foor, Daylen",,"Cotton, Jackson",,"Fryman, Bennett",,"Byrd, Cadyn",,TRUE,"Foor, Daylen",SS
cec100f7-3f0f-4544-bfd2-eeb8f98155da,84,d1599140-bf46-11f1-87ba-cb46726a41eb,162eb8e4-1e63-477e-be40-393731de8ba3,2026-10-03,11:23:40.21,2026-10-03,16:23:40.21,2026-10-03T11:23:40.2160000-05:00,2026-10-03T16:23:40.2160000Z,TEX_BOB,TEX_BOB,FoulBallNotFieldable,Undefined,NoShift,92.65086,55.83642,148.73741,33.1448,91.79166,-74.03998,140.66901,-53.12612,253.79266,-118.80258,303.5988,-2.71647,250.87125,135.44489,"Carson, Tanner",,"Alaniz, Rylan",,"Wheatley, Luke",,"Foor, Daylen",,"Cotton, Jackson",,"Fryman, Bennett",,"Byrd, Cadyn",,TRUE,,
cec100f7-3f0f-4544-bfd2-eeb8f98155da,85,dcc37910-bf46-11f1-87ba-cb46726a41eb,bda2d1f0-8b96-4cf7-b7f6-149623b71b94,2026-10-03,11:23:59.37,2026-10-03,16:23:59.37,2026-10-03T11:23:59.3770000-05:00,2026-10-03T16:23:59.3770000Z,TEX_BOB,TEX_BOB,FoulBallNotFieldable,Undefined,NoShift,93.40394,56.19121,145.16038,37.10966,92.76988,-74.30978,139.99499,-52.09957,253.79018,-121.26746,304.68315,-0.87696,250.19785,137.76177,"Carson, Tanner",,"Alaniz, Rylan",,"Wheatley, Luke",,"Foor, Daylen",,"Cotton, Jackson",,"Fryman, Bennett",,"Byrd, Cadyn",,TRUE,,
cec100f7-3f0f-4544-bfd2-eeb8f98155da,86,e9de1e20-bf46-11f1-87ba-cb46726a41eb,22490c84-7805-4c9b-b26c-32d9cd6c17ba,2026-10-03,11:24:21.26,2026-10-03,16:24:21.26,2026-10-03T11:24:21.2630000-05:00,2026-10-03T16:24:21.2630000Z,TEX_BOB,TEX_BOB,FoulBallNotFieldable,Undefined,NoShift,94.72825,57.01887,146.29834,37.25774,92.90216,-74.54159,141.09231,-50.29039,255.74851,-125.4611,302.27765,-2.10774,252.32001,136.35857,"Carson, Tanner",,"Alaniz, Rylan",,"Wheatley, Luke",,"Foor, Daylen",,"Cotton, Jackson",,"Fryman, Bennett",,"Byrd, Cadyn",,TRUE,,
cec100f7-3f0f-4544-bfd2-eeb8f98155da,87,f73fb740-bf46-11f1-87ba-cb46726a41eb,9d634575-0510-4667-aa13-1f061b3294b1,2026-10-03,11:24:43.77,2026-10-03,16:24:43.77,2026-10-03T11:24:43.7780000-05:00,2026-10-03T16:24:43.7780000Z,TEX_BOB,TEX_BOB,BallCalled,Undefined,NoShift,91.80328,60.18712,148.80681,38.17037,94.65758,-76.31173,142.16267,-52.21733,251.99796,-125.71861,299.56751,-1.22265,248.28991,135.27019,"Carson, Tanner",,"Alaniz, Rylan",,"Wheatley, Luke",,"Foor, Daylen",,"Cotton, Jackson",,"Fryman, Bennett",,"Byrd, Cadyn",,TRUE,,
cec100f7-3f0f-4544-bfd2-eeb8f98155da,88,0320cae0-bf47-11f1-87ba-cb46726a41eb,39e49515-5a43-4a8f-8637-af85aacc6c6e,2026-10-03,11:25:03.67,2026-10-03,16:25:03.67,2026-10-03T11:25:03.6730000-05:00,2026-10-03T16:25:03.6730000Z,TEX_BOB,TEX_BOB,InPlay,Out,NoShift,92.18321,56.19652,149.58136,38.92611,94.49106,-76.16007,140.03468,-50.88464,250.26193,-124.77363,295.79344,-0.84852,246.12489,132.46044,"Carson, Tanner",,"Alaniz, Rylan",,"Wheatley, Luke",,"Foor, Daylen",,"Cotton, Jackson",,"Fryman, Bennett",,"Byrd, Cadyn",,TRUE,"Byrd, Cadyn",RF
cec100f7-3f0f-4544-bfd2-eeb8f98155da,89,16c616e0-bf47-11f1-87ba-cb46726a41eb,5d14aebf-210d-4002-9344-c4ebd8f71ad8,2026-10-03,11:25:36.70,2026-10-03,16:25:36.70,2026-10-03T11:25:36.7070000-05:00,2026-10-03T16:25:36.7070000Z,TEX_BOB,TEX_BOB,BallCalled,Undefined,NoShift,92.24072,52.71251,145.94281,34.06711,91.977,-72.32251,144.83388,-45.56849,232.53554,-114.84229,276.81819,-1.43134,239.62678,131.21224,"Carson, Tanner",,"Alaniz, Rylan",,"Wheatley, Luke",,"Foor, Daylen",,"Cotton, Jackson",,"Fryman, Bennett",,"Byrd, Cadyn",,TRUE,,
cec100f7-3f0f-4544-bfd2-eeb8f98155da,90,2058f4c0-bf47-11f1-87ba-cb46726a41eb,3b79da1b-9ccb-47ff-819f-e656bf1696af,2026-10-03,11:25:52.77,2026-10-03,16:25:52.77,2026-10-03T11:25:52.7710000-05:00,2026-10-03T16:25:52.7710000Z,TEX_BOB,TEX_BOB,StrikeSwinging,Undefined,NoShift,92.10808,53.61589,147.27545,35.80547,91.47776,-71.96853,143.67438,-47.33165,237.445,-117.60882,274.54398,-0.60209,239.54357,128.28191,"Carson, Tanner",,"Alaniz, Rylan",,"Wheatley, Luke",,"Foor, Daylen",,"Cotton, Jackson",,"Fryman, Bennett",,"Byrd, Cadyn",,TRUE,,
cec100f7-3f0f-4544-bfd2-eeb8f98155da,91,294e8130-bf47-11f1-87ba-cb46726a41eb,2d980046-0a60-4571-8c05-36f14687e4ca,2026-10-03,11:26:07.80,2026-10-03,16:26:07.80,2026-10-03T11:26:07.8030000-05:00,2026-10-03T16:26:07.8030000Z,TEX_BOB,TEX_BOB,BallCalled,Undefined,NoShift,93.02713,53.09988,148.84433,34.86495,92.35384,-72.67657,143.63815,-47.3399,235.43014,-117.84054,275.44477,-0.79815,236.75718,128.16136,"Carson, Tanner",,"Alaniz, Rylan",,"Wheatley, Luke",,"Foor, Daylen",,"Cotton, Jackson",,"Fryman, Bennett",,"Byrd, Cadyn",,TRUE,,
cec100f7-3f0f-4544-bfd2-eeb8f98155da,92,363aea50-bf47-11f1-87ba-cb46726a41eb,c0be362a-d99f-456f-b95d-fb3d5e6666b8,2026-10-03,11:26:29.44,2026-10-03,16:26:29.44,2026-10-03T11:26:29.4410000-05:00,2026-10-03T16:26:29.4410000Z,TEX_BOB,TEX_BOB,StrikeSwinging,Undefined,NoShift,96.15267,53.78791,148.54873,35.85399,93.12331,-72.87517,143.12379,-47.80651,231.66039,-118.39398,272.32583,-1.72739,240.20794,128.10173,"Carson, Tanner",,"Alaniz, Rylan",,"Wheatley, Luke",,"Foor, Daylen",,"Cotton, Jackson",,"Fryman, Bennett",,"Byrd, Cadyn",,TRUE,,
cec100f7-3f0f-4544-bfd2-eeb8f98155da,93,407af820-bf47-11f1-87ba-cb46726a41eb,45f1b54d-cbad-4d6b-adf7-e6199e3114fe,2026-10-03,11:26:46.65,2026-10-03,16:26:46.65,2026-10-03T11:26:46.6570000-05:00,2026-10-03T16:26:46.6570000Z,TEX_BOB,TEX_BOB,StrikeCalled,Undefined,NoShift,89.17431,61.78543,148.27909,34.59146,92.66824,-73.81867,142.12319,-48.14074,227.42764,-115.06678,273.96968,-0.5946,239.72484,133.29291,"Carson, Tanner",,"Alaniz, Rylan",,"Wheatley, Luke",,"Foor, Daylen",,"Cotton, Jackson",,"Fryman, Bennett",,"Byrd, Cadyn",,TRUE,,
cec100f7-3f0f-4544-bfd2-eeb8f98155da,94,ba4da530-bf47-11f1-87ba-cb46726a41eb,d5d910cf-f009-432d-a707-481a5b0f2ed4,2026-10-03,11:30:10.96,2026-10-03,16:30:10.96,2026-10-03T11:30:10.9600000-05:00,2026-10-03T16:30:10.9600000Z,TEX_BOB,TEX_BOB,BallCalled,Undefined,NoShift,92.61828,57.56415,148.19283,38.27795,89.39931,-70.09236,136.20768,-56.8663,256.45731,-132.7097,296.32134,0.51537,237.27345,124.67838,"Gillis, Jacob",,"Boles, Brady",,"Carson, Tanner",,"Alaniz, Rylan",,Walk On,,"Cotton, Jackson",,"Byrd, Cadyn",,TRUE,,
cec100f7-3f0f-4544-bfd2-eeb8f98155da,95,c499e800-bf47-11f1-87ba-cb46726a41eb,25906aa3-b899-43e0-a63e-cc35b9c6011d,2026-10-03,11:30:28.30,2026-10-03,16:30:28.30,2026-10-03T11:30:28.3030000-05:00,2026-10-03T16:30:28.3030000Z,TEX_BOB,TEX_BOB,InPlay,Out,NoShift,92.21362,57.71849,147.65758,38.41989,91.6894,-71.42128,135.23825,-57.46566,257.34891,-132.98516,299.65285,0.42311,235.12167,125.01253,"Gillis, Jacob",,"Boles, Brady",,"Carson, Tanner",,"Alaniz, Rylan",,Walk On,,"Cotton, Jackson",,"Byrd, Cadyn",,TRUE,"Boles, Brady",2B
cec100f7-3f0f-4544-bfd2-eeb8f98155da,96,da2001f0-bf47-11f1-87ba-cb46726a41eb,a95567a9-128f-44ab-acf4-7815e1e92ee3,2026-10-03,11:31:04.35,2026-10-03,16:31:04.35,2026-10-03T11:31:04.3550000-05:00,2026-10-03T16:31:04.3550000Z,TEX_BOB,TEX_BOB,BallCalled,Undefined,NoShift,93.82661,56.24497,149.19403,29.14648,90.90363,-71.28122,135.08052,-57.34926,255.32187,-131.05804,301.29084,-0.47488,236.08015,124.96529,"Gillis, Jacob",,"Boles, Brady",,"Carson, Tanner",,"Alaniz, Rylan",,Walk On,,"Cotton, Jackson",,"Byrd, Cadyn",,TRUE,,
cec100f7-3f0f-4544-bfd2-eeb8f98155da,97,e5b84cc0-bf47-11f1-87ba-cb46726a41eb,6d3264da-9103-4225-a8f9-0d24c392cda4,2026-10-03,11:31:23.83,2026-10-03,16:31:23.83,2026-10-03T11:31:23.8310000-05:00,2026-10-03T16:31:23.8310000Z,TEX_BOB,TEX_BOB,HitByPitch,Undefined,NoShift,92.90072,55.56621,148.77208,28.42996,89.86526,-71.00831,136.31902,-58.34582,257.20889,-132.66488,294.95384,-0.09147,233.46689,124.25138,"Gillis, Jacob",,"Boles, Brady",,"Carson, Tanner",,"Alaniz, Rylan",,Walk On,,"Cotton, Jackson",,"Byrd, Cadyn",,TRUE,,
cec100f7-3f0f-4544-bfd2-eeb8f98155da,98,ffa56a50-bf47-11f1-87ba-cb46726a41eb,af43cfca-60fe-43a7-8e98-0a3ebb582c6c,2026-10-03,11:32:07.32,2026-10-03,16:32:07.32,2026-10-03T11:32:07.3290000-05:00,2026-10-03T16:32:07.3290000Z,TEX_BOB,TEX_BOB,BallCalled,Undefined,NoShift,63.70501,58.40935,133.3039,43.12554,85.78221,-54.82433,136.9401,-28.12467,254.53762,-126.4839,303.77941,-0.27061,241.82405,124.59969,"Gillis, Jacob",,"Boles, Brady",,"Carson, Tanner",,"Alaniz, Rylan",,Walk On,,"Cotton, Jackson",,"Byrd, Cadyn",,TRUE,,
cec100f7-3f0f-4544-bfd2-eeb8f98155da,99,1972cae0-bf48-11f1-87ba-cb46726a41eb,8e7197ce-c9a0-47a6-83b1-7d7889fd97d6,2026-10-03,11:32:50.55,2026-10-03,16:32:50.55,2026-10-03T11:32:50.5590000-05:00,2026-10-03T16:32:50.5590000Z,TEX_BOB,TEX_BOB,StrikeCalled,Undefined,LeftInfieldShift,142.39827,53.43948,153.51286,-19.86412,86.45255,-47.59574,149.40733,-51.85991,253.62356,-128.41052,299.4869,-1.56425,243.66998,121.88292,"Gillis, Jacob",,"Boles, Brady",,"Carson, Tanner",,"Alaniz, Rylan",,Walk On,,"Cotton, Jackson",,"Byrd, Cadyn",,TRUE,,
cec100f7-3f0f-4544-bfd2-eeb8f98155da,100,258ca1c0-bf48-11f1-87ba-cb46726a41eb,2ef4e46e-41b1-4a36-bb80-e0af56b09e65,2026-10-03,11:33:10.96,2026-10-03,16:33:10.96,2026-10-03T11:33:10.9690000-05:00,2026-10-03T16:33:10.9690000Z,TEX_BOB,TEX_BOB,StrikeSwinging,Undefined,LeftInfieldShift,140.88013,54.12442,151.75384,-18.43737,84.57841,-46.74193,142.44396,-50.97498,252.85296,-128.30446,295.70075,-1.84657,242.75355,121.1054,"Gillis, Jacob",,"Boles, Brady",,"Carson, Tanner",,"Alaniz, Rylan",,Walk On,,"Cotton, Jackson",,"Byrd, Cadyn",,TRUE,,
cec100f7-3f0f-4544-bfd2-eeb8f98155da,101,326caed0-bf48-11f1-87ba-cb46726a41eb,250d9929-93c1-4ac9-905a-d377b3bcb91c,2026-10-03,11:33:32.53,2026-10-03,16:33:32.53,2026-10-03T11:33:32.5300000-05:00,2026-10-03T16:33:32.5300000Z,TEX_BOB,TEX_BOB,StrikeSwinging,Undefined,NoShift,92.44673,36.28222,168.90989,36.44166,82.37029,-42.88016,143.35233,-51.49026,251.67248,-125.49843,291.59057,-0.19882,243.97453,119.52061,"Gillis, Jacob",,"Boles, Brady",,"Carson, Tanner",,"Alaniz, Rylan",,Walk On,,"Cotton, Jackson",,"Byrd, Cadyn",,TRUE,,
cec100f7-3f0f-4544-bfd2-eeb8f98155da,102,49b81f70-bf48-11f1-87ba-cb46726a41eb,a379a149-f001-4a09-ab72-673c1845bff6,2026-10-03,11:34:11.57,2026-10-03,16:34:11.57,2026-10-03T11:34:11.5790000-05:00,2026-10-03T16:34:11.5790000Z,TEX_BOB,TEX_BOB,BallCalled,Undefined,NoShift,90.92797,59.19495,146.27463,44.23085,91.84929,-71.61581,137.00422,-55.43087,255.13734,-131.46087,301.08926,-0.34673,243.80054,123.76035,"Gillis, Jacob",,"Boles, Brady",,"Carson, Tanner",,"Alaniz, Rylan",,Walk On,,"Cotton, Jackson",,"Byrd, Cadyn",,TRUE,,
cec100f7-3f0f-4544-bfd2-eeb8f98155da,103,5607d360-bf48-11f1-87ba-cb46726a41eb,ad5f8277-1308-4444-8552-d11ced1f1b33,2026-10-03,11:34:32.31,2026-10-03,16:34:32.31,2026-10-03T11:34:32.3100000-05:00,2026-10-03T16:34:32.3100000Z,TEX_BOB,TEX_BOB,StrikeCalled,Undefined,NoShift,90.16753,58.70526,146.08567,43.00501,91.12591,-70.96509,133.56477,-56.93982,255.43789,-131.05449,295.25028,-0.44061,242.35268,125.26728,"Gillis, Jacob",,"Boles, Brady",,"Carson, Tanner",,"Alaniz, Rylan",,Walk On,,"Cotton, Jackson",,"Byrd, Cadyn",,TRUE,,
cec100f7-3f0f-4544-bfd2-eeb8f98155da,104,6209dc80-bf48-11f1-87ba-cb46726a41eb,0322fb2b-75a2-4bbf-8b3c-8ab406a8fd85,2026-10-03,11:34:52.39,2026-10-03,16:34:52.39,2026-10-03T11:34:52.3900000-05:00,2026-10-03T16:34:52.3900000Z,TEX_BOB,TEX_BOB,StrikeSwinging,Undefined,NoShift,91.15752,57.48206,146.23656,41.7105,91.18298,-71.87659,134.4215,-56.8703,256.67538,-131.66489,295.90674,0.54813,238.33766,126.9904,"Gillis, Jacob",,"Boles, Brady",,"Carson, Tanner",,"Alaniz, Rylan",,Walk On,,"Cotton, Jackson",,"Byrd, Cadyn",,TRUE,,
cec100f7-3f0f-4544-bfd2-eeb8f98155da,105,72df66b0-bf48-11f1-87ba-cb46726a41eb,fa82b95b-9578-425d-9e55-e2a12874fa58,2026-10-03,11:35:20.63,2026-10-03,16:35:20.63,2026-10-03T11:35:20.6390000-05:00,2026-10-03T16:35:20.6390000Z,TEX_BOB,TEX_BOB,BallCalled,Undefined,NoShift,91.13749,58.94073,146.52775,38.45927,92.89994,-73.06943,136.81662,-59.45191,255.60528,-130.70238,293.83124,0.06054,236.90147,125.45999,"Gillis, Jacob",,"Boles, Brady",,"Carson, Tanner",,"Alaniz, Rylan",,Walk On,,"Cotton, Jackson",,"Byrd, Cadyn",,TRUE,,
cec100f7-3f0f-4544-bfd2-eeb8f98155da,106,858ae960-bf48-11f1-87ba-cb46726a41eb,e0f0c37e-4f65-4ca5-9968-ae421533d2d1,2026-10-03,11:35:52.02,2026-10-03,16:35:52.02,2026-10-03T11:35:52.0240000-05:00,2026-10-03T16:35:52.0240000Z,TEX_BOB,TEX_BOB,InPlay,Out,NoShift,92.12403,59.55163,150.13355,28.32246,91.26393,-72.00447,135.85937,-60.75959,254.95517,-135.09614,295.94979,0.45587,237.11631,127.85455,"Gillis, Jacob",,"Boles, Brady",,"Carson, Tanner",,"Alaniz, Rylan",,Walk On,,"Cotton, Jackson",,"Byrd, Cadyn",,TRUE,"Cotton, Jackson",CF
cec100f7-3f0f-4544-bfd2-eeb8f98155da,107,ec55c2f0-bf48-11f1-87ba-cb46726a41eb,272c5b6a-6780-45ed-92a3-7759d2375135,2026-10-03,11:38:44.51,2026-10-03,16:38:44.51,2026-10-03T11:38:44.5100000-05:00,2026-10-03T16:38:44.5100000Z,TEX_BOB,TEX_BOB,BallCalled,Undefined,NoShift,92.2438,59.65242,150.43148,30.88625,86.74934,-65.26142,140.71131,-50.70796,244.14743,-127.34638,300.16393,-7.80734,232.83312,122.48613,"Gillis, Jacob",,"Wheatley, Luke",,"Foor, Daylen",,"Boles, Brady",,"Mitchell, Drayton",,"Byrd, Cadyn",,"Fryman, Bennett",,TRUE,,
cec100f7-3f0f-4544-bfd2-eeb8f98155da,108,f8669920-bf48-11f1-87ba-cb46726a41eb,042d71df-e807-49f4-bcaa-f506371cadd4,2026-10-03,11:39:04.71,2026-10-03,16:39:04.71,2026-10-03T11:39:04.7180000-05:00,2026-10-03T16:39:04.7180000Z,TEX_BOB,TEX_BOB,BallCalled,Undefined,NoShift,91.97104,60.34298,150.11992,30.95406,87.93201,-66.63416,140.55918,-50.76238,239.95708,-125.6967,300.37498,-9.19029,229.65926,121.17773,"Gillis, Jacob",,"Wheatley, Luke",,"Foor, Daylen",,"Boles, Brady",,"Mitchell, Drayton",,"Byrd, Cadyn",,"Fryman, Bennett",,TRUE,,
cec100f7-3f0f-4544-bfd2-eeb8f98155da,109,032a2ed0-bf49-11f1-87ba-cb46726a41eb,1bed1b0d-6655-4fd0-9596-8d65e58a9450,2026-10-03,11:39:22.81,2026-10-03,16:39:22.81,2026-10-03T11:39:22.8140000-05:00,2026-10-03T16:39:22.8140000Z,TEX_BOB,TEX_BOB,BallCalled,Undefined,NoShift,93.2223,59.60797,150.56834,31.31291,91.3997,-68.90546,140.97835,-51.15136,241.33111,-126.72706,296.95056,-6.02877,231.77866,120.76556,"Gillis, Jacob",,"Wheatley, Luke",,"Foor, Daylen",,"Boles, Brady",,"Mitchell, Drayton",,"Byrd, Cadyn",,"Fryman, Bennett",,TRUE,,
cec100f7-3f0f-4544-bfd2-eeb8f98155da,110,0ecc1690-bf49-11f1-87ba-cb46726a41eb,17b73600-250a-4c35-a635-841ba903b1b6,2026-10-03,11:39:42.27,2026-10-03,16:39:42.27,2026-10-03T11:39:42.2790000-05:00,2026-10-03T16:39:42.2790000Z,TEX_BOB,TEX_BOB,BallCalled,Undefined,NoShift,93.01711,59.21062,150.54336,31.59192,92.13654,-70.633,141.11508,-51.48907,241.0183,-126.80528,304.46236,-7.52585,229.61521,124.29247,"Gillis, Jacob",,"Wheatley, Luke",,"Foor, Daylen",,"Boles, Brady",,"Mitchell, Drayton",,"Byrd, Cadyn",,"Fryman, Bennett",,TRUE,,
cec100f7-3f0f-4544-bfd2-eeb8f98155da,111,2540fd50-bf49-11f1-87ba-cb46726a41eb,e583dce3-0221-4638-8bc4-dd418fbde2a4,2026-10-03,11:40:19.96,2026-10-03,16:40:19.96,2026-10-03T11:40:19.9620000-05:00,2026-10-03T16:40:19.9620000Z,TEX_BOB,TEX_BOB,StrikeCalled,Undefined,NoShift,63.22193,58.29428,139.26181,44.18773,99.38368,-55.97849,145.44876,-22.76708,243.62263,-128.31543,308.86147,-8.08516,264.69278,135.50101,"Gillis, Jacob",,"Wheatley, Luke",,"Foor, Daylen",,"Boles, Brady",,"Mitchell, Drayton",,"Byrd, Cadyn",,"Fryman, Bennett",,TRUE,,
cec100f7-3f0f-4544-bfd2-eeb8f98155da,112,37b1e800-bf49-11f1-87ba-cb46726a41eb,7a2a7f30-6e45-4da7-bd78-fc0278d0c083,2026-10-03,11:40:50.87,2026-10-03,16:40:50.87,2026-10-03T11:40:50.8700000-05:00,2026-10-03T16:40:50.8700000Z,TEX_BOB,TEX_BOB,StrikeCalled,Undefined,NoShift,86.87409,69.93088,142.38204,54.03811,92.55206,-60.05745,139.86675,-14.14054,240.33434,-127.55125,308.97333,-6.55896,257.07805,128.73027,"Gillis, Jacob",,"Wheatley, Luke",,"Foor, Daylen",,"Boles, Brady",,"Mitchell, Drayton",,"Byrd, Cadyn",,"Fryman, Bennett",,TRUE,,
cec100f7-3f0f-4544-bfd2-eeb8f98155da,113,47151d80-bf49-11f1-87ba-cb46726a41eb,3feeb024-dc57-46fb-b467-4377cf28b1fe,2026-10-03,11:41:16.74,2026-10-03,16:41:16.74,2026-10-03T11:41:16.7450000-05:00,2026-10-03T16:41:16.7450000Z,TEX_BOB,TEX_BOB,BallCalled,Undefined,NoShift,89.23563,70.94264,142.52457,53.48425,89.24063,-60.31162,138.76303,-16.71537,239.95978,-128.36386,304.89444,-5.47884,258.26233,129.40802,"Gillis, Jacob",,"Wheatley, Luke",,"Foor, Daylen",,"Boles, Brady",,"Mitchell, Drayton",,"Byrd, Cadyn",,"Fryman, Bennett",,TRUE,,
cec100f7-3f0f-4544-bfd2-eeb8f98155da,114,5b92a110-bf49-11f1-87ba-cb46726a41eb,0ea940f7-b129-4d6a-8be1-6e76240961ac,2026-10-03,11:41:51.11,2026-10-03,16:41:51.11,2026-10-03T11:41:51.1140000-05:00,2026-10-03T16:41:51.1140000Z,TEX_BOB,TEX_BOB,FoulBallNotFieldable,Undefined,NoShift,89.55642,70.62302,143.49703,56.41837,91.84206,-59.92169,144.39454,-16.20938,239.96391,-127.60858,306.19109,-8.78418,252.41886,127.43023,"Gillis, Jacob",,"Wheatley, Luke",,"Foor, Daylen",,"Boles, Brady",,"Mitchell, Drayton",,"Byrd, Cadyn",,"Fryman, Bennett",,TRUE,,
cec100f7-3f0f-4544-bfd2-eeb8f98155da,115,6f1a52f0-bf49-11f1-87ba-cb46726a41eb,b356fc95-0ab4-48e8-afc4-4b8aaa1e2f87,2026-10-03,11:42:23.82,2026-10-03,16:42:23.82,2026-10-03T11:42:23.8280000-05:00,2026-10-03T16:42:23.8280000Z,TEX_BOB,TEX_BOB,BallCalled,Undefined,NoShift,90.5997,70.82404,145.37318,57.47928,90.96743,-59.51972,146.4704,-15.58726,240.84265,-129.33429,308.74274,-8.68764,252.42608,128.35516,"Gillis, Jacob",,"Wheatley, Luke",,"Foor, Daylen",,"Boles, Brady",,"Mitchell, Drayton",,"Byrd, Cadyn",,"Fryman, Bennett",,TRUE,,
cec100f7-3f0f-4544-bfd2-eeb8f98155da,116,7ee7e300-bf49-11f1-87ba-cb46726a41eb,bbdfcdf5-1b26-4171-98e1-cc5d293741ca,2026-10-03,11:42:50.39,2026-10-03,16:42:50.39,2026-10-03T11:42:50.3990000-05:00,2026-10-03T16:42:50.3990000Z,TEX_BOB,TEX_BOB,BallCalled,Undefined,NoShift,92.17346,72.64766,145.30384,58.07204,90.23753,-60.70699,145.04076,-15.58498,237.5368,-130.47248,311.62209,-7.01601,251.87166,128.54054,"Gillis, Jacob",,"Wheatley, Luke",,"Foor, Daylen",,"Boles, Brady",,"Mitchell, Drayton",,"Byrd, Cadyn",,"Fryman, Bennett",,TRUE,,
cec100f7-3f0f-4544-bfd2-eeb8f98155da,117,8dea0cc0-bf49-11f1-87ba-cb46726a41eb,71cd87a9-9704-463f-a07e-511a99d3ad42,2026-10-03,11:43:15.56,2026-10-03,16:43:15.56,2026-10-03T11:43:15.5670000-05:00,2026-10-03T16:43:15.5670000Z,TEX_BOB,TEX_BOB,BallCalled,Undefined,NoShift,92.25064,72.8864,143.02494,57.41885,89.52714,-60.40664,151.75926,-16.35332,240.54788,-129.35462,309.80292,-10.74074,250.1067,127.19585,"Gillis, Jacob",,"Wheatley, Luke",,"Foor, Daylen",,"Boles, Brady",,"Mitchell, Drayton",,"Byrd, Cadyn",,"Fryman, Bennett",,TRUE,,
cec100f7-3f0f-4544-bfd2-eeb8f98155da,118,a4e53a80-bf49-11f1-87ba-cb46726a41eb,46768bcd-0138-4334-bf47-c29e1e8b267e,2026-10-03,11:43:54.11,2026-10-03,16:43:54.11,2026-10-03T11:43:54.1150000-05:00,2026-10-03T16:43:54.1150000Z,TEX_BOB,TEX_BOB,BallCalled,Undefined,NoShift,91.74703,58.5405,139.97344,22.51726,89.38359,-63.96289,135.31302,-40.1169,239.29763,-127.21129,303.53831,-10.46468,237.7266,127.44684,"Gillis, Jacob",,"Wheatley, Luke",,"Foor, Daylen",,"Boles, Brady",,"Mitchell, Drayton",,"Byrd, Cadyn",,"Fryman, Bennett",,TRUE,,
cec100f7-3f0f-4544-bfd2-eeb8f98155da,119,b234ab30-bf49-11f1-87ba-cb46726a41eb,05910598-e003-4e28-b528-991c80de902c,2026-10-03,11:44:16.47,2026-10-03,16:44:16.47,2026-10-03T11:44:16.4710000-05:00,2026-10-03T16:44:16.4710000Z,TEX_BOB,TEX_BOB,FoulBallNotFieldable,Undefined,NoShift,91.91343,60.07565,140.11941,20.39808,88.21254,-64.812,136.25385,-41.50993,239.09345,-125.99996,300.63507,-8.71374,237.18881,127.98521,"Gillis, Jacob",,"Wheatley, Luke",,"Foor, Daylen",,"Boles, Brady",,"Mitchell, Drayton",,"Byrd, Cadyn",,"Fryman, Bennett",,TRUE,,
cec100f7-3f0f-4544-bfd2-eeb8f98155da,120,d68fc460-bf49-11f1-87ba-cb46726a41eb,95f5ec8a-8b1c-4152-9401-c0ffde4ef19a,2026-10-03,11:45:17.43,2026-10-03,16:45:17.43,2026-10-03T11:45:17.4370000-05:00,2026-10-03T16:45:17.4370000Z,TEX_BOB,TEX_BOB,StrikeCalled,Undefined,NoShift,91.58178,59.62512,140.64356,17.42806,85.952,-63.97448,135.05332,-44.19608,243.48535,-130.57169,310.67287,-10.02799,243.39384,127.17159,"Gillis, Jacob",,"Wheatley, Luke",,"Foor, Daylen",,"Boles, Brady",,"Mitchell, Drayton",,"Byrd, Cadyn",,"Fryman, Bennett",,TRUE,,
cec100f7-3f0f-4544-bfd2-eeb8f98155da,121,e9ef54d0-bf49-11f1-87ba-cb46726a41eb,83bd618a-57db-42be-b10f-46d1d7a3b73a,2026-10-03,11:45:49.92,2026-10-03,16:45:49.92,2026-10-03T11:45:49.9260000-05:00,2026-10-03T16:45:49.9260000Z,TEX_BOB,TEX_BOB,BallCalled,Undefined,NoShift,92.09184,59.65925,143.08218,22.14936,88.40909,-66.14415,141.14106,-50.89905,239.22452,-129.57586,304.80934,-10.30789,243.0254,124.71967,"Gillis, Jacob",,"Wheatley, Luke",,"Foor, Daylen",,"Boles, Brady",,"Mitchell, Drayton",,"Byrd, Cadyn",,"Fryman, Bennett",,TRUE,,
cec100f7-3f0f-4544-bfd2-eeb8f98155da,122,f9e63ed0-bf49-11f1-87ba-cb46726a41eb,8c0f369c-52e5-4685-b5d4-95346a942bd7,2026-10-03,11:46:16.70,2026-10-03,16:46:16.70,2026-10-03T11:46:16.7080000-05:00,2026-10-03T16:46:16.7080000Z,TEX_BOB,TEX_BOB,BallCalled,Undefined,NoShift,94.3076,62.25434,145.14872,25.00231,88.76052,-68.37963,141.6919,-51.97336,240.98143,-130.74509,305.00482,-10.23725,245.05918,128.07016,"Gillis, Jacob",,"Wheatley, Luke",,"Foor, Daylen",,"Boles, Brady",,"Mitchell, Drayton",,"Byrd, Cadyn",,"Fryman, Bennett",,TRUE,,
cec100f7-3f0f-4544-bfd2-eeb8f98155da,123,064227c0-bf4a-11f1-87ba-cb46726a41eb,68fa4b4a-4ffd-4aaa-a81f-d9eff4d18756,2026-10-03,11:46:37.50,2026-10-03,16:46:37.50,2026-10-03T11:46:37.5030000-05:00,2026-10-03T16:46:37.5030000Z,TEX_BOB,TEX_BOB,InPlay,Out,NoShift,93.06278,59.76911,143.44784,24.34607,87.21467,-67.25689,140.29969,-51.8164,238.69062,-127.10886,307.41836,-10.53985,239.87714,125.728,"Gillis, Jacob",,"Wheatley, Luke",,"Foor, Daylen",,"Boles, Brady",,"Mitchell, Drayton",,"Byrd, Cadyn",,"Fryman, Bennett",,TRUE,"Wheatley, Luke",2B
cec100f7-3f0f-4544-bfd2-eeb8f98155da,124,1c584cb0-bf4a-11f1-87ba-cb46726a41eb,4741484c-60fe-4430-b1e6-9d8e981c3e3b,2026-10-03,11:47:14.49,2026-10-03,16:47:14.49,2026-10-03T11:47:14.4970000-05:00,2026-10-03T16:47:14.4970000Z,TEX_BOB,TEX_BOB,StrikeSwinging,Undefined,NoShift,94.43091,60.25209,150.58913,28.46864,92.88041,-69.58206,140.71579,-51.4641,240.10232,-129.80412,308.75599,-5.7563,245.187,126.82751,"Gillis, Jacob",,"Wheatley, Luke",,"Foor, Daylen",,"Boles, Brady",,"Mitchell, Drayton",,"Byrd, Cadyn",,"Fryman, Bennett",,TRUE,,
cec100f7-3f0f-4544-bfd2-eeb8f98155da,125,273f48e0-bf4a-11f1-87ba-cb46726a41eb,e701df8f-2310-4b40-8429-2d9bde83d0de,2026-10-03,11:47:32.78,2026-10-03,16:47:32.78,2026-10-03T11:47:32.7800000-05:00,2026-10-03T16:47:32.7800000Z,TEX_BOB,TEX_BOB,BallCalled,Undefined,NoShift,93.0071,58.59068,150.8823,28.44366,94.57953,-71.18984,140.28586,-52.31412,242.4335,-129.55427,304.91833,-9.04235,246.04555,127.53403,"Gillis, Jacob",,"Wheatley, Luke",,"Foor, Daylen",,"Boles, Brady",,"Mitchell, Drayton",,"Byrd, Cadyn",,"Fryman, Bennett",,TRUE,,
cec100f7-3f0f-4544-bfd2-eeb8f98155da,126,34753e20-bf4a-11f1-87ba-cb46726a41eb,d7351348-97f0-4bd3-9dbb-f4d86512fa08,2026-10-03,11:47:55.00,2026-10-03,16:47:55.00,2026-10-03T11:47:55.0090000-05:00,2026-10-03T16:47:55.0090000Z,TEX_BOB,TEX_BOB,InPlay,HomeRun,NoShift,92.47451,59.61736,150.33005,28.81404,93.7773,-71.22725,138.9044,-54.02934,239.42125,-127.53824,305.1367,-10.54277,243.86672,126.72141,"Gillis, Jacob",,"Wheatley, Luke",,"Foor, Daylen",,"Boles, Brady",,"Mitchell, Drayton",,"Byrd, Cadyn",,"Fryman, Bennett",,TRUE,HR,HR
cec100f7-3f0f-4544-bfd2-eeb8f98155da,127,4f5f8060-bf4a-11f1-87ba-cb46726a41eb,645afd87-203b-4a85-94f5-19ccdd3cb9ee,2026-10-03,11:48:40.13,2026-10-03,16:48:40.13,2026-10-03T11:48:40.1370000-05:00,2026-10-03T16:48:40.1370000Z,TEX_BOB,TEX_BOB,StrikeCalled,Undefined,NoShift,93.01232,59.24401,149.32321,33.62178,91.13651,-71.39075,139.80904,-52.50851,241.23499,-129.76736,304.53453,-11.70555,235.59161,121.7821,"Gillis, Jacob",,"Wheatley, Luke",,"Foor, Daylen",,"Boles, Brady",,"Mitchell, Drayton",,"Byrd, Cadyn",,"Fryman, Bennett",,TRUE,,
cec100f7-3f0f-4544-bfd2-eeb8f98155da,128,58dc8c50-bf4a-11f1-87ba-cb46726a41eb,c3e366d5-7cfd-468c-875c-4e7035c8ea30,2026-10-03,11:48:56.02,2026-10-03,16:48:56.02,2026-10-03T11:48:56.0240000-05:00,2026-10-03T16:48:56.0240000Z,TEX_BOB,TEX_BOB,BallCalled,Undefined,NoShift,93.0128,59.91639,150.22278,32.90282,87.26855,-65.96229,139.70666,-52.07045,242.82869,-126.8331,299.18514,-10.77521,235.83651,122.02747,"Gillis, Jacob",,"Wheatley, Luke",,"Foor, Daylen",,"Boles, Brady",,"Mitchell, Drayton",,"Byrd, Cadyn",,"Fryman, Bennett",,TRUE,,
cec100f7-3f0f-4544-bfd2-eeb8f98155da,129,65fb9e30-bf4a-11f1-87ba-cb46726a41eb,cb9d8cd5-d2a2-46d5-be97-fdf0d6657ed5,2026-10-03,11:49:18.05,2026-10-03,16:49:18.05,2026-10-03T11:49:18.0520000-05:00,2026-10-03T16:49:18.0520000Z,TEX_BOB,TEX_BOB,BallCalled,Undefined,NoShift,92.80165,60.53468,150.02161,33.2101,92.7698,-69.89497,140.4528,-51.89043,240.51496,-126.23426,309.99506,-12.81455,234.03223,124.37328,"Gillis, Jacob",,"Wheatley, Luke",,"Foor, Daylen",,"Boles, Brady",,"Mitchell, Drayton",,"Byrd, Cadyn",,"Fryman, Bennett",,TRUE,,
cec100f7-3f0f-4544-bfd2-eeb8f98155da,130,713945e0-bf4a-11f1-87ba-cb46726a41eb,af138a71-fefd-490d-940e-d96ecb6465ff,2026-10-03,11:49:36.89,2026-10-03,16:49:36.89,2026-10-03T11:49:36.8960000-05:00,2026-10-03T16:49:36.8960000Z,TEX_BOB,TEX_BOB,BallCalled,Undefined,NoShift,93.1689,59.10056,149.45847,33.07586,94.33762,-70.92743,140.69696,-51.68281,239.61213,-126.95373,306.98147,-11.16962,238.40078,125.16823,"Gillis, Jacob",,"Wheatley, Luke",,"Foor, Daylen",,"Boles, Brady",,"Mitchell, Drayton",,"Byrd, Cadyn",,"Fryman, Bennett",,TRUE,,
cec100f7-3f0f-4544-bfd2-eeb8f98155da,131,7d6cbf40-bf4a-11f1-87ba-cb46726a41eb,75600417-c43f-4931-8a21-c5b91816d4d9,2026-10-03,11:49:57.40,2026-10-03,16:49:57.40,2026-10-03T11:49:57.4020000-05:00,2026-10-03T16:49:57.4020000Z,TEX_BOB,TEX_BOB,StrikeCalled,Undefined,NoShift,94.11903,59.50984,150.20832,33.96648,95.11352,-71.80989,139.88902,-51.85769,238.9363,-127.44624,307.01701,-10.52859,235.09953,123.88234,"Gillis, Jacob",,"Wheatley, Luke",,"Foor, Daylen",,"Boles, Brady",,"Mitchell, Drayton",,"Byrd, Cadyn",,"Fryman, Bennett",,TRUE,,
cec100f7-3f0f-4544-bfd2-eeb8f98155da,132,910cb410-bf4a-11f1-87ba-cb46726a41eb,26f1dfe8-0fde-4c23-a5bc-5c0532039709,2026-10-03,11:50:30.32,2026-10-03,16:50:30.32,2026-10-03T11:50:30.3200000-05:00,2026-10-03T16:50:30.3200000Z,TEX_BOB,TEX_BOB,BallCalled,Undefined,NoShift,95.12684,60.98287,149.69796,33.66488,95.54187,-73.00513,140.03712,-51.12091,240.39778,-126.85317,305.55749,-12.76633,234.9765,125.69394,"Gillis, Jacob",,"Wheatley, Luke",,"Foor, Daylen",,"Boles, Brady",,"Mitchell, Drayton",,"Byrd, Cadyn",,"Fryman, Bennett",,TRUE,,
cec100f7-3f0f-4544-bfd2-eeb8f98155da,133,f8255f80-bf4a-11f1-87ba-cb46726a41eb,16af1426-7383-4b43-8533-14017f6d94a8,2026-10-03,11:53:23.31,2026-10-03,16:53:23.31,2026-10-03T11:53:23.3100000-05:00,2026-10-03T16:53:23.3100000Z,TEX_BOB,TEX_BOB,StrikeCalled,Undefined,NoShift,93.97565,59.14168,147.35667,36.08564,94.72232,-72.33669,144.74966,-48.89169,269.71775,-184.09198,284.06299,-1.43029,251.46204,129.18881,"Carson, Tanner",,"Alaniz, Rylan",,"Wheatley, Luke",,"Foor, Daylen",,"Cotton, Jackson",,"Fryman, Bennett",,"Byrd, Cadyn",,TRUE,,
cec100f7-3f0f-4544-bfd2-eeb8f98155da,134,0424f7a0-bf4b-11f1-87ba-cb46726a41eb,d6b6613e-0cfa-45f1-971d-ff1927aee293,2026-10-03,11:53:43.44,2026-10-03,16:53:43.44,2026-10-03T11:53:43.4430000-05:00,2026-10-03T16:53:43.4430000Z,TEX_BOB,TEX_BOB,BallCalled,Undefined,NoShift,92.84103,58.34896,148.5889,33.61822,94.50388,-72.31075,142.88234,-48.53072,241.27645,-116.05888,285.90227,-2.18768,252.35029,130.41599,"Carson, Tanner",,"Alaniz, Rylan",,"Wheatley, Luke",,"Foor, Daylen",,"Cotton, Jackson",,"Fryman, Bennett",,"Byrd, Cadyn",,TRUE,,
cec100f7-3f0f-4544-bfd2-eeb8f98155da,135,10bc62f0-bf4b-11f1-87ba-cb46726a41eb,37841d1e-ae92-46b6-8527-d309fe804b5b,2026-10-03,11:54:04.46,2026-10-03,16:54:04.46,2026-10-03T11:54:04.4630000-05:00,2026-10-03T16:54:04.4630000Z,TEX_BOB,TEX_BOB,StrikeCalled,Undefined,NoShift,94.72441,57.90952,148.55386,34.23331,95.6889,-72.80883,141.74695,-49.5289,237.58344,-117.35255,284.62359,-1.18285,252.35189,128.85259,"Carson, Tanner",,"Alaniz, Rylan",,"Wheatley, Luke",,"Foor, Daylen",,"Cotton, Jackson",,"Fryman, Bennett",,"Byrd, Cadyn",,TRUE,,
cec100f7-3f0f-4544-bfd2-eeb8f98155da,136,21260bf0-bf4b-11f1-87ba-cb46726a41eb,b42f0474-e5c2-42cf-8e45-9574be03cd6a,2026-10-03,11:54:32.08,2026-10-03,16:54:32.08,2026-10-03T11:54:32.0870000-05:00,2026-10-03T16:54:32.0870000Z,TEX_BOB,TEX_BOB,InPlay,Out,NoShift,94.89083,57.62825,145.67209,34.22565,95.0966,-72.78893,141.53617,-51.11159,237.2546,-115.93732,285.37072,7.11082,227.80028,131.31757,"Carson, Tanner",,"Alaniz, Rylan",,"Wheatley, Luke",,"Foor, Daylen",,"Cotton, Jackson",,"Fryman, Bennett",,"Byrd, Cadyn",,TRUE,"Fryman, Bennett",CF
cec100f7-3f0f-4544-bfd2-eeb8f98155da,137,3afcbb50-bf4b-11f1-87ba-cb46726a41eb,c8d56b4f-3cb5-4c27-983c-dea8cc6f74ac,2026-10-03,11:55:15.37,2026-10-03,16:55:15.37,2026-10-03T11:55:15.3790000-05:00,2026-10-03T16:55:15.3790000Z,TEX_BOB,TEX_BOB,BallCalled,Undefined,NoShift,96.22531,60.64222,148.87743,35.96274,92.70723,-72.79252,141.17472,-51.52221,275.3634,-178.29633,305.46994,7.70046,233.59,133.0579,"Carson, Tanner",,"Alaniz, Rylan",,"Wheatley, Luke",,"Foor, Daylen",,"Cotton, Jackson",,"Fryman, Bennett",,"Byrd, Cadyn",,TRUE,,
cec100f7-3f0f-4544-bfd2-eeb8f98155da,138,4bbcc1b0-bf4b-11f1-87ba-cb46726a41eb,174dad90-8c7e-4237-8e43-1fb1503d6d1b,2026-10-03,11:55:43.44,2026-10-03,16:55:43.44,2026-10-03T11:55:43.4460000-05:00,2026-10-03T16:55:43.4460000Z,TEX_BOB,TEX_BOB,BallCalled,Undefined,NoShift,95.02613,61.03417,147.6043,35.4764,94.79735,-73.84625,141.0668,-50.83123,273.84008,-177.60198,302.62867,9.90156,235.21835,133.44275,"Carson, Tanner",,"Alaniz, Rylan",,"Wheatley, Luke",,"Foor, Daylen",,"Cotton, Jackson",,"Fryman, Bennett",,"Byrd, Cadyn",,TRUE,,
cec100f7-3f0f-4544-bfd2-eeb8f98155da,139,5c4c6940-bf4b-11f1-87ba-cb46726a41eb,28ddad22-2413-477a-8f81-c1ae8b403489,2026-10-03,11:56:11.25,2026-10-03,16:56:11.25,2026-10-03T11:56:11.2540000-05:00,2026-10-03T16:56:11.2540000Z,TEX_BOB,TEX_BOB,BallCalled,Undefined,NoShift,95.57016,60.72004,147.28406,34.79311,93.57138,-73.64514,141.75323,-50.72483,273.59635,-176.85189,297.57729,9.43503,236.669,133.05656,"Carson, Tanner",,"Alaniz, Rylan",,"Wheatley, Luke",,"Foor, Daylen",,"Cotton, Jackson",,"Fryman, Bennett",,"Byrd, Cadyn",,TRUE,,
cec100f7-3f0f-4544-bfd2-eeb8f98155da,140,6bdc05f0-bf4b-11f1-87ba-cb46726a41eb,b9f963e4-4131-4766-8557-035f27f9a6c2,2026-10-03,11:56:37.40,2026-10-03,16:56:37.40,2026-10-03T11:56:37.4000000-05:00,2026-10-03T16:56:37.4000000Z,TEX_BOB,TEX_BOB,BallCalled,Undefined,NoShift,94.84939,60.87308,146.94848,34.84458,94.30528,-74.29486,142.0023,-49.86862,276.42215,-178.23456,303.08431,12.68596,229.81522,134.31113,"Carson, Tanner",,"Alaniz, Rylan",,"Wheatley, Luke",,"Foor, Daylen",,"Cotton, Jackson",,"Fryman, Bennett",,"Byrd, Cadyn",,TRUE,,
cec100f7-3f0f-4544-bfd2-eeb8f98155da,141,83aef610-bf4b-11f1-87ba-cb46726a41eb,7f7f1cdf-6cb2-47da-a92b-6ff978feedb0,2026-10-03,11:57:17.35,2026-10-03,16:57:17.35,2026-10-03T11:57:17.3580000-05:00,2026-10-03T16:57:17.3580000Z,TEX_BOB,TEX_BOB,FoulBallNotFieldable,Undefined,NoShift,63.33845,57.57935,137.30194,31.8037,90.70782,-60.46535,140.84026,-29.40778,274.51934,-177.49181,285.19189,-9.9511,244.59868,121.80204,"Carson, Tanner",,"Alaniz, Rylan",,"Wheatley, Luke",,"Foor, Daylen",,"Cotton, Jackson",,"Fryman, Bennett",,"Byrd, Cadyn",,TRUE,,
cec100f7-3f0f-4544-bfd2-eeb8f98155da,142,96004ad0-bf4b-11f1-87ba-cb46726a41eb,1374a2d1-fa72-4d0f-9dcb-218f6d5e5ab0,2026-10-03,11:57:48.05,2026-10-03,16:57:48.05,2026-10-03T11:57:48.0580000-05:00,2026-10-03T16:57:48.0580000Z,TEX_BOB,TEX_BOB,FoulBallNotFieldable,Undefined,NoShift,64.29362,60.13846,138.31207,30.71941,90.90726,-61.07613,144.65166,-29.24143,231.56458,-124.28629,286.90577,-13.64686,251.43756,121.54758,"Carson, Tanner",,"Alaniz, Rylan",,"Wheatley, Luke",,"Foor, Daylen",,"Cotton, Jackson",,"Fryman, Bennett",,"Byrd, Cadyn",,TRUE,,
cec100f7-3f0f-4544-bfd2-eeb8f98155da,143,bb28c620-bf4b-11f1-87ba-cb46726a41eb,622a894b-d8f7-4167-9f3d-3457d10a3aab,2026-10-03,11:58:50.41,2026-10-03,16:58:50.41,2026-10-03T11:58:50.4150000-05:00,2026-10-03T16:58:50.4150000Z,TEX_BOB,TEX_BOB,FoulBallNotFieldable,Undefined,NoShift,61.97535,58.99731,138.79524,33.29164,89.59591,-64.44739,140.59038,-29.7444,233.89381,-121.64738,283.66394,-15.17863,245.90587,121.70871,"Carson, Tanner",,"Alaniz, Rylan",,"Wheatley, Luke",,"Foor, Daylen",,"Cotton, Jackson",,"Fryman, Bennett",,"Byrd, Cadyn",,TRUE,,
cec100f7-3f0f-4544-bfd2-eeb8f98155da,144,ce74a780-bf4b-11f1-87ba-cb46726a41eb,c2678500-8c71-4a03-88df-534d5a053f17,2026-10-03,11:59:22.85,2026-10-03,16:59:22.85,2026-10-03T11:59:22.8510000-05:00,2026-10-03T16:59:22.8510000Z,TEX_BOB,TEX_BOB,StrikeCalled,Undefined,NoShift,63.12626,58.36282,138.10934,33.69511,92.64497,-63.88511,141.3325,-29.57562,232.78678,-124.65627,284.66953,-15.30181,242.81481,119.30249,"Carson, Tanner",,"Alaniz, Rylan",,"Wheatley, Luke",,"Foor, Daylen",,"Cotton, Jackson",,"Fryman, Bennett",,"Byrd, Cadyn",,TRUE,,
cec100f7-3f0f-4544-bfd2-eeb8f98155da,145,fda46d60-bf4b-11f1-87ba-cb46726a41eb,e5619e68-ae0b-48be-acc6-d317f0070f49,2026-10-03,12:00:41.93,2026-10-03,17:00:41.93,2026-10-03T12:00:41.9340000-05:00,2026-10-03T17:00:41.9340000Z,TEX_BOB,TEX_BOB,StrikeCalled,Undefined,NoShift,61.47839,59.20983,138.01383,32.00542,90.19636,-78.71636,142.89497,-45.79882,247.96802,-129.43218,318.13604,-0.58802,237.36013,133.64636,"Carson, Tanner",,"Alaniz, Rylan",,"Wheatley, Luke",,"Foor, Daylen",,"Cotton, Jackson",,"Fryman, Bennett",,"Byrd, Cadyn",,TRUE,,
cec100f7-3f0f-4544-bfd2-eeb8f98155da,146,0ac21fb0-bf4c-11f1-87ba-cb46726a41eb,eee7131e-bd45-48da-a162-72de6fabc6f2,2026-10-03,12:01:03.98,2026-10-03,17:01:03.98,2026-10-03T12:01:03.9880000-05:00,2026-10-03T17:01:03.9880000Z,TEX_BOB,TEX_BOB,StrikeCalled,Undefined,NoShift,62.21139,59.33355,137.56065,41.19843,90.55164,-78.49837,144.97275,-32.40777,250.20156,-125.3282,316.90399,-0.64843,236.67558,133.93296,"Carson, Tanner",,"Alaniz, Rylan",,"Wheatley, Luke",,"Foor, Daylen",,"Cotton, Jackson",,"Fryman, Bennett",,"Byrd, Cadyn",,TRUE,,
cec100f7-3f0f-4544-bfd2-eeb8f98155da,147,1f314b60-bf4c-11f1-87ba-cb46726a41eb,0a4f32b8-3e60-4365-af6f-f70a2e560eb5,2026-10-03,12:01:38.24,2026-10-03,17:01:38.24,2026-10-03T12:01:38.2410000-05:00,2026-10-03T17:01:38.2410000Z,TEX_BOB,TEX_BOB,InPlay,Out,NoShift,101.0039,60.45219,136.82424,23.78144,90.70139,-77.37825,143.37941,-47.14555,242.05729,-121.50186,306.95072,-0.48622,236.65773,129.08858,"Carson, Tanner",,"Alaniz, Rylan",,"Wheatley, Luke",,"Foor, Daylen",,"Cotton, Jackson",,"Fryman, Bennett",,"Byrd, Cadyn",,TRUE,"Anders, Jonathan",P
cec100f7-3f0f-4544-bfd2-eeb8f98155da,148,807e3310-bf4c-11f1-87ba-cb46726a41eb,adc4b4e6-f2d0-4b1a-819b-89f220826f39,2026-10-03,12:04:21.55,2026-10-03,17:04:21.55,2026-10-03T12:04:21.5510000-05:00,2026-10-03T17:04:21.5510000Z,TEX_BOB,TEX_BOB,StrikeCalled,Undefined,RightInfieldShift,92.10285,74.84997,149.16031,76.10786,135.26688,-43.45964,156.31636,15.56549,273.54751,-114.7266,298.49973,40.8521,238.45894,138.47882,"Gillis, Jacob",,"Boles, Brady",,"Carson, Tanner",,"Alaniz, Rylan",,Walk On,,"Cotton, Jackson",,"Mitchell, Drayton",,TRUE,,
cec100f7-3f0f-4544-bfd2-eeb8f98155da,149,8aa11bf0-bf4c-11f1-87ba-cb46726a41eb,2341c895-a461-43cb-b057-c470f21cfa25,2026-10-03,12:04:38.54,2026-10-03,17:04:38.54,2026-10-03T12:04:38.5420000-05:00,2026-10-03T17:04:38.5420000Z,TEX_BOB,TEX_BOB,FoulBallNotFieldable,Undefined,RightInfieldShift,92.35989,74.88835,149.88121,76.90495,138.0827,-41.71111,156.40714,15.25681,289.45172,-98.89573,298.52788,42.65985,238.94985,143.47626,"Gillis, Jacob",,"Boles, Brady",,"Carson, Tanner",,"Alaniz, Rylan",,Walk On,,"Cotton, Jackson",,"Mitchell, Drayton",,TRUE,,
cec100f7-3f0f-4544-bfd2-eeb8f98155da,150,98cc94c0-bf4c-11f1-87ba-cb46726a41eb,ec792c86-f08c-41a5-9f7e-fee8274df545,2026-10-03,12:05:02.35,2026-10-03,17:05:02.35,2026-10-03T12:05:02.3540000-05:00,2026-10-03T17:05:02.3540000Z,TEX_BOB,TEX_BOB,BallCalled,Undefined,RightInfieldShift,91.74998,76.44866,150.74501,77.76889,138.07724,-41.14019,156.58802,14.78129,291.75501,-98.05062,297.56915,40.73485,237.24769,144.03298,"Gillis, Jacob",,"Boles, Brady",,"Carson, Tanner",,"Alaniz, Rylan",,Walk On,,"Cotton, Jackson",,"Mitchell, Drayton",,TRUE,,
cec100f7-3f0f-4544-bfd2-eeb8f98155da,151,a7c48550-bf4c-11f1-87ba-cb46726a41eb,ac27b420-5e1b-4757-9449-2981bc9173e3,2026-10-03,12:05:27.38,2026-10-03,17:05:27.38,2026-10-03T12:05:27.3830000-05:00,2026-10-03T17:05:27.3830000Z,TEX_BOB,TEX_BOB,BallCalled,Undefined,RightInfieldShift,90.86218,75.96008,151.29121,78.52826,140.00722,-35.59485,154.81364,15.89444,292.32391,-91.34653,296.17172,40.81749,238.32513,144.56032,"Gillis, Jacob",,"Boles, Brady",,"Carson, Tanner",,"Alaniz, Rylan",,Walk On,,"Cotton, Jackson",,"Mitchell, Drayton",,TRUE,,
cec100f7-3f0f-4544-bfd2-eeb8f98155da,152,b404cff0-bf4c-11f1-87ba-cb46726a41eb,f410dd56-2265-458d-8a6f-feed2825a96f,2026-10-03,12:05:48.02,2026-10-03,17:05:48.02,2026-10-03T12:05:48.0220000-05:00,2026-10-03T17:05:48.0220000Z,TEX_BOB,TEX_BOB,BallCalled,Undefined,RightInfieldShift,93.13433,77.47362,151.60749,79.27136,142.71614,-36.45039,154.81564,18.53666,292.20807,-92.08278,307.48727,48.3633,239.03689,146.12482,"Gillis, Jacob",,"Boles, Brady",,"Carson, Tanner",,"Alaniz, Rylan",,Walk On,,"Cotton, Jackson",,"Mitchell, Drayton",,TRUE,,
cec100f7-3f0f-4544-bfd2-eeb8f98155da,153,c53376a0-bf4c-11f1-87ba-cb46726a41eb,5816740d-8124-4a63-8f0b-cc9367fad18f,2026-10-03,12:06:16.78,2026-10-03,17:06:16.78,2026-10-03T12:06:16.7870000-05:00,2026-10-03T17:06:16.7870000Z,TEX_BOB,TEX_BOB,BallCalled,Undefined,RightInfieldShift,92.04565,76.4651,152.03789,80.15674,139.20785,-37.24667,155.8224,21.46094,290.28555,-90.36686,303.49635,47.66399,239.11186,144.66495,"Gillis, Jacob",,"Boles, Brady",,"Carson, Tanner",,"Alaniz, Rylan",,Walk On,,"Cotton, Jackson",,"Mitchell, Drayton",,TRUE,,
cec100f7-3f0f-4544-bfd2-eeb8f98155da,154,ed359ed0-bf4c-11f1-87ba-cb46726a41eb,7b12dd58-1c5e-4b23-9be3-da313cf8d800,2026-10-03,12:07:23.94,2026-10-03,17:07:23.94,2026-10-03T12:07:23.9450000-05:00,2026-10-03T17:07:23.9450000Z,TEX_BOB,TEX_BOB,BallCalled,Undefined,NoShift,90.64434,59.50671,147.80912,29.61692,86.11857,-66.97614,139.67401,-46.27177,256.03041,-140.49827,298.58036,-3.1385,236.0586,127.26239,"Gillis, Jacob",,"Boles, Brady",,"Carson, Tanner",,"Alaniz, Rylan",,Walk On,,"Cotton, Jackson",,"Mitchell, Drayton",,TRUE,,
cec100f7-3f0f-4544-bfd2-eeb8f98155da,155,f9be1600-bf4c-11f1-87ba-cb46726a41eb,326060e2-ee03-4f0e-8cf3-272e2566cd84,2026-10-03,12:07:44.97,2026-10-03,17:07:44.97,2026-10-03T12:07:44.9770000-05:00,2026-10-03T17:07:44.9770000Z,TEX_BOB,TEX_BOB,BallCalled,Undefined,NoShift,92.80784,61.47119,145.23399,19.52338,83.57917,-66.63106,140.38382,-51.30294,261.67262,-135.57719,296.23417,-2.20863,238.19014,128.40919,"Gillis, Jacob",,"Boles, Brady",,"Carson, Tanner",,"Alaniz, Rylan",,Walk On,,"Cotton, Jackson",,"Mitchell, Drayton",,TRUE,,
cec100f7-3f0f-4544-bfd2-eeb8f98155da,156,072ddff0-bf4d-11f1-87ba-cb46726a41eb,5a58996b-d13e-48a6-8356-baf03bd9d8ea,2026-10-03,12:08:07.54,2026-10-03,17:08:07.54,2026-10-03T12:08:07.5430000-05:00,2026-10-03T17:08:07.5430000Z,TEX_BOB,TEX_BOB,FoulBallNotFieldable,Undefined,NoShift,90.78802,60.22409,148.3334,25.09463,85.06334,-67.58688,138.34443,-53.20984,263.57147,-132.10876,296.716,-2.54047,237.19937,127.33926,"Gillis, Jacob",,"Boles, Brady",,"Carson, Tanner",,"Alaniz, Rylan",,Walk On,,"Cotton, Jackson",,"Mitchell, Drayton",,TRUE,,
cec100f7-3f0f-4544-bfd2-eeb8f98155da,157,11198c30-bf4d-11f1-87ba-cb46726a41eb,7aba5f89-d190-45ee-98e8-3edf2ecbd452,2026-10-03,12:08:24.13,2026-10-03,17:08:24.13,2026-10-03T12:08:24.1350000-05:00,2026-10-03T17:08:24.1350000Z,TEX_BOB,TEX_BOB,StrikeSwinging,Undefined,NoShift,93.57867,61.87068,148.60075,26.33052,86.65551,-68.74913,138.67359,-53.48851,267.8209,-130.45672,303.46079,-2.12052,234.71422,129.90938,"Gillis, Jacob",,"Boles, Brady",,"Carson, Tanner",,"Alaniz, Rylan",,Walk On,,"Cotton, Jackson",,"Mitchell, Drayton",,TRUE,,
cec100f7-3f0f-4544-bfd2-eeb8f98155da,158,20926c90-bf4d-11f1-87ba-cb46726a41eb,934cea3b-99aa-49dd-9e5a-cd4fbae762a3,2026-10-03,12:08:50.11,2026-10-03,17:08:50.11,2026-10-03T12:08:50.1180000-05:00,2026-10-03T17:08:50.1180000Z,TEX_BOB,TEX_BOB,StrikeSwinging,Undefined,NoShift,93.90791,61.8642,146.23639,23.91152,86.0043,-68.7092,137.64601,-55.21963,265.11368,-128.89717,297.18211,-1.62343,234.10153,127.73525,"Gillis, Jacob",,"Boles, Brady",,"Carson, Tanner",,"Alaniz, Rylan",,Walk On,,"Cotton, Jackson",,"Mitchell, Drayton",,TRUE,,
cec100f7-3f0f-4544-bfd2-eeb8f98155da,159,328e0030-bf4d-11f1-87ba-cb46726a41eb,101e75a6-cd51-450f-ac1f-d81d5a11b526,2026-10-03,12:09:20.26,2026-10-03,17:09:20.26,2026-10-03T12:09:20.2670000-05:00,2026-10-03T17:09:20.2670000Z,TEX_BOB,TEX_BOB,StrikeCalled,Undefined,NoShift,81.52837,43.84801,98.12087,20.17377,71.95362,-50.85954,129.42549,-41.65768,249.53919,-130.13683,291.59802,-1.4254,233.97689,124.20889,"Gillis, Jacob",,"Boles, Brady",,"Carson, Tanner",,"Alaniz, Rylan",,Walk On,,"Cotton, Jackson",,"Mitchell, Drayton",,TRUE,,
cec100f7-3f0f-4544-bfd2-eeb8f98155da,160,3aefff30-bf4d-11f1-87ba-cb46726a41eb,9bd5bcaa-b218-4651-b12c-6fa8bc2863d1,2026-10-03,12:09:34.31,2026-10-03,17:09:34.31,2026-10-03T12:09:34.3170000-05:00,2026-10-03T17:09:34.3170000Z,TEX_BOB,TEX_BOB,BallCalled,Undefined,NoShift,80.40059,45.26549,97.60783,20.80318,72.17373,-52.83195,129.72402,-40.56286,249.09982,-128.00183,291.41407,-1.10268,232.74614,124.03661,"Gillis, Jacob",,"Boles, Brady",,"Carson, Tanner",,"Alaniz, Rylan",,Walk On,,"Cotton, Jackson",,"Mitchell, Drayton",,TRUE,,
cec100f7-3f0f-4544-bfd2-eeb8f98155da,161,4413c790-bf4d-11f1-87ba-cb46726a41eb,8adbf3de-cd11-4038-9848-dae9ea4c691d,2026-10-03,12:09:49.67,2026-10-03,17:09:49.67,2026-10-03T12:09:49.6720000-05:00,2026-10-03T17:09:49.6720000Z,TEX_BOB,TEX_BOB,BallCalled,Undefined,NoShift,81.21928,45.84309,98.90502,20.34533,72.04778,-52.16589,130.75522,-41.84814,246.35631,-134.71147,293.13126,-1.9202,232.17854,125.17215,"Gillis, Jacob",,"Boles, Brady",,"Carson, Tanner",,"Alaniz, Rylan",,Walk On,,"Cotton, Jackson",,"Mitchell, Drayton",,TRUE,,
cec100f7-3f0f-4544-bfd2-eeb8f98155da,162,4decfd40-bf4d-11f1-87ba-cb46726a41eb,8393a5c9-c8c6-4313-bd6b-b618875dec49,2026-10-03,12:10:06.24,2026-10-03,17:10:06.24,2026-10-03T12:10:06.2430000-05:00,2026-10-03T17:10:06.2430000Z,TEX_BOB,TEX_BOB,BallCalled,Undefined,NoShift,81.35423,44.83529,98.91579,21.13952,72.01465,-53.0197,129.63631,-41.90557,247.1133,-135.63775,295.74329,-0.38103,232.34754,123.12143,"Gillis, Jacob",,"Boles, Brady",,"Carson, Tanner",,"Alaniz, Rylan",,Walk On,,"Cotton, Jackson",,"Mitchell, Drayton",,TRUE,,
cec100f7-3f0f-4544-bfd2-eeb8f98155da,163,5890d5f0-bf4d-11f1-87ba-cb46726a41eb,5fc09673-beb7-45fc-b7e7-79430e1381ff,2026-10-03,12:10:24.00,2026-10-03,17:10:24.00,2026-10-03T12:10:24.0010000-05:00,2026-10-03T17:10:24.0010000Z,TEX_BOB,TEX_BOB,BallCalled,Undefined,NoShift,81.11128,45.6928,100.8856,21.38355,71.82018,-53.27095,129.78448,-42.20119,246.56644,-134.09798,291.62504,-1.42395,232.73455,122.39847,"Gillis, Jacob",,"Boles, Brady",,"Carson, Tanner",,"Alaniz, Rylan",,Walk On,,"Cotton, Jackson",,"Mitchell, Drayton",,TRUE,,
cec100f7-3f0f-4544-bfd2-eeb8f98155da,164,6d552680-bf4d-11f1-87ba-cb46726a41eb,dd2d262e-ba78-4753-874d-cb51ea60e2fc,2026-10-03,12:10:58.93,2026-10-03,17:10:58.93,2026-10-03T12:10:58.9300000-05:00,2026-10-03T17:10:58.9300000Z,TEX_BOB,TEX_BOB,FoulBallNotFieldable,Undefined,NoShift,63.38426,59.17586,136.69833,34.83255,74.1333,-55.76384,133.67459,-31.28505,268.23002,-119.25336,295.07075,-1.80463,241.41845,127.56654,"Gillis, Jacob",,"Boles, Brady",,"Carson, Tanner",,"Alaniz, Rylan",,Walk On,,"Cotton, Jackson",,"Mitchell, Drayton",,TRUE,,
cec100f7-3f0f-4544-bfd2-eeb8f98155da,165,81880c80-bf4d-11f1-87ba-cb46726a41eb,9c34c626-d6b8-48fa-8477-fc09d6cdb41c,2026-10-03,12:11:32.77,2026-10-03,17:11:32.77,2026-10-03T12:11:32.7710000-05:00,2026-10-03T17:11:32.7710000Z,TEX_BOB,TEX_BOB,BallCalled,Undefined,NoShift,63.55276,58.59968,137.24881,32.01694,77.84866,-56.49083,135.8765,-29.56453,259.2151,-134.47921,291.39764,-2.07623,244.41986,128.38525,"Gillis, Jacob",,"Boles, Brady",,"Carson, Tanner",,"Alaniz, Rylan",,Walk On,,"Cotton, Jackson",,"Mitchell, Drayton",,TRUE,,
cec100f7-3f0f-4544-bfd2-eeb8f98155da,166,8d69bc60-bf4d-11f1-87ba-cb46726a41eb,eb875325-08a8-4280-8fd5-89a815c27690,2026-10-03,12:11:52.70,2026-10-03,17:11:52.70,2026-10-03T12:11:52.7030000-05:00,2026-10-03T17:11:52.7030000Z,TEX_BOB,TEX_BOB,StrikeSwinging,Undefined,NoShift,63.63734,58.29464,137.49683,29.49319,76.55808,-55.56797,134.6794,-28.20246,257.80555,-129.15541,289.0271,-2.99903,240.92841,124.45015,"Gillis, Jacob",,"Boles, Brady",,"Carson, Tanner",,"Alaniz, Rylan",,Walk On,,"Cotton, Jackson",,"Mitchell, Drayton",,TRUE,,
cec100f7-3f0f-4544-bfd2-eeb8f98155da,167,98044640-bf4d-11f1-87ba-cb46726a41eb,b5c9e9b8-ec15-48f5-b7ae-9b3fda9b3c26,2026-10-03,12:12:10.41,2026-10-03,17:12:10.41,2026-10-03T12:12:10.4150000-05:00,2026-10-03T17:12:10.4150000Z,TEX_BOB,TEX_BOB,BallCalled,Undefined,NoShift,63.33352,58.26978,139.14326,29.77543,76.69526,-56.11862,135.82738,-29.71042,262.25992,-129.78574,291.32834,-2.63869,244.42518,126.66843,"Gillis, Jacob",,"Boles, Brady",,"Carson, Tanner",,"Alaniz, Rylan",,Walk On,,"Cotton, Jackson",,"Mitchell, Drayton",,TRUE,,
cec100f7-3f0f-4544-bfd2-eeb8f98155da,168,a6480200-bf4d-11f1-87ba-cb46726a41eb,b1832b68-d752-489c-8784-357904afbc80,2026-10-03,12:12:34.42,2026-10-03,17:12:34.42,2026-10-03T12:12:34.4260000-05:00,2026-10-03T17:12:34.4260000Z,TEX_BOB,TEX_BOB,FoulBallNotFieldable,Undefined,NoShift,63.83063,58.22826,138.73892,30.97923,78.86639,-57.28904,135.21825,-28.82187,249.24069,-127.78297,292.40596,-2.43802,245.30616,124.42453,"Gillis, Jacob",,"Boles, Brady",,"Carson, Tanner",,"Alaniz, Rylan",,Walk On,,"Cotton, Jackson",,"Mitchell, Drayton",,TRUE,,
cec100f7-3f0f-4544-bfd2-eeb8f98155da,169,b1f55b70-bf4d-11f1-87ba-cb46726a41eb,c9984264-7735-4a05-81c9-75ad79a2aba3,2026-10-03,12:12:54.00,2026-10-03,17:12:54.00,2026-10-03T12:12:54.0040000-05:00,2026-10-03T17:12:54.0040000Z,TEX_BOB,TEX_BOB,BallCalled,Undefined,NoShift,63.9192,58.67425,138.29401,30.77353,80.34747,-54.41206,136.23534,-26.82005,248.98594,-127.61763,298.27602,-3.721,249.16844,129.25474,"Gillis, Jacob",,"Boles, Brady",,"Carson, Tanner",,"Alaniz, Rylan",,Walk On,,"Cotton, Jackson",,"Mitchell, Drayton",,TRUE,,
cec100f7-3f0f-4544-bfd2-eeb8f98155da,170,c86698b0-bf4d-11f1-87ba-cb46726a41eb,440b29ad-ae03-454d-a3ed-0544c7600021,2026-10-03,12:13:31.67,2026-10-03,17:13:31.67,2026-10-03T12:13:31.6750000-05:00,2026-10-03T17:13:31.6750000Z,TEX_BOB,TEX_BOB,BallCalled,Undefined,NoShift,63.84572,58.9835,138.31752,30.97927,80.88481,-55.06767,137.5111,-27.47419,254.87135,-126.0445,301.71259,-3.38559,244.63916,127.1984,"Gillis, Jacob",,"Boles, Brady",,"Carson, Tanner",,"Alaniz, Rylan",,Walk On,,"Cotton, Jackson",,"Mitchell, Drayton",,TRUE,,
cec100f7-3f0f-4544-bfd2-eeb8f98155da,171,43221f20-bf4e-11f1-87ba-cb46726a41eb,a021be52-9ad8-49bd-b21e-e9c9dc7c88aa,2026-10-03,12:16:57.58,2026-10-03,17:16:57.58,2026-10-03T12:16:57.5870000-05:00,2026-10-03T17:16:57.5870000Z,TEX_BOB,TEX_BOB,InPlay,HomeRun,NoShift,92.1317,60.00605,151.78188,27.19922,88.04828,-66.86712,140.26853,-50.58169,240.31586,-128.43009,302.92165,-6.3777,226.87162,117.08572,"Gillis, Jacob",,"Wheatley, Luke",,"Foor, Daylen",,"Boles, Brady",,"Mitchell, Drayton",,"Byrd, Cadyn",,"Fryman, Bennett",,TRUE,HR,HR
cec100f7-3f0f-4544-bfd2-eeb8f98155da,172,64daa100-bf4e-11f1-87ba-cb46726a41eb,8fc17be7-8d54-4aa4-b3d0-47f56e80d4c6,2026-10-03,12:17:54.17,2026-10-03,17:17:54.17,2026-10-03T12:17:54.1720000-05:00,2026-10-03T17:17:54.1720000Z,TEX_BOB,TEX_BOB,BallCalled,Undefined,RightInfieldShift,89.67529,71.45644,142.69673,61.00675,107.48315,-64.95647,161.96479,18.12204,241.15047,-131.47307,302.83069,-4.8106,250.1937,122.21971,"Gillis, Jacob",,"Wheatley, Luke",,"Foor, Daylen",,"Boles, Brady",,"Mitchell, Drayton",,"Byrd, Cadyn",,"Fryman, Bennett",,TRUE,,
cec100f7-3f0f-4544-bfd2-eeb8f98155da,173,750ce650-bf4e-11f1-87ba-cb46726a41eb,3c49e94f-8a58-437f-a309-10376f8c168a,2026-10-03,12:18:21.28,2026-10-03,17:18:21.28,2026-10-03T12:18:21.2800000-05:00,2026-10-03T17:18:21.2800000Z,TEX_BOB,TEX_BOB,StrikeCalled,Undefined,NoShift,90.23559,71.68744,143.12495,61.60683,112.56254,-63.8893,151.58608,-26.30304,240.07596,-129.51545,307.88348,-1.8748,250.5346,122.96379,"Gillis, Jacob",,"Wheatley, Luke",,"Foor, Daylen",,"Boles, Brady",,"Mitchell, Drayton",,"Byrd, Cadyn",,"Fryman, Bennett",,TRUE,,
cec100f7-3f0f-4544-bfd2-eeb8f98155da,174,847bb490-bf4e-11f1-87ba-cb46726a41eb,71d4014e-8abd-49bc-b386-5392ca697523,2026-10-03,12:18:47.15,2026-10-03,17:18:47.15,2026-10-03T12:18:47.1560000-05:00,2026-10-03T17:18:47.1560000Z,TEX_BOB,TEX_BOB,BallCalled,Undefined,NoShift,90.73814,73.11581,143.32181,61.87045,108.59096,-58.84584,150.45586,-25.45052,241.11355,-127.6648,309.73652,-9.49959,251.46066,124.69466,"Gillis, Jacob",,"Wheatley, Luke",,"Foor, Daylen",,"Boles, Brady",,"Mitchell, Drayton",,"Byrd, Cadyn",,"Fryman, Bennett",,TRUE,,
cec100f7-3f0f-4544-bfd2-eeb8f98155da,175,949eb7a0-bf4e-11f1-87ba-cb46726a41eb,04faecc1-78e6-486c-bf2c-ecae3eebb6ec,2026-10-03,12:19:14.25,2026-10-03,17:19:14.25,2026-10-03T12:19:14.2530000-05:00,2026-10-03T17:19:14.2530000Z,TEX_BOB,TEX_BOB,InPlay,Out,NoShift,91.08405,73.61129,144.22692,63.79809,105.95559,-56.30513,150.76451,-25.15405,242.84353,-132.14027,309.28277,-11.73194,254.21062,125.6957,"Gillis, Jacob",,"Wheatley, Luke",,"Foor, Daylen",,"Boles, Brady",,"Mitchell, Drayton",,"Byrd, Cadyn",,"Fryman, Bennett",,TRUE,"Gillis, Jacob",1B
cec100f7-3f0f-4544-bfd2-eeb8f98155da,176,ae4fb690-bf4e-11f1-87ba-cb46726a41eb,d239bd75-47a2-41a6-b953-8a034733226f,2026-10-03,12:19:57.32,2026-10-03,17:19:57.32,2026-10-03T12:19:57.3260000-05:00,2026-10-03T17:19:57.3260000Z,TEX_BOB,TEX_BOB,StrikeCalled,Undefined,NoShift,92.99876,60.24152,150.44765,30.53024,96.07513,-73.19922,141.92005,-49.91167,241.90313,-127.37126,311.02997,9.65349,241.48169,125.58565,"Gillis, Jacob",,"Wheatley, Luke",,"Foor, Daylen",,"Boles, Brady",,"Mitchell, Drayton",,"Byrd, Cadyn",,"Fryman, Bennett",,TRUE,,
cec100f7-3f0f-4544-bfd2-eeb8f98155da,177,bb9cdd50-bf4e-11f1-87ba-cb46726a41eb,70efe368-7b7f-4d0a-9f53-4cb6d523e984,2026-10-03,12:20:19.72,2026-10-03,17:20:19.72,2026-10-03T12:20:19.7240000-05:00,2026-10-03T17:20:19.7240000Z,TEX_BOB,TEX_BOB,InPlay,HomeRun,NoShift,92.86283,60.16793,150.32977,29.91358,95.49247,-73.88487,141.56205,-49.50468,243.9846,-129.08679,312.27213,-3.06737,238.79764,124.16177,"Gillis, Jacob",,"Wheatley, Luke",,"Foor, Daylen",,"Boles, Brady",,"Mitchell, Drayton",,"Byrd, Cadyn",,"Fryman, Bennett",,TRUE,HR,HR
cec100f7-3f0f-4544-bfd2-eeb8f98155da,178,dd994600-bf4e-11f1-87ba-cb46726a41eb,55692e57-06b0-4a09-bf20-fa854c856900,2026-10-03,12:21:16.71,2026-10-03,17:21:16.71,2026-10-03T12:21:16.7140000-05:00,2026-10-03T17:21:16.7140000Z,TEX_BOB,TEX_BOB,BallCalled,Undefined,NoShift,91.94325,60.07923,150.00551,31.29985,95.98962,-76.23924,140.527,-51.6289,246.93285,-138.98112,303.20416,-8.93468,242.40118,125.69416,"Gillis, Jacob",,"Wheatley, Luke",,"Foor, Daylen",,"Boles, Brady",,"Mitchell, Drayton",,"Byrd, Cadyn",,"Fryman, Bennett",,TRUE,,
cec100f7-3f0f-4544-bfd2-eeb8f98155da,179,eb0ce080-bf4e-11f1-87ba-cb46726a41eb,dd528165-174e-4258-95a7-f7860386cf0c,2026-10-03,12:21:39.27,2026-10-03,17:21:39.27,2026-10-03T12:21:39.2710000-05:00,2026-10-03T17:21:39.2710000Z,TEX_BOB,TEX_BOB,StrikeCalled,Undefined,NoShift,93.36996,59.83251,150.38429,30.31564,97.30335,-76.56875,140.79831,-51.60286,245.86496,-137.16404,315.57987,-13.62453,242.48858,124.4581,"Gillis, Jacob",,"Wheatley, Luke",,"Foor, Daylen",,"Boles, Brady",,"Mitchell, Drayton",,"Byrd, Cadyn",,"Fryman, Bennett",,TRUE,,
cec100f7-3f0f-4544-bfd2-eeb8f98155da,180,f933ec80-bf4e-11f1-87ba-cb46726a41eb,55d0b05e-3da2-4d0d-b308-09f346b5745c,2026-10-03,12:22:02.97,2026-10-03,17:22:02.97,2026-10-03T12:22:02.9730000-05:00,2026-10-03T17:22:02.9730000Z,TEX_BOB,TEX_BOB,BallCalled,Undefined,NoShift,90.70407,59.18279,150.27963,30.79995,96.46203,-75.52535,140.83774,-50.55323,246.27386,-135.87934,312.99435,-12.74905,242.19261,123.31009,"Gillis, Jacob",,"Wheatley, Luke",,"Foor, Daylen",,"Boles, Brady",,"Mitchell, Drayton",,"Byrd, Cadyn",,"Fryman, Bennett",,TRUE,,
cec100f7-3f0f-4544-bfd2-eeb8f98155da,181,08c7cef0-bf4f-11f1-87ba-cb46726a41eb,bf8c06e8-2d76-476e-92ec-f84c499a6292,2026-10-03,12:22:29.13,2026-10-03,17:22:29.13,2026-10-03T12:22:29.1340000-05:00,2026-10-03T17:22:29.1340000Z,TEX_BOB,TEX_BOB,StrikeCalled,Undefined,NoShift,91.55325,60.40399,150.36597,30.54465,94.36156,-74.46257,140.80845,-50.03737,247.47579,-135.53739,311.83839,-10.15481,237.91914,123.10223,"Gillis, Jacob",,"Wheatley, Luke",,"Foor, Daylen",,"Boles, Brady",,"Mitchell, Drayton",,"Byrd, Cadyn",,"Fryman, Bennett",,TRUE,,
cec100f7-3f0f-4544-bfd2-eeb8f98155da,182,17fb41e0-bf4f-11f1-87ba-cb46726a41eb,8675f4e9-a61e-4114-90b5-a18b57306d64,2026-10-03,12:22:54.63,2026-10-03,17:22:54.63,2026-10-03T12:22:54.6340000-05:00,2026-10-03T17:22:54.6340000Z,TEX_BOB,TEX_BOB,BallCalled,Undefined,NoShift,91.65707,60.00672,150.23561,30.98496,92.84503,-73.3344,140.91058,-50.21695,247.64462,-134.6514,308.32644,-12.69807,238.79526,125.18748,"Gillis, Jacob",,"Wheatley, Luke",,"Foor, Daylen",,"Boles, Brady",,"Mitchell, Drayton",,"Byrd, Cadyn",,"Fryman, Bennett",,TRUE,,
cec100f7-3f0f-4544-bfd2-eeb8f98155da,183,27c2de80-bf4f-11f1-87ba-cb46726a41eb,202e1255-5de8-4b3e-8592-f40039976fcd,2026-10-03,12:23:21.14,2026-10-03,17:23:21.14,2026-10-03T12:23:21.1430000-05:00,2026-10-03T17:23:21.1430000Z,TEX_BOB,TEX_BOB,BallCalled,Undefined,NoShift,91.9078,60.11917,149.91251,31.15136,91.76469,-71.68176,141.83376,-49.73934,246.59065,-136.13503,313.38385,-11.79956,237.32981,124.67877,"Gillis, Jacob",,"Wheatley, Luke",,"Foor, Daylen",,"Boles, Brady",,"Mitchell, Drayton",,"Byrd, Cadyn",,"Fryman, Bennett",,TRUE,,
cec100f7-3f0f-4544-bfd2-eeb8f98155da,184,3dc9e840-bf4f-11f1-87ba-cb46726a41eb,3986114e-8112-4828-b5c2-be4b063a9e1f,2026-10-03,12:23:58.09,2026-10-03,17:23:58.09,2026-10-03T12:23:58.0930000-05:00,2026-10-03T17:23:58.0930000Z,TEX_BOB,TEX_BOB,StrikeCalled,Undefined,NoShift,63.37417,58.77953,135.53275,23.67415,85.28653,-60.01715,134.86268,-36.75963,245.35785,-134.30976,305.33322,-9.78546,237.1744,122.91375,"Gillis, Jacob",,"Wheatley, Luke",,"Foor, Daylen",,"Boles, Brady",,"Mitchell, Drayton",,"Byrd, Cadyn",,"Fryman, Bennett",,TRUE,,
cec100f7-3f0f-4544-bfd2-eeb8f98155da,185,4d07bb70-bf4f-11f1-87ba-cb46726a41eb,2a60c9fd-5f04-41eb-a06c-683362aa1aa6,2026-10-03,12:24:23.68,2026-10-03,17:24:23.68,2026-10-03T12:24:23.6830000-05:00,2026-10-03T17:24:23.6830000Z,TEX_BOB,TEX_BOB,BallCalled,Undefined,NoShift,63.90523,58.45511,158.62139,47.5172,88.4967,-62.23455,135.58643,-37.89661,245.06008,-133.33509,309.76683,-12.93216,239.97635,125.70274,"Gillis, Jacob",,"Wheatley, Luke",,"Foor, Daylen",,"Boles, Brady",,"Mitchell, Drayton",,"Byrd, Cadyn",,"Fryman, Bennett",,TRUE,,
cec100f7-3f0f-4544-bfd2-eeb8f98155da,186,5d16e860-bf4f-11f1-87ba-cb46726a41eb,d7f34e5c-ca35-48ef-bf4c-2d430f908a51,2026-10-03,12:24:50.60,2026-10-03,17:24:50.60,2026-10-03T12:24:50.6010000-05:00,2026-10-03T17:24:50.6010000Z,TEX_BOB,TEX_BOB,BallCalled,Undefined,NoShift,63.89396,58.68911,161.48274,39.84409,88.34031,-63.17709,135.09933,-38.51266,246.32051,-132.06571,303.72587,-9.84311,237.5002,126.09684,"Gillis, Jacob",,"Wheatley, Luke",,"Foor, Daylen",,"Boles, Brady",,"Mitchell, Drayton",,"Byrd, Cadyn",,"Fryman, Bennett",,TRUE,,
cec100f7-3f0f-4544-bfd2-eeb8f98155da,187,6c3a55c0-bf4f-11f1-87ba-cb46726a41eb,4caca3ec-2b9d-4269-a17f-c0ca6b449c1e,2026-10-03,12:25:15.94,2026-10-03,17:25:15.94,2026-10-03T12:25:15.9410000-05:00,2026-10-03T17:25:15.9410000Z,TEX_BOB,TEX_BOB,StrikeCalled,Undefined,NoShift,63.61272,58.65433,164.61602,41.81986,89.06487,-63.95436,135.41209,-37.65502,245.85892,-131.55184,304.18379,-6.87681,233.57193,123.74903,"Gillis, Jacob",,"Wheatley, Luke",,"Foor, Daylen",,"Boles, Brady",,"Mitchell, Drayton",,"Byrd, Cadyn",,"Fryman, Bennett",,TRUE,,
cec100f7-3f0f-4544-bfd2-eeb8f98155da,188,7b3bbc30-bf4f-11f1-87ba-cb46726a41eb,6a1f85d1-503d-4d15-a18c-29c8d0e0bc3a,2026-10-03,12:25:41.18,2026-10-03,17:25:41.18,2026-10-03T12:25:41.1870000-05:00,2026-10-03T17:25:41.1870000Z,TEX_BOB,TEX_BOB,InPlay,Out,NoShift,63.79032,57.99214,139.29064,24.80697,88.7491,-64.7364,135.57885,-37.22036,245.68028,-134.17927,308.0742,-9.42647,237.27995,125.14114,"Gillis, Jacob",,"Wheatley, Luke",,"Foor, Daylen",,"Boles, Brady",,"Mitchell, Drayton",,"Byrd, Cadyn",,"Fryman, Bennett",,TRUE,"Boles, Brady",SS
cec100f7-3f0f-4544-bfd2-eeb8f98155da,189,e9758230-bf4f-11f1-87ba-cb46726a41eb,e207f05a-5b53-45bc-913e-535e6ec31a4e,2026-10-03,12:28:46.13,2026-10-03,17:28:46.13,2026-10-03T12:28:46.1330000-05:00,2026-10-03T17:28:46.1330000Z,TEX_BOB,TEX_BOB,StrikeSwinging,Undefined,NoShift,97.28831,77.75436,141.64388,57.91061,90.33768,-62.38869,147.63284,-36.44423,244.19209,-119.40697,284.51958,-0.90856,251.18453,124.18808,"Carson, Tanner",,"Alaniz, Rylan",,"Wheatley, Luke",,"Foor, Daylen",,"Cotton, Jackson",,"Fryman, Bennett",,"Byrd, Cadyn",,TRUE,,
cec100f7-3f0f-4544-bfd2-eeb8f98155da,190,f3afeab0-bf4f-11f1-87ba-cb46726a41eb,5d88ff67-7520-4624-8d5b-1ea7d576dce8,2026-10-03,12:29:03.25,2026-10-03,17:29:03.25,2026-10-03T12:29:03.2510000-05:00,2026-10-03T17:29:03.2510000Z,TEX_BOB,TEX_BOB,StrikeSwinging,Undefined,NoShift,97.93605,78.06016,142.7506,56.07266,90.0822,-62.68528,150.46584,-34.57033,236.02002,-119.29576,290.58516,-2.68283,259.59061,124.85436,"Carson, Tanner",,"Alaniz, Rylan",,"Wheatley, Luke",,"Foor, Daylen",,"Cotton, Jackson",,"Fryman, Bennett",,"Byrd, Cadyn",,TRUE,,
cec100f7-3f0f-4544-bfd2-eeb8f98155da,191,fef88ee0-bf4f-11f1-87ba-cb46726a41eb,62adb62b-0801-4e8c-a20a-03c545696bad,2026-10-03,12:29:22.23,2026-10-03,17:29:22.23,2026-10-03T12:29:22.2340000-05:00,2026-10-03T17:29:22.2340000Z,TEX_BOB,TEX_BOB,BallCalled,Undefined,NoShift,95.30127,76.28578,143.51537,55.98945,89.57632,-62.63764,146.59013,-38.22188,224.92194,-129.29646,284.77061,-18.86689,251.71788,124.1126,"Carson, Tanner",,"Alaniz, Rylan",,"Wheatley, Luke",,"Foor, Daylen",,"Cotton, Jackson",,"Fryman, Bennett",,"Byrd, Cadyn",,TRUE,,
cec100f7-3f0f-4544-bfd2-eeb8f98155da,192,0c44f250-bf50-11f1-87ba-cb46726a41eb,cc6a4074-2fe5-4cbd-a749-2ff1115832b5,2026-10-03,12:29:44.52,2026-10-03,17:29:44.52,2026-10-03T12:29:44.5240000-05:00,2026-10-03T17:29:44.5240000Z,TEX_BOB,TEX_BOB,BallCalled,Undefined,NoShift,95.75864,76.86807,144.93903,52.98371,90.77982,-63.60043,147.20326,-37.9922,217.54619,-129.93543,284.22838,-19.14192,251.98429,122.62886,"Carson, Tanner",,"Alaniz, Rylan",,"Wheatley, Luke",,"Foor, Daylen",,"Cotton, Jackson",,"Fryman, Bennett",,"Byrd, Cadyn",,TRUE,,
cec100f7-3f0f-4544-bfd2-eeb8f98155da,193,19f9db90-bf50-11f1-87ba-cb46726a41eb,581d1e64-6f87-452c-92c1-010a6c6d9a5c,2026-10-03,12:30:07.52,2026-10-03,17:30:07.52,2026-10-03T12:30:07.5260000-05:00,2026-10-03T17:30:07.5260000Z,TEX_BOB,TEX_BOB,BallCalled,Undefined,NoShift,93.02372,76.1544,142.32776,52.62221,91.42066,-64.33365,148.27924,-37.54748,216.76,-130.18944,289.43169,-22.71934,254.78245,125.79603,"Carson, Tanner",,"Alaniz, Rylan",,"Wheatley, Luke",,"Foor, Daylen",,"Cotton, Jackson",,"Fryman, Bennett",,"Byrd, Cadyn",,TRUE,,
cec100f7-3f0f-4544-bfd2-eeb8f98155da,194,2a176060-bf50-11f1-87ba-cb46726a41eb,46494079-616d-4aa5-8d45-2b8c418dc91b,2026-10-03,12:30:34.51,2026-10-03,17:30:34.51,2026-10-03T12:30:34.5140000-05:00,2026-10-03T17:30:34.5140000Z,TEX_BOB,TEX_BOB,StrikeCalled,Undefined,NoShift,95.02995,76.21668,141.4438,53.68856,90.77379,-64.8149,146.31918,-36.91463,209.7451,-128.63775,290.06631,-21.98364,252.33755,128.67603,"Carson, Tanner",,"Alaniz, Rylan",,"Wheatley, Luke",,"Foor, Daylen",,"Cotton, Jackson",,"Fryman, Bennett",,"Byrd, Cadyn",,TRUE,,
cec100f7-3f0f-4544-bfd2-eeb8f98155da,195,404d6960-bf50-11f1-87ba-cb46726a41eb,bec0b87e-d00e-4cdc-918b-fa22bf8ff2c3,2026-10-03,12:31:11.82,2026-10-03,17:31:11.82,2026-10-03T12:31:11.8250000-05:00,2026-10-03T17:31:11.8250000Z,TEX_BOB,TEX_BOB,StrikeCalled,Undefined,NoShift,93.57916,70.77446,147.73304,38.81809,78.95935,-60.02576,141.05011,-49.3342,251.12178,-113.15157,288.69622,9.20048,251.18353,131.24022,"Carson, Tanner",,"Alaniz, Rylan",,"Wheatley, Luke",,"Foor, Daylen",,"Cotton, Jackson",,"Fryman, Bennett",,"Byrd, Cadyn",,TRUE,,
cec100f7-3f0f-4544-bfd2-eeb8f98155da,196,4b8b5f30-bf50-11f1-87ba-cb46726a41eb,52a5d4c2-248b-4cf7-bd4d-4fab699d7109,2026-10-03,12:31:30.64,2026-10-03,17:31:30.64,2026-10-03T12:31:30.6490000-05:00,2026-10-03T17:31:30.6490000Z,TEX_BOB,TEX_BOB,StrikeSwinging,Undefined,NoShift,91.06603,61.65988,148.07304,37.07337,79.25314,-60.2218,140.79191,-48.12857,251.80633,-111.35326,286.41363,9.18702,250.06979,129.26897,"Carson, Tanner",,"Alaniz, Rylan",,"Wheatley, Luke",,"Foor, Daylen",,"Cotton, Jackson",,"Fryman, Bennett",,"Byrd, Cadyn",,TRUE,,
cec100f7-3f0f-4544-bfd2-eeb8f98155da,197,58312260-bf50-11f1-87ba-cb46726a41eb,6b927995-3d62-4d8a-a9da-7992b27891dd,2026-10-03,12:31:51.90,2026-10-03,17:31:51.90,2026-10-03T12:31:51.9000000-05:00,2026-10-03T17:31:51.9000000Z,TEX_BOB,TEX_BOB,BallCalled,Undefined,NoShift,88.70184,58.24832,148.67715,36.09131,91.19365,-71.851,141.43037,-49.55908,249.41576,-116.07886,285.52462,9.39771,250.45267,128.37812,"Carson, Tanner",,"Alaniz, Rylan",,"Wheatley, Luke",,"Foor, Daylen",,"Cotton, Jackson",,"Fryman, Bennett",,"Byrd, Cadyn",,TRUE,,
cec100f7-3f0f-4544-bfd2-eeb8f98155da,198,667db7c0-bf50-11f1-87ba-cb46726a41eb,8ea1be85-b37c-4099-83f9-ef2ab1bbc130,2026-10-03,12:32:15.90,2026-10-03,17:32:15.90,2026-10-03T12:32:15.9020000-05:00,2026-10-03T17:32:15.9020000Z,TEX_BOB,TEX_BOB,InPlay,Single,NoShift,89.86225,57.02574,147.30184,35.05992,91.55306,-72.9275,140.06885,-49.01882,244.33724,-117.14183,284.13614,10.04231,248.46004,128.83993,"Carson, Tanner",,"Alaniz, Rylan",,"Wheatley, Luke",,"Foor, Daylen",,"Cotton, Jackson",,"Fryman, Bennett",,"Byrd, Cadyn",,TRUE,"Byrd, Cadyn",RF
cec100f7-3f0f-4544-bfd2-eeb8f98155da,199,82584d70-bf50-11f1-87ba-cb46726a41eb,72a6ca83-d72e-413a-947b-dde30db31460,2026-10-03,12:33:02.57,2026-10-03,17:33:02.57,2026-10-03T12:33:02.5720000-05:00,2026-10-03T17:33:02.5720000Z,TEX_BOB,TEX_BOB,StrikeCalled,Undefined,NoShift,62.66559,58.75532,140.1286,33.06563,88.48951,-66.90591,138.26152,-33.16886,250.32467,-115.13461,299.51543,18.31557,250.5109,137.88462,"Carson, Tanner",,"Alaniz, Rylan",,"Wheatley, Luke",,"Foor, Daylen",,"Cotton, Jackson",,"Fryman, Bennett",,"Byrd, Cadyn",,TRUE,,
cec100f7-3f0f-4544-bfd2-eeb8f98155da,200,90503320-bf50-11f1-87ba-cb46726a41eb,fbcfd113-26ff-41cc-a874-759881093c26,2026-10-03,12:33:26.08,2026-10-03,17:33:26.08,2026-10-03T12:33:26.0890000-05:00,2026-10-03T17:33:26.0890000Z,TEX_BOB,TEX_BOB,InPlay,Out,NoShift,63.06003,57.84878,140.12052,32.8479,89.05275,-67.58479,138.57312,-34.2862,245.75941,-116.15376,299.10312,21.06083,251.79823,136.15425,"Carson, Tanner",,"Alaniz, Rylan",,"Wheatley, Luke",,"Foor, Daylen",,"Cotton, Jackson",,"Fryman, Bennett",,"Byrd, Cadyn",,TRUE,"Byrd, Cadyn",RF
cec100f7-3f0f-4544-bfd2-eeb8f98155da,201,c9435cc0-bf50-11f1-87ba-cb46726a41eb,a77435a6-0e0c-45f8-86e6-a86a9a6aba5a,2026-10-03,12:35:01.59,2026-10-03,17:35:01.59,2026-10-03T12:35:01.5960000-05:00,2026-10-03T17:35:01.5960000Z,TEX_BOB,TEX_BOB,BallCalled,Undefined,NoShift,61.98797,59.14133,140.63818,55.7426,91.68376,-69.89637,150.85861,-24.1666,235.39908,-127.07363,301.17826,-1.12971,250.28174,128.69661,"Carson, Tanner",,"Alaniz, Rylan",,"Wheatley, Luke",,"Foor, Daylen",,"Cotton, Jackson",,"Fryman, Bennett",,"Byrd, Cadyn",,TRUE,,
cec100f7-3f0f-4544-bfd2-eeb8f98155da,202,deaf10e0-bf50-11f1-87ba-cb46726a41eb,770e2a3e-d1ca-4d29-9423-b0c48df0d1c8,2026-10-03,12:35:37.55,2026-10-03,17:35:37.55,2026-10-03T12:35:37.5550000-05:00,2026-10-03T17:35:37.5550000Z,TEX_BOB,TEX_BOB,StrikeCalled,Undefined,NoShift,94.35513,75.15039,141.5664,53.94756,91.26977,-66.83388,147.84238,-24.87133,236.03871,-125.94156,290.70528,-0.1354,253.1246,131.43015,"Carson, Tanner",,"Alaniz, Rylan",,"Wheatley, Luke",,"Foor, Daylen",,"Cotton, Jackson",,"Fryman, Bennett",,"Byrd, Cadyn",,TRUE,,
cec100f7-3f0f-4544-bfd2-eeb8f98155da,203,ed619400-bf50-11f1-87ba-cb46726a41eb,e4a8cda7-a553-4a0e-9491-5f5dc2b940d5,2026-10-03,12:36:02.19,2026-10-03,17:36:02.19,2026-10-03T12:36:02.1970000-05:00,2026-10-03T17:36:02.1970000Z,TEX_BOB,TEX_BOB,FoulBallNotFieldable,Undefined,NoShift,91.72469,74.47431,167.12058,35.92461,90.55597,-67.62303,141.17439,-28.00757,232.4839,-126.57765,294.94197,-0.37616,241.08668,127.1803,"Carson, Tanner",,"Alaniz, Rylan",,"Wheatley, Luke",,"Foor, Daylen",,"Cotton, Jackson",,"Fryman, Bennett",,"Byrd, Cadyn",,TRUE,,
cec100f7-3f0f-4544-bfd2-eeb8f98155da,204,ff6712b0-bf50-11f1-87ba-cb46726a41eb,7d37ecda-f8f1-4c7d-879c-e2483c28118e,2026-10-03,12:36:32.47,2026-10-03,17:36:32.47,2026-10-03T12:36:32.4730000-05:00,2026-10-03T17:36:32.4730000Z,TEX_BOB,TEX_BOB,BallCalled,Undefined,NoShift,91.34098,75.77198,166.18748,34.66395,93.26823,-64.21661,137.13098,-26.46804,232.22749,-129.26422,297.23459,-1.16436,249.35965,129.62186,"Carson, Tanner",,"Alaniz, Rylan",,"Wheatley, Luke",,"Foor, Daylen",,"Cotton, Jackson",,"Fryman, Bennett",,"Byrd, Cadyn",,TRUE,,
cec100f7-3f0f-4544-bfd2-eeb8f98155da,205,0cd04cf0-bf51-11f1-87ba-cb46726a41eb,3bd53948-1f91-4782-aa9b-c06d7e110481,2026-10-03,12:36:54.94,2026-10-03,17:36:54.94,2026-10-03T12:36:54.9420000-05:00,2026-10-03T17:36:54.9420000Z,TEX_BOB,TEX_BOB,FoulBallNotFieldable,Undefined,NoShift,93.66676,77.77209,158.43351,26.58107,93.60046,-64.25469,140.22279,-20.18009,233.67614,-129.24169,294.43949,-0.91744,251.66362,134.01151,"Carson, Tanner",,"Alaniz, Rylan",,"Wheatley, Luke",,"Foor, Daylen",,"Cotton, Jackson",,"Fryman, Bennett",,"Byrd, Cadyn",,TRUE,,
cec100f7-3f0f-4544-bfd2-eeb8f98155da,206,2049a6f0-bf51-11f1-87ba-cb46726a41eb,9b03f923-eb9b-45c2-8498-04574f3e4d10,2026-10-03,12:37:27.53,2026-10-03,17:37:27.53,2026-10-03T12:37:27.5300000-05:00,2026-10-03T17:37:27.5300000Z,TEX_BOB,TEX_BOB,StrikeSwinging,Undefined,NoShift,93.82116,77.38009,158.92295,26.67934,94.51156,-65.6306,144.65645,-20.78047,232.11637,-123.70638,297.62669,-1.24276,250.41447,129.89733,"Carson, Tanner",,"Alaniz, Rylan",,"Wheatley, Luke",,"Foor, Daylen",,"Cotton, Jackson",,"Fryman, Bennett",,"Byrd, Cadyn",,TRUE,,
cec100f7-3f0f-4544-bfd2-eeb8f98155da,207,83b0bc10-bf51-11f1-87ba-cb46726a41eb,ded5d615-135e-40a0-9ee9-f00020e94d8a,2026-10-03,12:40:14.33,2026-10-03,17:40:14.33,2026-10-03T12:40:14.3320000-05:00,2026-10-03T17:40:14.3320000Z,TEX_BOB,TEX_BOB,BallCalled,Undefined,NoShift,94.25732,60.5053,150.9833,27.88919,91.52548,-71.57757,136.58867,-56.13263,253.06181,-131.78644,294.7817,0.22025,245.81284,131.30408,"Gillis, Jacob",,"Boles, Brady",,"Carson, Tanner",,"Alaniz, Rylan",,Walk On,,"Cotton, Jackson",,"Mitchell, Drayton",,TRUE,,
cec100f7-3f0f-4544-bfd2-eeb8f98155da,208,9020c940-bf51-11f1-87ba-cb46726a41eb,351a2f2e-9b3f-43d0-b7a2-e232a2ab8416,2026-10-03,12:40:35.22,2026-10-03,17:40:35.22,2026-10-03T12:40:35.2250000-05:00,2026-10-03T17:40:35.2250000Z,TEX_BOB,TEX_BOB,StrikeCalled,Undefined,NoShift,93.34108,60.29801,150.19387,28.19631,92.39685,-71.8415,134.74449,-57.21888,252.28182,-133.14368,295.63288,-0.04615,240.32939,129.41995,"Gillis, Jacob",,"Boles, Brady",,"Carson, Tanner",,"Alaniz, Rylan",,Walk On,,"Cotton, Jackson",,"Mitchell, Drayton",,TRUE,,
cec100f7-3f0f-4544-bfd2-eeb8f98155da,209,9d32bbc0-bf51-11f1-87ba-cb46726a41eb,3ec4d2bd-e14b-40b2-8c2e-e6ba341f4f6e,2026-10-03,12:40:57.21,2026-10-03,17:40:57.21,2026-10-03T12:40:57.2180000-05:00,2026-10-03T17:40:57.2180000Z,TEX_BOB,TEX_BOB,StrikeSwinging,Undefined,NoShift,93.3157,60.09576,151.08785,29.05281,90.78815,-71.25813,134.96871,-57.18613,252.4603,-133.80895,289.5111,-0.94082,241.40417,129.78151,"Gillis, Jacob",,"Boles, Brady",,"Carson, Tanner",,"Alaniz, Rylan",,Walk On,,"Cotton, Jackson",,"Mitchell, Drayton",,TRUE,,
cec100f7-3f0f-4544-bfd2-eeb8f98155da,210,a9918ae0-bf51-11f1-87ba-cb46726a41eb,700d9852-002d-4a08-80af-3f3412b213ac,2026-10-03,12:41:17.86,2026-10-03,17:41:17.86,2026-10-03T12:41:17.8650000-05:00,2026-10-03T17:41:17.8650000Z,TEX_BOB,TEX_BOB,BallCalled,Undefined,NoShift,92.75382,59.73589,150.3173,31.24433,91.06571,-71.43091,134.94724,-57.99683,252.41517,-133.18758,294.65997,0.20504,239.88396,128.64908,"Gillis, Jacob",,"Boles, Brady",,"Carson, Tanner",,"Alaniz, Rylan",,Walk On,,"Cotton, Jackson",,"Mitchell, Drayton",,TRUE,,
cec100f7-3f0f-4544-bfd2-eeb8f98155da,211,b68fa740-bf51-11f1-87ba-cb46726a41eb,ab8598de-8c8a-43cd-93e8-049dd57e2534,2026-10-03,12:41:39.65,2026-10-03,17:41:39.65,2026-10-03T12:41:39.6510000-05:00,2026-10-03T17:41:39.6510000Z,TEX_BOB,TEX_BOB,StrikeCalled,Undefined,NoShift,91.06494,59.59477,149.5502,31.09078,91.05043,-71.84483,134.14135,-58.3857,252.68069,-133.05047,294.27095,-0.31295,237.27185,128.18663,"Gillis, Jacob",,"Boles, Brady",,"Carson, Tanner",,"Alaniz, Rylan",,Walk On,,"Cotton, Jackson",,"Mitchell, Drayton",,TRUE,,
cec100f7-3f0f-4544-bfd2-eeb8f98155da,212,cc0ac4b0-bf51-11f1-87ba-cb46726a41eb,c8e4e39b-8b8a-41d7-8371-8e7446f696af,2026-10-03,12:42:15.75,2026-10-03,17:42:15.75,2026-10-03T12:42:15.7510000-05:00,2026-10-03T17:42:15.7510000Z,TEX_BOB,TEX_BOB,BallCalled,Undefined,RightInfieldShift,89.99002,75.22476,149.34971,75.57441,132.25415,-44.43716,156.10826,13.95047,277.11382,-116.9861,302.13571,30.13317,237.96072,138.90876,"Gillis, Jacob",,"Boles, Brady",,"Carson, Tanner",,"Alaniz, Rylan",,Walk On,,"Cotton, Jackson",,"Mitchell, Drayton",,TRUE,,
cec100f7-3f0f-4544-bfd2-eeb8f98155da,213,d8cd85c0-bf51-11f1-87ba-cb46726a41eb,2fb51666-6d9d-4e54-aa46-01d22704779a,2026-10-03,12:42:37.11,2026-10-03,17:42:37.11,2026-10-03T12:42:37.1190000-05:00,2026-10-03T17:42:37.1190000Z,TEX_BOB,TEX_BOB,BallCalled,Undefined,RightInfieldShift,89.54173,74.97793,149.51808,76.52319,134.14006,-41.8401,155.07274,14.48832,275.9881,-114.13483,300.76299,31.81575,237.22505,137.71111,"Gillis, Jacob",,"Boles, Brady",,"Carson, Tanner",,"Alaniz, Rylan",,Walk On,,"Cotton, Jackson",,"Mitchell, Drayton",,TRUE,,
cec100f7-3f0f-4544-bfd2-eeb8f98155da,214,e60d3f00-bf51-11f1-87ba-cb46726a41eb,97062a49-e545-447e-b17d-989ef0dae362,2026-10-03,12:42:59.38,2026-10-03,17:42:59.38,2026-10-03T12:42:59.3860000-05:00,2026-10-03T17:42:59.3860000Z,TEX_BOB,TEX_BOB,StrikeCalled,Undefined,RightInfieldShift,90.41332,74.62591,151.63961,77.92752,132.40094,-42.1716,154.78114,14.7115,275.05761,-114.48757,296.88467,22.00829,238.43659,137.97376,"Gillis, Jacob",,"Boles, Brady",,"Carson, Tanner",,"Alaniz, Rylan",,Walk On,,"Cotton, Jackson",,"Mitchell, Drayton",,TRUE,,
cec100f7-3f0f-4544-bfd2-eeb8f98155da,215,f3917b50-bf51-11f1-87ba-cb46726a41eb,4e67ccf2-8b27-4f4c-8b2a-2c50f2643d35,2026-10-03,12:43:22.12,2026-10-03,17:43:22.12,2026-10-03T12:43:22.1230000-05:00,2026-10-03T17:43:22.1230000Z,TEX_BOB,TEX_BOB,FoulBallNotFieldable,Undefined,RightInfieldShift,90.60234,75.42532,149.50171,77.30566,134.04359,-40.03777,157.00607,15.10506,276.01164,-113.25375,296.0739,21.91578,235.88192,138.10909,"Gillis, Jacob",,"Boles, Brady",,"Carson, Tanner",,"Alaniz, Rylan",,Walk On,,"Cotton, Jackson",,"Mitchell, Drayton",,TRUE,,
cec100f7-3f0f-4544-bfd2-eeb8f98155da,216,0359db40-bf52-11f1-87ba-cb46726a41eb,ac09a002-84a7-4121-9547-e68ad3d453c1,2026-10-03,12:43:48.53,2026-10-03,17:43:48.53,2026-10-03T12:43:48.5390000-05:00,2026-10-03T17:43:48.5390000Z,TEX_BOB,TEX_BOB,StrikeCalled,Undefined,RightInfieldShift,91.09816,75.77401,151.21329,78.31944,137.91403,-36.01351,157.65762,18.76347,274.19979,-109.76076,294.24951,22.00242,235.08595,139.02743,"Gillis, Jacob",,"Boles, Brady",,"Carson, Tanner",,"Alaniz, Rylan",,Walk On,,"Cotton, Jackson",,"Mitchell, Drayton",,TRUE,,
cec100f7-3f0f-4544-bfd2-eeb8f98155da,217,1a0cdc70-bf52-11f1-87ba-cb46726a41eb,ea1a4f28-6da5-41f5-8179-cbadfa285539,2026-10-03,12:44:26.58,2026-10-03,17:44:26.58,2026-10-03T12:44:26.5850000-05:00,2026-10-03T17:44:26.5850000Z,TEX_BOB,TEX_BOB,StrikeSwinging,Undefined,NoShift,94.69462,58.63639,148.68811,35.72198,88.5066,-68.49035,134.96494,-57.84881,269.52597,-186.70401,292.30618,0.04605,229.88523,127.38798,"Gillis, Jacob",,"Boles, Brady",,"Carson, Tanner",,"Alaniz, Rylan",,Walk On,,"Cotton, Jackson",,"Mitchell, Drayton",,TRUE,,
cec100f7-3f0f-4544-bfd2-eeb8f98155da,218,2b142500-bf52-11f1-87ba-cb46726a41eb,afb63599-8e18-46ed-a60c-dd5d3466ff2b,2026-10-03,12:44:55.18,2026-10-03,17:44:55.18,2026-10-03T12:44:55.1800000-05:00,2026-10-03T17:44:55.1800000Z,TEX_BOB,TEX_BOB,FoulBallNotFieldable,Undefined,NoShift,91.34845,57.51937,148.6087,35.51214,89.5498,-71.46557,135.13771,-57.23583,265.21129,-130.13086,292.2698,0.147,231.32478,127.52538,"Gillis, Jacob",,"Boles, Brady",,"Carson, Tanner",,"Alaniz, Rylan",,Walk On,,"Cotton, Jackson",,"Mitchell, Drayton",,TRUE,,
cec100f7-3f0f-4544-bfd2-eeb8f98155da,219,44476870-bf52-11f1-87ba-cb46726a41eb,d0d120e3-517f-41f9-ae96-409217e2f259,2026-10-03,12:45:37.45,2026-10-03,17:45:37.45,2026-10-03T12:45:37.4590000-05:00,2026-10-03T17:45:37.4590000Z,TEX_BOB,TEX_BOB,BallCalled,Undefined,NoShift,91.68584,58.75509,149.44335,31.77592,90.33745,-71.59538,133.10403,-58.31632,265.3359,-130.26322,287.60745,-2.09489,236.38433,127.87876,"Gillis, Jacob",,"Boles, Brady",,"Carson, Tanner",,"Alaniz, Rylan",,Walk On,,"Cotton, Jackson",,"Mitchell, Drayton",,TRUE,,
cec100f7-3f0f-4544-bfd2-eeb8f98155da,220,53465de0-bf52-11f1-87ba-cb46726a41eb,5801d2f7-6057-4273-9868-966fac0c085a,2026-10-03,12:46:02.62,2026-10-03,17:46:02.62,2026-10-03T12:46:02.6260000-05:00,2026-10-03T17:46:02.6260000Z,TEX_BOB,TEX_BOB,InPlay,Out,NoShift,92.68022,59.85341,148.38381,33.24609,90.48818,-71.9931,132.15144,-59.96021,258.75632,-128.97489,285.51972,-0.43115,237.15669,127.56583,"Gillis, Jacob",,"Wheatley, Luke",,"Foor, Daylen",,"Boles, Brady",,"Mitchell, Drayton",,"Byrd, Cadyn",,"Fryman, Bennett",,TRUE,"Carson, Tanner",3B
cec100f7-3f0f-4544-bfd2-eeb8f98155da,221,ae845e50-bf52-11f1-87ba-cb46726a41eb,9769a427-01f3-4ff7-9542-75b62f39fd5d,2026-10-03,12:48:35.72,2026-10-03,17:48:35.72,2026-10-03T12:48:35.7280000-05:00,2026-10-03T17:48:35.7280000Z,TEX_BOB,TEX_BOB,BallCalled,Undefined,NoShift,92.62887,60.37501,151.1032,31.80327,91.10156,-67.05936,139.94786,-50.95215,245.34717,-134.63718,306.47816,-11.24666,240.74765,120.71653,"Gillis, Jacob",,"Wheatley, Luke",,"Foor, Daylen",,"Boles, Brady",,"Mitchell, Drayton",,"Byrd, Cadyn",,"Fryman, Bennett",,TRUE,,
cec100f7-3f0f-4544-bfd2-eeb8f98155da,222,b8fc9320-bf52-11f1-87ba-cb46726a41eb,dfafd527-af28-4ea0-99de-c39390323383,2026-10-03,12:48:53.27,2026-10-03,17:48:53.27,2026-10-03T12:48:53.2730000-05:00,2026-10-03T17:48:53.2730000Z,TEX_BOB,TEX_BOB,StrikeCalled,Undefined,NoShift,90.68726,59.17259,150.74442,31.88955,91.16711,-68.38596,140.12505,-49.63277,245.48112,-133.02408,308.41301,-9.52296,239.04188,122.03922,"Gillis, Jacob",,"Wheatley, Luke",,"Foor, Daylen",,"Boles, Brady",,"Mitchell, Drayton",,"Byrd, Cadyn",,"Fryman, Bennett",,TRUE,,
cec100f7-3f0f-4544-bfd2-eeb8f98155da,223,c37da190-bf52-11f1-87ba-cb46726a41eb,c0804998-fc54-4799-ba96-9698c374fc66,2026-10-03,12:49:10.93,2026-10-03,17:49:10.93,2026-10-03T12:49:10.9370000-05:00,2026-10-03T17:49:10.9370000Z,TEX_BOB,TEX_BOB,BallCalled,Undefined,NoShift,91.18372,59.68286,151.00091,32.0887,96.61818,-71.21726,141.32051,-49.29937,245.81477,-132.05556,305.3724,-10.31477,235.84426,121.48108,"Gillis, Jacob",,"Wheatley, Luke",,"Foor, Daylen",,"Boles, Brady",,"Mitchell, Drayton",,"Byrd, Cadyn",,"Fryman, Bennett",,TRUE,,
cec100f7-3f0f-4544-bfd2-eeb8f98155da,224,d1b57670-bf52-11f1-87ba-cb46726a41eb,4faef144-f461-4bc8-9353-5188de5bf8c6,2026-10-03,12:49:34.80,2026-10-03,17:49:34.80,2026-10-03T12:49:34.8050000-05:00,2026-10-03T17:49:34.8050000Z,TEX_BOB,TEX_BOB,BallCalled,Undefined,NoShift,90.62478,59.69061,150.55463,32.21278,94.72059,-72.17792,141.65932,-49.40259,248.2603,-131.77018,302.36523,-9.84889,237.01595,122.71086,"Gillis, Jacob",,"Wheatley, Luke",,"Foor, Daylen",,"Boles, Brady",,"Mitchell, Drayton",,"Byrd, Cadyn",,"Fryman, Bennett",,TRUE,,
cec100f7-3f0f-4544-bfd2-eeb8f98155da,225,dcf715c0-bf52-11f1-87ba-cb46726a41eb,6bd30f47-d5bb-405e-b4d1-a91c3c2d24da,2026-10-03,12:49:53.69,2026-10-03,17:49:53.69,2026-10-03T12:49:53.6960000-05:00,2026-10-03T17:49:53.6960000Z,TEX_BOB,TEX_BOB,BallCalled,Undefined,NoShift,90.49837,59.78859,150.1191,32.1633,95.17419,-71.59167,141.35492,-49.17769,243.30968,-129.98626,312.72309,-10.26962,238.07703,123.16067,"Gillis, Jacob",,"Wheatley, Luke",,"Foor, Daylen",,"Boles, Brady",,"Mitchell, Drayton",,"Byrd, Cadyn",,"Fryman, Bennett",,TRUE,,
cec100f7-3f0f-4544-bfd2-eeb8f98155da,226,f4462fe0-bf52-11f1-87ba-cb46726a41eb,f6902f49-6e8e-4c4c-9e5c-0313741411b3,2026-10-03,12:50:32.75,2026-10-03,17:50:32.75,2026-10-03T12:50:32.7560000-05:00,2026-10-03T17:50:32.7560000Z,TEX_BOB,TEX_BOB,BallCalled,Undefined,NoShift,63.50901,58.75481,137.16037,47.07166,100.61503,-60.11565,145.17606,-23.396,244.20278,-133.75155,306.65016,-12.05178,251.14817,125.34135,"Gillis, Jacob",,"Wheatley, Luke",,"Foor, Daylen",,"Boles, Brady",,"Mitchell, Drayton",,"Byrd, Cadyn",,"Fryman, Bennett",,TRUE,,
cec100f7-3f0f-4544-bfd2-eeb8f98155da,227,022b02c0-bf53-11f1-87ba-cb46726a41eb,fcee65c6-9088-42ad-bfca-7dbd0928414b,2026-10-03,12:50:56.05,2026-10-03,17:50:56.05,2026-10-03T12:50:56.0500000-05:00,2026-10-03T17:50:56.0500000Z,TEX_BOB,TEX_BOB,InPlay,Out,NoShift,63.98162,58.46611,136.27751,47.36734,101.82759,-60.70136,142.76613,-23.34425,242.11109,-130.2769,305.99696,-5.71722,250.95527,128.35565,"Gillis, Jacob",,"Wheatley, Luke",,"Foor, Daylen",,"Boles, Brady",,"Mitchell, Drayton",,"Byrd, Cadyn",,"Fryman, Bennett",,TRUE,"Mitchell, Drayton",LF
cec100f7-3f0f-4544-bfd2-eeb8f98155da,228,3f5ff4c0-bf53-11f1-87ba-cb46726a41eb,64aca0bb-a1f2-4e02-8a32-6926a46b5b52,2026-10-03,12:52:38.70,2026-10-03,17:52:38.70,2026-10-03T12:52:38.7050000-05:00,2026-10-03T17:52:38.7050000Z,TEX_BOB,TEX_BOB,BallCalled,Undefined,NoShift,86.72624,56.57164,142.51812,20.2549,90.98837,-69.41572,141.5197,-49.25099,240.59254,-128.25497,294.38451,-10.55791,228.19695,119.17549,"Gillis, Jacob",,"Wheatley, Luke",,"Foor, Daylen",,"Boles, Brady",,"Mitchell, Drayton",,"Byrd, Cadyn",,"Fryman, Bennett",,TRUE,,
cec100f7-3f0f-4544-bfd2-eeb8f98155da,229,4f05d890-bf53-11f1-87ba-cb46726a41eb,16740ad2-12aa-473c-b58f-b21fe004affd,2026-10-03,12:53:04.94,2026-10-03,17:53:04.94,2026-10-03T12:53:04.9440000-05:00,2026-10-03T17:53:04.9440000Z,TEX_BOB,TEX_BOB,StrikeSwinging,Undefined,NoShift,88.748,57.43169,139.87935,17.48897,87.73457,-66.98115,142.40019,-50.03613,241.76152,-130.459,300.53259,-12.83727,230.9479,124.91254,"Gillis, Jacob",,"Wheatley, Luke",,"Foor, Daylen",,"Boles, Brady",,"Mitchell, Drayton",,"Byrd, Cadyn",,"Fryman, Bennett",,TRUE,,
cec100f7-3f0f-4544-bfd2-eeb8f98155da,230,5bae81f0-bf53-11f1-87ba-cb46726a41eb,8a43bcfd-0288-4bf1-9955-176c7b73308a,2026-10-03,12:53:26.31,2026-10-03,17:53:26.31,2026-10-03T12:53:26.3120000-05:00,2026-10-03T17:53:26.3120000Z,TEX_BOB,TEX_BOB,BallCalled,Undefined,NoShift,89.12454,57.71703,142.4837,18.83878,89.91442,-68.72487,141.97552,-50.46823,242.72093,-129.42247,304.29809,-12.17685,235.35356,126.05293,"Gillis, Jacob",,"Wheatley, Luke",,"Foor, Daylen",,"Boles, Brady",,"Mitchell, Drayton",,"Byrd, Cadyn",,"Fryman, Bennett",,TRUE,,
cec100f7-3f0f-4544-bfd2-eeb8f98155da,231,6e735900-bf53-11f1-87ba-cb46726a41eb,199dd0be-b22d-4caa-8f80-2c67f4df476b,2026-10-03,12:53:57.59,2026-10-03,17:53:57.59,2026-10-03T12:53:57.5980000-05:00,2026-10-03T17:53:57.5980000Z,TEX_BOB,TEX_BOB,StrikeSwinging,Undefined,NoShift,88.87896,57.83738,142.03872,22.8422,89.9853,-68.24752,141.51263,-50.40017,241.89356,-129.25643,302.58323,-10.58554,234.23768,125.00241,"Gillis, Jacob",,"Wheatley, Luke",,"Foor, Daylen",,"Boles, Brady",,"Mitchell, Drayton",,"Byrd, Cadyn",,"Fryman, Bennett",,TRUE,,
cec100f7-3f0f-4544-bfd2-eeb8f98155da,232,81f1e320-bf53-11f1-87ba-cb46726a41eb,e1a0cda3-2a9b-486d-8ebc-b8013340cccb,2026-10-03,12:54:30.49,2026-10-03,17:54:30.49,2026-10-03T12:54:30.4960000-05:00,2026-10-03T17:54:30.4960000Z,TEX_BOB,TEX_BOB,BallCalled,Undefined,NoShift,89.78042,57.23624,148.94107,29.98474,94.15461,-74.18581,139.91732,-50.67072,239.70628,-127.13403,308.5715,-13.36903,237.26875,123.8198,"Gillis, Jacob",,"Wheatley, Luke",,"Foor, Daylen",,"Boles, Brady",,"Mitchell, Drayton",,"Byrd, Cadyn",,"Fryman, Bennett",,TRUE,,
cec100f7-3f0f-4544-bfd2-eeb8f98155da,233,9e8ae6d0-bf53-11f1-87ba-cb46726a41eb,012106a2-4eb9-4d01-afc6-43bbdc46b307,2026-10-03,12:55:18.46,2026-10-03,17:55:18.46,2026-10-03T12:55:18.4690000-05:00,2026-10-03T17:55:18.4690000Z,TEX_BOB,TEX_BOB,FoulBallNotFieldable,Undefined,NoShift,89.23095,57.57168,149.70528,29.76462,94.30516,-72.19085,140.43319,-50.45964,264.41194,-185.9165,302.48644,-14.07484,234.84345,123.69336,"Gillis, Jacob",,"Wheatley, Luke",,"Foor, Daylen",,"Boles, Brady",,"Mitchell, Drayton",,"Byrd, Cadyn",,"Fryman, Bennett",,TRUE,,
cec100f7-3f0f-4544-bfd2-eeb8f98155da,234,b09bd730-bf53-11f1-87ba-cb46726a41eb,fca19440-3a56-44ef-bfda-c7d988b24ad8,2026-10-03,12:55:48.75,2026-10-03,17:55:48.75,2026-10-03T12:55:48.7510000-05:00,2026-10-03T17:55:48.7510000Z,TEX_BOB,TEX_BOB,BallCalled,Undefined,NoShift,92.5349,60.08262,149.99736,30.16286,96.22439,-73.74004,141.39819,-50.46156,263.58629,-191.79177,307.74498,-9.91398,241.86528,124.33398,"Gillis, Jacob",,"Wheatley, Luke",,"Foor, Daylen",,"Boles, Brady",,"Mitchell, Drayton",,"Byrd, Cadyn",,"Fryman, Bennett",,TRUE,,
cec100f7-3f0f-4544-bfd2-eeb8f98155da,235,c84daac0-bf53-11f1-87ba-cb46726a41eb,868dd763-f2b2-49d8-9b86-e825be7e70a8,2026-10-03,12:56:28.49,2026-10-03,17:56:28.49,2026-10-03T12:56:28.4910000-05:00,2026-10-03T17:56:28.4910000Z,TEX_BOB,TEX_BOB,BallCalled,Undefined,NoShift,63.63098,58.41946,149.04451,23.45079,89.31727,-75.86514,140.72731,-49.72087,244.51542,-131.63567,307.42061,-10.19243,254.99497,136.18429,"Gillis, Jacob",,"Wheatley, Luke",,"Foor, Daylen",,"Boles, Brady",,"Mitchell, Drayton",,"Byrd, Cadyn",,"Fryman, Bennett",,TRUE,,
cec100f7-3f0f-4544-bfd2-eeb8f98155da,236,d5304fe0-bf53-11f1-87ba-cb46726a41eb,7b5512f0-1aa5-45f5-8163-0e429b15187f,2026-10-03,12:56:50.05,2026-10-03,17:56:50.05,2026-10-03T12:56:50.0510000-05:00,2026-10-03T17:56:50.0510000Z,TEX_BOB,TEX_BOB,BallCalled,Undefined,NoShift,63.88007,57.61622,148.90738,21.79238,86.61024,-73.45439,139.796,-50.09708,245.77475,-129.19253,306.47501,-10.47024,252.24176,134.25435,"Gillis, Jacob",,"Wheatley, Luke",,"Foor, Daylen",,"Boles, Brady",,"Mitchell, Drayton",,"Byrd, Cadyn",,"Fryman, Bennett",,TRUE,,
cec100f7-3f0f-4544-bfd2-eeb8f98155da,237,e5792a70-bf53-11f1-87ba-cb46726a41eb,c8245ccb-fe8b-4090-afa4-e39bce02ee71,2026-10-03,12:57:17.45,2026-10-03,17:57:17.45,2026-10-03T12:57:17.4550000-05:00,2026-10-03T17:57:17.4550000Z,TEX_BOB,TEX_BOB,BallCalled,Undefined,NoShift,63.43227,58.07123,143.65545,20.15401,85.11691,-72.18342,140.50293,-49.71582,242.80469,-127.45402,306.99904,-11.58736,256.84176,136.35541,"Gillis, Jacob",,"Wheatley, Luke",,"Foor, Daylen",,"Boles, Brady",,"Mitchell, Drayton",,"Byrd, Cadyn",,"Fryman, Bennett",,TRUE,,
cec100f7-3f0f-4544-bfd2-eeb8f98155da,238,f5b44960-bf53-11f1-87ba-cb46726a41eb,11fa3e6a-a7a6-4668-a7c3-ebb333f28fdb,2026-10-03,12:57:44.67,2026-10-03,17:57:44.67,2026-10-03T12:57:44.6750000-05:00,2026-10-03T17:57:44.6750000Z,TEX_BOB,TEX_BOB,BallCalled,Undefined,NoShift,63.90482,58.20864,149.11558,21.7296,87.23734,-73.36701,139.84238,-49.53814,243.83331,-128.15854,303.24804,-10.71882,252.03859,134.47982,"Gillis, Jacob",,"Wheatley, Luke",,"Foor, Daylen",,"Boles, Brady",,"Mitchell, Drayton",,"Byrd, Cadyn",,"Fryman, Bennett",,TRUE,,
cec100f7-3f0f-4544-bfd2-eeb8f98155da,239,1019f250-bf54-11f1-87ba-cb46726a41eb,54c70574-89fd-40e5-ab16-d632af55ea0b,2026-10-03,12:58:28.97,2026-10-03,17:58:28.97,2026-10-03T12:58:28.9740000-05:00,2026-10-03T17:58:28.9740000Z,TEX_BOB,TEX_BOB,StrikeCalled,Undefined,NoShift,94.66906,59.75675,153.00012,20.95136,87.93081,-70.40055,140.92351,-50.44492,240.20112,-125.00547,294.42093,-8.18284,235.78007,124.83405,"Gillis, Jacob",,"Wheatley, Luke",,"Foor, Daylen",,"Boles, Brady",,"Mitchell, Drayton",,"Byrd, Cadyn",,"Fryman, Bennett",,TRUE,,
cec100f7-3f0f-4544-bfd2-eeb8f98155da,240,1dcdf130-bf54-11f1-87ba-cb46726a41eb,5dfd222e-988f-42fa-9647-2b1538072c5b,2026-10-03,12:58:51.94,2026-10-03,17:58:51.94,2026-10-03T12:58:51.9450000-05:00,2026-10-03T17:58:51.9450000Z,TEX_BOB,TEX_BOB,BallCalled,Undefined,NoShift,93.4808,60.99537,151.65637,19.14136,88.98857,-70.78269,140.09405,-50.77553,274.51532,-176.35222,304.06114,-10.68291,237.1826,125.59793,"Gillis, Jacob",,"Wheatley, Luke",,"Foor, Daylen",,"Boles, Brady",,"Mitchell, Drayton",,"Byrd, Cadyn",,"Fryman, Bennett",,TRUE,,
cec100f7-3f0f-4544-bfd2-eeb8f98155da,241,36e82e60-bf54-11f1-87ba-cb46726a41eb,2725c162-71ac-433a-90de-3dc9975026f1,2026-10-03,12:59:34.08,2026-10-03,17:59:34.08,2026-10-03T12:59:34.0890000-05:00,2026-10-03T17:59:34.0890000Z,TEX_BOB,TEX_BOB,FoulBallNotFieldable,Undefined,NoShift,88.54643,55.60995,150.5195,24.25877,89.95049,-67.23381,140.01282,-49.69719,279.24947,-175.54002,306.73716,-9.49972,228.98189,119.10782,"Gillis, Jacob",,"Wheatley, Luke",,"Foor, Daylen",,"Boles, Brady",,"Mitchell, Drayton",,"Byrd, Cadyn",,"Fryman, Bennett",,TRUE,,
cec100f7-3f0f-4544-bfd2-eeb8f98155da,242,48342110-bf54-11f1-87ba-cb46726a41eb,77df9bd7-ea43-497d-9abf-fcc7fa97db32,2026-10-03,13:00:02.93,2026-10-03,18:00:02.93,2026-10-03T13:00:02.9320000-05:00,2026-10-03T18:00:02.9320000Z,TEX_BOB,TEX_BOB,BallCalled,Undefined,NoShift,91.2417,56.20139,150.8864,24.74522,90.42597,-70.30847,139.64205,-51.23652,278.20752,-176.43462,303.80572,-12.94447,229.09406,118.75274,"Gillis, Jacob",,"Wheatley, Luke",,"Foor, Daylen",,"Boles, Brady",,"Mitchell, Drayton",,"Byrd, Cadyn",,"Fryman, Bennett",,TRUE,,
cec100f7-3f0f-4544-bfd2-eeb8f98155da,243,5582ce70-bf54-11f1-87ba-cb46726a41eb,dc47ff56-a83c-4e3a-bab6-d5ce112fccf2,2026-10-03,13:00:25.26,2026-10-03,18:00:25.26,2026-10-03T13:00:25.2680000-05:00,2026-10-03T18:00:25.2680000Z,TEX_BOB,TEX_BOB,FoulBallNotFieldable,Undefined,NoShift,92.95367,57.57811,151.49818,26.03833,90.99824,-69.53032,139.7814,-50.83084,273.37735,-175.22612,308.51114,-13.35668,230.9827,119.93934,"Gillis, Jacob",,"Wheatley, Luke",,"Foor, Daylen",,"Boles, Brady",,"Mitchell, Drayton",,"Byrd, Cadyn",,"Fryman, Bennett",,TRUE,,
cec100f7-3f0f-4544-bfd2-eeb8f98155da,244,6a89f460-bf54-11f1-87ba-cb46726a41eb,8158c33b-cd25-4092-a8b3-d1854b437b16,2026-10-03,13:01:00.71,2026-10-03,18:01:00.71,2026-10-03T13:01:00.7160000-05:00,2026-10-03T18:01:00.7160000Z,TEX_BOB,TEX_BOB,StrikeCalled,Undefined,NoShift,90.10999,57.33883,150.73189,27.77346,90.06863,-71.76043,140.34319,-50.83723,240.17061,-128.32111,302.86412,-12.09715,226.53939,122.45893,"Gillis, Jacob",,"Wheatley, Luke",,"Foor, Daylen",,"Boles, Brady",,"Mitchell, Drayton",,"Byrd, Cadyn",,"Fryman, Bennett",,TRUE,,
cec100f7-3f0f-4544-bfd2-eeb8f98155da,245,e99796e0-bf54-11f1-87ba-cb46726a41eb,9d0932ff-2944-4967-91d0-392d454d1a2a,2026-10-03,13:04:33.84,2026-10-03,18:04:33.84,2026-10-03T13:04:33.8470000-05:00,2026-10-03T18:04:33.8470000Z,TEX_BOB,TEX_BOB,StrikeSwinging,Undefined,NoShift,93.41728,72.26003,149.80617,36.76412,93.67754,-74.90413,140.8769,-50.41378,252.05358,-126.86427,304.20261,-0.41928,249.84862,134.65665,"Carson, Tanner",,"Alaniz, Rylan",,"Wheatley, Luke",,"Foor, Daylen",,"Cotton, Jackson",,"Fryman, Bennett",,"Byrd, Cadyn",,TRUE,,
cec100f7-3f0f-4544-bfd2-eeb8f98155da,246,f32f2fb0-bf54-11f1-87ba-cb46726a41eb,08e3499f-3064-4778-b97d-905f89d78254,2026-10-03,13:04:49.96,2026-10-03,18:04:49.96,2026-10-03T13:04:49.9630000-05:00,2026-10-03T18:04:49.9630000Z,TEX_BOB,TEX_BOB,InPlay,Out,NoShift,94.15156,65.81172,148.94515,36.18188,94.5122,-75.08983,142.14861,-50.42501,266.4488,-180.5075,299.77035,-0.0815,251.98376,134.92249,"Carson, Tanner",,"Alaniz, Rylan",,"Wheatley, Luke",,"Foor, Daylen",,"Cotton, Jackson",,"Fryman, Bennett",,"Byrd, Cadyn",,TRUE,"Foor, Daylen",SS
cec100f7-3f0f-4544-bfd2-eeb8f98155da,247,0507d200-bf55-11f1-87ba-cb46726a41eb,4b05bd08-9114-44a3-81cd-3a774c5c499e,2026-10-03,13:05:19.88,2026-10-03,18:05:19.88,2026-10-03T13:05:19.8870000-05:00,2026-10-03T18:05:19.8870000Z,TEX_BOB,TEX_BOB,BallCalled,Undefined,NoShift,94.58127,68.29647,150.24159,31.82691,95.20267,-76.19712,143.66443,-48.19166,230.77628,-122.6752,279.87182,-0.99033,233.10258,133.05191,"Carson, Tanner",,"Alaniz, Rylan",,"Wheatley, Luke",,"Foor, Daylen",,"Cotton, Jackson",,"Fryman, Bennett",,"Byrd, Cadyn",,TRUE,,
cec100f7-3f0f-4544-bfd2-eeb8f98155da,248,0c4a7e50-bf55-11f1-87ba-cb46726a41eb,7d568527-2424-4b7c-a8ac-7e4321f6a8fe,2026-10-03,13:05:32.04,2026-10-03,18:05:32.04,2026-10-03T13:05:32.0430000-05:00,2026-10-03T18:05:32.0430000Z,TEX_BOB,TEX_BOB,InPlay,Out,NoShift,97.58112,55.72735,151.97005,31.122,95.27533,-75.89786,140.43187,-50.85367,302.07682,-147.11684,276.90868,-0.48396,234.13987,134.47171,"Carson, Tanner",,"Alaniz, Rylan",,"Wheatley, Luke",,"Foor, Daylen",,"Cotton, Jackson",,"Fryman, Bennett",,"Byrd, Cadyn",,TRUE,"Cotton, Jackson",LF
cec100f7-3f0f-4544-bfd2-eeb8f98155da,249,206a2a70-bf55-11f1-87ba-cb46726a41eb,cb2376bf-0fff-490a-b6ba-634e534b739e,2026-10-03,13:06:05.80,2026-10-03,18:06:05.80,2026-10-03T13:06:05.8030000-05:00,2026-10-03T18:06:05.8030000Z,TEX_BOB,TEX_BOB,StrikeCalled,Undefined,NoShift,97.00541,55.64588,148.04436,33.21598,93.92178,-75.61999,141.53417,-50.17567,265.88891,-178.68854,286.20375,-1.16128,234.26955,129.01721,"Carson, Tanner",,"Alaniz, Rylan",,"Wheatley, Luke",,"Foor, Daylen",,"Cotton, Jackson",,"Fryman, Bennett",,"Byrd, Cadyn",,TRUE,,
cec100f7-3f0f-4544-bfd2-eeb8f98155da,250,2ab55bd0-bf55-11f1-87ba-cb46726a41eb,ae5ef3f3-b15d-4232-987d-e68fa0917416,2026-10-03,13:06:23.13,2026-10-03,18:06:23.13,2026-10-03T13:06:23.1310000-05:00,2026-10-03T18:06:23.1310000Z,TEX_BOB,TEX_BOB,InPlay,Error,NoShift,96.97781,54.94061,150.31211,29.63506,94.03527,-75.80939,140.12889,-49.99173,269.62137,-176.7955,284.86449,-1.25766,238.89925,130.78364,"Carson, Tanner",,"Alaniz, Rylan",,"Wheatley, Luke",,"Foor, Daylen",,"Cotton, Jackson",,"Fryman, Bennett",,"Byrd, Cadyn",,TRUE,"Wheatley, Luke",3B
cec100f7-3f0f-4544-bfd2-eeb8f98155da,251,4d5be730-bf55-11f1-87ba-cb46726a41eb,4debb590-730e-4464-9042-901c259c6f73,2026-10-03,13:07:21.16,2026-10-03,18:07:21.16,2026-10-03T13:07:21.1640000-05:00,2026-10-03T18:07:21.1640000Z,TEX_BOB,TEX_BOB,BallCalled,Undefined,NoShift,91.44067,57.06576,140.83688,26.65741,91.6927,-75.51208,142.16823,-51.40859,273.39944,-174.0065,296.45428,-0.74072,242.28337,129.53396,"Carson, Tanner",,"Alaniz, Rylan",,"Wheatley, Luke",,"Foor, Daylen",,"Cotton, Jackson",,"Fryman, Bennett",,"Byrd, Cadyn",,TRUE,,
cec100f7-3f0f-4544-bfd2-eeb8f98155da,252,5c893fa0-bf55-11f1-87ba-cb46726a41eb,c4403606-4e38-4eae-9f83-cd26c7fc9fc0,2026-10-03,13:07:46.65,2026-10-03,18:07:46.65,2026-10-03T13:07:46.6510000-05:00,2026-10-03T18:07:46.6510000Z,TEX_BOB,TEX_BOB,BallCalled,Undefined,NoShift,90.55466,57.80054,144.24789,24.55486,91.77244,-76.25578,140.71288,-51.49288,246.6819,-126.54505,294.36578,-0.18441,241.46796,135.04804,"Carson, Tanner",,"Alaniz, Rylan",,"Wheatley, Luke",,"Foor, Daylen",,"Cotton, Jackson",,"Fryman, Bennett",,"Byrd, Cadyn",,TRUE,,
cec100f7-3f0f-4544-bfd2-eeb8f98155da,253,6919f430-bf55-11f1-87ba-cb46726a41eb,7147b94a-0555-46d7-ac5f-98c1743ec4e7,2026-10-03,13:08:07.79,2026-10-03,18:08:07.79,2026-10-03T13:08:07.7920000-05:00,2026-10-03T18:08:07.7920000Z,TEX_BOB,TEX_BOB,BallCalled,Undefined,NoShift,93.1461,57.8896,145.07776,29.73356,89.50778,-75.88275,139.92621,-52.3032,244.34052,-124.04646,310.87252,-0.97103,240.85054,131.60631,"Carson, Tanner",,"Alaniz, Rylan",,"Wheatley, Luke",,"Foor, Daylen",,"Cotton, Jackson",,"Fryman, Bennett",,"Byrd, Cadyn",,TRUE,,
cec100f7-3f0f-4544-bfd2-eeb8f98155da,254,763a8cb0-bf55-11f1-87ba-cb46726a41eb,c7119591-f516-4b18-9f46-9f47256e1117,2026-10-03,13:08:29.84,2026-10-03,18:08:29.84,2026-10-03T13:08:29.8410000-05:00,2026-10-03T18:08:29.8410000Z,TEX_BOB,TEX_BOB,StrikeCalled,Undefined,NoShift,94.50926,54.75857,143.38166,22.84851,91.80317,-75.36523,138.88945,-53.0736,242.57641,-123.57291,311.29247,-0.67214,241.01693,130.62476,"Carson, Tanner",,"Alaniz, Rylan",,"Wheatley, Luke",,"Foor, Daylen",,"Cotton, Jackson",,"Fryman, Bennett",,"Byrd, Cadyn",,TRUE,,
cec100f7-3f0f-4544-bfd2-eeb8f98155da,255,82563850-bf55-11f1-87ba-cb46726a41eb,84e31766-63c5-44c9-b1e8-afebacceefeb,2026-10-03,13:08:50.10,2026-10-03,18:08:50.10,2026-10-03T13:08:50.1010000-05:00,2026-10-03T18:08:50.1010000Z,TEX_BOB,TEX_BOB,StrikeCalled,Undefined,NoShift,94.11625,54.67057,146.8764,29.2555,92.47232,-76.16862,139.31142,-53.1064,241.36397,-124.60179,308.78296,-1.37928,242.15057,132.03611,"Carson, Tanner",,"Alaniz, Rylan",,"Wheatley, Luke",,"Foor, Daylen",,"Cotton, Jackson",,"Fryman, Bennett",,"Byrd, Cadyn",,TRUE,,
cec100f7-3f0f-4544-bfd2-eeb8f98155da,256,915ecab0-bf55-11f1-87ba-cb46726a41eb,05f445bc-d35a-4866-8b4d-ef1aec70f6f9,2026-10-03,13:09:15.35,2026-10-03,18:09:15.35,2026-10-03T13:09:15.3540000-05:00,2026-10-03T18:09:15.3540000Z,TEX_BOB,TEX_BOB,InPlay,Out,NoShift,93.22515,53.60822,142.2658,25.67006,91.87267,-75.73841,140.3373,-54.07092,239.49187,-120.84574,305.75685,-2.27852,239.95303,129.46242,"Carson, Tanner",,"Alaniz, Rylan",,"Wheatley, Luke",,"Foor, Daylen",,"Cotton, Jackson",,"Fryman, Bennett",,"Byrd, Cadyn",,TRUE,"Carson, Tanner",1B
cec100f7-3f0f-4544-bfd2-eeb8f98155da,257,14929740-bf56-11f1-87ba-cb46726a41eb,96e0d178-5a1d-48da-8f7e-1a4b9071965a,2026-10-03,13:12:55.43,2026-10-03,18:12:55.43,2026-10-03T13:12:55.4350000-05:00,2026-10-03T18:12:55.4350000Z,TEX_BOB,TEX_BOB,BallCalled,Undefined,NoShift,91.34575,60.32031,151.14298,26.28185,89.44798,-71.1338,136.2887,-56.81332,253.70203,-136.16201,291.14439,-1.47755,246.68878,132.06516,"Gillis, Jacob",,"Boles, Brady",,"Carson, Tanner",,"Alaniz, Rylan",,Walk On,,"Cotton, Jackson",,"Mitchell, Drayton",,TRUE,,
cec100f7-3f0f-4544-bfd2-eeb8f98155da,258,1e92dcf0-bf56-11f1-87ba-cb46726a41eb,14e84294-a54f-46f6-9bb8-d0dc009e372e,2026-10-03,13:13:12.27,2026-10-03,18:13:12.27,2026-10-03T13:13:12.2740000-05:00,2026-10-03T18:13:12.2740000Z,TEX_BOB,TEX_BOB,BallCalled,Undefined,NoShift,91.07522,60.83992,151.09517,25.95466,90.4476,-72.04164,135.00792,-57.76894,257.35585,-136.79694,303.16286,-3.82869,246.1574,132.05688,"Gillis, Jacob",,"Boles, Brady",,"Carson, Tanner",,"Alaniz, Rylan",,Walk On,,"Cotton, Jackson",,"Mitchell, Drayton",,TRUE,,
cec100f7-3f0f-4544-bfd2-eeb8f98155da,259,276b1d60-bf56-11f1-87ba-cb46726a41eb,a34a917c-5e9b-489c-8daf-4be18e9c1bae,2026-10-03,13:13:27.14,2026-10-03,18:13:27.14,2026-10-03T13:13:27.1450000-05:00,2026-10-03T18:13:27.1450000Z,TEX_BOB,TEX_BOB,BallCalled,Undefined,NoShift,90.55232,59.22693,150.06814,29.16996,91.01458,-71.991,136.40476,-58.40431,258.02825,-136.88919,303.92584,-3.02659,244.44765,131.81817,"Gillis, Jacob",,"Boles, Brady",,"Carson, Tanner",,"Alaniz, Rylan",,Walk On,,"Cotton, Jackson",,"Mitchell, Drayton",,TRUE,,
cec100f7-3f0f-4544-bfd2-eeb8f98155da,260,3195a760-bf56-11f1-87ba-cb46726a41eb,737142df-4a5d-429d-8af1-029ef946a27d,2026-10-03,13:13:44.17,2026-10-03,18:13:44.17,2026-10-03T13:13:44.1710000-05:00,2026-10-03T18:13:44.1710000Z,TEX_BOB,TEX_BOB,StrikeCalled,Undefined,NoShift,90.01264,58.19202,150.25542,29.15003,90.45552,-71.05203,135.32045,-58.33534,260.88613,-135.18521,298.63704,-2.29112,242.16831,129.98803,"Gillis, Jacob",,"Boles, Brady",,"Carson, Tanner",,"Alaniz, Rylan",,Walk On,,"Cotton, Jackson",,"Mitchell, Drayton",,TRUE,,
cec100f7-3f0f-4544-bfd2-eeb8f98155da,261,3aafabc0-bf56-11f1-87ba-cb46726a41eb,ca8a45ff-9156-4a08-9ef1-9b8122e4082f,2026-10-03,13:13:59.39,2026-10-03,18:13:59.39,2026-10-03T13:13:59.3960000-05:00,2026-10-03T18:13:59.3960000Z,TEX_BOB,TEX_BOB,BallCalled,Undefined,LeftInfieldShift,90.51935,58.44655,161.32664,-27.01035,90.1931,-71.32909,135.1767,-57.68278,260.52655,-134.98138,303.94297,-2.32155,240.33303,129.29212,"Gillis, Jacob",,"Boles, Brady",,"Carson, Tanner",,"Alaniz, Rylan",,Walk On,,"Cotton, Jackson",,"Mitchell, Drayton",,TRUE,,
cec100f7-3f0f-4544-bfd2-eeb8f98155da,262,50808a50-bf56-11f1-87ba-cb46726a41eb,58c2b7f0-fa71-4c66-a95f-7f42a2caefc9,2026-10-03,13:14:35.07,2026-10-03,18:14:35.07,2026-10-03T13:14:35.0790000-05:00,2026-10-03T18:14:35.0790000Z,TEX_BOB,TEX_BOB,BallCalled,Undefined,NoShift,63.83331,58.4634,135.81371,37.31333,94.35766,-50.77825,137.67434,-23.50803,265.67519,-122.69062,303.28959,-3.09795,253.03691,134.29099,"Gillis, Jacob",,"Boles, Brady",,"Carson, Tanner",,"Alaniz, Rylan",,Walk On,,"Cotton, Jackson",,"Mitchell, Drayton",,TRUE,,
cec100f7-3f0f-4544-bfd2-eeb8f98155da,263,5bccff10-bf56-11f1-87ba-cb46726a41eb,361dc3d0-bbf1-4690-a300-ca308bbf094e,2026-10-03,13:14:55.01,2026-10-03,18:14:55.01,2026-10-03T13:14:55.0150000-05:00,2026-10-03T18:14:55.0150000Z,TEX_BOB,TEX_BOB,BallCalled,Undefined,NoShift,64.12687,57.73189,136.21427,37.9656,92.62318,-49.54762,137.85873,-24.2028,264.37649,-120.99605,303.46528,-4.14296,252.0048,131.44437,"Gillis, Jacob",,"Boles, Brady",,"Carson, Tanner",,"Alaniz, Rylan",,Walk On,,"Cotton, Jackson",,"Mitchell, Drayton",,TRUE,,
cec100f7-3f0f-4544-bfd2-eeb8f98155da,264,66c51240-bf56-11f1-87ba-cb46726a41eb,27b5e0c9-ed25-4e97-b32d-7efd98dec05a,2026-10-03,13:15:13.38,2026-10-03,18:15:13.38,2026-10-03T13:15:13.3810000-05:00,2026-10-03T18:15:13.3810000Z,TEX_BOB,TEX_BOB,StrikeCalled,Undefined,NoShift,64.7651,57.28589,136.53756,37.49695,91.78025,-49.82183,137.69274,-24.95722,268.46805,-121.15091,300.99466,-3.95116,252.2626,130.66338,"Gillis, Jacob",,"Boles, Brady",,"Carson, Tanner",,"Alaniz, Rylan",,Walk On,,"Cotton, Jackson",,"Mitchell, Drayton",,TRUE,,
cec100f7-3f0f-4544-bfd2-eeb8f98155da,265,786a96a0-bf56-11f1-87ba-cb46726a41eb,b84df970-fcd6-4867-8760-9fad5c0db06e,2026-10-03,13:15:42.92,2026-10-03,18:15:42.92,2026-10-03T13:15:42.9200000-05:00,2026-10-03T18:15:42.9200000Z,TEX_BOB,TEX_BOB,BallCalled,Undefined,NoShift,88.69153,71.2056,139.67149,56.02384,88.38302,-53.46906,137.68775,-24.50794,266.21227,-116.94095,297.01701,-3.20977,248.50918,133.91282,"Gillis, Jacob",,"Boles, Brady",,"Carson, Tanner",,"Alaniz, Rylan",,Walk On,,"Cotton, Jackson",,"Mitchell, Drayton",,TRUE,,
cec100f7-3f0f-4544-bfd2-eeb8f98155da,266,838db170-bf56-11f1-87ba-cb46726a41eb,e468a47a-eb6e-44d8-b2a0-bf0362213394,2026-10-03,13:16:01.64,2026-10-03,18:16:01.64,2026-10-03T13:16:01.6470000-05:00,2026-10-03T18:16:01.6470000Z,TEX_BOB,TEX_BOB,BallCalled,Undefined,NoShift,90.53134,73.20684,139.91298,56.94761,86.13574,-53.71365,141.25679,-23.83391,267.29074,-115.95579,294.36474,-3.29764,250.62055,134.14934,"Gillis, Jacob",,"Boles, Brady",,"Carson, Tanner",,"Alaniz, Rylan",,Walk On,,"Cotton, Jackson",,"Mitchell, Drayton",,TRUE,,
cec100f7-3f0f-4544-bfd2-eeb8f98155da,267,9e05d0f0-bf56-11f1-87ba-cb46726a41eb,35eb51b1-1142-4d55-baa9-cd7bf880647f,2026-10-03,13:16:46.11,2026-10-03,18:16:46.11,2026-10-03T13:16:46.1190000-05:00,2026-10-03T18:16:46.1190000Z,TEX_BOB,TEX_BOB,InPlay,Single,NoShift,96.41451,58.2095,142.64535,26.76878,82.69133,-64.32795,137.38912,-38.9196,258.67287,-127.13223,291.66891,-1.72809,247.57141,131.0753,"Gillis, Jacob",,"Boles, Brady",,"Carson, Tanner",,"Alaniz, Rylan",,Walk On,,"Cotton, Jackson",,"Mitchell, Drayton",,TRUE,Walk On,LF
cec100f7-3f0f-4544-bfd2-eeb8f98155da,268,b7fcb280-bf56-11f1-87ba-cb46726a41eb,0f8e7871-efe4-41b4-92fc-344da48493bf,2026-10-03,13:17:29.61,2026-10-03,18:17:29.61,2026-10-03T13:17:29.6120000-05:00,2026-10-03T18:17:29.6120000Z,TEX_BOB,TEX_BOB,StrikeSwinging,Undefined,NoShift,73.40028,59.16974,132.88766,38.57289,80.42227,-45.07813,142.9223,-26.14067,254.78161,-124.74221,297.62784,6.31405,244.99279,139.62911,"Gillis, Jacob",,"Boles, Brady",,"Carson, Tanner",,"Alaniz, Rylan",,Walk On,,"Cotton, Jackson",,"Mitchell, Drayton",,TRUE,,
cec100f7-3f0f-4544-bfd2-eeb8f98155da,269,c1685950-bf56-11f1-87ba-cb46726a41eb,5da04e2f-51c3-4c0e-a82c-0ff18ae14a9c,2026-10-03,13:17:45.41,2026-10-03,18:17:45.41,2026-10-03T13:17:45.4190000-05:00,2026-10-03T18:17:45.4190000Z,TEX_BOB,TEX_BOB,FoulBallNotFieldable,Undefined,NoShift,86.52874,70.15597,133.17965,39.24202,78.98979,-48.26025,139.22614,-24.71048,253.49772,-123.91124,287.86814,-3.09425,244.63024,138.73685,"Gillis, Jacob",,"Boles, Brady",,"Carson, Tanner",,"Alaniz, Rylan",,Walk On,,"Cotton, Jackson",,"Mitchell, Drayton",,TRUE,,
cec100f7-3f0f-4544-bfd2-eeb8f98155da,270,d0f13f40-bf56-11f1-87ba-cb46726a41eb,55594e79-4a00-40cd-a365-ace81af91a36,2026-10-03,13:18:11.47,2026-10-03,18:18:11.47,2026-10-03T13:18:11.4770000-05:00,2026-10-03T18:18:11.4770000Z,TEX_BOB,TEX_BOB,StrikeCalled,Undefined,NoShift,88.34672,71.35692,134.7146,41.1318,75.90949,-48.35304,143.93547,-23.08778,243.85155,-128.09964,292.88896,-3.12876,244.64759,136.29724,"Gillis, Jacob",,"Boles, Brady",,"Carson, Tanner",,"Alaniz, Rylan",,Walk On,,"Cotton, Jackson",,"Mitchell, Drayton",,TRUE,,
cec100f7-3f0f-4544-bfd2-eeb8f98155da,271,e61e63c0-bf56-11f1-87ba-cb46726a41eb,e70963f5-5acf-484b-8338-cf2897dbdf4e,2026-10-03,13:18:47.00,2026-10-03,18:18:47.00,2026-10-03T13:18:47.0020000-05:00,2026-10-03T18:18:47.0020000Z,TEX_BOB,TEX_BOB,BallCalled,Undefined,NoShift,82.79477,42.83869,139.23441,28.93809,76.16704,-56.87541,138.76358,-32.94317,245.83385,-129.8255,294.5652,-3.47896,248.7116,127.99546,"Gillis, Jacob",,"Boles, Brady",,"Carson, Tanner",,"Alaniz, Rylan",,Walk On,,"Cotton, Jackson",,"Mitchell, Drayton",,TRUE,,
cec100f7-3f0f-4544-bfd2-eeb8f98155da,272,f6fbb620-bf56-11f1-87ba-cb46726a41eb,3cb33999-7238-4c57-ac38-c03e9db86325,2026-10-03,13:19:15.35,2026-10-03,18:19:15.35,2026-10-03T13:19:15.3530000-05:00,2026-10-03T18:19:15.3530000Z,TEX_BOB,TEX_BOB,FoulBallNotFieldable,Undefined,NoShift,81.68684,43.9803,139.20717,26.19321,80.67085,-59.71851,137.51215,-34.23828,241.31291,-127.86855,289.80399,-3.33279,245.61137,126.988,"Gillis, Jacob",,"Boles, Brady",,"Carson, Tanner",,"Alaniz, Rylan",,Walk On,,"Cotton, Jackson",,"Mitchell, Drayton",,TRUE,,
cec100f7-3f0f-4544-bfd2-eeb8f98155da,273,04a66630-bf57-11f1-87ba-cb46726a41eb,1bb86c49-d8f6-4f0e-acb0-354fd0fc9fa5,2026-10-03,13:19:38.19,2026-10-03,18:19:38.19,2026-10-03T13:19:38.1960000-05:00,2026-10-03T18:19:38.1960000Z,TEX_BOB,TEX_BOB,BallCalled,Undefined,NoShift,81.07707,45.5871,137.0927,28.60675,80.81548,-60.11025,136.80284,-34.07427,244.68034,-124.55814,293.77762,-1.99395,236.887,127.64758,"Gillis, Jacob",,"Boles, Brady",,"Carson, Tanner",,"Alaniz, Rylan",,Walk On,,"Cotton, Jackson",,"Mitchell, Drayton",,TRUE,,
cec100f7-3f0f-4544-bfd2-eeb8f98155da,274,0fbb5030-bf57-11f1-87ba-cb46726a41eb,44d60266-be94-4aa5-baa6-9cd62ef4c873,2026-10-03,13:19:56.86,2026-10-03,18:19:56.86,2026-10-03T13:19:56.8640000-05:00,2026-10-03T18:19:56.8640000Z,TEX_BOB,TEX_BOB,StrikeSwinging,Undefined,NoShift,80.4977,45.95928,137.68948,28.57486,81.96348,-60.65746,137.38014,-32.33363,245.35208,-122.54316,294.29351,-1.87952,241.98395,126.43023,"Gillis, Jacob",,"Boles, Brady",,"Carson, Tanner",,"Alaniz, Rylan",,Walk On,,"Cotton, Jackson",,"Mitchell, Drayton",,TRUE,,
cec100f7-3f0f-4544-bfd2-eeb8f98155da,275,1ca03f40-bf57-11f1-87ba-cb46726a41eb,916b1d72-642a-4fd9-9566-e10412f98e68,2026-10-03,13:20:18.44,2026-10-03,18:20:18.44,2026-10-03T13:20:18.4430000-05:00,2026-10-03T18:20:18.4430000Z,TEX_BOB,TEX_BOB,InPlay,Out,NoShift,80.66302,45.42995,138.64537,27.79467,82.1232,-62.05038,136.88636,-32.86069,250.11901,-128.56452,291.2068,-1.70746,240.48819,123.7104,"Gillis, Jacob",,"Boles, Brady",,"Carson, Tanner",,"Alaniz, Rylan",,Walk On,,"Cotton, Jackson",,"Mitchell, Drayton",,TRUE,"Carson, Tanner",3B
cec100f7-3f0f-4544-bfd2-eeb8f98155da,276,36a8ad00-bf57-11f1-87ba-cb46726a41eb,dc99920f-0a34-44b2-83c2-7894f49b1f86,2026-10-03,13:21:02.18,2026-10-03,18:21:02.18,2026-10-03T13:21:02.1810000-05:00,2026-10-03T18:21:02.1810000Z,TEX_BOB,TEX_BOB,FoulBallNotFieldable,Undefined,NoShift,90.14902,54.9208,148.73582,34.34444,85.67634,-65.72739,136.74535,-55.40746,256.57122,-132.0166,290.91356,-2.33097,237.35856,124.85789,"Gillis, Jacob",,"Boles, Brady",,"Carson, Tanner",,"Alaniz, Rylan",,Walk On,,"Cotton, Jackson",,"Mitchell, Drayton",,TRUE,,
cec100f7-3f0f-4544-bfd2-eeb8f98155da,277,567d7ac0-bf57-11f1-87ba-cb46726a41eb,c30cea4f-047d-42cb-ab45-03e3ee3d0025,2026-10-03,13:21:55.56,2026-10-03,18:21:55.56,2026-10-03T13:21:55.5660000-05:00,2026-10-03T18:21:55.5660000Z,TEX_BOB,TEX_BOB,BallCalled,Undefined,NoShift,91.75632,56.82323,148.51384,35.7703,92.14729,-71.23027,160.31187,-23.18555,255.9699,-134.73615,292.97971,-1.87566,240.2676,124.92339,"Gillis, Jacob",,"Boles, Brady",,"Carson, Tanner",,"Alaniz, Rylan",,Walk On,,"Cotton, Jackson",,"Mitchell, Drayton",,TRUE,,
cec100f7-3f0f-4544-bfd2-eeb8f98155da,278,64c1abb0-bf57-11f1-87ba-cb46726a41eb,94bef3be-db5d-42ba-9838-53213a13b6f7,2026-10-03,13:22:19.54,2026-10-03,18:22:19.54,2026-10-03T13:22:19.5420000-05:00,2026-10-03T18:22:19.5420000Z,TEX_BOB,TEX_BOB,BallCalled,Undefined,NoShift,92.75274,58.00882,148.75265,36.86673,90.66331,-71.77628,161.34948,-23.53773,259.46785,-131.74099,292.90605,-1.76199,239.7433,126.39736,"Gillis, Jacob",,"Boles, Brady",,"Carson, Tanner",,"Alaniz, Rylan",,Walk On,,"Cotton, Jackson",,"Mitchell, Drayton",,TRUE,,
cec100f7-3f0f-4544-bfd2-eeb8f98155da,279,760adf40-bf57-11f1-87ba-cb46726a41eb,3f6a0d7f-11a6-4e33-bc3c-4bbc3c5a1918,2026-10-03,13:22:48.51,2026-10-03,18:22:48.51,2026-10-03T13:22:48.5100000-05:00,2026-10-03T18:22:48.5100000Z,TEX_BOB,TEX_BOB,InPlay,Out,NoShift,90.93346,56.77364,148.18696,35.31292,90.89502,-72.31278,154.33228,-43.88475,262.14449,-133.36188,293.27384,-2.99531,240.72764,127.93377,"Gillis, Jacob",,"Boles, Brady",,"Carson, Tanner",,"Alaniz, Rylan",,Walk On,,"Cotton, Jackson",,"Mitchell, Drayton",,TRUE,"Alaniz, Rylan",SS
cec100f7-3f0f-4544-bfd2-eeb8f98155da,280,ed5a63e0-bf57-11f1-87ba-cb46726a41eb,a528e7bc-fdec-4cbb-9cc1-b78931aa9bff,2026-10-03,13:26:08.66,2026-10-03,18:26:08.66,2026-10-03T13:26:08.6650000-05:00,2026-10-03T18:26:08.6650000Z,TEX_BOB,TEX_BOB,FoulBallNotFieldable,Undefined,NoShift,92.6555,59.22199,150.14525,32.59164,90.07085,-67.59697,140.03338,-50.70299,246.17842,-131.78463,303.05597,-8.84731,237.11694,126.05549,"Gillis, Jacob",,"Wheatley, Luke",,"Foor, Daylen",,"Boles, Brady",,"Mitchell, Drayton",,"Byrd, Cadyn",,"Fryman, Bennett",,TRUE,,
cec100f7-3f0f-4544-bfd2-eeb8f98155da,281,fcdbcfc0-bf57-11f1-87ba-cb46726a41eb,bb0060b7-767b-41c1-8abc-e9e945e85bee,2026-10-03,13:26:34.67,2026-10-03,18:26:34.67,2026-10-03T13:26:34.6780000-05:00,2026-10-03T18:26:34.6780000Z,TEX_BOB,TEX_BOB,BallCalled,Undefined,NoShift,95.06597,59.59443,150.53232,32.20461,90.98903,-69.62892,140.35193,-50.87437,244.54208,-131.02427,295.53693,-7.02529,234.57942,121.6427,"Gillis, Jacob",,"Wheatley, Luke",,"Foor, Daylen",,"Boles, Brady",,"Mitchell, Drayton",,"Byrd, Cadyn",,"Fryman, Bennett",,TRUE,,
cec100f7-3f0f-4544-bfd2-eeb8f98155da,282,0a6e3ce0-bf58-11f1-87ba-cb46726a41eb,a98d814c-4f63-4b99-a9a2-f0924805efaf,2026-10-03,13:26:57.43,2026-10-03,18:26:57.43,2026-10-03T13:26:57.4380000-05:00,2026-10-03T18:26:57.4380000Z,TEX_BOB,TEX_BOB,BallCalled,Undefined,NoShift,95.08913,61.28673,150.17987,32.21247,90.81761,-69.86098,140.01968,-51.10124,243.55774,-130.27189,297.01975,-6.57777,234.46195,122.04593,"Gillis, Jacob",,"Wheatley, Luke",,"Foor, Daylen",,"Boles, Brady",,"Mitchell, Drayton",,"Byrd, Cadyn",,"Fryman, Bennett",,TRUE,,
cec100f7-3f0f-4544-bfd2-eeb8f98155da,283,17f84590-bf58-11f1-87ba-cb46726a41eb,5905cf4a-ad2d-476b-830b-c1d15b9d725b,2026-10-03,13:27:20.21,2026-10-03,18:27:20.21,2026-10-03T13:27:20.2110000-05:00,2026-10-03T18:27:20.2110000Z,TEX_BOB,TEX_BOB,FoulBallNotFieldable,Undefined,NoShift,93.31571,60.36651,149.86608,32.61026,91.31863,-72.03162,139.81416,-50.89045,244.95822,-130.62443,301.61668,-4.8346,236.93514,125.92702,"Gillis, Jacob",,"Wheatley, Luke",,"Foor, Daylen",,"Boles, Brady",,"Mitchell, Drayton",,"Byrd, Cadyn",,"Fryman, Bennett",,TRUE,,
cec100f7-3f0f-4544-bfd2-eeb8f98155da,284,31f67a20-bf58-11f1-87ba-cb46726a41eb,0f084407-cacd-4930-ac30-7deabfcfca38,2026-10-03,13:28:03.76,2026-10-03,18:28:03.76,2026-10-03T13:28:03.7680000-05:00,2026-10-03T18:28:03.7680000Z,TEX_BOB,TEX_BOB,InPlay,Out,NoShift,96.70847,60.91007,148.89938,34.31069,92.01871,-70.29211,139.80693,-49.74811,246.76987,-130.43123,291.41342,-6.23697,238.09519,126.3587,"Gillis, Jacob",,"Wheatley, Luke",,"Foor, Daylen",,"Boles, Brady",,"Mitchell, Drayton",,"Byrd, Cadyn",,"Fryman, Bennett",,TRUE,"Foor, Daylen",3B
cec100f7-3f0f-4544-bfd2-eeb8f98155da,285,4b75e1c0-bf58-11f1-87ba-cb46726a41eb,3aa4d8fb-1b30-4bb5-9e86-dbd6a9b36040,2026-10-03,13:28:46.54,2026-10-03,18:28:46.54,2026-10-03T13:28:46.5400000-05:00,2026-10-03T18:28:46.5400000Z,TEX_BOB,TEX_BOB,StrikeSwinging,Undefined,NoShift,91.87545,76.35867,143.52076,63.16308,106.90395,-61.74305,151.12274,-28.51016,239.94584,-129.98718,300.77823,-8.03467,261.29555,133.44247,"Gillis, Jacob",,"Wheatley, Luke",,"Foor, Daylen",,"Boles, Brady",,"Mitchell, Drayton",,"Byrd, Cadyn",,"Fryman, Bennett",,TRUE,,
cec100f7-3f0f-4544-bfd2-eeb8f98155da,286,5ab1e030-bf58-11f1-87ba-cb46726a41eb,3d1db273-2670-4871-bb6f-a754d7427a99,2026-10-03,13:29:12.11,2026-10-03,18:29:12.11,2026-10-03T13:29:12.1120000-05:00,2026-10-03T18:29:12.1120000Z,TEX_BOB,TEX_BOB,BallCalled,Undefined,RightInfieldShift,91.98152,74.62678,144.28729,64.21041,107.44736,-62.29129,158.13966,26.87507,305.89475,-138.70948,303.98825,-12.31154,260.61869,132.93917,"Gillis, Jacob",,"Wheatley, Luke",,"Foor, Daylen",,"Boles, Brady",,"Mitchell, Drayton",,"Byrd, Cadyn",,"Fryman, Bennett",,TRUE,,
cec100f7-3f0f-4544-bfd2-eeb8f98155da,287,6a256960-bf58-11f1-87ba-cb46726a41eb,62628077-2d82-4713-980c-79c997f3f68a,2026-10-03,13:29:38.05,2026-10-03,18:29:38.05,2026-10-03T13:29:38.0550000-05:00,2026-10-03T18:29:38.0550000Z,TEX_BOB,TEX_BOB,StrikeCalled,Undefined,RightInfieldShift,91.69693,73.61962,144.12491,64.96352,111.93579,-62.74957,159.54553,26.45298,282.76949,-156.83114,303.33317,-12.98349,260.73392,131.45049,"Gillis, Jacob",,"Wheatley, Luke",,"Foor, Daylen",,"Boles, Brady",,"Mitchell, Drayton",,"Byrd, Cadyn",,"Fryman, Bennett",,TRUE,,
cec100f7-3f0f-4544-bfd2-eeb8f98155da,288,792b8ac0-bf58-11f1-87ba-cb46726a41eb,309443da-8b8c-4b36-8c49-927adf094cf7,2026-10-03,13:30:03.17,2026-10-03,18:30:03.17,2026-10-03T13:30:03.1780000-05:00,2026-10-03T18:30:03.1780000Z,TEX_BOB,TEX_BOB,BallCalled,Undefined,RightInfieldShift,92.71369,74.63578,145.43248,65.44423,111.00492,-65.92951,159.28393,25.82778,238.99468,-125.03617,307.37207,-13.92869,260.40887,134.07857,"Gillis, Jacob",,"Wheatley, Luke",,"Foor, Daylen",,"Boles, Brady",,"Mitchell, Drayton",,"Byrd, Cadyn",,"Fryman, Bennett",,TRUE,,
cec100f7-3f0f-4544-bfd2-eeb8f98155da,289,89061320-bf58-11f1-87ba-cb46726a41eb,cbdf057b-063b-4e06-a170-e5ce55113042,2026-10-03,13:30:29.85,2026-10-03,18:30:29.85,2026-10-03T13:30:29.8510000-05:00,2026-10-03T18:30:29.8510000Z,TEX_BOB,TEX_BOB,BallCalled,Undefined,RightInfieldShift,92.95433,75.45547,145.15339,65.31387,109.92574,-64.29932,158.21541,25.43714,278.06152,-166.37665,308.93573,-12.1044,260.56541,133.97504,"Gillis, Jacob",,"Wheatley, Luke",,"Foor, Daylen",,"Boles, Brady",,"Mitchell, Drayton",,"Byrd, Cadyn",,"Fryman, Bennett",,TRUE,,
cec100f7-3f0f-4544-bfd2-eeb8f98155da,290,97ed3ad0-bf58-11f1-87ba-cb46726a41eb,a2a7ae20-0b79-4e50-a982-182198f6ad77,2026-10-03,13:30:54.89,2026-10-03,18:30:54.89,2026-10-03T13:30:54.8920000-05:00,2026-10-03T18:30:54.8920000Z,TEX_BOB,TEX_BOB,InPlay,Out,RightInfieldShift,91.99771,74.25074,145.71758,64.99562,109.88216,-65.3168,158.43066,25.01089,281.64511,-163.00861,307.38506,-11.37293,257.32137,131.73092,"Gillis, Jacob",,"Wheatley, Luke",,"Foor, Daylen",,"Boles, Brady",,"Mitchell, Drayton",,"Byrd, Cadyn",,"Fryman, Bennett",,TRUE,"Wheatley, Luke",2B
cec100f7-3f0f-4544-bfd2-eeb8f98155da,291,b0558d20-bf58-11f1-87ba-cb46726a41eb,12765235-3892-43c6-a252-f1b85f72dfcb,2026-10-03,13:31:35.75,2026-10-03,18:31:35.75,2026-10-03T13:31:35.7530000-05:00,2026-10-03T18:31:35.7530000Z,TEX_BOB,TEX_BOB,BallCalled,Undefined,NoShift,91.10485,61.13646,151.38659,30.15126,95.21259,-74.71047,140.10293,-49.84644,279.03238,-165.93631,311.41401,-10.0031,244.15178,126.6932,"Gillis, Jacob",,"Wheatley, Luke",,"Foor, Daylen",,"Boles, Brady",,"Mitchell, Drayton",,"Byrd, Cadyn",,"Fryman, Bennett",,TRUE,,
cec100f7-3f0f-4544-bfd2-eeb8f98155da,292,bf28b7a0-bf58-11f1-87ba-cb46726a41eb,82a85ea2-31f7-45e8-a92e-60d47b4a01a4,2026-10-03,13:32:00.66,2026-10-03,18:32:00.66,2026-10-03T13:32:00.6660000-05:00,2026-10-03T18:32:00.6660000Z,TEX_BOB,TEX_BOB,BallCalled,Undefined,NoShift,91.87666,62.48561,152.29594,30.54758,95.01586,-74.9783,140.30332,-50.1957,275.46682,-167.24865,304.2478,-7.92327,241.14612,124.73133,"Gillis, Jacob",,"Wheatley, Luke",,"Foor, Daylen",,"Boles, Brady",,"Mitchell, Drayton",,"Byrd, Cadyn",,"Fryman, Bennett",,TRUE,,
cec100f7-3f0f-4544-bfd2-eeb8f98155da,293,cefb9ee0-bf58-11f1-87ba-cb46726a41eb,3f4ac8cf-fb95-4d43-bd1c-8f17699bb85a,2026-10-03,13:32:27.22,2026-10-03,18:32:27.22,2026-10-03T13:32:27.2260000-05:00,2026-10-03T18:32:27.2260000Z,TEX_BOB,TEX_BOB,BallCalled,Undefined,NoShift,90.35536,60.80592,151.92837,32.05075,93.47205,-73.09062,141.19673,-50.61864,275.17012,-168.34981,303.80842,-5.80657,238.0506,123.77721,"Gillis, Jacob",,"Wheatley, Luke",,"Foor, Daylen",,"Boles, Brady",,"Mitchell, Drayton",,"Byrd, Cadyn",,"Fryman, Bennett",,TRUE,,
cec100f7-3f0f-4544-bfd2-eeb8f98155da,294,df065f00-bf58-11f1-87ba-cb46726a41eb,190d4781-bfe9-470d-b99a-19149ab7ab8c,2026-10-03,13:32:54.17,2026-10-03,18:32:54.17,2026-10-03T13:32:54.1720000-05:00,2026-10-03T18:32:54.1720000Z,TEX_BOB,TEX_BOB,BallCalled,Undefined,NoShift,88.79851,59.49277,151.53007,32.16845,96.5773,-74.88627,140.2928,-50.18389,275.43232,-167.40597,312.88843,-7.42655,238.95599,126.1248,"Gillis, Jacob",,"Wheatley, Luke",,"Foor, Daylen",,"Boles, Brady",,"Mitchell, Drayton",,"Byrd, Cadyn",,"Fryman, Bennett",,TRUE,,
cec100f7-3f0f-4544-bfd2-eeb8f98155da,295,f59a6680-bf58-11f1-87ba-cb46726a41eb,344ee269-1d31-4efa-ac8e-d5b086a78ea4,2026-10-03,13:33:32.02,2026-10-03,18:33:32.02,2026-10-03T13:33:32.0260000-05:00,2026-10-03T18:33:32.0260000Z,TEX_BOB,TEX_BOB,BallCalled,Undefined,NoShift,64.09164,58.24531,142.21459,25.30993,91.87726,-72.96186,139.80735,-49.06853,248.60793,-130.15238,310.66242,-9.58728,254.36478,131.88655,"Gillis, Jacob",,"Wheatley, Luke",,"Foor, Daylen",,"Boles, Brady",,"Mitchell, Drayton",,"Byrd, Cadyn",,"Fryman, Bennett",,TRUE,,
cec100f7-3f0f-4544-bfd2-eeb8f98155da,296,0532b5c0-bf59-11f1-87ba-cb46726a41eb,ad97a41c-f315-4a1e-b460-bed9efaa4f12,2026-10-03,13:33:58.18,2026-10-03,18:33:58.18,2026-10-03T13:33:58.1820000-05:00,2026-10-03T18:33:58.1820000Z,TEX_BOB,TEX_BOB,StrikeCalled,Undefined,NoShift,64.51875,58.21898,144.10596,22.22982,91.68372,-71.93005,140.38383,-48.28631,273.53811,-168.48153,309.92344,-9.81098,251.80486,130.59126,"Gillis, Jacob",,"Wheatley, Luke",,"Foor, Daylen",,"Boles, Brady",,"Mitchell, Drayton",,"Byrd, Cadyn",,"Fryman, Bennett",,TRUE,,
cec100f7-3f0f-4544-bfd2-eeb8f98155da,297,133019b0-bf59-11f1-87ba-cb46726a41eb,514f6157-515c-4eee-a02f-d517a4be9ff7,2026-10-03,13:34:21.61,2026-10-03,18:34:21.61,2026-10-03T13:34:21.6130000-05:00,2026-10-03T18:34:21.6130000Z,TEX_BOB,TEX_BOB,FoulBallNotFieldable,Undefined,NoShift,64.84673,57.86595,143.20326,21.12352,88.86426,-70.29143,140.61193,-48.5491,277.32952,-166.82398,304.53056,-10.51989,251.19554,131.25219,"Gillis, Jacob",,"Wheatley, Luke",,"Foor, Daylen",,"Boles, Brady",,"Mitchell, Drayton",,"Byrd, Cadyn",,"Fryman, Bennett",,TRUE,,
cec100f7-3f0f-4544-bfd2-eeb8f98155da,298,2616a990-bf59-11f1-87ba-cb46726a41eb,b06f70b2-94ec-4717-9d1a-be62b65e68b3,2026-10-03,13:34:53.38,2026-10-03,18:34:53.38,2026-10-03T13:34:53.3850000-05:00,2026-10-03T18:34:53.3850000Z,TEX_BOB,TEX_BOB,FoulBallNotFieldable,Undefined,NoShift,64.65095,57.35413,143.6967,20.80962,94.2677,-74.30746,141.98821,-49.17411,248.58992,-134.94207,304.13742,-9.03879,250.5673,131.18228,"Gillis, Jacob",,"Wheatley, Luke",,"Foor, Daylen",,"Boles, Brady",,"Mitchell, Drayton",,"Byrd, Cadyn",,"Fryman, Bennett",,TRUE,,
cec100f7-3f0f-4544-bfd2-eeb8f98155da,299,38f59850-bf59-11f1-87ba-cb46726a41eb,a09fe268-53a8-4113-bd3c-dca21cadf8d0,2026-10-03,13:35:25.02,2026-10-03,18:35:25.02,2026-10-03T13:35:25.0280000-05:00,2026-10-03T18:35:25.0280000Z,TEX_BOB,TEX_BOB,BallCalled,Undefined,NoShift,64.59668,57.80759,147.47166,22.42789,94.92272,-72.81348,140.86451,-50.08116,248.25276,-132.98339,304.5425,-10.56861,251.06829,136.17982,"Gillis, Jacob",,"Wheatley, Luke",,"Foor, Daylen",,"Boles, Brady",,"Mitchell, Drayton",,"Byrd, Cadyn",,"Fryman, Bennett",,TRUE,,
cec100f7-3f0f-4544-bfd2-eeb8f98155da,300,49bf89c0-bf59-11f1-87ba-cb46726a41eb,8863742a-872a-4873-aea1-b60ea921177f,2026-10-03,13:35:53.17,2026-10-03,18:35:53.17,2026-10-03T13:35:53.1780000-05:00,2026-10-03T18:35:53.1780000Z,TEX_BOB,TEX_BOB,FoulBallNotFieldable,Undefined,NoShift,65.14012,57.72022,146.78013,21.50692,94.33013,-72.4809,141.4395,-50.17818,245.83987,-131.448,302.63993,-8.68962,251.2263,133.76318,"Gillis, Jacob",,"Wheatley, Luke",,"Foor, Daylen",,"Boles, Brady",,"Mitchell, Drayton",,"Byrd, Cadyn",,"Fryman, Bennett",,TRUE,,
cec100f7-3f0f-4544-bfd2-eeb8f98155da,301,59ef8520-bf59-11f1-87ba-cb46726a41eb,55feac3b-fd0e-434f-9be1-d26bb7a260eb,2026-10-03,13:36:20.31,2026-10-03,18:36:20.31,2026-10-03T13:36:20.3160000-05:00,2026-10-03T18:36:20.3160000Z,TEX_BOB,TEX_BOB,FoulBallNotFieldable,Undefined,NoShift,64.57459,57.93062,150.92246,21.14287,94.38916,-72.42913,140.79128,-50.07845,242.56592,-128.20702,302.48285,-9.11358,252.60856,129.74648,"Gillis, Jacob",,"Wheatley, Luke",,"Foor, Daylen",,"Boles, Brady",,"Mitchell, Drayton",,"Byrd, Cadyn",,"Fryman, Bennett",,TRUE,,
cec100f7-3f0f-4544-bfd2-eeb8f98155da,302,6d38a760-bf59-11f1-87ba-cb46726a41eb,7117b4cf-4ca3-42b7-b014-447fc2931d78,2026-10-03,13:36:52.63,2026-10-03,18:36:52.63,2026-10-03T13:36:52.6300000-05:00,2026-10-03T18:36:52.6300000Z,TEX_BOB,TEX_BOB,BallCalled,Undefined,NoShift,63.89537,58.55345,150.50115,23.43227,94.57242,-72.65349,140.91935,-51.17013,244.12172,-128.89454,304.27675,-10.70322,251.47795,132.82252,"Gillis, Jacob",,"Wheatley, Luke",,"Foor, Daylen",,"Boles, Brady",,"Mitchell, Drayton",,"Byrd, Cadyn",,"Fryman, Bennett",,TRUE,,
cec100f7-3f0f-4544-bfd2-eeb8f98155da,303,7c0c9530-bf59-11f1-87ba-cb46726a41eb,21bd2e22-2288-4c33-9abc-216884671ae1,2026-10-03,13:37:17.58,2026-10-03,18:37:17.58,2026-10-03T13:37:17.5860000-05:00,2026-10-03T18:37:17.5860000Z,TEX_BOB,TEX_BOB,BallCalled,Undefined,NoShift,101.79102,90.84533,152.23812,25.22701,91.26398,-71.68102,140.48598,-50.96153,248.77673,-128.63988,303.48282,-11.00096,245.2357,130.19479,"Gillis, Jacob",,"Wheatley, Luke",,"Foor, Daylen",,"Boles, Brady",,"Mitchell, Drayton",,"Byrd, Cadyn",,"Fryman, Bennett",,TRUE,,
cec100f7-3f0f-4544-bfd2-eeb8f98155da,304,9462bf10-bf59-11f1-87ba-cb46726a41eb,4336b397-5db0-4375-8129-9452b8bfd59c,2026-10-03,13:37:58.36,2026-10-03,18:37:58.36,2026-10-03T13:37:58.3690000-05:00,2026-10-03T18:37:58.3690000Z,TEX_BOB,TEX_BOB,BallCalled,Undefined,NoShift,94.1808,58.0882,150.81792,23.874,89.00333,-65.36515,139.32453,-49.17785,238.21947,-126.36349,295.28743,-10.61637,233.0547,125.40597,"Gillis, Jacob",,"Wheatley, Luke",,"Foor, Daylen",,"Boles, Brady",,"Mitchell, Drayton",,"Byrd, Cadyn",,"Fryman, Bennett",,TRUE,,
cec100f7-3f0f-4544-bfd2-eeb8f98155da,305,a308e620-bf59-11f1-87ba-cb46726a41eb,2d5c5cdc-a252-4414-932f-712f4f4f6b29,2026-10-03,13:38:22.95,2026-10-03,18:38:22.95,2026-10-03T13:38:22.9540000-05:00,2026-10-03T18:38:22.9540000Z,TEX_BOB,TEX_BOB,BallCalled,Undefined,NoShift,94.72753,58.25182,150.02008,22.36493,88.92431,-70.41108,140.53995,-50.09124,241.19893,-126.49106,299.30965,-10.72118,230.15092,125.29929,"Gillis, Jacob",,"Wheatley, Luke",,"Foor, Daylen",,"Boles, Brady",,"Mitchell, Drayton",,"Byrd, Cadyn",,"Fryman, Bennett",,TRUE,,
cec100f7-3f0f-4544-bfd2-eeb8f98155da,306,b35a2520-bf59-11f1-87ba-cb46726a41eb,534508f7-c5d1-42ab-a9ce-5196dd6b1076,2026-10-03,13:38:50.33,2026-10-03,18:38:50.33,2026-10-03T13:38:50.3350000-05:00,2026-10-03T18:38:50.3350000Z,TEX_BOB,TEX_BOB,BallCalled,Undefined,NoShift,95.66802,58.10257,147.89096,17.73198,90.14051,-70.7072,141.65912,-49.88447,240.2818,-125.2906,299.25243,-12.30886,230.94332,126.45692,"Gillis, Jacob",,"Wheatley, Luke",,"Foor, Daylen",,"Boles, Brady",,"Mitchell, Drayton",,"Byrd, Cadyn",,"Fryman, Bennett",,TRUE,,
cec100f7-3f0f-4544-bfd2-eeb8f98155da,307,c2493c10-bf59-11f1-87ba-cb46726a41eb,b08057d7-bece-4f01-b486-a588034d9f47,2026-10-03,13:39:15.43,2026-10-03,18:39:15.43,2026-10-03T13:39:15.4320000-05:00,2026-10-03T18:39:15.4320000Z,TEX_BOB,TEX_BOB,StrikeCalled,Undefined,NoShift,96.89939,59.83101,151.08812,21.37118,90.03927,-70.05704,142.2259,-49.42476,239.81613,-124.54429,300.20338,-11.37627,233.55161,126.84328,"Gillis, Jacob",,"Wheatley, Luke",,"Foor, Daylen",,"Boles, Brady",,"Mitchell, Drayton",,"Byrd, Cadyn",,"Fryman, Bennett",,TRUE,,
cec100f7-3f0f-4544-bfd2-eeb8f98155da,308,cf51dfc0-bf59-11f1-87ba-cb46726a41eb,f903faf8-357c-4244-9624-c2a6c446da78,2026-10-03,13:39:37.32,2026-10-03,18:39:37.32,2026-10-03T13:39:37.3200000-05:00,2026-10-03T18:39:37.3200000Z,TEX_BOB,TEX_BOB,BallCalled,Undefined,NoShift,96.65342,61.40627,147.14096,16.68997,90.67656,-71.63676,141.22576,-49.39241,240.61875,-125.35925,303.27079,-11.63785,236.08394,127.40127,"Gillis, Jacob",,"Wheatley, Luke",,"Foor, Daylen",,"Boles, Brady",,"Mitchell, Drayton",,"Byrd, Cadyn",,"Fryman, Bennett",,TRUE,,
cec100f7-3f0f-4544-bfd2-eeb8f98155da,309,42e8c930-bf5a-11f1-87ba-cb46726a41eb,dc5ff2d9-3577-4fd2-b9b1-577c18bd606d,2026-10-03,13:42:51.19,2026-10-03,18:42:51.19,2026-10-03T13:42:51.1980000-05:00,2026-10-03T18:42:51.1980000Z,TEX_BOB,TEX_BOB,FoulBallNotFieldable,Undefined,NoShift,92.92846,82.32057,141.89795,58.21977,90.33023,-64.22033,150.35673,-32.95687,225.88966,-124.33108,288.47783,-13.72918,255.59021,108.70978,Walk On,,"Alaniz, Rylan",,"Wheatley, Luke",,"Foor, Daylen",,"Cotton, Jackson",,"Fryman, Bennett",,"Byrd, Cadyn",,TRUE,,
cec100f7-3f0f-4544-bfd2-eeb8f98155da,310,51da5120-bf5a-11f1-87ba-cb46726a41eb,b37fbd53-2585-4e8c-ac9a-a78d01cb0e8d,2026-10-03,13:43:16.25,2026-10-03,18:43:16.25,2026-10-03T13:43:16.2550000-05:00,2026-10-03T18:43:16.2550000Z,TEX_BOB,TEX_BOB,InPlay,Out,NoShift,92.41816,83.26668,140.82336,55.2692,92.08716,-71.04402,149.4689,-34.00768,222.51668,-128.52988,286.55835,-16.03556,252.85688,106.19187,Walk On,,"Alaniz, Rylan",,"Wheatley, Luke",,"Foor, Daylen",,"Cotton, Jackson",,"Fryman, Bennett",,"Byrd, Cadyn",,TRUE,Walk On,1B
cec100f7-3f0f-4544-bfd2-eeb8f98155da,311,6917df10-bf5a-11f1-87ba-cb46726a41eb,ef4dacfc-e61d-4440-8f4e-e9af276dad29,2026-10-03,13:43:55.25,2026-10-03,18:43:55.25,2026-10-03T13:43:55.2520000-05:00,2026-10-03T18:43:55.2520000Z,TEX_BOB,TEX_BOB,InPlay,Out,NoShift,95.97117,72.82214,148.47925,38.51318,93.21226,-75.36381,139.3994,-52.40739,241.13985,-126.57967,307.99234,-2.98123,256.88956,115.71425,Walk On,,"Alaniz, Rylan",,"Wheatley, Luke",,"Foor, Daylen",,"Cotton, Jackson",,"Fryman, Bennett",,"Byrd, Cadyn",,TRUE,"Fryman, Bennett",CF
cec100f7-3f0f-4544-bfd2-eeb8f98155da,312,7d32a930-bf5a-11f1-87ba-cb46726a41eb,9402ccba-3ebd-42b1-85b4-276f7c32e71e,2026-10-03,13:44:29.01,2026-10-03,18:44:29.01,2026-10-03T13:44:29.0170000-05:00,2026-10-03T18:44:29.0170000Z,TEX_BOB,TEX_BOB,StrikeSwinging,Undefined,NoShift,96.91169,71.97012,149.57928,35.75786,93.47612,-76.32366,141.39233,-49.30561,234.78363,-119.526,288.75559,-1.8368,226.96145,124.6794,Walk On,,"Alaniz, Rylan",,"Wheatley, Luke",,"Foor, Daylen",,"Cotton, Jackson",,"Fryman, Bennett",,"Byrd, Cadyn",,TRUE,,
cec100f7-3f0f-4544-bfd2-eeb8f98155da,313,858abd20-bf5a-11f1-87ba-cb46726a41eb,e9fa2b44-f8f4-45d4-a2a5-b3ee7d29609d,2026-10-03,13:44:43.00,2026-10-03,18:44:43.00,2026-10-03T13:44:43.0000000-05:00,2026-10-03T18:44:43.0000000Z,TEX_BOB,TEX_BOB,BallCalled,Undefined,NoShift,95.98412,71.39703,152.76323,50.81572,93.43725,-75.16953,140.46481,-49.2562,232.14944,-122.11022,284.5827,-0.51015,230.50956,128.80038,Walk On,,"Alaniz, Rylan",,"Wheatley, Luke",,"Foor, Daylen",,"Cotton, Jackson",,"Fryman, Bennett",,"Byrd, Cadyn",,TRUE,,
cec100f7-3f0f-4544-bfd2-eeb8f98155da,314,942d61c0-bf5a-11f1-87ba-cb46726a41eb,7722873c-8b2a-4ddf-870d-ac3a3b06fcbe,2026-10-03,13:45:07.50,2026-10-03,18:45:07.50,2026-10-03T13:45:07.5000000-05:00,2026-10-03T18:45:07.5000000Z,TEX_BOB,TEX_BOB,BallCalled,Undefined,NoShift,95.4878,75.4698,148.79541,32.77746,94.1761,-75.60121,139.50243,-51.66476,231.84223,-126.00674,283.75113,-1.5921,236.13724,131.06927,Walk On,,"Alaniz, Rylan",,"Wheatley, Luke",,"Foor, Daylen",,"Cotton, Jackson",,"Fryman, Bennett",,"Byrd, Cadyn",,TRUE,,
cec100f7-3f0f-4544-bfd2-eeb8f98155da,315,9cc23090-bf5a-11f1-87ba-cb46726a41eb,041f3fb0-096a-4bb9-a09f-f7563bc03e64,2026-10-03,13:45:21.96,2026-10-03,18:45:21.96,2026-10-03T13:45:21.9610000-05:00,2026-10-03T18:45:21.9610000Z,TEX_BOB,TEX_BOB,InPlay,Single,NoShift,95.42118,74.35991,150.22304,32.5566,95.22831,-76.41782,139.77013,-51.73995,231.85439,-125.69107,285.98915,-1.40699,236.42565,129.71845,Walk On,,"Alaniz, Rylan",,"Wheatley, Luke",,"Foor, Daylen",,"Cotton, Jackson",,"Fryman, Bennett",,"Byrd, Cadyn",,TRUE,"Fryman, Bennett",CF
cec100f7-3f0f-4544-bfd2-eeb8f98155da,316,b21c7f90-bf5a-11f1-87ba-cb46726a41eb,701b67c4-0bc2-43e6-a0f7-3247427833fd,2026-10-03,13:45:57.76,2026-10-03,18:45:57.76,2026-10-03T13:45:57.7660000-05:00,2026-10-03T18:45:57.7660000Z,TEX_BOB,TEX_BOB,BallCalled,Undefined,NoShift,62.22054,58.46288,141.77043,27.06516,90.44165,-78.21642,143.25754,-44.90181,238.13213,-122.93507,305.71814,-1.03733,235.78984,132.33018,Walk On,,"Alaniz, Rylan",,"Wheatley, Luke",,"Foor, Daylen",,"Cotton, Jackson",,"Fryman, Bennett",,"Byrd, Cadyn",,TRUE,,
cec100f7-3f0f-4544-bfd2-eeb8f98155da,317,bc6e1990-bf5a-11f1-87ba-cb46726a41eb,155b0368-b589-4621-bc23-78ce14a7b33a,2026-10-03,13:46:15.12,2026-10-03,18:46:15.12,2026-10-03T13:46:15.1210000-05:00,2026-10-03T18:46:15.1210000Z,TEX_BOB,TEX_BOB,InPlay,Single,NoShift,62.78667,59.06921,143.15569,26.13847,90.55575,-78.10221,140.38716,-50.59021,238.43652,-123.55054,302.84011,-0.8223,237.65889,131.72075,Walk On,,"Alaniz, Rylan",,"Wheatley, Luke",,"Foor, Daylen",,"Cotton, Jackson",,"Fryman, Bennett",,"Byrd, Cadyn",,TRUE,"Cotton, Jackson",LF
cec100f7-3f0f-4544-bfd2-eeb8f98155da,318,d9c4a0e0-bf5a-11f1-87ba-cb46726a41eb,46e2aba7-efdc-4416-98d8-0177a44622f5,2026-10-03,13:47:04.24,2026-10-03,18:47:04.24,2026-10-03T13:47:04.2460000-05:00,2026-10-03T18:47:04.2460000Z,TEX_BOB,TEX_BOB,InPlay,Out,NoShift,95.83835,74.03061,144.10272,23.92761,92.24138,-74.97016,138.88524,-54.97799,240.77434,-126.97039,312.96613,-0.64182,251.62069,130.28325,Walk On,,"Alaniz, Rylan",,"Wheatley, Luke",,"Foor, Daylen",,"Cotton, Jackson",,"Fryman, Bennett",,"Byrd, Cadyn",,TRUE,"Alaniz, Rylan",2B
cec100f7-3f0f-4544-bfd2-eeb8f98155da,319,5cf1ddc0-bf5b-11f1-87ba-cb46726a41eb,ddb2a4b7-d563-4519-977d-6da76f7bf90e,2026-10-03,13:50:44.38,2026-10-03,18:50:44.38,2026-10-03T13:50:44.3840000-05:00,2026-10-03T18:50:44.3840000Z,TEX_BOB,TEX_BOB,BallCalled,Undefined,RightInfieldShift,92.22574,77.3717,139.16105,61.77538,92.5347,-59.81345,154.12705,27.55208,264.42824,-117.12102,300.8091,-1.60449,246.62212,134.08413,"Gillis, Jacob",,"Boles, Brady",,Walk On,,"Alaniz, Rylan",,Walk On,,"Cotton, Jackson",,"Mitchell, Drayton",,TRUE,,
cec100f7-3f0f-4544-bfd2-eeb8f98155da,320,6ae3a8f0-bf5b-11f1-87ba-cb46726a41eb,72f947a3-1ea4-4853-a17d-2cc2e223dcd7,2026-10-03,13:51:07.77,2026-10-03,18:51:07.77,2026-10-03T13:51:07.7750000-05:00,2026-10-03T18:51:07.7750000Z,TEX_BOB,TEX_BOB,BallCalled,Undefined,RightInfieldShift,92.09719,77.60091,139.17364,61.28902,95.98955,-62.8702,156.84065,28.2114,263.44758,-115.99812,300.86065,-3.01552,246.2948,133.52991,"Gillis, Jacob",,"Boles, Brady",,Walk On,,"Alaniz, Rylan",,Walk On,,"Cotton, Jackson",,"Mitchell, Drayton",,TRUE,,
cec100f7-3f0f-4544-bfd2-eeb8f98155da,321,73cd2770-bf5b-11f1-87ba-cb46726a41eb,2df238f4-1567-4357-8361-f1dc386cede9,2026-10-03,13:51:22.72,2026-10-03,18:51:22.72,2026-10-03T13:51:22.7270000-05:00,2026-10-03T18:51:22.7270000Z,TEX_BOB,TEX_BOB,StrikeSwinging,Undefined,RightInfieldShift,92.02239,76.34359,139.66953,62.32233,96.10174,-63.75113,158.18825,28.19789,261.3224,-119.49754,299.89076,-3.39281,245.69927,132.93956,"Gillis, Jacob",,"Boles, Brady",,Walk On,,"Alaniz, Rylan",,Walk On,,"Cotton, Jackson",,"Mitchell, Drayton",,TRUE,,
cec100f7-3f0f-4544-bfd2-eeb8f98155da,322,7e780500-bf5b-11f1-87ba-cb46726a41eb,9f423c0b-95f0-41a6-abcd-c14d1517258c,2026-10-03,13:51:40.58,2026-10-03,18:51:40.58,2026-10-03T13:51:40.5820000-05:00,2026-10-03T18:51:40.5820000Z,TEX_BOB,TEX_BOB,BallCalled,Undefined,NoShift,91.20424,75.12022,139.97238,63.87487,97.77539,-65.64568,146.69501,-29.54419,261.64794,-119.70235,295.645,-3.03623,247.58768,134.41808,"Gillis, Jacob",,"Boles, Brady",,Walk On,,"Alaniz, Rylan",,Walk On,,"Cotton, Jackson",,"Mitchell, Drayton",,TRUE,,
cec100f7-3f0f-4544-bfd2-eeb8f98155da,323,87fcd920-bf5b-11f1-87ba-cb46726a41eb,555e3416-cad1-4ff9-a820-fc02d7645246,2026-10-03,13:51:56.58,2026-10-03,18:51:56.58,2026-10-03T13:51:56.5820000-05:00,2026-10-03T18:51:56.5820000Z,TEX_BOB,TEX_BOB,FoulBallNotFieldable,Undefined,NoShift,90.20436,75.76261,141.15933,64.54638,98.59674,-65.53978,146.988,-29.66831,257.52802,-118.9596,303.15033,-3.86024,247.93119,134.10923,"Gillis, Jacob",,"Boles, Brady",,Walk On,,"Alaniz, Rylan",,Walk On,,"Cotton, Jackson",,"Mitchell, Drayton",,TRUE,,
cec100f7-3f0f-4544-bfd2-eeb8f98155da,324,95d9bcc0-bf5b-11f1-87ba-cb46726a41eb,064de2f0-087d-477c-986d-111735dc365b,2026-10-03,13:52:19.82,2026-10-03,18:52:19.82,2026-10-03T13:52:19.8200000-05:00,2026-10-03T18:52:19.8200000Z,TEX_BOB,TEX_BOB,BallCalled,Undefined,NoShift,91.32757,76.13554,143.25946,66.1289,95.45594,-62.12165,146.43693,-31.57854,255.95801,-116.18948,302.89311,-3.28612,245.37313,133.82655,"Gillis, Jacob",,"Boles, Brady",,Walk On,,"Alaniz, Rylan",,Walk On,,"Cotton, Jackson",,"Mitchell, Drayton",,TRUE,,
cec100f7-3f0f-4544-bfd2-eeb8f98155da,325,a7fe8340-bf5b-11f1-87ba-cb46726a41eb,248bde62-1041-45bf-9976-5ac24f2929c8,2026-10-03,13:52:50.33,2026-10-03,18:52:50.33,2026-10-03T13:52:50.3340000-05:00,2026-10-03T18:52:50.3340000Z,TEX_BOB,TEX_BOB,BallCalled,Undefined,NoShift,63.62867,58.13688,138.93916,29.0904,85.44559,-64.49573,137.85212,-29.6437,254.94646,-128.5452,298.28682,-0.28759,248.4713,124.04342,"Gillis, Jacob",,"Boles, Brady",,Walk On,,"Alaniz, Rylan",,Walk On,,"Cotton, Jackson",,"Mitchell, Drayton",,TRUE,,
cec100f7-3f0f-4544-bfd2-eeb8f98155da,326,c9ccd710-bf5b-11f1-87ba-cb46726a41eb,ccacddab-c48b-436b-89fb-87e61af82f5a,2026-10-03,13:53:47.03,2026-10-03,18:53:47.03,2026-10-03T13:53:47.0300000-05:00,2026-10-03T18:53:47.0300000Z,TEX_BOB,TEX_BOB,StrikeCalled,Undefined,NoShift,87.67912,48.59799,147.73192,37.51473,77.64584,-57.5219,134.31434,-56.22237,252.27255,-133.38885,304.45668,-1.75637,240.86183,122.4264,"Gillis, Jacob",,"Boles, Brady",,Walk On,,"Alaniz, Rylan",,Walk On,,"Cotton, Jackson",,"Mitchell, Drayton",,TRUE,,
cec100f7-3f0f-4544-bfd2-eeb8f98155da,327,d3de0cb0-bf5b-11f1-87ba-cb46726a41eb,e26a855c-aedf-417b-a405-f04978ece551,2026-10-03,13:54:03.86,2026-10-03,18:54:03.86,2026-10-03T13:54:03.8680000-05:00,2026-10-03T18:54:03.8680000Z,TEX_BOB,TEX_BOB,BallCalled,Undefined,NoShift,87.35758,51.21622,150.24743,30.39664,78.24515,-58.13897,135.17293,-57.44888,251.90651,-126.1573,300.75205,-1.77047,244.48988,123.90936,"Gillis, Jacob",,"Boles, Brady",,Walk On,,"Alaniz, Rylan",,Walk On,,"Cotton, Jackson",,"Mitchell, Drayton",,TRUE,,
cec100f7-3f0f-4544-bfd2-eeb8f98155da,328,dfd678e0-bf5b-11f1-87ba-cb46726a41eb,4d6100ef-7b54-4a8d-bdaf-3aeb834f3598,2026-10-03,13:54:24.03,2026-10-03,18:54:24.03,2026-10-03T13:54:24.0380000-05:00,2026-10-03T18:54:24.0380000Z,TEX_BOB,TEX_BOB,HitByPitch,Undefined,LeftInfieldShift,88.65389,53.56256,163.28684,-21.91612,80.82893,-61.47421,133.55933,-55.44584,249.33753,-127.17622,305.33564,-1.74784,242.15961,122.83776,"Gillis, Jacob",,"Boles, Brady",,Walk On,,"Alaniz, Rylan",,Walk On,,"Cotton, Jackson",,"Mitchell, Drayton",,TRUE,,
cec100f7-3f0f-4544-bfd2-eeb8f98155da,329,f7579f80-bf5b-11f1-87ba-cb46726a41eb,3b225da0-43fa-4f7a-874f-e1f2c9959e67,2026-10-03,13:55:03.40,2026-10-03,18:55:03.40,2026-10-03T13:55:03.4020000-05:00,2026-10-03T18:55:03.4020000Z,TEX_BOB,TEX_BOB,BallCalled,Undefined,NoShift,63.43279,58.53146,137.15211,37.91804,88.32762,-62.07788,163.70174,-21.94067,261.14104,-116.30659,300.4964,10.74528,236.35791,142.96198,"Gillis, Jacob",,"Boles, Brady",,Walk On,,"Alaniz, Rylan",,Walk On,,"Cotton, Jackson",,"Mitchell, Drayton",,TRUE,,
cec100f7-3f0f-4544-bfd2-eeb8f98155da,330,020a1e30-bf5c-11f1-87ba-cb46726a41eb,a5ed79ff-0f54-4a7c-8d24-f656c1cfbf1d,2026-10-03,13:55:21.34,2026-10-03,18:55:21.34,2026-10-03T13:55:21.3470000-05:00,2026-10-03T18:55:21.3470000Z,TEX_BOB,TEX_BOB,BallCalled,Undefined,NoShift,63.78766,58.70744,136.33889,36.02759,87.02689,-62.8661,161.82198,-20.75668,263.28476,-118.10733,301.61143,9.21333,234.51479,142.97143,"Gillis, Jacob",,"Boles, Brady",,Walk On,,"Alaniz, Rylan",,Walk On,,"Cotton, Jackson",,"Mitchell, Drayton",,TRUE,,
cec100f7-3f0f-4544-bfd2-eeb8f98155da,331,16b408f0-bf5c-11f1-87ba-cb46726a41eb,50d7265f-09d3-4d0a-8ab8-6ac9b4323f4c,2026-10-03,13:55:56.02,2026-10-03,18:55:56.02,2026-10-03T13:55:56.0240000-05:00,2026-10-03T18:55:56.0240000Z,TEX_BOB,TEX_BOB,BallCalled,Undefined,NoShift,90.26162,73.93124,151.86501,70.65199,87.66084,-64.67826,169.49091,-30.77245,258.24873,-117.69553,305.82871,19.00668,242.36212,135.592,"Gillis, Jacob",,"Boles, Brady",,Walk On,,"Alaniz, Rylan",,Walk On,,"Cotton, Jackson",,"Mitchell, Drayton",,TRUE,,
cec100f7-3f0f-4544-bfd2-eeb8f98155da,332,216db390-bf5c-11f1-87ba-cb46726a41eb,9ae72e60-20b1-4717-81d7-d0dafd12b66d,2026-10-03,13:56:14.03,2026-10-03,18:56:14.03,2026-10-03T13:56:14.0360000-05:00,2026-10-03T18:56:14.0360000Z,TEX_BOB,TEX_BOB,StrikeCalled,Undefined,NoShift,92.00567,75.65143,153.98071,72.57812,88.53318,-65.07516,164.17477,-30.00833,254.17563,-116.2286,320.61994,27.2048,244.56359,133.47422,"Gillis, Jacob",,"Boles, Brady",,Walk On,,"Alaniz, Rylan",,Walk On,,"Cotton, Jackson",,"Mitchell, Drayton",,TRUE,,
cec100f7-3f0f-4544-bfd2-eeb8f98155da,333,2a57ce50-bf5c-11f1-87ba-cb46726a41eb,91895788-188e-4bbf-acc5-dde8c6dc601e,2026-10-03,13:56:28.98,2026-10-03,18:56:28.98,2026-10-03T13:56:28.9800000-05:00,2026-10-03T18:56:28.9800000Z,TEX_BOB,TEX_BOB,BallCalled,Undefined,NoShift,93.16183,77.47786,154.22976,72.8559,90.75111,-65.51012,163.94436,-29.99841,254.46635,-116.23918,302.85444,18.27294,247.15956,133.65647,"Gillis, Jacob",,"Boles, Brady",,Walk On,,"Alaniz, Rylan",,Walk On,,"Cotton, Jackson",,"Mitchell, Drayton",,TRUE,,
cec100f7-3f0f-4544-bfd2-eeb8f98155da,334,a0a6abd0-bf5c-11f1-87ba-cb46726a41eb,5aebd4ca-9dfd-4fc5-9a8b-6c290d86f43e,2026-10-03,13:59:47.51,2026-10-03,18:59:47.51,2026-10-03T13:59:47.5140000-05:00,2026-10-03T18:59:47.5140000Z,TEX_BOB,TEX_BOB,StrikeCalled,Undefined,LeftInfieldShift,92.82578,61.36014,155.93608,-27.36861,88.26134,-65.20255,140.05098,-50.37548,239.76858,-127.1403,295.67744,-8.72964,238.09136,124.56311,"Gillis, Jacob",,"Wheatley, Luke",,"Foor, Daylen",,"Boles, Brady",,"Mitchell, Drayton",,"Byrd, Cadyn",,"Fryman, Bennett",,TRUE,,
cec100f7-3f0f-4544-bfd2-eeb8f98155da,335,a96aef10-bf5c-11f1-87ba-cb46726a41eb,a4006730-fe1e-4127-b440-2609ea9789ea,2026-10-03,14:00:02.15,2026-10-03,19:00:02.15,2026-10-03T14:00:02.1510000-05:00,2026-10-03T19:00:02.1510000Z,TEX_BOB,TEX_BOB,BallCalled,Undefined,LeftInfieldShift,91.11401,60.09769,157.15583,-27.5607,89.03677,-66.14,141.06433,-49.30464,246.93359,-126.00052,292.07649,-8.41617,236.45517,124.24222,"Gillis, Jacob",,"Wheatley, Luke",,"Foor, Daylen",,"Boles, Brady",,"Mitchell, Drayton",,"Byrd, Cadyn",,"Fryman, Bennett",,TRUE,,
cec100f7-3f0f-4544-bfd2-eeb8f98155da,336,b4462b70-bf5c-11f1-87ba-cb46726a41eb,2ab857e8-9f72-4b91-a6f3-7b73a31faefd,2026-10-03,14:00:20.41,2026-10-03,19:00:20.41,2026-10-03T14:00:20.4130000-05:00,2026-10-03T19:00:20.4130000Z,TEX_BOB,TEX_BOB,BallCalled,Undefined,LeftInfieldShift,92.68505,60.76853,157.29436,-27.38892,89.87731,-67.86042,140.49114,-49.89899,246.40756,-125.29284,295.63674,-8.35008,239.13531,124.96479,"Gillis, Jacob",,"Wheatley, Luke",,"Foor, Daylen",,"Boles, Brady",,"Mitchell, Drayton",,"Byrd, Cadyn",,"Fryman, Bennett",,TRUE,,
cec100f7-3f0f-4544-bfd2-eeb8f98155da,337,bfcac730-bf5c-11f1-87ba-cb46726a41eb,e6d4f46c-1bc7-4206-b739-a3440a82cc69,2026-10-03,14:00:39.74,2026-10-03,19:00:39.74,2026-10-03T14:00:39.7450000-05:00,2026-10-03T19:00:39.7450000Z,TEX_BOB,TEX_BOB,StrikeSwinging,Undefined,LeftInfieldShift,90.97809,60.01981,156.99205,-27.78167,90.07618,-68.04373,140.58282,-49.75138,243.48245,-123.12654,297.27067,-8.75443,240.47367,126.29665,"Gillis, Jacob",,"Wheatley, Luke",,"Foor, Daylen",,"Boles, Brady",,"Mitchell, Drayton",,"Byrd, Cadyn",,"Fryman, Bennett",,TRUE,,
cec100f7-3f0f-4544-bfd2-eeb8f98155da,338,cb3d6190-bf5c-11f1-87ba-cb46726a41eb,3db5ab1c-7f77-47b3-b960-761ce2d9c91c,2026-10-03,14:00:58.89,2026-10-03,19:00:58.89,2026-10-03T14:00:58.8970000-05:00,2026-10-03T19:00:58.8970000Z,TEX_BOB,TEX_BOB,BallCalled,Undefined,LeftInfieldShift,91.96061,61.31346,157.79132,-28.12883,90.98543,-69.54646,140.12579,-49.97802,248.34842,-125.67111,306.2051,-8.92155,240.96348,126.90836,"Gillis, Jacob",,"Wheatley, Luke",,"Foor, Daylen",,"Boles, Brady",,"Mitchell, Drayton",,"Byrd, Cadyn",,"Fryman, Bennett",,TRUE,,
cec100f7-3f0f-4544-bfd2-eeb8f98155da,339,d68c6e60-bf5c-11f1-87ba-cb46726a41eb,5abdd37d-c8e0-41a6-ac62-83fbfc8fe5d9,2026-10-03,14:01:17.90,2026-10-03,19:01:17.90,2026-10-03T14:01:17.9030000-05:00,2026-10-03T19:01:17.9030000Z,TEX_BOB,TEX_BOB,BallCalled,Undefined,NoShift,90.22782,59.80076,150.8943,31.72095,90.98715,-72.07604,140.46288,-50.39514,249.16572,-127.55492,299.06957,-10.30833,241.96133,127.68285,"Gillis, Jacob",,"Wheatley, Luke",,"Foor, Daylen",,"Boles, Brady",,"Mitchell, Drayton",,"Byrd, Cadyn",,"Fryman, Bennett",,TRUE,,
cec100f7-3f0f-4544-bfd2-eeb8f98155da,340,ed994f60-bf5c-11f1-87ba-cb46726a41eb,c3a39eeb-3981-4b71-966c-092092d8ede8,2026-10-03,14:01:56.54,2026-10-03,19:01:56.54,2026-10-03T14:01:56.5450000-05:00,2026-10-03T19:01:56.5450000Z,TEX_BOB,TEX_BOB,BallCalled,Undefined,NoShift,64.8356,57.53812,136.97743,47.95064,104.33437,-55.49839,144.10171,-22.41832,248.63226,-123.55606,298.23637,-9.53849,263.23456,134.52568,"Gillis, Jacob",,"Wheatley, Luke",,"Foor, Daylen",,"Boles, Brady",,"Mitchell, Drayton",,"Byrd, Cadyn",,"Fryman, Bennett",,TRUE,,
cec100f7-3f0f-4544-bfd2-eeb8f98155da,341,2355df10-bf5d-11f1-87ba-cb46726a41eb,bb002714-644b-4318-a5e9-b27006fc7250,2026-10-03,14:03:26.75,2026-10-03,19:03:26.75,2026-10-03T14:03:26.7570000-05:00,2026-10-03T19:03:26.7570000Z,TEX_BOB,TEX_BOB,FoulBallNotFieldable,Undefined,NoShift,63.56333,58.57166,140.77731,48.25079,100.57528,-58.38868,144.43219,-21.77315,243.68014,-124.62537,307.1493,-10.0167,253.88188,135.48249,"Gillis, Jacob",,"Wheatley, Luke",,"Foor, Daylen",,"Boles, Brady",,"Mitchell, Drayton",,"Byrd, Cadyn",,"Fryman, Bennett",,TRUE,,
cec100f7-3f0f-4544-bfd2-eeb8f98155da,342,46cf23c0-bf5d-11f1-87ba-cb46726a41eb,02bb205f-9f8b-47ec-94f5-b2622601cbd6,2026-10-03,14:04:26.24,2026-10-03,19:04:26.24,2026-10-03T14:04:26.2460000-05:00,2026-10-03T19:04:26.2460000Z,TEX_BOB,TEX_BOB,BallCalled,Undefined,NoShift,62.79992,59.28229,138.98112,47.48257,97.69407,-58.35204,143.90612,-25.48851,246.16196,-125.65291,301.77505,-8.53173,252.42598,132.99503,"Gillis, Jacob",,"Wheatley, Luke",,"Foor, Daylen",,"Boles, Brady",,"Mitchell, Drayton",,"Byrd, Cadyn",,"Fryman, Bennett",,TRUE,,
cec100f7-3f0f-4544-bfd2-eeb8f98155da,343,56fd9880-bf5d-11f1-87ba-cb46726a41eb,20a9eab5-4d64-439f-bb5e-a49048c9d4cc,2026-10-03,14:04:53.44,2026-10-03,19:04:53.44,2026-10-03T14:04:53.4400000-05:00,2026-10-03T19:04:53.4400000Z,TEX_BOB,TEX_BOB,StrikeCalled,Undefined,NoShift,63.18456,58.6617,139.35361,45.60387,96.802,-58.5595,144.42613,-24.67537,242.07066,-122.98201,299.40423,-9.02172,251.38446,132.23575,"Gillis, Jacob",,"Wheatley, Luke",,"Foor, Daylen",,"Boles, Brady",,"Mitchell, Drayton",,"Byrd, Cadyn",,"Fryman, Bennett",,TRUE,,
cec100f7-3f0f-4544-bfd2-eeb8f98155da,344,6678e9e0-bf5d-11f1-87ba-cb46726a41eb,6fae4024-ffda-46b8-8014-b7e23f19fc73,2026-10-03,14:05:19.34,2026-10-03,19:05:19.34,2026-10-03T14:05:19.3420000-05:00,2026-10-03T19:05:19.3420000Z,TEX_BOB,TEX_BOB,BallCalled,Undefined,NoShift,63.72444,58.81371,139.19167,42.5247,96.32045,-59.33903,143.15514,-24.12016,242.58885,-125.14406,301.45741,-9.65503,251.04349,131.29661,"Gillis, Jacob",,"Wheatley, Luke",,"Foor, Daylen",,"Boles, Brady",,"Mitchell, Drayton",,"Byrd, Cadyn",,"Fryman, Bennett",,TRUE,,
cec100f7-3f0f-4544-bfd2-eeb8f98155da,345,7d0a0b30-bf5d-11f1-87ba-cb46726a41eb,9bf87b17-ca23-4433-b405-e81b518fcdf1,2026-10-03,14:05:57.26,2026-10-03,19:05:57.26,2026-10-03T14:05:57.2660000-05:00,2026-10-03T19:05:57.2660000Z,TEX_BOB,TEX_BOB,BallCalled,Undefined,NoShift,87.64008,71.42295,137.96082,56.60233,93.42298,-58.32533,151.18158,-12.50734,241.32039,-122.65289,304.29737,-10.44532,250.50194,129.81845,"Gillis, Jacob",,"Wheatley, Luke",,"Foor, Daylen",,"Boles, Brady",,"Mitchell, Drayton",,"Byrd, Cadyn",,"Fryman, Bennett",,TRUE,,
cec100f7-3f0f-4544-bfd2-eeb8f98155da,346,93bc9730-bf5d-11f1-87ba-cb46726a41eb,55712311-fca6-4add-91fa-a3c0a777bdca,2026-10-03,14:06:35.32,2026-10-03,19:06:35.32,2026-10-03T14:06:35.3220000-05:00,2026-10-03T19:06:35.3220000Z,TEX_BOB,TEX_BOB,FoulBallNotFieldable,Undefined,NoShift,89.07018,61.47242,144.16687,26.37273,84.67184,-65.4316,136.54294,-35.79654,251.50412,-127.68169,296.72028,-11.28406,242.41029,126.44473,"Gillis, Jacob",,"Wheatley, Luke",,"Foor, Daylen",,"Boles, Brady",,"Mitchell, Drayton",,"Byrd, Cadyn",,"Fryman, Bennett",,TRUE,,
cec100f7-3f0f-4544-bfd2-eeb8f98155da,347,a9e09ed0-bf5d-11f1-87ba-cb46726a41eb,3b4d44a8-23ab-4edf-8f7e-8defb697a498,2026-10-03,14:07:12.44,2026-10-03,19:07:12.44,2026-10-03T14:07:12.4440000-05:00,2026-10-03T19:07:12.4440000Z,TEX_BOB,TEX_BOB,BallCalled,Undefined,NoShift,85.56391,60.1466,144.95233,26.36071,85.40451,-63.48999,136.5471,-37.08277,251.13446,-128.24041,302.28793,-12.7229,248.36562,130.31048,"Gillis, Jacob",,"Wheatley, Luke",,"Foor, Daylen",,"Boles, Brady",,"Mitchell, Drayton",,"Byrd, Cadyn",,"Fryman, Bennett",,TRUE,,
cec100f7-3f0f-4544-bfd2-eeb8f98155da,348,b89b3840-bf5d-11f1-87ba-cb46726a41eb,12bf4b15-b759-4348-ba27-7938dc786bd7,2026-10-03,14:07:37.14,2026-10-03,19:07:37.14,2026-10-03T14:07:37.1480000-05:00,2026-10-03T19:07:37.1480000Z,TEX_BOB,TEX_BOB,StrikeSwinging,Undefined,NoShift,92.36482,61.75983,142.39723,21.92118,83.84587,-62.71121,135.85899,-37.86384,249.49114,-128.52665,302.93426,-10.43943,244.02879,128.67052,"Gillis, Jacob",,"Wheatley, Luke",,"Foor, Daylen",,"Boles, Brady",,"Mitchell, Drayton",,"Byrd, Cadyn",,"Fryman, Bennett",,TRUE,,
cec100f7-3f0f-4544-bfd2-eeb8f98155da,349,c74d9450-bf5d-11f1-87ba-cb46726a41eb,654601b1-c48b-4649-9fbf-863c71b433c9,2026-10-03,14:08:01.78,2026-10-03,19:08:01.78,2026-10-03T14:08:01.7820000-05:00,2026-10-03T19:08:01.7820000Z,TEX_BOB,TEX_BOB,FoulBallNotFieldable,Undefined,NoShift,92.40595,61.98531,145.60463,23.58507,86.99099,-64.53991,137.07096,-37.59648,250.05701,-128.92882,299.22821,-11.5716,245.15841,130.30671,"Gillis, Jacob",,"Wheatley, Luke",,"Foor, Daylen",,"Boles, Brady",,"Mitchell, Drayton",,"Byrd, Cadyn",,"Fryman, Bennett",,TRUE,,
cec100f7-3f0f-4544-bfd2-eeb8f98155da,350,db3d7de0-bf5d-11f1-87ba-cb46726a41eb,1a8588f3-5a76-4d71-bb6e-120ea9f1b007,2026-10-03,14:08:35.33,2026-10-03,19:08:35.33,2026-10-03T14:08:35.3350000-05:00,2026-10-03T19:08:35.3350000Z,TEX_BOB,TEX_BOB,FoulBallNotFieldable,Undefined,NoShift,90.31907,60.34728,147.07587,27.50552,86.97552,-62.7693,137.11249,-37.37598,242.98354,-126.27585,303.43089,-12.11696,236.47707,133.11765,"Gillis, Jacob",,"Wheatley, Luke",,"Foor, Daylen",,"Boles, Brady",,"Mitchell, Drayton",,"Byrd, Cadyn",,"Fryman, Bennett",,TRUE,,
cec100f7-3f0f-4544-bfd2-eeb8f98155da,351,ed5991d0-bf5d-11f1-87ba-cb46726a41eb,a1eb7a98-60d5-4edb-b35b-71e01245de51,2026-10-03,14:09:05.64,2026-10-03,19:09:05.64,2026-10-03T14:09:05.6490000-05:00,2026-10-03T19:09:05.6490000Z,TEX_BOB,TEX_BOB,FoulBallNotFieldable,Undefined,NoShift,94.59192,61.5194,140.14415,21.93637,88.93552,-63.78108,137.44142,-37.70311,244.78728,-128.031,303.97073,-11.1774,237.36988,132.36753,"Gillis, Jacob",,"Wheatley, Luke",,"Foor, Daylen",,"Boles, Brady",,"Mitchell, Drayton",,"Byrd, Cadyn",,"Fryman, Bennett",,TRUE,,
cec100f7-3f0f-4544-bfd2-eeb8f98155da,352,004eeec0-bf5e-11f1-87ba-cb46726a41eb,e7c4e32a-6f93-4b64-b5c6-b147bd314d1e,2026-10-03,14:09:37.44,2026-10-03,19:09:37.44,2026-10-03T14:09:37.4420000-05:00,2026-10-03T19:09:37.4420000Z,TEX_BOB,TEX_BOB,FoulBallNotFieldable,Undefined,NoShift,90.96742,62.45892,143.44863,21.55266,85.31838,-64.98568,137.77718,-40.40171,243.54265,-123.31907,295.55863,-11.48609,239.76103,130.38068,"Gillis, Jacob",,"Wheatley, Luke",,"Foor, Daylen",,"Boles, Brady",,"Mitchell, Drayton",,"Byrd, Cadyn",,"Fryman, Bennett",,TRUE,,
cec100f7-3f0f-4544-bfd2-eeb8f98155da,353,13ff8560-bf5e-11f1-87ba-cb46726a41eb,8cdf5d2a-14dd-4d15-83f3-3461da9d7296,2026-10-03,14:10:10.50,2026-10-03,19:10:10.50,2026-10-03T14:10:10.5020000-05:00,2026-10-03T19:10:10.5020000Z,TEX_BOB,TEX_BOB,FoulBallNotFieldable,Undefined,NoShift,90.23924,62.5346,142.18378,21.64333,87.0713,-65.014,136.42587,-39.00536,247.2886,-125.72319,296.27913,-11.90948,250.62466,135.48695,"Gillis, Jacob",,"Wheatley, Luke",,"Foor, Daylen",,"Boles, Brady",,"Mitchell, Drayton",,"Byrd, Cadyn",,"Fryman, Bennett",,TRUE,,
cec100f7-3f0f-4544-bfd2-eeb8f98155da,354,2e63a7b0-bf5e-11f1-87ba-cb46726a41eb,74a3217a-2fcb-4575-a463-d6b65a9f62e4,2026-10-03,14:10:54.70,2026-10-03,19:10:54.70,2026-10-03T14:10:54.7030000-05:00,2026-10-03T19:10:54.7030000Z,TEX_BOB,TEX_BOB,StrikeSwinging,Undefined,NoShift,90.25572,61.84282,143.60088,21.73936,87.01761,-65.27966,137.16968,-38.18564,246.00482,-125.38916,301.54417,-12.81814,244.56757,131.47964,"Gillis, Jacob",,"Wheatley, Luke",,"Foor, Daylen",,"Boles, Brady",,"Mitchell, Drayton",,"Byrd, Cadyn",,"Fryman, Bennett",,TRUE,,
cec100f7-3f0f-4544-bfd2-eeb8f98155da,355,45839b80-bf5e-11f1-87ba-cb46726a41eb,5124958c-5f8b-4bc8-9e26-e63323a1927e,2026-10-03,14:11:33.56,2026-10-03,19:11:33.56,2026-10-03T14:11:33.5600000-05:00,2026-10-03T19:11:33.5600000Z,TEX_BOB,TEX_BOB,BallCalled,Undefined,NoShift,89.6338,59.09872,141.60148,24.21337,87.0607,-64.74819,135.16829,-36.93079,245.47133,-129.01366,300.78005,-11.87469,234.06901,130.12147,"Gillis, Jacob",,"Wheatley, Luke",,"Foor, Daylen",,"Boles, Brady",,"Mitchell, Drayton",,"Byrd, Cadyn",,"Fryman, Bennett",,TRUE,,
cec100f7-3f0f-4544-bfd2-eeb8f98155da,356,542a10b0-bf5e-11f1-87ba-cb46726a41eb,7926df9c-c9bb-4e3e-bdb4-e964dbf6d10d,2026-10-03,14:11:58.18,2026-10-03,19:11:58.18,2026-10-03T14:11:58.1880000-05:00,2026-10-03T19:11:58.1880000Z,TEX_BOB,TEX_BOB,BallCalled,Undefined,NoShift,89.95073,59.44788,143.39084,22.57434,86.36131,-65.35484,136.83745,-35.81257,242.08419,-125.92678,300.04348,-10.6669,238.35527,129.38357,"Gillis, Jacob",,"Wheatley, Luke",,"Foor, Daylen",,"Boles, Brady",,"Mitchell, Drayton",,"Byrd, Cadyn",,"Fryman, Bennett",,TRUE,,
cec100f7-3f0f-4544-bfd2-eeb8f98155da,357,661131f0-bf5e-11f1-87ba-cb46726a41eb,f18e1d11-0210-460e-ad72-be53eff36c92,2026-10-03,14:12:28.18,2026-10-03,19:12:28.18,2026-10-03T14:12:28.1830000-05:00,2026-10-03T19:12:28.1830000Z,TEX_BOB,TEX_BOB,BallCalled,Undefined,NoShift,89.92518,61.24819,144.96658,22.5401,85.40273,-64.64582,137.34764,-36.54876,241.26201,-127.69452,293.79679,-8.82734,239.51809,129.52015,"Gillis, Jacob",,"Wheatley, Luke",,"Foor, Daylen",,"Boles, Brady",,"Mitchell, Drayton",,"Byrd, Cadyn",,"Fryman, Bennett",,TRUE,,
cec100f7-3f0f-4544-bfd2-eeb8f98155da,358,753d03c0-bf5e-11f1-87ba-cb46726a41eb,839c94ab-d948-43ac-a49b-dc6d5a09649f,2026-10-03,14:12:53.67,2026-10-03,19:12:53.67,2026-10-03T14:12:53.6760000-05:00,2026-10-03T19:12:53.6760000Z,TEX_BOB,TEX_BOB,StrikeCalled,Undefined,NoShift,89.57054,60.39001,144.29936,24.10398,85.54868,-64.92272,135.99913,-35.97663,241.14756,-125.31534,300.00506,-9.41921,239.02441,131.28619,"Gillis, Jacob",,"Wheatley, Luke",,"Foor, Daylen",,"Boles, Brady",,"Mitchell, Drayton",,"Byrd, Cadyn",,"Fryman, Bennett",,TRUE,,
cec100f7-3f0f-4544-bfd2-eeb8f98155da,359,830dd970-bf5e-11f1-87ba-cb46726a41eb,6338a21c-c8f3-4e25-b01e-994ba21f26bd,2026-10-03,14:13:16.81,2026-10-03,19:13:16.81,2026-10-03T14:13:16.8190000-05:00,2026-10-03T19:13:16.8190000Z,TEX_BOB,TEX_BOB,StrikeCalled,Undefined,NoShift,90.94339,62.52358,143.50302,22.58438,85.21993,-65.0189,136.81208,-36.78436,237.7838,-122.72852,300.52396,-9.28757,237.47177,128.52984,"Gillis, Jacob",,"Wheatley, Luke",,"Foor, Daylen",,"Boles, Brady",,"Mitchell, Drayton",,"Byrd, Cadyn",,"Fryman, Bennett",,TRUE,,
cec100f7-3f0f-4544-bfd2-eeb8f98155da,360,90eabd10-bf5e-11f1-87ba-cb46726a41eb,2c4bcbd3-3e9e-471b-89bb-534dece81f79,2026-10-03,14:13:40.04,2026-10-03,19:13:40.04,2026-10-03T14:13:40.0430000-05:00,2026-10-03T19:13:40.0430000Z,TEX_BOB,TEX_BOB,BallCalled,Undefined,NoShift,90.75193,62.50629,144.00196,21.32399,86.54669,-65.92382,135.99116,-37.4969,238.88551,-122.7475,302.30044,-10.97739,233.08528,129.16819,"Gillis, Jacob",,"Wheatley, Luke",,"Foor, Daylen",,"Boles, Brady",,"Mitchell, Drayton",,"Byrd, Cadyn",,"Fryman, Bennett",,TRUE,,
cec100f7-3f0f-4544-bfd2-eeb8f98155da,361,fdc911c0-bf5e-11f1-87ba-cb46726a41eb,a16da0fc-4ffe-4646-a336-e3c79b9e9913,2026-10-03,14:16:42.73,2026-10-03,19:16:42.73,2026-10-03T14:16:42.7330000-05:00,2026-10-03T19:16:42.7330000Z,TEX_BOB,TEX_BOB,BallCalled,Undefined,RightInfieldShift,92.3824,79.56191,142.01556,57.14446,90.06641,-66.16022,155.4492,19.59812,233.16536,-123.39725,280.09354,-14.98988,261.71405,119.19401,Walk On,,"Alaniz, Rylan",,"Wheatley, Luke",,"Foor, Daylen",,"Cotton, Jackson",,"Fryman, Bennett",,"Byrd, Cadyn",,TRUE,,
cec100f7-3f0f-4544-bfd2-eeb8f98155da,362,0a832040-bf5f-11f1-87ba-cb46726a41eb,fec28f1b-e247-49e6-9b69-14f13908f021,2026-10-03,14:17:04.06,2026-10-03,19:17:04.06,2026-10-03T14:17:04.0630000-05:00,2026-10-03T19:17:04.0630000Z,TEX_BOB,TEX_BOB,BallCalled,Undefined,RightInfieldShift,92.60181,80.32373,143.30067,55.25043,91.96429,-67.13831,156.56203,18.94877,225.57148,-124.53814,280.45048,-16.1326,263.87204,113.95307,Walk On,,"Alaniz, Rylan",,"Wheatley, Luke",,"Foor, Daylen",,"Cotton, Jackson",,"Fryman, Bennett",,"Byrd, Cadyn",,TRUE,,
cec100f7-3f0f-4544-bfd2-eeb8f98155da,363,1704e0b0-bf5f-11f1-87ba-cb46726a41eb,df2680ad-67b9-4f64-947c-2a6c0ffac9de,2026-10-03,14:17:25.04,2026-10-03,19:17:25.04,2026-10-03T14:17:25.0410000-05:00,2026-10-03T19:17:25.0410000Z,TEX_BOB,TEX_BOB,StrikeSwinging,Undefined,RightInfieldShift,91.37606,80.76518,142.1307,55.45543,93.23347,-67.97738,158.66573,17.86555,220.78551,-118.4751,280.39021,-17.96922,263.5202,113.12446,Walk On,,"Alaniz, Rylan",,"Wheatley, Luke",,"Foor, Daylen",,"Cotton, Jackson",,"Fryman, Bennett",,"Byrd, Cadyn",,TRUE,,
cec100f7-3f0f-4544-bfd2-eeb8f98155da,364,24f461f0-bf5f-11f1-87ba-cb46726a41eb,eab64e7e-d75d-4b7b-81a7-be1c1e605d5f,2026-10-03,14:17:48.43,2026-10-03,19:17:48.43,2026-10-03T14:17:48.4330000-05:00,2026-10-03T19:17:48.4330000Z,TEX_BOB,TEX_BOB,BallCalled,Undefined,RightInfieldShift,92.49311,82.06324,140.79827,54.99661,94.16686,-68.40413,158.5592,17.84706,218.83566,-120.26826,288.64461,-18.53991,267.53763,111.83013,Walk On,,"Alaniz, Rylan",,"Wheatley, Luke",,"Foor, Daylen",,"Cotton, Jackson",,"Fryman, Bennett",,"Byrd, Cadyn",,TRUE,,
cec100f7-3f0f-4544-bfd2-eeb8f98155da,365,3339cb60-bf5f-11f1-87ba-cb46726a41eb,52b7e5aa-ac55-4f89-b632-49be87267496,2026-10-03,14:18:12.39,2026-10-03,19:18:12.39,2026-10-03T14:18:12.3990000-05:00,2026-10-03T19:18:12.3990000Z,TEX_BOB,TEX_BOB,InPlay,Out,RightInfieldShift,92.82276,82.43876,140.84019,55.05271,95.41426,-69.85536,158.60057,17.86122,217.63429,-120.81842,285.62826,-18.45263,263.25704,113.03953,Walk On,,"Alaniz, Rylan",,"Wheatley, Luke",,"Foor, Daylen",,"Cotton, Jackson",,"Fryman, Bennett",,"Byrd, Cadyn",,TRUE,"Cotton, Jackson",LF
cec100f7-3f0f-4544-bfd2-eeb8f98155da,366,4d97ac20-bf5f-11f1-87ba-cb46726a41eb,8f21d63d-1d4f-4b76-afbf-6bc89d11466d,2026-10-03,14:18:56.63,2026-10-03,19:18:56.63,2026-10-03T14:18:56.6360000-05:00,2026-10-03T19:18:56.6360000Z,TEX_BOB,TEX_BOB,FoulBallNotFieldable,Undefined,NoShift,96.04562,73.43027,149.68333,39.88243,92.39831,-74.06011,139.5287,-52.58945,240.26077,-118.5245,300.62534,-2.04126,239.54308,133.64946,Walk On,,"Alaniz, Rylan",,"Wheatley, Luke",,"Foor, Daylen",,"Cotton, Jackson",,"Fryman, Bennett",,"Byrd, Cadyn",,TRUE,,
cec100f7-3f0f-4544-bfd2-eeb8f98155da,367,5f3938e0-bf5f-11f1-87ba-cb46726a41eb,97070b4b-4e6a-4f8f-a4d0-146f4d701e2e,2026-10-03,14:19:26.17,2026-10-03,19:19:26.17,2026-10-03T14:19:26.1730000-05:00,2026-10-03T19:19:26.1730000Z,TEX_BOB,TEX_BOB,StrikeSwinging,Undefined,NoShift,95.62281,74.36082,148.31252,36.73757,94.48154,-76.18741,140.06707,-51.43267,240.79984,-120.88551,297.09811,-1.75546,233.61858,137.18766,Walk On,,"Alaniz, Rylan",,"Wheatley, Luke",,"Foor, Daylen",,"Cotton, Jackson",,"Fryman, Bennett",,"Byrd, Cadyn",,TRUE,,
cec100f7-3f0f-4544-bfd2-eeb8f98155da,368,6db40a30-bf5f-11f1-87ba-cb46726a41eb,92402ec4-b311-4355-bce9-d01e69d4483a,2026-10-03,14:19:50.46,2026-10-03,19:19:50.46,2026-10-03T14:19:50.4600000-05:00,2026-10-03T19:19:50.4600000Z,TEX_BOB,TEX_BOB,StrikeCalled,Undefined,NoShift,98.61333,74.23284,147.59777,36.37999,95.38216,-77.26932,138.85665,-51.59905,238.48972,-120.92882,299.38134,-2.22469,237.99175,138.00202,Walk On,,"Alaniz, Rylan",,"Wheatley, Luke",,"Foor, Daylen",,"Cotton, Jackson",,"Fryman, Bennett",,"Byrd, Cadyn",,TRUE,,
cec100f7-3f0f-4544-bfd2-eeb8f98155da,369,80e537a0-bf5f-11f1-87ba-cb46726a41eb,760d5bf4-2c98-4725-9887-7d7944f93ac4,2026-10-03,14:20:22.67,2026-10-03,19:20:22.67,2026-10-03T14:20:22.6770000-05:00,2026-10-03T19:20:22.6770000Z,TEX_BOB,TEX_BOB,BallCalled,Undefined,NoShift,94.08191,70.22451,148.68621,39.12018,94.01294,-76.09848,138.57079,-53.1176,219.32501,-119.13526,284.13528,-11.77599,232.59444,134.80808,Walk On,,"Alaniz, Rylan",,"Wheatley, Luke",,"Foor, Daylen",,"Cotton, Jackson",,"Fryman, Bennett",,"Byrd, Cadyn",,TRUE,,
cec100f7-3f0f-4544-bfd2-eeb8f98155da,370,8c92df30-bf5f-11f1-87ba-cb46726a41eb,62c83b0d-de2d-41d3-8c85-1decc2eed289,2026-10-03,14:20:42.26,2026-10-03,19:20:42.26,2026-10-03T14:20:42.2680000-05:00,2026-10-03T19:20:42.2680000Z,TEX_BOB,TEX_BOB,StrikeCalled,Undefined,NoShift,94.48519,71.15981,149.08886,36.95882,94.20325,-76.32019,138.78871,-53.18583,215.97828,-118.41851,283.96407,-11.51044,236.59759,137.34923,Walk On,,"Alaniz, Rylan",,"Wheatley, Luke",,"Foor, Daylen",,"Cotton, Jackson",,"Fryman, Bennett",,"Byrd, Cadyn",,TRUE,,
cec100f7-3f0f-4544-bfd2-eeb8f98155da,371,994d3bd0-bf5f-11f1-87ba-cb46726a41eb,6845bb20-2e26-450f-a357-c25254f3db84,2026-10-03,14:21:03.56,2026-10-03,19:21:03.56,2026-10-03T14:21:03.5610000-05:00,2026-10-03T19:21:03.5610000Z,TEX_BOB,TEX_BOB,BallCalled,Undefined,NoShift,94.10246,71.96432,148.34913,35.12993,95.48236,-77.56676,139.06975,-52.79942,216.99163,-121.8618,281.64867,-10.80693,231.63874,136.75999,Walk On,,"Alaniz, Rylan",,"Wheatley, Luke",,"Foor, Daylen",,"Cotton, Jackson",,"Fryman, Bennett",,"Byrd, Cadyn",,TRUE,,
cec100f7-3f0f-4544-bfd2-eeb8f98155da,372,a5a9c100-bf5f-11f1-87ba-cb46726a41eb,7f64fa6f-19c2-4ccd-853f-a257d6c6ee09,2026-10-03,14:21:24.37,2026-10-03,19:21:24.37,2026-10-03T14:21:24.3790000-05:00,2026-10-03T19:21:24.3790000Z,TEX_BOB,TEX_BOB,StrikeSwinging,Undefined,NoShift,94.64559,70.84282,147.54353,34.84172,95.52107,-77.27598,138.46374,-52.25716,216.19291,-121.02259,281.9403,-8.60939,228.54585,136.73534,Walk On,,"Alaniz, Rylan",,"Wheatley, Luke",,"Foor, Daylen",,"Cotton, Jackson",,"Fryman, Bennett",,"Byrd, Cadyn",,TRUE,,
cec100f7-3f0f-4544-bfd2-eeb8f98155da,373,b45dcac0-bf5f-11f1-87ba-cb46726a41eb,68565345-8456-418e-bf7c-57b55fbbf8e1,2026-10-03,14:21:49.03,2026-10-03,19:21:49.03,2026-10-03T14:21:49.0320000-05:00,2026-10-03T19:21:49.0320000Z,TEX_BOB,TEX_BOB,BallCalled,Undefined,NoShift,95.96589,70.2312,145.05022,33.35432,96.7266,-78.79713,139.658,-52.1704,212.48601,-116.3043,281.51543,-8.47109,229.09652,133.79328,Walk On,,"Alaniz, Rylan",,"Wheatley, Luke",,"Foor, Daylen",,"Cotton, Jackson",,"Fryman, Bennett",,"Byrd, Cadyn",,TRUE,,
cec100f7-3f0f-4544-bfd2-eeb8f98155da,374,c46b4a00-bf5f-11f1-87ba-cb46726a41eb,fcd1bcdd-849c-4049-8ab4-bcdb6be8930a,2026-10-03,14:22:15.99,2026-10-03,19:22:15.99,2026-10-03T14:22:15.9920000-05:00,2026-10-03T19:22:15.9920000Z,TEX_BOB,TEX_BOB,FoulBallNotFieldable,Undefined,NoShift,93.74533,72.38556,147.29402,34.05093,94.56229,-77.709,139.02119,-53.19229,210.09709,-116.91621,283.13898,-8.85209,231.76812,131.94331,Walk On,,"Alaniz, Rylan",,"Wheatley, Luke",,"Foor, Daylen",,"Cotton, Jackson",,"Fryman, Bennett",,"Byrd, Cadyn",,TRUE,,
cec100f7-3f0f-4544-bfd2-eeb8f98155da,375,d5f7c820-bf5f-11f1-87ba-cb46726a41eb,83f0b67f-d90b-42a8-878d-475642b52157,2026-10-03,14:22:45.42,2026-10-03,19:22:45.42,2026-10-03T14:22:45.4200000-05:00,2026-10-03T19:22:45.4200000Z,TEX_BOB,TEX_BOB,InPlay,Out,NoShift,94.24122,74.64584,144.41461,36.115,94.43513,-77.7136,139.01941,-52.51374,213.3754,-119.00358,285.7291,1.50633,221.56717,134.29527,Walk On,,"Alaniz, Rylan",,"Wheatley, Luke",,"Foor, Daylen",,"Cotton, Jackson",,"Fryman, Bennett",,"Byrd, Cadyn",,TRUE,"Cotton, Jackson",LF
fe881bac-4a30-4fb5-a103-220cd5b27190,1,0de1dfd0-c1c9-11f1-804e-4d6eca9479d4,b4fa9272-11fc-44c1-bf9d-0b9330d8e0d2,2026-10-06,16:00:58.56,2026-10-06,21:00:58.56,2026-10-06T16:00:58.5607680-05:00,2026-10-06T21:00:58.5607680Z,TEX_BOB,TEX_BOB,BallCalled,Undefined,NoShift,93.51342,58.40115,149.2478,29.03763,86.96629,-65.67842,136.66062,-56.45235,229.13182,-150.54614,303.93294,-9.28686,235.18409,120.75625,"Gillis, Jacob",10036249,"Boles, Brady",841175,"Foor, Daylen",1000165264,"Wheatley, Luke",10290520,"Anctil, Justin",1000608882,"Byrd, Cadyn",1000608881,"Fryman, Bennett",814538,TRUE,,
fe881bac-4a30-4fb5-a103-220cd5b27190,2,1ac8a3a0-c1c9-11f1-804e-4d6eca9479d4,f7bb827b-ae5a-4299-af8a-5a056bbd2670,2026-10-06,16:01:20.21,2026-10-06,21:01:20.21,2026-10-06T16:01:20.2145792-05:00,2026-10-06T21:01:20.2145792Z,TEX_BOB,TEX_BOB,StrikeCalled,Undefined,NoShift,91.61907,57.95995,148.84595,28.72726,92.03105,-70.98833,137.39112,-55.19228,228.86843,-150.28037,300.95417,-8.99124,236.29615,122.04495,"Gillis, Jacob",10036249,"Boles, Brady",841175,"Foor, Daylen",1000165264,"Wheatley, Luke",10290520,"Anctil, Justin",1000608882,"Byrd, Cadyn",1000608881,"Fryman, Bennett",814538,TRUE,,
fe881bac-4a30-4fb5-a103-220cd5b27190,3,2357f430-c1c9-11f1-804e-4d6eca9479d4,6efe8899-5e80-4cd3-bc28-39317b6e9c3e,2026-10-06,16:01:34.58,2026-10-06,21:01:34.58,2026-10-06T16:01:34.5823744-05:00,2026-10-06T21:01:34.5823744Z,TEX_BOB,TEX_BOB,StrikeSwinging,Undefined,NoShift,91.73874,57.78256,149.6097,29.03926,92.85012,-72.21985,137.52464,-55.31071,228.59294,-149.58387,303.08023,-10.06503,237.76367,122.40613,"Gillis, Jacob",10036249,"Boles, Brady",841175,"Foor, Daylen",1000165264,"Wheatley, Luke",10290520,"Anctil, Justin",1000608882,"Byrd, Cadyn",1000608881,"Fryman, Bennett",814538,TRUE,,
fe881bac-4a30-4fb5-a103-220cd5b27190,4,2f0378e0-c1c9-11f1-804e-4d6eca9479d4,73b47085-7193-4875-a97a-63b591748388,2026-10-06,16:01:54.15,2026-10-06,21:01:54.15,2026-10-06T16:01:54.1540000-05:00,2026-10-06T21:01:54.1540000Z,TEX_BOB,TEX_BOB,StrikeCalled,Undefined,NoShift,91.19463,57.5206,149.07669,30.09467,92.51641,-72.71305,137.93725,-55.11496,227.4017,-149.00927,303.87456,-10.53352,231.737,125.54142,"Gillis, Jacob",10036249,"Boles, Brady",841175,"Foor, Daylen",1000165264,"Wheatley, Luke",10290520,"Anctil, Justin",1000608882,"Byrd, Cadyn",1000608881,"Fryman, Bennett",814538,TRUE,,
fe881bac-4a30-4fb5-a103-220cd5b27190,5,471b1320-c1c9-11f1-804e-4d6eca9479d4,ccb45ca2-577c-44ba-8d20-5ade7a8c8341,2026-10-06,16:02:34.52,2026-10-06,21:02:34.52,2026-10-06T16:02:34.5227776-05:00,2026-10-06T21:02:34.5227776Z,TEX_BOB,TEX_BOB,BallCalled,Undefined,NoShift,91.18172,74.12808,140.90732,53.57265,105.14825,-63.36762,152.63616,-19.62618,227.62514,-146.61165,295.25894,-13.17359,256.6364,129.22743,"Gillis, Jacob",10036249,"Boles, Brady",841175,"Foor, Daylen",1000165264,"Wheatley, Luke",10290520,"Anctil, Justin",1000608882,"Byrd, Cadyn",1000608881,"Fryman, Bennett",814538,TRUE,,
fe881bac-4a30-4fb5-a103-220cd5b27190,6,52461d30-c1c9-11f1-804e-4d6eca9479d4,97db4e6e-34bd-448d-879d-cd6922a4884b,2026-10-06,16:02:53.26,2026-10-06,21:02:53.26,2026-10-06T16:02:53.2665344-05:00,2026-10-06T21:02:53.2665344Z,TEX_BOB,TEX_BOB,BallCalled,Undefined,NoShift,90.42234,75.31855,141.18453,54.14981,108.02329,-65.42296,153.86292,-19.41104,226.38551,-146.64647,299.82044,-13.47117,254.74921,127.5296,"Gillis, Jacob",10036249,"Boles, Brady",841175,"Foor, Daylen",1000165264,"Wheatley, Luke",10290520,"Anctil, Justin",1000608882,"Byrd, Cadyn",1000608881,"Fryman, Bennett",814538,TRUE,,
fe881bac-4a30-4fb5-a103-220cd5b27190,7,5e6ee830-c1c9-11f1-804e-4d6eca9479d4,62990d83-81a9-418b-a313-b793dbcf4562,2026-10-06,16:03:13.73,2026-10-06,21:03:13.73,2026-10-06T16:03:13.7333760-05:00,2026-10-06T21:03:13.7333760Z,TEX_BOB,TEX_BOB,BallCalled,Undefined,NoShift,91.62269,75.79732,141.06892,54.716,110.08593,-67.37173,152.42774,-20.02222,226.35742,-146.92626,298.36507,-14.32288,255.14803,127.81311,"Gillis, Jacob",10036249,"Boles, Brady",841175,"Foor, Daylen",1000165264,"Wheatley, Luke",10290520,"Anctil, Justin",1000608882,"Byrd, Cadyn",1000608881,"Fryman, Bennett",814538,TRUE,,
fe881bac-4a30-4fb5-a103-220cd5b27190,8,6b653c60-c1c9-11f1-804e-4d6eca9479d4,48e2f088-ced9-446e-bf1f-0b0773af079c,2026-10-06,16:03:35.47,2026-10-06,21:03:35.47,2026-10-06T16:03:35.4757632-05:00,2026-10-06T21:03:35.4757632Z,TEX_BOB,TEX_BOB,StrikeCalled,Undefined,NoShift,91.62937,75.9468,140.23542,55.71903,106.63493,-60.19456,153.31145,-20.23548,225.55008,-145.52236,304.68773,-13.53565,251.361,126.88315,"Gillis, Jacob",10036249,"Boles, Brady",841175,"Foor, Daylen",1000165264,"Wheatley, Luke",10290520,"Anctil, Justin",1000608882,"Byrd, Cadyn",1000608881,"Fryman, Bennett",814538,TRUE,,
fe881bac-4a30-4fb5-a103-220cd5b27190,9,77a6bf80-c1c9-11f1-804e-4d6eca9479d4,aef960a1-f1a3-414c-8f31-88afe83a9c5d,2026-10-06,16:03:56.01,2026-10-06,21:03:56.01,2026-10-06T16:03:56.0184832-05:00,2026-10-06T21:03:56.0184832Z,TEX_BOB,TEX_BOB,FoulBallNotFieldable,Undefined,NoShift,92.13947,75.77266,140.17619,56.3973,104.27627,-58.86386,153.15495,-20.69758,225.57457,-145.77522,308.31989,-14.81939,252.44622,126.40218,"Gillis, Jacob",10036249,"Boles, Brady",841175,"Foor, Daylen",1000165264,"Wheatley, Luke",10290520,"Anctil, Justin",1000608882,"Byrd, Cadyn",1000608881,"Fryman, Bennett",814538,TRUE,,
fe881bac-4a30-4fb5-a103-220cd5b27190,10,89652310-c1c9-11f1-804e-4d6eca9479d4,375bd65f-47d8-44db-bb53-87d725d4f51f,2026-10-06,16:04:25.76,2026-10-06,21:04:25.76,2026-10-06T16:04:25.7620480-05:00,2026-10-06T21:04:25.7620480Z,TEX_BOB,TEX_BOB,InPlay,Out,NoShift,92.46377,76.50447,139.50756,55.3697,103.54125,-61.31539,152.40195,-21.16122,228.13998,-145.60573,305.91185,-13.21815,252.06682,126.52392,"Gillis, Jacob",10036249,"Boles, Brady",841175,"Foor, Daylen",1000165264,"Wheatley, Luke",10290520,"Anctil, Justin",1000608882,"Byrd, Cadyn",1000608881,"Fryman, Bennett",814538,TRUE,"Gillis, Jacob",1B
fe881bac-4a30-4fb5-a103-220cd5b27190,11,a028ed20-c1c9-11f1-804e-4d6eca9479d4,3716578b-c6c7-47b3-a95f-ec836ab0c87c,2026-10-06,16:05:03.98,2026-10-06,21:05:03.98,2026-10-06T16:05:03.9864320-05:00,2026-10-06T21:05:03.9864320Z,TEX_BOB,TEX_BOB,BallCalled,Undefined,NoShift,96.23994,60.49458,149.86772,31.23537,90.70409,-71.31302,136.43189,-57.08171,240.64694,-139.45633,305.14542,-16.00583,237.73529,129.7448,"Gillis, Jacob",10036249,"Boles, Brady",841175,"Foor, Daylen",1000165264,"Wheatley, Luke",10290520,"Anctil, Justin",1000608882,"Byrd, Cadyn",1000608881,"Fryman, Bennett",814538,TRUE,,
fe881bac-4a30-4fb5-a103-220cd5b27190,12,a991d4d0-c1c9-11f1-804e-4d6eca9479d4,2d20d6ca-1d90-4c0c-ad6d-8c099b07a4c2,2026-10-06,16:05:19.78,2026-10-06,21:05:19.78,2026-10-06T16:05:19.7860352-05:00,2026-10-06T21:05:19.7860352Z,TEX_BOB,TEX_BOB,BallCalled,Undefined,NoShift,97.46338,61.82119,149.79659,28.57367,88.89297,-71.17046,135.95055,-57.01125,247.87985,-121.30131,301.38713,-6.80475,236.81841,129.23873,"Gillis, Jacob",10036249,"Boles, Brady",841175,"Foor, Daylen",1000165264,"Wheatley, Luke",10290520,"Anctil, Justin",1000608882,"Byrd, Cadyn",1000608881,"Fryman, Bennett",814538,TRUE,,
fe881bac-4a30-4fb5-a103-220cd5b27190,13,b75a1f00-c1c9-11f1-804e-4d6eca9479d4,b079e74a-ef4b-459f-9378-7568195234a2,2026-10-06,16:05:42.93,2026-10-06,21:05:42.93,2026-10-06T16:05:42.9313024-05:00,2026-10-06T21:05:42.9313024Z,TEX_BOB,TEX_BOB,InPlay,Double,NoShift,97.44696,61.95403,150.71639,28.91648,90.18188,-74.4116,136.42055,-56.51811,246.67159,-121.21326,307.28813,-11.82568,234.98272,129.46758,"Gillis, Jacob",10036249,"Boles, Brady",841175,"Foor, Daylen",1000165264,"Wheatley, Luke",10290520,"Anctil, Justin",1000608882,"Byrd, Cadyn",1000608881,"Fryman, Bennett",814538,TRUE,"Anctil, Justin",LF
fe881bac-4a30-4fb5-a103-220cd5b27190,14,d56465f0-c1c9-11f1-804e-4d6eca9479d4,c6f0fd79-b08b-4113-b3a8-81e1564f4177,2026-10-06,16:06:33.21,2026-10-06,21:06:33.21,2026-10-06T16:06:33.2186112-05:00,2026-10-06T21:06:33.2186112Z,TEX_BOB,TEX_BOB,StrikeCalled,Undefined,NoShift,95.18698,59.08729,148.62173,25.2812,88.39519,-66.559,136.08017,-57.45484,247.05521,-127.47784,303.1548,-10.75592,245.48762,127.17532,"Gillis, Jacob",10036249,"Boles, Brady",841175,"Foor, Daylen",1000165264,"Wheatley, Luke",10290520,"Anctil, Justin",1000608882,"Byrd, Cadyn",1000608881,"Fryman, Bennett",814538,TRUE,,
fe881bac-4a30-4fb5-a103-220cd5b27190,15,e022a470-c1c9-11f1-804e-4d6eca9479d4,6522b00e-643f-456f-b88f-4b4819b9b3ff,2026-10-06,16:06:51.30,2026-10-06,21:06:51.30,2026-10-06T16:06:51.3060352-05:00,2026-10-06T21:06:51.3060352Z,TEX_BOB,TEX_BOB,BallCalled,Undefined,NoShift,96.69155,61.02893,151.38171,27.85625,89.02296,-69.5806,135.56469,-57.89838,248.60529,-126.09721,304.73856,-9.36422,244.71251,127.97976,"Gillis, Jacob",10036249,"Boles, Brady",841175,"Foor, Daylen",1000165264,"Wheatley, Luke",10290520,"Anctil, Justin",1000608882,"Byrd, Cadyn",1000608881,"Fryman, Bennett",814538,TRUE,,
fe881bac-4a30-4fb5-a103-220cd5b27190,16,f0c4c290-c1c9-11f1-804e-4d6eca9479d4,4c23b40f-62dd-4de6-a1b2-7a6c767d8761,2026-10-06,16:07:19.16,2026-10-06,21:07:19.16,2026-10-06T16:07:19.1652864-05:00,2026-10-06T21:07:19.1652864Z,TEX_BOB,TEX_BOB,BallCalled,Undefined,NoShift,94.12401,59.58139,151.30017,26.3078,90.30362,-68.27103,136.13331,-57.54635,247.07858,-125.14503,306.76495,-9.97719,240.94952,126.82685,"Gillis, Jacob",10036249,"Boles, Brady",841175,"Foor, Daylen",1000165264,"Wheatley, Luke",10290520,"Anctil, Justin",1000608882,"Byrd, Cadyn",1000608881,"Fryman, Bennett",814538,TRUE,,
fe881bac-4a30-4fb5-a103-220cd5b27190,17,fc6dfd50-c1c9-11f1-804e-4d6eca9479d4,1839a362-7a7a-438e-9b0b-acab2c03bb12,2026-10-06,16:07:38.77,2026-10-06,21:07:38.77,2026-10-06T16:07:38.7788288-05:00,2026-10-06T21:07:38.7788288Z,TEX_BOB,TEX_BOB,BallCalled,Undefined,NoShift,95.8427,60.4344,146.06501,21.71816,89.66283,-69.5932,136.45929,-56.86683,242.41121,-124.01889,314.5753,-11.42504,241.72023,130.91668,"Gillis, Jacob",10036249,"Boles, Brady",841175,"Foor, Daylen",1000165264,"Wheatley, Luke",10290520,"Anctil, Justin",1000608882,"Byrd, Cadyn",1000608881,"Fryman, Bennett",814538,TRUE,,
fe881bac-4a30-4fb5-a103-220cd5b27190,18,09054190-c1ca-11f1-804e-4d6eca9479d4,79dd401f-d9db-43f0-a538-357838e8aab4,2026-10-06,16:07:59.92,2026-10-06,21:07:59.92,2026-10-06T16:07:59.9225344-05:00,2026-10-06T21:07:59.9225344Z,TEX_BOB,TEX_BOB,StrikeSwinging,Undefined,NoShift,96.28144,60.8163,151.36154,26.56873,89.42084,-69.66662,136.78624,-57.41286,240.0996,-122.84327,313.40145,-11.51837,241.71303,132.18411,"Gillis, Jacob",10036249,"Boles, Brady",841175,"Foor, Daylen",1000165264,"Wheatley, Luke",10290520,"Anctil, Justin",1000608882,"Byrd, Cadyn",1000608881,"Fryman, Bennett",814538,TRUE,,
fe881bac-4a30-4fb5-a103-220cd5b27190,19,16c415e0-c1ca-11f1-804e-4d6eca9479d4,d975ed6e-4294-45b9-8351-fbd32a97d7ec,2026-10-06,16:08:22.93,2026-10-06,21:08:22.93,2026-10-06T16:08:22.9318144-05:00,2026-10-06T21:08:22.9318144Z,TEX_BOB,TEX_BOB,FoulBallNotFieldable,Undefined,NoShift,95.20386,60.0386,152.19302,26.20569,91.24835,-71.02896,136.38497,-56.78117,244.11301,-124.22946,306.92762,-11.84665,239.40887,130.84239,"Gillis, Jacob",10036249,"Boles, Brady",841175,"Foor, Daylen",1000165264,"Wheatley, Luke",10290520,"Anctil, Justin",1000608882,"Byrd, Cadyn",1000608881,"Fryman, Bennett",814538,TRUE,,
fe881bac-4a30-4fb5-a103-220cd5b27190,20,26732170-c1ca-11f1-804e-4d6eca9479d4,4fe21e2f-ad6a-4eb6-82b5-4844d32a69d3,2026-10-06,16:08:49.27,2026-10-06,21:08:49.27,2026-10-06T16:08:49.2772352-05:00,2026-10-06T21:08:49.2772352Z,TEX_BOB,TEX_BOB,InPlay,Out,NoShift,96.18231,61.16832,152.31679,24.75501,92.49567,-71.48831,136.86277,-56.85615,244.44632,-123.28741,309.54971,-11.39046,238.88342,130.6851,"Gillis, Jacob",10036249,"Boles, Brady",841175,"Foor, Daylen",1000165264,"Wheatley, Luke",10290520,"Anctil, Justin",1000608882,"Byrd, Cadyn",1000608881,"Fryman, Bennett",814538,TRUE,"Gillis, Jacob",1B
fe881bac-4a30-4fb5-a103-220cd5b27190,21,aed168b0-c1ca-11f1-804e-4d6eca9479d4,c31e38e0-9bdf-4a76-ad1b-cad919aee35a,2026-10-06,16:12:38.03,2026-10-06,21:12:38.03,2026-10-06T16:12:38.0350464-05:00,2026-10-06T21:12:38.0350464Z,TEX_BOB,TEX_BOB,StrikeCalled,Undefined,NoShift,92.89116,52.4727,149.19429,32.99528,84.95154,-65.35295,141.33384,-46.47591,252.76315,-128.73722,301.51806,-2.23518,250.98779,133.44201,"Carson, Tanner",841179,"Alaniz, Rylan",10304817,"Wheatley, Luke",10290520,"Foor, Daylen",1000165264,"Cotton, Jackson",828562,"Fryman, Bennett",814538,"Byrd, Cadyn",1000608881,TRUE,,
fe881bac-4a30-4fb5-a103-220cd5b27190,22,bc5de260-c1ca-11f1-804e-4d6eca9479d4,a9285e88-01ec-4903-91ce-c889d700a771,2026-10-06,16:13:00.75,2026-10-06,21:13:00.75,2026-10-06T16:13:00.7584256-05:00,2026-10-06T21:13:00.7584256Z,TEX_BOB,TEX_BOB,BallCalled,Undefined,NoShift,91.06912,52.78545,146.396,33.88201,84.74266,-65.3263,141.68542,-46.98894,242.9289,-124.04275,295.98259,-0.59448,246.04874,129.97138,"Carson, Tanner",841179,"Alaniz, Rylan",10304817,"Wheatley, Luke",10290520,"Foor, Daylen",1000165264,"Cotton, Jackson",828562,"Fryman, Bennett",814538,"Byrd, Cadyn",1000608881,TRUE,,
fe881bac-4a30-4fb5-a103-220cd5b27190,23,c8b58590-c1ca-11f1-804e-4d6eca9479d4,65aa8e07-07bc-4dd5-8870-1e1430b838fb,2026-10-06,16:13:21.48,2026-10-06,21:13:21.48,2026-10-06T16:13:21.4811136-05:00,2026-10-06T21:13:21.4811136Z,TEX_BOB,TEX_BOB,StrikeCalled,Undefined,NoShift,89.23365,50.94145,146.72881,35.46692,85.83112,-65.78232,141.31941,-48.42834,251.99851,-128.50793,296.56603,0.07563,252.8759,133.25086,"Carson, Tanner",841179,"Alaniz, Rylan",10304817,"Wheatley, Luke",10290520,"Foor, Daylen",1000165264,"Cotton, Jackson",828562,"Fryman, Bennett",814538,"Byrd, Cadyn",1000608881,TRUE,,
fe881bac-4a30-4fb5-a103-220cd5b27190,24,d620bba0-c1ca-11f1-804e-4d6eca9479d4,d1ff22b8-7024-48d0-85bc-1e5f8c1734df,2026-10-06,16:13:44.08,2026-10-06,21:13:44.08,2026-10-06T16:13:44.0800768-05:00,2026-10-06T21:13:44.0800768Z,TEX_BOB,TEX_BOB,BallCalled,Undefined,NoShift,89.40374,51.67599,147.78552,35.60361,86.97702,-67.06008,141.75896,-48.43279,252.15284,-128.60737,301.81917,-0.89507,251.6387,129.67613,"Carson, Tanner",841179,"Alaniz, Rylan",10304817,"Wheatley, Luke",10290520,"Foor, Daylen",1000165264,"Cotton, Jackson",828562,"Fryman, Bennett",814538,"Byrd, Cadyn",1000608881,TRUE,,
fe881bac-4a30-4fb5-a103-220cd5b27190,25,e15e1530-c1ca-11f1-804e-4d6eca9479d4,84226191-273e-4f2c-b914-7644ad540bfa,2026-10-06,16:14:02.86,2026-10-06,21:14:02.86,2026-10-06T16:14:02.8650000-05:00,2026-10-06T21:14:02.8650000Z,TEX_BOB,TEX_BOB,StrikeSwinging,Undefined,NoShift,87.28196,50.88287,149.75132,34.80122,90.26645,-70.52047,140.60385,-47.7463,251.28367,-128.5355,296.07866,-0.17568,251.30002,134.36972,"Carson, Tanner",841179,"Alaniz, Rylan",10304817,"Wheatley, Luke",10290520,"Foor, Daylen",1000165264,"Cotton, Jackson",828562,"Fryman, Bennett",814538,"Byrd, Cadyn",1000608881,TRUE,,
fe881bac-4a30-4fb5-a103-220cd5b27190,26,09b69ac0-c1cb-11f1-804e-4d6eca9479d4,21b0cb64-3c07-4a1f-afe3-fafeaa342a42,2026-10-06,16:15:10.53,2026-10-06,21:15:10.53,2026-10-06T16:15:10.5395200-05:00,2026-10-06T21:15:10.5395200Z,TEX_BOB,TEX_BOB,FoulBallNotFieldable,Undefined,NoShift,87.68603,51.71835,146.5797,38.80941,92.01799,-73.77721,139.95445,-50.93422,248.23184,-130.95643,303.19998,-0.92629,251.40362,133.10184,"Carson, Tanner",841179,"Alaniz, Rylan",10304817,"Wheatley, Luke",10290520,"Foor, Daylen",1000165264,"Cotton, Jackson",828562,"Fryman, Bennett",814538,"Byrd, Cadyn",1000608881,TRUE,,
fe881bac-4a30-4fb5-a103-220cd5b27190,27,19d33530-c1cb-11f1-804e-4d6eca9479d4,90a14cdf-cfe3-4b71-96f8-c8194c223d70,2026-10-06,16:15:37.52,2026-10-06,21:15:37.52,2026-10-06T16:15:37.5259136-05:00,2026-10-06T21:15:37.5259136Z,TEX_BOB,TEX_BOB,InPlay,Out,NoShift,90.63492,52.74019,147.08551,39.4278,92.63211,-74.6969,139.7317,-50.71376,248.30748,-136.43689,301.857,-0.65008,257.93294,134.15329,"Carson, Tanner",841179,"Alaniz, Rylan",10304817,"Wheatley, Luke",10290520,"Foor, Daylen",1000165264,"Cotton, Jackson",828562,"Fryman, Bennett",814538,"Byrd, Cadyn",1000608881,TRUE,"Alaniz, Rylan",2B
fe881bac-4a30-4fb5-a103-220cd5b27190,28,32ab6050-c1cb-11f1-804e-4d6eca9479d4,a6441e2d-61af-49f2-8802-91ca3ae5f9bb,2026-10-06,16:16:19.28,2026-10-06,21:16:19.28,2026-10-06T16:16:19.2829952-05:00,2026-10-06T21:16:19.2829952Z,TEX_BOB,TEX_BOB,StrikeCalled,Undefined,NoShift,98.94909,79.42502,142.08686,62.58743,88.37981,-58.49714,148.05438,-32.25024,225.36786,-139.20321,291.90146,-15.72735,256.40246,121.40017,"Carson, Tanner",841179,"Alaniz, Rylan",10304817,"Wheatley, Luke",10290520,"Foor, Daylen",1000165264,"Cotton, Jackson",828562,"Fryman, Bennett",814538,"Byrd, Cadyn",1000608881,TRUE,,
fe881bac-4a30-4fb5-a103-220cd5b27190,29,3e2db220-c1cb-11f1-804e-4d6eca9479d4,cbc913fd-0034-45c7-9702-aa339f549bb5,2026-10-06,16:16:38.58,2026-10-06,21:16:38.58,2026-10-06T16:16:38.5881088-05:00,2026-10-06T21:16:38.5881088Z,TEX_BOB,TEX_BOB,FoulBallNotFieldable,Undefined,NoShift,98.19047,78.1335,141.36376,61.29242,88.41652,-58.02509,148.00101,-32.31374,220.91448,-140.27125,293.05887,-16.06636,260.99646,120.90594,"Carson, Tanner",841179,"Alaniz, Rylan",10304817,"Wheatley, Luke",10290520,"Foor, Daylen",1000165264,"Cotton, Jackson",828562,"Fryman, Bennett",814538,"Byrd, Cadyn",1000608881,TRUE,,
fe881bac-4a30-4fb5-a103-220cd5b27190,30,4ebe9230-c1cb-11f1-804e-4d6eca9479d4,1181ad5a-abcd-4399-8786-c81f356a37b2,2026-10-06,16:17:06.32,2026-10-06,21:17:06.32,2026-10-06T16:17:06.3292928-05:00,2026-10-06T21:17:06.3292928Z,TEX_BOB,TEX_BOB,StrikeSwinging,Undefined,NoShift,97.25396,76.11227,140.82846,62.90573,87.91188,-58.94903,148.97387,-34.24145,217.97614,-137.95541,289.33107,-16.73529,259.74595,122.30668,"Carson, Tanner",841179,"Alaniz, Rylan",10304817,"Wheatley, Luke",10290520,"Foor, Daylen",1000165264,"Cotton, Jackson",828562,"Fryman, Bennett",814538,"Byrd, Cadyn",1000608881,TRUE,,
fe881bac-4a30-4fb5-a103-220cd5b27190,31,c095f150-c1cb-11f1-804e-4d6eca9479d4,857f03e3-f313-4c1c-86fc-ba5c6ba327b4,2026-10-06,16:20:17.41,2026-10-06,21:20:17.41,2026-10-06T16:20:17.4176256-05:00,2026-10-06T21:20:17.4176256Z,TEX_BOB,TEX_BOB,StrikeCalled,Undefined,NoShift,95.36477,66.13666,148.75163,29.93512,90.47897,-71.67919,134.90157,-58.58141,247.51171,-125.76509,296.76586,-1.98343,237.69445,125.9029,"Namken, Clayton",834577,"Boles, Brady",841175,"Carson, Tanner",841179,"Alaniz, Rylan",10304817,"Gillis, Jacob",10036249,"Cotton, Jackson",828562,"Mitchell, Drayton",10156664,TRUE,,
fe881bac-4a30-4fb5-a103-220cd5b27190,32,caad8f90-c1cb-11f1-804e-4d6eca9479d4,c6fdc044-c2ec-4a54-ad44-efb92d9e2ba3,2026-10-06,16:20:34.31,2026-10-06,21:20:34.31,2026-10-06T16:20:34.3157248-05:00,2026-10-06T21:20:34.3157248Z,TEX_BOB,TEX_BOB,BallCalled,Undefined,NoShift,95.26935,66.55278,149.49965,30.3098,89.96779,-71.05678,133.44536,-57.57402,248.10494,-125.37497,297.62398,-3.06379,238.03883,126.82831,"Namken, Clayton",834577,"Boles, Brady",841175,"Carson, Tanner",841179,"Alaniz, Rylan",10304817,"Gillis, Jacob",10036249,"Cotton, Jackson",828562,"Mitchell, Drayton",10156664,TRUE,,
fe881bac-4a30-4fb5-a103-220cd5b27190,33,d6a31590-c1cb-11f1-804e-4d6eca9479d4,91fbd775-8f5c-4643-9004-09f204076d47,2026-10-06,16:20:54.39,2026-10-06,21:20:54.39,2026-10-06T16:20:54.3940608-05:00,2026-10-06T21:20:54.3940608Z,TEX_BOB,TEX_BOB,FoulBallNotFieldable,Undefined,NoShift,94.61789,66.74584,149.2885,31.88371,90.85717,-71.96547,134.63076,-58.04144,247.48817,-125.79839,299.82631,-2.96375,237.42203,126.8579,"Namken, Clayton",834577,"Boles, Brady",841175,"Carson, Tanner",841179,"Alaniz, Rylan",10304817,"Gillis, Jacob",10036249,"Cotton, Jackson",828562,"Mitchell, Drayton",10156664,TRUE,,
fe881bac-4a30-4fb5-a103-220cd5b27190,34,e5daa730-c1cb-11f1-804e-4d6eca9479d4,8e2845e5-f0f6-48af-a249-bdf76067e3ec,2026-10-06,16:21:19.91,2026-10-06,21:21:19.91,2026-10-06T16:21:19.9192576-05:00,2026-10-06T21:21:19.9192576Z,TEX_BOB,TEX_BOB,FoulBallNotFieldable,Undefined,NoShift,94.33778,65.21274,148.87892,33.37236,90.02161,-71.43529,133.12704,-57.45093,249.09498,-127.59714,296.73212,-3.15181,238.94178,129.85185,"Namken, Clayton",834577,"Boles, Brady",841175,"Carson, Tanner",841179,"Alaniz, Rylan",10304817,"Gillis, Jacob",10036249,"Cotton, Jackson",828562,"Mitchell, Drayton",10156664,TRUE,,
fe881bac-4a30-4fb5-a103-220cd5b27190,35,f5c1d9c0-c1cb-11f1-804e-4d6eca9479d4,54b99bd6-7b26-4fa0-b040-f31532fd5b0a,2026-10-06,16:21:46.58,2026-10-06,21:21:46.58,2026-10-06T16:21:46.5821184-05:00,2026-10-06T21:21:46.5821184Z,TEX_BOB,TEX_BOB,InPlay,Single,NoShift,94.88284,65.75385,148.82997,33.11802,89.7882,-71.04445,134.36041,-56.42255,249.54308,-128.5209,301.49964,-2.7278,237.11202,129.82629,"Namken, Clayton",834577,"Boles, Brady",841175,"Carson, Tanner",841179,"Alaniz, Rylan",10304817,"Gillis, Jacob",10036249,"Cotton, Jackson",828562,"Mitchell, Drayton",10156664,TRUE,"Cotton, Jackson",CF
fe881bac-4a30-4fb5-a103-220cd5b27190,36,0f2491a0-c1cc-11f1-804e-4d6eca9479d4,319fc298-b485-43c8-ba0d-d05ebf601600,2026-10-06,16:22:29.21,2026-10-06,21:22:29.21,2026-10-06T16:22:29.2150000-05:00,2026-10-06T21:22:29.2150000Z,TEX_BOB,TEX_BOB,StrikeCalled,Undefined,NoShift,62.96603,58.64147,134.94913,39.65485,94.21695,-49.60964,145.1951,-15.54764,297.26416,-150.80438,307.12763,-4.02619,244.0355,128.74752,"Namken, Clayton",834577,"Boles, Brady",841175,"Carson, Tanner",841179,"Alaniz, Rylan",10304817,"Gillis, Jacob",10036249,"Cotton, Jackson",828562,"Mitchell, Drayton",10156664,TRUE,,
fe881bac-4a30-4fb5-a103-220cd5b27190,37,219f1940-c1cc-11f1-804e-4d6eca9479d4,7383f292-d387-48ef-84a0-ce693dafd334,2026-10-06,16:23:00.17,2026-10-06,21:23:00.17,2026-10-06T16:23:00.1726976-05:00,2026-10-06T21:23:00.1726976Z,TEX_BOB,TEX_BOB,InPlay,Error,NoShift,95.37484,76.63772,140.40793,57.24367,103.17082,-55.38187,148.14653,-27.26937,282.8293,-162.62825,302.85535,-3.13717,243.5464,132.52943,"Namken, Clayton",834577,"Boles, Brady",841175,"Carson, Tanner",841179,"Alaniz, Rylan",10304817,"Gillis, Jacob",10036249,"Cotton, Jackson",828562,"Mitchell, Drayton",10156664,TRUE,"Alaniz, Rylan",SS
fe881bac-4a30-4fb5-a103-220cd5b27190,38,3e5ce300-c1cc-11f1-804e-4d6eca9479d4,8916d943-b2b6-4711-86f7-bd97583182fa,2026-10-06,16:23:48.43,2026-10-06,21:23:48.43,2026-10-06T16:23:48.4382720-05:00,2026-10-06T21:23:48.4382720Z,TEX_BOB,TEX_BOB,BallCalled,Undefined,NoShift,94.13993,66.09419,148.20385,25.90036,88.69141,-68.53666,137.19876,-51.55039,244.32329,-122.8574,297.98162,-2.76803,242.06316,129.02744,"Namken, Clayton",834577,"Boles, Brady",841175,"Carson, Tanner",841179,"Alaniz, Rylan",10304817,"Gillis, Jacob",10036249,"Cotton, Jackson",828562,"Mitchell, Drayton",10156664,TRUE,,
fe881bac-4a30-4fb5-a103-220cd5b27190,39,4959b120-c1cc-11f1-804e-4d6eca9479d4,5bc221d4-0983-4744-915a-c188ac32fc4c,2026-10-06,16:24:06.81,2026-10-06,21:24:06.81,2026-10-06T16:24:06.8176384-05:00,2026-10-06T21:24:06.8176384Z,TEX_BOB,TEX_BOB,BallCalled,Undefined,NoShift,93.50551,65.65788,147.50047,24.87899,85.57425,-66.12271,135.98444,-55.23081,247.12926,-124.59395,303.32807,-1.87956,238.86091,129.02132,"Namken, Clayton",834577,"Boles, Brady",841175,"Carson, Tanner",841179,"Alaniz, Rylan",10304817,"Gillis, Jacob",10036249,"Cotton, Jackson",828562,"Mitchell, Drayton",10156664,TRUE,,
fe881bac-4a30-4fb5-a103-220cd5b27190,40,5f28e200-c1cc-11f1-804e-4d6eca9479d4,92fcb364-7fc3-4e16-83de-2436bd46b13e,2026-10-06,16:24:43.43,2026-10-06,21:24:43.43,2026-10-06T16:24:43.4354688-05:00,2026-10-06T21:24:43.4354688Z,TEX_BOB,TEX_BOB,InPlay,Out,NoShift,69.90731,50.79781,93.91794,25.91469,73.9432,-54.27799,94.80749,-28.65024,250.73664,-121.58356,301.81985,-1.90911,237.94108,126.44254,"Namken, Clayton",834577,"Boles, Brady",841175,"Carson, Tanner",841179,"Alaniz, Rylan",10304817,"Gillis, Jacob",10036249,"Cotton, Jackson",828562,"Mitchell, Drayton",10156664,TRUE,"McKnight, Jaxon",C
fe881bac-4a30-4fb5-a103-220cd5b27190,41,76e2f2f0-c1cc-11f1-804e-4d6eca9479d4,0be67211-3f75-48f7-9b9f-c1a0a87ed225,2026-10-06,16:25:23.25,2026-10-06,21:25:23.25,2026-10-06T16:25:23.2521728-05:00,2026-10-06T21:25:23.2521728Z,TEX_BOB,TEX_BOB,StrikeCalled,Undefined,RightInfieldShift,91.63559,76.30438,153.05249,77.50111,106.26167,-54.73246,160.87128,9.57435,265.5738,-106.99196,305.89978,39.43234,242.64703,145.60522,"Namken, Clayton",834577,"Boles, Brady",841175,"Carson, Tanner",841179,"Alaniz, Rylan",10304817,"Gillis, Jacob",10036249,"Cotton, Jackson",828562,"Mitchell, Drayton",10156664,TRUE,,
fe881bac-4a30-4fb5-a103-220cd5b27190,42,81461920-c1cc-11f1-804e-4d6eca9479d4,5932370f-75a6-4523-853d-e070a4cdbaaa,2026-10-06,16:25:40.67,2026-10-06,21:25:40.67,2026-10-06T16:25:40.6752256-05:00,2026-10-06T21:25:40.6752256Z,TEX_BOB,TEX_BOB,BallCalled,Undefined,RightInfieldShift,90.97833,76.10859,148.14765,74.60524,104.05707,-54.45583,157.79728,9.34431,264.57446,-106.33607,308.7084,29.50084,243.02499,145.82464,"Namken, Clayton",834577,"Boles, Brady",841175,"Carson, Tanner",841179,"Alaniz, Rylan",10304817,"Gillis, Jacob",10036249,"Cotton, Jackson",828562,"Mitchell, Drayton",10156664,TRUE,,
fe881bac-4a30-4fb5-a103-220cd5b27190,43,8f9cc0a0-c1cc-11f1-804e-4d6eca9479d4,959a63a1-b1a8-4b83-8c85-5adaa61f3d5b,2026-10-06,16:26:04.74,2026-10-06,21:26:04.74,2026-10-06T16:26:04.7430144-05:00,2026-10-06T21:26:04.7430144Z,TEX_BOB,TEX_BOB,InPlay,Out,RightInfieldShift,92.17005,76.00046,149.47413,75.39717,100.69697,-53.85002,156.82169,11.72631,265.30151,-104.44182,310.15233,28.94979,240.34148,144.61784,"Namken, Clayton",834577,"Boles, Brady",841175,"Carson, Tanner",841179,"Alaniz, Rylan",10304817,"Gillis, Jacob",10036249,"Cotton, Jackson",828562,"Mitchell, Drayton",10156664,TRUE,"Alaniz, Rylan",SS
fe881bac-4a30-4fb5-a103-220cd5b27190,44,fd9fe640-c1cc-11f1-804e-4d6eca9479d4,db5a2ff6-f780-499c-a936-9a0dae91c808,2026-10-06,16:29:09.32,2026-10-06,21:29:09.32,2026-10-06T16:29:09.3248512-05:00,2026-10-06T21:29:09.3248512Z,TEX_BOB,TEX_BOB,StrikeCalled,Undefined,NoShift,95.79616,57.88318,150.26354,28.213,91.3291,-71.78745,135.74899,-57.91626,247.66053,-119.16596,293.78212,-12.14991,238.33445,121.09672,"Gillis, Jacob",10036249,"Boles, Brady",841175,"Foor, Daylen",1000165264,"Wheatley, Luke",10290520,"Anctil, Justin",1000608882,"Byrd, Cadyn",1000608881,"Fryman, Bennett",814538,TRUE,,
fe881bac-4a30-4fb5-a103-220cd5b27190,45,08bd82d0-c1cd-11f1-804e-4d6eca9479d4,e08d1883-9240-4b22-8443-ac045e7cd1fd,2026-10-06,16:29:27.97,2026-10-06,21:29:27.97,2026-10-06T16:29:27.9760384-05:00,2026-10-06T21:29:27.9760384Z,TEX_BOB,TEX_BOB,FoulBallNotFieldable,Undefined,NoShift,96.25093,58.76954,149.53845,29.05607,92.33227,-72.81441,136.07244,-57.0478,248.20992,-119.24768,300.10185,-14.33082,237.59947,125.77198,"Gillis, Jacob",10036249,"Boles, Brady",841175,"Foor, Daylen",1000165264,"Wheatley, Luke",10290520,"Anctil, Justin",1000608882,"Byrd, Cadyn",1000608881,"Fryman, Bennett",814538,TRUE,,
fe881bac-4a30-4fb5-a103-220cd5b27190,46,17853ba0-c1cd-11f1-804e-4d6eca9479d4,7871c6df-6539-458b-93d1-9ad9e86be7de,2026-10-06,16:29:52.74,2026-10-06,21:29:52.74,2026-10-06T16:29:52.7498240-05:00,2026-10-06T21:29:52.7498240Z,TEX_BOB,TEX_BOB,BallCalled,Undefined,NoShift,96.56663,61.84012,147.47159,38.32092,87.47472,-67.24669,137.55165,-54.97495,255.91557,-109.77268,299.50362,3.17409,226.70234,123.45051,"Gillis, Jacob",10036249,"Boles, Brady",841175,"Foor, Daylen",1000165264,"Wheatley, Luke",10290520,"Anctil, Justin",1000608882,"Byrd, Cadyn",1000608881,"Fryman, Bennett",814538,TRUE,,
fe881bac-4a30-4fb5-a103-220cd5b27190,47,238bffb0-c1cd-11f1-804e-4d6eca9479d4,551c0e3a-2cd4-4de6-9b53-3b71469769d4,2026-10-06,16:30:12.96,2026-10-06,21:30:12.96,2026-10-06T16:30:12.9670000-05:00,2026-10-06T21:30:12.9670000Z,TEX_BOB,TEX_BOB,StrikeCalled,Undefined,NoShift,95.23603,62.69731,147.23827,38.36045,88.35131,-68.14127,137.70744,-54.73432,249.68546,-111.72203,298.19492,12.9708,226.79673,125.55817,"Gillis, Jacob",10036249,"Boles, Brady",841175,"Foor, Daylen",1000165264,"Wheatley, Luke",10290520,"Anctil, Justin",1000608882,"Byrd, Cadyn",1000608881,"Fryman, Bennett",814538,TRUE,,
fe881bac-4a30-4fb5-a103-220cd5b27190,48,3429d810-c1cd-11f1-804e-4d6eca9479d4,715e71b3-3f6a-479a-80e0-b97dbf934a17,2026-10-06,16:30:40.84,2026-10-06,21:30:40.84,2026-10-06T16:30:40.8475136-05:00,2026-10-06T21:30:40.8475136Z,TEX_BOB,TEX_BOB,StrikeCalled,Undefined,NoShift,97.7605,61.08978,149.38372,33.34282,94.84845,-73.14921,137.41581,-55.12241,249.60015,-123.71663,300.16008,-5.65883,240.94015,127.32722,"Gillis, Jacob",10036249,"Boles, Brady",841175,"Foor, Daylen",1000165264,"Wheatley, Luke",10290520,"Anctil, Justin",1000608882,"Byrd, Cadyn",1000608881,"Fryman, Bennett",814538,TRUE,,
fe881bac-4a30-4fb5-a103-220cd5b27190,49,3f48fb40-c1cd-11f1-804e-4d6eca9479d4,597ec0ec-fe8c-492f-a26e-629c92beea74,2026-10-06,16:30:59.47,2026-10-06,21:30:59.47,2026-10-06T16:30:59.4738688-05:00,2026-10-06T21:30:59.4738688Z,TEX_BOB,TEX_BOB,BallCalled,Undefined,NoShift,96.16702,59.99541,148.84052,33.45111,94.24254,-74.23983,137.47833,-54.5576,250.45454,-123.37444,307.25439,-7.88925,245.32328,124.03094,"Gillis, Jacob",10036249,"Boles, Brady",841175,"Foor, Daylen",1000165264,"Wheatley, Luke",10290520,"Anctil, Justin",1000608882,"Byrd, Cadyn",1000608881,"Fryman, Bennett",814538,TRUE,,
fe881bac-4a30-4fb5-a103-220cd5b27190,50,4b719f30-c1cd-11f1-804e-4d6eca9479d4,eeecae62-2381-4853-9986-7e252f62e609,2026-10-06,16:31:19.87,2026-10-06,21:31:19.87,2026-10-06T16:31:19.8748160-05:00,2026-10-06T21:31:19.8748160Z,TEX_BOB,TEX_BOB,StrikeCalled,Undefined,NoShift,95.8264,59.88545,149.27635,34.31858,92.20562,-73.87935,136.98123,-55.29061,247.79736,-122.27205,307.23571,-6.86868,241.60746,123.03338,"Gillis, Jacob",10036249,"Boles, Brady",841175,"Foor, Daylen",1000165264,"Wheatley, Luke",10290520,"Anctil, Justin",1000608882,"Byrd, Cadyn",1000608881,"Fryman, Bennett",814538,TRUE,,
fe881bac-4a30-4fb5-a103-220cd5b27190,51,581a6fa0-c1cd-11f1-804e-4d6eca9479d4,46e9d945-d21d-412d-ad98-b883a59eb209,2026-10-06,16:31:41.13,2026-10-06,21:31:41.13,2026-10-06T16:31:41.1365376-05:00,2026-10-06T21:31:41.1365376Z,TEX_BOB,TEX_BOB,BallCalled,Undefined,NoShift,96.30063,62.28881,148.49179,34.33831,92.35853,-72.49408,137.87483,-54.88892,242.69777,-115.74585,296.72969,6.40648,224.21938,123.86098,"Gillis, Jacob",10036249,"Boles, Brady",841175,"Foor, Daylen",1000165264,"Wheatley, Luke",10290520,"Anctil, Justin",1000608882,"Byrd, Cadyn",1000608881,"Fryman, Bennett",814538,TRUE,,
fe881bac-4a30-4fb5-a103-220cd5b27190,52,6507ea30-c1cd-11f1-804e-4d6eca9479d4,4f3ada33-1bfa-48ce-a222-b402ae0e1881,2026-10-06,16:32:02.78,2026-10-06,21:32:02.78,2026-10-06T16:32:02.7830000-05:00,2026-10-06T21:32:02.7830000Z,TEX_BOB,TEX_BOB,StrikeSwinging,Undefined,NoShift,96.00768,61.08698,148.83215,32.2439,92.47729,-72.53306,137.46404,-55.28529,248.96566,-112.4102,305.90077,7.55293,222.5902,122.56299,"Gillis, Jacob",10036249,"Boles, Brady",841175,"Foor, Daylen",1000165264,"Wheatley, Luke",10290520,"Anctil, Justin",1000608882,"Byrd, Cadyn",1000608881,"Fryman, Bennett",814538,TRUE,,
fe881bac-4a30-4fb5-a103-220cd5b27190,53,7cbc2ec0-c1cd-11f1-804e-4d6eca9479d4,635fc165-b38e-4220-932f-a143f737fa5e,2026-10-06,16:32:42.57,2026-10-06,21:32:42.57,2026-10-06T16:32:42.5788416-05:00,2026-10-06T21:32:42.5788416Z,TEX_BOB,TEX_BOB,BallCalled,Undefined,NoShift,91.28235,77.42013,146.38508,63.25478,107.80694,-61.20631,153.17861,-20.09527,233.88504,-128.90148,303.72241,-11.82411,257.81912,130.9639,"Gillis, Jacob",10036249,"Boles, Brady",841175,"Foor, Daylen",1000165264,"Wheatley, Luke",10290520,"Anctil, Justin",1000608882,"Byrd, Cadyn",1000608881,"Fryman, Bennett",814538,TRUE,,
fe881bac-4a30-4fb5-a103-220cd5b27190,54,89dfad70-c1cd-11f1-804e-4d6eca9479d4,f6fd3d6d-8be7-4039-816f-02acd7ae3fc5,2026-10-06,16:33:04.61,2026-10-06,21:33:04.61,2026-10-06T16:33:04.6134784-05:00,2026-10-06T21:33:04.6134784Z,TEX_BOB,TEX_BOB,StrikeCalled,Undefined,NoShift,92.27404,77.14631,145.44645,63.62439,109.77083,-61.17018,152.58229,-19.7934,238.55577,-128.47478,304.58933,-13.22367,257.15403,129.96787,"Gillis, Jacob",10036249,"Boles, Brady",841175,"Foor, Daylen",1000165264,"Wheatley, Luke",10290520,"Anctil, Justin",1000608882,"Byrd, Cadyn",1000608881,"Fryman, Bennett",814538,TRUE,,
fe881bac-4a30-4fb5-a103-220cd5b27190,55,977f12e0-c1cd-11f1-804e-4d6eca9479d4,b77e10b9-8fc7-40f9-9a0b-ed65f55a89a7,2026-10-06,16:33:27.46,2026-10-06,21:33:27.46,2026-10-06T16:33:27.4629632-05:00,2026-10-06T21:33:27.4629632Z,TEX_BOB,TEX_BOB,BallCalled,Undefined,NoShift,92.21557,77.43366,145.51459,63.96062,105.32736,-59.6838,153.16024,-20.66142,237.70717,-127.03797,304.66113,-11.89678,258.35214,131.076,"Gillis, Jacob",10036249,"Boles, Brady",841175,"Foor, Daylen",1000165264,"Wheatley, Luke",10290520,"Anctil, Justin",1000608882,"Byrd, Cadyn",1000608881,"Fryman, Bennett",814538,TRUE,,
fe881bac-4a30-4fb5-a103-220cd5b27190,56,a752e480-c1cd-11f1-804e-4d6eca9479d4,6130750c-20bb-4cea-b7f1-9e84200b48f2,2026-10-06,16:33:54.03,2026-10-06,21:33:54.03,2026-10-06T16:33:54.0379136-05:00,2026-10-06T21:33:54.0379136Z,TEX_BOB,TEX_BOB,InPlay,Out,NoShift,91.28647,76.24108,146.7115,64.94057,101.47867,-60.34796,152.9149,-20.82229,235.19538,-125.77824,306.85707,-12.72742,259.46947,131.6863,"Gillis, Jacob",10036249,"Boles, Brady",841175,"Foor, Daylen",1000165264,"Wheatley, Luke",10290520,"Anctil, Justin",1000608882,"Byrd, Cadyn",1000608881,"Fryman, Bennett",814538,TRUE,"Fryman, Bennett",RF
fe881bac-4a30-4fb5-a103-220cd5b27190,57,17d1df90-c1ce-11f1-804e-4d6eca9479d4,f2c0ca6c-0dfd-44ee-815a-0a2050075ec1,2026-10-06,16:37:02.74,2026-10-06,21:37:02.74,2026-10-06T16:37:02.7473920-05:00,2026-10-06T21:37:02.7473920Z,TEX_BOB,TEX_BOB,FoulBallNotFieldable,Undefined,NoShift,98.10717,75.98493,148.40441,37.33276,91.89763,-73.7418,140.35185,-51.00434,252.54124,-138.80294,305.38234,-1.07993,241.19138,130.65577,"McKnight, Jaxon",10895897,"Alaniz, Rylan",10304817,"Wheatley, Luke",10290520,"Foor, Daylen",1000165264,"Cotton, Jackson",828562,"Fryman, Bennett",814538,"Byrd, Cadyn",1000608881,TRUE,,
fe881bac-4a30-4fb5-a103-220cd5b27190,58,28d00060-c1ce-11f1-804e-4d6eca9479d4,992c7461-909c-4855-a74d-b8e588df9464,2026-10-06,16:37:31.28,2026-10-06,21:37:31.28,2026-10-06T16:37:31.2880640-05:00,2026-10-06T21:37:31.2880640Z,TEX_BOB,TEX_BOB,HitByPitch,Undefined,NoShift,100.23962,73.86566,146.90171,36.7545,92.82608,-75.21808,141.12861,-48.61596,249.37043,-135.88869,303.53198,-1.06412,246.35237,131.93543,"McKnight, Jaxon",10895897,"Alaniz, Rylan",10304817,"Wheatley, Luke",10290520,"Foor, Daylen",1000165264,"Cotton, Jackson",828562,"Fryman, Bennett",814538,"Byrd, Cadyn",1000608881,TRUE,,
fe881bac-4a30-4fb5-a103-220cd5b27190,59,43a81a30-c1ce-11f1-804e-4d6eca9479d4,5aaaf867-9e3f-466b-b004-c0e262f295ce,2026-10-06,16:38:16.24,2026-10-06,21:38:16.24,2026-10-06T16:38:16.2460672-05:00,2026-10-06T21:38:16.2460672Z,TEX_BOB,TEX_BOB,BallCalled,Undefined,NoShift,64.51734,58.8631,139.10681,25.99576,83.0396,-64.1389,137.53456,-35.31569,244.36586,-134.99134,292.35145,-1.89074,245.62724,131.17226,"McKnight, Jaxon",10895897,"Alaniz, Rylan",10304817,"Wheatley, Luke",10290520,"Foor, Daylen",1000165264,"Cotton, Jackson",828562,"Fryman, Bennett",814538,"Byrd, Cadyn",1000608881,TRUE,,
fe881bac-4a30-4fb5-a103-220cd5b27190,60,4f493ea0-c1ce-11f1-804e-4d6eca9479d4,b58a5887-bc89-41b3-a521-30e550f699ab,2026-10-06,16:38:35.79,2026-10-06,21:38:35.79,2026-10-06T16:38:35.7933568-05:00,2026-10-06T21:38:35.7933568Z,TEX_BOB,TEX_BOB,BallCalled,Undefined,NoShift,64.67764,58.52604,140.95838,28.00121,88.5458,-67.69387,137.00632,-35.02035,249.48406,-138.75272,297.46911,-1.78828,248.13521,134.52573,"McKnight, Jaxon",10895897,"Alaniz, Rylan",10304817,"Wheatley, Luke",10290520,"Foor, Daylen",1000165264,"Cotton, Jackson",828562,"Fryman, Bennett",814538,"Byrd, Cadyn",1000608881,TRUE,,
fe881bac-4a30-4fb5-a103-220cd5b27190,61,5bef9e10-c1ce-11f1-804e-4d6eca9479d4,091fe2a9-0614-4d5d-888e-687676d1f6a7,2026-10-06,16:38:57.03,2026-10-06,21:38:57.03,2026-10-06T16:38:57.0331648-05:00,2026-10-06T21:38:57.0331648Z,TEX_BOB,TEX_BOB,BallCalled,Undefined,NoShift,64.70875,59.20724,140.25912,26.78741,87.44214,-69.19175,136.81803,-34.0898,245.73314,-135.55132,297.29214,-0.72861,245.76426,133.47311,"McKnight, Jaxon",10895897,"Alaniz, Rylan",10304817,"Wheatley, Luke",10290520,"Foor, Daylen",1000165264,"Cotton, Jackson",828562,"Fryman, Bennett",814538,"Byrd, Cadyn",1000608881,TRUE,,
fe881bac-4a30-4fb5-a103-220cd5b27190,62,6e7c9c40-c1ce-11f1-804e-4d6eca9479d4,d925f87f-9312-4fdf-b348-2db878572389,2026-10-06,16:39:28.16,2026-10-06,21:39:28.16,2026-10-06T16:39:28.1683456-05:00,2026-10-06T21:39:28.1683456Z,TEX_BOB,TEX_BOB,StrikeCalled,Undefined,NoShift,95.50518,72.99559,142.87314,22.72518,86.46948,-72.87326,140.26408,-50.05922,246.84199,-135.09206,299.54625,-1.93611,252.18062,136.25551,"McKnight, Jaxon",10895897,"Alaniz, Rylan",10304817,"Wheatley, Luke",10290520,"Foor, Daylen",1000165264,"Cotton, Jackson",828562,"Fryman, Bennett",814538,"Byrd, Cadyn",1000608881,TRUE,,
fe881bac-4a30-4fb5-a103-220cd5b27190,63,793b9e10-c1ce-11f1-804e-4d6eca9479d4,2cc22ce2-91be-467d-9dd2-fad824f0b779,2026-10-06,16:39:46.18,2026-10-06,21:39:46.18,2026-10-06T16:39:46.1828096-05:00,2026-10-06T21:39:46.1828096Z,TEX_BOB,TEX_BOB,BallCalled,Undefined,NoShift,94.7819,71.92775,142.68481,21.19338,87.4412,-73.95162,140.09036,-50.35555,247.56776,-138.89477,296.61206,-2.08403,250.35174,134.33196,"McKnight, Jaxon",10895897,"Alaniz, Rylan",10304817,"Wheatley, Luke",10290520,"Foor, Daylen",1000165264,"Cotton, Jackson",828562,"Fryman, Bennett",814538,"Byrd, Cadyn",1000608881,TRUE,,
fe881bac-4a30-4fb5-a103-220cd5b27190,64,988a72f0-c1ce-11f1-804e-4d6eca9479d4,ba61aa7e-27e0-46d6-8d32-cf2fb19ba367,2026-10-06,16:40:38.67,2026-10-06,21:40:38.67,2026-10-06T16:40:38.6776064-05:00,2026-10-06T21:40:38.6776064Z,TEX_BOB,TEX_BOB,BallCalled,Undefined,NoShift,66.66265,58.05006,142.08698,22.76709,80.85065,-65.80128,136.85396,-34.1821,249.97455,-129.06136,297.46793,14.30283,239.77691,139.09112,"McKnight, Jaxon",10895897,"Alaniz, Rylan",10304817,"Wheatley, Luke",10290520,"Foor, Daylen",1000165264,"Cotton, Jackson",828562,"Fryman, Bennett",814538,"Byrd, Cadyn",1000608881,TRUE,,
fe881bac-4a30-4fb5-a103-220cd5b27190,65,b04a2930-c1ce-11f1-804e-4d6eca9479d4,475fd7fe-2fb4-4e1a-93a1-1b45618381a3,2026-10-06,16:41:18.52,2026-10-06,21:41:18.52,2026-10-06T16:41:18.5245184-05:00,2026-10-06T21:41:18.5245184Z,TEX_BOB,TEX_BOB,BallCalled,Undefined,NoShift,93.43451,72.64954,141.92819,23.17661,82.27681,-66.47528,137.43389,-34.97311,252.41335,-129.07904,298.21227,23.67514,243.29614,138.6941,"McKnight, Jaxon",10895897,"Alaniz, Rylan",10304817,"Wheatley, Luke",10290520,"Foor, Daylen",1000165264,"Cotton, Jackson",828562,"Fryman, Bennett",814538,"Byrd, Cadyn",1000608881,TRUE,,
fe881bac-4a30-4fb5-a103-220cd5b27190,66,bcf124e0-c1ce-11f1-804e-4d6eca9479d4,b73acce1-7d5f-4104-8ba9-eee26105dcce,2026-10-06,16:41:39.79,2026-10-06,21:41:39.79,2026-10-06T16:41:39.7963264-05:00,2026-10-06T21:41:39.7963264Z,TEX_BOB,TEX_BOB,InPlay,Out,NoShift,92.26055,72.05298,140.78324,20.42496,83.52446,-67.25251,136.99133,-35.66871,252.30766,-130.61403,301.5751,25.11196,241.65539,138.87569,"McKnight, Jaxon",10895897,"Alaniz, Rylan",10304817,"Wheatley, Luke",10290520,"Foor, Daylen",1000165264,"Cotton, Jackson",828562,"Fryman, Bennett",814538,"Byrd, Cadyn",1000608881,TRUE,"Cotton, Jackson",LF
fe881bac-4a30-4fb5-a103-220cd5b27190,67,d554bc40-c1ce-11f1-804e-4d6eca9479d4,9171c7ba-9f5f-4aa4-b021-bcec00e862a2,2026-10-06,16:42:20.69,2026-10-06,21:42:20.69,2026-10-06T16:42:20.6978048-05:00,2026-10-06T21:42:20.6978048Z,TEX_BOB,TEX_BOB,StrikeCalled,Undefined,NoShift,91.77589,73.17916,140.70856,29.78271,82.57877,-57.27251,136.64425,-29.01445,236.26632,-139.67062,293.85813,-20.44215,254.6701,126.21248,"McKnight, Jaxon",10895897,"Alaniz, Rylan",10304817,"Wheatley, Luke",10290520,"Foor, Daylen",1000165264,"Cotton, Jackson",828562,"Fryman, Bennett",814538,"Byrd, Cadyn",1000608881,TRUE,,
fe881bac-4a30-4fb5-a103-220cd5b27190,68,e0d698e0-c1ce-11f1-804e-4d6eca9479d4,ae2fad14-29a0-4897-bd99-bd8808529220,2026-10-06,16:42:40.00,2026-10-06,21:42:40.00,2026-10-06T16:42:40.0052224-05:00,2026-10-06T21:42:40.0052224Z,TEX_BOB,TEX_BOB,BallCalled,Undefined,NoShift,88.8799,71.53703,140.84751,28.91684,85.1697,-59.47269,136.49208,-28.56043,235.74342,-138.06858,293.24677,-18.45857,260.20153,119.89004,"McKnight, Jaxon",10895897,"Alaniz, Rylan",10304817,"Wheatley, Luke",10290520,"Foor, Daylen",1000165264,"Cotton, Jackson",828562,"Fryman, Bennett",814538,"Byrd, Cadyn",1000608881,TRUE,,
fe881bac-4a30-4fb5-a103-220cd5b27190,69,ec5679b0-c1ce-11f1-804e-4d6eca9479d4,c1219293-b8fd-4672-8052-9241f95685b1,2026-10-06,16:42:59.29,2026-10-06,21:42:59.29,2026-10-06T16:42:59.2983552-05:00,2026-10-06T21:42:59.2983552Z,TEX_BOB,TEX_BOB,FoulBallNotFieldable,Undefined,NoShift,88.87939,72.39077,140.21184,28.65273,84.59922,-60.12892,135.8233,-29.45738,230.86455,-140.20932,291.29422,-16.88098,264.31343,120.3168,"McKnight, Jaxon",10895897,"Alaniz, Rylan",10304817,"Wheatley, Luke",10290520,"Foor, Daylen",1000165264,"Cotton, Jackson",828562,"Fryman, Bennett",814538,"Byrd, Cadyn",1000608881,TRUE,,
fe881bac-4a30-4fb5-a103-220cd5b27190,70,05422cd0-c1cf-11f1-804e-4d6eca9479d4,28015fac-71c1-4b85-9dca-70d06b18ad91,2026-10-06,16:43:41.10,2026-10-06,21:43:41.10,2026-10-06T16:43:41.1028992-05:00,2026-10-06T21:43:41.1028992Z,TEX_BOB,TEX_BOB,BallCalled,Undefined,NoShift,89.55867,72.78065,139.65562,27.4155,84.78431,-60.68352,134.88868,-32.02771,227.27485,-138.79559,291.48327,-18.24773,258.34815,116.65744,"McKnight, Jaxon",10895897,"Alaniz, Rylan",10304817,"Wheatley, Luke",10290520,"Foor, Daylen",1000165264,"Cotton, Jackson",828562,"Fryman, Bennett",814538,"Byrd, Cadyn",1000608881,TRUE,,
fe881bac-4a30-4fb5-a103-220cd5b27190,71,13f63690-c1cf-11f1-804e-4d6eca9479d4,789999bf-deb3-47b5-8adb-7a95274e4bab,2026-10-06,16:44:05.75,2026-10-06,21:44:05.75,2026-10-06T16:44:05.7563136-05:00,2026-10-06T21:44:05.7563136Z,TEX_BOB,TEX_BOB,FoulBallNotFieldable,Undefined,NoShift,87.82075,70.89786,139.72438,27.51942,86.10429,-61.23978,136.04622,-29.02664,224.00715,-140.08423,292.20929,-20.1803,254.96666,118.90519,"McKnight, Jaxon",10895897,"Alaniz, Rylan",10304817,"Wheatley, Luke",10290520,"Foor, Daylen",1000165264,"Cotton, Jackson",828562,"Fryman, Bennett",814538,"Byrd, Cadyn",1000608881,TRUE,,
fe881bac-4a30-4fb5-a103-220cd5b27190,72,23e6b7f0-c1cf-11f1-804e-4d6eca9479d4,235f3d23-f165-4a51-8545-c3447707cbf9,2026-10-06,16:44:32.53,2026-10-06,21:44:32.53,2026-10-06T16:44:32.5364224-05:00,2026-10-06T21:44:32.5364224Z,TEX_BOB,TEX_BOB,FoulBallNotFieldable,Undefined,NoShift,89.7644,73.93306,142.25233,29.68961,85.4506,-61.71716,134.09101,-29.4682,226.38974,-140.78495,292.31207,-14.12826,254.52438,120.06137,"McKnight, Jaxon",10895897,"Alaniz, Rylan",10304817,"Wheatley, Luke",10290520,"Foor, Daylen",1000165264,"Cotton, Jackson",828562,"Fryman, Bennett",814538,"Byrd, Cadyn",1000608881,TRUE,,
fe881bac-4a30-4fb5-a103-220cd5b27190,73,34ebb690-c1cf-11f1-804e-4d6eca9479d4,4b13afe4-f32c-4f3d-bfa7-d79c69664d84,2026-10-06,16:45:01.01,2026-10-06,21:45:01.01,2026-10-06T16:45:01.0136064-05:00,2026-10-06T21:45:01.0136064Z,TEX_BOB,TEX_BOB,BallCalled,Undefined,NoShift,90.52098,73.22235,142.0495,28.24637,85.79815,-62.74329,133.9562,-30.15538,222.32587,-140.29504,293.91664,-14.33687,250.15833,122.79517,"McKnight, Jaxon",10895897,"Alaniz, Rylan",10304817,"Wheatley, Luke",10290520,"Foor, Daylen",1000165264,"Cotton, Jackson",828562,"Fryman, Bennett",814538,"Byrd, Cadyn",1000608881,TRUE,,
fe881bac-4a30-4fb5-a103-220cd5b27190,74,4452e3b0-c1cf-11f1-804e-4d6eca9479d4,8bfb3d4e-041c-4320-80a8-8d5635e8d321,2026-10-06,16:45:26.94,2026-10-06,21:45:26.94,2026-10-06T16:45:26.9456896-05:00,2026-10-06T21:45:26.9456896Z,TEX_BOB,TEX_BOB,FoulBallNotFieldable,Undefined,NoShift,93.16491,74.60024,141.72302,28.26576,84.72194,-58.70202,132.29914,-27.32542,224.79992,-144.15078,297.46858,-16.77803,250.15401,121.51001,"McKnight, Jaxon",10895897,"Alaniz, Rylan",10304817,"Wheatley, Luke",10290520,"Foor, Daylen",1000165264,"Cotton, Jackson",828562,"Fryman, Bennett",814538,"Byrd, Cadyn",1000608881,TRUE,,
fe881bac-4a30-4fb5-a103-220cd5b27190,75,5447aad0-c1cf-11f1-804e-4d6eca9479d4,2d1c8fa9-5891-46d4-b961-76daef431411,2026-10-06,16:45:53.71,2026-10-06,21:45:53.71,2026-10-06T16:45:53.7132032-05:00,2026-10-06T21:45:53.7132032Z,TEX_BOB,TEX_BOB,BallCalled,Undefined,NoShift,92.09335,74.32433,141.25197,28.15113,84.99062,-61.10919,134.89815,-28.66064,223.74384,-144.0976,292.37472,-18.96098,259.65646,125.17318,"McKnight, Jaxon",10895897,"Alaniz, Rylan",10304817,"Wheatley, Luke",10290520,"Foor, Daylen",1000165264,"Cotton, Jackson",828562,"Fryman, Bennett",814538,"Byrd, Cadyn",1000608881,TRUE,,
fe881bac-4a30-4fb5-a103-220cd5b27190,76,6c058c50-c1cf-11f1-804e-4d6eca9479d4,c7c717b4-4e00-49fd-8a3c-737052b41027,2026-10-06,16:46:33.50,2026-10-06,21:46:33.50,2026-10-06T16:46:33.5062528-05:00,2026-10-06T21:46:33.5062528Z,TEX_BOB,TEX_BOB,InPlay,Single,NoShift,90.75453,72.82794,140.24821,30.46505,79.92092,-64.10469,138.03393,-34.28948,258.12603,-131.02187,303.21023,-0.43432,242.99806,136.56541,"McKnight, Jaxon",10895897,"Alaniz, Rylan",10304817,"Wheatley, Luke",10290520,"Foor, Daylen",1000165264,"Cotton, Jackson",828562,"Fryman, Bennett",814538,"Byrd, Cadyn",1000608881,TRUE,"Cotton, Jackson",LF
fe881bac-4a30-4fb5-a103-220cd5b27190,77,90a04690-c1cf-11f1-804e-4d6eca9479d4,fd9f8b0b-cb02-4f2e-ac1a-0959b5692718,2026-10-06,16:47:34.91,2026-10-06,21:47:34.91,2026-10-06T16:47:34.9177856-05:00,2026-10-06T21:47:34.9177856Z,TEX_BOB,TEX_BOB,StrikeCalled,Undefined,NoShift,88.82829,69.98267,139.79445,28.72474,84.60768,-66.30162,137.15726,-34.33717,244.20664,-129.13871,290.65112,-0.89488,236.86057,131.91564,"McKnight, Jaxon",10895897,"Alaniz, Rylan",10304817,"Wheatley, Luke",10290520,"Foor, Daylen",1000165264,"Cotton, Jackson",828562,"Fryman, Bennett",814538,"Byrd, Cadyn",1000608881,TRUE,,
fe881bac-4a30-4fb5-a103-220cd5b27190,78,9bec4620-c1cf-11f1-804e-4d6eca9479d4,6fd21e16-df88-4577-97fe-42498818f032,2026-10-06,16:47:53.83,2026-10-06,21:47:53.83,2026-10-06T16:47:53.8399744-05:00,2026-10-06T21:47:53.8399744Z,TEX_BOB,TEX_BOB,StrikeCalled,Undefined,NoShift,89.32024,70.39188,141.7099,27.32624,84.45763,-66.29264,137.17608,-33.80842,242.75119,-129.2071,289.22151,-1.7576,237.14452,132.78207,"McKnight, Jaxon",10895897,"Alaniz, Rylan",10304817,"Wheatley, Luke",10290520,"Foor, Daylen",1000165264,"Cotton, Jackson",828562,"Fryman, Bennett",814538,"Byrd, Cadyn",1000608881,TRUE,,
fe881bac-4a30-4fb5-a103-220cd5b27190,79,a81167a0-c1cf-11f1-804e-4d6eca9479d4,c1002373-27c3-4599-bea1-757fd6ca661b,2026-10-06,16:48:14.19,2026-10-06,21:48:14.19,2026-10-06T16:48:14.1997056-05:00,2026-10-06T21:48:14.1997056Z,TEX_BOB,TEX_BOB,InPlay,Out,NoShift,88.45923,70.99045,140.94975,25.87911,85.57904,-65.83689,135.80437,-33.11658,241.29948,-132.07769,292.6985,-1.7389,238.24727,132.45532,"McKnight, Jaxon",10895897,"Alaniz, Rylan",10304817,"Wheatley, Luke",10290520,"Foor, Daylen",1000165264,"Cotton, Jackson",828562,"Fryman, Bennett",814538,"Byrd, Cadyn",1000608881,TRUE,"Byrd, Cadyn",RF
fe881bac-4a30-4fb5-a103-220cd5b27190,80,c62f84b0-c1cf-11f1-804e-4d6eca9479d4,9f6090a1-cda9-4281-91b6-1947b28e7c91,2026-10-06,16:49:04.74,2026-10-06,21:49:04.74,2026-10-06T16:49:04.7463936-05:00,2026-10-06T21:49:04.7463936Z,TEX_BOB,TEX_BOB,BallCalled,Undefined,NoShift,94.77413,74.68079,140.62232,21.92053,86.5173,-70.04113,143.49534,-47.72319,244.88848,-130.5909,295.98178,-1.67307,242.82871,133.78076,"McKnight, Jaxon",10895897,"Alaniz, Rylan",10304817,"Wheatley, Luke",10290520,"Foor, Daylen",1000165264,"Cotton, Jackson",828562,"Fryman, Bennett",814538,"Byrd, Cadyn",1000608881,TRUE,,
fe881bac-4a30-4fb5-a103-220cd5b27190,81,d361f780-c1cf-11f1-804e-4d6eca9479d4,10213968-6bf0-4203-a6ff-7f25df51ca69,2026-10-06,16:49:26.89,2026-10-06,21:49:26.89,2026-10-06T16:49:26.8915712-05:00,2026-10-06T21:49:26.8915712Z,TEX_BOB,TEX_BOB,BallCalled,Undefined,NoShift,91.54832,71.40334,138.77025,21.04061,87.21013,-70.02206,141.0321,-47.77828,243.95124,-129.406,295.28082,10.54282,239.00884,133.89521,"McKnight, Jaxon",10895897,"Alaniz, Rylan",10304817,"Wheatley, Luke",10290520,"Foor, Daylen",1000165264,"Cotton, Jackson",828562,"Fryman, Bennett",814538,"Byrd, Cadyn",1000608881,TRUE,,
fe881bac-4a30-4fb5-a103-220cd5b27190,82,4f647ce0-c1d0-11f1-804e-4d6eca9479d4,3591fd49-fcc3-417b-b467-4a960fff8222,2026-10-06,16:52:54.98,2026-10-06,21:52:54.98,2026-10-06T16:52:54.9870080-05:00,2026-10-06T21:52:54.9870080Z,TEX_BOB,TEX_BOB,BallCalled,Undefined,NoShift,96.45588,65.63728,149.50205,31.79678,83.86116,-71.26835,134.19496,-60.57353,249.33626,-125.68784,295.41764,-1.87612,236.59443,126.55684,"Namken, Clayton",834577,"Boles, Brady",841175,"Leininger, Riley",,"Alaniz, Rylan",10304817,"Gillis, Jacob",10036249,"Cotton, Jackson",828562,"Mitchell, Drayton",10156664,TRUE,,
fe881bac-4a30-4fb5-a103-220cd5b27190,83,5b44a620-c1d0-11f1-804e-4d6eca9479d4,e7f227c6-2c06-4138-ab16-df1cdaff7e90,2026-10-06,16:53:14.91,2026-10-06,21:53:14.91,2026-10-06T16:53:14.9130240-05:00,2026-10-06T21:53:14.9130240Z,TEX_BOB,TEX_BOB,BallCalled,Undefined,NoShift,96.12207,66.18879,149.30475,31.93723,84.52036,-72.0691,133.55112,-59.61105,247.8871,-125.30245,297.83211,-2.96959,230.83772,124.42747,"Namken, Clayton",834577,"Boles, Brady",841175,"Leininger, Riley",,"Alaniz, Rylan",10304817,"Gillis, Jacob",10036249,"Cotton, Jackson",828562,"Mitchell, Drayton",10156664,TRUE,,
fe881bac-4a30-4fb5-a103-220cd5b27190,84,20c0e6a0-eea5-4af1-a444-37c12e73439d,08c815f1-0035-4ff0-9ec6-167d726084ef,2026-10-06,16:53:36.01,2026-10-06,21:53:36.01,2026-10-06T16:53:36.0180000-05:00,2026-10-06T21:53:36.0180000Z,TEX_BOB,TEX_BOB,BallCalled,Undefined,NoShift,95.44135,66.55927,148.21607,31.92004,85.82918,-72.37533,134.53629,-59.8835,247.82305,-124.85791,293.11309,-3.49358,229.34905,123.04886,,,,,"Leininger, Riley",,"Alaniz, Rylan",10304817,"Gillis, Jacob",10036249,"Cotton, Jackson",828562,"Mitchell, Drayton",10156664,TRUE,,
fe881bac-4a30-4fb5-a103-220cd5b27190,85,72d78000-c1d0-11f1-804e-4d6eca9479d4,802bb51b-e0f7-478b-b404-b8f6b689e069,2026-10-06,16:53:54.43,2026-10-06,21:53:54.43,2026-10-06T16:53:54.4320000-05:00,2026-10-06T21:53:54.4320000Z,TEX_BOB,TEX_BOB,StrikeCalled,Undefined,NoShift,95.59602,67.56112,148.81504,32.36061,86.53943,-72.28915,134.5539,-59.80451,247.41412,-127.09628,294.20032,-4.44674,228.69896,124.44882,"Namken, Clayton",834577,"Boles, Brady",841175,"Leininger, Riley",,"Alaniz, Rylan",10304817,"Gillis, Jacob",10036249,"Cotton, Jackson",828562,"Mitchell, Drayton",10156664,TRUE,,
fe881bac-4a30-4fb5-a103-220cd5b27190,86,7eb956f0-c1d0-11f1-804e-4d6eca9479d4,5a051f2b-23d0-481c-a73b-0c16c32ab111,2026-10-06,16:54:14.44,2026-10-06,21:54:14.44,2026-10-06T16:54:14.4480000-05:00,2026-10-06T21:54:14.4480000Z,TEX_BOB,TEX_BOB,HitByPitch,Undefined,NoShift,95.31176,67.48234,148.80415,32.13693,85.07607,-70.56971,132.77559,-59.67474,247.48157,-125.45936,292.29151,-3.98155,226.31062,122.97198,"Namken, Clayton",834577,"Boles, Brady",841175,"Leininger, Riley",,"Alaniz, Rylan",10304817,"Gillis, Jacob",10036249,"Cotton, Jackson",828562,"Mitchell, Drayton",10156664,TRUE,,
fe881bac-4a30-4fb5-a103-220cd5b27190,87,9badc110-c1d0-11f1-804e-4d6eca9479d4,0eeb3236-7556-409e-bcd9-d15558a8415c,2026-10-06,16:55:02.92,2026-10-06,21:55:02.92,2026-10-06T16:55:02.9260000-05:00,2026-10-06T21:55:02.9260000Z,TEX_BOB,TEX_BOB,BallCalled,Undefined,NoShift,63.03105,58.58377,140.74727,25.67253,81.5025,-64.35401,136.06147,-33.0134,249.06197,-125.8197,301.8954,-4.09863,233.73239,125.30957,"Namken, Clayton",834577,"Boles, Brady",841175,"Leininger, Riley",,"Alaniz, Rylan",10304817,"Gillis, Jacob",10036249,"Cotton, Jackson",828562,"Mitchell, Drayton",10156664,TRUE,,
fe881bac-4a30-4fb5-a103-220cd5b27190,88,aa8c0f20-c1d0-11f1-804e-4d6eca9479d4,1eac5167-fe31-458d-8471-fc44b0dca8db,2026-10-06,16:55:27.90,2026-10-06,21:55:27.90,2026-10-06T16:55:27.9050000-05:00,2026-10-06T21:55:27.9050000Z,TEX_BOB,TEX_BOB,BallCalled,Undefined,NoShift,62.54862,59.22059,140.46491,25.32394,82.31995,-66.01009,137.01857,-32.48652,249.80808,-126.70211,300.15717,-3.55565,235.6797,125.3724,"Namken, Clayton",834577,"Boles, Brady",841175,"Leininger, Riley",,"Alaniz, Rylan",10304817,"Gillis, Jacob",10036249,"Cotton, Jackson",828562,"Mitchell, Drayton",10156664,TRUE,,
fe881bac-4a30-4fb5-a103-220cd5b27190,89,b8e527a0-c1d0-11f1-804e-4d6eca9479d4,bc2c08ae-f6e4-43cc-be88-104ce8fcc6ef,2026-10-06,16:55:51.99,2026-10-06,21:55:51.99,2026-10-06T16:55:51.9980000-05:00,2026-10-06T21:55:51.9980000Z,TEX_BOB,TEX_BOB,BallCalled,Undefined,NoShift,63.2411,58.96346,138.97153,24.42744,82.24653,-64.32334,137.87451,-33.235,250.20935,-128.4473,305.31728,-3.64491,235.482,126.67253,"Namken, Clayton",834577,"Boles, Brady",841175,"Leininger, Riley",,"Alaniz, Rylan",10304817,"Gillis, Jacob",10036249,"Cotton, Jackson",828562,"Mitchell, Drayton",10156664,TRUE,,
fe881bac-4a30-4fb5-a103-220cd5b27190,90,c5742e80-c1d0-11f1-804e-4d6eca9479d4,3eac8924-0850-447b-8014-ba2b1f81191c,2026-10-06,16:56:13.07,2026-10-06,21:56:13.07,2026-10-06T16:56:13.0720000-05:00,2026-10-06T21:56:13.0720000Z,TEX_BOB,TEX_BOB,StrikeCalled,Undefined,NoShift,65.98879,57.46037,138.93988,25.17048,81.88326,-63.46572,137.80337,-32.93671,249.51966,-128.53456,302.79628,-3.53282,233.76353,125.80246,"Namken, Clayton",834577,"Boles, Brady",841175,"Leininger, Riley",,"Alaniz, Rylan",10304817,"Gillis, Jacob",10036249,"Cotton, Jackson",828562,"Mitchell, Drayton",10156664,TRUE,,
fe881bac-4a30-4fb5-a103-220cd5b27190,91,d1a9f1d0-c1d0-11f1-804e-4d6eca9479d4,b62bec83-a2bc-4425-a4a0-c91a4dfb35e2,2026-10-06,16:56:33.49,2026-10-06,21:56:33.49,2026-10-06T16:56:33.4980000-05:00,2026-10-06T21:56:33.4980000Z,TEX_BOB,TEX_BOB,StrikeCalled,Undefined,NoShift,62.97762,60.35424,139.03856,24.66554,81.50303,-63.87586,138.26148,-32.5671,250.47952,-128.13716,302.9431,-2.18744,235.14505,126.57527,"Namken, Clayton",834577,"Boles, Brady",841175,"Leininger, Riley",,"Alaniz, Rylan",10304817,"Gillis, Jacob",10036249,"Cotton, Jackson",828562,"Mitchell, Drayton",10156664,TRUE,,
fe881bac-4a30-4fb5-a103-220cd5b27190,92,df071e20-c1d0-11f1-804e-4d6eca9479d4,953da8e7-cdba-4e19-bce1-da4f1e6b00a5,2026-10-06,16:56:55.93,2026-10-06,21:56:55.93,2026-10-06T16:56:55.9300000-05:00,2026-10-06T21:56:55.9300000Z,TEX_BOB,TEX_BOB,BallCalled,Undefined,NoShift,63.15699,60.33519,139.89805,24.39221,82.60265,-63.31052,138.43128,-33.12254,252.29376,-130.01882,305.99643,-4.23114,234.78939,125.69475,"Namken, Clayton",834577,"Boles, Brady",841175,"Leininger, Riley",,"Alaniz, Rylan",10304817,"Gillis, Jacob",10036249,"Cotton, Jackson",828562,"Mitchell, Drayton",10156664,TRUE,,
fe881bac-4a30-4fb5-a103-220cd5b27190,93,faaa2910-c1d0-11f1-804e-4d6eca9479d4,4b9372a9-8d58-4603-9852-b038ba28e1da,2026-10-06,16:57:42.34,2026-10-06,21:57:42.34,2026-10-06T16:57:42.3440000-05:00,2026-10-06T21:57:42.3440000Z,TEX_BOB,TEX_BOB,BallCalled,Undefined,NoShift,79.8224,64.07049,136.73664,37.46735,84.73389,-59.16371,143.20583,-21.03013,249.06842,-122.55124,293.62039,-4.54609,239.75418,127.40989,"Namken, Clayton",834577,"Boles, Brady",841175,"Leininger, Riley",,"Alaniz, Rylan",10304817,"Gillis, Jacob",10036249,"Cotton, Jackson",828562,"Mitchell, Drayton",10156664,TRUE,,
fe881bac-4a30-4fb5-a103-220cd5b27190,94,0f0ea660-c1d1-11f1-804e-4d6eca9479d4,97da16db-d43e-4cf1-ad67-2d765403f797,2026-10-06,16:58:16.58,2026-10-06,21:58:16.58,2026-10-06T16:58:16.5860000-05:00,2026-10-06T21:58:16.5860000Z,TEX_BOB,TEX_BOB,BallCalled,Undefined,NoShift,69.94984,53.57217,88.76657,36.02005,77.40713,-49.48315,116.19333,-23.38473,246.56467,-120.86565,298.06084,-3.02773,237.14557,126.35529,"Namken, Clayton",834577,"Boles, Brady",841175,"Leininger, Riley",,"Alaniz, Rylan",10304817,"Gillis, Jacob",10036249,"Cotton, Jackson",828562,"Mitchell, Drayton",10156664,TRUE,,
fe881bac-4a30-4fb5-a103-220cd5b27190,95,1b005bd0-c1d1-11f1-804e-4d6eca9479d4,aba0437d-4854-486d-be38-4403b956c580,2026-10-06,16:58:36.54,2026-10-06,21:58:36.54,2026-10-06T16:58:36.5470000-05:00,2026-10-06T21:58:36.5470000Z,TEX_BOB,TEX_BOB,BallCalled,Undefined,NoShift,90.59883,34.83716,,,77.22885,-49.65242,99.03291,-19.16516,247.85622,-121.7432,309.13727,-4.91706,239.74914,127.28764,"Namken, Clayton",834577,"Boles, Brady",841175,"Leininger, Riley",,"Alaniz, Rylan",10304817,"Gillis, Jacob",10036249,"Cotton, Jackson",828562,"Mitchell, Drayton",10156664,TRUE,,
fe881bac-4a30-4fb5-a103-220cd5b27190,96,296a3d30-c1d1-11f1-804e-4d6eca9479d4,8fa63ad6-53f0-400a-b704-51ba19ac94b0,2026-10-06,16:59:00.76,2026-10-06,21:59:00.76,2026-10-06T16:59:00.7690000-05:00,2026-10-06T21:59:00.7690000Z,TEX_BOB,TEX_BOB,StrikeCalled,Undefined,NoShift,69.03691,52.50328,89.42334,34.51544,77.72587,-50.66707,113.26714,-24.98484,248.34894,-119.91697,305.26933,-3.76792,240.27756,125.28381,"Namken, Clayton",834577,"Boles, Brady",841175,"Leininger, Riley",,"Alaniz, Rylan",10304817,"Gillis, Jacob",10036249,"Cotton, Jackson",828562,"Mitchell, Drayton",10156664,TRUE,,
fe881bac-4a30-4fb5-a103-220cd5b27190,97,369ab430-c1d1-11f1-804e-4d6eca9479d4,8eef579a-61a5-4965-9b80-85221a900084,2026-10-06,16:59:22.91,2026-10-06,21:59:22.91,2026-10-06T16:59:22.9190000-05:00,2026-10-06T21:59:22.9190000Z,TEX_BOB,TEX_BOB,BallCalled,Undefined,NoShift,68.92003,52.51349,89.39085,34.35366,76.96406,-50.16595,117.943,-24.44631,248.80062,-122.00272,296.65863,-4.35063,241.08294,126.09585,"Namken, Clayton",834577,"Boles, Brady",841175,"Leininger, Riley",,"Alaniz, Rylan",10304817,"Gillis, Jacob",10036249,"Cotton, Jackson",828562,"Mitchell, Drayton",10156664,TRUE,,
fe881bac-4a30-4fb5-a103-220cd5b27190,98,4bf24410-c1d1-11f1-804e-4d6eca9479d4,5c77d37e-6e6c-499f-9e49-fb84ab013ae9,2026-10-06,16:59:58.67,2026-10-06,21:59:58.67,2026-10-06T16:59:58.6750000-05:00,2026-10-06T21:59:58.6750000Z,TEX_BOB,TEX_BOB,BallCalled,Undefined,NoShift,70.15101,50.89732,138.19489,28.46348,75.69641,-54.24955,138.06809,-33.80759,249.84428,-124.62678,296.19217,-3.35388,239.95682,128.37724,"Namken, Clayton",834577,"Boles, Brady",841175,"Leininger, Riley",,"Alaniz, Rylan",10304817,"Gillis, Jacob",10036249,"Cotton, Jackson",828562,"Mitchell, Drayton",10156664,TRUE,,
fe881bac-4a30-4fb5-a103-220cd5b27190,99,58b664b0-c1d1-11f1-804e-4d6eca9479d4,24245e08-9c7e-49bb-b242-36733113cb9c,2026-10-06,17:00:20.13,2026-10-06,22:00:20.13,2026-10-06T17:00:20.1380000-05:00,2026-10-06T22:00:20.1380000Z,TEX_BOB,TEX_BOB,InPlay,FieldersChoice,NoShift,68.49758,51.06507,137.47855,29.02489,75.97144,-54.10436,138.3659,-33.05015,249.77676,-124.69597,295.33986,-2.97319,238.75595,128.56889,"Namken, Clayton",834577,"Boles, Brady",841175,"Leininger, Riley",,"Alaniz, Rylan",10304817,"Gillis, Jacob",10036249,"Cotton, Jackson",828562,"Mitchell, Drayton",10156664,TRUE,"Leininger, Riley",3B
fe881bac-4a30-4fb5-a103-220cd5b27190,100,75bbe5d0-c1d1-11f1-804e-4d6eca9479d4,806171ec-1be6-4355-9a95-ce485f7ad7e3,2026-10-06,17:01:08.80,2026-10-06,22:01:08.80,2026-10-06T17:01:08.8090000-05:00,2026-10-06T22:01:08.8090000Z,TEX_BOB,TEX_BOB,InPlay,Double,NoShift,82.51068,63.18372,135.45523,34.61985,87.63431,-58.17366,141.16537,-21.92022,250.21893,-116.27444,300.98214,9.98555,239.59725,137.26753,"Namken, Clayton",834577,"Boles, Brady",841175,"Leininger, Riley",,"Alaniz, Rylan",10304817,"Gillis, Jacob",10036249,"Cotton, Jackson",828562,"Mitchell, Drayton",10156664,TRUE,"Mitchell, Drayton",RF