level,position,batted_ball_bucket,opportunity_zone,distance_bin,bearing_bin,launch_angle_bin,exit_speed_bin,hang_time_bin,range_sector,chances,made,play_probability
detail,1B,Fly,Shallow Air 1B,120-149,<-35,45+,75-84,5+,In Left,27,26,0.9629629629629629
detail,1B,Fly,Shallow Air 1B,120-149,<-35,45+,<75,5+,In Left,21,21,1.0
detail,1B,Fly,Shallow Air 1B,150-179,-35--25,45+,75-84,5+,In Left,27,25,0.9259259259259259
detail,1B,Fly,Shallow Air 1B,150-179,-35--25,45+,85-94,5+,In Left,22,22,1.0
detail,1B,Fly,Shallow Air 1B,150-179,15-25,45+,75-84,5+,Back Right,21,20,0.9523809523809523
detail,1B,Fly,Shallow Air 1B,150-179,25-35,45+,75-84,5+,Back,25,24,0.96
detail,1B,Fly,Shallow Air 1B,150-179,35+,45+,75-84,5+,Back,37,30,0.8108108108108109
detail,1B,Fly,Shallow Air 1B,150-179,35+,45+,75-84,5+,Back Left,27,24,0.8888888888888888
detail,1B,Fly,Shallow Air 1B,150-179,5-15,45+,85-94,5+,Back Right,20,19,0.95
detail,1B,Fly,Shallow Air 1B,150-179,<-35,45+,75-84,5+,In Left,40,35,0.875
detail,1B,Fly,Shallow Air 1B,90-119,35+,45+,75-84,5+,In Right,21,21,1.0
detail,1B,Ground,IF 1B,120-149,15-25,0-9,105+,Ground,Back Right,69,29,0.42028985507246375
detail,1B,Ground,IF 1B,120-149,15-25,0-9,75-84,Ground,Back Right,99,59,0.5959595959595959
detail,1B,Ground,IF 1B,120-149,15-25,0-9,85-94,Ground,Back Right,189,91,0.48148148148148145
detail,1B,Ground,IF 1B,120-149,15-25,0-9,95-104,Ground,Back Right,355,145,0.4084507042253521
detail,1B,Ground,IF 1B,120-149,15-25,0-9,<75,Ground,Back Right,88,60,0.6818181818181818
detail,1B,Ground,IF 1B,120-149,15-25,10-19,<75,Ground,Back Right,43,25,0.5813953488372093
detail,1B,Ground,IF 1B,120-149,15-25,20-29,<75,Ground,Back Right,20,16,0.8
detail,1B,Ground,IF 1B,120-149,15-25,<0,105+,Ground,Back Right,46,17,0.3695652173913043
detail,1B,Ground,IF 1B,120-149,15-25,<0,75-84,Ground,Back Right,469,371,0.7910447761194029
detail,1B,Ground,IF 1B,120-149,15-25,<0,85-94,Ground,Back,27,14,0.5185185185185185
detail,1B,Ground,IF 1B,120-149,15-25,<0,85-94,Ground,Back Right,562,358,0.6370106761565836
detail,1B,Ground,IF 1B,120-149,15-25,<0,85-94,Ground,In Left,21,17,0.8095238095238095
detail,1B,Ground,IF 1B,120-149,15-25,<0,95-104,Ground,Back,30,16,0.5333333333333333
detail,1B,Ground,IF 1B,120-149,15-25,<0,95-104,Ground,Back Right,426,196,0.460093896713615
detail,1B,Ground,IF 1B,120-149,15-25,<0,95-104,Ground,In Left,26,21,0.8076923076923077
detail,1B,Ground,IF 1B,120-149,15-25,<0,<75,Ground,Back,62,51,0.8225806451612904
detail,1B,Ground,IF 1B,120-149,15-25,<0,<75,Ground,Back Right,834,665,0.7973621103117506
detail,1B,Ground,IF 1B,120-149,15-25,<0,<75,Ground,In Left,25,22,0.88
detail,1B,Ground,IF 1B,120-149,25-35,0-9,105+,Ground,Back,32,8,0.25
detail,1B,Ground,IF 1B,120-149,25-35,0-9,105+,Ground,Back Right,131,29,0.22137404580152673
detail,1B,Ground,IF 1B,120-149,25-35,0-9,75-84,Ground,Back,99,61,0.6161616161616161
detail,1B,Ground,IF 1B,120-149,25-35,0-9,75-84,Ground,Back Right,278,144,0.5179856115107914
detail,1B,Ground,IF 1B,120-149,25-35,0-9,85-94,Ground,Back,161,75,0.4658385093167702
detail,1B,Ground,IF 1B,120-149,25-35,0-9,85-94,Ground,Back Right,493,162,0.3286004056795132
detail,1B,Ground,IF 1B,120-149,25-35,0-9,95-104,Ground,Back,202,70,0.3465346534653465
detail,1B,Ground,IF 1B,120-149,25-35,0-9,95-104,Ground,Back Right,814,206,0.25307125307125306
detail,1B,Ground,IF 1B,120-149,25-35,0-9,<75,Ground,Back,160,119,0.74375
detail,1B,Ground,IF 1B,120-149,25-35,0-9,<75,Ground,Back Right,240,156,0.65
detail,1B,Ground,IF 1B,120-149,25-35,10-19,75-84,Ground,Back Right,27,12,0.4444444444444444
detail,1B,Ground,IF 1B,120-149,25-35,10-19,85-94,Ground,Back Right,20,6,0.3
detail,1B,Ground,IF 1B,120-149,25-35,10-19,<75,Ground,Back,57,46,0.8070175438596491
detail,1B,Ground,IF 1B,120-149,25-35,10-19,<75,Ground,Back Right,111,70,0.6306306306306306
detail,1B,Ground,IF 1B,120-149,25-35,20-29,<75,Ground,Back,27,21,0.7777777777777778
detail,1B,Ground,IF 1B,120-149,25-35,20-29,<75,Ground,Back Right,39,24,0.6153846153846154
detail,1B,Ground,IF 1B,120-149,25-35,30-44,<75,Ground,Back,20,14,0.7
detail,1B,Ground,IF 1B,120-149,25-35,30-44,<75,Ground,Back Right,30,20,0.6666666666666666
detail,1B,Ground,IF 1B,120-149,25-35,<0,105+,Ground,Back,46,28,0.6086956521739131
detail,1B,Ground,IF 1B,120-149,25-35,<0,105+,Ground,Back Right,99,42,0.42424242424242425
detail,1B,Ground,IF 1B,120-149,25-35,<0,75-84,Ground,Back,409,305,0.7457212713936431
detail,1B,Ground,IF 1B,120-149,25-35,<0,75-84,Ground,Back Right,1352,1083,0.8010355029585798
detail,1B,Ground,IF 1B,120-149,25-35,<0,75-84,Ground,In Left,38,35,0.9210526315789473
detail,1B,Ground,IF 1B,120-149,25-35,<0,85-94,Ground,Back,534,363,0.6797752808988764
detail,1B,Ground,IF 1B,120-149,25-35,<0,85-94,Ground,Back Right,1542,1005,0.6517509727626459
detail,1B,Ground,IF 1B,120-149,25-35,<0,85-94,Ground,In Left,30,21,0.7
detail,1B,Ground,IF 1B,120-149,25-35,<0,95-104,Ground,Back,382,221,0.5785340314136126
detail,1B,Ground,IF 1B,120-149,25-35,<0,95-104,Ground,Back Right,1110,493,0.44414414414414416
detail,1B,Ground,IF 1B,120-149,25-35,<0,<75,Ground,Back,960,773,0.8052083333333333
detail,1B,Ground,IF 1B,120-149,25-35,<0,<75,Ground,Back Left,20,17,0.85
detail,1B,Ground,IF 1B,120-149,25-35,<0,<75,Ground,Back Right,1980,1649,0.8328282828282828
detail,1B,Ground,IF 1B,120-149,35+,0-9,105+,Ground,Back,31,17,0.5483870967741935
detail,1B,Ground,IF 1B,120-149,35+,0-9,75-84,Ground,Back,171,146,0.8538011695906432
detail,1B,Ground,IF 1B,120-149,35+,0-9,75-84,Ground,Back Left,58,28,0.4827586206896552
detail,1B,Ground,IF 1B,120-149,35+,0-9,75-84,Ground,Back Right,24,21,0.875
detail,1B,Ground,IF 1B,120-149,35+,0-9,85-94,Ground,Back,275,188,0.6836363636363636
detail,1B,Ground,IF 1B,120-149,35+,0-9,85-94,Ground,Back Left,104,24,0.23076923076923078
detail,1B,Ground,IF 1B,120-149,35+,0-9,85-94,Ground,Back Right,48,38,0.7916666666666666
detail,1B,Ground,IF 1B,120-149,35+,0-9,95-104,Ground,Back,338,224,0.6627218934911243
detail,1B,Ground,IF 1B,120-149,35+,0-9,95-104,Ground,Back Left,134,15,0.11194029850746269
detail,1B,Ground,IF 1B,120-149,35+,0-9,95-104,Ground,Back Right,76,49,0.6447368421052632
detail,1B,Ground,IF 1B,120-149,35+,0-9,<75,Ground,Back,154,136,0.8831168831168831
detail,1B,Ground,IF 1B,120-149,35+,0-9,<75,Ground,Back Left,71,50,0.704225352112676
detail,1B,Ground,IF 1B,120-149,35+,10-19,<75,Ground,Back,52,44,0.8461538461538461
detail,1B,Ground,IF 1B,120-149,35+,10-19,<75,Ground,Back Left,20,12,0.6
detail,1B,Ground,IF 1B,120-149,35+,20-29,<75,Ground,Back,23,15,0.6521739130434783
detail,1B,Ground,IF 1B,120-149,35+,<0,105+,Ground,Back,40,27,0.675
detail,1B,Ground,IF 1B,120-149,35+,<0,75-84,Ground,Back,627,518,0.8261562998405104
detail,1B,Ground,IF 1B,120-149,35+,<0,75-84,Ground,Back Left,171,134,0.783625730994152
detail,1B,Ground,IF 1B,120-149,35+,<0,75-84,Ground,Back Right,95,89,0.9368421052631579
detail,1B,Ground,IF 1B,120-149,35+,<0,85-94,Ground,Back,728,585,0.8035714285714286
detail,1B,Ground,IF 1B,120-149,35+,<0,85-94,Ground,Back Left,221,138,0.6244343891402715
detail,1B,Ground,IF 1B,120-149,35+,<0,85-94,Ground,Back Right,140,127,0.9071428571428571
detail,1B,Ground,IF 1B,120-149,35+,<0,95-104,Ground,Back,418,301,0.7200956937799043
detail,1B,Ground,IF 1B,120-149,35+,<0,95-104,Ground,Back Left,127,55,0.4330708661417323
detail,1B,Ground,IF 1B,120-149,35+,<0,95-104,Ground,Back Right,74,69,0.9324324324324325
detail,1B,Ground,IF 1B,120-149,35+,<0,<75,Ground,Back,1021,902,0.8834476003917727
detail,1B,Ground,IF 1B,120-149,35+,<0,<75,Ground,Back Left,443,401,0.9051918735891648
detail,1B,Ground,IF 1B,120-149,35+,<0,<75,Ground,Back Right,119,112,0.9411764705882353
detail,1B,Line,Shallow Air 1B,120-149,-15--5,0-9,105+,<2,In Left,37,5,0.13513513513513514
detail,1B,Line,Shallow Air 1B,120-149,-15--5,0-9,75-84,<2,In Left,24,5,0.20833333333333334
detail,1B,Line,Shallow Air 1B,120-149,-15--5,0-9,85-94,<2,In Left,81,23,0.2839506172839506
detail,1B,Line,Shallow Air 1B,120-149,-15--5,0-9,95-104,<2,Back Right,39,6,0.15384615384615385
detail,1B,Line,Shallow Air 1B,120-149,-15--5,0-9,95-104,<2,In Left,154,19,0.12337662337662338
detail,1B,Line,Shallow Air 1B,120-149,-15--5,10-19,<75,<2,In Left,41,24,0.5853658536585366
detail,1B,Line,Shallow Air 1B,120-149,-25--15,0-9,105+,<2,In Left,48,8,0.16666666666666666
detail,1B,Line,Shallow Air 1B,120-149,-25--15,0-9,85-94,<2,In Left,91,19,0.2087912087912088
detail,1B,Line,Shallow Air 1B,120-149,-25--15,0-9,95-104,<2,In Left,206,45,0.21844660194174756
detail,1B,Line,Shallow Air 1B,120-149,-25--15,10-19,75-84,<2,In Left,34,17,0.5
detail,1B,Line,Shallow Air 1B,120-149,-25--15,10-19,<75,<2,In Left,62,24,0.3870967741935484
detail,1B,Line,Shallow Air 1B,120-149,-25--15,20-29,<75,2-2.9,In Left,22,20,0.9090909090909091
detail,1B,Line,Shallow Air 1B,120-149,-35--25,0-9,105+,<2,In Left,71,6,0.08450704225352113
detail,1B,Line,Shallow Air 1B,120-149,-35--25,0-9,75-84,<2,In Left,78,26,0.3333333333333333
detail,1B,Line,Shallow Air 1B,120-149,-35--25,0-9,85-94,<2,In Left,187,59,0.3155080213903743
detail,1B,Line,Shallow Air 1B,120-149,-35--25,0-9,95-104,<2,In Left,326,54,0.1656441717791411
detail,1B,Line,Shallow Air 1B,120-149,-35--25,10-19,75-84,<2,In Left,79,25,0.31645569620253167
detail,1B,Line,Shallow Air 1B,120-149,-35--25,10-19,85-94,<2,In Left,51,14,0.27450980392156865
detail,1B,Line,Shallow Air 1B,120-149,-35--25,10-19,<75,<2,In Left,87,33,0.3793103448275862
detail,1B,Line,Shallow Air 1B,120-149,-5-5,0-9,105+,<2,Back Right,20,0,0.0
detail,1B,Line,Shallow Air 1B,120-149,-5-5,0-9,105+,<2,In Left,37,3,0.08108108108108109
detail,1B,Line,Shallow Air 1B,120-149,-5-5,0-9,75-84,<2,Back Right,34,5,0.14705882352941177
detail,1B,Line,Shallow Air 1B,120-149,-5-5,0-9,75-84,<2,In Left,24,3,0.125
detail,1B,Line,Shallow Air 1B,120-149,-5-5,0-9,85-94,<2,Back Right,79,8,0.10126582278481013
detail,1B,Line,Shallow Air 1B,120-149,-5-5,0-9,85-94,<2,In Left,78,5,0.0641025641025641
detail,1B,Line,Shallow Air 1B,120-149,-5-5,0-9,95-104,<2,Back Right,153,15,0.09803921568627451
detail,1B,Line,Shallow Air 1B,120-149,-5-5,0-9,95-104,<2,In Left,150,9,0.06
detail,1B,Line,Shallow Air 1B,120-149,-5-5,10-19,75-84,<2,Back Right,23,4,0.17391304347826086
detail,1B,Line,Shallow Air 1B,120-149,-5-5,10-19,<75,<2,Back Right,45,17,0.37777777777777777
detail,1B,Line,Shallow Air 1B,120-149,-5-5,10-19,<75,<2,In Left,27,6,0.2222222222222222
detail,1B,Line,Shallow Air 1B,120-149,15-25,0-9,105+,<2,Back Right,25,3,0.12
detail,1B,Line,Shallow Air 1B,120-149,15-25,0-9,75-84,<2,Back Right,32,5,0.15625
detail,1B,Line,Shallow Air 1B,120-149,15-25,0-9,85-94,<2,Back Right,77,4,0.05194805194805195
detail,1B,Line,Shallow Air 1B,120-149,15-25,0-9,95-104,<2,Back Right,133,11,0.08270676691729323
detail,1B,Line,Shallow Air 1B,120-149,15-25,10-19,75-84,<2,Back Right,28,13,0.4642857142857143
detail,1B,Line,Shallow Air 1B,120-149,15-25,10-19,<75,<2,Back Right,38,15,0.39473684210526316
detail,1B,Line,Shallow Air 1B,120-149,25-35,0-9,105+,<2,Back Right,33,0,0.0
detail,1B,Line,Shallow Air 1B,120-149,25-35,0-9,75-84,<2,Back,23,11,0.4782608695652174
detail,1B,Line,Shallow Air 1B,120-149,25-35,0-9,75-84,<2,Back Right,24,4,0.16666666666666666
detail,1B,Line,Shallow Air 1B,120-149,25-35,0-9,85-94,<2,Back,73,32,0.4383561643835616
detail,1B,Line,Shallow Air 1B,120-149,25-35,0-9,85-94,<2,Back Right,77,6,0.07792207792207792
detail,1B,Line,Shallow Air 1B,120-149,25-35,0-9,95-104,<2,Back,86,26,0.3023255813953488
detail,1B,Line,Shallow Air 1B,120-149,25-35,0-9,95-104,<2,Back Right,142,8,0.056338028169014086
detail,1B,Line,Shallow Air 1B,120-149,25-35,10-19,75-84,<2,Back Right,34,8,0.23529411764705882
detail,1B,Line,Shallow Air 1B,120-149,25-35,10-19,<75,<2,Back,38,19,0.5
detail,1B,Line,Shallow Air 1B,120-149,25-35,10-19,<75,<2,Back Right,29,9,0.3103448275862069
detail,1B,Line,Shallow Air 1B,120-149,35+,0-9,105+,<2,Back,21,13,0.6190476190476191
detail,1B,Line,Shallow Air 1B,120-149,35+,0-9,75-84,<2,Back,36,25,0.6944444444444444
detail,1B,Line,Shallow Air 1B,120-149,35+,0-9,85-94,<2,Back,124,93,0.75
detail,1B,Line,Shallow Air 1B,120-149,35+,0-9,85-94,<2,Back Left,34,16,0.47058823529411764
detail,1B,Line,Shallow Air 1B,120-149,35+,0-9,95-104,<2,Back,136,88,0.6470588235294118
detail,1B,Line,Shallow Air 1B,120-149,35+,0-9,95-104,<2,Back Left,52,20,0.38461538461538464
detail,1B,Line,Shallow Air 1B,120-149,35+,10-19,75-84,<2,Back,53,38,0.7169811320754716
detail,1B,Line,Shallow Air 1B,120-149,35+,10-19,85-94,<2,Back,20,12,0.6
detail,1B,Line,Shallow Air 1B,120-149,35+,10-19,<75,<2,Back,39,21,0.5384615384615384
detail,1B,Line,Shallow Air 1B,120-149,35+,10-19,<75,<2,Back Left,37,27,0.7297297297297297
detail,1B,Line,Shallow Air 1B,120-149,5-15,0-9,105+,<2,Back Right,21,6,0.2857142857142857
detail,1B,Line,Shallow Air 1B,120-149,5-15,0-9,85-94,<2,Back Right,68,22,0.3235294117647059
detail,1B,Line,Shallow Air 1B,120-149,5-15,0-9,95-104,<2,Back Right,118,34,0.288135593220339
detail,1B,Line,Shallow Air 1B,120-149,5-15,0-9,95-104,<2,In Left,45,2,0.044444444444444446
detail,1B,Line,Shallow Air 1B,120-149,5-15,10-19,75-84,<2,Back Right,22,15,0.6818181818181818
detail,1B,Line,Shallow Air 1B,120-149,5-15,10-19,<75,<2,Back Right,46,37,0.8043478260869565
detail,1B,Line,Shallow Air 1B,120-149,<-35,0-9,105+,<2,In Left,70,44,0.6285714285714286
detail,1B,Line,Shallow Air 1B,120-149,<-35,0-9,75-84,<2,In Left,49,26,0.5306122448979592
detail,1B,Line,Shallow Air 1B,120-149,<-35,0-9,85-94,<2,In Left,158,103,0.6518987341772152
detail,1B,Line,Shallow Air 1B,120-149,<-35,0-9,95-104,<2,In Left,335,203,0.6059701492537314
detail,1B,Line,Shallow Air 1B,120-149,<-35,10-19,75-84,<2,In Left,105,67,0.638095238095238
detail,1B,Line,Shallow Air 1B,120-149,<-35,10-19,85-94,<2,In Left,74,50,0.6756756756756757
detail,1B,Line,Shallow Air 1B,120-149,<-35,10-19,95-104,<2,In Left,44,24,0.5454545454545454
detail,1B,Line,Shallow Air 1B,120-149,<-35,10-19,<75,<2,In Left,82,47,0.573170731707317
detail,1B,Line,Shallow Air 1B,150-179,-15--5,0-9,105+,<2,Back Right,47,15,0.3191489361702128
detail,1B,Line,Shallow Air 1B,150-179,-15--5,0-9,105+,<2,In Left,31,12,0.3870967741935484
detail,1B,Line,Shallow Air 1B,150-179,-15--5,0-9,85-94,<2,Back Right,72,33,0.4583333333333333
detail,1B,Line,Shallow Air 1B,150-179,-15--5,0-9,85-94,<2,In Left,56,32,0.5714285714285714
detail,1B,Line,Shallow Air 1B,150-179,-15--5,0-9,95-104,<2,Back Right,168,69,0.4107142857142857
detail,1B,Line,Shallow Air 1B,150-179,-15--5,0-9,95-104,<2,In Left,155,78,0.5032258064516129
detail,1B,Line,Shallow Air 1B,150-179,-15--5,10-19,75-84,<2,Back Right,72,31,0.4305555555555556
detail,1B,Line,Shallow Air 1B,150-179,-15--5,10-19,75-84,<2,In Left,54,36,0.6666666666666666
detail,1B,Line,Shallow Air 1B,150-179,-15--5,10-19,85-94,<2,Back Right,64,20,0.3125
detail,1B,Line,Shallow Air 1B,150-179,-15--5,10-19,85-94,<2,In Left,39,22,0.5641025641025641
detail,1B,Line,Shallow Air 1B,150-179,-15--5,10-19,95-104,<2,Back Right,42,8,0.19047619047619047
detail,1B,Line,Shallow Air 1B,150-179,-15--5,10-19,<75,2-2.9,Back Right,36,22,0.6111111111111112
detail,1B,Line,Shallow Air 1B,150-179,-15--5,10-19,<75,<2,Back Right,22,13,0.5909090909090909
detail,1B,Line,Shallow Air 1B,150-179,-15--5,10-19,<75,<2,In Left,25,19,0.76
detail,1B,Line,Shallow Air 1B,150-179,-15--5,20-29,<75,2-2.9,Back Right,20,14,0.7
detail,1B,Line,Shallow Air 1B,150-179,-25--15,0-9,105+,<2,In Left,87,48,0.5517241379310345
detail,1B,Line,Shallow Air 1B,150-179,-25--15,0-9,75-84,<2,In Left,24,10,0.4166666666666667
detail,1B,Line,Shallow Air 1B,150-179,-25--15,0-9,85-94,<2,In Left,136,59,0.4338235294117647
detail,1B,Line,Shallow Air 1B,150-179,-25--15,0-9,95-104,<2,Back Right,45,26,0.5777777777777777
detail,1B,Line,Shallow Air 1B,150-179,-25--15,0-9,95-104,<2,In Left,293,147,0.5017064846416383
detail,1B,Line,Shallow Air 1B,150-179,-25--15,10-19,75-84,<2,In Left,138,84,0.6086956521739131
detail,1B,Line,Shallow Air 1B,150-179,-25--15,10-19,85-94,<2,Back Right,25,18,0.72
detail,1B,Line,Shallow Air 1B,150-179,-25--15,10-19,85-94,<2,In Left,95,64,0.6736842105263158
detail,1B,Line,Shallow Air 1B,150-179,-25--15,10-19,95-104,<2,Back Right,20,12,0.6
detail,1B,Line,Shallow Air 1B,150-179,-25--15,10-19,95-104,<2,In Left,78,46,0.5897435897435898
detail,1B,Line,Shallow Air 1B,150-179,-25--15,10-19,<75,2-2.9,In Left,43,31,0.7209302325581395
detail,1B,Line,Shallow Air 1B,150-179,-25--15,10-19,<75,<2,In Left,49,33,0.673469387755102
detail,1B,Line,Shallow Air 1B,150-179,-25--15,20-29,<75,2-2.9,In Left,34,24,0.7058823529411765
detail,1B,Line,Shallow Air 1B,150-179,-35--25,0-9,105+,<2,In Left,104,6,0.057692307692307696
detail,1B,Line,Shallow Air 1B,150-179,-35--25,0-9,85-94,<2,In Left,130,16,0.12307692307692308
detail,1B,Line,Shallow Air 1B,150-179,-35--25,0-9,95-104,<2,In Left,249,28,0.11244979919678715
detail,1B,Line,Shallow Air 1B,150-179,-35--25,10-19,105+,<2,In Left,21,1,0.047619047619047616
detail,1B,Line,Shallow Air 1B,150-179,-35--25,10-19,75-84,<2,In Left,158,11,0.06962025316455696
detail,1B,Line,Shallow Air 1B,150-179,-35--25,10-19,85-94,<2,In Left,158,17,0.10759493670886076
detail,1B,Line,Shallow Air 1B,150-179,-35--25,10-19,95-104,<2,In Left,151,11,0.0728476821192053
detail,1B,Line,Shallow Air 1B,150-179,-35--25,10-19,<75,2-2.9,In Left,34,4,0.11764705882352941
detail,1B,Line,Shallow Air 1B,150-179,-35--25,10-19,<75,<2,In Left,49,9,0.1836734693877551
detail,1B,Line,Shallow Air 1B,150-179,-35--25,20-29,<75,2-2.9,In Left,43,13,0.3023255813953488
detail,1B,Line,Shallow Air 1B,150-179,-5-5,0-9,105+,<2,Back Right,73,12,0.1643835616438356
detail,1B,Line,Shallow Air 1B,150-179,-5-5,0-9,85-94,<2,Back Right,115,24,0.20869565217391303
detail,1B,Line,Shallow Air 1B,150-179,-5-5,0-9,95-104,<2,Back Right,286,37,0.12937062937062938
detail,1B,Line,Shallow Air 1B,150-179,-5-5,0-9,95-104,<2,In Left,33,8,0.24242424242424243
detail,1B,Line,Shallow Air 1B,150-179,-5-5,10-19,75-84,<2,Back Right,110,26,0.23636363636363636
detail,1B,Line,Shallow Air 1B,150-179,-5-5,10-19,85-94,<2,Back Right,70,17,0.24285714285714285
detail,1B,Line,Shallow Air 1B,150-179,-5-5,10-19,95-104,<2,Back Right,62,9,0.14516129032258066
detail,1B,Line,Shallow Air 1B,150-179,-5-5,10-19,<75,2-2.9,Back Right,59,27,0.4576271186440678
detail,1B,Line,Shallow Air 1B,150-179,-5-5,10-19,<75,<2,Back Right,64,22,0.34375
detail,1B,Line,Shallow Air 1B,150-179,-5-5,20-29,<75,2-2.9,Back Right,28,16,0.5714285714285714
detail,1B,Line,Shallow Air 1B,150-179,15-25,0-9,105+,<2,Back Right,65,25,0.38461538461538464
detail,1B,Line,Shallow Air 1B,150-179,15-25,0-9,85-94,<2,Back,22,3,0.13636363636363635
detail,1B,Line,Shallow Air 1B,150-179,15-25,0-9,85-94,<2,Back Right,103,46,0.44660194174757284
detail,1B,Line,Shallow Air 1B,150-179,15-25,0-9,95-104,<2,Back,27,1,0.037037037037037035
detail,1B,Line,Shallow Air 1B,150-179,15-25,0-9,95-104,<2,Back Right,238,121,0.5084033613445378
detail,1B,Line,Shallow Air 1B,150-179,15-25,10-19,75-84,<2,Back Right,108,67,0.6203703703703703
detail,1B,Line,Shallow Air 1B,150-179,15-25,10-19,85-94,<2,Back Right,88,46,0.5227272727272727
detail,1B,Line,Shallow Air 1B,150-179,15-25,10-19,95-104,<2,Back Right,77,45,0.5844155844155844
detail,1B,Line,Shallow Air 1B,150-179,15-25,10-19,<75,2-2.9,Back Right,43,28,0.6511627906976745
detail,1B,Line,Shallow Air 1B,150-179,15-25,10-19,<75,<2,Back Right,38,28,0.7368421052631579
detail,1B,Line,Shallow Air 1B,150-179,15-25,20-29,<75,2-2.9,Back Right,29,21,0.7241379310344828
detail,1B,Line,Shallow Air 1B,150-179,25-35,0-9,105+,<2,Back,33,1,0.030303030303030304
detail,1B,Line,Shallow Air 1B,150-179,25-35,0-9,85-94,<2,Back,86,18,0.20930232558139536
detail,1B,Line,Shallow Air 1B,150-179,25-35,0-9,85-94,<2,Back Right,42,2,0.047619047619047616
detail,1B,Line,Shallow Air 1B,150-179,25-35,0-9,95-104,<2,Back,153,18,0.11764705882352941
detail,1B,Line,Shallow Air 1B,150-179,25-35,0-9,95-104,<2,Back Right,70,5,0.07142857142857142
detail,1B,Line,Shallow Air 1B,150-179,25-35,10-19,75-84,<2,Back,56,7,0.125
detail,1B,Line,Shallow Air 1B,150-179,25-35,10-19,75-84,<2,Back Right,30,17,0.5666666666666667
detail,1B,Line,Shallow Air 1B,150-179,25-35,10-19,85-94,<2,Back,64,5,0.078125
detail,1B,Line,Shallow Air 1B,150-179,25-35,10-19,85-94,<2,Back Right,32,10,0.3125
detail,1B,Line,Shallow Air 1B,150-179,25-35,10-19,95-104,<2,Back,42,2,0.047619047619047616
detail,1B,Line,Shallow Air 1B,150-179,25-35,10-19,95-104,<2,Back Right,36,9,0.25
detail,1B,Line,Shallow Air 1B,150-179,25-35,10-19,<75,2-2.9,Back,41,3,0.07317073170731707
detail,1B,Line,Shallow Air 1B,150-179,25-35,10-19,<75,<2,Back,23,2,0.08695652173913043
detail,1B,Line,Shallow Air 1B,150-179,35+,0-9,105+,<2,Back,32,13,0.40625
detail,1B,Line,Shallow Air 1B,150-179,35+,0-9,85-94,<2,Back,68,27,0.39705882352941174
detail,1B,Line,Shallow Air 1B,150-179,35+,0-9,95-104,<2,Back,165,63,0.38181818181818183
detail,1B,Line,Shallow Air 1B,150-179,35+,10-19,75-84,<2,Back,109,25,0.22935779816513763
detail,1B,Line,Shallow Air 1B,150-179,35+,10-19,85-94,<2,Back,119,31,0.2605042016806723
detail,1B,Line,Shallow Air 1B,150-179,35+,10-19,95-104,<2,Back,97,14,0.14432989690721648
detail,1B,Line,Shallow Air 1B,150-179,35+,10-19,<75,2-2.9,Back,24,0,0.0
detail,1B,Line,Shallow Air 1B,150-179,35+,10-19,<75,<2,Back,27,6,0.2222222222222222
detail,1B,Line,Shallow Air 1B,150-179,35+,20-29,<75,2-2.9,Back,23,0,0.0
detail,1B,Line,Shallow Air 1B,150-179,5-15,0-9,105+,<2,Back Right,78,26,0.3333333333333333
detail,1B,Line,Shallow Air 1B,150-179,5-15,0-9,85-94,<2,Back Right,151,106,0.7019867549668874
detail,1B,Line,Shallow Air 1B,150-179,5-15,0-9,95-104,<2,Back Right,337,190,0.5637982195845698
detail,1B,Line,Shallow Air 1B,150-179,5-15,10-19,75-84,<2,Back Right,128,67,0.5234375
detail,1B,Line,Shallow Air 1B,150-179,5-15,10-19,85-94,<2,Back Right,78,39,0.5
detail,1B,Line,Shallow Air 1B,150-179,5-15,10-19,95-104,<2,Back Right,58,20,0.3448275862068966
detail,1B,Line,Shallow Air 1B,150-179,5-15,10-19,<75,2-2.9,Back Right,53,37,0.6981132075471698
detail,1B,Line,Shallow Air 1B,150-179,5-15,10-19,<75,<2,Back Right,52,37,0.7115384615384616
detail,1B,Line,Shallow Air 1B,150-179,5-15,20-29,<75,2-2.9,Back Right,36,32,0.8888888888888888
detail,1B,Line,Shallow Air 1B,150-179,<-35,0-9,105+,<2,In Left,55,14,0.2545454545454545
detail,1B,Line,Shallow Air 1B,150-179,<-35,0-9,85-94,<2,In Left,80,20,0.25
detail,1B,Line,Shallow Air 1B,150-179,<-35,0-9,95-104,<2,In Left,167,45,0.2694610778443114
detail,1B,Line,Shallow Air 1B,150-179,<-35,10-19,105+,<2,In Left,30,5,0.16666666666666666
detail,1B,Line,Shallow Air 1B,150-179,<-35,10-19,75-84,<2,In Left,133,10,0.07518796992481203
detail,1B,Line,Shallow Air 1B,150-179,<-35,10-19,85-94,<2,In Left,174,17,0.09770114942528736
detail,1B,Line,Shallow Air 1B,150-179,<-35,10-19,95-104,<2,In Left,183,15,0.08196721311475409
detail,1B,Line,Shallow Air 1B,150-179,<-35,10-19,<75,<2,In Left,36,0,0.0
detail,1B,Line,Shallow Air 1B,150-179,<-35,20-29,<75,2-2.9,In Left,32,1,0.03125
detail,1B,Line,Shallow Air 1B,60-89,-15--5,0-9,95-104,<2,In Left,23,0,0.0
detail,1B,Line,Shallow Air 1B,60-89,-35--25,0-9,85-94,<2,In Left,21,0,0.0
detail,1B,Line,Shallow Air 1B,60-89,-35--25,0-9,95-104,<2,In Left,35,1,0.02857142857142857
detail,1B,Line,Shallow Air 1B,60-89,-5-5,0-9,105+,<2,In Left,23,5,0.21739130434782608
detail,1B,Line,Shallow Air 1B,60-89,-5-5,0-9,75-84,<2,In Left,29,13,0.4482758620689655
detail,1B,Line,Shallow Air 1B,60-89,-5-5,0-9,85-94,<2,In Left,44,17,0.38636363636363635
detail,1B,Line,Shallow Air 1B,60-89,-5-5,0-9,95-104,<2,In Left,93,15,0.16129032258064516
detail,1B,Line,Shallow Air 1B,60-89,-5-5,0-9,<75,<2,In Left,32,22,0.6875
detail,1B,Line,Shallow Air 1B,60-89,<-35,0-9,85-94,<2,In Left,25,2,0.08
detail,1B,Line,Shallow Air 1B,60-89,<-35,0-9,95-104,<2,In Left,33,4,0.12121212121212122
detail,1B,Line,Shallow Air 1B,90-119,-15--5,0-9,85-94,<2,In Left,34,1,0.029411764705882353
detail,1B,Line,Shallow Air 1B,90-119,-15--5,0-9,95-104,<2,In Left,66,1,0.015151515151515152
detail,1B,Line,Shallow Air 1B,90-119,-25--15,0-9,85-94,<2,In Left,41,1,0.024390243902439025
detail,1B,Line,Shallow Air 1B,90-119,-25--15,0-9,95-104,<2,In Left,60,7,0.11666666666666667
detail,1B,Line,Shallow Air 1B,90-119,-35--25,0-9,105+,<2,In Left,37,2,0.05405405405405406
detail,1B,Line,Shallow Air 1B,90-119,-35--25,0-9,75-84,<2,In Left,53,20,0.37735849056603776
detail,1B,Line,Shallow Air 1B,90-119,-35--25,0-9,85-94,<2,In Left,104,27,0.25961538461538464
detail,1B,Line,Shallow Air 1B,90-119,-35--25,0-9,95-104,<2,In Left,181,30,0.16574585635359115
detail,1B,Line,Shallow Air 1B,90-119,-35--25,10-19,<75,<2,In Left,30,21,0.7
detail,1B,Line,Shallow Air 1B,90-119,-5-5,0-9,105+,<2,In Left,46,11,0.2391304347826087
detail,1B,Line,Shallow Air 1B,90-119,-5-5,0-9,75-84,<2,In Left,57,15,0.2631578947368421
detail,1B,Line,Shallow Air 1B,90-119,-5-5,0-9,85-94,<2,In Left,123,36,0.2926829268292683
detail,1B,Line,Shallow Air 1B,90-119,-5-5,0-9,95-104,<2,In Left,229,51,0.22270742358078602
detail,1B,Line,Shallow Air 1B,90-119,-5-5,0-9,<75,<2,In Left,26,17,0.6538461538461539
detail,1B,Line,Shallow Air 1B,90-119,-5-5,10-19,<75,<2,In Left,22,13,0.5909090909090909
detail,1B,Line,Shallow Air 1B,90-119,15-25,0-9,95-104,<2,Back Right,23,3,0.13043478260869565
detail,1B,Line,Shallow Air 1B,90-119,15-25,0-9,95-104,<2,In Left,38,1,0.02631578947368421
detail,1B,Line,Shallow Air 1B,90-119,25-35,0-9,75-84,<2,Back Right,21,4,0.19047619047619047
detail,1B,Line,Shallow Air 1B,90-119,25-35,0-9,85-94,<2,Back Right,23,1,0.043478260869565216
detail,1B,Line,Shallow Air 1B,90-119,25-35,0-9,95-104,<2,Back Right,33,3,0.09090909090909091
detail,1B,Line,Shallow Air 1B,90-119,25-35,0-9,95-104,<2,In Left,53,1,0.018867924528301886
detail,1B,Line,Shallow Air 1B,90-119,35+,0-9,85-94,<2,Back,28,21,0.75
detail,1B,Line,Shallow Air 1B,90-119,35+,0-9,95-104,<2,Back,47,34,0.723404255319149
detail,1B,Line,Shallow Air 1B,90-119,5-15,0-9,85-94,<2,In Left,24,8,0.3333333333333333
detail,1B,Line,Shallow Air 1B,90-119,5-15,0-9,95-104,<2,In Left,56,7,0.125
detail,1B,Line,Shallow Air 1B,90-119,<-35,0-9,105+,<2,In Left,31,10,0.3225806451612903
detail,1B,Line,Shallow Air 1B,90-119,<-35,0-9,75-84,<2,In Left,57,28,0.49122807017543857
detail,1B,Line,Shallow Air 1B,90-119,<-35,0-9,85-94,<2,In Left,124,55,0.4435483870967742
detail,1B,Line,Shallow Air 1B,90-119,<-35,0-9,95-104,<2,In Left,196,70,0.35714285714285715
detail,1B,Line,Shallow Air 1B,90-119,<-35,10-19,<75,<2,In Left,38,32,0.8421052631578947
detail,1B,Line,Shallow Air 1B,<60,-25--15,<0,85-94,<2,In,21,1,0.047619047619047616
detail,1B,Line,Shallow Air 1B,<60,-25--15,<0,95-104,<2,In,20,6,0.3
detail,1B,Line,Shallow Air 1B,<60,-35--25,<0,95-104,<2,In,23,1,0.043478260869565216
detail,1B,Line,Shallow Air 1B,<60,-5-5,<0,85-94,<2,In,46,8,0.17391304347826086
detail,1B,Line,Shallow Air 1B,<60,-5-5,<0,95-104,<2,In,50,11,0.22
detail,1B,Line,Shallow Air 1B,<60,25-35,<0,85-94,<2,In,22,5,0.22727272727272727
detail,1B,Line,Shallow Air 1B,<60,25-35,<0,95-104,<2,In,23,0,0.0
detail,1B,Line,Shallow Air 1B,<60,<-35,<0,85-94,<2,In,25,0,0.0
detail,1B,Line,Shallow Air 1B,<60,<-35,<0,95-104,<2,In,21,0,0.0
detail,1B,Popup,Shallow Air 1B,120-149,-15--5,45+,75-84,5+,In Left,57,56,0.9824561403508771
detail,1B,Popup,Shallow Air 1B,120-149,-15--5,45+,85-94,5+,In Left,24,24,1.0
detail,1B,Popup,Shallow Air 1B,120-149,-15--5,45+,<75,4-4.9,In Left,29,29,1.0
detail,1B,Popup,Shallow Air 1B,120-149,-15--5,45+,<75,5+,In Left,43,43,1.0
detail,1B,Popup,Shallow Air 1B,120-149,-25--15,45+,75-84,5+,In Left,53,52,0.9811320754716981
detail,1B,Popup,Shallow Air 1B,120-149,-25--15,45+,85-94,5+,In Left,34,33,0.9705882352941176
detail,1B,Popup,Shallow Air 1B,120-149,-25--15,45+,<75,4-4.9,In Left,28,28,1.0
detail,1B,Popup,Shallow Air 1B,120-149,-25--15,45+,<75,5+,In Left,32,32,1.0
detail,1B,Popup,Shallow Air 1B,120-149,-35--25,45+,75-84,5+,In Left,61,60,0.9836065573770492
detail,1B,Popup,Shallow Air 1B,120-149,-35--25,45+,85-94,5+,In Left,26,23,0.8846153846153846
detail,1B,Popup,Shallow Air 1B,120-149,-35--25,45+,<75,4-4.9,In Left,30,30,1.0
detail,1B,Popup,Shallow Air 1B,120-149,-35--25,45+,<75,5+,In Left,27,26,0.9629629629629629
detail,1B,Popup,Shallow Air 1B,120-149,-5-5,45+,75-84,5+,Back Right,30,29,0.9666666666666667
detail,1B,Popup,Shallow Air 1B,120-149,-5-5,45+,75-84,5+,In Left,33,32,0.9696969696969697
detail,1B,Popup,Shallow Air 1B,120-149,-5-5,45+,85-94,5+,In Left,22,21,0.9545454545454546
detail,1B,Popup,Shallow Air 1B,120-149,-5-5,45+,<75,4-4.9,In Left,21,21,1.0
detail,1B,Popup,Shallow Air 1B,120-149,-5-5,45+,<75,5+,Back Right,22,22,1.0
detail,1B,Popup,Shallow Air 1B,120-149,15-25,45+,75-84,5+,Back Right,67,66,0.9850746268656716
detail,1B,Popup,Shallow Air 1B,120-149,15-25,45+,85-94,5+,Back Right,32,30,0.9375
detail,1B,Popup,Shallow Air 1B,120-149,15-25,45+,<75,4-4.9,Back Right,41,41,1.0
detail,1B,Popup,Shallow Air 1B,120-149,15-25,45+,<75,5+,Back Right,39,39,1.0
detail,1B,Popup,Shallow Air 1B,120-149,25-35,45+,75-84,5+,Back,51,50,0.9803921568627451
detail,1B,Popup,Shallow Air 1B,120-149,25-35,45+,75-84,5+,Back Right,37,36,0.972972972972973
detail,1B,Popup,Shallow Air 1B,120-149,25-35,45+,85-94,5+,Back,27,26,0.9629629629629629
detail,1B,Popup,Shallow Air 1B,120-149,25-35,45+,<75,4-4.9,Back,36,35,0.9722222222222222
detail,1B,Popup,Shallow Air 1B,120-149,25-35,45+,<75,4-4.9,Back Right,26,26,1.0
detail,1B,Popup,Shallow Air 1B,120-149,25-35,45+,<75,5+,Back,23,23,1.0
detail,1B,Popup,Shallow Air 1B,120-149,35+,30-44,<75,3-3.9,Back Left,20,20,1.0
detail,1B,Popup,Shallow Air 1B,120-149,35+,45+,75-84,5+,Back,68,64,0.9411764705882353
detail,1B,Popup,Shallow Air 1B,120-149,35+,45+,75-84,5+,Back Left,187,185,0.9893048128342246
detail,1B,Popup,Shallow Air 1B,120-149,35+,45+,75-84,5+,In Right,34,34,1.0
detail,1B,Popup,Shallow Air 1B,120-149,35+,45+,85-94,5+,Back,21,21,1.0
detail,1B,Popup,Shallow Air 1B,120-149,35+,45+,85-94,5+,Back Left,37,37,1.0
detail,1B,Popup,Shallow Air 1B,120-149,35+,45+,<75,3-3.9,Back Left,24,24,1.0
detail,1B,Popup,Shallow Air 1B,120-149,35+,45+,<75,4-4.9,Back,31,31,1.0
detail,1B,Popup,Shallow Air 1B,120-149,35+,45+,<75,4-4.9,Back Left,104,104,1.0
detail,1B,Popup,Shallow Air 1B,120-149,35+,45+,<75,4-4.9,In Right,28,28,1.0
detail,1B,Popup,Shallow Air 1B,120-149,35+,45+,<75,5+,Back,42,41,0.9761904761904762
detail,1B,Popup,Shallow Air 1B,120-149,35+,45+,<75,5+,Back Left,100,100,1.0
detail,1B,Popup,Shallow Air 1B,120-149,5-15,45+,75-84,5+,Back Right,72,71,0.9861111111111112
detail,1B,Popup,Shallow Air 1B,120-149,5-15,45+,85-94,5+,Back Right,24,24,1.0
detail,1B,Popup,Shallow Air 1B,120-149,5-15,45+,<75,4-4.9,Back Right,39,39,1.0
detail,1B,Popup,Shallow Air 1B,120-149,5-15,45+,<75,5+,Back Right,23,22,0.9565217391304348
detail,1B,Popup,Shallow Air 1B,120-149,<-35,45+,75-84,5+,In Left,147,146,0.9931972789115646
detail,1B,Popup,Shallow Air 1B,120-149,<-35,45+,85-94,5+,In Left,36,36,1.0
detail,1B,Popup,Shallow Air 1B,120-149,<-35,45+,<75,3-3.9,In Left,28,26,0.9285714285714286
detail,1B,Popup,Shallow Air 1B,120-149,<-35,45+,<75,4-4.9,In Left,130,128,0.9846153846153847
detail,1B,Popup,Shallow Air 1B,120-149,<-35,45+,<75,5+,In Left,74,72,0.972972972972973
detail,1B,Popup,Shallow Air 1B,150-179,-15--5,45+,75-84,5+,Back Right,44,44,1.0
detail,1B,Popup,Shallow Air 1B,150-179,-15--5,45+,75-84,5+,In Left,29,29,1.0
detail,1B,Popup,Shallow Air 1B,150-179,-15--5,45+,85-94,5+,Back Right,50,47,0.94
detail,1B,Popup,Shallow Air 1B,150-179,-15--5,45+,85-94,5+,In Left,28,28,1.0
detail,1B,Popup,Shallow Air 1B,150-179,-15--5,45+,<75,4-4.9,Back Right,31,31,1.0
detail,1B,Popup,Shallow Air 1B,150-179,-15--5,45+,<75,4-4.9,In Left,28,28,1.0
detail,1B,Popup,Shallow Air 1B,150-179,-15--5,45+,<75,5+,Back Right,30,30,1.0
detail,1B,Popup,Shallow Air 1B,150-179,-25--15,20-29,<75,2-2.9,In Left,23,18,0.782608695652174
detail,1B,Popup,Shallow Air 1B,150-179,-25--15,45+,75-84,5+,In Left,63,59,0.9365079365079365
detail,1B,Popup,Shallow Air 1B,150-179,-25--15,45+,85-94,5+,In Left,52,49,0.9423076923076923
detail,1B,Popup,Shallow Air 1B,150-179,-25--15,45+,<75,4-4.9,In Left,55,55,1.0
detail,1B,Popup,Shallow Air 1B,150-179,-25--15,45+,<75,5+,In Left,36,35,0.9722222222222222
detail,1B,Popup,Shallow Air 1B,150-179,-35--25,30-44,<75,3-3.9,In Left,24,17,0.7083333333333334
detail,1B,Popup,Shallow Air 1B,150-179,-35--25,45+,75-84,5+,In Left,88,83,0.9431818181818182
detail,1B,Popup,Shallow Air 1B,150-179,-35--25,45+,85-94,5+,In Left,39,35,0.8974358974358975
detail,1B,Popup,Shallow Air 1B,150-179,-35--25,45+,<75,4-4.9,In Left,51,49,0.9607843137254902
detail,1B,Popup,Shallow Air 1B,150-179,-35--25,45+,<75,5+,In Left,34,34,1.0
detail,1B,Popup,Shallow Air 1B,150-179,-5-5,20-29,<75,2-2.9,Back Right,20,17,0.85
detail,1B,Popup,Shallow Air 1B,150-179,-5-5,30-44,<75,3-3.9,Back Right,36,36,1.0
detail,1B,Popup,Shallow Air 1B,150-179,-5-5,45+,75-84,5+,Back Right,89,89,1.0
detail,1B,Popup,Shallow Air 1B,150-179,-5-5,45+,85-94,5+,Back Right,68,66,0.9705882352941176
detail,1B,Popup,Shallow Air 1B,150-179,-5-5,45+,<75,4-4.9,Back Right,45,45,1.0
detail,1B,Popup,Shallow Air 1B,150-179,-5-5,45+,<75,5+,Back Right,35,35,1.0
detail,1B,Popup,Shallow Air 1B,150-179,15-25,30-44,<75,3-3.9,Back Right,37,36,0.972972972972973
detail,1B,Popup,Shallow Air 1B,150-179,15-25,45+,75-84,5+,Back Right,79,78,0.9873417721518988
detail,1B,Popup,Shallow Air 1B,150-179,15-25,45+,85-94,5+,Back Right,58,56,0.9655172413793104
detail,1B,Popup,Shallow Air 1B,150-179,15-25,45+,<75,4-4.9,Back Right,43,43,1.0
detail,1B,Popup,Shallow Air 1B,150-179,15-25,45+,<75,5+,Back Right,39,38,0.9743589743589743
detail,1B,Popup,Shallow Air 1B,150-179,25-35,30-44,<75,3-3.9,Back,34,24,0.7058823529411765
detail,1B,Popup,Shallow Air 1B,150-179,25-35,45+,75-84,5+,Back,78,74,0.9487179487179487
detail,1B,Popup,Shallow Air 1B,150-179,25-35,45+,85-94,5+,Back,54,52,0.9629629629629629
detail,1B,Popup,Shallow Air 1B,150-179,25-35,45+,<75,4-4.9,Back,49,47,0.9591836734693877
detail,1B,Popup,Shallow Air 1B,150-179,25-35,45+,<75,5+,Back,28,27,0.9642857142857143
detail,1B,Popup,Shallow Air 1B,150-179,35+,45+,75-84,5+,Back,112,106,0.9464285714285714
detail,1B,Popup,Shallow Air 1B,150-179,35+,45+,75-84,5+,Back Left,146,142,0.9726027397260274
detail,1B,Popup,Shallow Air 1B,150-179,35+,45+,85-94,5+,Back,53,48,0.9056603773584906
detail,1B,Popup,Shallow Air 1B,150-179,35+,45+,85-94,5+,Back Left,29,28,0.9655172413793104
detail,1B,Popup,Shallow Air 1B,150-179,35+,45+,<75,4-4.9,Back,48,38,0.7916666666666666
detail,1B,Popup,Shallow Air 1B,150-179,35+,45+,<75,4-4.9,Back Left,70,65,0.9285714285714286
detail,1B,Popup,Shallow Air 1B,150-179,35+,45+,<75,5+,Back,41,37,0.9024390243902439
detail,1B,Popup,Shallow Air 1B,150-179,35+,45+,<75,5+,Back Left,38,38,1.0
detail,1B,Popup,Shallow Air 1B,150-179,5-15,20-29,<75,2-2.9,Back Right,28,25,0.8928571428571429
detail,1B,Popup,Shallow Air 1B,150-179,5-15,30-44,<75,3-3.9,Back Right,38,37,0.9736842105263158
detail,1B,Popup,Shallow Air 1B,150-179,5-15,45+,75-84,5+,Back Right,88,87,0.9886363636363636
detail,1B,Popup,Shallow Air 1B,150-179,5-15,45+,85-94,5+,Back Right,64,58,0.90625
detail,1B,Popup,Shallow Air 1B,150-179,5-15,45+,<75,4-4.9,Back Right,60,60,1.0
detail,1B,Popup,Shallow Air 1B,150-179,5-15,45+,<75,5+,Back Right,48,48,1.0
detail,1B,Popup,Shallow Air 1B,150-179,<-35,30-44,<75,3-3.9,In Left,21,5,0.23809523809523808
detail,1B,Popup,Shallow Air 1B,150-179,<-35,45+,75-84,5+,In Left,132,126,0.9545454545454546
detail,1B,Popup,Shallow Air 1B,150-179,<-35,45+,85-94,5+,In Left,31,24,0.7741935483870968
detail,1B,Popup,Shallow Air 1B,150-179,<-35,45+,<75,4-4.9,In Left,90,76,0.8444444444444444
detail,1B,Popup,Shallow Air 1B,150-179,<-35,45+,<75,5+,In Left,57,52,0.9122807017543859
detail,1B,Popup,Shallow Air 1B,180-219,-15--5,20-29,<75,3-3.9,Back Right,26,5,0.19230769230769232
detail,1B,Popup,Shallow Air 1B,180-219,-15--5,30-44,<75,3-3.9,Back Right,42,24,0.5714285714285714
detail,1B,Popup,Shallow Air 1B,180-219,-15--5,30-44,<75,4-4.9,Back Right,36,26,0.7222222222222222
detail,1B,Popup,Shallow Air 1B,180-219,-15--5,45+,75-84,5+,Back Right,94,83,0.8829787234042553
detail,1B,Popup,Shallow Air 1B,180-219,-15--5,45+,85-94,5+,Back Right,89,82,0.9213483146067416
detail,1B,Popup,Shallow Air 1B,180-219,-15--5,45+,<75,4-4.9,Back Right,38,34,0.8947368421052632
detail,1B,Popup,Shallow Air 1B,180-219,-15--5,45+,<75,5+,Back Right,25,24,0.96
detail,1B,Popup,Shallow Air 1B,180-219,-25--15,30-44,<75,3-3.9,Back Right,26,7,0.2692307692307692
detail,1B,Popup,Shallow Air 1B,180-219,-25--15,30-44,<75,3-3.9,In Left,21,9,0.42857142857142855
detail,1B,Popup,Shallow Air 1B,180-219,-25--15,30-44,<75,4-4.9,Back Right,20,15,0.75
detail,1B,Popup,Shallow Air 1B,180-219,-25--15,30-44,<75,4-4.9,In Left,24,17,0.7083333333333334
detail,1B,Popup,Shallow Air 1B,180-219,-25--15,45+,75-84,5+,Back Right,46,44,0.9565217391304348
detail,1B,Popup,Shallow Air 1B,180-219,-25--15,45+,75-84,5+,In Left,44,44,1.0
detail,1B,Popup,Shallow Air 1B,180-219,-25--15,45+,85-94,5+,Back Right,31,25,0.8064516129032258
detail,1B,Popup,Shallow Air 1B,180-219,-25--15,45+,85-94,5+,In Left,50,47,0.94
detail,1B,Popup,Shallow Air 1B,180-219,-25--15,45+,<75,4-4.9,In Left,28,27,0.9642857142857143
detail,1B,Popup,Shallow Air 1B,180-219,-35--25,30-44,<75,3-3.9,In Left,26,10,0.38461538461538464
detail,1B,Popup,Shallow Air 1B,180-219,-35--25,30-44,<75,4-4.9,In Left,21,16,0.7619047619047619
detail,1B,Popup,Shallow Air 1B,180-219,-35--25,45+,75-84,5+,In Left,88,84,0.9545454545454546
detail,1B,Popup,Shallow Air 1B,180-219,-35--25,45+,85-94,5+,In Left,61,55,0.9016393442622951
detail,1B,Popup,Shallow Air 1B,180-219,-35--25,45+,<75,4-4.9,In Left,36,27,0.75
detail,1B,Popup,Shallow Air 1B,180-219,-35--25,45+,<75,5+,In Left,26,22,0.8461538461538461
detail,1B,Popup,Shallow Air 1B,180-219,-5-5,30-44,<75,3-3.9,Back Right,39,27,0.6923076923076923
detail,1B,Popup,Shallow Air 1B,180-219,-5-5,30-44,<75,4-4.9,Back Right,48,44,0.9166666666666666
detail,1B,Popup,Shallow Air 1B,180-219,-5-5,45+,75-84,5+,Back Right,138,123,0.8913043478260869
detail,1B,Popup,Shallow Air 1B,180-219,-5-5,45+,85-94,5+,Back Right,102,97,0.9509803921568627
detail,1B,Popup,Shallow Air 1B,180-219,-5-5,45+,<75,4-4.9,Back Right,50,50,1.0
detail,1B,Popup,Shallow Air 1B,180-219,-5-5,45+,<75,5+,Back Right,39,39,1.0
detail,1B,Popup,Shallow Air 1B,180-219,15-25,30-44,<75,3-3.9,Back,23,13,0.5652173913043478
detail,1B,Popup,Shallow Air 1B,180-219,15-25,30-44,<75,3-3.9,Back Right,42,29,0.6904761904761905
detail,1B,Popup,Shallow Air 1B,180-219,15-25,30-44,<75,4-4.9,Back,22,17,0.7727272727272727
detail,1B,Popup,Shallow Air 1B,180-219,15-25,30-44,<75,4-4.9,Back Right,24,20,0.8333333333333334
detail,1B,Popup,Shallow Air 1B,180-219,15-25,45+,75-84,5+,Back,34,34,1.0
detail,1B,Popup,Shallow Air 1B,180-219,15-25,45+,75-84,5+,Back Right,65,60,0.9230769230769231
detail,1B,Popup,Shallow Air 1B,180-219,15-25,45+,85-94,5+,Back,25,25,1.0
detail,1B,Popup,Shallow Air 1B,180-219,15-25,45+,85-94,5+,Back Right,45,44,0.9777777777777777
detail,1B,Popup,Shallow Air 1B,180-219,15-25,45+,<75,4-4.9,Back,24,24,1.0
detail,1B,Popup,Shallow Air 1B,180-219,15-25,45+,<75,4-4.9,Back Right,35,33,0.9428571428571428
detail,1B,Popup,Shallow Air 1B,180-219,15-25,45+,<75,5+,Back Right,21,20,0.9523809523809523
detail,1B,Popup,Shallow Air 1B,180-219,25-35,30-44,<75,3-3.9,Back,39,6,0.15384615384615385
detail,1B,Popup,Shallow Air 1B,180-219,25-35,30-44,<75,4-4.9,Back,31,16,0.5161290322580645
detail,1B,Popup,Shallow Air 1B,180-219,25-35,45+,75-84,5+,Back,100,91,0.91
detail,1B,Popup,Shallow Air 1B,180-219,25-35,45+,85-94,5+,Back,84,78,0.9285714285714286
detail,1B,Popup,Shallow Air 1B,180-219,25-35,45+,<75,4-4.9,Back,39,28,0.717948717948718
detail,1B,Popup,Shallow Air 1B,180-219,25-35,45+,<75,5+,Back,21,21,1.0
detail,1B,Popup,Shallow Air 1B,180-219,35+,30-44,<75,3-3.9,Back,36,2,0.05555555555555555
detail,1B,Popup,Shallow Air 1B,180-219,35+,30-44,<75,4-4.9,Back,26,5,0.19230769230769232
detail,1B,Popup,Shallow Air 1B,180-219,35+,45+,75-84,5+,Back,125,105,0.84
detail,1B,Popup,Shallow Air 1B,180-219,35+,45+,75-84,5+,Back Left,46,38,0.8260869565217391
detail,1B,Popup,Shallow Air 1B,180-219,35+,45+,85-94,5+,Back,70,63,0.9
detail,1B,Popup,Shallow Air 1B,180-219,35+,45+,85-94,5+,Back Left,21,21,1.0
detail,1B,Popup,Shallow Air 1B,180-219,35+,45+,<75,4-4.9,Back,45,25,0.5555555555555556
detail,1B,Popup,Shallow Air 1B,180-219,35+,45+,<75,5+,Back,24,19,0.7916666666666666
detail,1B,Popup,Shallow Air 1B,180-219,5-15,20-29,<75,3-3.9,Back Right,21,8,0.38095238095238093
detail,1B,Popup,Shallow Air 1B,180-219,5-15,30-44,<75,3-3.9,Back Right,51,37,0.7254901960784313
detail,1B,Popup,Shallow Air 1B,180-219,5-15,30-44,<75,4-4.9,Back Right,43,38,0.8837209302325582
detail,1B,Popup,Shallow Air 1B,180-219,5-15,45+,75-84,5+,Back Right,117,108,0.9230769230769231
detail,1B,Popup,Shallow Air 1B,180-219,5-15,45+,85-94,5+,Back Right,98,90,0.9183673469387755
detail,1B,Popup,Shallow Air 1B,180-219,5-15,45+,<75,4-4.9,Back Right,49,46,0.9387755102040817
detail,1B,Popup,Shallow Air 1B,180-219,5-15,45+,<75,5+,Back Right,31,28,0.9032258064516129
detail,1B,Popup,Shallow Air 1B,180-219,<-35,30-44,<75,3-3.9,In Left,38,6,0.15789473684210525
detail,1B,Popup,Shallow Air 1B,180-219,<-35,45+,75-84,5+,In Left,102,85,0.8333333333333334
detail,1B,Popup,Shallow Air 1B,180-219,<-35,45+,85-94,5+,In Left,54,48,0.8888888888888888
detail,1B,Popup,Shallow Air 1B,180-219,<-35,45+,<75,4-4.9,In Left,51,20,0.39215686274509803
detail,1B,Popup,Shallow Air 1B,180-219,<-35,45+,<75,5+,In Left,25,19,0.76
detail,1B,Popup,Shallow Air 1B,220-259,-15--5,20-29,<75,3-3.9,Back Right,26,1,0.038461538461538464
detail,1B,Popup,Shallow Air 1B,220-259,-15--5,30-44,<75,4-4.9,Back Right,41,10,0.24390243902439024
detail,1B,Popup,Shallow Air 1B,220-259,-15--5,45+,75-84,5+,Back Right,31,25,0.8064516129032258
detail,1B,Popup,Shallow Air 1B,220-259,-15--5,45+,85-94,5+,Back Right,64,60,0.9375
detail,1B,Popup,Shallow Air 1B,220-259,-25--15,30-44,<75,4-4.9,Back Right,23,8,0.34782608695652173
detail,1B,Popup,Shallow Air 1B,220-259,-25--15,45+,75-84,5+,Back Right,21,20,0.9523809523809523
detail,1B,Popup,Shallow Air 1B,220-259,-25--15,45+,85-94,5+,Back Right,40,40,1.0
detail,1B,Popup,Shallow Air 1B,220-259,-35--25,45+,75-84,5+,In Left,28,28,1.0
detail,1B,Popup,Shallow Air 1B,220-259,-35--25,45+,85-94,5+,In Left,27,27,1.0
detail,1B,Popup,Shallow Air 1B,220-259,-5-5,20-29,<75,3-3.9,Back Right,25,1,0.04
detail,1B,Popup,Shallow Air 1B,220-259,-5-5,30-44,<75,4-4.9,Back Right,55,29,0.5272727272727272
detail,1B,Popup,Shallow Air 1B,220-259,-5-5,45+,75-84,5+,Back Right,41,35,0.8536585365853658
detail,1B,Popup,Shallow Air 1B,220-259,-5-5,45+,85-94,5+,Back Right,52,49,0.9423076923076923
detail,1B,Popup,Shallow Air 1B,220-259,15-25,45+,85-94,5+,Back,29,29,1.0
detail,1B,Popup,Shallow Air 1B,220-259,15-25,45+,85-94,5+,Back Right,25,25,1.0
detail,1B,Popup,Shallow Air 1B,220-259,25-35,45+,75-84,5+,Back,25,25,1.0
detail,1B,Popup,Shallow Air 1B,220-259,25-35,45+,85-94,5+,Back,47,47,1.0
detail,1B,Popup,Shallow Air 1B,220-259,35+,45+,75-84,5+,Back,54,46,0.8518518518518519
detail,1B,Popup,Shallow Air 1B,220-259,35+,45+,85-94,5+,Back,50,48,0.96
detail,1B,Popup,Shallow Air 1B,220-259,5-15,20-29,<75,3-3.9,Back Right,24,0,0.0
detail,1B,Popup,Shallow Air 1B,220-259,5-15,30-44,<75,4-4.9,Back Right,42,10,0.23809523809523808
detail,1B,Popup,Shallow Air 1B,220-259,5-15,45+,75-84,5+,Back Right,37,31,0.8378378378378378
detail,1B,Popup,Shallow Air 1B,220-259,5-15,45+,85-94,5+,Back Right,52,50,0.9615384615384616
detail,1B,Popup,Shallow Air 1B,220-259,5-15,45+,95-104,5+,Back Right,20,19,0.95
detail,1B,Popup,Shallow Air 1B,220-259,<-35,45+,75-84,5+,In Left,44,40,0.9090909090909091
detail,1B,Popup,Shallow Air 1B,220-259,<-35,45+,85-94,5+,In Left,30,30,1.0
detail,1B,Popup,Shallow Air 1B,260-319,-15--5,30-44,85-94,5+,Back Right,32,32,1.0
detail,1B,Popup,Shallow Air 1B,260-319,-15--5,45+,85-94,5+,Back Right,22,22,1.0
detail,1B,Popup,Shallow Air 1B,260-319,-25--15,30-44,85-94,5+,Back Right,26,26,1.0
detail,1B,Popup,Shallow Air 1B,260-319,-25--15,45+,85-94,5+,Back Right,23,23,1.0
detail,1B,Popup,Shallow Air 1B,260-319,-5-5,30-44,85-94,5+,Back Right,29,29,1.0
detail,1B,Popup,Shallow Air 1B,260-319,-5-5,45+,85-94,5+,Back Right,24,23,0.9583333333333334
detail,1B,Popup,Shallow Air 1B,260-319,15-25,30-44,85-94,5+,Back,25,24,0.96
detail,1B,Popup,Shallow Air 1B,260-319,25-35,30-44,85-94,5+,Back,24,24,1.0
detail,1B,Popup,Shallow Air 1B,260-319,35+,30-44,75-84,4-4.9,Back,20,19,0.95
detail,1B,Popup,Shallow Air 1B,260-319,35+,30-44,85-94,5+,Back,20,20,1.0
detail,1B,Popup,Shallow Air 1B,260-319,5-15,30-44,75-84,4-4.9,Back Right,23,20,0.8695652173913043
detail,1B,Popup,Shallow Air 1B,260-319,5-15,30-44,85-94,5+,Back Right,34,32,0.9411764705882353
detail,1B,Popup,Shallow Air 1B,260-319,5-15,45+,85-94,5+,Back Right,24,23,0.9583333333333334
detail,1B,Popup,Shallow Air 1B,320+,-5-5,30-44,85-94,5+,Back Right,20,20,1.0
detail,1B,Popup,Shallow Air 1B,320+,-5-5,30-44,95-104,5+,Back Right,26,25,0.9615384615384616
detail,1B,Popup,Shallow Air 1B,60-89,-25--15,45+,75-84,5+,In Left,23,23,1.0
detail,1B,Popup,Shallow Air 1B,60-89,-35--25,45+,<75,4-4.9,In Left,20,20,1.0
detail,1B,Popup,Shallow Air 1B,60-89,-5-5,45+,75-84,5+,In Left,20,20,1.0
detail,1B,Popup,Shallow Air 1B,60-89,15-25,45+,<75,5+,In Left,21,21,1.0
detail,1B,Popup,Shallow Air 1B,60-89,25-35,45+,75-84,5+,In,21,20,0.9523809523809523
detail,1B,Popup,Shallow Air 1B,60-89,25-35,45+,<75,5+,In,26,26,1.0
detail,1B,Popup,Shallow Air 1B,60-89,35+,45+,75-84,5+,In,26,26,1.0
detail,1B,Popup,Shallow Air 1B,60-89,35+,45+,75-84,5+,In Right,68,68,1.0
detail,1B,Popup,Shallow Air 1B,60-89,35+,45+,<75,4-4.9,In,43,43,1.0
detail,1B,Popup,Shallow Air 1B,60-89,35+,45+,<75,4-4.9,In Right,48,48,1.0
detail,1B,Popup,Shallow Air 1B,60-89,35+,45+,<75,5+,In,36,35,0.9722222222222222
detail,1B,Popup,Shallow Air 1B,60-89,35+,45+,<75,5+,In Right,70,70,1.0
detail,1B,Popup,Shallow Air 1B,60-89,5-15,45+,75-84,5+,In Left,22,22,1.0
detail,1B,Popup,Shallow Air 1B,60-89,<-35,45+,75-84,5+,In Left,28,28,1.0
detail,1B,Popup,Shallow Air 1B,60-89,<-35,45+,<75,4-4.9,In Left,30,30,1.0
detail,1B,Popup,Shallow Air 1B,60-89,<-35,45+,<75,5+,In Left,53,53,1.0
detail,1B,Popup,Shallow Air 1B,90-119,-15--5,45+,75-84,5+,In Left,39,37,0.9487179487179487
detail,1B,Popup,Shallow Air 1B,90-119,-15--5,45+,<75,3-3.9,In Left,20,19,0.95
detail,1B,Popup,Shallow Air 1B,90-119,-15--5,45+,<75,4-4.9,In Left,20,20,1.0
detail,1B,Popup,Shallow Air 1B,90-119,-15--5,45+,<75,5+,In Left,29,28,0.9655172413793104
detail,1B,Popup,Shallow Air 1B,90-119,-25--15,45+,75-84,5+,In Left,40,39,0.975
detail,1B,Popup,Shallow Air 1B,90-119,-25--15,45+,<75,5+,In Left,29,29,1.0
detail,1B,Popup,Shallow Air 1B,90-119,-35--25,45+,75-84,5+,In Left,32,30,0.9375
detail,1B,Popup,Shallow Air 1B,90-119,-35--25,45+,<75,4-4.9,In Left,26,26,1.0
detail,1B,Popup,Shallow Air 1B,90-119,-35--25,45+,<75,5+,In Left,25,25,1.0
detail,1B,Popup,Shallow Air 1B,90-119,-5-5,45+,75-84,5+,In Left,45,45,1.0
detail,1B,Popup,Shallow Air 1B,90-119,-5-5,45+,85-94,5+,In Left,22,21,0.9545454545454546
detail,1B,Popup,Shallow Air 1B,90-119,-5-5,45+,<75,4-4.9,In Left,21,21,1.0
detail,1B,Popup,Shallow Air 1B,90-119,-5-5,45+,<75,5+,In Left,36,36,1.0
detail,1B,Popup,Shallow Air 1B,90-119,15-25,45+,75-84,5+,In Left,43,43,1.0
detail,1B,Popup,Shallow Air 1B,90-119,15-25,45+,<75,4-4.9,In Left,21,21,1.0
detail,1B,Popup,Shallow Air 1B,90-119,35+,45+,75-84,5+,Back Left,47,46,0.9787234042553191
detail,1B,Popup,Shallow Air 1B,90-119,35+,45+,75-84,5+,In Right,138,137,0.9927536231884058
detail,1B,Popup,Shallow Air 1B,90-119,35+,45+,<75,3-3.9,In Right,22,22,1.0
detail,1B,Popup,Shallow Air 1B,90-119,35+,45+,<75,4-4.9,Back Left,32,32,1.0
detail,1B,Popup,Shallow Air 1B,90-119,35+,45+,<75,4-4.9,In Right,92,92,1.0
detail,1B,Popup,Shallow Air 1B,90-119,35+,45+,<75,5+,Back Left,41,41,1.0
detail,1B,Popup,Shallow Air 1B,90-119,35+,45+,<75,5+,In Right,111,111,1.0
detail,1B,Popup,Shallow Air 1B,90-119,5-15,45+,75-84,5+,In Left,25,25,1.0
detail,1B,Popup,Shallow Air 1B,90-119,5-15,45+,<75,4-4.9,In Left,22,22,1.0
detail,1B,Popup,Shallow Air 1B,90-119,5-15,45+,<75,5+,In Left,36,36,1.0
detail,1B,Popup,Shallow Air 1B,90-119,<-35,45+,75-84,5+,In Left,85,84,0.9882352941176471
detail,1B,Popup,Shallow Air 1B,90-119,<-35,45+,<75,3-3.9,In Left,34,34,1.0
detail,1B,Popup,Shallow Air 1B,90-119,<-35,45+,<75,4-4.9,In Left,102,101,0.9901960784313726
detail,1B,Popup,Shallow Air 1B,90-119,<-35,45+,<75,5+,In Left,83,83,1.0
detail,1B,Popup,Shallow Air 1B,<60,35+,45+,75-84,5+,In,35,35,1.0
detail,1B,Popup,Shallow Air 1B,<60,35+,45+,<75,4-4.9,In,28,28,1.0
detail,1B,Popup,Shallow Air 1B,<60,35+,45+,<75,5+,In,47,47,1.0
detail,1B,Popup,Shallow Air 1B,<60,35+,<0,<75,<2,In,30,30,1.0
detail,1B,Popup,Shallow Air 1B,<60,<-35,45+,75-84,5+,In,20,19,0.95
detail,1B,Popup,Shallow Air 1B,<60,<-35,45+,<75,5+,In,35,35,1.0
detail,1B,Popup,Shallow Air 1B,<60,<-35,<0,<75,<2,In,44,43,0.9772727272727273
detail,2B,Fly,Shallow Air 2B,120-149,35+,45+,75-84,5+,In Right,28,28,1.0
detail,2B,Fly,Shallow Air 2B,120-149,<-35,45+,75-84,5+,In Left,27,26,0.9629629629629629
detail,2B,Fly,Shallow Air 2B,120-149,<-35,45+,<75,5+,In Left,21,21,1.0
detail,2B,Fly,Shallow Air 2B,150-179,-35--25,45+,75-84,5+,In Left,25,23,0.92
detail,2B,Fly,Shallow Air 2B,150-179,-35--25,45+,85-94,5+,In Left,22,22,1.0
detail,2B,Fly,Shallow Air 2B,150-179,35+,45+,75-84,5+,In Right,51,41,0.803921568627451
detail,2B,Fly,Shallow Air 2B,150-179,35+,45+,85-94,5+,In Right,25,22,0.88
detail,2B,Fly,Shallow Air 2B,150-179,<-35,45+,75-84,5+,In Left,40,35,0.875
detail,2B,Fly,Shallow Air 2B,90-119,35+,45+,75-84,5+,In Right,27,27,1.0
detail,2B,Ground,IF 2B,120-149,-5-5,0-9,105+,Ground,In,28,22,0.7857142857142857
detail,2B,Ground,IF 2B,120-149,-5-5,0-9,105+,Ground,In Left,95,19,0.2
detail,2B,Ground,IF 2B,120-149,-5-5,0-9,75-84,Ground,In,28,26,0.9285714285714286
detail,2B,Ground,IF 2B,120-149,-5-5,0-9,75-84,Ground,In Left,162,92,0.5679012345679012
detail,2B,Ground,IF 2B,120-149,-5-5,0-9,85-94,Ground,In,54,48,0.8888888888888888
detail,2B,Ground,IF 2B,120-149,-5-5,0-9,85-94,Ground,In Left,293,95,0.3242320819112628
detail,2B,Ground,IF 2B,120-149,-5-5,0-9,95-104,Ground,In,86,70,0.813953488372093
detail,2B,Ground,IF 2B,120-149,-5-5,0-9,95-104,Ground,In Left,533,125,0.23452157598499063
detail,2B,Ground,IF 2B,120-149,-5-5,0-9,95-104,Ground,In Right,32,11,0.34375
detail,2B,Ground,IF 2B,120-149,-5-5,0-9,<75,Ground,In,28,26,0.9285714285714286
detail,2B,Ground,IF 2B,120-149,-5-5,0-9,<75,Ground,In Left,181,134,0.7403314917127072
detail,2B,Ground,IF 2B,120-149,-5-5,10-19,<75,Ground,In Left,84,62,0.7380952380952381
detail,2B,Ground,IF 2B,120-149,-5-5,20-29,<75,Ground,In Left,26,20,0.7692307692307693
detail,2B,Ground,IF 2B,120-149,-5-5,30-44,<75,Ground,In Left,20,16,0.8
detail,2B,Ground,IF 2B,120-149,-5-5,<0,105+,Ground,In,37,25,0.6756756756756757
detail,2B,Ground,IF 2B,120-149,-5-5,<0,105+,Ground,In Left,155,50,0.3225806451612903
detail,2B,Ground,IF 2B,120-149,-5-5,<0,105+,Ground,In Right,23,10,0.43478260869565216
detail,2B,Ground,IF 2B,120-149,-5-5,<0,75-84,Ground,In,122,101,0.8278688524590164
detail,2B,Ground,IF 2B,120-149,-5-5,<0,75-84,Ground,In Left,882,627,0.7108843537414966
detail,2B,Ground,IF 2B,120-149,-5-5,<0,75-84,Ground,In Right,54,46,0.8518518518518519
detail,2B,Ground,IF 2B,120-149,-5-5,<0,85-94,Ground,Back Right,25,8,0.32
detail,2B,Ground,IF 2B,120-149,-5-5,<0,85-94,Ground,In,138,118,0.855072463768116
detail,2B,Ground,IF 2B,120-149,-5-5,<0,85-94,Ground,In Left,1285,741,0.5766536964980544
detail,2B,Ground,IF 2B,120-149,-5-5,<0,85-94,Ground,In Right,54,38,0.7037037037037037
detail,2B,Ground,IF 2B,120-149,-5-5,<0,95-104,Ground,Back Right,26,9,0.34615384615384615
detail,2B,Ground,IF 2B,120-149,-5-5,<0,95-104,Ground,In,154,128,0.8311688311688312
detail,2B,Ground,IF 2B,120-149,-5-5,<0,95-104,Ground,In Left,1346,595,0.44205052005943535
detail,2B,Ground,IF 2B,120-149,-5-5,<0,95-104,Ground,In Right,75,41,0.5466666666666666
detail,2B,Ground,IF 2B,120-149,-5-5,<0,<75,Ground,Back Right,81,66,0.8148148148148148
detail,2B,Ground,IF 2B,120-149,-5-5,<0,<75,Ground,In,270,217,0.8037037037037037
detail,2B,Ground,IF 2B,120-149,-5-5,<0,<75,Ground,In Left,1902,1521,0.7996845425867508
detail,2B,Ground,IF 2B,120-149,-5-5,<0,<75,Ground,In Right,125,96,0.768
detail,2B,Ground,IF 2B,120-149,15-25,0-9,105+,Ground,In,139,105,0.7553956834532374
detail,2B,Ground,IF 2B,120-149,15-25,0-9,105+,Ground,In Left,27,15,0.5555555555555556
detail,2B,Ground,IF 2B,120-149,15-25,0-9,105+,Ground,In Right,74,2,0.02702702702702703
detail,2B,Ground,IF 2B,120-149,15-25,0-9,75-84,Ground,In,152,142,0.9342105263157895
detail,2B,Ground,IF 2B,120-149,15-25,0-9,75-84,Ground,In Left,42,34,0.8095238095238095
detail,2B,Ground,IF 2B,120-149,15-25,0-9,75-84,Ground,In Right,152,72,0.47368421052631576
detail,2B,Ground,IF 2B,120-149,15-25,0-9,85-94,Ground,In,299,271,0.9063545150501672
detail,2B,Ground,IF 2B,120-149,15-25,0-9,85-94,Ground,In Left,73,56,0.7671232876712328
detail,2B,Ground,IF 2B,120-149,15-25,0-9,85-94,Ground,In Right,301,74,0.24584717607973422
detail,2B,Ground,IF 2B,120-149,15-25,0-9,95-104,Ground,In,568,468,0.823943661971831
detail,2B,Ground,IF 2B,120-149,15-25,0-9,95-104,Ground,In Left,134,78,0.582089552238806
detail,2B,Ground,IF 2B,120-149,15-25,0-9,95-104,Ground,In Right,443,71,0.16027088036117382
detail,2B,Ground,IF 2B,120-149,15-25,0-9,<75,Ground,In,125,120,0.96
detail,2B,Ground,IF 2B,120-149,15-25,0-9,<75,Ground,In Left,35,32,0.9142857142857143
detail,2B,Ground,IF 2B,120-149,15-25,0-9,<75,Ground,In Right,198,126,0.6363636363636364
detail,2B,Ground,IF 2B,120-149,15-25,10-19,75-84,Ground,In,34,28,0.8235294117647058
detail,2B,Ground,IF 2B,120-149,15-25,10-19,<75,Ground,In,55,44,0.8
detail,2B,Ground,IF 2B,120-149,15-25,10-19,<75,Ground,In Right,137,106,0.7737226277372263
detail,2B,Ground,IF 2B,120-149,15-25,20-29,<75,Ground,In Right,37,31,0.8378378378378378
detail,2B,Ground,IF 2B,120-149,15-25,<0,105+,Ground,In,91,78,0.8571428571428571
detail,2B,Ground,IF 2B,120-149,15-25,<0,105+,Ground,In Left,21,20,0.9523809523809523
detail,2B,Ground,IF 2B,120-149,15-25,<0,105+,Ground,In Right,90,24,0.26666666666666666
detail,2B,Ground,IF 2B,120-149,15-25,<0,75-84,Ground,Back,22,18,0.8181818181818182
detail,2B,Ground,IF 2B,120-149,15-25,<0,75-84,Ground,In,811,742,0.9149198520345253
detail,2B,Ground,IF 2B,120-149,15-25,<0,75-84,Ground,In Left,163,150,0.9202453987730062
detail,2B,Ground,IF 2B,120-149,15-25,<0,75-84,Ground,In Right,526,401,0.7623574144486692
detail,2B,Ground,IF 2B,120-149,15-25,<0,85-94,Ground,Back Left,20,14,0.7
detail,2B,Ground,IF 2B,120-149,15-25,<0,85-94,Ground,In,993,929,0.9355488418932527
detail,2B,Ground,IF 2B,120-149,15-25,<0,85-94,Ground,In Left,254,234,0.9212598425196851
detail,2B,Ground,IF 2B,120-149,15-25,<0,85-94,Ground,In Right,745,447,0.6
detail,2B,Ground,IF 2B,120-149,15-25,<0,95-104,Ground,Back Left,23,7,0.30434782608695654
detail,2B,Ground,IF 2B,120-149,15-25,<0,95-104,Ground,In,764,712,0.9319371727748691
detail,2B,Ground,IF 2B,120-149,15-25,<0,95-104,Ground,In Left,169,143,0.8461538461538461
detail,2B,Ground,IF 2B,120-149,15-25,<0,95-104,Ground,In Right,715,296,0.413986013986014
detail,2B,Ground,IF 2B,120-149,15-25,<0,<75,Ground,Back,42,34,0.8095238095238095
detail,2B,Ground,IF 2B,120-149,15-25,<0,<75,Ground,Back Left,94,77,0.8191489361702128
detail,2B,Ground,IF 2B,120-149,15-25,<0,<75,Ground,Back Right,21,21,1.0
detail,2B,Ground,IF 2B,120-149,15-25,<0,<75,Ground,In,1239,1074,0.8668280871670703
detail,2B,Ground,IF 2B,120-149,15-25,<0,<75,Ground,In Left,271,245,0.9040590405904059
detail,2B,Ground,IF 2B,120-149,15-25,<0,<75,Ground,In Right,1521,1213,0.7975016436554898
detail,2B,Ground,IF 2B,120-149,5-15,0-9,105+,Ground,In,129,98,0.7596899224806202
detail,2B,Ground,IF 2B,120-149,5-15,0-9,105+,Ground,In Left,197,55,0.27918781725888325
detail,2B,Ground,IF 2B,120-149,5-15,0-9,105+,Ground,In Right,52,18,0.34615384615384615
detail,2B,Ground,IF 2B,120-149,5-15,0-9,75-84,Ground,In,192,181,0.9427083333333334
detail,2B,Ground,IF 2B,120-149,5-15,0-9,75-84,Ground,In Left,280,158,0.5642857142857143
detail,2B,Ground,IF 2B,120-149,5-15,0-9,75-84,Ground,In Right,55,39,0.7090909090909091
detail,2B,Ground,IF 2B,120-149,5-15,0-9,85-94,Ground,In,318,294,0.9245283018867925
detail,2B,Ground,IF 2B,120-149,5-15,0-9,85-94,Ground,In Left,432,205,0.47453703703703703
detail,2B,Ground,IF 2B,120-149,5-15,0-9,85-94,Ground,In Right,119,66,0.5546218487394958
detail,2B,Ground,IF 2B,120-149,5-15,0-9,95-104,Ground,Back Right,21,7,0.3333333333333333
detail,2B,Ground,IF 2B,120-149,5-15,0-9,95-104,Ground,In,619,507,0.8190630048465266
detail,2B,Ground,IF 2B,120-149,5-15,0-9,95-104,Ground,In Left,797,264,0.3312421580928482
detail,2B,Ground,IF 2B,120-149,5-15,0-9,95-104,Ground,In Right,213,82,0.38497652582159625
detail,2B,Ground,IF 2B,120-149,5-15,0-9,<75,Ground,In,166,155,0.9337349397590361
detail,2B,Ground,IF 2B,120-149,5-15,0-9,<75,Ground,In Left,234,186,0.7948717948717948
detail,2B,Ground,IF 2B,120-149,5-15,0-9,<75,Ground,In Right,97,75,0.7731958762886598
detail,2B,Ground,IF 2B,120-149,5-15,10-19,75-84,Ground,In Left,26,12,0.46153846153846156
detail,2B,Ground,IF 2B,120-149,5-15,10-19,<75,Ground,In,85,76,0.8941176470588236
detail,2B,Ground,IF 2B,120-149,5-15,10-19,<75,Ground,In Left,105,83,0.7904761904761904
detail,2B,Ground,IF 2B,120-149,5-15,10-19,<75,Ground,In Right,65,50,0.7692307692307693
detail,2B,Ground,IF 2B,120-149,5-15,20-29,<75,Ground,In,28,22,0.7857142857142857
detail,2B,Ground,IF 2B,120-149,5-15,20-29,<75,Ground,In Left,24,19,0.7916666666666666
detail,2B,Ground,IF 2B,120-149,5-15,<0,105+,Ground,In,132,122,0.9242424242424242
detail,2B,Ground,IF 2B,120-149,5-15,<0,105+,Ground,In Left,169,94,0.5562130177514792
detail,2B,Ground,IF 2B,120-149,5-15,<0,105+,Ground,In Right,65,31,0.47692307692307695
detail,2B,Ground,IF 2B,120-149,5-15,<0,75-84,Ground,Back Right,22,18,0.8181818181818182
detail,2B,Ground,IF 2B,120-149,5-15,<0,75-84,Ground,In,679,604,0.8895434462444771
detail,2B,Ground,IF 2B,120-149,5-15,<0,75-84,Ground,In Left,1234,1004,0.813614262560778
detail,2B,Ground,IF 2B,120-149,5-15,<0,75-84,Ground,In Right,230,191,0.8304347826086956
detail,2B,Ground,IF 2B,120-149,5-15,<0,85-94,Ground,Back Right,29,18,0.6206896551724138
detail,2B,Ground,IF 2B,120-149,5-15,<0,85-94,Ground,In,873,788,0.9026345933562429
detail,2B,Ground,IF 2B,120-149,5-15,<0,85-94,Ground,In Left,1620,1201,0.741358024691358
detail,2B,Ground,IF 2B,120-149,5-15,<0,85-94,Ground,In Right,366,303,0.8278688524590164
detail,2B,Ground,IF 2B,120-149,5-15,<0,95-104,Ground,Back,20,13,0.65
detail,2B,Ground,IF 2B,120-149,5-15,<0,95-104,Ground,Back Right,24,17,0.7083333333333334
detail,2B,Ground,IF 2B,120-149,5-15,<0,95-104,Ground,In,934,865,0.9261241970021413
detail,2B,Ground,IF 2B,120-149,5-15,<0,95-104,Ground,In Left,1519,932,0.6135615536537196
detail,2B,Ground,IF 2B,120-149,5-15,<0,95-104,Ground,In Right,362,227,0.6270718232044199
detail,2B,Ground,IF 2B,120-149,5-15,<0,<75,Ground,Back,65,55,0.8461538461538461
detail,2B,Ground,IF 2B,120-149,5-15,<0,<75,Ground,Back Left,40,35,0.875
detail,2B,Ground,IF 2B,120-149,5-15,<0,<75,Ground,Back Right,124,110,0.8870967741935484
detail,2B,Ground,IF 2B,120-149,5-15,<0,<75,Ground,In,1511,1261,0.8345466578424884
detail,2B,Ground,IF 2B,120-149,5-15,<0,<75,Ground,In Left,2160,1823,0.8439814814814814
detail,2B,Ground,IF 2B,120-149,5-15,<0,<75,Ground,In Right,639,506,0.7918622848200313
detail,2B,Line,Shallow Air 2B,120-149,-15--5,0-9,105+,<2,In Left,38,4,0.10526315789473684
detail,2B,Line,Shallow Air 2B,120-149,-15--5,0-9,75-84,<2,In Left,27,6,0.2222222222222222
detail,2B,Line,Shallow Air 2B,120-149,-15--5,0-9,85-94,<2,In Left,87,26,0.2988505747126437
detail,2B,Line,Shallow Air 2B,120-149,-15--5,0-9,95-104,<2,In Left,178,21,0.11797752808988764
detail,2B,Line,Shallow Air 2B,120-149,-15--5,10-19,75-84,<2,In Left,23,10,0.43478260869565216
detail,2B,Line,Shallow Air 2B,120-149,-15--5,10-19,<75,<2,In Left,50,28,0.56
detail,2B,Line,Shallow Air 2B,120-149,-25--15,0-9,105+,<2,In Left,47,8,0.1702127659574468
detail,2B,Line,Shallow Air 2B,120-149,-25--15,0-9,85-94,<2,In Left,91,18,0.1978021978021978
detail,2B,Line,Shallow Air 2B,120-149,-25--15,0-9,95-104,<2,In Left,207,46,0.2222222222222222
detail,2B,Line,Shallow Air 2B,120-149,-25--15,10-19,75-84,<2,In Left,35,18,0.5142857142857142
detail,2B,Line,Shallow Air 2B,120-149,-25--15,10-19,<75,<2,In Left,61,24,0.39344262295081966
detail,2B,Line,Shallow Air 2B,120-149,-25--15,20-29,<75,2-2.9,In Left,22,20,0.9090909090909091
detail,2B,Line,Shallow Air 2B,120-149,-35--25,0-9,105+,<2,In Left,71,6,0.08450704225352113
detail,2B,Line,Shallow Air 2B,120-149,-35--25,0-9,75-84,<2,In Left,78,26,0.3333333333333333
detail,2B,Line,Shallow Air 2B,120-149,-35--25,0-9,85-94,<2,In Left,186,58,0.3118279569892473
detail,2B,Line,Shallow Air 2B,120-149,-35--25,0-9,95-104,<2,In Left,321,52,0.16199376947040497
detail,2B,Line,Shallow Air 2B,120-149,-35--25,10-19,75-84,<2,In Left,77,24,0.3116883116883117
detail,2B,Line,Shallow Air 2B,120-149,-35--25,10-19,85-94,<2,In Left,50,13,0.26
detail,2B,Line,Shallow Air 2B,120-149,-35--25,10-19,<75,<2,In Left,87,34,0.39080459770114945
detail,2B,Line,Shallow Air 2B,120-149,-5-5,0-9,105+,<2,In Left,46,2,0.043478260869565216
detail,2B,Line,Shallow Air 2B,120-149,-5-5,0-9,75-84,<2,In Left,52,7,0.1346153846153846
detail,2B,Line,Shallow Air 2B,120-149,-5-5,0-9,85-94,<2,In Left,135,10,0.07407407407407407
detail,2B,Line,Shallow Air 2B,120-149,-5-5,0-9,95-104,<2,In Left,257,14,0.054474708171206226
detail,2B,Line,Shallow Air 2B,120-149,-5-5,10-19,75-84,<2,In Left,35,4,0.11428571428571428
detail,2B,Line,Shallow Air 2B,120-149,-5-5,10-19,<75,<2,In Left,63,18,0.2857142857142857
detail,2B,Line,Shallow Air 2B,120-149,15-25,0-9,75-84,<2,In Right,30,0,0.0
detail,2B,Line,Shallow Air 2B,120-149,15-25,0-9,85-94,<2,In Right,65,1,0.015384615384615385
detail,2B,Line,Shallow Air 2B,120-149,15-25,0-9,95-104,<2,In,28,6,0.21428571428571427
detail,2B,Line,Shallow Air 2B,120-149,15-25,0-9,95-104,<2,In Right,98,1,0.01020408163265306
detail,2B,Line,Shallow Air 2B,120-149,15-25,10-19,<75,<2,In Right,33,10,0.30303030303030304
detail,2B,Line,Shallow Air 2B,120-149,25-35,0-9,105+,<2,In Right,42,3,0.07142857142857142
detail,2B,Line,Shallow Air 2B,120-149,25-35,0-9,75-84,<2,In Right,48,16,0.3333333333333333
detail,2B,Line,Shallow Air 2B,120-149,25-35,0-9,85-94,<2,In Right,146,38,0.2602739726027397
detail,2B,Line,Shallow Air 2B,120-149,25-35,0-9,95-104,<2,In Right,224,35,0.15625
detail,2B,Line,Shallow Air 2B,120-149,25-35,10-19,75-84,<2,In Right,45,11,0.24444444444444444
detail,2B,Line,Shallow Air 2B,120-149,25-35,10-19,<75,<2,In Right,72,32,0.4444444444444444
detail,2B,Line,Shallow Air 2B,120-149,35+,0-9,105+,<2,In Right,30,17,0.5666666666666667
detail,2B,Line,Shallow Air 2B,120-149,35+,0-9,75-84,<2,In Right,53,38,0.7169811320754716
detail,2B,Line,Shallow Air 2B,120-149,35+,0-9,85-94,<2,In Right,170,119,0.7
detail,2B,Line,Shallow Air 2B,120-149,35+,0-9,95-104,<2,In Right,204,120,0.5882352941176471
detail,2B,Line,Shallow Air 2B,120-149,35+,10-19,75-84,<2,In Right,74,51,0.6891891891891891
detail,2B,Line,Shallow Air 2B,120-149,35+,10-19,85-94,<2,In Right,27,15,0.5555555555555556
detail,2B,Line,Shallow Air 2B,120-149,35+,10-19,<75,<2,In Right,75,47,0.6266666666666667
detail,2B,Line,Shallow Air 2B,120-149,35+,20-29,<75,2-2.9,In Right,20,5,0.25
detail,2B,Line,Shallow Air 2B,120-149,5-15,0-9,85-94,<2,In Left,40,4,0.1
detail,2B,Line,Shallow Air 2B,120-149,5-15,0-9,85-94,<2,In Right,21,6,0.2857142857142857
detail,2B,Line,Shallow Air 2B,120-149,5-15,0-9,95-104,<2,In,27,8,0.2962962962962963
detail,2B,Line,Shallow Air 2B,120-149,5-15,0-9,95-104,<2,In Left,92,6,0.06521739130434782
detail,2B,Line,Shallow Air 2B,120-149,5-15,0-9,95-104,<2,In Right,24,6,0.25
detail,2B,Line,Shallow Air 2B,120-149,<-35,0-9,105+,<2,In Left,70,45,0.6428571428571429
detail,2B,Line,Shallow Air 2B,120-149,<-35,0-9,75-84,<2,In Left,49,26,0.5306122448979592
detail,2B,Line,Shallow Air 2B,120-149,<-35,0-9,85-94,<2,In Left,158,103,0.6518987341772152
detail,2B,Line,Shallow Air 2B,120-149,<-35,0-9,95-104,<2,In Left,333,203,0.6096096096096096
detail,2B,Line,Shallow Air 2B,120-149,<-35,10-19,75-84,<2,In Left,105,67,0.638095238095238
detail,2B,Line,Shallow Air 2B,120-149,<-35,10-19,85-94,<2,In Left,74,50,0.6756756756756757
detail,2B,Line,Shallow Air 2B,120-149,<-35,10-19,95-104,<2,In Left,44,24,0.5454545454545454
detail,2B,Line,Shallow Air 2B,120-149,<-35,10-19,<75,<2,In Left,80,47,0.5875
detail,2B,Line,Shallow Air 2B,150-179,-15--5,0-9,105+,<2,Back Right,42,14,0.3333333333333333
detail,2B,Line,Shallow Air 2B,150-179,-15--5,0-9,105+,<2,In Left,32,11,0.34375
detail,2B,Line,Shallow Air 2B,150-179,-15--5,0-9,85-94,<2,Back Right,59,28,0.4745762711864407
detail,2B,Line,Shallow Air 2B,150-179,-15--5,0-9,85-94,<2,In Left,67,37,0.5522388059701493
detail,2B,Line,Shallow Air 2B,150-179,-15--5,0-9,95-104,<2,Back Right,131,51,0.3893129770992366
detail,2B,Line,Shallow Air 2B,150-179,-15--5,0-9,95-104,<2,In Left,187,93,0.49732620320855614
detail,2B,Line,Shallow Air 2B,150-179,-15--5,10-19,75-84,<2,Back Right,67,28,0.417910447761194
detail,2B,Line,Shallow Air 2B,150-179,-15--5,10-19,75-84,<2,In Left,55,38,0.6909090909090909
detail,2B,Line,Shallow Air 2B,150-179,-15--5,10-19,85-94,<2,Back Right,60,18,0.3
detail,2B,Line,Shallow Air 2B,150-179,-15--5,10-19,85-94,<2,In Left,41,22,0.5365853658536586
detail,2B,Line,Shallow Air 2B,150-179,-15--5,10-19,95-104,<2,Back Right,40,9,0.225
detail,2B,Line,Shallow Air 2B,150-179,-15--5,10-19,<75,2-2.9,Back Right,34,19,0.5588235294117647
detail,2B,Line,Shallow Air 2B,150-179,-15--5,10-19,<75,2-2.9,In Left,20,16,0.8
detail,2B,Line,Shallow Air 2B,150-179,-15--5,10-19,<75,<2,Back Right,22,15,0.6818181818181818
detail,2B,Line,Shallow Air 2B,150-179,-15--5,10-19,<75,<2,In Left,25,18,0.72
detail,2B,Line,Shallow Air 2B,150-179,-15--5,20-29,<75,2-2.9,Back Right,22,15,0.6818181818181818
detail,2B,Line,Shallow Air 2B,150-179,-25--15,0-9,105+,<2,Back Right,29,19,0.6551724137931034
detail,2B,Line,Shallow Air 2B,150-179,-25--15,0-9,105+,<2,In Left,70,36,0.5142857142857142
detail,2B,Line,Shallow Air 2B,150-179,-25--15,0-9,75-84,<2,In Left,22,9,0.4090909090909091
detail,2B,Line,Shallow Air 2B,150-179,-25--15,0-9,85-94,<2,Back Right,22,10,0.45454545454545453
detail,2B,Line,Shallow Air 2B,150-179,-25--15,0-9,85-94,<2,In Left,123,52,0.42276422764227645
detail,2B,Line,Shallow Air 2B,150-179,-25--15,0-9,95-104,<2,Back Right,79,46,0.5822784810126582
detail,2B,Line,Shallow Air 2B,150-179,-25--15,0-9,95-104,<2,In Left,259,127,0.49034749034749037
detail,2B,Line,Shallow Air 2B,150-179,-25--15,10-19,75-84,<2,Back Right,34,16,0.47058823529411764
detail,2B,Line,Shallow Air 2B,150-179,-25--15,10-19,75-84,<2,In Left,116,75,0.646551724137931
detail,2B,Line,Shallow Air 2B,150-179,-25--15,10-19,85-94,<2,Back Right,39,27,0.6923076923076923
detail,2B,Line,Shallow Air 2B,150-179,-25--15,10-19,85-94,<2,In Left,81,55,0.6790123456790124
detail,2B,Line,Shallow Air 2B,150-179,-25--15,10-19,95-104,<2,Back Right,40,24,0.6
detail,2B,Line,Shallow Air 2B,150-179,-25--15,10-19,95-104,<2,In Left,59,35,0.5932203389830508
detail,2B,Line,Shallow Air 2B,150-179,-25--15,10-19,<75,2-2.9,Back Right,21,14,0.6666666666666666
detail,2B,Line,Shallow Air 2B,150-179,-25--15,10-19,<75,2-2.9,In Left,37,27,0.7297297297297297
detail,2B,Line,Shallow Air 2B,150-179,-25--15,10-19,<75,<2,In Left,47,31,0.6595744680851063
detail,2B,Line,Shallow Air 2B,150-179,-25--15,20-29,<75,2-2.9,In Left,30,23,0.7666666666666667
detail,2B,Line,Shallow Air 2B,150-179,-35--25,0-9,105+,<2,In Left,99,5,0.050505050505050504
detail,2B,Line,Shallow Air 2B,150-179,-35--25,0-9,85-94,<2,In Left,131,17,0.1297709923664122
detail,2B,Line,Shallow Air 2B,150-179,-35--25,0-9,95-104,<2,In Left,237,24,0.10126582278481013
detail,2B,Line,Shallow Air 2B,150-179,-35--25,10-19,105+,<2,In Left,21,1,0.047619047619047616
detail,2B,Line,Shallow Air 2B,150-179,-35--25,10-19,75-84,<2,In Left,148,10,0.06756756756756757
detail,2B,Line,Shallow Air 2B,150-179,-35--25,10-19,85-94,<2,In Left,143,13,0.09090909090909091
detail,2B,Line,Shallow Air 2B,150-179,-35--25,10-19,95-104,<2,In Left,146,10,0.0684931506849315
detail,2B,Line,Shallow Air 2B,150-179,-35--25,10-19,<75,2-2.9,In Left,33,3,0.09090909090909091
detail,2B,Line,Shallow Air 2B,150-179,-35--25,10-19,<75,<2,In Left,50,10,0.2
detail,2B,Line,Shallow Air 2B,150-179,-35--25,20-29,<75,2-2.9,In Left,39,11,0.28205128205128205
detail,2B,Line,Shallow Air 2B,150-179,-5-5,0-9,105+,<2,Back Right,50,4,0.08
detail,2B,Line,Shallow Air 2B,150-179,-5-5,0-9,85-94,<2,Back Right,76,10,0.13157894736842105
detail,2B,Line,Shallow Air 2B,150-179,-5-5,0-9,85-94,<2,In Left,29,6,0.20689655172413793
detail,2B,Line,Shallow Air 2B,150-179,-5-5,0-9,95-104,<2,Back,20,16,0.8
detail,2B,Line,Shallow Air 2B,150-179,-5-5,0-9,95-104,<2,Back Right,209,16,0.07655502392344497
detail,2B,Line,Shallow Air 2B,150-179,-5-5,0-9,95-104,<2,In Left,82,9,0.10975609756097561
detail,2B,Line,Shallow Air 2B,150-179,-5-5,10-19,75-84,<2,Back Right,72,11,0.1527777777777778
detail,2B,Line,Shallow Air 2B,150-179,-5-5,10-19,75-84,<2,In Left,27,11,0.4074074074074074
detail,2B,Line,Shallow Air 2B,150-179,-5-5,10-19,85-94,<2,Back Right,50,7,0.14
detail,2B,Line,Shallow Air 2B,150-179,-5-5,10-19,95-104,<2,Back Right,48,4,0.08333333333333333
detail,2B,Line,Shallow Air 2B,150-179,-5-5,10-19,<75,2-2.9,Back Right,42,12,0.2857142857142857
detail,2B,Line,Shallow Air 2B,150-179,-5-5,10-19,<75,<2,Back Right,40,12,0.3
detail,2B,Line,Shallow Air 2B,150-179,-5-5,10-19,<75,<2,In Left,20,9,0.45
detail,2B,Line,Shallow Air 2B,150-179,-5-5,20-29,<75,2-2.9,Back Right,23,12,0.5217391304347826
detail,2B,Line,Shallow Air 2B,150-179,15-25,0-9,105+,<2,Back Left,30,9,0.3
detail,2B,Line,Shallow Air 2B,150-179,15-25,0-9,85-94,<2,Back Left,73,18,0.2465753424657534
detail,2B,Line,Shallow Air 2B,150-179,15-25,0-9,85-94,<2,In Right,21,4,0.19047619047619047
detail,2B,Line,Shallow Air 2B,150-179,15-25,0-9,95-104,<2,Back,68,61,0.8970588235294118
detail,2B,Line,Shallow Air 2B,150-179,15-25,0-9,95-104,<2,Back Left,134,37,0.27611940298507465
detail,2B,Line,Shallow Air 2B,150-179,15-25,0-9,95-104,<2,Back Right,23,16,0.6956521739130435
detail,2B,Line,Shallow Air 2B,150-179,15-25,0-9,95-104,<2,In Right,26,1,0.038461538461538464
detail,2B,Line,Shallow Air 2B,150-179,15-25,10-19,75-84,<2,Back,35,29,0.8285714285714286
detail,2B,Line,Shallow Air 2B,150-179,15-25,10-19,75-84,<2,Back Left,56,25,0.44642857142857145
detail,2B,Line,Shallow Air 2B,150-179,15-25,10-19,85-94,<2,Back,30,26,0.8666666666666667
detail,2B,Line,Shallow Air 2B,150-179,15-25,10-19,85-94,<2,Back Left,53,16,0.3018867924528302
detail,2B,Line,Shallow Air 2B,150-179,15-25,10-19,95-104,<2,Back,30,25,0.8333333333333334
detail,2B,Line,Shallow Air 2B,150-179,15-25,10-19,95-104,<2,Back Left,26,8,0.3076923076923077
detail,2B,Line,Shallow Air 2B,150-179,15-25,10-19,<75,2-2.9,Back Left,28,16,0.5714285714285714
detail,2B,Line,Shallow Air 2B,150-179,15-25,10-19,<75,<2,Back Left,21,16,0.7619047619047619
detail,2B,Line,Shallow Air 2B,150-179,15-25,20-29,<75,2-2.9,Back Left,22,14,0.6363636363636364
detail,2B,Line,Shallow Air 2B,150-179,25-35,0-9,105+,<2,Back Left,32,3,0.09375
detail,2B,Line,Shallow Air 2B,150-179,25-35,0-9,85-94,<2,Back Left,80,6,0.075
detail,2B,Line,Shallow Air 2B,150-179,25-35,0-9,85-94,<2,In Right,44,11,0.25
detail,2B,Line,Shallow Air 2B,150-179,25-35,0-9,95-104,<2,Back Left,152,9,0.05921052631578947
detail,2B,Line,Shallow Air 2B,150-179,25-35,0-9,95-104,<2,In Right,71,12,0.16901408450704225
detail,2B,Line,Shallow Air 2B,150-179,25-35,10-19,75-84,<2,Back Left,57,15,0.2631578947368421
detail,2B,Line,Shallow Air 2B,150-179,25-35,10-19,75-84,<2,In Right,24,5,0.20833333333333334
detail,2B,Line,Shallow Air 2B,150-179,25-35,10-19,85-94,<2,Back Left,72,9,0.125
detail,2B,Line,Shallow Air 2B,150-179,25-35,10-19,95-104,<2,Back Left,63,5,0.07936507936507936
detail,2B,Line,Shallow Air 2B,150-179,25-35,10-19,<75,2-2.9,Back Left,32,2,0.0625
detail,2B,Line,Shallow Air 2B,150-179,35+,0-9,85-94,<2,Back Left,26,8,0.3076923076923077
detail,2B,Line,Shallow Air 2B,150-179,35+,0-9,85-94,<2,In Right,47,19,0.40425531914893614
detail,2B,Line,Shallow Air 2B,150-179,35+,0-9,95-104,<2,Back Left,76,27,0.35526315789473684
detail,2B,Line,Shallow Air 2B,150-179,35+,0-9,95-104,<2,In Right,100,36,0.36
detail,2B,Line,Shallow Air 2B,150-179,35+,10-19,75-84,<2,Back Left,58,6,0.10344827586206896
detail,2B,Line,Shallow Air 2B,150-179,35+,10-19,75-84,<2,In Right,56,19,0.3392857142857143
detail,2B,Line,Shallow Air 2B,150-179,35+,10-19,85-94,<2,Back Left,73,12,0.1643835616438356
detail,2B,Line,Shallow Air 2B,150-179,35+,10-19,85-94,<2,In Right,51,19,0.37254901960784315
detail,2B,Line,Shallow Air 2B,150-179,35+,10-19,95-104,<2,Back Left,64,6,0.09375
detail,2B,Line,Shallow Air 2B,150-179,35+,10-19,95-104,<2,In Right,34,8,0.23529411764705882
detail,2B,Line,Shallow Air 2B,150-179,35+,10-19,<75,<2,In Right,25,4,0.16
detail,2B,Line,Shallow Air 2B,150-179,5-15,0-9,105+,<2,Back Right,32,3,0.09375
detail,2B,Line,Shallow Air 2B,150-179,5-15,0-9,85-94,<2,Back,53,49,0.9245283018867925
detail,2B,Line,Shallow Air 2B,150-179,5-15,0-9,85-94,<2,Back Left,37,30,0.8108108108108109
detail,2B,Line,Shallow Air 2B,150-179,5-15,0-9,85-94,<2,Back Right,43,21,0.4883720930232558
detail,2B,Line,Shallow Air 2B,150-179,5-15,0-9,95-104,<2,Back,103,95,0.9223300970873787
detail,2B,Line,Shallow Air 2B,150-179,5-15,0-9,95-104,<2,Back Left,62,40,0.6451612903225806
detail,2B,Line,Shallow Air 2B,150-179,5-15,0-9,95-104,<2,Back Right,124,32,0.25806451612903225
detail,2B,Line,Shallow Air 2B,150-179,5-15,0-9,95-104,<2,In Left,30,10,0.3333333333333333
detail,2B,Line,Shallow Air 2B,150-179,5-15,10-19,75-84,<2,Back,41,36,0.8780487804878049
detail,2B,Line,Shallow Air 2B,150-179,5-15,10-19,75-84,<2,Back Right,56,16,0.2857142857142857
detail,2B,Line,Shallow Air 2B,150-179,5-15,10-19,85-94,<2,Back,25,22,0.88
detail,2B,Line,Shallow Air 2B,150-179,5-15,10-19,85-94,<2,Back Right,38,9,0.23684210526315788
detail,2B,Line,Shallow Air 2B,150-179,5-15,10-19,95-104,<2,Back Right,36,5,0.1388888888888889
detail,2B,Line,Shallow Air 2B,150-179,5-15,10-19,<75,2-2.9,Back,21,18,0.8571428571428571
detail,2B,Line,Shallow Air 2B,150-179,5-15,10-19,<75,2-2.9,Back Right,20,12,0.6
detail,2B,Line,Shallow Air 2B,150-179,5-15,10-19,<75,<2,Back Right,25,17,0.68
detail,2B,Line,Shallow Air 2B,150-179,<-35,0-9,105+,<2,In Left,55,14,0.2545454545454545
detail,2B,Line,Shallow Air 2B,150-179,<-35,0-9,85-94,<2,In Left,79,20,0.25316455696202533
detail,2B,Line,Shallow Air 2B,150-179,<-35,0-9,95-104,<2,In Left,167,45,0.2694610778443114
detail,2B,Line,Shallow Air 2B,150-179,<-35,10-19,105+,<2,In Left,28,5,0.17857142857142858
detail,2B,Line,Shallow Air 2B,150-179,<-35,10-19,75-84,<2,In Left,132,9,0.06818181818181818
detail,2B,Line,Shallow Air 2B,150-179,<-35,10-19,85-94,<2,In Left,168,17,0.10119047619047619
detail,2B,Line,Shallow Air 2B,150-179,<-35,10-19,95-104,<2,In Left,175,15,0.08571428571428572
detail,2B,Line,Shallow Air 2B,150-179,<-35,10-19,<75,<2,In Left,36,0,0.0
detail,2B,Line,Shallow Air 2B,150-179,<-35,20-29,<75,2-2.9,In Left,32,1,0.03125
detail,2B,Line,Shallow Air 2B,60-89,-15--5,0-9,95-104,<2,In,22,0,0.0
detail,2B,Line,Shallow Air 2B,60-89,-35--25,0-9,95-104,<2,In Left,22,0,0.0
detail,2B,Line,Shallow Air 2B,60-89,-5-5,0-9,105+,<2,In,26,5,0.19230769230769232
detail,2B,Line,Shallow Air 2B,60-89,-5-5,0-9,75-84,<2,In,27,13,0.48148148148148145
detail,2B,Line,Shallow Air 2B,60-89,-5-5,0-9,85-94,<2,In,50,17,0.34
detail,2B,Line,Shallow Air 2B,60-89,-5-5,0-9,95-104,<2,In,98,15,0.15306122448979592
detail,2B,Line,Shallow Air 2B,60-89,-5-5,0-9,<75,<2,In,33,23,0.696969696969697
detail,2B,Line,Shallow Air 2B,60-89,25-35,0-9,85-94,<2,In,21,1,0.047619047619047616
detail,2B,Line,Shallow Air 2B,60-89,25-35,0-9,95-104,<2,In,28,2,0.07142857142857142
detail,2B,Line,Shallow Air 2B,60-89,5-15,0-9,95-104,<2,In,23,4,0.17391304347826086
detail,2B,Line,Shallow Air 2B,60-89,<-35,0-9,85-94,<2,In Left,20,1,0.05
detail,2B,Line,Shallow Air 2B,90-119,-15--5,0-9,85-94,<2,In Left,24,1,0.041666666666666664
detail,2B,Line,Shallow Air 2B,90-119,-15--5,0-9,95-104,<2,In Left,47,1,0.02127659574468085
detail,2B,Line,Shallow Air 2B,90-119,-25--15,0-9,85-94,<2,In Left,41,1,0.024390243902439025
detail,2B,Line,Shallow Air 2B,90-119,-25--15,0-9,95-104,<2,In Left,56,7,0.125
detail,2B,Line,Shallow Air 2B,90-119,-35--25,0-9,105+,<2,In Left,37,2,0.05405405405405406
detail,2B,Line,Shallow Air 2B,90-119,-35--25,0-9,75-84,<2,In Left,52,20,0.38461538461538464
detail,2B,Line,Shallow Air 2B,90-119,-35--25,0-9,85-94,<2,In Left,102,27,0.2647058823529412
detail,2B,Line,Shallow Air 2B,90-119,-35--25,0-9,95-104,<2,In Left,179,30,0.16759776536312848
detail,2B,Line,Shallow Air 2B,90-119,-35--25,10-19,<75,<2,In Left,30,21,0.7
detail,2B,Line,Shallow Air 2B,90-119,-5-5,0-9,105+,<2,In,26,4,0.15384615384615385
detail,2B,Line,Shallow Air 2B,90-119,-5-5,0-9,105+,<2,In Left,21,7,0.3333333333333333
detail,2B,Line,Shallow Air 2B,90-119,-5-5,0-9,75-84,<2,In,36,10,0.2777777777777778
detail,2B,Line,Shallow Air 2B,90-119,-5-5,0-9,75-84,<2,In Left,22,4,0.18181818181818182
detail,2B,Line,Shallow Air 2B,90-119,-5-5,0-9,85-94,<2,In,82,27,0.32926829268292684
detail,2B,Line,Shallow Air 2B,90-119,-5-5,0-9,85-94,<2,In Left,42,9,0.21428571428571427
detail,2B,Line,Shallow Air 2B,90-119,-5-5,0-9,95-104,<2,In,155,43,0.27741935483870966
detail,2B,Line,Shallow Air 2B,90-119,-5-5,0-9,95-104,<2,In Left,82,10,0.12195121951219512
detail,2B,Line,Shallow Air 2B,90-119,15-25,0-9,95-104,<2,In,44,2,0.045454545454545456
detail,2B,Line,Shallow Air 2B,90-119,25-35,0-9,75-84,<2,In Right,22,7,0.3181818181818182
detail,2B,Line,Shallow Air 2B,90-119,25-35,0-9,85-94,<2,In,29,1,0.034482758620689655
detail,2B,Line,Shallow Air 2B,90-119,25-35,0-9,85-94,<2,In Right,33,9,0.2727272727272727
detail,2B,Line,Shallow Air 2B,90-119,25-35,0-9,95-104,<2,In,66,3,0.045454545454545456
detail,2B,Line,Shallow Air 2B,90-119,25-35,0-9,95-104,<2,In Right,48,8,0.16666666666666666
detail,2B,Line,Shallow Air 2B,90-119,35+,0-9,75-84,<2,In Right,32,24,0.75
detail,2B,Line,Shallow Air 2B,90-119,35+,0-9,85-94,<2,In Right,51,28,0.5490196078431373
detail,2B,Line,Shallow Air 2B,90-119,35+,0-9,95-104,<2,In Right,91,43,0.4725274725274725
detail,2B,Line,Shallow Air 2B,90-119,35+,10-19,<75,<2,In Right,39,35,0.8974358974358975
detail,2B,Line,Shallow Air 2B,90-119,5-15,0-9,85-94,<2,In,25,8,0.32
detail,2B,Line,Shallow Air 2B,90-119,5-15,0-9,95-104,<2,In,49,8,0.16326530612244897
detail,2B,Line,Shallow Air 2B,90-119,<-35,0-9,105+,<2,In Left,30,10,0.3333333333333333
detail,2B,Line,Shallow Air 2B,90-119,<-35,0-9,75-84,<2,In Left,56,28,0.5
detail,2B,Line,Shallow Air 2B,90-119,<-35,0-9,85-94,<2,In Left,125,56,0.448
detail,2B,Line,Shallow Air 2B,90-119,<-35,0-9,95-104,<2,In Left,195,70,0.358974358974359
detail,2B,Line,Shallow Air 2B,90-119,<-35,10-19,<75,<2,In Left,38,32,0.8421052631578947
detail,2B,Line,Shallow Air 2B,<60,-25--15,<0,85-94,<2,In,21,1,0.047619047619047616
detail,2B,Line,Shallow Air 2B,<60,-25--15,<0,95-104,<2,In,21,6,0.2857142857142857
detail,2B,Line,Shallow Air 2B,<60,-35--25,<0,95-104,<2,In,22,1,0.045454545454545456
detail,2B,Line,Shallow Air 2B,<60,-5-5,<0,85-94,<2,In,47,8,0.1702127659574468
detail,2B,Line,Shallow Air 2B,<60,-5-5,<0,95-104,<2,In,50,11,0.22
detail,2B,Line,Shallow Air 2B,<60,25-35,<0,85-94,<2,In,22,5,0.22727272727272727
detail,2B,Line,Shallow Air 2B,<60,25-35,<0,95-104,<2,In,23,0,0.0
detail,2B,Line,Shallow Air 2B,<60,<-35,<0,85-94,<2,In,25,0,0.0
detail,2B,Line,Shallow Air 2B,<60,<-35,<0,95-104,<2,In,21,0,0.0
detail,2B,Popup,Shallow Air 2B,120-149,-15--5,45+,75-84,5+,In Left,64,63,0.984375
detail,2B,Popup,Shallow Air 2B,120-149,-15--5,45+,85-94,5+,In Left,27,27,1.0
detail,2B,Popup,Shallow Air 2B,120-149,-15--5,45+,<75,4-4.9,In Left,30,29,0.9666666666666667
detail,2B,Popup,Shallow Air 2B,120-149,-15--5,45+,<75,5+,In Left,43,43,1.0
detail,2B,Popup,Shallow Air 2B,120-149,-25--15,45+,75-84,5+,In Left,57,56,0.9824561403508771
detail,2B,Popup,Shallow Air 2B,120-149,-25--15,45+,85-94,5+,In Left,34,33,0.9705882352941176
detail,2B,Popup,Shallow Air 2B,120-149,-25--15,45+,<75,4-4.9,In Left,28,28,1.0
detail,2B,Popup,Shallow Air 2B,120-149,-25--15,45+,<75,5+,In Left,32,32,1.0
detail,2B,Popup,Shallow Air 2B,120-149,-35--25,45+,75-84,5+,In Left,60,59,0.9833333333333333
detail,2B,Popup,Shallow Air 2B,120-149,-35--25,45+,85-94,5+,In Left,26,23,0.8846153846153846
detail,2B,Popup,Shallow Air 2B,120-149,-35--25,45+,<75,4-4.9,In Left,30,30,1.0
detail,2B,Popup,Shallow Air 2B,120-149,-35--25,45+,<75,5+,In Left,27,26,0.9629629629629629
detail,2B,Popup,Shallow Air 2B,120-149,-5-5,45+,75-84,5+,In Left,49,47,0.9591836734693877
detail,2B,Popup,Shallow Air 2B,120-149,-5-5,45+,85-94,5+,In Left,26,24,0.9230769230769231
detail,2B,Popup,Shallow Air 2B,120-149,-5-5,45+,<75,4-4.9,In Left,35,35,1.0
detail,2B,Popup,Shallow Air 2B,120-149,-5-5,45+,<75,5+,In Left,31,31,1.0
detail,2B,Popup,Shallow Air 2B,120-149,15-25,45+,75-84,5+,In Right,56,55,0.9821428571428571
detail,2B,Popup,Shallow Air 2B,120-149,15-25,45+,85-94,5+,In Right,32,30,0.9375
detail,2B,Popup,Shallow Air 2B,120-149,15-25,45+,<75,4-4.9,In Right,34,34,1.0
detail,2B,Popup,Shallow Air 2B,120-149,15-25,45+,<75,5+,In Right,30,30,1.0
detail,2B,Popup,Shallow Air 2B,120-149,25-35,45+,75-84,5+,In Right,87,85,0.9770114942528736
detail,2B,Popup,Shallow Air 2B,120-149,25-35,45+,85-94,5+,In Right,42,41,0.9761904761904762
detail,2B,Popup,Shallow Air 2B,120-149,25-35,45+,<75,3-3.9,In Right,21,21,1.0
detail,2B,Popup,Shallow Air 2B,120-149,25-35,45+,<75,4-4.9,In Right,61,60,0.9836065573770492
detail,2B,Popup,Shallow Air 2B,120-149,25-35,45+,<75,5+,In Right,39,39,1.0
detail,2B,Popup,Shallow Air 2B,120-149,35+,30-44,<75,3-3.9,In Right,24,23,0.9583333333333334
detail,2B,Popup,Shallow Air 2B,120-149,35+,45+,75-84,5+,In Right,284,279,0.9823943661971831
detail,2B,Popup,Shallow Air 2B,120-149,35+,45+,85-94,5+,In Right,63,63,1.0
detail,2B,Popup,Shallow Air 2B,120-149,35+,45+,<75,3-3.9,In Right,41,38,0.926829268292683
detail,2B,Popup,Shallow Air 2B,120-149,35+,45+,<75,4-4.9,In Right,160,160,1.0
detail,2B,Popup,Shallow Air 2B,120-149,35+,45+,<75,5+,In Right,161,160,0.9937888198757764
detail,2B,Popup,Shallow Air 2B,120-149,5-15,45+,75-84,5+,In,25,25,1.0
detail,2B,Popup,Shallow Air 2B,120-149,5-15,45+,75-84,5+,In Left,25,25,1.0
detail,2B,Popup,Shallow Air 2B,120-149,5-15,45+,75-84,5+,In Right,28,27,0.9642857142857143
detail,2B,Popup,Shallow Air 2B,120-149,5-15,45+,<75,4-4.9,In,21,21,1.0
detail,2B,Popup,Shallow Air 2B,120-149,<-35,45+,75-84,5+,In Left,147,146,0.9931972789115646
detail,2B,Popup,Shallow Air 2B,120-149,<-35,45+,85-94,5+,In Left,35,35,1.0
detail,2B,Popup,Shallow Air 2B,120-149,<-35,45+,<75,3-3.9,In Left,28,26,0.9285714285714286
detail,2B,Popup,Shallow Air 2B,120-149,<-35,45+,<75,4-4.9,In Left,130,128,0.9846153846153847
detail,2B,Popup,Shallow Air 2B,120-149,<-35,45+,<75,5+,In Left,74,72,0.972972972972973
detail,2B,Popup,Shallow Air 2B,150-179,-15--5,45+,75-84,5+,Back Right,34,34,1.0
detail,2B,Popup,Shallow Air 2B,150-179,-15--5,45+,75-84,5+,In Left,38,38,1.0
detail,2B,Popup,Shallow Air 2B,150-179,-15--5,45+,85-94,5+,Back Right,39,36,0.9230769230769231
detail,2B,Popup,Shallow Air 2B,150-179,-15--5,45+,85-94,5+,In Left,34,34,1.0
detail,2B,Popup,Shallow Air 2B,150-179,-15--5,45+,<75,4-4.9,Back Right,26,26,1.0
detail,2B,Popup,Shallow Air 2B,150-179,-15--5,45+,<75,4-4.9,In Left,33,33,1.0
detail,2B,Popup,Shallow Air 2B,150-179,-15--5,45+,<75,5+,Back Right,25,25,1.0
detail,2B,Popup,Shallow Air 2B,150-179,-25--15,20-29,<75,2-2.9,In Left,20,15,0.75
detail,2B,Popup,Shallow Air 2B,150-179,-25--15,45+,75-84,5+,In Left,58,55,0.9482758620689655
detail,2B,Popup,Shallow Air 2B,150-179,-25--15,45+,85-94,5+,In Left,45,42,0.9333333333333333
detail,2B,Popup,Shallow Air 2B,150-179,-25--15,45+,<75,4-4.9,In Left,47,47,1.0
detail,2B,Popup,Shallow Air 2B,150-179,-25--15,45+,<75,5+,In Left,34,33,0.9705882352941176
detail,2B,Popup,Shallow Air 2B,150-179,-35--25,30-44,<75,3-3.9,In Left,25,18,0.72
detail,2B,Popup,Shallow Air 2B,150-179,-35--25,45+,75-84,5+,In Left,87,82,0.9425287356321839
detail,2B,Popup,Shallow Air 2B,150-179,-35--25,45+,85-94,5+,In Left,38,34,0.8947368421052632
detail,2B,Popup,Shallow Air 2B,150-179,-35--25,45+,<75,4-4.9,In Left,50,48,0.96
detail,2B,Popup,Shallow Air 2B,150-179,-35--25,45+,<75,5+,In Left,34,34,1.0
detail,2B,Popup,Shallow Air 2B,150-179,-5-5,30-44,<75,3-3.9,Back Right,28,28,1.0
detail,2B,Popup,Shallow Air 2B,150-179,-5-5,45+,75-84,5+,Back Right,58,58,1.0
detail,2B,Popup,Shallow Air 2B,150-179,-5-5,45+,75-84,5+,In Left,26,26,1.0
detail,2B,Popup,Shallow Air 2B,150-179,-5-5,45+,85-94,5+,Back Right,52,50,0.9615384615384616
detail,2B,Popup,Shallow Air 2B,150-179,-5-5,45+,<75,4-4.9,Back Right,33,33,1.0
detail,2B,Popup,Shallow Air 2B,150-179,-5-5,45+,<75,5+,Back Right,23,23,1.0
detail,2B,Popup,Shallow Air 2B,150-179,15-25,30-44,<75,3-3.9,Back Left,30,29,0.9666666666666667
detail,2B,Popup,Shallow Air 2B,150-179,15-25,45+,75-84,5+,Back Left,68,67,0.9852941176470589
detail,2B,Popup,Shallow Air 2B,150-179,15-25,45+,75-84,5+,In Right,20,20,1.0
detail,2B,Popup,Shallow Air 2B,150-179,15-25,45+,85-94,5+,Back Left,40,37,0.925
detail,2B,Popup,Shallow Air 2B,150-179,15-25,45+,<75,4-4.9,Back Left,39,39,1.0
detail,2B,Popup,Shallow Air 2B,150-179,15-25,45+,<75,5+,Back Left,28,28,1.0
detail,2B,Popup,Shallow Air 2B,150-179,25-35,30-44,<75,3-3.9,Back Left,31,25,0.8064516129032258
detail,2B,Popup,Shallow Air 2B,150-179,25-35,45+,75-84,5+,Back Left,53,50,0.9433962264150944
detail,2B,Popup,Shallow Air 2B,150-179,25-35,45+,75-84,5+,In Right,37,36,0.972972972972973
detail,2B,Popup,Shallow Air 2B,150-179,25-35,45+,85-94,5+,Back Left,28,28,1.0
detail,2B,Popup,Shallow Air 2B,150-179,25-35,45+,85-94,5+,In Right,31,29,0.9354838709677419
detail,2B,Popup,Shallow Air 2B,150-179,25-35,45+,<75,4-4.9,Back Left,36,34,0.9444444444444444
detail,2B,Popup,Shallow Air 2B,150-179,25-35,45+,<75,4-4.9,In Right,24,24,1.0
detail,2B,Popup,Shallow Air 2B,150-179,25-35,45+,<75,5+,Back Left,24,24,1.0
detail,2B,Popup,Shallow Air 2B,150-179,35+,30-44,<75,3-3.9,In Right,21,7,0.3333333333333333
detail,2B,Popup,Shallow Air 2B,150-179,35+,45+,75-84,5+,Back Left,37,34,0.918918918918919
detail,2B,Popup,Shallow Air 2B,150-179,35+,45+,75-84,5+,In Right,222,215,0.9684684684684685
detail,2B,Popup,Shallow Air 2B,150-179,35+,45+,85-94,5+,In Right,68,62,0.9117647058823529
detail,2B,Popup,Shallow Air 2B,150-179,35+,45+,<75,4-4.9,In Right,102,91,0.8921568627450981
detail,2B,Popup,Shallow Air 2B,150-179,35+,45+,<75,5+,In Right,69,66,0.9565217391304348
detail,2B,Popup,Shallow Air 2B,150-179,5-15,45+,75-84,5+,Back,30,30,1.0
detail,2B,Popup,Shallow Air 2B,150-179,5-15,45+,75-84,5+,Back Left,23,23,1.0
detail,2B,Popup,Shallow Air 2B,150-179,5-15,45+,75-84,5+,Back Right,27,27,1.0
detail,2B,Popup,Shallow Air 2B,150-179,5-15,45+,85-94,5+,Back,23,20,0.8695652173913043
detail,2B,Popup,Shallow Air 2B,150-179,5-15,45+,85-94,5+,Back Right,21,19,0.9047619047619048
detail,2B,Popup,Shallow Air 2B,150-179,5-15,45+,<75,4-4.9,Back,27,27,1.0
detail,2B,Popup,Shallow Air 2B,150-179,5-15,45+,<75,5+,Back,21,21,1.0
detail,2B,Popup,Shallow Air 2B,150-179,<-35,30-44,<75,3-3.9,In Left,20,5,0.25
detail,2B,Popup,Shallow Air 2B,150-179,<-35,45+,75-84,5+,In Left,131,125,0.9541984732824428
detail,2B,Popup,Shallow Air 2B,150-179,<-35,45+,85-94,5+,In Left,31,24,0.7741935483870968
detail,2B,Popup,Shallow Air 2B,150-179,<-35,45+,<75,4-4.9,In Left,89,76,0.8539325842696629
detail,2B,Popup,Shallow Air 2B,150-179,<-35,45+,<75,5+,In Left,56,51,0.9107142857142857
detail,2B,Popup,Shallow Air 2B,180-219,-15--5,20-29,<75,3-3.9,Back Right,25,5,0.2
detail,2B,Popup,Shallow Air 2B,180-219,-15--5,30-44,<75,3-3.9,Back Right,39,21,0.5384615384615384
detail,2B,Popup,Shallow Air 2B,180-219,-15--5,30-44,<75,4-4.9,Back Right,37,28,0.7567567567567568
detail,2B,Popup,Shallow Air 2B,180-219,-15--5,45+,75-84,5+,Back Right,91,82,0.9010989010989011
detail,2B,Popup,Shallow Air 2B,180-219,-15--5,45+,85-94,5+,Back Right,83,76,0.9156626506024096
detail,2B,Popup,Shallow Air 2B,180-219,-15--5,45+,<75,4-4.9,Back Right,38,34,0.8947368421052632
detail,2B,Popup,Shallow Air 2B,180-219,-15--5,45+,<75,5+,Back Right,29,28,0.9655172413793104
detail,2B,Popup,Shallow Air 2B,180-219,-25--15,30-44,<75,3-3.9,Back Right,35,11,0.3142857142857143
detail,2B,Popup,Shallow Air 2B,180-219,-25--15,30-44,<75,4-4.9,Back Right,38,27,0.7105263157894737
detail,2B,Popup,Shallow Air 2B,180-219,-25--15,45+,75-84,5+,Back Right,66,64,0.9696969696969697
detail,2B,Popup,Shallow Air 2B,180-219,-25--15,45+,75-84,5+,In Left,24,24,1.0
detail,2B,Popup,Shallow Air 2B,180-219,-25--15,45+,85-94,5+,Back Right,59,51,0.864406779661017
detail,2B,Popup,Shallow Air 2B,180-219,-25--15,45+,85-94,5+,In Left,21,19,0.9047619047619048
detail,2B,Popup,Shallow Air 2B,180-219,-25--15,45+,<75,4-4.9,Back Right,28,24,0.8571428571428571
detail,2B,Popup,Shallow Air 2B,180-219,-35--25,45+,75-84,5+,Back Right,23,23,1.0
detail,2B,Popup,Shallow Air 2B,180-219,-35--25,45+,75-84,5+,In Left,66,62,0.9393939393939394
detail,2B,Popup,Shallow Air 2B,180-219,-35--25,45+,85-94,5+,Back Right,20,17,0.85
detail,2B,Popup,Shallow Air 2B,180-219,-35--25,45+,85-94,5+,In Left,47,43,0.9148936170212766
detail,2B,Popup,Shallow Air 2B,180-219,-35--25,45+,<75,4-4.9,In Left,30,22,0.7333333333333333
detail,2B,Popup,Shallow Air 2B,180-219,-5-5,30-44,<75,3-3.9,Back Right,29,21,0.7241379310344828
detail,2B,Popup,Shallow Air 2B,180-219,-5-5,30-44,<75,4-4.9,Back Right,31,28,0.9032258064516129
detail,2B,Popup,Shallow Air 2B,180-219,-5-5,45+,75-84,5+,Back,34,28,0.8235294117647058
detail,2B,Popup,Shallow Air 2B,180-219,-5-5,45+,75-84,5+,Back Right,99,90,0.9090909090909091
detail,2B,Popup,Shallow Air 2B,180-219,-5-5,45+,85-94,5+,Back Right,76,72,0.9473684210526315
detail,2B,Popup,Shallow Air 2B,180-219,-5-5,45+,<75,4-4.9,Back Right,32,32,1.0
detail,2B,Popup,Shallow Air 2B,180-219,-5-5,45+,<75,5+,Back Right,26,26,1.0
detail,2B,Popup,Shallow Air 2B,180-219,15-25,30-44,<75,3-3.9,Back,29,20,0.6896551724137931
detail,2B,Popup,Shallow Air 2B,180-219,15-25,30-44,<75,3-3.9,Back Left,34,20,0.5882352941176471
detail,2B,Popup,Shallow Air 2B,180-219,15-25,30-44,<75,4-4.9,Back,22,17,0.7727272727272727
detail,2B,Popup,Shallow Air 2B,180-219,15-25,30-44,<75,4-4.9,Back Left,23,19,0.8260869565217391
detail,2B,Popup,Shallow Air 2B,180-219,15-25,45+,75-84,5+,Back,31,30,0.967741935483871
detail,2B,Popup,Shallow Air 2B,180-219,15-25,45+,75-84,5+,Back Left,68,64,0.9411764705882353
detail,2B,Popup,Shallow Air 2B,180-219,15-25,45+,85-94,5+,Back,29,29,1.0
detail,2B,Popup,Shallow Air 2B,180-219,15-25,45+,85-94,5+,Back Left,40,39,0.975
detail,2B,Popup,Shallow Air 2B,180-219,15-25,45+,<75,4-4.9,Back,22,22,1.0
detail,2B,Popup,Shallow Air 2B,180-219,15-25,45+,<75,4-4.9,Back Left,36,34,0.9444444444444444
detail,2B,Popup,Shallow Air 2B,180-219,25-35,30-44,<75,3-3.9,Back Left,38,7,0.18421052631578946
detail,2B,Popup,Shallow Air 2B,180-219,25-35,30-44,<75,4-4.9,Back Left,29,15,0.5172413793103449
detail,2B,Popup,Shallow Air 2B,180-219,25-35,45+,75-84,5+,Back Left,99,90,0.9090909090909091
detail,2B,Popup,Shallow Air 2B,180-219,25-35,45+,85-94,5+,Back Left,77,73,0.948051948051948
detail,2B,Popup,Shallow Air 2B,180-219,25-35,45+,<75,4-4.9,Back Left,40,31,0.775
detail,2B,Popup,Shallow Air 2B,180-219,25-35,45+,<75,5+,Back Left,20,19,0.95
detail,2B,Popup,Shallow Air 2B,180-219,35+,30-44,<75,3-3.9,Back Left,32,2,0.0625
detail,2B,Popup,Shallow Air 2B,180-219,35+,30-44,<75,4-4.9,Back Left,22,4,0.18181818181818182
detail,2B,Popup,Shallow Air 2B,180-219,35+,45+,75-84,5+,Back Left,119,99,0.8319327731092437
detail,2B,Popup,Shallow Air 2B,180-219,35+,45+,75-84,5+,In Right,52,44,0.8461538461538461
detail,2B,Popup,Shallow Air 2B,180-219,35+,45+,85-94,5+,Back Left,68,62,0.9117647058823529
detail,2B,Popup,Shallow Air 2B,180-219,35+,45+,85-94,5+,In Right,23,22,0.9565217391304348
detail,2B,Popup,Shallow Air 2B,180-219,35+,45+,<75,4-4.9,Back Left,41,23,0.5609756097560976
detail,2B,Popup,Shallow Air 2B,180-219,35+,45+,<75,5+,Back Left,23,18,0.782608695652174
detail,2B,Popup,Shallow Air 2B,180-219,5-15,30-44,<75,3-3.9,Back,29,19,0.6551724137931034
detail,2B,Popup,Shallow Air 2B,180-219,5-15,30-44,<75,4-4.9,Back,34,29,0.8529411764705882
detail,2B,Popup,Shallow Air 2B,180-219,5-15,45+,75-84,5+,Back,70,63,0.9
detail,2B,Popup,Shallow Air 2B,180-219,5-15,45+,75-84,5+,Back Right,30,29,0.9666666666666667
detail,2B,Popup,Shallow Air 2B,180-219,5-15,45+,85-94,5+,Back,64,58,0.90625
detail,2B,Popup,Shallow Air 2B,180-219,5-15,45+,85-94,5+,Back Right,21,19,0.9047619047619048
detail,2B,Popup,Shallow Air 2B,180-219,5-15,45+,<75,4-4.9,Back,30,27,0.9
detail,2B,Popup,Shallow Air 2B,180-219,5-15,45+,<75,5+,Back,22,19,0.8636363636363636
detail,2B,Popup,Shallow Air 2B,180-219,<-35,30-44,<75,3-3.9,In Left,37,6,0.16216216216216217
detail,2B,Popup,Shallow Air 2B,180-219,<-35,45+,75-84,5+,In Left,100,84,0.84
detail,2B,Popup,Shallow Air 2B,180-219,<-35,45+,85-94,5+,In Left,52,47,0.9038461538461539
detail,2B,Popup,Shallow Air 2B,180-219,<-35,45+,<75,4-4.9,In Left,50,20,0.4
detail,2B,Popup,Shallow Air 2B,180-219,<-35,45+,<75,5+,In Left,25,19,0.76
detail,2B,Popup,Shallow Air 2B,220-259,-15--5,20-29,<75,3-3.9,Back Right,24,1,0.041666666666666664
detail,2B,Popup,Shallow Air 2B,220-259,-15--5,30-44,<75,4-4.9,Back Right,37,9,0.24324324324324326
detail,2B,Popup,Shallow Air 2B,220-259,-15--5,45+,75-84,5+,Back Right,31,25,0.8064516129032258
detail,2B,Popup,Shallow Air 2B,220-259,-15--5,45+,85-94,5+,Back Right,58,55,0.9482758620689655
detail,2B,Popup,Shallow Air 2B,220-259,-25--15,30-44,<75,4-4.9,Back Right,25,11,0.44
detail,2B,Popup,Shallow Air 2B,220-259,-25--15,45+,75-84,5+,Back Right,31,30,0.967741935483871
detail,2B,Popup,Shallow Air 2B,220-259,-25--15,45+,85-94,5+,Back Right,51,49,0.9607843137254902
detail,2B,Popup,Shallow Air 2B,220-259,-5-5,30-44,<75,4-4.9,Back,27,19,0.7037037037037037
detail,2B,Popup,Shallow Air 2B,220-259,-5-5,30-44,<75,4-4.9,Back Right,28,10,0.35714285714285715
detail,2B,Popup,Shallow Air 2B,220-259,-5-5,45+,75-84,5+,Back Right,22,19,0.8636363636363636
detail,2B,Popup,Shallow Air 2B,220-259,-5-5,45+,85-94,5+,Back,21,21,1.0
detail,2B,Popup,Shallow Air 2B,220-259,-5-5,45+,85-94,5+,Back Right,30,27,0.9
detail,2B,Popup,Shallow Air 2B,220-259,15-25,45+,85-94,5+,Back,33,33,1.0
detail,2B,Popup,Shallow Air 2B,220-259,15-25,45+,85-94,5+,Back Left,21,21,1.0
detail,2B,Popup,Shallow Air 2B,220-259,25-35,45+,75-84,5+,Back Left,24,24,1.0
detail,2B,Popup,Shallow Air 2B,220-259,25-35,45+,85-94,5+,Back Left,45,45,1.0
detail,2B,Popup,Shallow Air 2B,220-259,35+,45+,75-84,5+,Back Left,55,48,0.8727272727272727
detail,2B,Popup,Shallow Air 2B,220-259,35+,45+,85-94,5+,Back Left,54,51,0.9444444444444444
detail,2B,Popup,Shallow Air 2B,220-259,5-15,20-29,<75,3-3.9,Back,23,0,0.0
detail,2B,Popup,Shallow Air 2B,220-259,5-15,30-44,<75,4-4.9,Back,35,9,0.2571428571428571
detail,2B,Popup,Shallow Air 2B,220-259,5-15,45+,75-84,5+,Back,35,30,0.8571428571428571
detail,2B,Popup,Shallow Air 2B,220-259,5-15,45+,85-94,5+,Back,41,39,0.9512195121951219
detail,2B,Popup,Shallow Air 2B,220-259,<-35,45+,75-84,5+,In Left,39,35,0.8974358974358975
detail,2B,Popup,Shallow Air 2B,220-259,<-35,45+,85-94,5+,In Left,25,25,1.0
detail,2B,Popup,Shallow Air 2B,260-319,-15--5,30-44,85-94,5+,Back Right,28,28,1.0
detail,2B,Popup,Shallow Air 2B,260-319,-25--15,30-44,85-94,5+,Back Right,24,24,1.0
detail,2B,Popup,Shallow Air 2B,260-319,-25--15,45+,85-94,5+,Back Right,24,24,1.0
detail,2B,Popup,Shallow Air 2B,260-319,15-25,30-44,85-94,5+,Back,22,21,0.9545454545454546
detail,2B,Popup,Shallow Air 2B,260-319,15-25,45+,85-94,5+,Back,24,24,1.0
detail,2B,Popup,Shallow Air 2B,260-319,35+,30-44,75-84,4-4.9,Back Left,20,19,0.95
detail,2B,Popup,Shallow Air 2B,260-319,35+,30-44,85-94,5+,Back Left,20,20,1.0
detail,2B,Popup,Shallow Air 2B,260-319,5-15,30-44,75-84,4-4.9,Back,23,19,0.8260869565217391
detail,2B,Popup,Shallow Air 2B,260-319,5-15,30-44,85-94,5+,Back,30,28,0.9333333333333333
detail,2B,Popup,Shallow Air 2B,260-319,5-15,45+,85-94,5+,Back,24,23,0.9583333333333334
detail,2B,Popup,Shallow Air 2B,320+,5-15,30-44,85-94,5+,Back,21,21,1.0
detail,2B,Popup,Shallow Air 2B,60-89,15-25,45+,75-84,5+,In,21,20,0.9523809523809523
detail,2B,Popup,Shallow Air 2B,60-89,15-25,45+,<75,5+,In,35,35,1.0
detail,2B,Popup,Shallow Air 2B,60-89,25-35,45+,75-84,5+,In,24,23,0.9583333333333334
detail,2B,Popup,Shallow Air 2B,60-89,25-35,45+,<75,5+,In,29,29,1.0
detail,2B,Popup,Shallow Air 2B,60-89,35+,45+,75-84,5+,In,50,50,1.0
detail,2B,Popup,Shallow Air 2B,60-89,35+,45+,75-84,5+,In Right,46,46,1.0
detail,2B,Popup,Shallow Air 2B,60-89,35+,45+,<75,4-4.9,In,59,59,1.0
detail,2B,Popup,Shallow Air 2B,60-89,35+,45+,<75,4-4.9,In Right,32,32,1.0
detail,2B,Popup,Shallow Air 2B,60-89,35+,45+,<75,5+,In,64,63,0.984375
detail,2B,Popup,Shallow Air 2B,60-89,35+,45+,<75,5+,In Right,45,45,1.0
detail,2B,Popup,Shallow Air 2B,60-89,5-15,45+,75-84,5+,In,23,22,0.9565217391304348
detail,2B,Popup,Shallow Air 2B,60-89,<-35,45+,<75,4-4.9,In,25,25,1.0
detail,2B,Popup,Shallow Air 2B,60-89,<-35,45+,<75,5+,In,38,38,1.0
detail,2B,Popup,Shallow Air 2B,60-89,<-35,45+,<75,5+,In Left,34,34,1.0
detail,2B,Popup,Shallow Air 2B,90-119,-15--5,45+,75-84,5+,In Left,26,25,0.9615384615384616
detail,2B,Popup,Shallow Air 2B,90-119,-15--5,45+,<75,5+,In Left,22,21,0.9545454545454546
detail,2B,Popup,Shallow Air 2B,90-119,-25--15,45+,75-84,5+,In Left,38,37,0.9736842105263158
detail,2B,Popup,Shallow Air 2B,90-119,-25--15,45+,<75,5+,In Left,27,27,1.0
detail,2B,Popup,Shallow Air 2B,90-119,-35--25,45+,75-84,5+,In Left,32,30,0.9375
detail,2B,Popup,Shallow Air 2B,90-119,-35--25,45+,<75,4-4.9,In Left,26,26,1.0
detail,2B,Popup,Shallow Air 2B,90-119,-35--25,45+,<75,5+,In Left,25,25,1.0
detail,2B,Popup,Shallow Air 2B,90-119,-5-5,45+,75-84,5+,In,29,29,1.0
detail,2B,Popup,Shallow Air 2B,90-119,-5-5,45+,<75,5+,In,24,24,1.0
detail,2B,Popup,Shallow Air 2B,90-119,15-25,45+,75-84,5+,In,45,45,1.0
detail,2B,Popup,Shallow Air 2B,90-119,15-25,45+,<75,4-4.9,In,22,22,1.0
detail,2B,Popup,Shallow Air 2B,90-119,15-25,45+,<75,5+,In,22,21,0.9545454545454546
detail,2B,Popup,Shallow Air 2B,90-119,25-35,45+,75-84,5+,In Right,34,34,1.0
detail,2B,Popup,Shallow Air 2B,90-119,25-35,45+,<75,4-4.9,In Right,23,23,1.0
detail,2B,Popup,Shallow Air 2B,90-119,35+,45+,75-84,5+,In Right,203,201,0.9901477832512315
detail,2B,Popup,Shallow Air 2B,90-119,35+,45+,85-94,5+,In Right,25,24,0.96
detail,2B,Popup,Shallow Air 2B,90-119,35+,45+,<75,3-3.9,In Right,32,32,1.0
detail,2B,Popup,Shallow Air 2B,90-119,35+,45+,<75,4-4.9,In Right,133,133,1.0
detail,2B,Popup,Shallow Air 2B,90-119,35+,45+,<75,5+,In Right,173,172,0.9942196531791907
detail,2B,Popup,Shallow Air 2B,90-119,5-15,45+,75-84,5+,In,26,26,1.0
detail,2B,Popup,Shallow Air 2B,90-119,5-15,45+,<75,4-4.9,In,28,28,1.0
detail,2B,Popup,Shallow Air 2B,90-119,5-15,45+,<75,5+,In,44,44,1.0
detail,2B,Popup,Shallow Air 2B,90-119,<-35,45+,75-84,5+,In Left,85,84,0.9882352941176471
detail,2B,Popup,Shallow Air 2B,90-119,<-35,45+,<75,3-3.9,In Left,36,36,1.0
detail,2B,Popup,Shallow Air 2B,90-119,<-35,45+,<75,4-4.9,In Left,106,105,0.9905660377358491
detail,2B,Popup,Shallow Air 2B,90-119,<-35,45+,<75,5+,In Left,84,84,1.0
detail,2B,Popup,Shallow Air 2B,<60,35+,45+,75-84,5+,In,38,38,1.0
detail,2B,Popup,Shallow Air 2B,<60,35+,45+,<75,4-4.9,In,30,30,1.0
detail,2B,Popup,Shallow Air 2B,<60,35+,45+,<75,5+,In,54,54,1.0
detail,2B,Popup,Shallow Air 2B,<60,35+,<0,<75,<2,In,30,30,1.0
detail,2B,Popup,Shallow Air 2B,<60,<-35,45+,75-84,5+,In,21,20,0.9523809523809523
detail,2B,Popup,Shallow Air 2B,<60,<-35,45+,<75,5+,In,36,36,1.0
detail,2B,Popup,Shallow Air 2B,<60,<-35,<0,<75,<2,In,44,43,0.9772727272727273
detail,3B,Fly,Shallow Air 3B,120-149,35+,45+,75-84,5+,In Right,28,28,1.0
detail,3B,Fly,Shallow Air 3B,150-179,-35--25,45+,75-84,5+,Back,23,21,0.9130434782608695
detail,3B,Fly,Shallow Air 3B,150-179,15-25,45+,75-84,5+,In Right,20,19,0.95
detail,3B,Fly,Shallow Air 3B,150-179,25-35,45+,75-84,5+,In Right,27,26,0.9629629629629629
detail,3B,Fly,Shallow Air 3B,150-179,25-35,45+,85-94,5+,In Right,20,19,0.95
detail,3B,Fly,Shallow Air 3B,150-179,35+,45+,75-84,5+,In Right,64,54,0.84375
detail,3B,Fly,Shallow Air 3B,150-179,35+,45+,85-94,5+,In Right,28,25,0.8928571428571429
detail,3B,Fly,Shallow Air 3B,150-179,35+,45+,<75,4-4.9,In Right,22,15,0.6818181818181818
detail,3B,Fly,Shallow Air 3B,150-179,35+,45+,<75,5+,In Right,22,21,0.9545454545454546
detail,3B,Fly,Shallow Air 3B,150-179,<-35,45+,75-84,5+,Back,22,18,0.8181818181818182
detail,3B,Fly,Shallow Air 3B,90-119,35+,45+,75-84,5+,In Right,29,29,1.0
detail,3B,Ground,IF 3B,120-149,-25--15,0-9,105+,Ground,Back Left,107,26,0.24299065420560748
detail,3B,Ground,IF 3B,120-149,-25--15,0-9,75-84,Ground,Back Left,141,55,0.3900709219858156
detail,3B,Ground,IF 3B,120-149,-25--15,0-9,85-94,Ground,Back,29,4,0.13793103448275862
detail,3B,Ground,IF 3B,120-149,-25--15,0-9,85-94,Ground,Back Left,224,72,0.32142857142857145
detail,3B,Ground,IF 3B,120-149,-25--15,0-9,95-104,Ground,Back,32,5,0.15625
detail,3B,Ground,IF 3B,120-149,-25--15,0-9,95-104,Ground,Back Left,373,92,0.24664879356568364
detail,3B,Ground,IF 3B,120-149,-25--15,0-9,<75,Ground,Back,20,12,0.6
detail,3B,Ground,IF 3B,120-149,-25--15,0-9,<75,Ground,Back Left,95,57,0.6
detail,3B,Ground,IF 3B,120-149,-25--15,10-19,<75,Ground,Back Left,50,29,0.58
detail,3B,Ground,IF 3B,120-149,-25--15,<0,105+,Ground,Back Left,79,20,0.25316455696202533
detail,3B,Ground,IF 3B,120-149,-25--15,<0,75-84,Ground,Back,46,26,0.5652173913043478
detail,3B,Ground,IF 3B,120-149,-25--15,<0,75-84,Ground,Back Left,657,446,0.6788432267884322
detail,3B,Ground,IF 3B,120-149,-25--15,<0,85-94,Ground,Back,80,42,0.525
detail,3B,Ground,IF 3B,120-149,-25--15,<0,85-94,Ground,Back Left,794,384,0.4836272040302267
detail,3B,Ground,IF 3B,120-149,-25--15,<0,95-104,Ground,Back,64,27,0.421875
detail,3B,Ground,IF 3B,120-149,-25--15,<0,95-104,Ground,Back Left,551,172,0.3121597096188748
detail,3B,Ground,IF 3B,120-149,-25--15,<0,<75,Ground,Back,144,99,0.6875
detail,3B,Ground,IF 3B,120-149,-25--15,<0,<75,Ground,Back Left,934,717,0.7676659528907923
detail,3B,Ground,IF 3B,120-149,-35--25,0-9,105+,Ground,Back,87,26,0.2988505747126437
detail,3B,Ground,IF 3B,120-149,-35--25,0-9,105+,Ground,Back Left,234,17,0.07264957264957266
detail,3B,Ground,IF 3B,120-149,-35--25,0-9,75-84,Ground,Back,221,152,0.6877828054298643
detail,3B,Ground,IF 3B,120-149,-35--25,0-9,75-84,Ground,Back Left,327,116,0.3547400611620795
detail,3B,Ground,IF 3B,120-149,-35--25,0-9,85-94,Ground,Back,356,171,0.4803370786516854
detail,3B,Ground,IF 3B,120-149,-35--25,0-9,85-94,Ground,Back Left,473,115,0.24312896405919662
detail,3B,Ground,IF 3B,120-149,-35--25,0-9,95-104,Ground,Back,551,231,0.4192377495462795
detail,3B,Ground,IF 3B,120-149,-35--25,0-9,95-104,Ground,Back Left,863,79,0.09154113557358054
detail,3B,Ground,IF 3B,120-149,-35--25,0-9,<75,Ground,Back,258,195,0.7558139534883721
detail,3B,Ground,IF 3B,120-149,-35--25,0-9,<75,Ground,Back Left,192,116,0.6041666666666666
detail,3B,Ground,IF 3B,120-149,-35--25,10-19,75-84,Ground,Back Left,29,7,0.2413793103448276
detail,3B,Ground,IF 3B,120-149,-35--25,10-19,<75,Ground,Back,90,51,0.5666666666666667
detail,3B,Ground,IF 3B,120-149,-35--25,10-19,<75,Ground,Back Left,72,46,0.6388888888888888
detail,3B,Ground,IF 3B,120-149,-35--25,20-29,<75,Ground,Back,44,32,0.7272727272727273
detail,3B,Ground,IF 3B,120-149,-35--25,30-44,<75,Ground,Back,34,22,0.6470588235294118
detail,3B,Ground,IF 3B,120-149,-35--25,<0,105+,Ground,Back,94,61,0.648936170212766
detail,3B,Ground,IF 3B,120-149,-35--25,<0,105+,Ground,Back Left,170,67,0.3941176470588235
detail,3B,Ground,IF 3B,120-149,-35--25,<0,75-84,Ground,Back,948,730,0.770042194092827
detail,3B,Ground,IF 3B,120-149,-35--25,<0,75-84,Ground,Back Left,1460,1074,0.7356164383561644
detail,3B,Ground,IF 3B,120-149,-35--25,<0,85-94,Ground,Back,1161,832,0.7166236003445305
detail,3B,Ground,IF 3B,120-149,-35--25,<0,85-94,Ground,Back Left,1715,982,0.572594752186589
detail,3B,Ground,IF 3B,120-149,-35--25,<0,85-94,Ground,In Left,26,12,0.46153846153846156
detail,3B,Ground,IF 3B,120-149,-35--25,<0,95-104,Ground,Back,836,518,0.6196172248803827
detail,3B,Ground,IF 3B,120-149,-35--25,<0,95-104,Ground,Back Left,1269,494,0.3892828999211978
detail,3B,Ground,IF 3B,120-149,-35--25,<0,95-104,Ground,In Left,22,4,0.18181818181818182
detail,3B,Ground,IF 3B,120-149,-35--25,<0,<75,Ground,Back,1720,1341,0.7796511627906977
detail,3B,Ground,IF 3B,120-149,-35--25,<0,<75,Ground,Back Left,1701,1337,0.7860082304526749
detail,3B,Ground,IF 3B,120-149,-35--25,<0,<75,Ground,Back Right,40,26,0.65
detail,3B,Ground,IF 3B,120-149,-35--25,<0,<75,Ground,In Left,51,11,0.21568627450980393
detail,3B,Ground,IF 3B,120-149,<-35,0-9,105+,Ground,Back,92,44,0.4782608695652174
detail,3B,Ground,IF 3B,120-149,<-35,0-9,105+,Ground,Back Right,23,1,0.043478260869565216
detail,3B,Ground,IF 3B,120-149,<-35,0-9,75-84,Ground,Back,307,197,0.6416938110749185
detail,3B,Ground,IF 3B,120-149,<-35,0-9,75-84,Ground,Back Right,90,14,0.15555555555555556
detail,3B,Ground,IF 3B,120-149,<-35,0-9,85-94,Ground,Back,438,244,0.5570776255707762
detail,3B,Ground,IF 3B,120-149,<-35,0-9,85-94,Ground,Back Right,159,10,0.06289308176100629
detail,3B,Ground,IF 3B,120-149,<-35,0-9,95-104,Ground,Back,566,284,0.5017667844522968
detail,3B,Ground,IF 3B,120-149,<-35,0-9,95-104,Ground,Back Right,162,11,0.06790123456790123
detail,3B,Ground,IF 3B,120-149,<-35,0-9,<75,Ground,Back,201,150,0.746268656716418
detail,3B,Ground,IF 3B,120-149,<-35,0-9,<75,Ground,Back Right,73,23,0.3150684931506849
detail,3B,Ground,IF 3B,120-149,<-35,10-19,<75,Ground,Back,54,41,0.7592592592592593
detail,3B,Ground,IF 3B,120-149,<-35,10-19,<75,Ground,Back Right,25,5,0.2
detail,3B,Ground,IF 3B,120-149,<-35,20-29,<75,Ground,Back,22,13,0.5909090909090909
detail,3B,Ground,IF 3B,120-149,<-35,30-44,<75,Ground,Back,22,16,0.7272727272727273
detail,3B,Ground,IF 3B,120-149,<-35,<0,105+,Ground,Back,110,62,0.5636363636363636
detail,3B,Ground,IF 3B,120-149,<-35,<0,105+,Ground,Back Right,35,17,0.4857142857142857
detail,3B,Ground,IF 3B,120-149,<-35,<0,75-84,Ground,Back,860,670,0.7790697674418605
detail,3B,Ground,IF 3B,120-149,<-35,<0,75-84,Ground,Back Right,174,98,0.5632183908045977
detail,3B,Ground,IF 3B,120-149,<-35,<0,85-94,Ground,Back,1178,741,0.6290322580645161
detail,3B,Ground,IF 3B,120-149,<-35,<0,85-94,Ground,Back Left,25,18,0.72
detail,3B,Ground,IF 3B,120-149,<-35,<0,85-94,Ground,Back Right,239,92,0.38493723849372385
detail,3B,Ground,IF 3B,120-149,<-35,<0,95-104,Ground,Back,741,404,0.5452091767881242
detail,3B,Ground,IF 3B,120-149,<-35,<0,95-104,Ground,Back Right,169,36,0.21301775147928995
detail,3B,Ground,IF 3B,120-149,<-35,<0,<75,Ground,Back,1232,992,0.8051948051948052
detail,3B,Ground,IF 3B,120-149,<-35,<0,<75,Ground,Back Right,405,258,0.6370370370370371
detail,3B,Ground,IF 3B,120-149,<-35,<0,<75,Ground,In Left,45,12,0.26666666666666666
detail,3B,Line,Shallow Air 3B,120-149,-15--5,0-9,105+,<2,Back Left,37,5,0.13513513513513514
detail,3B,Line,Shallow Air 3B,120-149,-15--5,0-9,75-84,<2,Back Left,21,5,0.23809523809523808
detail,3B,Line,Shallow Air 3B,120-149,-15--5,0-9,85-94,<2,Back Left,72,29,0.4027777777777778
detail,3B,Line,Shallow Air 3B,120-149,-15--5,0-9,85-94,<2,In Right,22,0,0.0
detail,3B,Line,Shallow Air 3B,120-149,-15--5,0-9,95-104,<2,Back Left,151,24,0.15894039735099338
detail,3B,Line,Shallow Air 3B,120-149,-15--5,0-9,95-104,<2,In Right,41,1,0.024390243902439025
detail,3B,Line,Shallow Air 3B,120-149,-15--5,10-19,75-84,<2,Back Left,24,11,0.4583333333333333
detail,3B,Line,Shallow Air 3B,120-149,-15--5,10-19,<75,<2,Back Left,50,28,0.56
detail,3B,Line,Shallow Air 3B,120-149,-25--15,0-9,105+,<2,Back Left,46,7,0.15217391304347827
detail,3B,Line,Shallow Air 3B,120-149,-25--15,0-9,85-94,<2,Back Left,80,17,0.2125
detail,3B,Line,Shallow Air 3B,120-149,-25--15,0-9,95-104,<2,Back Left,197,47,0.23857868020304568
detail,3B,Line,Shallow Air 3B,120-149,-25--15,10-19,75-84,<2,Back Left,33,18,0.5454545454545454
detail,3B,Line,Shallow Air 3B,120-149,-25--15,10-19,<75,<2,Back Left,53,22,0.41509433962264153
detail,3B,Line,Shallow Air 3B,120-149,-25--15,20-29,<75,2-2.9,Back Left,21,19,0.9047619047619048
detail,3B,Line,Shallow Air 3B,120-149,-35--25,0-9,105+,<2,Back,20,4,0.2
detail,3B,Line,Shallow Air 3B,120-149,-35--25,0-9,105+,<2,Back Left,48,1,0.020833333333333332
detail,3B,Line,Shallow Air 3B,120-149,-35--25,0-9,75-84,<2,Back,41,21,0.5121951219512195
detail,3B,Line,Shallow Air 3B,120-149,-35--25,0-9,75-84,<2,Back Left,36,5,0.1388888888888889
detail,3B,Line,Shallow Air 3B,120-149,-35--25,0-9,85-94,<2,Back,108,54,0.5
detail,3B,Line,Shallow Air 3B,120-149,-35--25,0-9,85-94,<2,Back Left,71,2,0.028169014084507043
detail,3B,Line,Shallow Air 3B,120-149,-35--25,0-9,95-104,<2,Back,170,41,0.2411764705882353
detail,3B,Line,Shallow Air 3B,120-149,-35--25,0-9,95-104,<2,Back Left,150,11,0.07333333333333333
detail,3B,Line,Shallow Air 3B,120-149,-35--25,10-19,75-84,<2,Back,40,16,0.4
detail,3B,Line,Shallow Air 3B,120-149,-35--25,10-19,75-84,<2,Back Left,38,8,0.21052631578947367
detail,3B,Line,Shallow Air 3B,120-149,-35--25,10-19,85-94,<2,Back,29,10,0.3448275862068966
detail,3B,Line,Shallow Air 3B,120-149,-35--25,10-19,85-94,<2,Back Left,21,3,0.14285714285714285
detail,3B,Line,Shallow Air 3B,120-149,-35--25,10-19,<75,<2,Back,54,21,0.3888888888888889
detail,3B,Line,Shallow Air 3B,120-149,-35--25,10-19,<75,<2,Back Left,28,12,0.42857142857142855
detail,3B,Line,Shallow Air 3B,120-149,-5-5,0-9,105+,<2,Back Left,28,1,0.03571428571428571
detail,3B,Line,Shallow Air 3B,120-149,-5-5,0-9,105+,<2,In Right,29,2,0.06896551724137931
detail,3B,Line,Shallow Air 3B,120-149,-5-5,0-9,75-84,<2,Back Left,30,4,0.13333333333333333
detail,3B,Line,Shallow Air 3B,120-149,-5-5,0-9,75-84,<2,In Right,28,4,0.14285714285714285
detail,3B,Line,Shallow Air 3B,120-149,-5-5,0-9,85-94,<2,Back Left,96,8,0.08333333333333333
detail,3B,Line,Shallow Air 3B,120-149,-5-5,0-9,85-94,<2,In Right,61,5,0.08196721311475409
detail,3B,Line,Shallow Air 3B,120-149,-5-5,0-9,95-104,<2,Back Left,161,15,0.09316770186335403
detail,3B,Line,Shallow Air 3B,120-149,-5-5,0-9,95-104,<2,In Right,140,9,0.06428571428571428
detail,3B,Line,Shallow Air 3B,120-149,-5-5,10-19,75-84,<2,Back Left,29,4,0.13793103448275862
detail,3B,Line,Shallow Air 3B,120-149,-5-5,10-19,<75,<2,Back Left,46,16,0.34782608695652173
detail,3B,Line,Shallow Air 3B,120-149,-5-5,10-19,<75,<2,In Right,26,7,0.2692307692307692
detail,3B,Line,Shallow Air 3B,120-149,15-25,0-9,105+,<2,In Right,26,3,0.11538461538461539
detail,3B,Line,Shallow Air 3B,120-149,15-25,0-9,75-84,<2,In Right,37,6,0.16216216216216217
detail,3B,Line,Shallow Air 3B,120-149,15-25,0-9,85-94,<2,In Right,84,6,0.07142857142857142
detail,3B,Line,Shallow Air 3B,120-149,15-25,0-9,95-104,<2,In Right,146,10,0.0684931506849315
detail,3B,Line,Shallow Air 3B,120-149,15-25,10-19,75-84,<2,In Right,27,11,0.4074074074074074
detail,3B,Line,Shallow Air 3B,120-149,15-25,10-19,<75,<2,In Right,40,15,0.375
detail,3B,Line,Shallow Air 3B,120-149,25-35,0-9,105+,<2,In Right,51,4,0.0784313725490196
detail,3B,Line,Shallow Air 3B,120-149,25-35,0-9,75-84,<2,In Right,51,18,0.35294117647058826
detail,3B,Line,Shallow Air 3B,120-149,25-35,0-9,85-94,<2,In Right,158,40,0.25316455696202533
detail,3B,Line,Shallow Air 3B,120-149,25-35,0-9,95-104,<2,In Right,249,38,0.15261044176706828
detail,3B,Line,Shallow Air 3B,120-149,25-35,10-19,75-84,<2,In Right,49,13,0.2653061224489796
detail,3B,Line,Shallow Air 3B,120-149,25-35,10-19,<75,<2,In Right,72,32,0.4444444444444444
detail,3B,Line,Shallow Air 3B,120-149,35+,0-9,105+,<2,In Right,34,17,0.5
detail,3B,Line,Shallow Air 3B,120-149,35+,0-9,75-84,<2,In Right,56,38,0.6785714285714286
detail,3B,Line,Shallow Air 3B,120-149,35+,0-9,85-94,<2,In Right,174,121,0.6954022988505747
detail,3B,Line,Shallow Air 3B,120-149,35+,0-9,95-104,<2,In Right,211,123,0.5829383886255924
detail,3B,Line,Shallow Air 3B,120-149,35+,10-19,75-84,<2,In Right,74,51,0.6891891891891891
detail,3B,Line,Shallow Air 3B,120-149,35+,10-19,85-94,<2,In Right,27,15,0.5555555555555556
detail,3B,Line,Shallow Air 3B,120-149,35+,10-19,<75,<2,In Right,79,50,0.6329113924050633
detail,3B,Line,Shallow Air 3B,120-149,35+,20-29,<75,2-2.9,In Right,20,5,0.25
detail,3B,Line,Shallow Air 3B,120-149,5-15,0-9,105+,<2,In Right,29,6,0.20689655172413793
detail,3B,Line,Shallow Air 3B,120-149,5-15,0-9,85-94,<2,Back Left,26,6,0.23076923076923078
detail,3B,Line,Shallow Air 3B,120-149,5-15,0-9,85-94,<2,In Right,61,17,0.2786885245901639
detail,3B,Line,Shallow Air 3B,120-149,5-15,0-9,95-104,<2,Back Left,51,8,0.1568627450980392
detail,3B,Line,Shallow Air 3B,120-149,5-15,0-9,95-104,<2,In Right,114,28,0.24561403508771928
detail,3B,Line,Shallow Air 3B,120-149,5-15,10-19,<75,<2,In Right,36,25,0.6944444444444444
detail,3B,Line,Shallow Air 3B,120-149,<-35,0-9,105+,<2,Back,57,40,0.7017543859649122
detail,3B,Line,Shallow Air 3B,120-149,<-35,0-9,75-84,<2,Back,25,18,0.72
detail,3B,Line,Shallow Air 3B,120-149,<-35,0-9,85-94,<2,Back,107,86,0.8037383177570093
detail,3B,Line,Shallow Air 3B,120-149,<-35,0-9,85-94,<2,Back Right,44,12,0.2727272727272727
detail,3B,Line,Shallow Air 3B,120-149,<-35,0-9,95-104,<2,Back,256,182,0.7109375
detail,3B,Line,Shallow Air 3B,120-149,<-35,0-9,95-104,<2,Back Right,69,16,0.2318840579710145
detail,3B,Line,Shallow Air 3B,120-149,<-35,10-19,75-84,<2,Back,74,53,0.7162162162162162
detail,3B,Line,Shallow Air 3B,120-149,<-35,10-19,75-84,<2,Back Right,29,13,0.4482758620689655
detail,3B,Line,Shallow Air 3B,120-149,<-35,10-19,85-94,<2,Back,55,37,0.6727272727272727
detail,3B,Line,Shallow Air 3B,120-149,<-35,10-19,95-104,<2,Back,36,22,0.6111111111111112
detail,3B,Line,Shallow Air 3B,120-149,<-35,10-19,<75,<2,Back,46,31,0.6739130434782609
detail,3B,Line,Shallow Air 3B,120-149,<-35,10-19,<75,<2,Back Right,29,14,0.4827586206896552
detail,3B,Line,Shallow Air 3B,150-179,-15--5,0-9,105+,<2,Back Left,78,27,0.34615384615384615
detail,3B,Line,Shallow Air 3B,150-179,-15--5,0-9,85-94,<2,Back Left,126,64,0.5079365079365079
detail,3B,Line,Shallow Air 3B,150-179,-15--5,0-9,95-104,<2,Back Left,318,144,0.4528301886792453
detail,3B,Line,Shallow Air 3B,150-179,-15--5,10-19,75-84,<2,Back Left,120,65,0.5416666666666666
detail,3B,Line,Shallow Air 3B,150-179,-15--5,10-19,85-94,<2,Back Left,102,42,0.4117647058823529
detail,3B,Line,Shallow Air 3B,150-179,-15--5,10-19,95-104,<2,Back Left,60,18,0.3
detail,3B,Line,Shallow Air 3B,150-179,-15--5,10-19,<75,2-2.9,Back Left,55,36,0.6545454545454545
detail,3B,Line,Shallow Air 3B,150-179,-15--5,10-19,<75,<2,Back Left,48,33,0.6875
detail,3B,Line,Shallow Air 3B,150-179,-15--5,20-29,<75,2-2.9,Back Left,34,24,0.7058823529411765
detail,3B,Line,Shallow Air 3B,150-179,-25--15,0-9,105+,<2,Back Left,84,53,0.6309523809523809
detail,3B,Line,Shallow Air 3B,150-179,-25--15,0-9,85-94,<2,Back,42,6,0.14285714285714285
detail,3B,Line,Shallow Air 3B,150-179,-25--15,0-9,85-94,<2,Back Left,101,55,0.5445544554455446
detail,3B,Line,Shallow Air 3B,150-179,-25--15,0-9,95-104,<2,Back,68,11,0.16176470588235295
detail,3B,Line,Shallow Air 3B,150-179,-25--15,0-9,95-104,<2,Back Left,267,162,0.6067415730337079
detail,3B,Line,Shallow Air 3B,150-179,-25--15,10-19,75-84,<2,Back,36,9,0.25
detail,3B,Line,Shallow Air 3B,150-179,-25--15,10-19,75-84,<2,Back Left,115,83,0.7217391304347827
detail,3B,Line,Shallow Air 3B,150-179,-25--15,10-19,85-94,<2,Back Left,101,78,0.7722772277227723
detail,3B,Line,Shallow Air 3B,150-179,-25--15,10-19,95-104,<2,Back Left,87,58,0.6666666666666666
detail,3B,Line,Shallow Air 3B,150-179,-25--15,10-19,<75,2-2.9,Back Left,45,38,0.8444444444444444
detail,3B,Line,Shallow Air 3B,150-179,-25--15,10-19,<75,<2,Back Left,44,34,0.7727272727272727
detail,3B,Line,Shallow Air 3B,150-179,-25--15,20-29,<75,2-2.9,Back Left,30,24,0.8
detail,3B,Line,Shallow Air 3B,150-179,-35--25,0-9,105+,<2,Back,80,3,0.0375
detail,3B,Line,Shallow Air 3B,150-179,-35--25,0-9,105+,<2,Back Left,23,3,0.13043478260869565
detail,3B,Line,Shallow Air 3B,150-179,-35--25,0-9,85-94,<2,Back,113,15,0.13274336283185842
detail,3B,Line,Shallow Air 3B,150-179,-35--25,0-9,95-104,<2,Back,212,19,0.08962264150943396
detail,3B,Line,Shallow Air 3B,150-179,-35--25,0-9,95-104,<2,Back Left,36,9,0.25
detail,3B,Line,Shallow Air 3B,150-179,-35--25,10-19,105+,<2,Back,20,0,0.0
detail,3B,Line,Shallow Air 3B,150-179,-35--25,10-19,75-84,<2,Back,132,5,0.03787878787878788
detail,3B,Line,Shallow Air 3B,150-179,-35--25,10-19,75-84,<2,Back Left,21,6,0.2857142857142857
detail,3B,Line,Shallow Air 3B,150-179,-35--25,10-19,85-94,<2,Back,123,8,0.06504065040650407
detail,3B,Line,Shallow Air 3B,150-179,-35--25,10-19,85-94,<2,Back Left,34,8,0.23529411764705882
detail,3B,Line,Shallow Air 3B,150-179,-35--25,10-19,95-104,<2,Back,139,5,0.03597122302158273
detail,3B,Line,Shallow Air 3B,150-179,-35--25,10-19,<75,2-2.9,Back,31,3,0.0967741935483871
detail,3B,Line,Shallow Air 3B,150-179,-35--25,10-19,<75,<2,Back,40,3,0.075
detail,3B,Line,Shallow Air 3B,150-179,-35--25,20-29,<75,2-2.9,Back,32,4,0.125
detail,3B,Line,Shallow Air 3B,150-179,-5-5,0-9,105+,<2,Back Left,76,12,0.15789473684210525
detail,3B,Line,Shallow Air 3B,150-179,-5-5,0-9,85-94,<2,Back Left,121,26,0.21487603305785125
detail,3B,Line,Shallow Air 3B,150-179,-5-5,0-9,95-104,<2,Back Left,312,42,0.1346153846153846
detail,3B,Line,Shallow Air 3B,150-179,-5-5,10-19,75-84,<2,Back Left,113,29,0.25663716814159293
detail,3B,Line,Shallow Air 3B,150-179,-5-5,10-19,85-94,<2,Back Left,73,18,0.2465753424657534
detail,3B,Line,Shallow Air 3B,150-179,-5-5,10-19,95-104,<2,Back Left,64,9,0.140625
detail,3B,Line,Shallow Air 3B,150-179,-5-5,10-19,<75,2-2.9,Back Left,60,28,0.4666666666666667
detail,3B,Line,Shallow Air 3B,150-179,-5-5,10-19,<75,<2,Back Left,64,24,0.375
detail,3B,Line,Shallow Air 3B,150-179,-5-5,20-29,<75,2-2.9,Back Left,30,18,0.6
detail,3B,Line,Shallow Air 3B,150-179,15-25,0-9,105+,<2,In Right,57,20,0.3508771929824561
detail,3B,Line,Shallow Air 3B,150-179,15-25,0-9,85-94,<2,Back Left,23,15,0.6521739130434783
detail,3B,Line,Shallow Air 3B,150-179,15-25,0-9,85-94,<2,In Right,102,34,0.3333333333333333
detail,3B,Line,Shallow Air 3B,150-179,15-25,0-9,95-104,<2,Back Left,72,49,0.6805555555555556
detail,3B,Line,Shallow Air 3B,150-179,15-25,0-9,95-104,<2,In Right,193,73,0.37823834196891193
detail,3B,Line,Shallow Air 3B,150-179,15-25,10-19,75-84,<2,Back Left,32,22,0.6875
detail,3B,Line,Shallow Air 3B,150-179,15-25,10-19,75-84,<2,In Right,84,43,0.5119047619047619
detail,3B,Line,Shallow Air 3B,150-179,15-25,10-19,85-94,<2,Back Left,37,24,0.6486486486486487
detail,3B,Line,Shallow Air 3B,150-179,15-25,10-19,85-94,<2,In Right,61,22,0.36065573770491804
detail,3B,Line,Shallow Air 3B,150-179,15-25,10-19,95-104,<2,Back Left,30,19,0.6333333333333333
detail,3B,Line,Shallow Air 3B,150-179,15-25,10-19,95-104,<2,In Right,48,26,0.5416666666666666
detail,3B,Line,Shallow Air 3B,150-179,15-25,10-19,<75,2-2.9,In Right,32,18,0.5625
detail,3B,Line,Shallow Air 3B,150-179,15-25,10-19,<75,<2,In Right,40,26,0.65
detail,3B,Line,Shallow Air 3B,150-179,15-25,20-29,<75,2-2.9,In Right,21,12,0.5714285714285714
detail,3B,Line,Shallow Air 3B,150-179,25-35,0-9,105+,<2,In Right,51,7,0.13725490196078433
detail,3B,Line,Shallow Air 3B,150-179,25-35,0-9,85-94,<2,In Right,126,20,0.15873015873015872
detail,3B,Line,Shallow Air 3B,150-179,25-35,0-9,95-104,<2,In Right,221,22,0.09954751131221719
detail,3B,Line,Shallow Air 3B,150-179,25-35,10-19,75-84,<2,In Right,85,23,0.27058823529411763
detail,3B,Line,Shallow Air 3B,150-179,25-35,10-19,85-94,<2,In Right,90,12,0.13333333333333333
detail,3B,Line,Shallow Air 3B,150-179,25-35,10-19,95-104,<2,In Right,71,9,0.1267605633802817
detail,3B,Line,Shallow Air 3B,150-179,25-35,10-19,<75,2-2.9,In Right,44,4,0.09090909090909091
detail,3B,Line,Shallow Air 3B,150-179,25-35,10-19,<75,<2,In Right,35,4,0.11428571428571428
detail,3B,Line,Shallow Air 3B,150-179,25-35,20-29,<75,2-2.9,In Right,25,5,0.2
detail,3B,Line,Shallow Air 3B,150-179,35+,0-9,105+,<2,In Right,33,13,0.3939393939393939
detail,3B,Line,Shallow Air 3B,150-179,35+,0-9,85-94,<2,In Right,73,27,0.3698630136986301
detail,3B,Line,Shallow Air 3B,150-179,35+,0-9,95-104,<2,In Right,175,62,0.35428571428571426
detail,3B,Line,Shallow Air 3B,150-179,35+,10-19,75-84,<2,In Right,113,24,0.21238938053097345
detail,3B,Line,Shallow Air 3B,150-179,35+,10-19,85-94,<2,In Right,122,31,0.2540983606557377
detail,3B,Line,Shallow Air 3B,150-179,35+,10-19,95-104,<2,In Right,97,13,0.13402061855670103
detail,3B,Line,Shallow Air 3B,150-179,35+,10-19,<75,2-2.9,In Right,25,0,0.0
detail,3B,Line,Shallow Air 3B,150-179,35+,10-19,<75,<2,In Right,31,7,0.22580645161290322
detail,3B,Line,Shallow Air 3B,150-179,35+,20-29,<75,2-2.9,In Right,27,0,0.0
detail,3B,Line,Shallow Air 3B,150-179,5-15,0-9,105+,<2,Back Left,59,19,0.3220338983050847
detail,3B,Line,Shallow Air 3B,150-179,5-15,0-9,105+,<2,In Right,20,7,0.35
detail,3B,Line,Shallow Air 3B,150-179,5-15,0-9,85-94,<2,Back Left,95,61,0.6421052631578947
detail,3B,Line,Shallow Air 3B,150-179,5-15,0-9,85-94,<2,In Right,56,45,0.8035714285714286
detail,3B,Line,Shallow Air 3B,150-179,5-15,0-9,95-104,<2,Back Left,217,108,0.4976958525345622
detail,3B,Line,Shallow Air 3B,150-179,5-15,0-9,95-104,<2,In Right,122,81,0.6639344262295082
detail,3B,Line,Shallow Air 3B,150-179,5-15,10-19,75-84,<2,Back Left,87,44,0.5057471264367817
detail,3B,Line,Shallow Air 3B,150-179,5-15,10-19,75-84,<2,In Right,41,23,0.5609756097560976
detail,3B,Line,Shallow Air 3B,150-179,5-15,10-19,85-94,<2,Back Left,64,32,0.5
detail,3B,Line,Shallow Air 3B,150-179,5-15,10-19,95-104,<2,Back Left,56,20,0.35714285714285715
detail,3B,Line,Shallow Air 3B,150-179,5-15,10-19,<75,2-2.9,Back Left,36,22,0.6111111111111112
detail,3B,Line,Shallow Air 3B,150-179,5-15,10-19,<75,<2,Back Left,33,21,0.6363636363636364
detail,3B,Line,Shallow Air 3B,150-179,5-15,20-29,<75,2-2.9,Back Left,20,17,0.85
detail,3B,Line,Shallow Air 3B,150-179,<-35,0-9,105+,<2,Back,51,14,0.27450980392156865
detail,3B,Line,Shallow Air 3B,150-179,<-35,0-9,85-94,<2,Back,63,20,0.31746031746031744
detail,3B,Line,Shallow Air 3B,150-179,<-35,0-9,95-104,<2,Back,158,45,0.2848101265822785
detail,3B,Line,Shallow Air 3B,150-179,<-35,10-19,105+,<2,Back,30,5,0.16666666666666666
detail,3B,Line,Shallow Air 3B,150-179,<-35,10-19,75-84,<2,Back,121,10,0.08264462809917356
detail,3B,Line,Shallow Air 3B,150-179,<-35,10-19,85-94,<2,Back,167,17,0.10179640718562874
detail,3B,Line,Shallow Air 3B,150-179,<-35,10-19,95-104,<2,Back,181,15,0.08287292817679558
detail,3B,Line,Shallow Air 3B,150-179,<-35,10-19,<75,<2,Back,31,0,0.0
detail,3B,Line,Shallow Air 3B,150-179,<-35,20-29,<75,2-2.9,Back,29,1,0.034482758620689655
detail,3B,Line,Shallow Air 3B,60-89,-35--25,0-9,95-104,<2,In,23,1,0.043478260869565216
detail,3B,Line,Shallow Air 3B,60-89,-5-5,0-9,105+,<2,In Right,25,5,0.2
detail,3B,Line,Shallow Air 3B,60-89,-5-5,0-9,75-84,<2,In Right,27,12,0.4444444444444444
detail,3B,Line,Shallow Air 3B,60-89,-5-5,0-9,85-94,<2,In Right,48,17,0.3541666666666667
detail,3B,Line,Shallow Air 3B,60-89,-5-5,0-9,95-104,<2,In Right,95,15,0.15789473684210525
detail,3B,Line,Shallow Air 3B,60-89,-5-5,0-9,<75,<2,In Right,30,21,0.7
detail,3B,Line,Shallow Air 3B,60-89,25-35,0-9,85-94,<2,In Right,21,1,0.047619047619047616
detail,3B,Line,Shallow Air 3B,60-89,25-35,0-9,95-104,<2,In Right,27,2,0.07407407407407407
detail,3B,Line,Shallow Air 3B,60-89,35+,0-9,85-94,<2,In Right,22,8,0.36363636363636365
detail,3B,Line,Shallow Air 3B,60-89,5-15,0-9,95-104,<2,In Right,23,4,0.17391304347826086
detail,3B,Line,Shallow Air 3B,60-89,<-35,0-9,95-104,<2,In,29,3,0.10344827586206896
detail,3B,Line,Shallow Air 3B,90-119,-15--5,0-9,85-94,<2,In Right,22,1,0.045454545454545456
detail,3B,Line,Shallow Air 3B,90-119,-15--5,0-9,95-104,<2,In Right,51,1,0.0196078431372549
detail,3B,Line,Shallow Air 3B,90-119,-25--15,0-9,85-94,<2,In Right,24,0,0.0
detail,3B,Line,Shallow Air 3B,90-119,-25--15,0-9,95-104,<2,Back Left,25,4,0.16
detail,3B,Line,Shallow Air 3B,90-119,-25--15,0-9,95-104,<2,In Right,32,2,0.0625
detail,3B,Line,Shallow Air 3B,90-119,-35--25,0-9,105+,<2,In Right,20,0,0.0
detail,3B,Line,Shallow Air 3B,90-119,-35--25,0-9,75-84,<2,Back Left,23,9,0.391304347826087
detail,3B,Line,Shallow Air 3B,90-119,-35--25,0-9,85-94,<2,Back,29,16,0.5517241379310345
detail,3B,Line,Shallow Air 3B,90-119,-35--25,0-9,85-94,<2,Back Left,30,5,0.16666666666666666
detail,3B,Line,Shallow Air 3B,90-119,-35--25,0-9,85-94,<2,In Right,34,2,0.058823529411764705
detail,3B,Line,Shallow Air 3B,90-119,-35--25,0-9,95-104,<2,Back,38,22,0.5789473684210527
detail,3B,Line,Shallow Air 3B,90-119,-35--25,0-9,95-104,<2,Back Left,64,3,0.046875
detail,3B,Line,Shallow Air 3B,90-119,-35--25,0-9,95-104,<2,In Right,59,2,0.03389830508474576
detail,3B,Line,Shallow Air 3B,90-119,-5-5,0-9,105+,<2,In Right,44,10,0.22727272727272727
detail,3B,Line,Shallow Air 3B,90-119,-5-5,0-9,75-84,<2,In Right,55,14,0.2545454545454545
detail,3B,Line,Shallow Air 3B,90-119,-5-5,0-9,85-94,<2,In Right,117,34,0.2905982905982906
detail,3B,Line,Shallow Air 3B,90-119,-5-5,0-9,95-104,<2,In Right,220,52,0.23636363636363636
detail,3B,Line,Shallow Air 3B,90-119,-5-5,0-9,<75,<2,In Right,25,17,0.68
detail,3B,Line,Shallow Air 3B,90-119,-5-5,10-19,<75,<2,In Right,21,14,0.6666666666666666
detail,3B,Line,Shallow Air 3B,90-119,15-25,0-9,85-94,<2,In Right,28,2,0.07142857142857142
detail,3B,Line,Shallow Air 3B,90-119,15-25,0-9,95-104,<2,In Right,61,4,0.06557377049180328
detail,3B,Line,Shallow Air 3B,90-119,25-35,0-9,75-84,<2,In Right,36,10,0.2777777777777778
detail,3B,Line,Shallow Air 3B,90-119,25-35,0-9,85-94,<2,In Right,63,10,0.15873015873015872
detail,3B,Line,Shallow Air 3B,90-119,25-35,0-9,95-104,<2,In Right,115,11,0.09565217391304348
detail,3B,Line,Shallow Air 3B,90-119,25-35,10-19,<75,<2,In Right,26,17,0.6538461538461539
detail,3B,Line,Shallow Air 3B,90-119,35+,0-9,75-84,<2,In Right,34,25,0.7352941176470589
detail,3B,Line,Shallow Air 3B,90-119,35+,0-9,85-94,<2,In Right,65,34,0.5230769230769231
detail,3B,Line,Shallow Air 3B,90-119,35+,0-9,95-104,<2,In Right,105,47,0.44761904761904764
detail,3B,Line,Shallow Air 3B,90-119,35+,10-19,<75,<2,In Right,40,36,0.9
detail,3B,Line,Shallow Air 3B,90-119,5-15,0-9,85-94,<2,In Right,28,9,0.32142857142857145
detail,3B,Line,Shallow Air 3B,90-119,5-15,0-9,95-104,<2,In Right,64,8,0.125
detail,3B,Line,Shallow Air 3B,90-119,<-35,0-9,75-84,<2,Back Right,24,13,0.5416666666666666
detail,3B,Line,Shallow Air 3B,90-119,<-35,0-9,85-94,<2,Back,40,31,0.775
detail,3B,Line,Shallow Air 3B,90-119,<-35,0-9,85-94,<2,Back Right,34,14,0.4117647058823529
detail,3B,Line,Shallow Air 3B,90-119,<-35,0-9,85-94,<2,In Left,30,4,0.13333333333333333
detail,3B,Line,Shallow Air 3B,90-119,<-35,0-9,95-104,<2,Back,49,37,0.7551020408163265
detail,3B,Line,Shallow Air 3B,90-119,<-35,0-9,95-104,<2,Back Right,59,15,0.2542372881355932
detail,3B,Line,Shallow Air 3B,90-119,<-35,0-9,95-104,<2,In,32,5,0.15625
detail,3B,Line,Shallow Air 3B,90-119,<-35,0-9,95-104,<2,In Left,44,5,0.11363636363636363
detail,3B,Line,Shallow Air 3B,<60,-25--15,<0,85-94,<2,In,21,1,0.047619047619047616
detail,3B,Line,Shallow Air 3B,<60,-25--15,<0,95-104,<2,In,21,6,0.2857142857142857
detail,3B,Line,Shallow Air 3B,<60,-35--25,<0,95-104,<2,In,23,1,0.043478260869565216
detail,3B,Line,Shallow Air 3B,<60,-5-5,<0,85-94,<2,In,46,8,0.17391304347826086
detail,3B,Line,Shallow Air 3B,<60,-5-5,<0,95-104,<2,In,50,11,0.22
detail,3B,Line,Shallow Air 3B,<60,25-35,<0,85-94,<2,In,21,5,0.23809523809523808
detail,3B,Line,Shallow Air 3B,<60,25-35,<0,95-104,<2,In,22,0,0.0
detail,3B,Line,Shallow Air 3B,<60,<-35,<0,85-94,<2,In,25,0,0.0
detail,3B,Line,Shallow Air 3B,<60,<-35,<0,95-104,<2,In,21,0,0.0
detail,3B,Popup,Shallow Air 3B,120-149,-15--5,45+,75-84,5+,Back Left,48,48,1.0
detail,3B,Popup,Shallow Air 3B,120-149,-15--5,45+,85-94,5+,Back Left,26,26,1.0
detail,3B,Popup,Shallow Air 3B,120-149,-15--5,45+,<75,4-4.9,Back Left,25,24,0.96
detail,3B,Popup,Shallow Air 3B,120-149,-15--5,45+,<75,5+,Back Left,35,35,1.0
detail,3B,Popup,Shallow Air 3B,120-149,-25--15,45+,75-84,5+,Back Left,47,46,0.9787234042553191
detail,3B,Popup,Shallow Air 3B,120-149,-25--15,45+,85-94,5+,Back Left,29,28,0.9655172413793104
detail,3B,Popup,Shallow Air 3B,120-149,-25--15,45+,<75,4-4.9,Back Left,24,24,1.0
detail,3B,Popup,Shallow Air 3B,120-149,-25--15,45+,<75,5+,Back Left,28,28,1.0
detail,3B,Popup,Shallow Air 3B,120-149,-35--25,45+,75-84,5+,Back,34,34,1.0
detail,3B,Popup,Shallow Air 3B,120-149,-35--25,45+,75-84,5+,Back Left,21,20,0.9523809523809523
detail,3B,Popup,Shallow Air 3B,120-149,-5-5,45+,75-84,5+,Back Left,33,32,0.9696969696969697
detail,3B,Popup,Shallow Air 3B,120-149,-5-5,45+,75-84,5+,In Right,30,29,0.9666666666666667
detail,3B,Popup,Shallow Air 3B,120-149,-5-5,45+,85-94,5+,In Right,22,20,0.9090909090909091
detail,3B,Popup,Shallow Air 3B,120-149,-5-5,45+,<75,4-4.9,Back Left,28,28,1.0
detail,3B,Popup,Shallow Air 3B,120-149,-5-5,45+,<75,5+,Back Left,20,20,1.0
detail,3B,Popup,Shallow Air 3B,120-149,-5-5,45+,<75,5+,In Right,21,21,1.0
detail,3B,Popup,Shallow Air 3B,120-149,15-25,45+,75-84,5+,In Right,78,77,0.9871794871794872
detail,3B,Popup,Shallow Air 3B,120-149,15-25,45+,85-94,5+,In Right,41,38,0.926829268292683
detail,3B,Popup,Shallow Air 3B,120-149,15-25,45+,<75,4-4.9,In Right,45,45,1.0
detail,3B,Popup,Shallow Air 3B,120-149,15-25,45+,<75,5+,In Right,40,40,1.0
detail,3B,Popup,Shallow Air 3B,120-149,25-35,45+,75-84,5+,In Right,89,87,0.9775280898876404
detail,3B,Popup,Shallow Air 3B,120-149,25-35,45+,85-94,5+,In Right,44,43,0.9772727272727273
detail,3B,Popup,Shallow Air 3B,120-149,25-35,45+,<75,3-3.9,In Right,24,24,1.0
detail,3B,Popup,Shallow Air 3B,120-149,25-35,45+,<75,4-4.9,In Right,62,61,0.9838709677419355
detail,3B,Popup,Shallow Air 3B,120-149,25-35,45+,<75,5+,In Right,42,42,1.0
detail,3B,Popup,Shallow Air 3B,120-149,35+,30-44,<75,3-3.9,In Right,24,23,0.9583333333333334
detail,3B,Popup,Shallow Air 3B,120-149,35+,45+,75-84,5+,In Right,291,285,0.979381443298969
detail,3B,Popup,Shallow Air 3B,120-149,35+,45+,85-94,5+,In Right,64,64,1.0
detail,3B,Popup,Shallow Air 3B,120-149,35+,45+,<75,3-3.9,In Right,42,39,0.9285714285714286
detail,3B,Popup,Shallow Air 3B,120-149,35+,45+,<75,4-4.9,In Right,164,164,1.0
detail,3B,Popup,Shallow Air 3B,120-149,35+,45+,<75,5+,In Right,161,160,0.9937888198757764
detail,3B,Popup,Shallow Air 3B,120-149,5-15,45+,75-84,5+,In Right,69,68,0.9855072463768116
detail,3B,Popup,Shallow Air 3B,120-149,5-15,45+,85-94,5+,In Right,24,24,1.0
detail,3B,Popup,Shallow Air 3B,120-149,5-15,45+,<75,4-4.9,In Right,34,34,1.0
detail,3B,Popup,Shallow Air 3B,120-149,5-15,45+,<75,5+,In Right,25,24,0.96
detail,3B,Popup,Shallow Air 3B,120-149,<-35,45+,75-84,5+,Back,38,38,1.0
detail,3B,Popup,Shallow Air 3B,120-149,<-35,45+,75-84,5+,Back Right,91,90,0.989010989010989
detail,3B,Popup,Shallow Air 3B,120-149,<-35,45+,85-94,5+,Back Right,22,22,1.0
detail,3B,Popup,Shallow Air 3B,120-149,<-35,45+,<75,4-4.9,Back,22,22,1.0
detail,3B,Popup,Shallow Air 3B,120-149,<-35,45+,<75,4-4.9,Back Right,90,88,0.9777777777777777
detail,3B,Popup,Shallow Air 3B,120-149,<-35,45+,<75,5+,Back Right,54,53,0.9814814814814815
detail,3B,Popup,Shallow Air 3B,150-179,-15--5,20-29,<75,2-2.9,Back Left,24,20,0.8333333333333334
detail,3B,Popup,Shallow Air 3B,150-179,-15--5,30-44,<75,3-3.9,Back Left,33,33,1.0
detail,3B,Popup,Shallow Air 3B,150-179,-15--5,45+,75-84,5+,Back Left,73,73,1.0
detail,3B,Popup,Shallow Air 3B,150-179,-15--5,45+,85-94,5+,Back Left,74,71,0.9594594594594594
detail,3B,Popup,Shallow Air 3B,150-179,-15--5,45+,<75,4-4.9,Back Left,58,58,1.0
detail,3B,Popup,Shallow Air 3B,150-179,-15--5,45+,<75,5+,Back Left,44,44,1.0
detail,3B,Popup,Shallow Air 3B,150-179,-25--15,45+,75-84,5+,Back,23,21,0.9130434782608695
detail,3B,Popup,Shallow Air 3B,150-179,-25--15,45+,75-84,5+,Back Left,45,43,0.9555555555555556
detail,3B,Popup,Shallow Air 3B,150-179,-25--15,45+,85-94,5+,Back Left,43,41,0.9534883720930233
detail,3B,Popup,Shallow Air 3B,150-179,-25--15,45+,<75,4-4.9,Back,20,20,1.0
detail,3B,Popup,Shallow Air 3B,150-179,-25--15,45+,<75,4-4.9,Back Left,38,37,0.9736842105263158
detail,3B,Popup,Shallow Air 3B,150-179,-25--15,45+,<75,5+,Back Left,26,26,1.0
detail,3B,Popup,Shallow Air 3B,150-179,-35--25,30-44,<75,3-3.9,Back,24,17,0.7083333333333334
detail,3B,Popup,Shallow Air 3B,150-179,-35--25,45+,75-84,5+,Back,76,71,0.9342105263157895
detail,3B,Popup,Shallow Air 3B,150-179,-35--25,45+,85-94,5+,Back,29,26,0.896551724137931
detail,3B,Popup,Shallow Air 3B,150-179,-35--25,45+,<75,4-4.9,Back,45,44,0.9777777777777777
detail,3B,Popup,Shallow Air 3B,150-179,-35--25,45+,<75,5+,Back,30,30,1.0
detail,3B,Popup,Shallow Air 3B,150-179,-5-5,20-29,<75,2-2.9,Back Left,20,16,0.8
detail,3B,Popup,Shallow Air 3B,150-179,-5-5,30-44,<75,3-3.9,Back Left,36,36,1.0
detail,3B,Popup,Shallow Air 3B,150-179,-5-5,45+,75-84,5+,Back Left,92,92,1.0
detail,3B,Popup,Shallow Air 3B,150-179,-5-5,45+,85-94,5+,Back Left,66,64,0.9696969696969697
detail,3B,Popup,Shallow Air 3B,150-179,-5-5,45+,<75,4-4.9,Back Left,50,50,1.0
detail,3B,Popup,Shallow Air 3B,150-179,-5-5,45+,<75,5+,Back Left,37,37,1.0
detail,3B,Popup,Shallow Air 3B,150-179,15-25,30-44,<75,3-3.9,In Right,36,34,0.9444444444444444
detail,3B,Popup,Shallow Air 3B,150-179,15-25,45+,75-84,5+,In Right,86,85,0.9883720930232558
detail,3B,Popup,Shallow Air 3B,150-179,15-25,45+,85-94,5+,In Right,57,54,0.9473684210526315
detail,3B,Popup,Shallow Air 3B,150-179,15-25,45+,<75,4-4.9,In Right,44,44,1.0
detail,3B,Popup,Shallow Air 3B,150-179,15-25,45+,<75,5+,In Right,37,36,0.972972972972973
detail,3B,Popup,Shallow Air 3B,150-179,25-35,30-44,<75,3-3.9,In Right,40,30,0.75
detail,3B,Popup,Shallow Air 3B,150-179,25-35,45+,75-84,5+,In Right,90,86,0.9555555555555556
detail,3B,Popup,Shallow Air 3B,150-179,25-35,45+,85-94,5+,In Right,63,61,0.9682539682539683
detail,3B,Popup,Shallow Air 3B,150-179,25-35,45+,<75,4-4.9,In Right,59,57,0.9661016949152542
detail,3B,Popup,Shallow Air 3B,150-179,25-35,45+,<75,5+,In Right,37,36,0.972972972972973
detail,3B,Popup,Shallow Air 3B,150-179,35+,30-44,<75,3-3.9,In Right,27,7,0.25925925925925924
detail,3B,Popup,Shallow Air 3B,150-179,35+,45+,75-84,5+,In Right,259,249,0.9613899613899614
detail,3B,Popup,Shallow Air 3B,150-179,35+,45+,85-94,5+,In Right,82,76,0.926829268292683
detail,3B,Popup,Shallow Air 3B,150-179,35+,45+,<75,4-4.9,In Right,118,103,0.8728813559322034
detail,3B,Popup,Shallow Air 3B,150-179,35+,45+,<75,5+,In Right,79,75,0.9493670886075949
detail,3B,Popup,Shallow Air 3B,150-179,5-15,20-29,<75,2-2.9,Back Left,22,20,0.9090909090909091
detail,3B,Popup,Shallow Air 3B,150-179,5-15,30-44,<75,3-3.9,Back Left,21,20,0.9523809523809523
detail,3B,Popup,Shallow Air 3B,150-179,5-15,45+,75-84,5+,Back Left,43,43,1.0
detail,3B,Popup,Shallow Air 3B,150-179,5-15,45+,75-84,5+,In Right,45,44,0.9777777777777777
detail,3B,Popup,Shallow Air 3B,150-179,5-15,45+,85-94,5+,Back Left,46,42,0.9130434782608695
detail,3B,Popup,Shallow Air 3B,150-179,5-15,45+,85-94,5+,In Right,20,18,0.9
detail,3B,Popup,Shallow Air 3B,150-179,5-15,45+,<75,4-4.9,Back Left,38,38,1.0
detail,3B,Popup,Shallow Air 3B,150-179,5-15,45+,<75,4-4.9,In Right,22,22,1.0
detail,3B,Popup,Shallow Air 3B,150-179,5-15,45+,<75,5+,Back Left,27,27,1.0
detail,3B,Popup,Shallow Air 3B,150-179,5-15,45+,<75,5+,In Right,22,22,1.0
detail,3B,Popup,Shallow Air 3B,150-179,<-35,45+,75-84,5+,Back,56,55,0.9821428571428571
detail,3B,Popup,Shallow Air 3B,150-179,<-35,45+,75-84,5+,Back Right,71,66,0.9295774647887324
detail,3B,Popup,Shallow Air 3B,150-179,<-35,45+,<75,4-4.9,Back,33,22,0.6666666666666666
detail,3B,Popup,Shallow Air 3B,150-179,<-35,45+,<75,4-4.9,Back Right,57,54,0.9473684210526315
detail,3B,Popup,Shallow Air 3B,150-179,<-35,45+,<75,5+,Back,22,18,0.8181818181818182
detail,3B,Popup,Shallow Air 3B,150-179,<-35,45+,<75,5+,Back Right,34,33,0.9705882352941176
detail,3B,Popup,Shallow Air 3B,180-219,-15--5,20-29,<75,3-3.9,Back Left,26,5,0.19230769230769232
detail,3B,Popup,Shallow Air 3B,180-219,-15--5,30-44,<75,3-3.9,Back Left,41,25,0.6097560975609756
detail,3B,Popup,Shallow Air 3B,180-219,-15--5,30-44,<75,4-4.9,Back Left,39,29,0.7435897435897436
detail,3B,Popup,Shallow Air 3B,180-219,-15--5,45+,75-84,5+,Back Left,99,91,0.9191919191919192
detail,3B,Popup,Shallow Air 3B,180-219,-15--5,45+,85-94,5+,Back Left,90,83,0.9222222222222223
detail,3B,Popup,Shallow Air 3B,180-219,-15--5,45+,<75,4-4.9,Back Left,43,39,0.9069767441860465
detail,3B,Popup,Shallow Air 3B,180-219,-15--5,45+,<75,5+,Back Left,31,30,0.967741935483871
detail,3B,Popup,Shallow Air 3B,180-219,-25--15,30-44,<75,3-3.9,Back,22,6,0.2727272727272727
detail,3B,Popup,Shallow Air 3B,180-219,-25--15,30-44,<75,3-3.9,Back Left,25,10,0.4
detail,3B,Popup,Shallow Air 3B,180-219,-25--15,30-44,<75,4-4.9,Back,21,13,0.6190476190476191
detail,3B,Popup,Shallow Air 3B,180-219,-25--15,30-44,<75,4-4.9,Back Left,23,19,0.8260869565217391
detail,3B,Popup,Shallow Air 3B,180-219,-25--15,45+,75-84,5+,Back,54,52,0.9629629629629629
detail,3B,Popup,Shallow Air 3B,180-219,-25--15,45+,75-84,5+,Back Left,35,35,1.0
detail,3B,Popup,Shallow Air 3B,180-219,-25--15,45+,85-94,5+,Back,35,31,0.8857142857142857
detail,3B,Popup,Shallow Air 3B,180-219,-25--15,45+,85-94,5+,Back Left,47,41,0.8723404255319149
detail,3B,Popup,Shallow Air 3B,180-219,-25--15,45+,<75,4-4.9,Back,21,20,0.9523809523809523
detail,3B,Popup,Shallow Air 3B,180-219,-25--15,45+,<75,4-4.9,Back Left,20,16,0.8
detail,3B,Popup,Shallow Air 3B,180-219,-35--25,30-44,<75,3-3.9,Back,26,9,0.34615384615384615
detail,3B,Popup,Shallow Air 3B,180-219,-35--25,30-44,<75,4-4.9,Back,22,17,0.7727272727272727
detail,3B,Popup,Shallow Air 3B,180-219,-35--25,45+,75-84,5+,Back,86,82,0.9534883720930233
detail,3B,Popup,Shallow Air 3B,180-219,-35--25,45+,85-94,5+,Back,66,59,0.8939393939393939
detail,3B,Popup,Shallow Air 3B,180-219,-35--25,45+,<75,4-4.9,Back,37,27,0.7297297297297297
detail,3B,Popup,Shallow Air 3B,180-219,-35--25,45+,<75,5+,Back,24,21,0.875
detail,3B,Popup,Shallow Air 3B,180-219,-5-5,30-44,<75,3-3.9,Back Left,39,27,0.6923076923076923
detail,3B,Popup,Shallow Air 3B,180-219,-5-5,30-44,<75,4-4.9,Back Left,48,44,0.9166666666666666
detail,3B,Popup,Shallow Air 3B,180-219,-5-5,45+,75-84,5+,Back Left,139,124,0.8920863309352518
detail,3B,Popup,Shallow Air 3B,180-219,-5-5,45+,85-94,5+,Back Left,101,96,0.9504950495049505
detail,3B,Popup,Shallow Air 3B,180-219,-5-5,45+,<75,4-4.9,Back Left,50,50,1.0
detail,3B,Popup,Shallow Air 3B,180-219,-5-5,45+,<75,5+,Back Left,38,38,1.0
detail,3B,Popup,Shallow Air 3B,180-219,15-25,30-44,<75,3-3.9,Back Left,35,20,0.5714285714285714
detail,3B,Popup,Shallow Air 3B,180-219,15-25,30-44,<75,3-3.9,In Right,30,22,0.7333333333333333
detail,3B,Popup,Shallow Air 3B,180-219,15-25,30-44,<75,4-4.9,In Right,28,24,0.8571428571428571
detail,3B,Popup,Shallow Air 3B,180-219,15-25,45+,75-84,5+,Back Left,42,42,1.0
detail,3B,Popup,Shallow Air 3B,180-219,15-25,45+,75-84,5+,In Right,57,52,0.9122807017543859
detail,3B,Popup,Shallow Air 3B,180-219,15-25,45+,85-94,5+,Back Left,37,36,0.972972972972973
detail,3B,Popup,Shallow Air 3B,180-219,15-25,45+,85-94,5+,In Right,33,33,1.0
detail,3B,Popup,Shallow Air 3B,180-219,15-25,45+,<75,4-4.9,Back Left,29,28,0.9655172413793104
detail,3B,Popup,Shallow Air 3B,180-219,15-25,45+,<75,4-4.9,In Right,30,29,0.9666666666666667
detail,3B,Popup,Shallow Air 3B,180-219,25-35,30-44,<75,3-3.9,In Right,37,7,0.1891891891891892
detail,3B,Popup,Shallow Air 3B,180-219,25-35,30-44,<75,4-4.9,In Right,29,14,0.4827586206896552
detail,3B,Popup,Shallow Air 3B,180-219,25-35,45+,75-84,5+,In Right,98,89,0.9081632653061225
detail,3B,Popup,Shallow Air 3B,180-219,25-35,45+,85-94,5+,In Right,79,74,0.9367088607594937
detail,3B,Popup,Shallow Air 3B,180-219,25-35,45+,<75,4-4.9,In Right,41,30,0.7317073170731707
detail,3B,Popup,Shallow Air 3B,180-219,25-35,45+,<75,5+,In Right,20,19,0.95
detail,3B,Popup,Shallow Air 3B,180-219,35+,30-44,<75,3-3.9,In Right,39,2,0.05128205128205128
detail,3B,Popup,Shallow Air 3B,180-219,35+,30-44,<75,4-4.9,In Right,26,5,0.19230769230769232
detail,3B,Popup,Shallow Air 3B,180-219,35+,45+,75-84,5+,In Right,170,142,0.8352941176470589
detail,3B,Popup,Shallow Air 3B,180-219,35+,45+,85-94,5+,In Right,91,84,0.9230769230769231
detail,3B,Popup,Shallow Air 3B,180-219,35+,45+,<75,4-4.9,In Right,52,29,0.5576923076923077
detail,3B,Popup,Shallow Air 3B,180-219,35+,45+,<75,5+,In Right,27,22,0.8148148148148148
detail,3B,Popup,Shallow Air 3B,180-219,5-15,20-29,<75,3-3.9,Back Left,21,8,0.38095238095238093
detail,3B,Popup,Shallow Air 3B,180-219,5-15,30-44,<75,3-3.9,Back Left,50,36,0.72
detail,3B,Popup,Shallow Air 3B,180-219,5-15,30-44,<75,4-4.9,Back Left,41,36,0.8780487804878049
detail,3B,Popup,Shallow Air 3B,180-219,5-15,45+,75-84,5+,Back Left,116,106,0.9137931034482759
detail,3B,Popup,Shallow Air 3B,180-219,5-15,45+,85-94,5+,Back Left,95,87,0.9157894736842105
detail,3B,Popup,Shallow Air 3B,180-219,5-15,45+,<75,4-4.9,Back Left,49,46,0.9387755102040817
detail,3B,Popup,Shallow Air 3B,180-219,5-15,45+,<75,5+,Back Left,31,28,0.9032258064516129
detail,3B,Popup,Shallow Air 3B,180-219,<-35,30-44,<75,3-3.9,Back,35,6,0.17142857142857143
detail,3B,Popup,Shallow Air 3B,180-219,<-35,45+,75-84,5+,Back,80,68,0.85
detail,3B,Popup,Shallow Air 3B,180-219,<-35,45+,75-84,5+,Back Right,22,17,0.7727272727272727
detail,3B,Popup,Shallow Air 3B,180-219,<-35,45+,85-94,5+,Back,38,33,0.868421052631579
detail,3B,Popup,Shallow Air 3B,180-219,<-35,45+,<75,4-4.9,Back,43,16,0.37209302325581395
detail,3B,Popup,Shallow Air 3B,220-259,-15--5,20-29,<75,3-3.9,Back Left,25,1,0.04
detail,3B,Popup,Shallow Air 3B,220-259,-15--5,30-44,<75,4-4.9,Back Left,38,10,0.2631578947368421
detail,3B,Popup,Shallow Air 3B,220-259,-15--5,45+,75-84,5+,Back Left,27,21,0.7777777777777778
detail,3B,Popup,Shallow Air 3B,220-259,-15--5,45+,85-94,5+,Back Left,59,55,0.9322033898305084
detail,3B,Popup,Shallow Air 3B,220-259,-25--15,45+,75-84,5+,Back,22,21,0.9545454545454546
detail,3B,Popup,Shallow Air 3B,220-259,-25--15,45+,85-94,5+,Back,38,36,0.9473684210526315
detail,3B,Popup,Shallow Air 3B,220-259,-35--25,45+,75-84,5+,Back,29,29,1.0
detail,3B,Popup,Shallow Air 3B,220-259,-35--25,45+,85-94,5+,Back,27,27,1.0
detail,3B,Popup,Shallow Air 3B,220-259,-5-5,20-29,<75,3-3.9,Back Left,25,1,0.04
detail,3B,Popup,Shallow Air 3B,220-259,-5-5,30-44,<75,4-4.9,Back Left,54,28,0.5185185185185185
detail,3B,Popup,Shallow Air 3B,220-259,-5-5,45+,75-84,5+,Back Left,41,35,0.8536585365853658
detail,3B,Popup,Shallow Air 3B,220-259,-5-5,45+,85-94,5+,Back Left,52,49,0.9423076923076923
detail,3B,Popup,Shallow Air 3B,220-259,15-25,45+,75-84,5+,Back Left,31,29,0.9354838709677419
detail,3B,Popup,Shallow Air 3B,220-259,15-25,45+,85-94,5+,Back Left,47,47,1.0
detail,3B,Popup,Shallow Air 3B,220-259,25-35,45+,75-84,5+,In Right,20,20,1.0
detail,3B,Popup,Shallow Air 3B,220-259,25-35,45+,85-94,5+,In Right,36,36,1.0
detail,3B,Popup,Shallow Air 3B,220-259,35+,45+,75-84,5+,In Right,57,49,0.8596491228070176
detail,3B,Popup,Shallow Air 3B,220-259,35+,45+,85-94,5+,In Right,53,50,0.9433962264150944
detail,3B,Popup,Shallow Air 3B,220-259,5-15,20-29,<75,3-3.9,Back Left,24,0,0.0
detail,3B,Popup,Shallow Air 3B,220-259,5-15,30-44,<75,4-4.9,Back Left,43,10,0.23255813953488372
detail,3B,Popup,Shallow Air 3B,220-259,5-15,45+,75-84,5+,Back Left,41,35,0.8536585365853658
detail,3B,Popup,Shallow Air 3B,220-259,5-15,45+,85-94,5+,Back Left,53,51,0.9622641509433962
detail,3B,Popup,Shallow Air 3B,220-259,5-15,45+,95-104,5+,Back Left,20,19,0.95
detail,3B,Popup,Shallow Air 3B,220-259,<-35,45+,75-84,5+,Back,33,31,0.9393939393939394
detail,3B,Popup,Shallow Air 3B,220-259,<-35,45+,85-94,5+,Back,25,25,1.0
detail,3B,Popup,Shallow Air 3B,260-319,-15--5,30-44,85-94,5+,Back Left,28,28,1.0
detail,3B,Popup,Shallow Air 3B,260-319,-25--15,30-44,85-94,5+,Back,21,21,1.0
detail,3B,Popup,Shallow Air 3B,260-319,-5-5,30-44,85-94,5+,Back Left,28,28,1.0
detail,3B,Popup,Shallow Air 3B,260-319,-5-5,45+,85-94,5+,Back Left,24,23,0.9583333333333334
detail,3B,Popup,Shallow Air 3B,260-319,15-25,30-44,85-94,5+,Back Left,31,29,0.9354838709677419
detail,3B,Popup,Shallow Air 3B,260-319,15-25,45+,85-94,5+,Back Left,31,31,1.0
detail,3B,Popup,Shallow Air 3B,260-319,35+,30-44,85-94,5+,In Right,20,20,1.0
detail,3B,Popup,Shallow Air 3B,260-319,5-15,30-44,75-84,4-4.9,Back Left,24,20,0.8333333333333334
detail,3B,Popup,Shallow Air 3B,260-319,5-15,30-44,85-94,5+,Back Left,34,32,0.9411764705882353
detail,3B,Popup,Shallow Air 3B,260-319,5-15,45+,85-94,5+,Back Left,26,25,0.9615384615384616
detail,3B,Popup,Shallow Air 3B,320+,-5-5,30-44,85-94,5+,Back Left,20,20,1.0
detail,3B,Popup,Shallow Air 3B,320+,-5-5,30-44,95-104,5+,Back Left,26,25,0.9615384615384616
detail,3B,Popup,Shallow Air 3B,320+,5-15,30-44,85-94,5+,Back Left,21,21,1.0
detail,3B,Popup,Shallow Air 3B,320+,5-15,30-44,95-104,5+,Back Left,20,20,1.0
detail,3B,Popup,Shallow Air 3B,60-89,-5-5,45+,75-84,5+,In Right,20,20,1.0
detail,3B,Popup,Shallow Air 3B,60-89,15-25,45+,75-84,5+,In Right,21,20,0.9523809523809523
detail,3B,Popup,Shallow Air 3B,60-89,15-25,45+,<75,5+,In Right,34,34,1.0
detail,3B,Popup,Shallow Air 3B,60-89,25-35,45+,75-84,5+,In Right,25,24,0.96
detail,3B,Popup,Shallow Air 3B,60-89,25-35,45+,<75,5+,In Right,33,33,1.0
detail,3B,Popup,Shallow Air 3B,60-89,35+,45+,75-84,5+,In,29,29,1.0
detail,3B,Popup,Shallow Air 3B,60-89,35+,45+,75-84,5+,In Right,67,67,1.0
detail,3B,Popup,Shallow Air 3B,60-89,35+,45+,<75,3-3.9,In Right,20,20,1.0
detail,3B,Popup,Shallow Air 3B,60-89,35+,45+,<75,4-4.9,In,28,28,1.0
detail,3B,Popup,Shallow Air 3B,60-89,35+,45+,<75,4-4.9,In Right,63,63,1.0
detail,3B,Popup,Shallow Air 3B,60-89,35+,45+,<75,5+,In,33,33,1.0
detail,3B,Popup,Shallow Air 3B,60-89,35+,45+,<75,5+,In Right,75,74,0.9866666666666667
detail,3B,Popup,Shallow Air 3B,60-89,5-15,45+,75-84,5+,In Right,23,22,0.9565217391304348
detail,3B,Popup,Shallow Air 3B,60-89,<-35,45+,75-84,5+,In Left,23,23,1.0
detail,3B,Popup,Shallow Air 3B,60-89,<-35,45+,<75,4-4.9,In Left,31,31,1.0
detail,3B,Popup,Shallow Air 3B,60-89,<-35,45+,<75,5+,In,32,32,1.0
detail,3B,Popup,Shallow Air 3B,60-89,<-35,45+,<75,5+,In Left,40,40,1.0
detail,3B,Popup,Shallow Air 3B,90-119,-15--5,45+,75-84,5+,In Right,26,25,0.9615384615384616
detail,3B,Popup,Shallow Air 3B,90-119,-5-5,45+,75-84,5+,In Right,41,41,1.0
detail,3B,Popup,Shallow Air 3B,90-119,-5-5,45+,85-94,5+,In Right,22,21,0.9545454545454546
detail,3B,Popup,Shallow Air 3B,90-119,-5-5,45+,<75,4-4.9,In Right,22,22,1.0
detail,3B,Popup,Shallow Air 3B,90-119,-5-5,45+,<75,5+,In Right,33,33,1.0
detail,3B,Popup,Shallow Air 3B,90-119,15-25,45+,75-84,5+,In Right,55,55,1.0
detail,3B,Popup,Shallow Air 3B,90-119,15-25,45+,<75,4-4.9,In Right,29,29,1.0
detail,3B,Popup,Shallow Air 3B,90-119,15-25,45+,<75,5+,In Right,33,31,0.9393939393939394
detail,3B,Popup,Shallow Air 3B,90-119,25-35,45+,75-84,5+,In Right,50,49,0.98
detail,3B,Popup,Shallow Air 3B,90-119,25-35,45+,<75,4-4.9,In Right,38,38,1.0
detail,3B,Popup,Shallow Air 3B,90-119,25-35,45+,<75,5+,In Right,29,29,1.0
detail,3B,Popup,Shallow Air 3B,90-119,35+,45+,75-84,5+,In Right,198,196,0.98989898989899
detail,3B,Popup,Shallow Air 3B,90-119,35+,45+,85-94,5+,In Right,25,24,0.96
detail,3B,Popup,Shallow Air 3B,90-119,35+,45+,<75,3-3.9,In Right,34,34,1.0
detail,3B,Popup,Shallow Air 3B,90-119,35+,45+,<75,4-4.9,In Right,131,131,1.0
detail,3B,Popup,Shallow Air 3B,90-119,35+,45+,<75,5+,In Right,168,167,0.9940476190476191
detail,3B,Popup,Shallow Air 3B,90-119,5-15,45+,75-84,5+,In Right,34,34,1.0
detail,3B,Popup,Shallow Air 3B,90-119,5-15,45+,<75,4-4.9,In Right,29,29,1.0
detail,3B,Popup,Shallow Air 3B,90-119,5-15,45+,<75,5+,In Right,46,46,1.0
detail,3B,Popup,Shallow Air 3B,90-119,<-35,45+,75-84,5+,Back Right,30,30,1.0
detail,3B,Popup,Shallow Air 3B,90-119,<-35,45+,75-84,5+,In Left,49,48,0.9795918367346939
detail,3B,Popup,Shallow Air 3B,90-119,<-35,45+,<75,4-4.9,Back Right,23,23,1.0
detail,3B,Popup,Shallow Air 3B,90-119,<-35,45+,<75,4-4.9,In Left,75,74,0.9866666666666667
detail,3B,Popup,Shallow Air 3B,90-119,<-35,45+,<75,5+,Back Right,22,22,1.0
detail,3B,Popup,Shallow Air 3B,90-119,<-35,45+,<75,5+,In Left,55,55,1.0
detail,3B,Popup,Shallow Air 3B,<60,35+,45+,75-84,5+,In,37,37,1.0
detail,3B,Popup,Shallow Air 3B,<60,35+,45+,<75,4-4.9,In,28,28,1.0
detail,3B,Popup,Shallow Air 3B,<60,35+,45+,<75,5+,In,51,51,1.0
detail,3B,Popup,Shallow Air 3B,<60,35+,<0,<75,<2,In,30,30,1.0
detail,3B,Popup,Shallow Air 3B,<60,<-35,45+,75-84,5+,In,21,20,0.9523809523809523
detail,3B,Popup,Shallow Air 3B,<60,<-35,45+,<75,5+,In,34,34,1.0
detail,3B,Popup,Shallow Air 3B,<60,<-35,<0,<75,<2,In,44,43,0.9772727272727273
detail,CF,Fly,OF CF,150-179,5-15,45+,85-94,5+,In,20,19,0.95
detail,CF,Fly,OF CF,180-219,-15--5,45+,75-84,5+,In,79,70,0.8860759493670886
detail,CF,Fly,OF CF,180-219,-15--5,45+,85-94,5+,In,65,62,0.9538461538461539
detail,CF,Fly,OF CF,180-219,-5-5,20-29,<75,3-3.9,In,25,3,0.12
detail,CF,Fly,OF CF,180-219,-5-5,30-44,<75,3-3.9,In,22,7,0.3181818181818182
detail,CF,Fly,OF CF,180-219,-5-5,30-44,<75,4-4.9,In,29,18,0.6206896551724138
detail,CF,Fly,OF CF,180-219,-5-5,45+,75-84,5+,In,87,78,0.896551724137931
detail,CF,Fly,OF CF,180-219,-5-5,45+,85-94,5+,In,86,82,0.9534883720930233
detail,CF,Fly,OF CF,180-219,5-15,30-44,<75,3-3.9,In,23,11,0.4782608695652174
detail,CF,Fly,OF CF,180-219,5-15,30-44,<75,4-4.9,In,20,13,0.65
detail,CF,Fly,OF CF,180-219,5-15,45+,75-84,5+,In,68,65,0.9558823529411765
detail,CF,Fly,OF CF,180-219,5-15,45+,85-94,5+,In,86,80,0.9302325581395349
detail,CF,Fly,OF CF,220-259,-15--5,20-29,<75,3-3.9,In,37,6,0.16216216216216217
detail,CF,Fly,OF CF,220-259,-15--5,30-44,75-84,4-4.9,In,33,28,0.8484848484848485
detail,CF,Fly,OF CF,220-259,-15--5,30-44,75-84,4-4.9,In Left,35,29,0.8285714285714286
detail,CF,Fly,OF CF,220-259,-15--5,30-44,75-84,5+,In,34,32,0.9411764705882353
detail,CF,Fly,OF CF,220-259,-15--5,30-44,75-84,5+,In Left,42,42,1.0
detail,CF,Fly,OF CF,220-259,-15--5,30-44,85-94,5+,In Left,26,26,1.0
detail,CF,Fly,OF CF,220-259,-15--5,30-44,<75,4-4.9,In,65,29,0.4461538461538462
detail,CF,Fly,OF CF,220-259,-15--5,30-44,<75,4-4.9,In Left,44,25,0.5681818181818182
detail,CF,Fly,OF CF,220-259,-15--5,45+,75-84,5+,In,87,81,0.9310344827586207
detail,CF,Fly,OF CF,220-259,-15--5,45+,75-84,5+,In Left,46,43,0.9347826086956522
detail,CF,Fly,OF CF,220-259,-15--5,45+,85-94,5+,In,147,140,0.9523809523809523
detail,CF,Fly,OF CF,220-259,-15--5,45+,85-94,5+,In Left,99,99,1.0
detail,CF,Fly,OF CF,220-259,-15--5,45+,95-104,5+,In,34,33,0.9705882352941176
detail,CF,Fly,OF CF,220-259,-15--5,45+,95-104,5+,In Left,20,20,1.0
detail,CF,Fly,OF CF,220-259,-5-5,20-29,75-84,3-3.9,In,40,15,0.375
detail,CF,Fly,OF CF,220-259,-5-5,20-29,<75,3-3.9,In,58,13,0.22413793103448276
detail,CF,Fly,OF CF,220-259,-5-5,30-44,75-84,4-4.9,In,67,58,0.8656716417910447
detail,CF,Fly,OF CF,220-259,-5-5,30-44,75-84,5+,In,59,56,0.9491525423728814
detail,CF,Fly,OF CF,220-259,-5-5,30-44,85-94,5+,In,31,30,0.967741935483871
detail,CF,Fly,OF CF,220-259,-5-5,30-44,<75,3-3.9,In,30,0,0.0
detail,CF,Fly,OF CF,220-259,-5-5,30-44,<75,4-4.9,In,119,74,0.6218487394957983
detail,CF,Fly,OF CF,220-259,-5-5,45+,75-84,5+,In,134,125,0.9328358208955224
detail,CF,Fly,OF CF,220-259,-5-5,45+,85-94,5+,In,228,224,0.9824561403508771
detail,CF,Fly,OF CF,220-259,-5-5,45+,95-104,5+,In,58,58,1.0
detail,CF,Fly,OF CF,220-259,5-15,20-29,75-84,3-3.9,In,22,1,0.045454545454545456
detail,CF,Fly,OF CF,220-259,5-15,20-29,75-84,3-3.9,In Right,31,6,0.1935483870967742
detail,CF,Fly,OF CF,220-259,5-15,20-29,<75,3-3.9,In,30,2,0.06666666666666667
detail,CF,Fly,OF CF,220-259,5-15,20-29,<75,3-3.9,In Right,21,5,0.23809523809523808
detail,CF,Fly,OF CF,220-259,5-15,30-44,75-84,4-4.9,In,36,33,0.9166666666666666
detail,CF,Fly,OF CF,220-259,5-15,30-44,75-84,4-4.9,In Right,66,51,0.7727272727272727
detail,CF,Fly,OF CF,220-259,5-15,30-44,75-84,5+,In,24,21,0.875
detail,CF,Fly,OF CF,220-259,5-15,30-44,75-84,5+,In Right,41,41,1.0
detail,CF,Fly,OF CF,220-259,5-15,30-44,85-94,5+,In Right,28,27,0.9642857142857143
detail,CF,Fly,OF CF,220-259,5-15,30-44,<75,4-4.9,In,61,24,0.39344262295081966
detail,CF,Fly,OF CF,220-259,5-15,30-44,<75,4-4.9,In Right,41,18,0.43902439024390244
detail,CF,Fly,OF CF,220-259,5-15,45+,75-84,5+,In,84,79,0.9404761904761905
detail,CF,Fly,OF CF,220-259,5-15,45+,75-84,5+,In Right,48,45,0.9375
detail,CF,Fly,OF CF,220-259,5-15,45+,85-94,5+,In,142,136,0.9577464788732394
detail,CF,Fly,OF CF,220-259,5-15,45+,85-94,5+,In Right,129,123,0.9534883720930233
detail,CF,Fly,OF CF,220-259,5-15,45+,95-104,5+,In,38,37,0.9736842105263158
detail,CF,Fly,OF CF,220-259,5-15,45+,95-104,5+,In Right,20,20,1.0
detail,CF,Fly,OF CF,260-319,-15--5,10-19,85-94,3-3.9,Back Right,24,19,0.7916666666666666
detail,CF,Fly,OF CF,260-319,-15--5,10-19,85-94,3-3.9,In Left,55,41,0.7454545454545455
detail,CF,Fly,OF CF,260-319,-15--5,10-19,95-104,2-2.9,In Left,28,8,0.2857142857142857
detail,CF,Fly,OF CF,260-319,-15--5,10-19,95-104,3-3.9,Back Right,24,18,0.75
detail,CF,Fly,OF CF,260-319,-15--5,10-19,95-104,3-3.9,In Left,40,20,0.5
detail,CF,Fly,OF CF,260-319,-15--5,20-29,75-84,3-3.9,In,21,9,0.42857142857142855
detail,CF,Fly,OF CF,260-319,-15--5,20-29,75-84,3-3.9,In Left,119,79,0.6638655462184874
detail,CF,Fly,OF CF,260-319,-15--5,20-29,75-84,4-4.9,Back Right,22,22,1.0
detail,CF,Fly,OF CF,260-319,-15--5,20-29,75-84,4-4.9,In Left,135,128,0.9481481481481482
detail,CF,Fly,OF CF,260-319,-15--5,20-29,85-94,3-3.9,Back Right,33,29,0.8787878787878788
detail,CF,Fly,OF CF,260-319,-15--5,20-29,85-94,3-3.9,In Left,101,80,0.7920792079207921
detail,CF,Fly,OF CF,260-319,-15--5,20-29,85-94,4-4.9,Back Right,73,72,0.9863013698630136
detail,CF,Fly,OF CF,260-319,-15--5,20-29,85-94,4-4.9,In Left,124,122,0.9838709677419355
detail,CF,Fly,OF CF,260-319,-15--5,30-44,75-84,4-4.9,Back Right,21,21,1.0
detail,CF,Fly,OF CF,260-319,-15--5,30-44,75-84,4-4.9,In,30,26,0.8666666666666667
detail,CF,Fly,OF CF,260-319,-15--5,30-44,75-84,4-4.9,In Left,256,243,0.94921875
detail,CF,Fly,OF CF,260-319,-15--5,30-44,75-84,5+,In,22,22,1.0
detail,CF,Fly,OF CF,260-319,-15--5,30-44,75-84,5+,In Left,137,135,0.9854014598540146
detail,CF,Fly,OF CF,260-319,-15--5,30-44,85-94,4-4.9,Back Right,27,27,1.0
detail,CF,Fly,OF CF,260-319,-15--5,30-44,85-94,4-4.9,In Left,61,59,0.9672131147540983
detail,CF,Fly,OF CF,260-319,-15--5,30-44,85-94,5+,Back Right,128,127,0.9921875
detail,CF,Fly,OF CF,260-319,-15--5,30-44,85-94,5+,In,36,36,1.0
detail,CF,Fly,OF CF,260-319,-15--5,30-44,85-94,5+,In Left,443,441,0.9954853273137697
detail,CF,Fly,OF CF,260-319,-15--5,30-44,95-104,5+,Back Right,48,47,0.9791666666666666
detail,CF,Fly,OF CF,260-319,-15--5,30-44,95-104,5+,In Left,134,133,0.9925373134328358
detail,CF,Fly,OF CF,260-319,-15--5,45+,75-84,5+,In Left,41,41,1.0
detail,CF,Fly,OF CF,260-319,-15--5,45+,85-94,5+,In,38,38,1.0
detail,CF,Fly,OF CF,260-319,-15--5,45+,85-94,5+,In Left,210,206,0.9809523809523809
detail,CF,Fly,OF CF,260-319,-15--5,45+,95-104,5+,In,22,22,1.0
detail,CF,Fly,OF CF,260-319,-15--5,45+,95-104,5+,In Left,113,112,0.9911504424778761
detail,CF,Fly,OF CF,260-319,-5-5,10-19,85-94,3-3.9,In,37,32,0.8648648648648649
detail,CF,Fly,OF CF,260-319,-5-5,10-19,95-104,2-2.9,In,22,14,0.6363636363636364
detail,CF,Fly,OF CF,260-319,-5-5,10-19,95-104,3-3.9,In,20,19,0.95
detail,CF,Fly,OF CF,260-319,-5-5,10-19,95-104,3-3.9,In Right,23,22,0.9565217391304348
detail,CF,Fly,OF CF,260-319,-5-5,20-29,75-84,3-3.9,In,95,82,0.8631578947368421
detail,CF,Fly,OF CF,260-319,-5-5,20-29,75-84,3-3.9,In Left,33,32,0.9696969696969697
detail,CF,Fly,OF CF,260-319,-5-5,20-29,75-84,3-3.9,In Right,25,25,1.0
detail,CF,Fly,OF CF,260-319,-5-5,20-29,75-84,4-4.9,In,60,57,0.95
detail,CF,Fly,OF CF,260-319,-5-5,20-29,75-84,4-4.9,In Left,33,33,1.0
detail,CF,Fly,OF CF,260-319,-5-5,20-29,75-84,4-4.9,In Right,21,21,1.0
detail,CF,Fly,OF CF,260-319,-5-5,20-29,85-94,3-3.9,Back,21,21,1.0
detail,CF,Fly,OF CF,260-319,-5-5,20-29,85-94,3-3.9,In,55,49,0.8909090909090909
detail,CF,Fly,OF CF,260-319,-5-5,20-29,85-94,3-3.9,In Left,27,27,1.0
detail,CF,Fly,OF CF,260-319,-5-5,20-29,85-94,3-3.9,In Right,35,34,0.9714285714285714
detail,CF,Fly,OF CF,260-319,-5-5,20-29,85-94,4-4.9,Back,34,34,1.0
detail,CF,Fly,OF CF,260-319,-5-5,20-29,85-94,4-4.9,Back Left,30,30,1.0
detail,CF,Fly,OF CF,260-319,-5-5,20-29,85-94,4-4.9,Back Right,24,24,1.0
detail,CF,Fly,OF CF,260-319,-5-5,20-29,85-94,4-4.9,In,43,43,1.0
detail,CF,Fly,OF CF,260-319,-5-5,20-29,85-94,4-4.9,In Left,35,35,1.0
detail,CF,Fly,OF CF,260-319,-5-5,20-29,85-94,4-4.9,In Right,38,38,1.0
detail,CF,Fly,OF CF,260-319,-5-5,30-44,75-84,4-4.9,In,180,172,0.9555555555555556
detail,CF,Fly,OF CF,260-319,-5-5,30-44,75-84,4-4.9,In Left,44,44,1.0
detail,CF,Fly,OF CF,260-319,-5-5,30-44,75-84,4-4.9,In Right,51,51,1.0
detail,CF,Fly,OF CF,260-319,-5-5,30-44,75-84,5+,In,102,101,0.9901960784313726
detail,CF,Fly,OF CF,260-319,-5-5,30-44,75-84,5+,In Right,22,22,1.0
detail,CF,Fly,OF CF,260-319,-5-5,30-44,85-94,4-4.9,In,22,22,1.0
detail,CF,Fly,OF CF,260-319,-5-5,30-44,85-94,5+,Back,46,46,1.0
detail,CF,Fly,OF CF,260-319,-5-5,30-44,85-94,5+,Back Left,64,64,1.0
detail,CF,Fly,OF CF,260-319,-5-5,30-44,85-94,5+,Back Right,54,54,1.0
detail,CF,Fly,OF CF,260-319,-5-5,30-44,85-94,5+,In,227,224,0.986784140969163
detail,CF,Fly,OF CF,260-319,-5-5,30-44,85-94,5+,In Left,105,105,1.0
detail,CF,Fly,OF CF,260-319,-5-5,30-44,85-94,5+,In Right,125,123,0.984
detail,CF,Fly,OF CF,260-319,-5-5,30-44,95-104,5+,Back Left,36,36,1.0
detail,CF,Fly,OF CF,260-319,-5-5,30-44,95-104,5+,Back Right,26,26,1.0
detail,CF,Fly,OF CF,260-319,-5-5,30-44,95-104,5+,In,60,59,0.9833333333333333
detail,CF,Fly,OF CF,260-319,-5-5,30-44,95-104,5+,In Left,30,30,1.0
detail,CF,Fly,OF CF,260-319,-5-5,30-44,95-104,5+,In Right,44,44,1.0
detail,CF,Fly,OF CF,260-319,-5-5,45+,75-84,5+,In,23,22,0.9565217391304348
detail,CF,Fly,OF CF,260-319,-5-5,45+,85-94,5+,In,190,190,1.0
detail,CF,Fly,OF CF,260-319,-5-5,45+,85-94,5+,In Left,40,40,1.0
detail,CF,Fly,OF CF,260-319,-5-5,45+,85-94,5+,In Right,47,47,1.0
detail,CF,Fly,OF CF,260-319,-5-5,45+,95-104,5+,In,79,78,0.9873417721518988
detail,CF,Fly,OF CF,260-319,-5-5,45+,95-104,5+,In Right,23,22,0.9565217391304348
detail,CF,Fly,OF CF,260-319,5-15,10-19,85-94,3-3.9,Back Left,22,18,0.8181818181818182
detail,CF,Fly,OF CF,260-319,5-15,10-19,85-94,3-3.9,In Right,56,34,0.6071428571428571
detail,CF,Fly,OF CF,260-319,5-15,10-19,95-104,2-2.9,In Right,43,11,0.2558139534883721
detail,CF,Fly,OF CF,260-319,5-15,10-19,95-104,3-3.9,Back Left,25,19,0.76
detail,CF,Fly,OF CF,260-319,5-15,10-19,95-104,3-3.9,In Right,57,27,0.47368421052631576
detail,CF,Fly,OF CF,260-319,5-15,20-29,75-84,3-3.9,In,20,15,0.75
detail,CF,Fly,OF CF,260-319,5-15,20-29,75-84,3-3.9,In Right,140,99,0.7071428571428572
detail,CF,Fly,OF CF,260-319,5-15,20-29,75-84,4-4.9,In Right,121,117,0.9669421487603306
detail,CF,Fly,OF CF,260-319,5-15,20-29,85-94,3-3.9,Back Left,33,31,0.9393939393939394
detail,CF,Fly,OF CF,260-319,5-15,20-29,85-94,3-3.9,In Right,128,92,0.71875
detail,CF,Fly,OF CF,260-319,5-15,20-29,85-94,4-4.9,Back Left,84,82,0.9761904761904762
detail,CF,Fly,OF CF,260-319,5-15,20-29,85-94,4-4.9,In Right,139,134,0.9640287769784173
detail,CF,Fly,OF CF,260-319,5-15,20-29,95-104,4-4.9,Back Left,21,20,0.9523809523809523
detail,CF,Fly,OF CF,260-319,5-15,30-44,75-84,4-4.9,Back Left,22,22,1.0
detail,CF,Fly,OF CF,260-319,5-15,30-44,75-84,4-4.9,In,33,32,0.9696969696969697
detail,CF,Fly,OF CF,260-319,5-15,30-44,75-84,4-4.9,In Right,273,263,0.9633699633699634
detail,CF,Fly,OF CF,260-319,5-15,30-44,75-84,5+,In Right,135,132,0.9777777777777777
detail,CF,Fly,OF CF,260-319,5-15,30-44,85-94,4-4.9,Back Left,27,27,1.0
detail,CF,Fly,OF CF,260-319,5-15,30-44,85-94,4-4.9,In Right,90,88,0.9777777777777777
detail,CF,Fly,OF CF,260-319,5-15,30-44,85-94,5+,Back Left,115,114,0.991304347826087
detail,CF,Fly,OF CF,260-319,5-15,30-44,85-94,5+,In,27,27,1.0
detail,CF,Fly,OF CF,260-319,5-15,30-44,85-94,5+,In Right,560,554,0.9892857142857143
detail,CF,Fly,OF CF,260-319,5-15,30-44,95-104,5+,Back Left,48,48,1.0
detail,CF,Fly,OF CF,260-319,5-15,30-44,95-104,5+,In Right,157,154,0.9808917197452229
detail,CF,Fly,OF CF,260-319,5-15,45+,75-84,5+,In Right,34,34,1.0
detail,CF,Fly,OF CF,260-319,5-15,45+,85-94,5+,In,35,34,0.9714285714285714
detail,CF,Fly,OF CF,260-319,5-15,45+,85-94,5+,In Right,209,205,0.9808612440191388
detail,CF,Fly,OF CF,260-319,5-15,45+,95-104,5+,In,20,20,1.0
detail,CF,Fly,OF CF,260-319,5-15,45+,95-104,5+,In Right,105,103,0.9809523809523809
detail,CF,Fly,OF CF,320+,-15--5,10-19,105+,3-3.9,Back Right,36,17,0.4722222222222222
detail,CF,Fly,OF CF,320+,-15--5,10-19,105+,4-4.9,Back Right,22,11,0.5
detail,CF,Fly,OF CF,320+,-15--5,10-19,95-104,3-3.9,Back Right,147,103,0.7006802721088435
detail,CF,Fly,OF CF,320+,-15--5,10-19,95-104,3-3.9,In Left,45,29,0.6444444444444445
detail,CF,Fly,OF CF,320+,-15--5,10-19,95-104,4-4.9,Back Right,46,28,0.6086956521739131
detail,CF,Fly,OF CF,320+,-15--5,20-29,105+,4-4.9,Back Right,56,28,0.5
detail,CF,Fly,OF CF,320+,-15--5,20-29,105+,5+,Back Right,29,21,0.7241379310344828
detail,CF,Fly,OF CF,320+,-15--5,20-29,85-94,3-3.9,Back Right,56,50,0.8928571428571429
detail,CF,Fly,OF CF,320+,-15--5,20-29,85-94,4-4.9,Back,37,34,0.918918918918919
detail,CF,Fly,OF CF,320+,-15--5,20-29,85-94,4-4.9,Back Right,447,404,0.9038031319910514
detail,CF,Fly,OF CF,320+,-15--5,20-29,85-94,4-4.9,In Left,98,88,0.8979591836734694
detail,CF,Fly,OF CF,320+,-15--5,20-29,85-94,5+,Back Right,38,38,1.0
detail,CF,Fly,OF CF,320+,-15--5,20-29,95-104,3-3.9,Back Right,93,62,0.6666666666666666
detail,CF,Fly,OF CF,320+,-15--5,20-29,95-104,3-3.9,In Left,21,13,0.6190476190476191
detail,CF,Fly,OF CF,320+,-15--5,20-29,95-104,4-4.9,Back,127,95,0.7480314960629921
detail,CF,Fly,OF CF,320+,-15--5,20-29,95-104,4-4.9,Back Right,795,561,0.7056603773584905
detail,CF,Fly,OF CF,320+,-15--5,20-29,95-104,4-4.9,In Left,36,31,0.8611111111111112
detail,CF,Fly,OF CF,320+,-15--5,20-29,95-104,5+,Back,48,42,0.875
detail,CF,Fly,OF CF,320+,-15--5,20-29,95-104,5+,Back Right,292,249,0.8527397260273972
detail,CF,Fly,OF CF,320+,-15--5,30-44,105+,5+,Back Right,35,33,0.9428571428571428
detail,CF,Fly,OF CF,320+,-15--5,30-44,85-94,4-4.9,Back Right,110,107,0.9727272727272728
detail,CF,Fly,OF CF,320+,-15--5,30-44,85-94,4-4.9,In Left,33,32,0.9696969696969697
detail,CF,Fly,OF CF,320+,-15--5,30-44,85-94,5+,Back,24,20,0.8333333333333334
detail,CF,Fly,OF CF,320+,-15--5,30-44,85-94,5+,Back Right,424,417,0.9834905660377359
detail,CF,Fly,OF CF,320+,-15--5,30-44,85-94,5+,In Left,162,159,0.9814814814814815
detail,CF,Fly,OF CF,320+,-15--5,30-44,95-104,5+,Back,93,83,0.8924731182795699
detail,CF,Fly,OF CF,320+,-15--5,30-44,95-104,5+,Back Right,809,753,0.930778739184178
detail,CF,Fly,OF CF,320+,-15--5,30-44,95-104,5+,In Left,81,80,0.9876543209876543
detail,CF,Fly,OF CF,320+,-15--5,45+,95-104,5+,Back Right,24,23,0.9583333333333334
detail,CF,Fly,OF CF,320+,-15--5,45+,95-104,5+,In Left,21,21,1.0
detail,CF,Fly,OF CF,320+,-5-5,10-19,105+,3-3.9,Back,34,26,0.7647058823529411
detail,CF,Fly,OF CF,320+,-5-5,10-19,105+,4-4.9,Back,20,12,0.6
detail,CF,Fly,OF CF,320+,-5-5,10-19,95-104,3-3.9,Back,105,93,0.8857142857142857
detail,CF,Fly,OF CF,320+,-5-5,10-19,95-104,3-3.9,Back Left,47,44,0.9361702127659575
detail,CF,Fly,OF CF,320+,-5-5,10-19,95-104,3-3.9,Back Right,47,47,1.0
detail,CF,Fly,OF CF,320+,-5-5,10-19,95-104,4-4.9,Back,57,48,0.8421052631578947
detail,CF,Fly,OF CF,320+,-5-5,20-29,105+,4-4.9,Back,64,34,0.53125
detail,CF,Fly,OF CF,320+,-5-5,20-29,105+,5+,Back,43,36,0.8372093023255814
detail,CF,Fly,OF CF,320+,-5-5,20-29,85-94,3-3.9,Back,27,26,0.9629629629629629
detail,CF,Fly,OF CF,320+,-5-5,20-29,85-94,4-4.9,Back,297,293,0.9865319865319865
detail,CF,Fly,OF CF,320+,-5-5,20-29,85-94,4-4.9,Back Left,144,143,0.9930555555555556
detail,CF,Fly,OF CF,320+,-5-5,20-29,85-94,4-4.9,Back Right,116,116,1.0
detail,CF,Fly,OF CF,320+,-5-5,20-29,85-94,4-4.9,In,22,22,1.0
detail,CF,Fly,OF CF,320+,-5-5,20-29,85-94,4-4.9,In Left,31,31,1.0
detail,CF,Fly,OF CF,320+,-5-5,20-29,85-94,4-4.9,In Right,28,28,1.0
detail,CF,Fly,OF CF,320+,-5-5,20-29,85-94,5+,Back,35,33,0.9428571428571428
detail,CF,Fly,OF CF,320+,-5-5,20-29,95-104,3-3.9,Back,73,64,0.8767123287671232
detail,CF,Fly,OF CF,320+,-5-5,20-29,95-104,3-3.9,Back Left,26,26,1.0
detail,CF,Fly,OF CF,320+,-5-5,20-29,95-104,3-3.9,Back Right,29,27,0.9310344827586207
detail,CF,Fly,OF CF,320+,-5-5,20-29,95-104,4-4.9,Back,783,646,0.8250319284802043
detail,CF,Fly,OF CF,320+,-5-5,20-29,95-104,4-4.9,Back Left,184,175,0.9510869565217391
detail,CF,Fly,OF CF,320+,-5-5,20-29,95-104,4-4.9,Back Right,143,137,0.958041958041958
detail,CF,Fly,OF CF,320+,-5-5,20-29,95-104,5+,Back,402,347,0.8631840796019901
detail,CF,Fly,OF CF,320+,-5-5,20-29,95-104,5+,Back Left,67,66,0.9850746268656716
detail,CF,Fly,OF CF,320+,-5-5,20-29,95-104,5+,Back Right,52,50,0.9615384615384616
detail,CF,Fly,OF CF,320+,-5-5,30-44,105+,5+,Back,36,31,0.8611111111111112
detail,CF,Fly,OF CF,320+,-5-5,30-44,85-94,4-4.9,Back,64,62,0.96875
detail,CF,Fly,OF CF,320+,-5-5,30-44,85-94,4-4.9,Back Left,40,39,0.975
detail,CF,Fly,OF CF,320+,-5-5,30-44,85-94,4-4.9,Back Right,39,39,1.0
detail,CF,Fly,OF CF,320+,-5-5,30-44,85-94,5+,Back,282,278,0.9858156028368794
detail,CF,Fly,OF CF,320+,-5-5,30-44,85-94,5+,Back Left,145,141,0.9724137931034482
detail,CF,Fly,OF CF,320+,-5-5,30-44,85-94,5+,Back Right,138,138,1.0
detail,CF,Fly,OF CF,320+,-5-5,30-44,85-94,5+,In,31,31,1.0
detail,CF,Fly,OF CF,320+,-5-5,30-44,85-94,5+,In Left,38,38,1.0
detail,CF,Fly,OF CF,320+,-5-5,30-44,85-94,5+,In Right,40,40,1.0
detail,CF,Fly,OF CF,320+,-5-5,30-44,95-104,5+,Back,686,642,0.9358600583090378
detail,CF,Fly,OF CF,320+,-5-5,30-44,95-104,5+,Back Left,233,229,0.9828326180257511
detail,CF,Fly,OF CF,320+,-5-5,30-44,95-104,5+,Back Right,182,177,0.9725274725274725
detail,CF,Fly,OF CF,320+,-5-5,30-44,95-104,5+,In Left,26,26,1.0
detail,CF,Fly,OF CF,320+,-5-5,30-44,95-104,5+,In Right,41,39,0.9512195121951219
detail,CF,Fly,OF CF,320+,5-15,10-19,105+,3-3.9,Back Left,44,19,0.4318181818181818
detail,CF,Fly,OF CF,320+,5-15,10-19,95-104,3-3.9,Back Left,181,116,0.6408839779005525
detail,CF,Fly,OF CF,320+,5-15,10-19,95-104,3-3.9,In Right,34,14,0.4117647058823529
detail,CF,Fly,OF CF,320+,5-15,10-19,95-104,4-4.9,Back Left,33,17,0.5151515151515151
detail,CF,Fly,OF CF,320+,5-15,20-29,105+,4-4.9,Back Left,58,32,0.5517241379310345
detail,CF,Fly,OF CF,320+,5-15,20-29,105+,5+,Back Left,35,26,0.7428571428571429
detail,CF,Fly,OF CF,320+,5-15,20-29,85-94,3-3.9,Back Left,40,31,0.775
detail,CF,Fly,OF CF,320+,5-15,20-29,85-94,4-4.9,Back,21,20,0.9523809523809523
detail,CF,Fly,OF CF,320+,5-15,20-29,85-94,4-4.9,Back Left,492,432,0.8780487804878049
detail,CF,Fly,OF CF,320+,5-15,20-29,85-94,4-4.9,In Right,109,102,0.9357798165137615
detail,CF,Fly,OF CF,320+,5-15,20-29,85-94,5+,Back Left,32,30,0.9375
detail,CF,Fly,OF CF,320+,5-15,20-29,95-104,3-3.9,Back Left,101,60,0.594059405940594
detail,CF,Fly,OF CF,320+,5-15,20-29,95-104,3-3.9,In Right,26,14,0.5384615384615384
detail,CF,Fly,OF CF,320+,5-15,20-29,95-104,4-4.9,Back,93,66,0.7096774193548387
detail,CF,Fly,OF CF,320+,5-15,20-29,95-104,4-4.9,Back Left,847,611,0.7213695395513577
detail,CF,Fly,OF CF,320+,5-15,20-29,95-104,4-4.9,In Right,37,29,0.7837837837837838
detail,CF,Fly,OF CF,320+,5-15,20-29,95-104,5+,Back,36,28,0.7777777777777778
detail,CF,Fly,OF CF,320+,5-15,20-29,95-104,5+,Back Left,310,261,0.8419354838709677
detail,CF,Fly,OF CF,320+,5-15,30-44,105+,5+,Back Left,34,29,0.8529411764705882
detail,CF,Fly,OF CF,320+,5-15,30-44,85-94,4-4.9,Back Left,109,103,0.944954128440367
detail,CF,Fly,OF CF,320+,5-15,30-44,85-94,4-4.9,In Right,43,42,0.9767441860465116
detail,CF,Fly,OF CF,320+,5-15,30-44,85-94,5+,Back,21,19,0.9047619047619048
detail,CF,Fly,OF CF,320+,5-15,30-44,85-94,5+,Back Left,432,422,0.9768518518518519
detail,CF,Fly,OF CF,320+,5-15,30-44,85-94,5+,In Right,150,149,0.9933333333333333
detail,CF,Fly,OF CF,320+,5-15,30-44,95-104,5+,Back,62,55,0.8870967741935484
detail,CF,Fly,OF CF,320+,5-15,30-44,95-104,5+,Back Left,839,790,0.9415971394517283
detail,CF,Fly,OF CF,320+,5-15,30-44,95-104,5+,In Right,131,131,1.0
detail,CF,Line,OF CF,120-149,-15--5,0-9,105+,<2,In,40,0,0.0
detail,CF,Line,OF CF,120-149,-15--5,0-9,75-84,<2,In,23,0,0.0
detail,CF,Line,OF CF,120-149,-15--5,0-9,85-94,<2,In,65,0,0.0
detail,CF,Line,OF CF,120-149,-15--5,0-9,95-104,<2,In,167,0,0.0
detail,CF,Line,OF CF,120-149,-15--5,10-19,<75,<2,In,24,0,0.0
detail,CF,Line,OF CF,120-149,-5-5,0-9,105+,<2,In,54,0,0.0
detail,CF,Line,OF CF,120-149,-5-5,0-9,75-84,<2,In,50,0,0.0
detail,CF,Line,OF CF,120-149,-5-5,0-9,85-94,<2,In,142,0,0.0
detail,CF,Line,OF CF,120-149,-5-5,0-9,95-104,<2,In,276,0,0.0
detail,CF,Line,OF CF,120-149,-5-5,10-19,75-84,<2,In,36,0,0.0
detail,CF,Line,OF CF,120-149,-5-5,10-19,<75,<2,In,49,0,0.0
detail,CF,Line,OF CF,120-149,5-15,0-9,105+,<2,In,28,0,0.0
detail,CF,Line,OF CF,120-149,5-15,0-9,85-94,<2,In,64,0,0.0
detail,CF,Line,OF CF,120-149,5-15,0-9,95-104,<2,In,128,0,0.0
detail,CF,Line,OF CF,150-179,-15--5,0-9,105+,<2,In,77,26,0.33766233766233766
detail,CF,Line,OF CF,150-179,-15--5,0-9,85-94,<2,In,128,65,0.5078125
detail,CF,Line,OF CF,150-179,-15--5,0-9,95-104,<2,In,322,146,0.453416149068323
detail,CF,Line,OF CF,150-179,-15--5,10-19,75-84,<2,In,126,67,0.5317460317460317
detail,CF,Line,OF CF,150-179,-15--5,10-19,85-94,<2,In,103,42,0.4077669902912621
detail,CF,Line,OF CF,150-179,-15--5,10-19,95-104,<2,In,61,18,0.29508196721311475
detail,CF,Line,OF CF,150-179,-15--5,10-19,<75,2-2.9,In,54,36,0.6666666666666666
detail,CF,Line,OF CF,150-179,-15--5,10-19,<75,<2,In,48,33,0.6875
detail,CF,Line,OF CF,150-179,-15--5,20-29,<75,2-2.9,In,35,25,0.7142857142857143
detail,CF,Line,OF CF,150-179,-5-5,0-9,105+,<2,In,79,12,0.1518987341772152
detail,CF,Line,OF CF,150-179,-5-5,0-9,85-94,<2,In,125,27,0.216
detail,CF,Line,OF CF,150-179,-5-5,0-9,95-104,<2,In,318,45,0.14150943396226415
detail,CF,Line,OF CF,150-179,-5-5,10-19,75-84,<2,In,117,30,0.2564102564102564
detail,CF,Line,OF CF,150-179,-5-5,10-19,85-94,<2,In,75,19,0.25333333333333335
detail,CF,Line,OF CF,150-179,-5-5,10-19,95-104,<2,In,66,9,0.13636363636363635
detail,CF,Line,OF CF,150-179,-5-5,10-19,<75,2-2.9,In,60,28,0.4666666666666667
detail,CF,Line,OF CF,150-179,-5-5,10-19,<75,<2,In,69,27,0.391304347826087
detail,CF,Line,OF CF,150-179,-5-5,20-29,<75,2-2.9,In,31,18,0.5806451612903226
detail,CF,Line,OF CF,150-179,5-15,0-9,105+,<2,In,79,26,0.3291139240506329
detail,CF,Line,OF CF,150-179,5-15,0-9,85-94,<2,In,150,105,0.7
detail,CF,Line,OF CF,150-179,5-15,0-9,95-104,<2,In,338,189,0.5591715976331361
detail,CF,Line,OF CF,150-179,5-15,10-19,75-84,<2,In,126,66,0.5238095238095238
detail,CF,Line,OF CF,150-179,5-15,10-19,85-94,<2,In,78,39,0.5
detail,CF,Line,OF CF,150-179,5-15,10-19,95-104,<2,In,58,20,0.3448275862068966
detail,CF,Line,OF CF,150-179,5-15,10-19,<75,2-2.9,In,53,37,0.6981132075471698
detail,CF,Line,OF CF,150-179,5-15,10-19,<75,<2,In,52,37,0.7115384615384616
detail,CF,Line,OF CF,150-179,5-15,20-29,<75,2-2.9,In,36,32,0.8888888888888888
detail,CF,Line,OF CF,180-219,-15--5,0-9,105+,<2,In,85,12,0.1411764705882353
detail,CF,Line,OF CF,180-219,-15--5,0-9,85-94,<2,In,56,19,0.3392857142857143
detail,CF,Line,OF CF,180-219,-15--5,0-9,95-104,<2,In,281,72,0.25622775800711745
detail,CF,Line,OF CF,180-219,-15--5,10-19,105+,<2,In,27,1,0.037037037037037035
detail,CF,Line,OF CF,180-219,-15--5,10-19,75-84,2-2.9,In,188,3,0.015957446808510637
detail,CF,Line,OF CF,180-219,-15--5,10-19,75-84,<2,In,36,11,0.3055555555555556
detail,CF,Line,OF CF,180-219,-15--5,10-19,85-94,2-2.9,In,117,0,0.0
detail,CF,Line,OF CF,180-219,-15--5,10-19,85-94,<2,In,147,20,0.1360544217687075
detail,CF,Line,OF CF,180-219,-15--5,10-19,95-104,<2,In,229,15,0.06550218340611354
detail,CF,Line,OF CF,180-219,-15--5,10-19,<75,2-2.9,In,89,7,0.07865168539325842
detail,CF,Line,OF CF,180-219,-15--5,20-29,<75,2-2.9,In,74,8,0.10810810810810811
detail,CF,Line,OF CF,180-219,-15--5,20-29,<75,3-3.9,In,20,0,0.0
detail,CF,Line,OF CF,180-219,-5-5,0-9,105+,<2,In,75,4,0.05333333333333334
detail,CF,Line,OF CF,180-219,-5-5,0-9,85-94,<2,In,65,3,0.046153846153846156
detail,CF,Line,OF CF,180-219,-5-5,0-9,95-104,<2,In,253,19,0.07509881422924901
detail,CF,Line,OF CF,180-219,-5-5,10-19,105+,<2,In,26,0,0.0
detail,CF,Line,OF CF,180-219,-5-5,10-19,75-84,2-2.9,In,177,1,0.005649717514124294
detail,CF,Line,OF CF,180-219,-5-5,10-19,75-84,<2,In,35,2,0.05714285714285714
detail,CF,Line,OF CF,180-219,-5-5,10-19,85-94,2-2.9,In,109,0,0.0
detail,CF,Line,OF CF,180-219,-5-5,10-19,85-94,<2,In,170,7,0.041176470588235294
detail,CF,Line,OF CF,180-219,-5-5,10-19,95-104,<2,In,222,8,0.036036036036036036
detail,CF,Line,OF CF,180-219,-5-5,10-19,<75,2-2.9,In,90,4,0.044444444444444446
detail,CF,Line,OF CF,180-219,-5-5,20-29,<75,2-2.9,In,72,5,0.06944444444444445
detail,CF,Line,OF CF,180-219,-5-5,20-29,<75,3-3.9,In,26,1,0.038461538461538464
detail,CF,Line,OF CF,180-219,5-15,0-9,105+,<2,In,95,18,0.18947368421052632
detail,CF,Line,OF CF,180-219,5-15,0-9,85-94,<2,In,63,22,0.3492063492063492
detail,CF,Line,OF CF,180-219,5-15,0-9,95-104,<2,In,240,70,0.2916666666666667
detail,CF,Line,OF CF,180-219,5-15,10-19,105+,<2,In,36,2,0.05555555555555555
detail,CF,Line,OF CF,180-219,5-15,10-19,75-84,2-2.9,In,163,3,0.018404907975460124
detail,CF,Line,OF CF,180-219,5-15,10-19,75-84,<2,In,28,9,0.32142857142857145
detail,CF,Line,OF CF,180-219,5-15,10-19,85-94,2-2.9,In,97,0,0.0
detail,CF,Line,OF CF,180-219,5-15,10-19,85-94,<2,In,175,23,0.13142857142857142
detail,CF,Line,OF CF,180-219,5-15,10-19,95-104,<2,In,241,12,0.04979253112033195
detail,CF,Line,OF CF,180-219,5-15,10-19,<75,2-2.9,In,77,11,0.14285714285714285
detail,CF,Line,OF CF,180-219,5-15,20-29,<75,2-2.9,In,64,9,0.140625
detail,CF,Line,OF CF,180-219,5-15,20-29,<75,3-3.9,In,30,4,0.13333333333333333
detail,CF,Line,OF CF,220-259,-15--5,0-9,105+,<2,In,25,0,0.0
detail,CF,Line,OF CF,220-259,-15--5,0-9,95-104,2-2.9,In,27,1,0.037037037037037035
detail,CF,Line,OF CF,220-259,-15--5,0-9,95-104,2-2.9,In Left,30,0,0.0
detail,CF,Line,OF CF,220-259,-15--5,0-9,95-104,<2,In,38,0,0.0
detail,CF,Line,OF CF,220-259,-15--5,10-19,105+,2-2.9,In,23,0,0.0
detail,CF,Line,OF CF,220-259,-15--5,10-19,105+,2-2.9,In Left,26,1,0.038461538461538464
detail,CF,Line,OF CF,220-259,-15--5,10-19,105+,<2,In,22,0,0.0
detail,CF,Line,OF CF,220-259,-15--5,10-19,75-84,2-2.9,In,113,0,0.0
detail,CF,Line,OF CF,220-259,-15--5,10-19,75-84,2-2.9,In Left,50,0,0.0
detail,CF,Line,OF CF,220-259,-15--5,10-19,85-94,2-2.9,In,213,0,0.0
detail,CF,Line,OF CF,220-259,-15--5,10-19,85-94,2-2.9,In Left,162,1,0.006172839506172839
detail,CF,Line,OF CF,220-259,-15--5,10-19,95-104,2-2.9,In,269,1,0.0037174721189591076
detail,CF,Line,OF CF,220-259,-15--5,10-19,95-104,2-2.9,In Left,194,1,0.005154639175257732
detail,CF,Line,OF CF,220-259,-15--5,10-19,95-104,<2,In,50,0,0.0
detail,CF,Line,OF CF,220-259,-15--5,20-29,75-84,2-2.9,In,25,0,0.0
detail,CF,Line,OF CF,220-259,-15--5,20-29,75-84,3-3.9,In,31,1,0.03225806451612903
detail,CF,Line,OF CF,220-259,-15--5,20-29,75-84,3-3.9,In Left,34,1,0.029411764705882353
detail,CF,Line,OF CF,220-259,-15--5,20-29,<75,3-3.9,In,30,0,0.0
detail,CF,Line,OF CF,220-259,-15--5,20-29,<75,3-3.9,In Left,25,0,0.0
detail,CF,Line,OF CF,220-259,-5-5,0-9,105+,2-2.9,In,22,0,0.0
detail,CF,Line,OF CF,220-259,-5-5,0-9,105+,<2,In,39,0,0.0
detail,CF,Line,OF CF,220-259,-5-5,0-9,95-104,2-2.9,In,61,0,0.0
detail,CF,Line,OF CF,220-259,-5-5,0-9,95-104,<2,In,30,0,0.0
detail,CF,Line,OF CF,220-259,-5-5,10-19,105+,2-2.9,In,48,1,0.020833333333333332
detail,CF,Line,OF CF,220-259,-5-5,10-19,75-84,2-2.9,In,164,3,0.018292682926829267
detail,CF,Line,OF CF,220-259,-5-5,10-19,85-94,2-2.9,In,313,2,0.006389776357827476
detail,CF,Line,OF CF,220-259,-5-5,10-19,95-104,2-2.9,In,436,3,0.006880733944954129
detail,CF,Line,OF CF,220-259,-5-5,10-19,95-104,<2,In,52,0,0.0
detail,CF,Line,OF CF,220-259,-5-5,20-29,75-84,2-2.9,In,33,0,0.0
detail,CF,Line,OF CF,220-259,-5-5,20-29,75-84,3-3.9,In,61,9,0.14754098360655737
detail,CF,Line,OF CF,220-259,-5-5,20-29,<75,3-3.9,In,56,1,0.017857142857142856
detail,CF,Line,OF CF,220-259,5-15,0-9,105+,<2,In,23,1,0.043478260869565216
detail,CF,Line,OF CF,220-259,5-15,0-9,95-104,2-2.9,In,28,0,0.0
detail,CF,Line,OF CF,220-259,5-15,0-9,95-104,<2,In,34,0,0.0
detail,CF,Line,OF CF,220-259,5-15,10-19,105+,2-2.9,In,29,0,0.0
detail,CF,Line,OF CF,220-259,5-15,10-19,105+,2-2.9,In Right,26,0,0.0
detail,CF,Line,OF CF,220-259,5-15,10-19,105+,<2,In,28,0,0.0
detail,CF,Line,OF CF,220-259,5-15,10-19,75-84,2-2.9,In,92,1,0.010869565217391304
detail,CF,Line,OF CF,220-259,5-15,10-19,75-84,2-2.9,In Right,55,0,0.0
detail,CF,Line,OF CF,220-259,5-15,10-19,85-94,2-2.9,In,226,0,0.0
detail,CF,Line,OF CF,220-259,5-15,10-19,85-94,2-2.9,In Right,164,4,0.024390243902439025
detail,CF,Line,OF CF,220-259,5-15,10-19,95-104,2-2.9,In,234,0,0.0
detail,CF,Line,OF CF,220-259,5-15,10-19,95-104,2-2.9,In Right,236,1,0.00423728813559322
detail,CF,Line,OF CF,220-259,5-15,10-19,95-104,<2,In,49,0,0.0
detail,CF,Line,OF CF,220-259,5-15,20-29,75-84,2-2.9,In,20,0,0.0
detail,CF,Line,OF CF,220-259,5-15,20-29,75-84,3-3.9,In Right,41,1,0.024390243902439025
detail,CF,Line,OF CF,220-259,5-15,20-29,<75,3-3.9,In,40,1,0.025
detail,CF,Line,OF CF,260-319,-15--5,10-19,105+,2-2.9,In,22,2,0.09090909090909091
detail,CF,Line,OF CF,260-319,-15--5,10-19,105+,2-2.9,In Left,154,11,0.07142857142857142
detail,CF,Line,OF CF,260-319,-15--5,10-19,75-84,3-3.9,In Left,20,4,0.2
detail,CF,Line,OF CF,260-319,-15--5,10-19,85-94,2-2.9,In,35,3,0.08571428571428572
detail,CF,Line,OF CF,260-319,-15--5,10-19,85-94,2-2.9,In Left,129,6,0.046511627906976744
detail,CF,Line,OF CF,260-319,-15--5,10-19,85-94,3-3.9,Back Right,40,28,0.7
detail,CF,Line,OF CF,260-319,-15--5,10-19,85-94,3-3.9,In Left,206,81,0.3932038834951456
detail,CF,Line,OF CF,260-319,-15--5,10-19,95-104,2-2.9,Back Right,24,11,0.4583333333333333
detail,CF,Line,OF CF,260-319,-15--5,10-19,95-104,2-2.9,In,112,18,0.16071428571428573
detail,CF,Line,OF CF,260-319,-15--5,10-19,95-104,2-2.9,In Left,547,49,0.08957952468007313
detail,CF,Line,OF CF,260-319,-15--5,10-19,95-104,3-3.9,Back Right,107,77,0.719626168224299
detail,CF,Line,OF CF,260-319,-15--5,10-19,95-104,3-3.9,In Left,245,102,0.4163265306122449
detail,CF,Line,OF CF,260-319,-15--5,20-29,75-84,3-3.9,In,23,10,0.43478260869565216
detail,CF,Line,OF CF,260-319,-15--5,20-29,75-84,3-3.9,In Left,97,32,0.32989690721649484
detail,CF,Line,OF CF,260-319,-15--5,20-29,85-94,3-3.9,Back Right,34,27,0.7941176470588235
detail,CF,Line,OF CF,260-319,-15--5,20-29,85-94,3-3.9,In Left,121,60,0.49586776859504134
detail,CF,Line,OF CF,260-319,-15--5,20-29,95-104,3-3.9,In Left,20,11,0.55
detail,CF,Line,OF CF,260-319,-5-5,10-19,105+,2-2.9,In,109,30,0.27522935779816515
detail,CF,Line,OF CF,260-319,-5-5,10-19,105+,2-2.9,In Left,31,18,0.5806451612903226
detail,CF,Line,OF CF,260-319,-5-5,10-19,105+,2-2.9,In Right,44,28,0.6363636363636364
detail,CF,Line,OF CF,260-319,-5-5,10-19,85-94,2-2.9,In,140,28,0.2
detail,CF,Line,OF CF,260-319,-5-5,10-19,85-94,2-2.9,In Right,21,8,0.38095238095238093
detail,CF,Line,OF CF,260-319,-5-5,10-19,85-94,3-3.9,Back,20,20,1.0
detail,CF,Line,OF CF,260-319,-5-5,10-19,85-94,3-3.9,In,108,87,0.8055555555555556
detail,CF,Line,OF CF,260-319,-5-5,10-19,85-94,3-3.9,In Left,44,40,0.9090909090909091
detail,CF,Line,OF CF,260-319,-5-5,10-19,85-94,3-3.9,In Right,41,33,0.8048780487804879
detail,CF,Line,OF CF,260-319,-5-5,10-19,95-104,2-2.9,Back Right,21,21,1.0
detail,CF,Line,OF CF,260-319,-5-5,10-19,95-104,2-2.9,In,428,145,0.338785046728972
detail,CF,Line,OF CF,260-319,-5-5,10-19,95-104,2-2.9,In Left,93,53,0.5698924731182796
detail,CF,Line,OF CF,260-319,-5-5,10-19,95-104,2-2.9,In Right,130,83,0.6384615384615384
detail,CF,Line,OF CF,260-319,-5-5,10-19,95-104,3-3.9,Back,42,42,1.0
detail,CF,Line,OF CF,260-319,-5-5,10-19,95-104,3-3.9,Back Left,42,39,0.9285714285714286
detail,CF,Line,OF CF,260-319,-5-5,10-19,95-104,3-3.9,Back Right,37,37,1.0
detail,CF,Line,OF CF,260-319,-5-5,10-19,95-104,3-3.9,In,72,66,0.9166666666666666
detail,CF,Line,OF CF,260-319,-5-5,10-19,95-104,3-3.9,In Left,58,56,0.9655172413793104
detail,CF,Line,OF CF,260-319,-5-5,10-19,95-104,3-3.9,In Right,64,60,0.9375
detail,CF,Line,OF CF,260-319,-5-5,20-29,75-84,3-3.9,In,86,52,0.6046511627906976
detail,CF,Line,OF CF,260-319,-5-5,20-29,85-94,3-3.9,In,47,38,0.8085106382978723
detail,CF,Line,OF CF,260-319,-5-5,20-29,85-94,3-3.9,In Left,25,23,0.92
detail,CF,Line,OF CF,260-319,-5-5,20-29,85-94,3-3.9,In Right,34,33,0.9705882352941176
detail,CF,Line,OF CF,260-319,5-15,10-19,105+,2-2.9,In,24,2,0.08333333333333333
detail,CF,Line,OF CF,260-319,5-15,10-19,105+,2-2.9,In Right,132,12,0.09090909090909091
detail,CF,Line,OF CF,260-319,5-15,10-19,85-94,2-2.9,In,27,4,0.14814814814814814
detail,CF,Line,OF CF,260-319,5-15,10-19,85-94,2-2.9,In Right,134,6,0.04477611940298507
detail,CF,Line,OF CF,260-319,5-15,10-19,85-94,3-3.9,Back Left,38,33,0.868421052631579
detail,CF,Line,OF CF,260-319,5-15,10-19,85-94,3-3.9,In Right,209,65,0.31100478468899523
detail,CF,Line,OF CF,260-319,5-15,10-19,95-104,2-2.9,Back Left,28,14,0.5
detail,CF,Line,OF CF,260-319,5-15,10-19,95-104,2-2.9,In,76,13,0.17105263157894737
detail,CF,Line,OF CF,260-319,5-15,10-19,95-104,2-2.9,In Right,595,46,0.0773109243697479
detail,CF,Line,OF CF,260-319,5-15,10-19,95-104,3-3.9,Back Left,102,50,0.49019607843137253
detail,CF,Line,OF CF,260-319,5-15,10-19,95-104,3-3.9,In Right,261,108,0.41379310344827586
detail,CF,Line,OF CF,260-319,5-15,20-29,75-84,3-3.9,In Right,108,35,0.32407407407407407
detail,CF,Line,OF CF,260-319,5-15,20-29,85-94,3-3.9,Back Left,27,24,0.8888888888888888
detail,CF,Line,OF CF,260-319,5-15,20-29,85-94,3-3.9,In Right,151,71,0.47019867549668876
detail,CF,Line,OF CF,260-319,5-15,20-29,85-94,4-4.9,In Right,20,14,0.7
detail,CF,Line,OF CF,260-319,5-15,20-29,95-104,3-3.9,In Right,22,10,0.45454545454545453
detail,CF,Line,OF CF,320+,-15--5,10-19,105+,3-3.9,Back Right,142,54,0.38028169014084506
detail,CF,Line,OF CF,320+,-15--5,10-19,105+,3-3.9,In Left,38,18,0.47368421052631576
detail,CF,Line,OF CF,320+,-15--5,10-19,105+,4-4.9,Back Right,22,3,0.13636363636363635
detail,CF,Line,OF CF,320+,-15--5,10-19,95-104,3-3.9,Back Right,332,164,0.4939759036144578
detail,CF,Line,OF CF,320+,-15--5,10-19,95-104,3-3.9,In Left,122,57,0.4672131147540984
detail,CF,Line,OF CF,320+,-15--5,10-19,95-104,4-4.9,Back Right,66,25,0.3787878787878788
detail,CF,Line,OF CF,320+,-15--5,20-29,105+,4-4.9,Back Right,34,10,0.29411764705882354
detail,CF,Line,OF CF,320+,-15--5,20-29,85-94,3-3.9,Back Right,32,28,0.875
detail,CF,Line,OF CF,320+,-15--5,20-29,85-94,3-3.9,In Left,20,15,0.75
detail,CF,Line,OF CF,320+,-15--5,20-29,85-94,4-4.9,Back Right,83,71,0.8554216867469879
detail,CF,Line,OF CF,320+,-15--5,20-29,85-94,4-4.9,In Left,21,17,0.8095238095238095
detail,CF,Line,OF CF,320+,-15--5,20-29,95-104,3-3.9,Back Right,102,50,0.49019607843137253
detail,CF,Line,OF CF,320+,-15--5,20-29,95-104,3-3.9,In Left,22,11,0.5
detail,CF,Line,OF CF,320+,-15--5,20-29,95-104,4-4.9,Back,45,25,0.5555555555555556
detail,CF,Line,OF CF,320+,-15--5,20-29,95-104,4-4.9,Back Right,272,136,0.5
detail,CF,Line,OF CF,320+,-5-5,10-19,105+,3-3.9,Back,109,73,0.6697247706422018
detail,CF,Line,OF CF,320+,-5-5,10-19,105+,3-3.9,Back Left,41,37,0.9024390243902439
detail,CF,Line,OF CF,320+,-5-5,10-19,105+,3-3.9,Back Right,37,33,0.8918918918918919
detail,CF,Line,OF CF,320+,-5-5,10-19,105+,4-4.9,Back,27,14,0.5185185185185185
detail,CF,Line,OF CF,320+,-5-5,10-19,95-104,3-3.9,Back,188,154,0.8191489361702128
detail,CF,Line,OF CF,320+,-5-5,10-19,95-104,3-3.9,Back Left,110,101,0.9181818181818182
detail,CF,Line,OF CF,320+,-5-5,10-19,95-104,3-3.9,Back Right,80,75,0.9375
detail,CF,Line,OF CF,320+,-5-5,10-19,95-104,3-3.9,In,20,19,0.95
detail,CF,Line,OF CF,320+,-5-5,10-19,95-104,3-3.9,In Left,28,27,0.9642857142857143
detail,CF,Line,OF CF,320+,-5-5,10-19,95-104,3-3.9,In Right,31,29,0.9354838709677419
detail,CF,Line,OF CF,320+,-5-5,10-19,95-104,4-4.9,Back,44,34,0.7727272727272727
detail,CF,Line,OF CF,320+,-5-5,20-29,105+,4-4.9,Back,44,24,0.5454545454545454
detail,CF,Line,OF CF,320+,-5-5,20-29,85-94,4-4.9,Back,56,52,0.9285714285714286
detail,CF,Line,OF CF,320+,-5-5,20-29,85-94,4-4.9,Back Left,25,25,1.0
detail,CF,Line,OF CF,320+,-5-5,20-29,95-104,3-3.9,Back,58,52,0.896551724137931
detail,CF,Line,OF CF,320+,-5-5,20-29,95-104,3-3.9,Back Left,26,25,0.9615384615384616
detail,CF,Line,OF CF,320+,-5-5,20-29,95-104,4-4.9,Back,230,162,0.7043478260869566
detail,CF,Line,OF CF,320+,-5-5,20-29,95-104,4-4.9,Back Left,57,51,0.8947368421052632
detail,CF,Line,OF CF,320+,-5-5,20-29,95-104,4-4.9,Back Right,33,30,0.9090909090909091
detail,CF,Line,OF CF,320+,5-15,10-19,105+,3-3.9,Back Left,135,51,0.37777777777777777
detail,CF,Line,OF CF,320+,5-15,10-19,105+,3-3.9,In Right,32,14,0.4375
detail,CF,Line,OF CF,320+,5-15,10-19,95-104,3-3.9,Back Left,301,134,0.44518272425249167
detail,CF,Line,OF CF,320+,5-15,10-19,95-104,3-3.9,In Right,125,57,0.456
detail,CF,Line,OF CF,320+,5-15,10-19,95-104,4-4.9,Back Left,53,25,0.4716981132075472
detail,CF,Line,OF CF,320+,5-15,20-29,105+,4-4.9,Back Left,37,15,0.40540540540540543
detail,CF,Line,OF CF,320+,5-15,20-29,85-94,3-3.9,Back Left,37,21,0.5675675675675675
detail,CF,Line,OF CF,320+,5-15,20-29,85-94,3-3.9,In Right,20,15,0.75
detail,CF,Line,OF CF,320+,5-15,20-29,85-94,4-4.9,Back Left,80,60,0.75
detail,CF,Line,OF CF,320+,5-15,20-29,95-104,3-3.9,Back Left,100,53,0.53
detail,CF,Line,OF CF,320+,5-15,20-29,95-104,3-3.9,In Right,26,6,0.23076923076923078
detail,CF,Line,OF CF,320+,5-15,20-29,95-104,4-4.9,Back,24,14,0.5833333333333334
detail,CF,Line,OF CF,320+,5-15,20-29,95-104,4-4.9,Back Left,305,147,0.4819672131147541
detail,CF,Line,OF CF,320+,5-15,20-29,95-104,5+,Back Left,20,7,0.35
detail,CF,Line,OF CF,60-89,-15--5,0-9,95-104,<2,In,23,0,0.0
detail,CF,Line,OF CF,60-89,-5-5,0-9,105+,<2,In,21,0,0.0
detail,CF,Line,OF CF,60-89,-5-5,0-9,85-94,<2,In,33,0,0.0
detail,CF,Line,OF CF,60-89,-5-5,0-9,95-104,<2,In,83,0,0.0
detail,CF,Line,OF CF,90-119,-15--5,0-9,85-94,<2,In,34,0,0.0
detail,CF,Line,OF CF,90-119,-15--5,0-9,95-104,<2,In,66,0,0.0
detail,CF,Line,OF CF,90-119,-5-5,0-9,105+,<2,In,37,0,0.0
detail,CF,Line,OF CF,90-119,-5-5,0-9,75-84,<2,In,46,0,0.0
detail,CF,Line,OF CF,90-119,-5-5,0-9,85-94,<2,In,91,0,0.0
detail,CF,Line,OF CF,90-119,-5-5,0-9,95-104,<2,In,185,0,0.0
detail,CF,Line,OF CF,90-119,5-15,0-9,85-94,<2,In,22,0,0.0
detail,CF,Line,OF CF,90-119,5-15,0-9,95-104,<2,In,58,0,0.0
detail,CF,Line,OF CF,<60,-5-5,<0,85-94,<2,In,39,0,0.0
detail,CF,Line,OF CF,<60,-5-5,<0,95-104,<2,In,38,0,0.0
detail,CF,Popup,OF CF,150-179,-15--5,20-29,<75,2-2.9,In,24,20,0.8333333333333334
detail,CF,Popup,OF CF,150-179,-15--5,30-44,<75,3-3.9,In,32,32,1.0
detail,CF,Popup,OF CF,150-179,-15--5,45+,75-84,5+,In,73,73,1.0
detail,CF,Popup,OF CF,150-179,-15--5,45+,85-94,5+,In,77,74,0.961038961038961
detail,CF,Popup,OF CF,150-179,-15--5,45+,<75,4-4.9,In,58,58,1.0
detail,CF,Popup,OF CF,150-179,-15--5,45+,<75,5+,In,45,45,1.0
detail,CF,Popup,OF CF,150-179,-5-5,20-29,<75,2-2.9,In,21,17,0.8095238095238095
detail,CF,Popup,OF CF,150-179,-5-5,30-44,<75,3-3.9,In,38,38,1.0
detail,CF,Popup,OF CF,150-179,-5-5,45+,75-84,5+,In,98,98,1.0
detail,CF,Popup,OF CF,150-179,-5-5,45+,85-94,5+,In,74,72,0.972972972972973
detail,CF,Popup,OF CF,150-179,-5-5,45+,<75,4-4.9,In,52,52,1.0
detail,CF,Popup,OF CF,150-179,-5-5,45+,<75,5+,In,40,40,1.0
detail,CF,Popup,OF CF,150-179,5-15,20-29,<75,2-2.9,In,28,25,0.8928571428571429
detail,CF,Popup,OF CF,150-179,5-15,30-44,<75,3-3.9,In,38,37,0.9736842105263158
detail,CF,Popup,OF CF,150-179,5-15,45+,75-84,5+,In,88,87,0.9886363636363636
detail,CF,Popup,OF CF,150-179,5-15,45+,85-94,5+,In,66,60,0.9090909090909091
detail,CF,Popup,OF CF,150-179,5-15,45+,<75,4-4.9,In,59,59,1.0
detail,CF,Popup,OF CF,150-179,5-15,45+,<75,5+,In,49,49,1.0
detail,CF,Popup,OF CF,180-219,-15--5,20-29,<75,3-3.9,In,26,6,0.23076923076923078
detail,CF,Popup,OF CF,180-219,-15--5,30-44,<75,3-3.9,In,42,25,0.5952380952380952
detail,CF,Popup,OF CF,180-219,-15--5,30-44,<75,4-4.9,In,37,28,0.7567567567567568
detail,CF,Popup,OF CF,180-219,-15--5,45+,75-84,5+,In,100,90,0.9
detail,CF,Popup,OF CF,180-219,-15--5,45+,85-94,5+,In,89,82,0.9213483146067416
detail,CF,Popup,OF CF,180-219,-15--5,45+,<75,4-4.9,In,44,40,0.9090909090909091
detail,CF,Popup,OF CF,180-219,-15--5,45+,<75,5+,In,32,31,0.96875
detail,CF,Popup,OF CF,180-219,-5-5,30-44,<75,3-3.9,In,39,27,0.6923076923076923
detail,CF,Popup,OF CF,180-219,-5-5,30-44,<75,4-4.9,In,48,44,0.9166666666666666
detail,CF,Popup,OF CF,180-219,-5-5,45+,75-84,5+,In,138,123,0.8913043478260869
detail,CF,Popup,OF CF,180-219,-5-5,45+,85-94,5+,In,101,96,0.9504950495049505
detail,CF,Popup,OF CF,180-219,-5-5,45+,<75,4-4.9,In,50,50,1.0
detail,CF,Popup,OF CF,180-219,-5-5,45+,<75,5+,In,39,39,1.0
detail,CF,Popup,OF CF,180-219,5-15,20-29,<75,3-3.9,In,20,7,0.35
detail,CF,Popup,OF CF,180-219,5-15,30-44,<75,3-3.9,In,51,37,0.7254901960784313
detail,CF,Popup,OF CF,180-219,5-15,30-44,<75,4-4.9,In,39,36,0.9230769230769231
detail,CF,Popup,OF CF,180-219,5-15,45+,75-84,5+,In,113,103,0.911504424778761
detail,CF,Popup,OF CF,180-219,5-15,45+,85-94,5+,In,99,90,0.9090909090909091
detail,CF,Popup,OF CF,180-219,5-15,45+,<75,4-4.9,In,49,46,0.9387755102040817
detail,CF,Popup,OF CF,180-219,5-15,45+,<75,5+,In,31,28,0.9032258064516129
detail,CF,Popup,OF CF,220-259,-15--5,30-44,<75,4-4.9,In,27,6,0.2222222222222222
detail,CF,Popup,OF CF,220-259,-15--5,45+,75-84,5+,In,22,16,0.7272727272727273
detail,CF,Popup,OF CF,220-259,-15--5,45+,85-94,5+,In,39,36,0.9230769230769231
detail,CF,Popup,OF CF,220-259,-15--5,45+,85-94,5+,In Left,24,23,0.9583333333333334
detail,CF,Popup,OF CF,220-259,-5-5,20-29,<75,3-3.9,In,24,1,0.041666666666666664
detail,CF,Popup,OF CF,220-259,-5-5,30-44,<75,4-4.9,In,54,28,0.5185185185185185
detail,CF,Popup,OF CF,220-259,-5-5,45+,75-84,5+,In,41,35,0.8536585365853658
detail,CF,Popup,OF CF,220-259,-5-5,45+,85-94,5+,In,49,46,0.9387755102040817
detail,CF,Popup,OF CF,220-259,5-15,30-44,<75,4-4.9,In,25,5,0.2
detail,CF,Popup,OF CF,220-259,5-15,45+,75-84,5+,In,26,20,0.7692307692307693
detail,CF,Popup,OF CF,220-259,5-15,45+,85-94,5+,In,32,31,0.96875
detail,CF,Popup,OF CF,220-259,5-15,45+,85-94,5+,In Right,21,20,0.9523809523809523
detail,CF,Popup,OF CF,260-319,-15--5,30-44,85-94,5+,In Left,26,26,1.0
detail,CF,Popup,OF CF,260-319,5-15,30-44,85-94,5+,In Right,27,26,0.9629629629629629
detail,CF,Popup,OF CF,260-319,5-15,45+,85-94,5+,In Right,20,19,0.95
detail,LF,Fly,OF LF,150-179,-35--25,45+,75-84,5+,In,27,25,0.9259259259259259
detail,LF,Fly,OF LF,150-179,-35--25,45+,85-94,5+,In,22,22,1.0
detail,LF,Fly,OF LF,150-179,<-35,45+,75-84,5+,In,25,21,0.84
detail,LF,Fly,OF LF,180-219,-25--15,30-44,<75,3-3.9,In,20,7,0.35
detail,LF,Fly,OF LF,180-219,-25--15,30-44,<75,4-4.9,In,27,18,0.6666666666666666
detail,LF,Fly,OF LF,180-219,-25--15,45+,75-84,5+,In,83,79,0.9518072289156626
detail,LF,Fly,OF LF,180-219,-25--15,45+,85-94,5+,In,83,80,0.963855421686747
detail,LF,Fly,OF LF,180-219,-25--15,45+,<75,4-4.9,In,23,20,0.8695652173913043
detail,LF,Fly,OF LF,180-219,-35--25,30-44,<75,3-3.9,In,25,3,0.12
detail,LF,Fly,OF LF,180-219,-35--25,30-44,<75,4-4.9,In,32,21,0.65625
detail,LF,Fly,OF LF,180-219,-35--25,45+,75-84,5+,In,121,112,0.9256198347107438
detail,LF,Fly,OF LF,180-219,-35--25,45+,85-94,5+,In,112,107,0.9553571428571429
detail,LF,Fly,OF LF,180-219,-35--25,45+,<75,4-4.9,In,40,30,0.75
detail,LF,Fly,OF LF,180-219,<-35,30-44,<75,3-3.9,In,26,0,0.0
detail,LF,Fly,OF LF,180-219,<-35,45+,75-84,5+,In,82,68,0.8292682926829268
detail,LF,Fly,OF LF,180-219,<-35,45+,75-84,5+,In Left,30,27,0.9
detail,LF,Fly,OF LF,180-219,<-35,45+,85-94,5+,In,55,47,0.8545454545454545
detail,LF,Fly,OF LF,180-219,<-35,45+,<75,4-4.9,In,30,13,0.43333333333333335
detail,LF,Fly,OF LF,220-259,-25--15,20-29,75-84,3-3.9,In Right,32,17,0.53125
detail,LF,Fly,OF LF,220-259,-25--15,20-29,<75,3-3.9,In,29,11,0.3793103448275862
detail,LF,Fly,OF LF,220-259,-25--15,20-29,<75,3-3.9,In Right,28,7,0.25
detail,LF,Fly,OF LF,220-259,-25--15,30-44,75-84,4-4.9,In,33,33,1.0
detail,LF,Fly,OF LF,220-259,-25--15,30-44,75-84,4-4.9,In Right,60,56,0.9333333333333333
detail,LF,Fly,OF LF,220-259,-25--15,30-44,75-84,5+,In Right,36,35,0.9722222222222222
detail,LF,Fly,OF LF,220-259,-25--15,30-44,85-94,5+,In Right,22,21,0.9545454545454546
detail,LF,Fly,OF LF,220-259,-25--15,30-44,<75,4-4.9,In,51,39,0.7647058823529411
detail,LF,Fly,OF LF,220-259,-25--15,30-44,<75,4-4.9,In Right,61,49,0.8032786885245902
detail,LF,Fly,OF LF,220-259,-25--15,45+,75-84,5+,In,73,70,0.958904109589041
detail,LF,Fly,OF LF,220-259,-25--15,45+,75-84,5+,In Right,89,88,0.9887640449438202
detail,LF,Fly,OF LF,220-259,-25--15,45+,85-94,5+,In,105,101,0.9619047619047619
detail,LF,Fly,OF LF,220-259,-25--15,45+,85-94,5+,In Right,158,155,0.9810126582278481
detail,LF,Fly,OF LF,220-259,-25--15,45+,95-104,5+,In,22,21,0.9545454545454546
detail,LF,Fly,OF LF,220-259,-25--15,45+,95-104,5+,In Right,24,24,1.0
detail,LF,Fly,OF LF,220-259,-35--25,20-29,75-84,3-3.9,In,60,47,0.7833333333333333
detail,LF,Fly,OF LF,220-259,-35--25,20-29,75-84,3-3.9,In Left,21,19,0.9047619047619048
detail,LF,Fly,OF LF,220-259,-35--25,20-29,<75,3-3.9,In,26,20,0.7692307692307693
detail,LF,Fly,OF LF,220-259,-35--25,30-44,75-84,4-4.9,In,78,71,0.9102564102564102
detail,LF,Fly,OF LF,220-259,-35--25,30-44,75-84,4-4.9,In Left,30,30,1.0
detail,LF,Fly,OF LF,220-259,-35--25,30-44,75-84,5+,In,24,24,1.0
detail,LF,Fly,OF LF,220-259,-35--25,30-44,<75,3-3.9,In,39,24,0.6153846153846154
detail,LF,Fly,OF LF,220-259,-35--25,30-44,<75,4-4.9,In,76,65,0.8552631578947368
detail,LF,Fly,OF LF,220-259,-35--25,45+,75-84,5+,In,153,150,0.9803921568627451
detail,LF,Fly,OF LF,220-259,-35--25,45+,75-84,5+,In Left,34,34,1.0
detail,LF,Fly,OF LF,220-259,-35--25,45+,85-94,5+,In,174,166,0.9540229885057471
detail,LF,Fly,OF LF,220-259,-35--25,45+,95-104,5+,In,33,32,0.9696969696969697
detail,LF,Fly,OF LF,220-259,-35--25,45+,<75,4-4.9,In,22,21,0.9545454545454546
detail,LF,Fly,OF LF,220-259,<-35,20-29,75-84,3-3.9,In Left,52,21,0.40384615384615385
detail,LF,Fly,OF LF,220-259,<-35,30-44,75-84,4-4.9,In Left,99,81,0.8181818181818182
detail,LF,Fly,OF LF,220-259,<-35,30-44,75-84,5+,In Left,31,26,0.8387096774193549
detail,LF,Fly,OF LF,220-259,<-35,30-44,<75,3-3.9,In Left,31,10,0.3225806451612903
detail,LF,Fly,OF LF,220-259,<-35,30-44,<75,4-4.9,In Left,38,26,0.6842105263157895
detail,LF,Fly,OF LF,220-259,<-35,45+,75-84,4-4.9,In Left,22,20,0.9090909090909091
detail,LF,Fly,OF LF,220-259,<-35,45+,75-84,5+,In,39,39,1.0
detail,LF,Fly,OF LF,220-259,<-35,45+,75-84,5+,In Left,154,150,0.974025974025974
detail,LF,Fly,OF LF,220-259,<-35,45+,85-94,5+,In,24,23,0.9583333333333334
detail,LF,Fly,OF LF,220-259,<-35,45+,85-94,5+,In Left,149,145,0.9731543624161074
detail,LF,Fly,OF LF,260-319,-25--15,10-19,85-94,3-3.9,Back Left,31,26,0.8387096774193549
detail,LF,Fly,OF LF,260-319,-25--15,10-19,85-94,3-3.9,In Right,26,16,0.6153846153846154
detail,LF,Fly,OF LF,260-319,-25--15,10-19,95-104,2-2.9,In Right,32,12,0.375
detail,LF,Fly,OF LF,260-319,-25--15,10-19,95-104,3-3.9,Back Left,63,45,0.7142857142857143
detail,LF,Fly,OF LF,260-319,-25--15,20-29,75-84,3-3.9,Back Left,36,35,0.9722222222222222
detail,LF,Fly,OF LF,260-319,-25--15,20-29,75-84,3-3.9,In Right,103,85,0.8252427184466019
detail,LF,Fly,OF LF,260-319,-25--15,20-29,75-84,4-4.9,Back Left,49,48,0.9795918367346939
detail,LF,Fly,OF LF,260-319,-25--15,20-29,75-84,4-4.9,In Right,64,63,0.984375
detail,LF,Fly,OF LF,260-319,-25--15,20-29,85-94,3-3.9,Back Left,136,127,0.9338235294117647
detail,LF,Fly,OF LF,260-319,-25--15,20-29,85-94,3-3.9,In Right,52,44,0.8461538461538461
detail,LF,Fly,OF LF,260-319,-25--15,20-29,85-94,4-4.9,Back Left,162,156,0.9629629629629629
detail,LF,Fly,OF LF,260-319,-25--15,20-29,85-94,4-4.9,In Right,39,38,0.9743589743589743
detail,LF,Fly,OF LF,260-319,-25--15,20-29,95-104,3-3.9,Back Left,25,20,0.8
detail,LF,Fly,OF LF,260-319,-25--15,20-29,95-104,4-4.9,Back Left,20,19,0.95
detail,LF,Fly,OF LF,260-319,-25--15,30-44,75-84,4-4.9,Back Left,105,105,1.0
detail,LF,Fly,OF LF,260-319,-25--15,30-44,75-84,4-4.9,In,23,23,1.0
detail,LF,Fly,OF LF,260-319,-25--15,30-44,75-84,4-4.9,In Right,183,178,0.9726775956284153
detail,LF,Fly,OF LF,260-319,-25--15,30-44,75-84,5+,Back Left,43,43,1.0
detail,LF,Fly,OF LF,260-319,-25--15,30-44,75-84,5+,In Right,76,76,1.0
detail,LF,Fly,OF LF,260-319,-25--15,30-44,85-94,4-4.9,Back Left,84,84,1.0
detail,LF,Fly,OF LF,260-319,-25--15,30-44,85-94,4-4.9,In Right,28,28,1.0
detail,LF,Fly,OF LF,260-319,-25--15,30-44,85-94,5+,Back,32,32,1.0
detail,LF,Fly,OF LF,260-319,-25--15,30-44,85-94,5+,Back Left,371,369,0.9946091644204852
detail,LF,Fly,OF LF,260-319,-25--15,30-44,85-94,5+,In Right,204,201,0.9852941176470589
detail,LF,Fly,OF LF,260-319,-25--15,30-44,95-104,5+,Back Left,111,111,1.0
detail,LF,Fly,OF LF,260-319,-25--15,30-44,95-104,5+,In Right,53,53,1.0
detail,LF,Fly,OF LF,260-319,-25--15,45+,75-84,5+,In Right,29,29,1.0
detail,LF,Fly,OF LF,260-319,-25--15,45+,85-94,5+,Back Left,78,76,0.9743589743589743
detail,LF,Fly,OF LF,260-319,-25--15,45+,85-94,5+,In,21,20,0.9523809523809523
detail,LF,Fly,OF LF,260-319,-25--15,45+,85-94,5+,In Right,166,162,0.9759036144578314
detail,LF,Fly,OF LF,260-319,-25--15,45+,95-104,5+,Back Left,44,41,0.9318181818181818
detail,LF,Fly,OF LF,260-319,-25--15,45+,95-104,5+,In Right,71,69,0.971830985915493
detail,LF,Fly,OF LF,260-319,-35--25,10-19,95-104,2-2.9,In Left,21,19,0.9047619047619048
detail,LF,Fly,OF LF,260-319,-35--25,10-19,95-104,3-3.9,Back,31,28,0.9032258064516129
detail,LF,Fly,OF LF,260-319,-35--25,10-19,95-104,3-3.9,Back Right,28,26,0.9285714285714286
detail,LF,Fly,OF LF,260-319,-35--25,20-29,75-84,3-3.9,Back Right,24,24,1.0
detail,LF,Fly,OF LF,260-319,-35--25,20-29,75-84,3-3.9,In,54,53,0.9814814814814815
detail,LF,Fly,OF LF,260-319,-35--25,20-29,75-84,3-3.9,In Left,58,57,0.9827586206896551
detail,LF,Fly,OF LF,260-319,-35--25,20-29,75-84,4-4.9,In Left,21,21,1.0
detail,LF,Fly,OF LF,260-319,-35--25,20-29,85-94,3-3.9,Back,73,71,0.9726027397260274
detail,LF,Fly,OF LF,260-319,-35--25,20-29,85-94,3-3.9,Back Left,25,24,0.96
detail,LF,Fly,OF LF,260-319,-35--25,20-29,85-94,3-3.9,Back Right,91,91,1.0
detail,LF,Fly,OF LF,260-319,-35--25,20-29,85-94,3-3.9,In,32,32,1.0
detail,LF,Fly,OF LF,260-319,-35--25,20-29,85-94,3-3.9,In Left,53,51,0.9622641509433962
detail,LF,Fly,OF LF,260-319,-35--25,20-29,85-94,4-4.9,Back,76,74,0.9736842105263158
detail,LF,Fly,OF LF,260-319,-35--25,20-29,85-94,4-4.9,Back Left,20,19,0.95
detail,LF,Fly,OF LF,260-319,-35--25,20-29,85-94,4-4.9,Back Right,90,88,0.9777777777777777
detail,LF,Fly,OF LF,260-319,-35--25,20-29,95-104,3-3.9,Back,28,26,0.9285714285714286
detail,LF,Fly,OF LF,260-319,-35--25,20-29,95-104,3-3.9,Back Right,20,17,0.85
detail,LF,Fly,OF LF,260-319,-35--25,30-44,75-84,4-4.9,Back,46,46,1.0
detail,LF,Fly,OF LF,260-319,-35--25,30-44,75-84,4-4.9,Back Left,25,24,0.96
detail,LF,Fly,OF LF,260-319,-35--25,30-44,75-84,4-4.9,Back Right,60,59,0.9833333333333333
detail,LF,Fly,OF LF,260-319,-35--25,30-44,75-84,4-4.9,In,72,72,1.0
detail,LF,Fly,OF LF,260-319,-35--25,30-44,75-84,4-4.9,In Left,110,110,1.0
detail,LF,Fly,OF LF,260-319,-35--25,30-44,75-84,4-4.9,In Right,21,21,1.0
detail,LF,Fly,OF LF,260-319,-35--25,30-44,75-84,5+,In,23,22,0.9565217391304348
detail,LF,Fly,OF LF,260-319,-35--25,30-44,75-84,5+,In Left,29,29,1.0
detail,LF,Fly,OF LF,260-319,-35--25,30-44,85-94,4-4.9,Back,77,76,0.987012987012987
detail,LF,Fly,OF LF,260-319,-35--25,30-44,85-94,4-4.9,Back Left,26,26,1.0
detail,LF,Fly,OF LF,260-319,-35--25,30-44,85-94,4-4.9,Back Right,87,86,0.9885057471264368
detail,LF,Fly,OF LF,260-319,-35--25,30-44,85-94,4-4.9,In Left,35,35,1.0
detail,LF,Fly,OF LF,260-319,-35--25,30-44,85-94,5+,Back,112,111,0.9910714285714286
detail,LF,Fly,OF LF,260-319,-35--25,30-44,85-94,5+,Back Left,49,49,1.0
detail,LF,Fly,OF LF,260-319,-35--25,30-44,85-94,5+,Back Right,143,141,0.986013986013986
detail,LF,Fly,OF LF,260-319,-35--25,30-44,85-94,5+,In,60,60,1.0
detail,LF,Fly,OF LF,260-319,-35--25,30-44,85-94,5+,In Left,94,91,0.9680851063829787
detail,LF,Fly,OF LF,260-319,-35--25,30-44,95-104,5+,Back,38,37,0.9736842105263158
detail,LF,Fly,OF LF,260-319,-35--25,30-44,95-104,5+,Back Right,24,23,0.9583333333333334
detail,LF,Fly,OF LF,260-319,-35--25,45+,85-94,5+,Back,26,25,0.9615384615384616
detail,LF,Fly,OF LF,260-319,-35--25,45+,85-94,5+,Back Right,47,46,0.9787234042553191
detail,LF,Fly,OF LF,260-319,-35--25,45+,85-94,5+,In,83,83,1.0
detail,LF,Fly,OF LF,260-319,-35--25,45+,85-94,5+,In Left,83,83,1.0
detail,LF,Fly,OF LF,260-319,-35--25,45+,85-94,5+,In Right,22,21,0.9545454545454546
detail,LF,Fly,OF LF,260-319,-35--25,45+,95-104,5+,In Left,25,24,0.96
detail,LF,Fly,OF LF,260-319,<-35,10-19,95-104,2-2.9,In Left,24,4,0.16666666666666666
detail,LF,Fly,OF LF,260-319,<-35,20-29,75-84,3-3.9,Back Right,28,24,0.8571428571428571
detail,LF,Fly,OF LF,260-319,<-35,20-29,75-84,3-3.9,In Left,91,52,0.5714285714285714
detail,LF,Fly,OF LF,260-319,<-35,20-29,75-84,4-4.9,In Left,27,26,0.9629629629629629
detail,LF,Fly,OF LF,260-319,<-35,20-29,85-94,3-3.9,Back Right,122,80,0.6557377049180327
detail,LF,Fly,OF LF,260-319,<-35,20-29,85-94,3-3.9,In Left,150,91,0.6066666666666667
detail,LF,Fly,OF LF,260-319,<-35,20-29,85-94,4-4.9,Back Right,86,71,0.8255813953488372
detail,LF,Fly,OF LF,260-319,<-35,20-29,85-94,4-4.9,In Left,41,27,0.6585365853658537
detail,LF,Fly,OF LF,260-319,<-35,20-29,95-104,3-3.9,Back Right,42,17,0.40476190476190477
detail,LF,Fly,OF LF,260-319,<-35,20-29,95-104,3-3.9,In Left,29,13,0.4482758620689655
detail,LF,Fly,OF LF,260-319,<-35,30-44,75-84,4-4.9,Back Right,100,94,0.94
detail,LF,Fly,OF LF,260-319,<-35,30-44,75-84,4-4.9,In Left,218,199,0.9128440366972477
detail,LF,Fly,OF LF,260-319,<-35,30-44,75-84,5+,Back Right,21,21,1.0
detail,LF,Fly,OF LF,260-319,<-35,30-44,75-84,5+,In Left,46,46,1.0
detail,LF,Fly,OF LF,260-319,<-35,30-44,85-94,4-4.9,Back Right,160,133,0.83125
detail,LF,Fly,OF LF,260-319,<-35,30-44,85-94,4-4.9,In Left,97,80,0.8247422680412371
detail,LF,Fly,OF LF,260-319,<-35,30-44,85-94,5+,Back Right,181,173,0.9558011049723757
detail,LF,Fly,OF LF,260-319,<-35,30-44,85-94,5+,In Left,128,124,0.96875
detail,LF,Fly,OF LF,260-319,<-35,30-44,95-104,5+,Back Right,23,21,0.9130434782608695
detail,LF,Fly,OF LF,260-319,<-35,45+,75-84,5+,In Left,59,57,0.9661016949152542
detail,LF,Fly,OF LF,260-319,<-35,45+,85-94,5+,Back Right,53,49,0.9245283018867925
detail,LF,Fly,OF LF,260-319,<-35,45+,85-94,5+,In Left,176,171,0.9715909090909091
detail,LF,Fly,OF LF,260-319,<-35,45+,95-104,5+,In Left,36,34,0.9444444444444444
detail,LF,Fly,OF LF,320+,-25--15,10-19,105+,3-3.9,Back Left,34,8,0.23529411764705882
detail,LF,Fly,OF LF,320+,-25--15,10-19,95-104,3-3.9,Back,34,23,0.6764705882352942
detail,LF,Fly,OF LF,320+,-25--15,10-19,95-104,3-3.9,Back Left,101,42,0.4158415841584158
detail,LF,Fly,OF LF,320+,-25--15,20-29,85-94,3-3.9,Back Left,53,34,0.6415094339622641
detail,LF,Fly,OF LF,320+,-25--15,20-29,85-94,4-4.9,Back,93,75,0.8064516129032258
detail,LF,Fly,OF LF,320+,-25--15,20-29,85-94,4-4.9,Back Left,365,305,0.8356164383561644
detail,LF,Fly,OF LF,320+,-25--15,20-29,85-94,5+,Back Left,20,18,0.9
detail,LF,Fly,OF LF,320+,-25--15,20-29,95-104,3-3.9,Back,28,19,0.6785714285714286
detail,LF,Fly,OF LF,320+,-25--15,20-29,95-104,3-3.9,Back Left,105,52,0.49523809523809526
detail,LF,Fly,OF LF,320+,-25--15,20-29,95-104,4-4.9,Back,178,113,0.6348314606741573
detail,LF,Fly,OF LF,320+,-25--15,20-29,95-104,4-4.9,Back Left,410,226,0.551219512195122
detail,LF,Fly,OF LF,320+,-25--15,20-29,95-104,5+,Back,41,37,0.9024390243902439
detail,LF,Fly,OF LF,320+,-25--15,20-29,95-104,5+,Back Left,112,82,0.7321428571428571
detail,LF,Fly,OF LF,320+,-25--15,30-44,85-94,4-4.9,Back,34,34,1.0
detail,LF,Fly,OF LF,320+,-25--15,30-44,85-94,4-4.9,Back Left,150,134,0.8933333333333333
detail,LF,Fly,OF LF,320+,-25--15,30-44,85-94,5+,Back,100,92,0.92
detail,LF,Fly,OF LF,320+,-25--15,30-44,85-94,5+,Back Left,414,396,0.9565217391304348
detail,LF,Fly,OF LF,320+,-25--15,30-44,95-104,5+,Back,137,120,0.8759124087591241
detail,LF,Fly,OF LF,320+,-25--15,30-44,95-104,5+,Back Left,508,438,0.8622047244094488
detail,LF,Fly,OF LF,320+,-25--15,45+,95-104,5+,Back Left,30,27,0.9
detail,LF,Fly,OF LF,320+,-35--25,10-19,105+,3-3.9,Back,21,8,0.38095238095238093
detail,LF,Fly,OF LF,320+,-35--25,10-19,95-104,3-3.9,Back,47,25,0.5319148936170213
detail,LF,Fly,OF LF,320+,-35--25,20-29,85-94,3-3.9,Back,32,26,0.8125
detail,LF,Fly,OF LF,320+,-35--25,20-29,85-94,4-4.9,Back,181,151,0.8342541436464088
detail,LF,Fly,OF LF,320+,-35--25,20-29,85-94,4-4.9,Back Right,45,38,0.8444444444444444
detail,LF,Fly,OF LF,320+,-35--25,20-29,95-104,3-3.9,Back,94,59,0.6276595744680851
detail,LF,Fly,OF LF,320+,-35--25,20-29,95-104,3-3.9,Back Right,43,31,0.7209302325581395
detail,LF,Fly,OF LF,320+,-35--25,20-29,95-104,4-4.9,Back,173,109,0.630057803468208
detail,LF,Fly,OF LF,320+,-35--25,20-29,95-104,4-4.9,Back Right,49,42,0.8571428571428571
detail,LF,Fly,OF LF,320+,-35--25,20-29,95-104,5+,Back,26,19,0.7307692307692307
detail,LF,Fly,OF LF,320+,-35--25,30-44,85-94,4-4.9,Back,100,84,0.84
detail,LF,Fly,OF LF,320+,-35--25,30-44,85-94,4-4.9,Back Right,43,39,0.9069767441860465
detail,LF,Fly,OF LF,320+,-35--25,30-44,85-94,5+,Back,199,182,0.914572864321608
detail,LF,Fly,OF LF,320+,-35--25,30-44,85-94,5+,Back Right,101,95,0.9405940594059405
detail,LF,Fly,OF LF,320+,-35--25,30-44,95-104,4-4.9,Back,23,19,0.8260869565217391
detail,LF,Fly,OF LF,320+,-35--25,30-44,95-104,5+,Back,186,159,0.8548387096774194
detail,LF,Fly,OF LF,320+,-35--25,30-44,95-104,5+,Back Right,53,48,0.9056603773584906
detail,LF,Fly,OF LF,320+,<-35,20-29,85-94,3-3.9,Back Right,23,8,0.34782608695652173
detail,LF,Fly,OF LF,320+,<-35,20-29,85-94,4-4.9,Back Right,82,50,0.6097560975609756
detail,LF,Fly,OF LF,320+,<-35,20-29,95-104,3-3.9,Back Right,57,10,0.17543859649122806
detail,LF,Fly,OF LF,320+,<-35,20-29,95-104,4-4.9,Back Right,44,13,0.29545454545454547
detail,LF,Fly,OF LF,320+,<-35,30-44,85-94,4-4.9,Back Right,103,66,0.6407766990291263
detail,LF,Fly,OF LF,320+,<-35,30-44,85-94,5+,Back Right,118,98,0.8305084745762712
detail,LF,Fly,OF LF,320+,<-35,30-44,95-104,5+,Back Right,56,48,0.8571428571428571
detail,LF,Fly,OF LF Foul Out,180-219,<-35,45+,75-84,5+,In Left,23,23,1.0
detail,LF,Fly,OF LF Foul Out,220-259,<-35,45+,75-84,5+,In Left,47,47,1.0
detail,LF,Fly,OF LF Foul Out,220-259,<-35,45+,85-94,5+,In Left,43,43,1.0
detail,LF,Fly,OF LF Foul Out,260-319,<-35,30-44,75-84,4-4.9,In Left,31,31,1.0
detail,LF,Fly,OF LF Foul Out,260-319,<-35,45+,85-94,5+,In Left,35,35,1.0
detail,LF,Line,OF LF,120-149,-25--15,0-9,105+,<2,In,40,0,0.0
detail,LF,Line,OF LF,120-149,-25--15,0-9,85-94,<2,In,76,0,0.0
detail,LF,Line,OF LF,120-149,-25--15,0-9,95-104,<2,In,164,0,0.0
detail,LF,Line,OF LF,120-149,-25--15,10-19,<75,<2,In,39,0,0.0
detail,LF,Line,OF LF,120-149,-35--25,0-9,105+,<2,In,65,0,0.0
detail,LF,Line,OF LF,120-149,-35--25,0-9,75-84,<2,In,52,0,0.0
detail,LF,Line,OF LF,120-149,-35--25,0-9,85-94,<2,In,127,0,0.0
detail,LF,Line,OF LF,120-149,-35--25,0-9,95-104,<2,In,271,0,0.0
detail,LF,Line,OF LF,120-149,-35--25,10-19,75-84,<2,In,53,0,0.0
detail,LF,Line,OF LF,120-149,-35--25,10-19,85-94,<2,In,37,0,0.0
detail,LF,Line,OF LF,120-149,-35--25,10-19,<75,<2,In,53,0,0.0
detail,LF,Line,OF LF,120-149,<-35,0-9,105+,<2,In,26,0,0.0
detail,LF,Line,OF LF,120-149,<-35,0-9,75-84,<2,In,22,0,0.0
detail,LF,Line,OF LF,120-149,<-35,0-9,85-94,<2,In,52,0,0.0
detail,LF,Line,OF LF,120-149,<-35,0-9,95-104,<2,In,128,0,0.0
detail,LF,Line,OF LF,120-149,<-35,10-19,75-84,<2,In,36,0,0.0
detail,LF,Line,OF LF,120-149,<-35,10-19,85-94,<2,In,22,0,0.0
detail,LF,Line,OF LF,120-149,<-35,10-19,95-104,<2,In,20,0,0.0
detail,LF,Line,OF LF,120-149,<-35,10-19,<75,<2,In,34,0,0.0
detail,LF,Line,OF LF,150-179,-25--15,0-9,105+,<2,In,101,56,0.5544554455445545
detail,LF,Line,OF LF,150-179,-25--15,0-9,75-84,<2,In,25,10,0.4
detail,LF,Line,OF LF,150-179,-25--15,0-9,85-94,<2,In,145,61,0.4206896551724138
detail,LF,Line,OF LF,150-179,-25--15,0-9,95-104,<2,In,336,171,0.5089285714285714
detail,LF,Line,OF LF,150-179,-25--15,10-19,75-84,<2,In,150,91,0.6066666666666667
detail,LF,Line,OF LF,150-179,-25--15,10-19,85-94,<2,In,119,81,0.680672268907563
detail,LF,Line,OF LF,150-179,-25--15,10-19,95-104,<2,In,98,58,0.5918367346938775
detail,LF,Line,OF LF,150-179,-25--15,10-19,<75,2-2.9,In,58,41,0.7068965517241379
detail,LF,Line,OF LF,150-179,-25--15,10-19,<75,<2,In,53,36,0.6792452830188679
detail,LF,Line,OF LF,150-179,-25--15,20-29,<75,2-2.9,In,38,28,0.7368421052631579
detail,LF,Line,OF LF,150-179,-35--25,0-9,105+,<2,In,104,6,0.057692307692307696
detail,LF,Line,OF LF,150-179,-35--25,0-9,85-94,<2,In,133,17,0.12781954887218044
detail,LF,Line,OF LF,150-179,-35--25,0-9,95-104,<2,In,250,28,0.112
detail,LF,Line,OF LF,150-179,-35--25,10-19,105+,<2,In,21,1,0.047619047619047616
detail,LF,Line,OF LF,150-179,-35--25,10-19,75-84,<2,In,158,11,0.06962025316455696
detail,LF,Line,OF LF,150-179,-35--25,10-19,85-94,<2,In,158,17,0.10759493670886076
detail,LF,Line,OF LF,150-179,-35--25,10-19,95-104,<2,In,153,12,0.0784313725490196
detail,LF,Line,OF LF,150-179,-35--25,10-19,<75,2-2.9,In,34,4,0.11764705882352941
detail,LF,Line,OF LF,150-179,-35--25,10-19,<75,<2,In,50,10,0.2
detail,LF,Line,OF LF,150-179,-35--25,20-29,<75,2-2.9,In,44,13,0.29545454545454547
detail,LF,Line,OF LF,150-179,<-35,0-9,105+,<2,In,55,14,0.2545454545454545
detail,LF,Line,OF LF,150-179,<-35,0-9,85-94,<2,In,78,20,0.2564102564102564
detail,LF,Line,OF LF,150-179,<-35,0-9,95-104,<2,In,167,45,0.2694610778443114
detail,LF,Line,OF LF,150-179,<-35,10-19,105+,<2,In,30,5,0.16666666666666666
detail,LF,Line,OF LF,150-179,<-35,10-19,75-84,<2,In,131,10,0.07633587786259542
detail,LF,Line,OF LF,150-179,<-35,10-19,85-94,<2,In,172,16,0.09302325581395349
detail,LF,Line,OF LF,150-179,<-35,10-19,95-104,<2,In,181,14,0.07734806629834254
detail,LF,Line,OF LF,150-179,<-35,10-19,<75,<2,In,35,0,0.0
detail,LF,Line,OF LF,150-179,<-35,20-29,<75,2-2.9,In,32,1,0.03125
detail,LF,Line,OF LF,180-219,-25--15,0-9,105+,<2,In,86,27,0.313953488372093
detail,LF,Line,OF LF,180-219,-25--15,0-9,85-94,<2,In,48,11,0.22916666666666666
detail,LF,Line,OF LF,180-219,-25--15,0-9,95-104,<2,In,260,55,0.21153846153846154
detail,LF,Line,OF LF,180-219,-25--15,0-9,95-104,<2,In Right,20,2,0.1
detail,LF,Line,OF LF,180-219,-25--15,10-19,105+,<2,In,82,3,0.036585365853658534
detail,LF,Line,OF LF,180-219,-25--15,10-19,75-84,2-2.9,In,171,1,0.005847953216374269
detail,LF,Line,OF LF,180-219,-25--15,10-19,75-84,<2,In,47,14,0.2978723404255319
detail,LF,Line,OF LF,180-219,-25--15,10-19,85-94,2-2.9,In,116,0,0.0
detail,LF,Line,OF LF,180-219,-25--15,10-19,85-94,2-2.9,In Right,23,0,0.0
detail,LF,Line,OF LF,180-219,-25--15,10-19,85-94,<2,In,183,22,0.12021857923497267
detail,LF,Line,OF LF,180-219,-25--15,10-19,95-104,<2,In,302,23,0.076158940397351
detail,LF,Line,OF LF,180-219,-25--15,10-19,95-104,<2,In Right,20,0,0.0
detail,LF,Line,OF LF,180-219,-25--15,10-19,<75,2-2.9,In,52,4,0.07692307692307693
detail,LF,Line,OF LF,180-219,-25--15,20-29,<75,2-2.9,In,56,3,0.05357142857142857
detail,LF,Line,OF LF,180-219,-25--15,20-29,<75,3-3.9,In,20,2,0.1
detail,LF,Line,OF LF,180-219,-35--25,0-9,105+,<2,In,66,1,0.015151515151515152
detail,LF,Line,OF LF,180-219,-35--25,0-9,85-94,<2,In,26,0,0.0
detail,LF,Line,OF LF,180-219,-35--25,0-9,95-104,<2,In,162,3,0.018518518518518517
detail,LF,Line,OF LF,180-219,-35--25,10-19,105+,<2,In,105,1,0.009523809523809525
detail,LF,Line,OF LF,180-219,-35--25,10-19,75-84,2-2.9,In,168,0,0.0
detail,LF,Line,OF LF,180-219,-35--25,10-19,75-84,<2,In,42,1,0.023809523809523808
detail,LF,Line,OF LF,180-219,-35--25,10-19,85-94,2-2.9,In,132,2,0.015151515151515152
detail,LF,Line,OF LF,180-219,-35--25,10-19,85-94,<2,In,210,2,0.009523809523809525
detail,LF,Line,OF LF,180-219,-35--25,10-19,95-104,<2,In,438,3,0.00684931506849315
detail,LF,Line,OF LF,180-219,-35--25,10-19,<75,2-2.9,In,43,0,0.0
detail,LF,Line,OF LF,180-219,-35--25,20-29,75-84,2-2.9,In,20,0,0.0
detail,LF,Line,OF LF,180-219,-35--25,20-29,<75,2-2.9,In,52,1,0.019230769230769232
detail,LF,Line,OF LF,180-219,<-35,0-9,105+,<2,In,31,1,0.03225806451612903
detail,LF,Line,OF LF,180-219,<-35,0-9,95-104,<2,In,55,4,0.07272727272727272
detail,LF,Line,OF LF,180-219,<-35,10-19,105+,<2,In,92,0,0.0
detail,LF,Line,OF LF,180-219,<-35,10-19,105+,<2,In Left,25,0,0.0
detail,LF,Line,OF LF,180-219,<-35,10-19,75-84,2-2.9,In,134,0,0.0
detail,LF,Line,OF LF,180-219,<-35,10-19,75-84,2-2.9,In Left,32,0,0.0
detail,LF,Line,OF LF,180-219,<-35,10-19,75-84,<2,In,29,0,0.0
detail,LF,Line,OF LF,180-219,<-35,10-19,85-94,2-2.9,In,81,0,0.0
detail,LF,Line,OF LF,180-219,<-35,10-19,85-94,2-2.9,In Left,59,0,0.0
detail,LF,Line,OF LF,180-219,<-35,10-19,85-94,<2,In,139,0,0.0
detail,LF,Line,OF LF,180-219,<-35,10-19,95-104,<2,In,342,0,0.0
detail,LF,Line,OF LF,180-219,<-35,10-19,95-104,<2,In Left,82,0,0.0
detail,LF,Line,OF LF,180-219,<-35,20-29,<75,2-2.9,In,42,0,0.0
detail,LF,Line,OF LF,220-259,-25--15,0-9,95-104,<2,In,25,1,0.04
detail,LF,Line,OF LF,220-259,-25--15,10-19,105+,2-2.9,In Right,38,0,0.0
detail,LF,Line,OF LF,220-259,-25--15,10-19,105+,<2,In,43,0,0.0
detail,LF,Line,OF LF,220-259,-25--15,10-19,75-84,2-2.9,In,65,2,0.03076923076923077
detail,LF,Line,OF LF,220-259,-25--15,10-19,75-84,2-2.9,In Right,67,4,0.05970149253731343
detail,LF,Line,OF LF,220-259,-25--15,10-19,85-94,2-2.9,In,205,4,0.01951219512195122
detail,LF,Line,OF LF,220-259,-25--15,10-19,85-94,2-2.9,In Right,205,17,0.08292682926829269
detail,LF,Line,OF LF,220-259,-25--15,10-19,95-104,2-2.9,In,223,3,0.013452914798206279
detail,LF,Line,OF LF,220-259,-25--15,10-19,95-104,2-2.9,In Right,256,7,0.02734375
detail,LF,Line,OF LF,220-259,-25--15,10-19,95-104,<2,In,46,0,0.0
detail,LF,Line,OF LF,220-259,-25--15,20-29,75-84,2-2.9,In,25,0,0.0
detail,LF,Line,OF LF,220-259,-25--15,20-29,75-84,2-2.9,In Right,21,1,0.047619047619047616
detail,LF,Line,OF LF,220-259,-25--15,20-29,75-84,3-3.9,In Right,43,10,0.23255813953488372
detail,LF,Line,OF LF,220-259,-25--15,20-29,<75,3-3.9,In,29,3,0.10344827586206896
detail,LF,Line,OF LF,220-259,-25--15,20-29,<75,3-3.9,In Right,27,3,0.1111111111111111
detail,LF,Line,OF LF,220-259,-35--25,10-19,105+,2-2.9,In,74,1,0.013513513513513514
detail,LF,Line,OF LF,220-259,-35--25,10-19,105+,<2,In,69,0,0.0
detail,LF,Line,OF LF,220-259,-35--25,10-19,75-84,2-2.9,In,89,7,0.07865168539325842
detail,LF,Line,OF LF,220-259,-35--25,10-19,85-94,2-2.9,In,321,36,0.11214953271028037
detail,LF,Line,OF LF,220-259,-35--25,10-19,85-94,2-2.9,In Left,63,23,0.36507936507936506
detail,LF,Line,OF LF,220-259,-35--25,10-19,95-104,2-2.9,In,421,18,0.04275534441805225
detail,LF,Line,OF LF,220-259,-35--25,10-19,95-104,2-2.9,In Left,72,11,0.1527777777777778
detail,LF,Line,OF LF,220-259,-35--25,10-19,95-104,<2,In,83,0,0.0
detail,LF,Line,OF LF,220-259,-35--25,20-29,75-84,2-2.9,In,48,4,0.08333333333333333
detail,LF,Line,OF LF,220-259,-35--25,20-29,75-84,3-3.9,In,56,26,0.4642857142857143
detail,LF,Line,OF LF,220-259,-35--25,20-29,<75,3-3.9,In,29,4,0.13793103448275862
detail,LF,Line,OF LF,220-259,<-35,10-19,105+,2-2.9,In Left,91,0,0.0
detail,LF,Line,OF LF,220-259,<-35,10-19,105+,<2,In,20,0,0.0
detail,LF,Line,OF LF,220-259,<-35,10-19,105+,<2,In Left,52,0,0.0
detail,LF,Line,OF LF,220-259,<-35,10-19,75-84,2-2.9,In,20,1,0.05
detail,LF,Line,OF LF,220-259,<-35,10-19,75-84,2-2.9,In Left,42,3,0.07142857142857142
detail,LF,Line,OF LF,220-259,<-35,10-19,85-94,2-2.9,In,49,2,0.04081632653061224
detail,LF,Line,OF LF,220-259,<-35,10-19,85-94,2-2.9,In Left,257,7,0.027237354085603113
detail,LF,Line,OF LF,220-259,<-35,10-19,95-104,2-2.9,In,65,0,0.0
detail,LF,Line,OF LF,220-259,<-35,10-19,95-104,2-2.9,In Left,323,4,0.01238390092879257
detail,LF,Line,OF LF,220-259,<-35,10-19,95-104,<2,In,25,0,0.0
detail,LF,Line,OF LF,220-259,<-35,10-19,95-104,<2,In Left,22,0,0.0
detail,LF,Line,OF LF,220-259,<-35,20-29,75-84,2-2.9,In Left,46,1,0.021739130434782608
detail,LF,Line,OF LF,220-259,<-35,20-29,75-84,3-3.9,In Left,67,4,0.05970149253731343
detail,LF,Line,OF LF,220-259,<-35,20-29,85-94,2-2.9,In Left,32,1,0.03125
detail,LF,Line,OF LF,260-319,-25--15,10-19,105+,2-2.9,Back Left,48,22,0.4583333333333333
detail,LF,Line,OF LF,260-319,-25--15,10-19,105+,2-2.9,In Right,108,19,0.17592592592592593
detail,LF,Line,OF LF,260-319,-25--15,10-19,105+,3-3.9,Back Left,24,13,0.5416666666666666
detail,LF,Line,OF LF,260-319,-25--15,10-19,85-94,2-2.9,In,24,10,0.4166666666666667
detail,LF,Line,OF LF,260-319,-25--15,10-19,85-94,2-2.9,In Right,165,44,0.26666666666666666
detail,LF,Line,OF LF,260-319,-25--15,10-19,85-94,3-3.9,Back Left,97,73,0.7525773195876289
detail,LF,Line,OF LF,260-319,-25--15,10-19,85-94,3-3.9,In Right,94,52,0.5531914893617021
detail,LF,Line,OF LF,260-319,-25--15,10-19,95-104,2-2.9,Back Left,141,64,0.45390070921985815
detail,LF,Line,OF LF,260-319,-25--15,10-19,95-104,2-2.9,In,74,33,0.44594594594594594
detail,LF,Line,OF LF,260-319,-25--15,10-19,95-104,2-2.9,In Right,458,92,0.20087336244541484
detail,LF,Line,OF LF,260-319,-25--15,10-19,95-104,3-3.9,Back Left,235,142,0.6042553191489362
detail,LF,Line,OF LF,260-319,-25--15,10-19,95-104,3-3.9,In Right,77,43,0.5584415584415584
detail,LF,Line,OF LF,260-319,-25--15,20-29,75-84,3-3.9,In Right,70,44,0.6285714285714286
detail,LF,Line,OF LF,260-319,-25--15,20-29,85-94,3-3.9,Back Left,88,72,0.8181818181818182
detail,LF,Line,OF LF,260-319,-25--15,20-29,85-94,3-3.9,In Right,61,41,0.6721311475409836
detail,LF,Line,OF LF,260-319,-25--15,20-29,85-94,4-4.9,Back Left,22,18,0.8181818181818182
detail,LF,Line,OF LF,260-319,-25--15,20-29,95-104,3-3.9,Back Left,35,26,0.7428571428571429
detail,LF,Line,OF LF,260-319,-35--25,10-19,105+,2-2.9,Back,27,23,0.8518518518518519
detail,LF,Line,OF LF,260-319,-35--25,10-19,105+,2-2.9,Back Right,53,44,0.8301886792452831
detail,LF,Line,OF LF,260-319,-35--25,10-19,105+,2-2.9,In,69,32,0.463768115942029
detail,LF,Line,OF LF,260-319,-35--25,10-19,105+,2-2.9,In Left,68,37,0.5441176470588235
detail,LF,Line,OF LF,260-319,-35--25,10-19,85-94,2-2.9,In,65,42,0.6461538461538462
detail,LF,Line,OF LF,260-319,-35--25,10-19,85-94,2-2.9,In Left,38,29,0.7631578947368421
detail,LF,Line,OF LF,260-319,-35--25,10-19,85-94,3-3.9,Back,25,25,1.0
detail,LF,Line,OF LF,260-319,-35--25,10-19,85-94,3-3.9,Back Right,27,26,0.9629629629629629
detail,LF,Line,OF LF,260-319,-35--25,10-19,85-94,3-3.9,In Left,37,33,0.8918918918918919
detail,LF,Line,OF LF,260-319,-35--25,10-19,95-104,2-2.9,Back,39,37,0.9487179487179487
detail,LF,Line,OF LF,260-319,-35--25,10-19,95-104,2-2.9,Back Left,29,25,0.8620689655172413
detail,LF,Line,OF LF,260-319,-35--25,10-19,95-104,2-2.9,Back Right,87,71,0.8160919540229885
detail,LF,Line,OF LF,260-319,-35--25,10-19,95-104,2-2.9,In,172,104,0.6046511627906976
detail,LF,Line,OF LF,260-319,-35--25,10-19,95-104,2-2.9,In Left,167,97,0.5808383233532934
detail,LF,Line,OF LF,260-319,-35--25,10-19,95-104,2-2.9,In Right,40,33,0.825
detail,LF,Line,OF LF,260-319,-35--25,10-19,95-104,3-3.9,Back,68,58,0.8529411764705882
detail,LF,Line,OF LF,260-319,-35--25,10-19,95-104,3-3.9,Back Left,30,28,0.9333333333333333
detail,LF,Line,OF LF,260-319,-35--25,10-19,95-104,3-3.9,Back Right,96,77,0.8020833333333334
detail,LF,Line,OF LF,260-319,-35--25,10-19,95-104,3-3.9,In Left,42,39,0.9285714285714286
detail,LF,Line,OF LF,260-319,-35--25,20-29,75-84,3-3.9,In,22,20,0.9090909090909091
detail,LF,Line,OF LF,260-319,-35--25,20-29,75-84,3-3.9,In Left,30,29,0.9666666666666667
detail,LF,Line,OF LF,260-319,-35--25,20-29,85-94,3-3.9,Back,36,34,0.9444444444444444
detail,LF,Line,OF LF,260-319,-35--25,20-29,85-94,3-3.9,Back Right,54,52,0.9629629629629629
detail,LF,Line,OF LF,260-319,-35--25,20-29,85-94,3-3.9,In,27,25,0.9259259259259259
detail,LF,Line,OF LF,260-319,-35--25,20-29,85-94,3-3.9,In Left,49,42,0.8571428571428571
detail,LF,Line,OF LF,260-319,-35--25,20-29,95-104,3-3.9,Back Right,36,32,0.8888888888888888
detail,LF,Line,OF LF,260-319,<-35,10-19,105+,2-2.9,Back Right,27,5,0.18518518518518517
detail,LF,Line,OF LF,260-319,<-35,10-19,105+,2-2.9,In Left,134,5,0.03731343283582089
detail,LF,Line,OF LF,260-319,<-35,10-19,85-94,2-2.9,In Left,67,14,0.208955223880597
detail,LF,Line,OF LF,260-319,<-35,10-19,85-94,3-3.9,In Left,41,8,0.1951219512195122
detail,LF,Line,OF LF,260-319,<-35,10-19,95-104,2-2.9,Back Right,47,11,0.23404255319148937
detail,LF,Line,OF LF,260-319,<-35,10-19,95-104,2-2.9,In Left,284,22,0.07746478873239436
detail,LF,Line,OF LF,260-319,<-35,10-19,95-104,3-3.9,Back Right,68,19,0.27941176470588236
detail,LF,Line,OF LF,260-319,<-35,10-19,95-104,3-3.9,In Left,55,15,0.2727272727272727
detail,LF,Line,OF LF,260-319,<-35,20-29,75-84,3-3.9,In Left,44,14,0.3181818181818182
detail,LF,Line,OF LF,260-319,<-35,20-29,85-94,2-2.9,In Left,20,0,0.0
detail,LF,Line,OF LF,260-319,<-35,20-29,85-94,3-3.9,Back Right,75,30,0.4
detail,LF,Line,OF LF,260-319,<-35,20-29,85-94,3-3.9,In Left,165,54,0.32727272727272727
detail,LF,Line,OF LF,260-319,<-35,20-29,95-104,2-2.9,In Left,33,6,0.18181818181818182
detail,LF,Line,OF LF,260-319,<-35,20-29,95-104,3-3.9,Back Right,84,15,0.17857142857142858
detail,LF,Line,OF LF,260-319,<-35,20-29,95-104,3-3.9,In Left,58,13,0.22413793103448276
detail,LF,Line,OF LF,320+,-25--15,10-19,105+,3-3.9,Back,31,11,0.3548387096774194
detail,LF,Line,OF LF,320+,-25--15,10-19,105+,3-3.9,Back Left,110,17,0.15454545454545454
detail,LF,Line,OF LF,320+,-25--15,10-19,95-104,3-3.9,Back,63,33,0.5238095238095238
detail,LF,Line,OF LF,320+,-25--15,10-19,95-104,3-3.9,Back Left,281,97,0.34519572953736655
detail,LF,Line,OF LF,320+,-25--15,10-19,95-104,4-4.9,Back Left,27,5,0.18518518518518517
detail,LF,Line,OF LF,320+,-25--15,20-29,105+,4-4.9,Back Left,20,0,0.0
detail,LF,Line,OF LF,320+,-25--15,20-29,85-94,3-3.9,Back Left,47,23,0.48936170212765956
detail,LF,Line,OF LF,320+,-25--15,20-29,85-94,4-4.9,Back Left,87,54,0.6206896551724138
detail,LF,Line,OF LF,320+,-25--15,20-29,95-104,3-3.9,Back,26,16,0.6153846153846154
detail,LF,Line,OF LF,320+,-25--15,20-29,95-104,3-3.9,Back Left,125,42,0.336
detail,LF,Line,OF LF,320+,-25--15,20-29,95-104,4-4.9,Back,71,26,0.36619718309859156
detail,LF,Line,OF LF,320+,-25--15,20-29,95-104,4-4.9,Back Left,184,50,0.2717391304347826
detail,LF,Line,OF LF,320+,-35--25,10-19,105+,3-3.9,Back,76,34,0.4473684210526316
detail,LF,Line,OF LF,320+,-35--25,10-19,105+,3-3.9,Back Right,26,9,0.34615384615384615
detail,LF,Line,OF LF,320+,-35--25,10-19,95-104,3-3.9,Back,130,61,0.46923076923076923
detail,LF,Line,OF LF,320+,-35--25,10-19,95-104,3-3.9,Back Right,46,32,0.6956521739130435
detail,LF,Line,OF LF,320+,-35--25,20-29,85-94,4-4.9,Back,43,26,0.6046511627906976
detail,LF,Line,OF LF,320+,-35--25,20-29,95-104,3-3.9,Back,94,51,0.5425531914893617
detail,LF,Line,OF LF,320+,-35--25,20-29,95-104,3-3.9,Back Right,48,35,0.7291666666666666
detail,LF,Line,OF LF,320+,-35--25,20-29,95-104,4-4.9,Back,63,28,0.4444444444444444
detail,LF,Line,OF LF,320+,<-35,10-19,105+,3-3.9,Back Right,45,0,0.0
detail,LF,Line,OF LF,320+,<-35,10-19,95-104,3-3.9,Back Right,53,10,0.18867924528301888
detail,LF,Line,OF LF,320+,<-35,20-29,105+,3-3.9,Back Right,34,3,0.08823529411764706
detail,LF,Line,OF LF,320+,<-35,20-29,85-94,3-3.9,Back Right,21,4,0.19047619047619047
detail,LF,Line,OF LF,320+,<-35,20-29,95-104,3-3.9,Back Right,87,12,0.13793103448275862
detail,LF,Line,OF LF,60-89,-35--25,0-9,85-94,<2,In,20,0,0.0
detail,LF,Line,OF LF,60-89,-35--25,0-9,95-104,<2,In,34,0,0.0
detail,LF,Line,OF LF,60-89,<-35,0-9,85-94,<2,In,23,0,0.0
detail,LF,Line,OF LF,60-89,<-35,0-9,95-104,<2,In,29,0,0.0
detail,LF,Line,OF LF,90-119,-25--15,0-9,85-94,<2,In,40,0,0.0
detail,LF,Line,OF LF,90-119,-25--15,0-9,95-104,<2,In,53,0,0.0
detail,LF,Line,OF LF,90-119,-35--25,0-9,105+,<2,In,34,0,0.0
detail,LF,Line,OF LF,90-119,-35--25,0-9,75-84,<2,In,33,0,0.0
detail,LF,Line,OF LF,90-119,-35--25,0-9,85-94,<2,In,77,0,0.0
detail,LF,Line,OF LF,90-119,-35--25,0-9,95-104,<2,In,151,0,0.0
detail,LF,Line,OF LF,90-119,<-35,0-9,105+,<2,In,20,0,0.0
detail,LF,Line,OF LF,90-119,<-35,0-9,75-84,<2,In,28,0,0.0
detail,LF,Line,OF LF,90-119,<-35,0-9,85-94,<2,In,67,0,0.0
detail,LF,Line,OF LF,90-119,<-35,0-9,95-104,<2,In,122,0,0.0
detail,LF,Line,OF LF,<60,-25--15,<0,85-94,<2,In,20,0,0.0
detail,LF,Line,OF LF,<60,-35--25,<0,95-104,<2,In,22,0,0.0
detail,LF,Line,OF LF,<60,<-35,<0,85-94,<2,In,24,0,0.0
detail,LF,Line,OF LF,<60,<-35,<0,95-104,<2,In,20,0,0.0
detail,LF,Popup,OF LF,150-179,-25--15,20-29,<75,2-2.9,In,24,19,0.7916666666666666
detail,LF,Popup,OF LF,150-179,-25--15,30-44,<75,3-3.9,In,23,22,0.9565217391304348
detail,LF,Popup,OF LF,150-179,-25--15,45+,75-84,5+,In,73,69,0.9452054794520548
detail,LF,Popup,OF LF,150-179,-25--15,45+,85-94,5+,In,58,55,0.9482758620689655
detail,LF,Popup,OF LF,150-179,-25--15,45+,<75,4-4.9,In,60,59,0.9833333333333333
detail,LF,Popup,OF LF,150-179,-25--15,45+,<75,5+,In,39,38,0.9743589743589743
detail,LF,Popup,OF LF,150-179,-35--25,30-44,<75,3-3.9,In,25,18,0.72
detail,LF,Popup,OF LF,150-179,-35--25,45+,75-84,5+,In,87,82,0.9425287356321839
detail,LF,Popup,OF LF,150-179,-35--25,45+,85-94,5+,In,38,34,0.8947368421052632
detail,LF,Popup,OF LF,150-179,-35--25,45+,<75,4-4.9,In,52,50,0.9615384615384616
detail,LF,Popup,OF LF,150-179,-35--25,45+,<75,5+,In,33,33,1.0
detail,LF,Popup,OF LF,150-179,<-35,30-44,<75,3-3.9,In,20,4,0.2
detail,LF,Popup,OF LF,150-179,<-35,45+,75-84,5+,In,68,65,0.9558823529411765
detail,LF,Popup,OF LF,150-179,<-35,45+,<75,4-4.9,In,47,35,0.7446808510638298
detail,LF,Popup,OF LF,150-179,<-35,45+,<75,5+,In,30,25,0.8333333333333334
detail,LF,Popup,OF LF,180-219,-25--15,30-44,<75,3-3.9,In,41,16,0.3902439024390244
detail,LF,Popup,OF LF,180-219,-25--15,30-44,<75,4-4.9,In,37,27,0.7297297297297297
detail,LF,Popup,OF LF,180-219,-25--15,45+,75-84,5+,In,86,84,0.9767441860465116
detail,LF,Popup,OF LF,180-219,-25--15,45+,85-94,5+,In,77,69,0.8961038961038961
detail,LF,Popup,OF LF,180-219,-25--15,45+,<75,4-4.9,In,39,35,0.8974358974358975
detail,LF,Popup,OF LF,180-219,-25--15,45+,<75,5+,In,21,19,0.9047619047619048
detail,LF,Popup,OF LF,180-219,-35--25,30-44,<75,3-3.9,In,27,10,0.37037037037037035
detail,LF,Popup,OF LF,180-219,-35--25,30-44,<75,4-4.9,In,22,17,0.7727272727272727
detail,LF,Popup,OF LF,180-219,-35--25,45+,75-84,5+,In,88,84,0.9545454545454546
detail,LF,Popup,OF LF,180-219,-35--25,45+,85-94,5+,In,66,59,0.8939393939393939
detail,LF,Popup,OF LF,180-219,-35--25,45+,<75,4-4.9,In,38,28,0.7368421052631579
detail,LF,Popup,OF LF,180-219,-35--25,45+,<75,5+,In,28,24,0.8571428571428571
detail,LF,Popup,OF LF,180-219,<-35,30-44,<75,3-3.9,In,29,5,0.1724137931034483
detail,LF,Popup,OF LF,180-219,<-35,45+,75-84,5+,In,59,50,0.847457627118644
detail,LF,Popup,OF LF,180-219,<-35,45+,85-94,5+,In,24,22,0.9166666666666666
detail,LF,Popup,OF LF,180-219,<-35,45+,<75,4-4.9,In,34,15,0.4411764705882353
detail,LF,Popup,OF LF,220-259,-25--15,45+,85-94,5+,In,21,19,0.9047619047619048
detail,LF,Popup,OF LF,220-259,-25--15,45+,85-94,5+,In Right,31,31,1.0
detail,LF,Popup,OF LF,220-259,-35--25,45+,75-84,5+,In,25,25,1.0
detail,LF,Popup,OF LF,220-259,-35--25,45+,85-94,5+,In,26,26,1.0
detail,LF,Popup,OF LF Foul Out,150-179,<-35,45+,75-84,5+,In,45,45,1.0
detail,LF,Popup,OF LF Foul Out,150-179,<-35,45+,<75,4-4.9,In,36,36,1.0
detail,LF,Popup,OF LF Foul Out,150-179,<-35,45+,<75,5+,In,27,27,1.0
detail,RF,Fly,OF RF,150-179,15-25,45+,75-84,5+,In,24,23,0.9583333333333334
detail,RF,Fly,OF RF,150-179,15-25,45+,85-94,5+,In,21,19,0.9047619047619048
detail,RF,Fly,OF RF,150-179,25-35,45+,75-84,5+,In,27,26,0.9629629629629629
detail,RF,Fly,OF RF,150-179,25-35,45+,85-94,5+,In,20,19,0.95
detail,RF,Fly,OF RF,150-179,35+,45+,75-84,5+,In,34,28,0.8235294117647058
detail,RF,Fly,OF RF,180-219,15-25,30-44,<75,3-3.9,In,28,9,0.32142857142857145
detail,RF,Fly,OF RF,180-219,15-25,30-44,<75,4-4.9,In,29,19,0.6551724137931034
detail,RF,Fly,OF RF,180-219,15-25,45+,75-84,5+,In,106,99,0.9339622641509434
detail,RF,Fly,OF RF,180-219,15-25,45+,75-84,5+,In Left,26,23,0.8846153846153846
detail,RF,Fly,OF RF,180-219,15-25,45+,85-94,5+,In,115,112,0.9739130434782609
detail,RF,Fly,OF RF,180-219,25-35,30-44,<75,3-3.9,In,44,10,0.22727272727272727
detail,RF,Fly,OF RF,180-219,25-35,30-44,<75,4-4.9,In,36,22,0.6111111111111112
detail,RF,Fly,OF RF,180-219,25-35,45+,75-84,5+,In,162,156,0.9629629629629629
detail,RF,Fly,OF RF,180-219,25-35,45+,85-94,5+,In,137,135,0.9854014598540146
detail,RF,Fly,OF RF,180-219,25-35,45+,<75,4-4.9,In,35,29,0.8285714285714286
detail,RF,Fly,OF RF,180-219,35+,30-44,<75,3-3.9,In,26,1,0.038461538461538464
detail,RF,Fly,OF RF,180-219,35+,30-44,<75,4-4.9,In,23,5,0.21739130434782608
detail,RF,Fly,OF RF,180-219,35+,45+,75-84,5+,In,116,109,0.9396551724137931
detail,RF,Fly,OF RF,180-219,35+,45+,75-84,5+,In Right,53,51,0.9622641509433962
detail,RF,Fly,OF RF,180-219,35+,45+,85-94,5+,In,68,66,0.9705882352941176
detail,RF,Fly,OF RF,180-219,35+,45+,85-94,5+,In Right,30,28,0.9333333333333333
detail,RF,Fly,OF RF,180-219,35+,45+,<75,4-4.9,In,45,20,0.4444444444444444
detail,RF,Fly,OF RF,220-259,15-25,20-29,75-84,3-3.9,In,27,16,0.5925925925925926
detail,RF,Fly,OF RF,220-259,15-25,20-29,75-84,3-3.9,In Left,57,36,0.631578947368421
detail,RF,Fly,OF RF,220-259,15-25,20-29,<75,3-3.9,In,34,15,0.4411764705882353
detail,RF,Fly,OF RF,220-259,15-25,20-29,<75,3-3.9,In Left,28,14,0.5
detail,RF,Fly,OF RF,220-259,15-25,30-44,75-84,4-4.9,In,35,33,0.9428571428571428
detail,RF,Fly,OF RF,220-259,15-25,30-44,75-84,4-4.9,In Left,77,70,0.9090909090909091
detail,RF,Fly,OF RF,220-259,15-25,30-44,75-84,5+,In,20,19,0.95
detail,RF,Fly,OF RF,220-259,15-25,30-44,75-84,5+,In Left,49,48,0.9795918367346939
detail,RF,Fly,OF RF,220-259,15-25,30-44,85-94,5+,In Left,34,32,0.9411764705882353
detail,RF,Fly,OF RF,220-259,15-25,30-44,<75,3-3.9,In Left,21,13,0.6190476190476191
detail,RF,Fly,OF RF,220-259,15-25,30-44,<75,4-4.9,In,47,36,0.7659574468085106
detail,RF,Fly,OF RF,220-259,15-25,30-44,<75,4-4.9,In Left,64,54,0.84375
detail,RF,Fly,OF RF,220-259,15-25,45+,75-84,5+,In,78,74,0.9487179487179487
detail,RF,Fly,OF RF,220-259,15-25,45+,75-84,5+,In Left,103,102,0.9902912621359223
detail,RF,Fly,OF RF,220-259,15-25,45+,85-94,5+,In,121,121,1.0
detail,RF,Fly,OF RF,220-259,15-25,45+,85-94,5+,In Left,154,152,0.987012987012987
detail,RF,Fly,OF RF,220-259,15-25,45+,95-104,5+,In,23,23,1.0
detail,RF,Fly,OF RF,220-259,15-25,45+,95-104,5+,In Left,38,37,0.9736842105263158
detail,RF,Fly,OF RF,220-259,25-35,20-29,75-84,3-3.9,In,54,41,0.7592592592592593
detail,RF,Fly,OF RF,220-259,25-35,20-29,75-84,3-3.9,In Right,24,22,0.9166666666666666
detail,RF,Fly,OF RF,220-259,25-35,20-29,<75,3-3.9,In,24,13,0.5416666666666666
detail,RF,Fly,OF RF,220-259,25-35,30-44,75-84,4-4.9,In,94,92,0.9787234042553191
detail,RF,Fly,OF RF,220-259,25-35,30-44,75-84,4-4.9,In Right,40,40,1.0
detail,RF,Fly,OF RF,220-259,25-35,30-44,75-84,5+,In,45,44,0.9777777777777777
detail,RF,Fly,OF RF,220-259,25-35,30-44,85-94,5+,In,33,33,1.0
detail,RF,Fly,OF RF,220-259,25-35,30-44,85-94,5+,In Right,20,19,0.95
detail,RF,Fly,OF RF,220-259,25-35,30-44,<75,3-3.9,In,38,24,0.631578947368421
detail,RF,Fly,OF RF,220-259,25-35,30-44,<75,4-4.9,In,82,70,0.8536585365853658
detail,RF,Fly,OF RF,220-259,25-35,45+,75-84,5+,In,128,124,0.96875
detail,RF,Fly,OF RF,220-259,25-35,45+,75-84,5+,In Right,36,35,0.9722222222222222
detail,RF,Fly,OF RF,220-259,25-35,45+,85-94,5+,In,228,225,0.9868421052631579
detail,RF,Fly,OF RF,220-259,25-35,45+,85-94,5+,In Right,40,40,1.0
detail,RF,Fly,OF RF,220-259,25-35,45+,95-104,5+,In,24,23,0.9583333333333334
detail,RF,Fly,OF RF,220-259,35+,20-29,75-84,3-3.9,In Right,61,26,0.4262295081967213
detail,RF,Fly,OF RF,220-259,35+,20-29,<75,3-3.9,In Right,20,5,0.25
detail,RF,Fly,OF RF,220-259,35+,30-44,75-84,4-4.9,In Right,143,128,0.8951048951048951
detail,RF,Fly,OF RF,220-259,35+,30-44,75-84,5+,In Right,41,38,0.926829268292683
detail,RF,Fly,OF RF,220-259,35+,30-44,85-94,5+,In Right,33,31,0.9393939393939394
detail,RF,Fly,OF RF,220-259,35+,30-44,<75,3-3.9,In Right,27,6,0.2222222222222222
detail,RF,Fly,OF RF,220-259,35+,30-44,<75,4-4.9,In Right,60,41,0.6833333333333333
detail,RF,Fly,OF RF,220-259,35+,45+,75-84,4-4.9,In Right,20,19,0.95
detail,RF,Fly,OF RF,220-259,35+,45+,75-84,5+,In Right,187,180,0.9625668449197861
detail,RF,Fly,OF RF,220-259,35+,45+,85-94,5+,In,36,36,1.0
detail,RF,Fly,OF RF,220-259,35+,45+,85-94,5+,In Right,201,191,0.9502487562189055
detail,RF,Fly,OF RF,260-319,15-25,10-19,85-94,3-3.9,Back Right,48,43,0.8958333333333334
detail,RF,Fly,OF RF,260-319,15-25,10-19,85-94,3-3.9,In Left,27,19,0.7037037037037037
detail,RF,Fly,OF RF,260-319,15-25,10-19,95-104,2-2.9,Back Right,22,16,0.7272727272727273
detail,RF,Fly,OF RF,260-319,15-25,10-19,95-104,2-2.9,In Left,26,12,0.46153846153846156
detail,RF,Fly,OF RF,260-319,15-25,10-19,95-104,3-3.9,Back Right,74,58,0.7837837837837838
detail,RF,Fly,OF RF,260-319,15-25,20-29,75-84,3-3.9,Back Right,39,38,0.9743589743589743
detail,RF,Fly,OF RF,260-319,15-25,20-29,75-84,3-3.9,In Left,114,102,0.8947368421052632
detail,RF,Fly,OF RF,260-319,15-25,20-29,75-84,4-4.9,Back Right,35,35,1.0
detail,RF,Fly,OF RF,260-319,15-25,20-29,75-84,4-4.9,In Left,52,50,0.9615384615384616
detail,RF,Fly,OF RF,260-319,15-25,20-29,85-94,3-3.9,Back Right,153,135,0.8823529411764706
detail,RF,Fly,OF RF,260-319,15-25,20-29,85-94,3-3.9,In Left,64,59,0.921875
detail,RF,Fly,OF RF,260-319,15-25,20-29,85-94,4-4.9,Back Right,198,194,0.9797979797979798
detail,RF,Fly,OF RF,260-319,15-25,20-29,85-94,4-4.9,In Left,54,53,0.9814814814814815
detail,RF,Fly,OF RF,260-319,15-25,20-29,95-104,3-3.9,Back Right,31,30,0.967741935483871
detail,RF,Fly,OF RF,260-319,15-25,30-44,75-84,4-4.9,Back Right,118,117,0.9915254237288136
detail,RF,Fly,OF RF,260-319,15-25,30-44,75-84,4-4.9,In,28,27,0.9642857142857143
detail,RF,Fly,OF RF,260-319,15-25,30-44,75-84,4-4.9,In Left,196,193,0.9846938775510204
detail,RF,Fly,OF RF,260-319,15-25,30-44,75-84,5+,Back Right,27,27,1.0
detail,RF,Fly,OF RF,260-319,15-25,30-44,75-84,5+,In Left,73,72,0.9863013698630136
detail,RF,Fly,OF RF,260-319,15-25,30-44,85-94,4-4.9,Back Right,136,136,1.0
detail,RF,Fly,OF RF,260-319,15-25,30-44,85-94,4-4.9,In Left,52,52,1.0
detail,RF,Fly,OF RF,260-319,15-25,30-44,85-94,5+,Back,36,35,0.9722222222222222
detail,RF,Fly,OF RF,260-319,15-25,30-44,85-94,5+,Back Right,425,422,0.9929411764705882
detail,RF,Fly,OF RF,260-319,15-25,30-44,85-94,5+,In Left,214,214,1.0
detail,RF,Fly,OF RF,260-319,15-25,30-44,95-104,5+,Back,21,20,0.9523809523809523
detail,RF,Fly,OF RF,260-319,15-25,30-44,95-104,5+,Back Right,129,127,0.9844961240310077
detail,RF,Fly,OF RF,260-319,15-25,30-44,95-104,5+,In Left,50,50,1.0
detail,RF,Fly,OF RF,260-319,15-25,45+,75-84,5+,In Left,25,25,1.0
detail,RF,Fly,OF RF,260-319,15-25,45+,85-94,5+,Back Right,73,72,0.9863013698630136
detail,RF,Fly,OF RF,260-319,15-25,45+,85-94,5+,In Left,182,179,0.9835164835164835
detail,RF,Fly,OF RF,260-319,15-25,45+,95-104,5+,Back Right,38,37,0.9736842105263158
detail,RF,Fly,OF RF,260-319,15-25,45+,95-104,5+,In Left,48,48,1.0
detail,RF,Fly,OF RF,260-319,25-35,10-19,85-94,3-3.9,Back Left,21,21,1.0
detail,RF,Fly,OF RF,260-319,25-35,10-19,95-104,3-3.9,Back,36,33,0.9166666666666666
detail,RF,Fly,OF RF,260-319,25-35,10-19,95-104,3-3.9,Back Left,28,24,0.8571428571428571
detail,RF,Fly,OF RF,260-319,25-35,20-29,75-84,3-3.9,Back Left,20,20,1.0
detail,RF,Fly,OF RF,260-319,25-35,20-29,75-84,3-3.9,In,26,25,0.9615384615384616
detail,RF,Fly,OF RF,260-319,25-35,20-29,75-84,3-3.9,In Right,50,50,1.0
detail,RF,Fly,OF RF,260-319,25-35,20-29,75-84,4-4.9,Back Left,20,20,1.0
detail,RF,Fly,OF RF,260-319,25-35,20-29,85-94,3-3.9,Back,76,74,0.9736842105263158
detail,RF,Fly,OF RF,260-319,25-35,20-29,85-94,3-3.9,Back Left,94,90,0.9574468085106383
detail,RF,Fly,OF RF,260-319,25-35,20-29,85-94,3-3.9,Back Right,23,23,1.0
detail,RF,Fly,OF RF,260-319,25-35,20-29,85-94,3-3.9,In,29,29,1.0
detail,RF,Fly,OF RF,260-319,25-35,20-29,85-94,3-3.9,In Right,73,69,0.9452054794520548
detail,RF,Fly,OF RF,260-319,25-35,20-29,85-94,4-4.9,Back,102,99,0.9705882352941176
detail,RF,Fly,OF RF,260-319,25-35,20-29,85-94,4-4.9,Back Left,97,93,0.9587628865979382
detail,RF,Fly,OF RF,260-319,25-35,20-29,85-94,4-4.9,Back Right,30,29,0.9666666666666667
detail,RF,Fly,OF RF,260-319,25-35,20-29,85-94,4-4.9,In Right,21,20,0.9523809523809523
detail,RF,Fly,OF RF,260-319,25-35,20-29,95-104,3-3.9,Back,21,21,1.0
detail,RF,Fly,OF RF,260-319,25-35,20-29,95-104,3-3.9,Back Left,23,22,0.9565217391304348
detail,RF,Fly,OF RF,260-319,25-35,20-29,95-104,4-4.9,Back,21,21,1.0
detail,RF,Fly,OF RF,260-319,25-35,20-29,95-104,4-4.9,Back Left,27,27,1.0
detail,RF,Fly,OF RF,260-319,25-35,30-44,75-84,4-4.9,Back,30,27,0.9
detail,RF,Fly,OF RF,260-319,25-35,30-44,75-84,4-4.9,Back Left,80,80,1.0
detail,RF,Fly,OF RF,260-319,25-35,30-44,75-84,4-4.9,In,68,66,0.9705882352941176
detail,RF,Fly,OF RF,260-319,25-35,30-44,75-84,4-4.9,In Left,30,30,1.0
detail,RF,Fly,OF RF,260-319,25-35,30-44,75-84,4-4.9,In Right,116,115,0.9913793103448276
detail,RF,Fly,OF RF,260-319,25-35,30-44,75-84,5+,Back Left,24,24,1.0
detail,RF,Fly,OF RF,260-319,25-35,30-44,75-84,5+,In,30,30,1.0
detail,RF,Fly,OF RF,260-319,25-35,30-44,75-84,5+,In Right,35,34,0.9714285714285714
detail,RF,Fly,OF RF,260-319,25-35,30-44,85-94,4-4.9,Back,91,89,0.978021978021978
detail,RF,Fly,OF RF,260-319,25-35,30-44,85-94,4-4.9,Back Left,103,103,1.0
detail,RF,Fly,OF RF,260-319,25-35,30-44,85-94,4-4.9,In Right,43,40,0.9302325581395349
detail,RF,Fly,OF RF,260-319,25-35,30-44,85-94,5+,Back,178,170,0.9550561797752809
detail,RF,Fly,OF RF,260-319,25-35,30-44,85-94,5+,Back Left,233,229,0.9828326180257511
detail,RF,Fly,OF RF,260-319,25-35,30-44,85-94,5+,Back Right,60,60,1.0
detail,RF,Fly,OF RF,260-319,25-35,30-44,85-94,5+,In,54,54,1.0
detail,RF,Fly,OF RF,260-319,25-35,30-44,85-94,5+,In Left,34,34,1.0
detail,RF,Fly,OF RF,260-319,25-35,30-44,85-94,5+,In Right,124,122,0.9838709677419355
detail,RF,Fly,OF RF,260-319,25-35,30-44,95-104,5+,Back,38,35,0.9210526315789473
detail,RF,Fly,OF RF,260-319,25-35,30-44,95-104,5+,Back Left,56,55,0.9821428571428571
detail,RF,Fly,OF RF,260-319,25-35,30-44,95-104,5+,In Right,27,27,1.0
detail,RF,Fly,OF RF,260-319,25-35,45+,85-94,5+,Back,23,22,0.9565217391304348
detail,RF,Fly,OF RF,260-319,25-35,45+,85-94,5+,Back Left,32,32,1.0
detail,RF,Fly,OF RF,260-319,25-35,45+,85-94,5+,Back Right,23,23,1.0
detail,RF,Fly,OF RF,260-319,25-35,45+,85-94,5+,In,70,70,1.0
detail,RF,Fly,OF RF,260-319,25-35,45+,85-94,5+,In Right,99,96,0.9696969696969697
detail,RF,Fly,OF RF,260-319,25-35,45+,95-104,5+,In,21,21,1.0
detail,RF,Fly,OF RF,260-319,25-35,45+,95-104,5+,In Right,26,26,1.0
detail,RF,Fly,OF RF,260-319,35+,10-19,95-104,2-2.9,In Right,22,3,0.13636363636363635
detail,RF,Fly,OF RF,260-319,35+,20-29,75-84,3-3.9,In Right,60,35,0.5833333333333334
detail,RF,Fly,OF RF,260-319,35+,20-29,85-94,3-3.9,Back Left,105,81,0.7714285714285715
detail,RF,Fly,OF RF,260-319,35+,20-29,85-94,3-3.9,In Right,104,61,0.5865384615384616
detail,RF,Fly,OF RF,260-319,35+,20-29,85-94,4-4.9,Back Left,119,101,0.8487394957983193
detail,RF,Fly,OF RF,260-319,35+,20-29,85-94,4-4.9,In Right,54,40,0.7407407407407407
detail,RF,Fly,OF RF,260-319,35+,20-29,95-104,3-3.9,Back Left,37,18,0.4864864864864865
detail,RF,Fly,OF RF,260-319,35+,20-29,95-104,4-4.9,Back Left,24,13,0.5416666666666666
detail,RF,Fly,OF RF,260-319,35+,30-44,75-84,4-4.9,Back Left,72,71,0.9861111111111112
detail,RF,Fly,OF RF,260-319,35+,30-44,75-84,4-4.9,In Right,215,198,0.9209302325581395
detail,RF,Fly,OF RF,260-319,35+,30-44,75-84,5+,Back Left,22,20,0.9090909090909091
detail,RF,Fly,OF RF,260-319,35+,30-44,75-84,5+,In Right,62,61,0.9838709677419355
detail,RF,Fly,OF RF,260-319,35+,30-44,85-94,4-4.9,Back Left,174,158,0.9080459770114943
detail,RF,Fly,OF RF,260-319,35+,30-44,85-94,4-4.9,In Right,119,99,0.8319327731092437
detail,RF,Fly,OF RF,260-319,35+,30-44,85-94,5+,Back Left,268,261,0.9738805970149254
detail,RF,Fly,OF RF,260-319,35+,30-44,85-94,5+,In Right,195,189,0.9692307692307692
detail,RF,Fly,OF RF,260-319,35+,30-44,95-104,5+,Back Left,39,38,0.9743589743589743
detail,RF,Fly,OF RF,260-319,35+,30-44,95-104,5+,In Right,20,16,0.8
detail,RF,Fly,OF RF,260-319,35+,45+,75-84,5+,In Right,37,35,0.9459459459459459
detail,RF,Fly,OF RF,260-319,35+,45+,85-94,5+,Back Left,40,37,0.925
detail,RF,Fly,OF RF,260-319,35+,45+,85-94,5+,In Right,172,170,0.9883720930232558
detail,RF,Fly,OF RF,260-319,35+,45+,95-104,5+,In Right,41,39,0.9512195121951219
detail,RF,Fly,OF RF,320+,15-25,10-19,105+,3-3.9,Back Right,29,8,0.27586206896551724
detail,RF,Fly,OF RF,320+,15-25,10-19,95-104,3-3.9,Back,26,17,0.6538461538461539
detail,RF,Fly,OF RF,320+,15-25,10-19,95-104,3-3.9,Back Right,103,49,0.47572815533980584
detail,RF,Fly,OF RF,320+,15-25,20-29,105+,4-4.9,Back Right,20,3,0.15
detail,RF,Fly,OF RF,320+,15-25,20-29,85-94,3-3.9,Back Right,55,40,0.7272727272727273
detail,RF,Fly,OF RF,320+,15-25,20-29,85-94,4-4.9,Back,104,90,0.8653846153846154
detail,RF,Fly,OF RF,320+,15-25,20-29,85-94,4-4.9,Back Right,317,268,0.8454258675078864
detail,RF,Fly,OF RF,320+,15-25,20-29,85-94,5+,Back Right,22,19,0.8636363636363636
detail,RF,Fly,OF RF,320+,15-25,20-29,95-104,3-3.9,Back,36,12,0.3333333333333333
detail,RF,Fly,OF RF,320+,15-25,20-29,95-104,3-3.9,Back Right,80,39,0.4875
detail,RF,Fly,OF RF,320+,15-25,20-29,95-104,4-4.9,Back,227,128,0.5638766519823789
detail,RF,Fly,OF RF,320+,15-25,20-29,95-104,4-4.9,Back Right,432,241,0.5578703703703703
detail,RF,Fly,OF RF,320+,15-25,20-29,95-104,5+,Back,39,28,0.717948717948718
detail,RF,Fly,OF RF,320+,15-25,20-29,95-104,5+,Back Right,107,84,0.7850467289719626
detail,RF,Fly,OF RF,320+,15-25,30-44,85-94,4-4.9,Back,34,32,0.9411764705882353
detail,RF,Fly,OF RF,320+,15-25,30-44,85-94,4-4.9,Back Right,108,96,0.8888888888888888
detail,RF,Fly,OF RF,320+,15-25,30-44,85-94,5+,Back,108,95,0.8796296296296297
detail,RF,Fly,OF RF,320+,15-25,30-44,85-94,5+,Back Right,372,360,0.967741935483871
detail,RF,Fly,OF RF,320+,15-25,30-44,95-104,5+,Back,172,147,0.8546511627906976
detail,RF,Fly,OF RF,320+,15-25,30-44,95-104,5+,Back Right,452,402,0.8893805309734514
detail,RF,Fly,OF RF,320+,25-35,10-19,95-104,3-3.9,Back,37,13,0.35135135135135137
detail,RF,Fly,OF RF,320+,25-35,20-29,85-94,3-3.9,Back,22,18,0.8181818181818182
detail,RF,Fly,OF RF,320+,25-35,20-29,85-94,4-4.9,Back,188,170,0.9042553191489362
detail,RF,Fly,OF RF,320+,25-35,20-29,85-94,4-4.9,Back Left,47,42,0.8936170212765957
detail,RF,Fly,OF RF,320+,25-35,20-29,95-104,3-3.9,Back,63,52,0.8253968253968254
detail,RF,Fly,OF RF,320+,25-35,20-29,95-104,3-3.9,Back Left,37,24,0.6486486486486487
detail,RF,Fly,OF RF,320+,25-35,20-29,95-104,4-4.9,Back,258,185,0.7170542635658915
detail,RF,Fly,OF RF,320+,25-35,20-29,95-104,4-4.9,Back Left,63,47,0.746031746031746
detail,RF,Fly,OF RF,320+,25-35,20-29,95-104,5+,Back,36,29,0.8055555555555556
detail,RF,Fly,OF RF,320+,25-35,30-44,85-94,4-4.9,Back,97,89,0.9175257731958762
detail,RF,Fly,OF RF,320+,25-35,30-44,85-94,4-4.9,Back Left,44,40,0.9090909090909091
detail,RF,Fly,OF RF,320+,25-35,30-44,85-94,5+,Back,184,169,0.9184782608695652
detail,RF,Fly,OF RF,320+,25-35,30-44,85-94,5+,Back Left,66,59,0.8939393939393939
detail,RF,Fly,OF RF,320+,25-35,30-44,95-104,4-4.9,Back,22,19,0.8636363636363636
detail,RF,Fly,OF RF,320+,25-35,30-44,95-104,5+,Back,187,166,0.8877005347593583
detail,RF,Fly,OF RF,320+,25-35,30-44,95-104,5+,Back Left,96,92,0.9583333333333334
detail,RF,Fly,OF RF,320+,35+,20-29,85-94,3-3.9,Back Left,20,7,0.35
detail,RF,Fly,OF RF,320+,35+,20-29,85-94,4-4.9,Back Left,109,61,0.5596330275229358
detail,RF,Fly,OF RF,320+,35+,20-29,95-104,3-3.9,Back Left,45,15,0.3333333333333333
detail,RF,Fly,OF RF,320+,35+,20-29,95-104,4-4.9,Back Left,86,37,0.43023255813953487
detail,RF,Fly,OF RF,320+,35+,30-44,85-94,4-4.9,Back Left,89,57,0.6404494382022472
detail,RF,Fly,OF RF,320+,35+,30-44,85-94,5+,Back Left,124,102,0.8225806451612904
detail,RF,Fly,OF RF,320+,35+,30-44,95-104,4-4.9,Back Left,20,11,0.55
detail,RF,Fly,OF RF,320+,35+,30-44,95-104,5+,Back Left,86,70,0.813953488372093
detail,RF,Fly,OF RF Foul Out,180-219,35+,45+,75-84,5+,In Right,46,46,1.0
detail,RF,Fly,OF RF Foul Out,180-219,35+,45+,85-94,5+,In Right,28,28,1.0
detail,RF,Fly,OF RF Foul Out,220-259,35+,45+,75-84,5+,In Right,57,57,1.0
detail,RF,Fly,OF RF Foul Out,220-259,35+,45+,85-94,5+,In Right,59,59,1.0
detail,RF,Fly,OF RF Foul Out,260-319,35+,30-44,75-84,4-4.9,In Right,43,43,1.0
detail,RF,Fly,OF RF Foul Out,260-319,35+,30-44,85-94,5+,Back Left,30,30,1.0
detail,RF,Fly,OF RF Foul Out,260-319,35+,30-44,85-94,5+,In Right,33,33,1.0
detail,RF,Fly,OF RF Foul Out,260-319,35+,45+,85-94,5+,In Right,38,38,1.0
detail,RF,Line,OF RF,120-149,15-25,0-9,105+,<2,In,25,0,0.0
detail,RF,Line,OF RF,120-149,15-25,0-9,75-84,<2,In,31,0,0.0
detail,RF,Line,OF RF,120-149,15-25,0-9,85-94,<2,In,79,0,0.0
detail,RF,Line,OF RF,120-149,15-25,0-9,95-104,<2,In,141,0,0.0
detail,RF,Line,OF RF,120-149,15-25,10-19,<75,<2,In,26,0,0.0
detail,RF,Line,OF RF,120-149,25-35,0-9,105+,<2,In,49,0,0.0
detail,RF,Line,OF RF,120-149,25-35,0-9,75-84,<2,In,34,0,0.0
detail,RF,Line,OF RF,120-149,25-35,0-9,85-94,<2,In,117,0,0.0
detail,RF,Line,OF RF,120-149,25-35,0-9,95-104,<2,In,210,0,0.0
detail,RF,Line,OF RF,120-149,25-35,10-19,75-84,<2,In,36,0,0.0
detail,RF,Line,OF RF,120-149,25-35,10-19,<75,<2,In,41,0,0.0
detail,RF,Line,OF RF,120-149,35+,0-9,85-94,<2,In,52,0,0.0
detail,RF,Line,OF RF,120-149,35+,0-9,95-104,<2,In,84,0,0.0
detail,RF,Line,OF RF,120-149,35+,10-19,75-84,<2,In,22,0,0.0
detail,RF,Line,OF RF,120-149,35+,10-19,<75,<2,In,29,0,0.0
detail,RF,Line,OF RF,150-179,15-25,0-9,105+,<2,In,70,25,0.35714285714285715
detail,RF,Line,OF RF,150-179,15-25,0-9,75-84,<2,In,21,10,0.47619047619047616
detail,RF,Line,OF RF,150-179,15-25,0-9,85-94,<2,In,125,49,0.392
detail,RF,Line,OF RF,150-179,15-25,0-9,95-104,<2,In,265,121,0.45660377358490567
detail,RF,Line,OF RF,150-179,15-25,10-19,75-84,<2,In,117,67,0.5726495726495726
detail,RF,Line,OF RF,150-179,15-25,10-19,85-94,<2,In,98,46,0.46938775510204084
detail,RF,Line,OF RF,150-179,15-25,10-19,95-104,<2,In,78,45,0.5769230769230769
detail,RF,Line,OF RF,150-179,15-25,10-19,<75,2-2.9,In,47,28,0.5957446808510638
detail,RF,Line,OF RF,150-179,15-25,10-19,<75,<2,In,43,29,0.6744186046511628
detail,RF,Line,OF RF,150-179,15-25,20-29,<75,2-2.9,In,34,21,0.6176470588235294
detail,RF,Line,OF RF,150-179,25-35,0-9,105+,<2,In,50,7,0.14
detail,RF,Line,OF RF,150-179,25-35,0-9,85-94,<2,In,125,19,0.152
detail,RF,Line,OF RF,150-179,25-35,0-9,95-104,<2,In,226,23,0.10176991150442478
detail,RF,Line,OF RF,150-179,25-35,10-19,75-84,<2,In,86,24,0.27906976744186046
detail,RF,Line,OF RF,150-179,25-35,10-19,85-94,<2,In,96,15,0.15625
detail,RF,Line,OF RF,150-179,25-35,10-19,95-104,<2,In,78,11,0.14102564102564102
detail,RF,Line,OF RF,150-179,25-35,10-19,<75,2-2.9,In,45,4,0.08888888888888889
detail,RF,Line,OF RF,150-179,25-35,10-19,<75,<2,In,35,4,0.11428571428571428
detail,RF,Line,OF RF,150-179,25-35,20-29,<75,2-2.9,In,25,5,0.2
detail,RF,Line,OF RF,150-179,35+,0-9,105+,<2,In,32,12,0.375
detail,RF,Line,OF RF,150-179,35+,0-9,85-94,<2,In,72,27,0.375
detail,RF,Line,OF RF,150-179,35+,0-9,95-104,<2,In,172,59,0.3430232558139535
detail,RF,Line,OF RF,150-179,35+,10-19,75-84,<2,In,112,24,0.21428571428571427
detail,RF,Line,OF RF,150-179,35+,10-19,85-94,<2,In,122,29,0.23770491803278687
detail,RF,Line,OF RF,150-179,35+,10-19,95-104,<2,In,98,14,0.14285714285714285
detail,RF,Line,OF RF,150-179,35+,10-19,<75,2-2.9,In,25,0,0.0
detail,RF,Line,OF RF,150-179,35+,10-19,<75,<2,In,31,7,0.22580645161290322
detail,RF,Line,OF RF,150-179,35+,20-29,<75,2-2.9,In,27,0,0.0
detail,RF,Line,OF RF,180-219,15-25,0-9,105+,<2,In,53,10,0.18867924528301888
detail,RF,Line,OF RF,180-219,15-25,0-9,85-94,<2,In,48,15,0.3125
detail,RF,Line,OF RF,180-219,15-25,0-9,95-104,<2,In,262,52,0.1984732824427481
detail,RF,Line,OF RF,180-219,15-25,10-19,105+,<2,In,47,8,0.1702127659574468
detail,RF,Line,OF RF,180-219,15-25,10-19,75-84,2-2.9,In,167,7,0.041916167664670656
detail,RF,Line,OF RF,180-219,15-25,10-19,75-84,2-2.9,In Left,22,0,0.0
detail,RF,Line,OF RF,180-219,15-25,10-19,75-84,<2,In,33,5,0.15151515151515152
detail,RF,Line,OF RF,180-219,15-25,10-19,85-94,2-2.9,In,101,2,0.019801980198019802
detail,RF,Line,OF RF,180-219,15-25,10-19,85-94,<2,In,178,20,0.11235955056179775
detail,RF,Line,OF RF,180-219,15-25,10-19,95-104,<2,In,260,32,0.12307692307692308
detail,RF,Line,OF RF,180-219,15-25,10-19,95-104,<2,In Left,24,1,0.041666666666666664
detail,RF,Line,OF RF,180-219,15-25,10-19,<75,2-2.9,In,58,9,0.15517241379310345
detail,RF,Line,OF RF,180-219,15-25,20-29,<75,2-2.9,In,72,9,0.125
detail,RF,Line,OF RF,180-219,25-35,0-9,105+,<2,In,56,7,0.125
detail,RF,Line,OF RF,180-219,25-35,0-9,85-94,<2,In,53,2,0.03773584905660377
detail,RF,Line,OF RF,180-219,25-35,0-9,95-104,<2,In,150,5,0.03333333333333333
detail,RF,Line,OF RF,180-219,25-35,10-19,105+,<2,In,75,8,0.10666666666666667
detail,RF,Line,OF RF,180-219,25-35,10-19,75-84,2-2.9,In,165,7,0.04242424242424243
detail,RF,Line,OF RF,180-219,25-35,10-19,75-84,<2,In,31,3,0.0967741935483871
detail,RF,Line,OF RF,180-219,25-35,10-19,85-94,2-2.9,In,122,1,0.00819672131147541
detail,RF,Line,OF RF,180-219,25-35,10-19,85-94,<2,In,162,7,0.043209876543209874
detail,RF,Line,OF RF,180-219,25-35,10-19,95-104,<2,In,309,15,0.04854368932038835
detail,RF,Line,OF RF,180-219,25-35,10-19,<75,2-2.9,In,38,5,0.13157894736842105
detail,RF,Line,OF RF,180-219,25-35,20-29,<75,2-2.9,In,58,1,0.017241379310344827
detail,RF,Line,OF RF,180-219,25-35,20-29,<75,3-3.9,In,22,2,0.09090909090909091
detail,RF,Line,OF RF,180-219,35+,0-9,85-94,<2,In,30,0,0.0
detail,RF,Line,OF RF,180-219,35+,0-9,95-104,<2,In,76,6,0.07894736842105263
detail,RF,Line,OF RF,180-219,35+,10-19,105+,<2,In,37,0,0.0
detail,RF,Line,OF RF,180-219,35+,10-19,75-84,2-2.9,In,99,0,0.0
detail,RF,Line,OF RF,180-219,35+,10-19,75-84,2-2.9,In Right,35,0,0.0
detail,RF,Line,OF RF,180-219,35+,10-19,85-94,2-2.9,In,63,1,0.015873015873015872
detail,RF,Line,OF RF,180-219,35+,10-19,85-94,2-2.9,In Right,47,0,0.0
detail,RF,Line,OF RF,180-219,35+,10-19,85-94,<2,In,111,1,0.009009009009009009
detail,RF,Line,OF RF,180-219,35+,10-19,95-104,<2,In,200,0,0.0
detail,RF,Line,OF RF,180-219,35+,10-19,95-104,<2,In Right,66,0,0.0
detail,RF,Line,OF RF,180-219,35+,20-29,<75,2-2.9,In,35,0,0.0
detail,RF,Line,OF RF,220-259,15-25,0-9,95-104,2-2.9,In,21,0,0.0
detail,RF,Line,OF RF,220-259,15-25,10-19,105+,2-2.9,In,24,1,0.041666666666666664
detail,RF,Line,OF RF,220-259,15-25,10-19,105+,2-2.9,In Left,32,0,0.0
detail,RF,Line,OF RF,220-259,15-25,10-19,105+,<2,In,22,0,0.0
detail,RF,Line,OF RF,220-259,15-25,10-19,75-84,2-2.9,In,55,1,0.01818181818181818
detail,RF,Line,OF RF,220-259,15-25,10-19,75-84,2-2.9,In Left,63,3,0.047619047619047616
detail,RF,Line,OF RF,220-259,15-25,10-19,85-94,2-2.9,In,208,13,0.0625
detail,RF,Line,OF RF,220-259,15-25,10-19,85-94,2-2.9,In Left,217,15,0.06912442396313365
detail,RF,Line,OF RF,220-259,15-25,10-19,95-104,2-2.9,In,202,2,0.009900990099009901
detail,RF,Line,OF RF,220-259,15-25,10-19,95-104,2-2.9,In Left,281,8,0.028469750889679714
detail,RF,Line,OF RF,220-259,15-25,10-19,95-104,<2,In,31,0,0.0
detail,RF,Line,OF RF,220-259,15-25,20-29,75-84,2-2.9,In,23,3,0.13043478260869565
detail,RF,Line,OF RF,220-259,15-25,20-29,75-84,3-3.9,In,20,6,0.3
detail,RF,Line,OF RF,220-259,15-25,20-29,75-84,3-3.9,In Left,52,16,0.3076923076923077
detail,RF,Line,OF RF,220-259,15-25,20-29,<75,3-3.9,In,23,2,0.08695652173913043
detail,RF,Line,OF RF,220-259,15-25,20-29,<75,3-3.9,In Left,22,4,0.18181818181818182
detail,RF,Line,OF RF,220-259,25-35,0-9,95-104,2-2.9,In,23,0,0.0
detail,RF,Line,OF RF,220-259,25-35,0-9,95-104,<2,In,20,0,0.0
detail,RF,Line,OF RF,220-259,25-35,10-19,105+,2-2.9,In,40,1,0.025
detail,RF,Line,OF RF,220-259,25-35,10-19,105+,<2,In,46,0,0.0
detail,RF,Line,OF RF,220-259,25-35,10-19,75-84,2-2.9,In,75,10,0.13333333333333333
detail,RF,Line,OF RF,220-259,25-35,10-19,85-94,2-2.9,In,295,42,0.1423728813559322
detail,RF,Line,OF RF,220-259,25-35,10-19,85-94,2-2.9,In Right,51,15,0.29411764705882354
detail,RF,Line,OF RF,220-259,25-35,10-19,95-104,2-2.9,In,347,26,0.07492795389048991
detail,RF,Line,OF RF,220-259,25-35,10-19,95-104,2-2.9,In Right,63,8,0.12698412698412698
detail,RF,Line,OF RF,220-259,25-35,10-19,95-104,<2,In,50,0,0.0
detail,RF,Line,OF RF,220-259,25-35,20-29,75-84,2-2.9,In,27,2,0.07407407407407407
detail,RF,Line,OF RF,220-259,25-35,20-29,75-84,3-3.9,In,47,24,0.5106382978723404
detail,RF,Line,OF RF,220-259,25-35,20-29,<75,3-3.9,In,30,4,0.13333333333333333
detail,RF,Line,OF RF,220-259,35+,10-19,105+,2-2.9,In Right,35,0,0.0
detail,RF,Line,OF RF,220-259,35+,10-19,105+,<2,In Right,26,0,0.0
detail,RF,Line,OF RF,220-259,35+,10-19,75-84,2-2.9,In Right,36,2,0.05555555555555555
detail,RF,Line,OF RF,220-259,35+,10-19,85-94,2-2.9,In,37,0,0.0
detail,RF,Line,OF RF,220-259,35+,10-19,85-94,2-2.9,In Right,261,11,0.0421455938697318
detail,RF,Line,OF RF,220-259,35+,10-19,95-104,2-2.9,In,50,0,0.0
detail,RF,Line,OF RF,220-259,35+,10-19,95-104,2-2.9,In Right,245,2,0.00816326530612245
detail,RF,Line,OF RF,220-259,35+,10-19,95-104,<2,In Right,21,0,0.0
detail,RF,Line,OF RF,220-259,35+,20-29,75-84,2-2.9,In Right,34,1,0.029411764705882353
detail,RF,Line,OF RF,220-259,35+,20-29,75-84,3-3.9,In Right,75,8,0.10666666666666667
detail,RF,Line,OF RF,220-259,35+,20-29,<75,3-3.9,In Right,21,2,0.09523809523809523
detail,RF,Line,OF RF,260-319,15-25,10-19,105+,2-2.9,Back Right,58,17,0.29310344827586204
detail,RF,Line,OF RF,260-319,15-25,10-19,105+,2-2.9,In Left,78,16,0.20512820512820512
detail,RF,Line,OF RF,260-319,15-25,10-19,105+,3-3.9,Back Right,21,10,0.47619047619047616
detail,RF,Line,OF RF,260-319,15-25,10-19,85-94,2-2.9,Back Right,21,13,0.6190476190476191
detail,RF,Line,OF RF,260-319,15-25,10-19,85-94,2-2.9,In Left,123,41,0.3333333333333333
detail,RF,Line,OF RF,260-319,15-25,10-19,85-94,3-3.9,Back Right,110,83,0.7545454545454545
detail,RF,Line,OF RF,260-319,15-25,10-19,85-94,3-3.9,In Left,111,61,0.5495495495495496
detail,RF,Line,OF RF,260-319,15-25,10-19,95-104,2-2.9,Back Right,148,72,0.4864864864864865
detail,RF,Line,OF RF,260-319,15-25,10-19,95-104,2-2.9,In,49,24,0.4897959183673469
detail,RF,Line,OF RF,260-319,15-25,10-19,95-104,2-2.9,In Left,375,105,0.28
detail,RF,Line,OF RF,260-319,15-25,10-19,95-104,3-3.9,Back,26,24,0.9230769230769231
detail,RF,Line,OF RF,260-319,15-25,10-19,95-104,3-3.9,Back Right,230,132,0.5739130434782609
detail,RF,Line,OF RF,260-319,15-25,10-19,95-104,3-3.9,In Left,65,41,0.6307692307692307
detail,RF,Line,OF RF,260-319,15-25,20-29,75-84,3-3.9,In Left,59,46,0.7796610169491526
detail,RF,Line,OF RF,260-319,15-25,20-29,85-94,3-3.9,Back Right,104,84,0.8076923076923077
detail,RF,Line,OF RF,260-319,15-25,20-29,85-94,3-3.9,In Left,60,44,0.7333333333333333
detail,RF,Line,OF RF,260-319,15-25,20-29,85-94,4-4.9,Back Right,25,24,0.96
detail,RF,Line,OF RF,260-319,15-25,20-29,95-104,3-3.9,Back Right,25,18,0.72
detail,RF,Line,OF RF,260-319,25-35,10-19,105+,2-2.9,Back,20,19,0.95
detail,RF,Line,OF RF,260-319,25-35,10-19,105+,2-2.9,Back Left,31,22,0.7096774193548387
detail,RF,Line,OF RF,260-319,25-35,10-19,105+,2-2.9,In,35,16,0.45714285714285713
detail,RF,Line,OF RF,260-319,25-35,10-19,105+,2-2.9,In Right,44,18,0.4090909090909091
detail,RF,Line,OF RF,260-319,25-35,10-19,85-94,2-2.9,In,41,24,0.5853658536585366
detail,RF,Line,OF RF,260-319,25-35,10-19,85-94,2-2.9,In Right,49,35,0.7142857142857143
detail,RF,Line,OF RF,260-319,25-35,10-19,85-94,3-3.9,Back,22,20,0.9090909090909091
detail,RF,Line,OF RF,260-319,25-35,10-19,85-94,3-3.9,Back Left,39,38,0.9743589743589743
detail,RF,Line,OF RF,260-319,25-35,10-19,85-94,3-3.9,In Right,44,43,0.9772727272727273
detail,RF,Line,OF RF,260-319,25-35,10-19,95-104,2-2.9,Back,32,29,0.90625
detail,RF,Line,OF RF,260-319,25-35,10-19,95-104,2-2.9,Back Left,60,52,0.8666666666666667
detail,RF,Line,OF RF,260-319,25-35,10-19,95-104,2-2.9,Back Right,24,24,1.0
detail,RF,Line,OF RF,260-319,25-35,10-19,95-104,2-2.9,In,119,72,0.6050420168067226
detail,RF,Line,OF RF,260-319,25-35,10-19,95-104,2-2.9,In Left,39,32,0.8205128205128205
detail,RF,Line,OF RF,260-319,25-35,10-19,95-104,2-2.9,In Right,163,108,0.6625766871165644
detail,RF,Line,OF RF,260-319,25-35,10-19,95-104,3-3.9,Back,78,65,0.8333333333333334
detail,RF,Line,OF RF,260-319,25-35,10-19,95-104,3-3.9,Back Left,87,77,0.8850574712643678
detail,RF,Line,OF RF,260-319,25-35,10-19,95-104,3-3.9,Back Right,22,22,1.0
detail,RF,Line,OF RF,260-319,25-35,10-19,95-104,3-3.9,In Right,37,32,0.8648648648648649
detail,RF,Line,OF RF,260-319,25-35,20-29,75-84,3-3.9,In,21,20,0.9523809523809523
detail,RF,Line,OF RF,260-319,25-35,20-29,85-94,3-3.9,Back,39,35,0.8974358974358975
detail,RF,Line,OF RF,260-319,25-35,20-29,85-94,3-3.9,Back Left,46,44,0.9565217391304348
detail,RF,Line,OF RF,260-319,25-35,20-29,85-94,3-3.9,In,24,23,0.9583333333333334
detail,RF,Line,OF RF,260-319,25-35,20-29,85-94,3-3.9,In Right,51,47,0.9215686274509803
detail,RF,Line,OF RF,260-319,25-35,20-29,95-104,3-3.9,Back Left,33,28,0.8484848484848485
detail,RF,Line,OF RF,260-319,35+,10-19,105+,2-2.9,Back Left,32,0,0.0
detail,RF,Line,OF RF,260-319,35+,10-19,105+,2-2.9,In Right,87,4,0.04597701149425287
detail,RF,Line,OF RF,260-319,35+,10-19,85-94,2-2.9,In Right,67,8,0.11940298507462686
detail,RF,Line,OF RF,260-319,35+,10-19,85-94,3-3.9,Back Left,36,19,0.5277777777777778
detail,RF,Line,OF RF,260-319,35+,10-19,85-94,3-3.9,In Right,60,13,0.21666666666666667
detail,RF,Line,OF RF,260-319,35+,10-19,95-104,2-2.9,Back Left,43,6,0.13953488372093023
detail,RF,Line,OF RF,260-319,35+,10-19,95-104,2-2.9,In Right,257,18,0.07003891050583658
detail,RF,Line,OF RF,260-319,35+,10-19,95-104,3-3.9,Back Left,81,19,0.2345679012345679
detail,RF,Line,OF RF,260-319,35+,10-19,95-104,3-3.9,In Right,67,15,0.22388059701492538
detail,RF,Line,OF RF,260-319,35+,20-29,75-84,3-3.9,In Right,41,19,0.4634146341463415
detail,RF,Line,OF RF,260-319,35+,20-29,85-94,3-3.9,Back Left,93,42,0.45161290322580644
detail,RF,Line,OF RF,260-319,35+,20-29,85-94,3-3.9,In Right,121,41,0.33884297520661155
detail,RF,Line,OF RF,260-319,35+,20-29,95-104,3-3.9,Back Left,56,14,0.25
detail,RF,Line,OF RF,260-319,35+,20-29,95-104,3-3.9,In Right,39,6,0.15384615384615385
detail,RF,Line,OF RF,320+,15-25,10-19,105+,3-3.9,Back,32,6,0.1875
detail,RF,Line,OF RF,320+,15-25,10-19,105+,3-3.9,Back Right,102,24,0.23529411764705882
detail,RF,Line,OF RF,320+,15-25,10-19,95-104,3-3.9,Back,57,26,0.45614035087719296
detail,RF,Line,OF RF,320+,15-25,10-19,95-104,3-3.9,Back Right,269,102,0.379182156133829
detail,RF,Line,OF RF,320+,15-25,10-19,95-104,4-4.9,Back Right,22,4,0.18181818181818182
detail,RF,Line,OF RF,320+,15-25,20-29,85-94,3-3.9,Back Right,35,15,0.42857142857142855
detail,RF,Line,OF RF,320+,15-25,20-29,85-94,4-4.9,Back Right,55,38,0.6909090909090909
detail,RF,Line,OF RF,320+,15-25,20-29,95-104,3-3.9,Back,31,16,0.5161290322580645
detail,RF,Line,OF RF,320+,15-25,20-29,95-104,3-3.9,Back Right,118,47,0.3983050847457627
detail,RF,Line,OF RF,320+,15-25,20-29,95-104,4-4.9,Back,61,24,0.39344262295081966
detail,RF,Line,OF RF,320+,15-25,20-29,95-104,4-4.9,Back Right,158,45,0.2848101265822785
detail,RF,Line,OF RF,320+,25-35,10-19,105+,3-3.9,Back,50,19,0.38
detail,RF,Line,OF RF,320+,25-35,10-19,105+,3-3.9,Back Left,20,10,0.5
detail,RF,Line,OF RF,320+,25-35,10-19,95-104,3-3.9,Back,86,47,0.5465116279069767
detail,RF,Line,OF RF,320+,25-35,10-19,95-104,3-3.9,Back Left,27,14,0.5185185185185185
detail,RF,Line,OF RF,320+,25-35,20-29,85-94,4-4.9,Back,42,28,0.6666666666666666
detail,RF,Line,OF RF,320+,25-35,20-29,95-104,3-3.9,Back,86,51,0.5930232558139535
detail,RF,Line,OF RF,320+,25-35,20-29,95-104,3-3.9,Back Left,33,20,0.6060606060606061
detail,RF,Line,OF RF,320+,25-35,20-29,95-104,4-4.9,Back,83,41,0.4939759036144578
detail,RF,Line,OF RF,320+,35+,10-19,105+,3-3.9,Back Left,38,0,0.0
detail,RF,Line,OF RF,320+,35+,10-19,95-104,3-3.9,Back Left,32,4,0.125
detail,RF,Line,OF RF,320+,35+,20-29,85-94,4-4.9,Back Left,28,8,0.2857142857142857
detail,RF,Line,OF RF,320+,35+,20-29,95-104,3-3.9,Back Left,65,3,0.046153846153846156
detail,RF,Line,OF RF,320+,35+,20-29,95-104,4-4.9,Back Left,36,6,0.16666666666666666
detail,RF,Line,OF RF,60-89,25-35,0-9,85-94,<2,In,20,0,0.0
detail,RF,Line,OF RF,60-89,25-35,0-9,95-104,<2,In,25,0,0.0
detail,RF,Line,OF RF,90-119,15-25,0-9,85-94,<2,In,26,0,0.0
detail,RF,Line,OF RF,90-119,15-25,0-9,95-104,<2,In,57,0,0.0
detail,RF,Line,OF RF,90-119,25-35,0-9,75-84,<2,In,27,0,0.0
detail,RF,Line,OF RF,90-119,25-35,0-9,85-94,<2,In,53,0,0.0
detail,RF,Line,OF RF,90-119,25-35,0-9,95-104,<2,In,105,0,0.0
detail,RF,Line,OF RF,90-119,35+,0-9,85-94,<2,In,31,0,0.0
detail,RF,Line,OF RF,90-119,35+,0-9,95-104,<2,In,58,0,0.0
detail,RF,Line,OF RF,<60,25-35,<0,95-104,<2,In,23,0,0.0
detail,RF,Popup,OF RF,150-179,15-25,20-29,<75,2-2.9,In,24,22,0.9166666666666666
detail,RF,Popup,OF RF,150-179,15-25,30-44,<75,3-3.9,In,49,47,0.9591836734693877
detail,RF,Popup,OF RF,150-179,15-25,45+,75-84,5+,In,96,95,0.9895833333333334
detail,RF,Popup,OF RF,150-179,15-25,45+,85-94,5+,In,67,64,0.9552238805970149
detail,RF,Popup,OF RF,150-179,15-25,45+,<75,4-4.9,In,54,54,1.0
detail,RF,Popup,OF RF,150-179,15-25,45+,<75,5+,In,46,45,0.9782608695652174
detail,RF,Popup,OF RF,150-179,25-35,30-44,<75,3-3.9,In,40,30,0.75
detail,RF,Popup,OF RF,150-179,25-35,45+,75-84,5+,In,90,86,0.9555555555555556
detail,RF,Popup,OF RF,150-179,25-35,45+,85-94,5+,In,62,60,0.967741935483871
detail,RF,Popup,OF RF,150-179,25-35,45+,<75,4-4.9,In,61,59,0.9672131147540983
detail,RF,Popup,OF RF,150-179,25-35,45+,<75,5+,In,37,36,0.972972972972973
detail,RF,Popup,OF RF,150-179,35+,30-44,<75,3-3.9,In,25,6,0.24
detail,RF,Popup,OF RF,150-179,35+,45+,75-84,5+,In,110,104,0.9454545454545454
detail,RF,Popup,OF RF,150-179,35+,45+,85-94,5+,In,48,43,0.8958333333333334
detail,RF,Popup,OF RF,150-179,35+,45+,<75,4-4.9,In,62,51,0.8225806451612904
detail,RF,Popup,OF RF,150-179,35+,45+,<75,5+,In,37,34,0.918918918918919
detail,RF,Popup,OF RF,180-219,15-25,30-44,<75,3-3.9,In,60,40,0.6666666666666666
detail,RF,Popup,OF RF,180-219,15-25,30-44,<75,4-4.9,In,42,35,0.8333333333333334
detail,RF,Popup,OF RF,180-219,15-25,45+,75-84,5+,In,97,92,0.9484536082474226
detail,RF,Popup,OF RF,180-219,15-25,45+,85-94,5+,In,64,64,1.0
detail,RF,Popup,OF RF,180-219,15-25,45+,<75,4-4.9,In,54,53,0.9814814814814815
detail,RF,Popup,OF RF,180-219,15-25,45+,<75,5+,In,27,24,0.8888888888888888
detail,RF,Popup,OF RF,180-219,25-35,30-44,<75,3-3.9,In,38,7,0.18421052631578946
detail,RF,Popup,OF RF,180-219,25-35,30-44,<75,4-4.9,In,32,16,0.5
detail,RF,Popup,OF RF,180-219,25-35,45+,75-84,5+,In,105,96,0.9142857142857143
detail,RF,Popup,OF RF,180-219,25-35,45+,85-94,5+,In,87,81,0.9310344827586207
detail,RF,Popup,OF RF,180-219,25-35,45+,<75,4-4.9,In,43,32,0.7441860465116279
detail,RF,Popup,OF RF,180-219,25-35,45+,<75,5+,In,22,21,0.9545454545454546
detail,RF,Popup,OF RF,180-219,35+,30-44,<75,3-3.9,In,31,2,0.06451612903225806
detail,RF,Popup,OF RF,180-219,35+,30-44,<75,4-4.9,In,20,4,0.2
detail,RF,Popup,OF RF,180-219,35+,45+,75-84,5+,In,77,64,0.8311688311688312
detail,RF,Popup,OF RF,180-219,35+,45+,75-84,5+,In Right,30,25,0.8333333333333334
detail,RF,Popup,OF RF,180-219,35+,45+,85-94,5+,In,50,45,0.9
detail,RF,Popup,OF RF,180-219,35+,45+,<75,4-4.9,In,36,19,0.5277777777777778
detail,RF,Popup,OF RF,180-219,35+,45+,<75,5+,In,21,16,0.7619047619047619
detail,RF,Popup,OF RF,220-259,15-25,45+,85-94,5+,In,24,24,1.0
detail,RF,Popup,OF RF,220-259,15-25,45+,85-94,5+,In Left,29,29,1.0
detail,RF,Popup,OF RF,220-259,25-35,45+,75-84,5+,In,23,23,1.0
detail,RF,Popup,OF RF,220-259,25-35,45+,85-94,5+,In,39,39,1.0
detail,RF,Popup,OF RF,220-259,35+,45+,75-84,5+,In Right,35,29,0.8285714285714286
detail,RF,Popup,OF RF,220-259,35+,45+,85-94,5+,In Right,29,27,0.9310344827586207
detail,RF,Popup,OF RF,260-319,15-25,45+,85-94,5+,In Left,26,26,1.0
detail,RF,Popup,OF RF Foul Out,150-179,35+,45+,75-84,5+,In,98,98,1.0
detail,RF,Popup,OF RF Foul Out,150-179,35+,45+,75-84,5+,In Right,45,45,1.0
detail,RF,Popup,OF RF Foul Out,150-179,35+,45+,85-94,5+,In,28,28,1.0
detail,RF,Popup,OF RF Foul Out,150-179,35+,45+,<75,4-4.9,In,38,38,1.0
detail,RF,Popup,OF RF Foul Out,150-179,35+,45+,<75,5+,In,32,32,1.0
detail,RF,Popup,OF RF Foul Out,180-219,35+,45+,75-84,5+,In Right,44,44,1.0
detail,RF,Popup,OF RF Foul Out,180-219,35+,45+,85-94,5+,In Right,26,26,1.0
detail,SS,Fly,Shallow Air SS,120-149,35+,45+,75-84,5+,In Right,28,28,1.0
detail,SS,Fly,Shallow Air SS,120-149,<-35,45+,75-84,5+,In Left,27,26,0.9629629629629629
detail,SS,Fly,Shallow Air SS,120-149,<-35,45+,<75,5+,In Left,20,20,1.0
detail,SS,Fly,Shallow Air SS,150-179,-35--25,45+,75-84,5+,Back Right,22,20,0.9090909090909091
detail,SS,Fly,Shallow Air SS,150-179,15-25,45+,75-84,5+,In Right,21,21,1.0
detail,SS,Fly,Shallow Air SS,150-179,25-35,45+,75-84,5+,In Right,26,25,0.9615384615384616
detail,SS,Fly,Shallow Air SS,150-179,25-35,45+,85-94,5+,In Right,20,19,0.95
detail,SS,Fly,Shallow Air SS,150-179,35+,45+,75-84,5+,In Right,64,54,0.84375
detail,SS,Fly,Shallow Air SS,150-179,35+,45+,85-94,5+,In Right,30,27,0.9
detail,SS,Fly,Shallow Air SS,150-179,35+,45+,<75,4-4.9,In Right,21,15,0.7142857142857143
detail,SS,Fly,Shallow Air SS,150-179,35+,45+,<75,5+,In Right,22,21,0.9545454545454546
detail,SS,Fly,Shallow Air SS,150-179,<-35,45+,75-84,5+,In Left,27,24,0.8888888888888888
detail,SS,Fly,Shallow Air SS,90-119,35+,45+,75-84,5+,In Right,28,28,1.0
detail,SS,Ground,IF SS,120-149,-15--5,0-9,105+,Ground,In,93,71,0.7634408602150538
detail,SS,Ground,IF SS,120-149,-15--5,0-9,105+,Ground,In Left,31,4,0.12903225806451613
detail,SS,Ground,IF SS,120-149,-15--5,0-9,105+,Ground,In Right,247,71,0.2874493927125506
detail,SS,Ground,IF SS,120-149,-15--5,0-9,75-84,Ground,In,166,155,0.9337349397590361
detail,SS,Ground,IF SS,120-149,-15--5,0-9,75-84,Ground,In Left,50,36,0.72
detail,SS,Ground,IF SS,120-149,-15--5,0-9,75-84,Ground,In Right,350,232,0.6628571428571428
detail,SS,Ground,IF SS,120-149,-15--5,0-9,85-94,Ground,In,281,246,0.8754448398576512
detail,SS,Ground,IF SS,120-149,-15--5,0-9,85-94,Ground,In Left,128,64,0.5
detail,SS,Ground,IF SS,120-149,-15--5,0-9,85-94,Ground,In Right,569,303,0.5325131810193322
detail,SS,Ground,IF SS,120-149,-15--5,0-9,95-104,Ground,In,462,382,0.8268398268398268
detail,SS,Ground,IF SS,120-149,-15--5,0-9,95-104,Ground,In Left,188,57,0.30319148936170215
detail,SS,Ground,IF SS,120-149,-15--5,0-9,95-104,Ground,In Right,1070,422,0.394392523364486
detail,SS,Ground,IF SS,120-149,-15--5,0-9,<75,Ground,In,137,116,0.8467153284671532
detail,SS,Ground,IF SS,120-149,-15--5,0-9,<75,Ground,In Left,68,40,0.5882352941176471
detail,SS,Ground,IF SS,120-149,-15--5,0-9,<75,Ground,In Right,309,251,0.8122977346278317
detail,SS,Ground,IF SS,120-149,-15--5,10-19,75-84,Ground,In Right,38,16,0.42105263157894735
detail,SS,Ground,IF SS,120-149,-15--5,10-19,<75,Ground,In,59,48,0.8135593220338984
detail,SS,Ground,IF SS,120-149,-15--5,10-19,<75,Ground,In Left,36,22,0.6111111111111112
detail,SS,Ground,IF SS,120-149,-15--5,10-19,<75,Ground,In Right,145,113,0.7793103448275862
detail,SS,Ground,IF SS,120-149,-15--5,20-29,<75,Ground,In,29,23,0.7931034482758621
detail,SS,Ground,IF SS,120-149,-15--5,20-29,<75,Ground,In Right,32,25,0.78125
detail,SS,Ground,IF SS,120-149,-15--5,<0,105+,Ground,In,71,58,0.8169014084507042
detail,SS,Ground,IF SS,120-149,-15--5,<0,105+,Ground,In Left,56,30,0.5357142857142857
detail,SS,Ground,IF SS,120-149,-15--5,<0,105+,Ground,In Right,283,155,0.5477031802120141
detail,SS,Ground,IF SS,120-149,-15--5,<0,75-84,Ground,Back,22,19,0.8636363636363636
detail,SS,Ground,IF SS,120-149,-15--5,<0,75-84,Ground,Back Left,38,32,0.8421052631578947
detail,SS,Ground,IF SS,120-149,-15--5,<0,75-84,Ground,In,595,506,0.8504201680672269
detail,SS,Ground,IF SS,120-149,-15--5,<0,75-84,Ground,In Left,204,146,0.7156862745098039
detail,SS,Ground,IF SS,120-149,-15--5,<0,75-84,Ground,In Right,1779,1506,0.8465430016863407
detail,SS,Ground,IF SS,120-149,-15--5,<0,85-94,Ground,Back,26,18,0.6923076923076923
detail,SS,Ground,IF SS,120-149,-15--5,<0,85-94,Ground,Back Left,47,32,0.6808510638297872
detail,SS,Ground,IF SS,120-149,-15--5,<0,85-94,Ground,In,923,833,0.9024918743228603
detail,SS,Ground,IF SS,120-149,-15--5,<0,85-94,Ground,In Left,336,234,0.6964285714285714
detail,SS,Ground,IF SS,120-149,-15--5,<0,85-94,Ground,In Right,2137,1702,0.7964436125409452
detail,SS,Ground,IF SS,120-149,-15--5,<0,95-104,Ground,Back Left,42,22,0.5238095238095238
detail,SS,Ground,IF SS,120-149,-15--5,<0,95-104,Ground,In,823,752,0.913730255164034
detail,SS,Ground,IF SS,120-149,-15--5,<0,95-104,Ground,In Left,376,216,0.574468085106383
detail,SS,Ground,IF SS,120-149,-15--5,<0,95-104,Ground,In Right,2044,1366,0.6682974559686888
detail,SS,Ground,IF SS,120-149,-15--5,<0,<75,Ground,Back,48,40,0.8333333333333334
detail,SS,Ground,IF SS,120-149,-15--5,<0,<75,Ground,Back Left,54,48,0.8888888888888888
detail,SS,Ground,IF SS,120-149,-15--5,<0,<75,Ground,Back Right,46,38,0.8260869565217391
detail,SS,Ground,IF SS,120-149,-15--5,<0,<75,Ground,In,1275,1031,0.8086274509803921
detail,SS,Ground,IF SS,120-149,-15--5,<0,<75,Ground,In Left,687,526,0.7656477438136827
detail,SS,Ground,IF SS,120-149,-15--5,<0,<75,Ground,In Right,2926,2449,0.8369788106630212
detail,SS,Ground,IF SS,120-149,-25--15,0-9,105+,Ground,In,171,132,0.7719298245614035
detail,SS,Ground,IF SS,120-149,-25--15,0-9,105+,Ground,In Left,129,23,0.17829457364341086
detail,SS,Ground,IF SS,120-149,-25--15,0-9,105+,Ground,In Right,59,30,0.5084745762711864
detail,SS,Ground,IF SS,120-149,-25--15,0-9,75-84,Ground,In,202,180,0.8910891089108911
detail,SS,Ground,IF SS,120-149,-25--15,0-9,75-84,Ground,In Left,182,91,0.5
detail,SS,Ground,IF SS,120-149,-25--15,0-9,75-84,Ground,In Right,51,45,0.8823529411764706
detail,SS,Ground,IF SS,120-149,-25--15,0-9,85-94,Ground,In,373,331,0.8873994638069705
detail,SS,Ground,IF SS,120-149,-25--15,0-9,85-94,Ground,In Left,372,118,0.3172043010752688
detail,SS,Ground,IF SS,120-149,-25--15,0-9,85-94,Ground,In Right,83,68,0.8192771084337349
detail,SS,Ground,IF SS,120-149,-25--15,0-9,95-104,Ground,In,714,579,0.8109243697478992
detail,SS,Ground,IF SS,120-149,-25--15,0-9,95-104,Ground,In Left,606,154,0.25412541254125415
detail,SS,Ground,IF SS,120-149,-25--15,0-9,95-104,Ground,In Right,144,95,0.6597222222222222
detail,SS,Ground,IF SS,120-149,-25--15,0-9,<75,Ground,In,153,129,0.8431372549019608
detail,SS,Ground,IF SS,120-149,-25--15,0-9,<75,Ground,In Left,229,127,0.5545851528384279
detail,SS,Ground,IF SS,120-149,-25--15,0-9,<75,Ground,In Right,21,19,0.9047619047619048
detail,SS,Ground,IF SS,120-149,-25--15,10-19,75-84,Ground,In,33,26,0.7878787878787878
detail,SS,Ground,IF SS,120-149,-25--15,10-19,75-84,Ground,In Left,21,12,0.5714285714285714
detail,SS,Ground,IF SS,120-149,-25--15,10-19,<75,Ground,In,77,65,0.8441558441558441
detail,SS,Ground,IF SS,120-149,-25--15,10-19,<75,Ground,In Left,104,55,0.5288461538461539
detail,SS,Ground,IF SS,120-149,-25--15,20-29,<75,Ground,In Left,35,20,0.5714285714285714
detail,SS,Ground,IF SS,120-149,-25--15,30-44,<75,Ground,In Left,28,21,0.75
detail,SS,Ground,IF SS,120-149,-25--15,<0,105+,Ground,In,125,102,0.816
detail,SS,Ground,IF SS,120-149,-25--15,<0,105+,Ground,In Left,112,37,0.33035714285714285
detail,SS,Ground,IF SS,120-149,-25--15,<0,105+,Ground,In Right,34,29,0.8529411764705882
detail,SS,Ground,IF SS,120-149,-25--15,<0,75-84,Ground,Back,23,17,0.7391304347826086
detail,SS,Ground,IF SS,120-149,-25--15,<0,75-84,Ground,Back Right,23,11,0.4782608695652174
detail,SS,Ground,IF SS,120-149,-25--15,<0,75-84,Ground,In,1052,845,0.8032319391634981
detail,SS,Ground,IF SS,120-149,-25--15,<0,75-84,Ground,In Left,836,571,0.6830143540669856
detail,SS,Ground,IF SS,120-149,-25--15,<0,75-84,Ground,In Right,203,174,0.8571428571428571
detail,SS,Ground,IF SS,120-149,-25--15,<0,85-94,Ground,Back,27,16,0.5925925925925926
detail,SS,Ground,IF SS,120-149,-25--15,<0,85-94,Ground,Back Right,35,18,0.5142857142857142
detail,SS,Ground,IF SS,120-149,-25--15,<0,85-94,Ground,In,1267,1041,0.8216258879242304
detail,SS,Ground,IF SS,120-149,-25--15,<0,85-94,Ground,In Left,1189,606,0.5096719932716569
detail,SS,Ground,IF SS,120-149,-25--15,<0,85-94,Ground,In Right,258,226,0.875968992248062
detail,SS,Ground,IF SS,120-149,-25--15,<0,95-104,Ground,Back,23,7,0.30434782608695654
detail,SS,Ground,IF SS,120-149,-25--15,<0,95-104,Ground,In,964,795,0.8246887966804979
detail,SS,Ground,IF SS,120-149,-25--15,<0,95-104,Ground,In Left,893,302,0.3381858902575588
detail,SS,Ground,IF SS,120-149,-25--15,<0,95-104,Ground,In Right,219,193,0.8812785388127854
detail,SS,Ground,IF SS,120-149,-25--15,<0,<75,Ground,Back,32,26,0.8125
detail,SS,Ground,IF SS,120-149,-25--15,<0,<75,Ground,Back Right,48,35,0.7291666666666666
detail,SS,Ground,IF SS,120-149,-25--15,<0,<75,Ground,In,1502,1199,0.7982689747003995
detail,SS,Ground,IF SS,120-149,-25--15,<0,<75,Ground,In Left,1794,1374,0.7658862876254181
detail,SS,Ground,IF SS,120-149,-25--15,<0,<75,Ground,In Right,278,229,0.8237410071942446
detail,SS,Ground,IF SS,120-149,-5-5,0-9,105+,Ground,In Right,126,16,0.12698412698412698
detail,SS,Ground,IF SS,120-149,-5-5,0-9,75-84,Ground,In,20,15,0.75
detail,SS,Ground,IF SS,120-149,-5-5,0-9,75-84,Ground,In Right,210,85,0.40476190476190477
detail,SS,Ground,IF SS,120-149,-5-5,0-9,85-94,Ground,In,39,36,0.9230769230769231
detail,SS,Ground,IF SS,120-149,-5-5,0-9,85-94,Ground,In Left,25,15,0.6
detail,SS,Ground,IF SS,120-149,-5-5,0-9,85-94,Ground,In Right,319,76,0.23824451410658307
detail,SS,Ground,IF SS,120-149,-5-5,0-9,95-104,Ground,In,76,63,0.8289473684210527
detail,SS,Ground,IF SS,120-149,-5-5,0-9,95-104,Ground,In Left,47,19,0.40425531914893614
detail,SS,Ground,IF SS,120-149,-5-5,0-9,95-104,Ground,In Right,662,138,0.2084592145015106
detail,SS,Ground,IF SS,120-149,-5-5,0-9,<75,Ground,In,24,22,0.9166666666666666
detail,SS,Ground,IF SS,120-149,-5-5,0-9,<75,Ground,In Right,203,126,0.6206896551724138
detail,SS,Ground,IF SS,120-149,-5-5,10-19,<75,Ground,In Right,78,51,0.6538461538461539
detail,SS,Ground,IF SS,120-149,-5-5,20-29,<75,Ground,In Right,27,20,0.7407407407407407
detail,SS,Ground,IF SS,120-149,-5-5,<0,105+,Ground,In Right,165,37,0.22424242424242424
detail,SS,Ground,IF SS,120-149,-5-5,<0,75-84,Ground,In,84,79,0.9404761904761905
detail,SS,Ground,IF SS,120-149,-5-5,<0,75-84,Ground,In Left,63,52,0.8253968253968254
detail,SS,Ground,IF SS,120-149,-5-5,<0,75-84,Ground,In Right,1000,739,0.739
detail,SS,Ground,IF SS,120-149,-5-5,<0,85-94,Ground,Back Left,29,15,0.5172413793103449
detail,SS,Ground,IF SS,120-149,-5-5,<0,85-94,Ground,In,98,90,0.9183673469387755
detail,SS,Ground,IF SS,120-149,-5-5,<0,85-94,Ground,In Left,68,50,0.7352941176470589
detail,SS,Ground,IF SS,120-149,-5-5,<0,85-94,Ground,In Right,1400,769,0.5492857142857143
detail,SS,Ground,IF SS,120-149,-5-5,<0,95-104,Ground,Back Left,20,6,0.3
detail,SS,Ground,IF SS,120-149,-5-5,<0,95-104,Ground,In,108,94,0.8703703703703703
detail,SS,Ground,IF SS,120-149,-5-5,<0,95-104,Ground,In Left,89,47,0.5280898876404494
detail,SS,Ground,IF SS,120-149,-5-5,<0,95-104,Ground,In Right,1393,491,0.35247666905958364
detail,SS,Ground,IF SS,120-149,-5-5,<0,<75,Ground,Back Left,69,56,0.8115942028985508
detail,SS,Ground,IF SS,120-149,-5-5,<0,<75,Ground,In,186,152,0.8172043010752689
detail,SS,Ground,IF SS,120-149,-5-5,<0,<75,Ground,In Left,117,94,0.8034188034188035
detail,SS,Ground,IF SS,120-149,-5-5,<0,<75,Ground,In Right,2092,1683,0.8044933078393881
detail,SS,Line,Shallow Air SS,120-149,-15--5,0-9,105+,<2,In Right,29,1,0.034482758620689655
detail,SS,Line,Shallow Air SS,120-149,-15--5,0-9,75-84,<2,In Right,21,3,0.14285714285714285
detail,SS,Line,Shallow Air SS,120-149,-15--5,0-9,85-94,<2,In Right,54,6,0.1111111111111111
detail,SS,Line,Shallow Air SS,120-149,-15--5,0-9,95-104,<2,In,23,3,0.13043478260869565
detail,SS,Line,Shallow Air SS,120-149,-15--5,0-9,95-104,<2,In Left,25,4,0.16
detail,SS,Line,Shallow Air SS,120-149,-15--5,0-9,95-104,<2,In Right,122,6,0.04918032786885246
detail,SS,Line,Shallow Air SS,120-149,-15--5,10-19,<75,<2,In Right,27,13,0.48148148148148145
detail,SS,Line,Shallow Air SS,120-149,-25--15,0-9,105+,<2,In Left,27,3,0.1111111111111111
detail,SS,Line,Shallow Air SS,120-149,-25--15,0-9,85-94,<2,In Left,68,7,0.10294117647058823
detail,SS,Line,Shallow Air SS,120-149,-25--15,0-9,95-104,<2,Back Right,25,10,0.4
detail,SS,Line,Shallow Air SS,120-149,-25--15,0-9,95-104,<2,In,27,7,0.25925925925925924
detail,SS,Line,Shallow Air SS,120-149,-25--15,0-9,95-104,<2,In Left,129,13,0.10077519379844961
detail,SS,Line,Shallow Air SS,120-149,-25--15,10-19,<75,<2,In Left,45,11,0.24444444444444444
detail,SS,Line,Shallow Air SS,120-149,-35--25,0-9,105+,<2,In Left,66,6,0.09090909090909091
detail,SS,Line,Shallow Air SS,120-149,-35--25,0-9,75-84,<2,In Left,74,25,0.33783783783783783
detail,SS,Line,Shallow Air SS,120-149,-35--25,0-9,85-94,<2,In Left,180,58,0.32222222222222224
detail,SS,Line,Shallow Air SS,120-149,-35--25,0-9,95-104,<2,In Left,300,50,0.16666666666666666
detail,SS,Line,Shallow Air SS,120-149,-35--25,10-19,75-84,<2,In Left,70,22,0.3142857142857143
detail,SS,Line,Shallow Air SS,120-149,-35--25,10-19,85-94,<2,In Left,46,14,0.30434782608695654
detail,SS,Line,Shallow Air SS,120-149,-35--25,10-19,<75,<2,In Left,83,33,0.39759036144578314
detail,SS,Line,Shallow Air SS,120-149,-5-5,0-9,105+,<2,In Right,46,3,0.06521739130434782
detail,SS,Line,Shallow Air SS,120-149,-5-5,0-9,75-84,<2,In Right,52,5,0.09615384615384616
detail,SS,Line,Shallow Air SS,120-149,-5-5,0-9,85-94,<2,In Right,131,7,0.05343511450381679
detail,SS,Line,Shallow Air SS,120-149,-5-5,0-9,95-104,<2,In Right,261,18,0.06896551724137931
detail,SS,Line,Shallow Air SS,120-149,-5-5,10-19,75-84,<2,In Right,34,3,0.08823529411764706
detail,SS,Line,Shallow Air SS,120-149,-5-5,10-19,<75,<2,In Right,64,19,0.296875
detail,SS,Line,Shallow Air SS,120-149,15-25,0-9,105+,<2,In Right,25,3,0.12
detail,SS,Line,Shallow Air SS,120-149,15-25,0-9,75-84,<2,In Right,36,5,0.1388888888888889
detail,SS,Line,Shallow Air SS,120-149,15-25,0-9,85-94,<2,In Right,85,6,0.07058823529411765
detail,SS,Line,Shallow Air SS,120-149,15-25,0-9,95-104,<2,In Right,151,11,0.0728476821192053
detail,SS,Line,Shallow Air SS,120-149,15-25,10-19,75-84,<2,In Right,29,12,0.41379310344827586
detail,SS,Line,Shallow Air SS,120-149,15-25,10-19,<75,<2,In Right,43,17,0.3953488372093023
detail,SS,Line,Shallow Air SS,120-149,25-35,0-9,105+,<2,In Right,51,4,0.0784313725490196
detail,SS,Line,Shallow Air SS,120-149,25-35,0-9,75-84,<2,In Right,52,18,0.34615384615384615
detail,SS,Line,Shallow Air SS,120-149,25-35,0-9,85-94,<2,In Right,154,39,0.2532467532467532
detail,SS,Line,Shallow Air SS,120-149,25-35,0-9,95-104,<2,In Right,247,38,0.15384615384615385
detail,SS,Line,Shallow Air SS,120-149,25-35,10-19,75-84,<2,In Right,49,13,0.2653061224489796
detail,SS,Line,Shallow Air SS,120-149,25-35,10-19,<75,<2,In Right,72,31,0.4305555555555556
detail,SS,Line,Shallow Air SS,120-149,35+,0-9,105+,<2,In Right,34,17,0.5
detail,SS,Line,Shallow Air SS,120-149,35+,0-9,75-84,<2,In Right,54,37,0.6851851851851852
detail,SS,Line,Shallow Air SS,120-149,35+,0-9,85-94,<2,In Right,172,120,0.6976744186046512
detail,SS,Line,Shallow Air SS,120-149,35+,0-9,95-104,<2,In Right,211,124,0.5876777251184834
detail,SS,Line,Shallow Air SS,120-149,35+,10-19,75-84,<2,In Right,73,51,0.6986301369863014
detail,SS,Line,Shallow Air SS,120-149,35+,10-19,85-94,<2,In Right,26,14,0.5384615384615384
detail,SS,Line,Shallow Air SS,120-149,35+,10-19,<75,<2,In Right,79,50,0.6329113924050633
detail,SS,Line,Shallow Air SS,120-149,35+,20-29,<75,2-2.9,In Right,20,5,0.25
detail,SS,Line,Shallow Air SS,120-149,5-15,0-9,105+,<2,In Right,33,7,0.21212121212121213
detail,SS,Line,Shallow Air SS,120-149,5-15,0-9,85-94,<2,In Right,82,23,0.2804878048780488
detail,SS,Line,Shallow Air SS,120-149,5-15,0-9,95-104,<2,In Right,155,35,0.22580645161290322
detail,SS,Line,Shallow Air SS,120-149,5-15,10-19,75-84,<2,In Right,26,14,0.5384615384615384
detail,SS,Line,Shallow Air SS,120-149,5-15,10-19,<75,<2,In Right,49,37,0.7551020408163265
detail,SS,Line,Shallow Air SS,120-149,<-35,0-9,105+,<2,In Left,71,45,0.6338028169014085
detail,SS,Line,Shallow Air SS,120-149,<-35,0-9,75-84,<2,In Left,48,26,0.5416666666666666
detail,SS,Line,Shallow Air SS,120-149,<-35,0-9,85-94,<2,In Left,156,101,0.6474358974358975
detail,SS,Line,Shallow Air SS,120-149,<-35,0-9,95-104,<2,In Left,329,198,0.601823708206687
detail,SS,Line,Shallow Air SS,120-149,<-35,10-19,75-84,<2,In Left,103,65,0.6310679611650486
detail,SS,Line,Shallow Air SS,120-149,<-35,10-19,85-94,<2,In Left,73,49,0.6712328767123288
detail,SS,Line,Shallow Air SS,120-149,<-35,10-19,95-104,<2,In Left,42,23,0.5476190476190477
detail,SS,Line,Shallow Air SS,120-149,<-35,10-19,<75,<2,In Left,79,47,0.5949367088607594
detail,SS,Line,Shallow Air SS,150-179,-15--5,0-9,105+,<2,Back,21,16,0.7619047619047619
detail,SS,Line,Shallow Air SS,150-179,-15--5,0-9,105+,<2,Back Left,42,9,0.21428571428571427
detail,SS,Line,Shallow Air SS,150-179,-15--5,0-9,85-94,<2,Back,44,39,0.8863636363636364
detail,SS,Line,Shallow Air SS,150-179,-15--5,0-9,85-94,<2,Back Left,55,13,0.23636363636363636
detail,SS,Line,Shallow Air SS,150-179,-15--5,0-9,95-104,<2,Back,85,75,0.8823529411764706
detail,SS,Line,Shallow Air SS,150-179,-15--5,0-9,95-104,<2,Back Left,154,36,0.23376623376623376
detail,SS,Line,Shallow Air SS,150-179,-15--5,0-9,95-104,<2,Back Right,51,26,0.5098039215686274
detail,SS,Line,Shallow Air SS,150-179,-15--5,10-19,75-84,<2,Back,27,24,0.8888888888888888
detail,SS,Line,Shallow Air SS,150-179,-15--5,10-19,75-84,<2,Back Left,75,25,0.3333333333333333
detail,SS,Line,Shallow Air SS,150-179,-15--5,10-19,85-94,<2,Back,29,22,0.7586206896551724
detail,SS,Line,Shallow Air SS,150-179,-15--5,10-19,85-94,<2,Back Left,55,12,0.21818181818181817
detail,SS,Line,Shallow Air SS,150-179,-15--5,10-19,95-104,<2,Back Left,39,5,0.1282051282051282
detail,SS,Line,Shallow Air SS,150-179,-15--5,10-19,<75,2-2.9,Back,25,16,0.64
detail,SS,Line,Shallow Air SS,150-179,-15--5,10-19,<75,2-2.9,Back Left,23,17,0.7391304347826086
detail,SS,Line,Shallow Air SS,150-179,-15--5,10-19,<75,<2,Back Left,28,19,0.6785714285714286
detail,SS,Line,Shallow Air SS,150-179,-25--15,0-9,105+,<2,Back,46,42,0.9130434782608695
detail,SS,Line,Shallow Air SS,150-179,-25--15,0-9,105+,<2,Back Right,45,12,0.26666666666666666
detail,SS,Line,Shallow Air SS,150-179,-25--15,0-9,85-94,<2,Back,34,28,0.8235294117647058
detail,SS,Line,Shallow Air SS,150-179,-25--15,0-9,85-94,<2,Back Right,91,30,0.32967032967032966
detail,SS,Line,Shallow Air SS,150-179,-25--15,0-9,95-104,<2,Back,108,102,0.9444444444444444
detail,SS,Line,Shallow Air SS,150-179,-25--15,0-9,95-104,<2,Back Left,20,16,0.8
detail,SS,Line,Shallow Air SS,150-179,-25--15,0-9,95-104,<2,Back Right,177,49,0.2768361581920904
detail,SS,Line,Shallow Air SS,150-179,-25--15,0-9,95-104,<2,In Left,32,6,0.1875
detail,SS,Line,Shallow Air SS,150-179,-25--15,10-19,75-84,<2,Back,46,36,0.782608695652174
detail,SS,Line,Shallow Air SS,150-179,-25--15,10-19,75-84,<2,Back Right,84,50,0.5952380952380952
detail,SS,Line,Shallow Air SS,150-179,-25--15,10-19,85-94,<2,Back,51,44,0.8627450980392157
detail,SS,Line,Shallow Air SS,150-179,-25--15,10-19,85-94,<2,Back Right,56,31,0.5535714285714286
detail,SS,Line,Shallow Air SS,150-179,-25--15,10-19,95-104,<2,Back,43,39,0.9069767441860465
detail,SS,Line,Shallow Air SS,150-179,-25--15,10-19,95-104,<2,Back Right,49,16,0.32653061224489793
detail,SS,Line,Shallow Air SS,150-179,-25--15,10-19,<75,2-2.9,Back,22,18,0.8181818181818182
detail,SS,Line,Shallow Air SS,150-179,-25--15,10-19,<75,2-2.9,Back Right,30,18,0.6
detail,SS,Line,Shallow Air SS,150-179,-25--15,10-19,<75,<2,Back Right,25,17,0.68
detail,SS,Line,Shallow Air SS,150-179,-35--25,0-9,105+,<2,Back Right,87,3,0.034482758620689655
detail,SS,Line,Shallow Air SS,150-179,-35--25,0-9,85-94,<2,Back Right,83,6,0.07228915662650602
detail,SS,Line,Shallow Air SS,150-179,-35--25,0-9,85-94,<2,In Left,47,10,0.2127659574468085
detail,SS,Line,Shallow Air SS,150-179,-35--25,0-9,95-104,<2,Back Right,189,13,0.06878306878306878
detail,SS,Line,Shallow Air SS,150-179,-35--25,0-9,95-104,<2,In Left,57,13,0.22807017543859648
detail,SS,Line,Shallow Air SS,150-179,-35--25,10-19,105+,<2,Back Right,20,1,0.05
detail,SS,Line,Shallow Air SS,150-179,-35--25,10-19,75-84,<2,Back Right,127,9,0.07086614173228346
detail,SS,Line,Shallow Air SS,150-179,-35--25,10-19,75-84,<2,In Left,27,1,0.037037037037037035
detail,SS,Line,Shallow Air SS,150-179,-35--25,10-19,85-94,<2,Back Right,135,11,0.08148148148148149
detail,SS,Line,Shallow Air SS,150-179,-35--25,10-19,95-104,<2,Back Right,136,4,0.029411764705882353
detail,SS,Line,Shallow Air SS,150-179,-35--25,10-19,<75,2-2.9,Back Right,28,4,0.14285714285714285
detail,SS,Line,Shallow Air SS,150-179,-35--25,10-19,<75,<2,Back Right,36,6,0.16666666666666666
detail,SS,Line,Shallow Air SS,150-179,-35--25,20-29,<75,2-2.9,Back Right,33,9,0.2727272727272727
detail,SS,Line,Shallow Air SS,150-179,-5-5,0-9,105+,<2,Back Left,56,7,0.125
detail,SS,Line,Shallow Air SS,150-179,-5-5,0-9,85-94,<2,Back Left,88,12,0.13636363636363635
detail,SS,Line,Shallow Air SS,150-179,-5-5,0-9,85-94,<2,In Right,26,9,0.34615384615384615
detail,SS,Line,Shallow Air SS,150-179,-5-5,0-9,95-104,<2,Back Left,247,28,0.11336032388663968
detail,SS,Line,Shallow Air SS,150-179,-5-5,0-9,95-104,<2,In Right,41,7,0.17073170731707318
detail,SS,Line,Shallow Air SS,150-179,-5-5,10-19,75-84,<2,Back Left,85,17,0.2
detail,SS,Line,Shallow Air SS,150-179,-5-5,10-19,85-94,<2,Back Left,61,11,0.18032786885245902
detail,SS,Line,Shallow Air SS,150-179,-5-5,10-19,95-104,<2,Back Left,52,5,0.09615384615384616
detail,SS,Line,Shallow Air SS,150-179,-5-5,10-19,<75,2-2.9,Back Left,52,20,0.38461538461538464
detail,SS,Line,Shallow Air SS,150-179,-5-5,10-19,<75,<2,Back Left,44,18,0.4090909090909091
detail,SS,Line,Shallow Air SS,150-179,-5-5,10-19,<75,<2,In Right,20,7,0.35
detail,SS,Line,Shallow Air SS,150-179,-5-5,20-29,<75,2-2.9,Back Left,25,13,0.52
detail,SS,Line,Shallow Air SS,150-179,15-25,0-9,105+,<2,Back Left,22,10,0.45454545454545453
detail,SS,Line,Shallow Air SS,150-179,15-25,0-9,105+,<2,In Right,48,15,0.3125
detail,SS,Line,Shallow Air SS,150-179,15-25,0-9,85-94,<2,Back Left,20,9,0.45
detail,SS,Line,Shallow Air SS,150-179,15-25,0-9,85-94,<2,In Right,104,39,0.375
detail,SS,Line,Shallow Air SS,150-179,15-25,0-9,95-104,<2,Back Left,65,42,0.6461538461538462
detail,SS,Line,Shallow Air SS,150-179,15-25,0-9,95-104,<2,In Right,201,80,0.39800995024875624
detail,SS,Line,Shallow Air SS,150-179,15-25,10-19,75-84,<2,Back Left,38,26,0.6842105263157895
detail,SS,Line,Shallow Air SS,150-179,15-25,10-19,75-84,<2,In Right,78,41,0.5256410256410257
detail,SS,Line,Shallow Air SS,150-179,15-25,10-19,85-94,<2,Back Left,30,13,0.43333333333333335
detail,SS,Line,Shallow Air SS,150-179,15-25,10-19,85-94,<2,In Right,67,32,0.47761194029850745
detail,SS,Line,Shallow Air SS,150-179,15-25,10-19,95-104,<2,Back Left,32,16,0.5
detail,SS,Line,Shallow Air SS,150-179,15-25,10-19,95-104,<2,In Right,46,29,0.6304347826086957
detail,SS,Line,Shallow Air SS,150-179,15-25,10-19,<75,2-2.9,In Right,35,22,0.6285714285714286
detail,SS,Line,Shallow Air SS,150-179,15-25,10-19,<75,<2,In Right,39,25,0.6410256410256411
detail,SS,Line,Shallow Air SS,150-179,15-25,20-29,<75,2-2.9,In Right,24,17,0.7083333333333334
detail,SS,Line,Shallow Air SS,150-179,25-35,0-9,105+,<2,In Right,42,4,0.09523809523809523
detail,SS,Line,Shallow Air SS,150-179,25-35,0-9,85-94,<2,In Right,122,18,0.14754098360655737
detail,SS,Line,Shallow Air SS,150-179,25-35,0-9,95-104,<2,In Right,215,21,0.09767441860465116
detail,SS,Line,Shallow Air SS,150-179,25-35,10-19,75-84,<2,In Right,78,21,0.2692307692307692
detail,SS,Line,Shallow Air SS,150-179,25-35,10-19,85-94,<2,In Right,86,12,0.13953488372093023
detail,SS,Line,Shallow Air SS,150-179,25-35,10-19,95-104,<2,In Right,62,6,0.0967741935483871
detail,SS,Line,Shallow Air SS,150-179,25-35,10-19,<75,2-2.9,In Right,41,3,0.07317073170731707
detail,SS,Line,Shallow Air SS,150-179,25-35,10-19,<75,<2,In Right,33,3,0.09090909090909091
detail,SS,Line,Shallow Air SS,150-179,25-35,20-29,<75,2-2.9,In Right,24,5,0.20833333333333334
detail,SS,Line,Shallow Air SS,150-179,35+,0-9,105+,<2,In Right,33,13,0.3939393939393939
detail,SS,Line,Shallow Air SS,150-179,35+,0-9,85-94,<2,In Right,72,26,0.3611111111111111
detail,SS,Line,Shallow Air SS,150-179,35+,0-9,95-104,<2,In Right,171,63,0.3684210526315789
detail,SS,Line,Shallow Air SS,150-179,35+,10-19,75-84,<2,In Right,111,25,0.22522522522522523
detail,SS,Line,Shallow Air SS,150-179,35+,10-19,85-94,<2,In Right,120,31,0.25833333333333336
detail,SS,Line,Shallow Air SS,150-179,35+,10-19,95-104,<2,In Right,93,14,0.15053763440860216
detail,SS,Line,Shallow Air SS,150-179,35+,10-19,<75,2-2.9,In Right,25,0,0.0
detail,SS,Line,Shallow Air SS,150-179,35+,10-19,<75,<2,In Right,32,7,0.21875
detail,SS,Line,Shallow Air SS,150-179,35+,20-29,<75,2-2.9,In Right,27,0,0.0
detail,SS,Line,Shallow Air SS,150-179,5-15,0-9,105+,<2,Back Left,45,12,0.26666666666666666
detail,SS,Line,Shallow Air SS,150-179,5-15,0-9,105+,<2,In Right,30,12,0.4
detail,SS,Line,Shallow Air SS,150-179,5-15,0-9,85-94,<2,Back Left,70,44,0.6285714285714286
detail,SS,Line,Shallow Air SS,150-179,5-15,0-9,85-94,<2,In Right,80,62,0.775
detail,SS,Line,Shallow Air SS,150-179,5-15,0-9,95-104,<2,Back Left,166,87,0.5240963855421686
detail,SS,Line,Shallow Air SS,150-179,5-15,0-9,95-104,<2,In Right,165,100,0.6060606060606061
detail,SS,Line,Shallow Air SS,150-179,5-15,10-19,75-84,<2,Back Left,73,33,0.4520547945205479
detail,SS,Line,Shallow Air SS,150-179,5-15,10-19,75-84,<2,In Right,53,34,0.6415094339622641
detail,SS,Line,Shallow Air SS,150-179,5-15,10-19,85-94,<2,Back Left,46,20,0.43478260869565216
detail,SS,Line,Shallow Air SS,150-179,5-15,10-19,85-94,<2,In Right,29,16,0.5517241379310345
detail,SS,Line,Shallow Air SS,150-179,5-15,10-19,95-104,<2,Back Left,43,14,0.32558139534883723
detail,SS,Line,Shallow Air SS,150-179,5-15,10-19,<75,2-2.9,Back Left,31,18,0.5806451612903226
detail,SS,Line,Shallow Air SS,150-179,5-15,10-19,<75,2-2.9,In Right,22,19,0.8636363636363636
detail,SS,Line,Shallow Air SS,150-179,5-15,10-19,<75,<2,In Right,33,24,0.7272727272727273
detail,SS,Line,Shallow Air SS,150-179,<-35,0-9,105+,<2,Back Right,33,7,0.21212121212121213
detail,SS,Line,Shallow Air SS,150-179,<-35,0-9,105+,<2,In Left,22,7,0.3181818181818182
detail,SS,Line,Shallow Air SS,150-179,<-35,0-9,85-94,<2,Back Right,30,4,0.13333333333333333
detail,SS,Line,Shallow Air SS,150-179,<-35,0-9,85-94,<2,In Left,50,16,0.32
detail,SS,Line,Shallow Air SS,150-179,<-35,0-9,95-104,<2,Back Right,84,18,0.21428571428571427
detail,SS,Line,Shallow Air SS,150-179,<-35,0-9,95-104,<2,In Left,83,27,0.3253012048192771
detail,SS,Line,Shallow Air SS,150-179,<-35,10-19,105+,<2,Back Right,25,4,0.16
detail,SS,Line,Shallow Air SS,150-179,<-35,10-19,75-84,<2,Back Right,75,2,0.02666666666666667
detail,SS,Line,Shallow Air SS,150-179,<-35,10-19,75-84,<2,In Left,57,8,0.14035087719298245
detail,SS,Line,Shallow Air SS,150-179,<-35,10-19,85-94,<2,Back Right,118,8,0.06779661016949153
detail,SS,Line,Shallow Air SS,150-179,<-35,10-19,85-94,<2,In Left,55,9,0.16363636363636364
detail,SS,Line,Shallow Air SS,150-179,<-35,10-19,95-104,<2,Back Right,132,8,0.06060606060606061
detail,SS,Line,Shallow Air SS,150-179,<-35,10-19,95-104,<2,In Left,49,7,0.14285714285714285
detail,SS,Line,Shallow Air SS,150-179,<-35,10-19,<75,<2,In Left,25,0,0.0
detail,SS,Line,Shallow Air SS,60-89,-15--5,0-9,95-104,<2,In,23,0,0.0
detail,SS,Line,Shallow Air SS,60-89,-35--25,0-9,85-94,<2,In,21,0,0.0
detail,SS,Line,Shallow Air SS,60-89,-35--25,0-9,95-104,<2,In,33,1,0.030303030303030304
detail,SS,Line,Shallow Air SS,60-89,-5-5,0-9,105+,<2,In,24,5,0.20833333333333334
detail,SS,Line,Shallow Air SS,60-89,-5-5,0-9,75-84,<2,In,28,13,0.4642857142857143
detail,SS,Line,Shallow Air SS,60-89,-5-5,0-9,85-94,<2,In,49,17,0.3469387755102041
detail,SS,Line,Shallow Air SS,60-89,-5-5,0-9,95-104,<2,In,98,14,0.14285714285714285
detail,SS,Line,Shallow Air SS,60-89,-5-5,0-9,<75,<2,In,33,23,0.696969696969697
detail,SS,Line,Shallow Air SS,60-89,5-15,0-9,95-104,<2,In,23,4,0.17391304347826086
detail,SS,Line,Shallow Air SS,60-89,<-35,0-9,85-94,<2,In,21,2,0.09523809523809523
detail,SS,Line,Shallow Air SS,60-89,<-35,0-9,95-104,<2,In,30,4,0.13333333333333333
detail,SS,Line,Shallow Air SS,90-119,-15--5,0-9,85-94,<2,In,24,1,0.041666666666666664
detail,SS,Line,Shallow Air SS,90-119,-15--5,0-9,95-104,<2,In,45,1,0.022222222222222223
detail,SS,Line,Shallow Air SS,90-119,-25--15,0-9,85-94,<2,In,27,0,0.0
detail,SS,Line,Shallow Air SS,90-119,-25--15,0-9,95-104,<2,In,40,3,0.075
detail,SS,Line,Shallow Air SS,90-119,-35--25,0-9,105+,<2,In,21,0,0.0
detail,SS,Line,Shallow Air SS,90-119,-35--25,0-9,75-84,<2,In Left,33,16,0.48484848484848486
detail,SS,Line,Shallow Air SS,90-119,-35--25,0-9,85-94,<2,In,35,0,0.0
detail,SS,Line,Shallow Air SS,90-119,-35--25,0-9,85-94,<2,In Left,68,27,0.39705882352941174
detail,SS,Line,Shallow Air SS,90-119,-35--25,0-9,95-104,<2,In,82,4,0.04878048780487805
detail,SS,Line,Shallow Air SS,90-119,-35--25,0-9,95-104,<2,In Left,95,25,0.2631578947368421
detail,SS,Line,Shallow Air SS,90-119,-35--25,10-19,<75,<2,In Left,26,20,0.7692307692307693
detail,SS,Line,Shallow Air SS,90-119,-5-5,0-9,105+,<2,In,30,7,0.23333333333333334
detail,SS,Line,Shallow Air SS,90-119,-5-5,0-9,75-84,<2,In,33,6,0.18181818181818182
detail,SS,Line,Shallow Air SS,90-119,-5-5,0-9,75-84,<2,In Right,28,9,0.32142857142857145
detail,SS,Line,Shallow Air SS,90-119,-5-5,0-9,85-94,<2,In,70,23,0.32857142857142857
detail,SS,Line,Shallow Air SS,90-119,-5-5,0-9,85-94,<2,In Right,57,13,0.22807017543859648
detail,SS,Line,Shallow Air SS,90-119,-5-5,0-9,95-104,<2,In,123,29,0.23577235772357724
detail,SS,Line,Shallow Air SS,90-119,-5-5,0-9,95-104,<2,In Right,113,23,0.20353982300884957
detail,SS,Line,Shallow Air SS,90-119,15-25,0-9,85-94,<2,In Right,25,1,0.04
detail,SS,Line,Shallow Air SS,90-119,15-25,0-9,95-104,<2,In Right,56,2,0.03571428571428571
detail,SS,Line,Shallow Air SS,90-119,25-35,0-9,75-84,<2,In Right,37,10,0.2702702702702703
detail,SS,Line,Shallow Air SS,90-119,25-35,0-9,85-94,<2,In Right,61,10,0.16393442622950818
detail,SS,Line,Shallow Air SS,90-119,25-35,0-9,95-104,<2,In Right,113,11,0.09734513274336283
detail,SS,Line,Shallow Air SS,90-119,25-35,10-19,<75,<2,In Right,25,17,0.68
detail,SS,Line,Shallow Air SS,90-119,35+,0-9,75-84,<2,In Right,34,25,0.7352941176470589
detail,SS,Line,Shallow Air SS,90-119,35+,0-9,85-94,<2,In Right,65,34,0.5230769230769231
detail,SS,Line,Shallow Air SS,90-119,35+,0-9,95-104,<2,In Right,103,45,0.4368932038834951
detail,SS,Line,Shallow Air SS,90-119,35+,10-19,<75,<2,In Right,40,36,0.9
detail,SS,Line,Shallow Air SS,90-119,5-15,0-9,85-94,<2,In Right,22,9,0.4090909090909091
detail,SS,Line,Shallow Air SS,90-119,5-15,0-9,95-104,<2,In,21,2,0.09523809523809523
detail,SS,Line,Shallow Air SS,90-119,5-15,0-9,95-104,<2,In Right,45,6,0.13333333333333333
detail,SS,Line,Shallow Air SS,90-119,<-35,0-9,105+,<2,In Left,28,10,0.35714285714285715
detail,SS,Line,Shallow Air SS,90-119,<-35,0-9,75-84,<2,In Left,54,26,0.48148148148148145
detail,SS,Line,Shallow Air SS,90-119,<-35,0-9,85-94,<2,In Left,119,52,0.4369747899159664
detail,SS,Line,Shallow Air SS,90-119,<-35,0-9,95-104,<2,In Left,180,67,0.37222222222222223
detail,SS,Line,Shallow Air SS,90-119,<-35,10-19,<75,<2,In Left,38,32,0.8421052631578947
detail,SS,Line,Shallow Air SS,<60,-25--15,<0,85-94,<2,In,21,1,0.047619047619047616
detail,SS,Line,Shallow Air SS,<60,-25--15,<0,95-104,<2,In,21,6,0.2857142857142857
detail,SS,Line,Shallow Air SS,<60,-35--25,<0,95-104,<2,In,23,1,0.043478260869565216
detail,SS,Line,Shallow Air SS,<60,-5-5,<0,85-94,<2,In,47,8,0.1702127659574468
detail,SS,Line,Shallow Air SS,<60,-5-5,<0,95-104,<2,In,50,11,0.22
detail,SS,Line,Shallow Air SS,<60,25-35,<0,85-94,<2,In,22,5,0.22727272727272727
detail,SS,Line,Shallow Air SS,<60,25-35,<0,95-104,<2,In,22,0,0.0
detail,SS,Line,Shallow Air SS,<60,<-35,<0,85-94,<2,In,25,0,0.0
detail,SS,Line,Shallow Air SS,<60,<-35,<0,95-104,<2,In,21,0,0.0
detail,SS,Popup,Shallow Air SS,120-149,-15--5,45+,75-84,5+,In Right,38,38,1.0
detail,SS,Popup,Shallow Air SS,120-149,-15--5,45+,85-94,5+,In Right,21,21,1.0
detail,SS,Popup,Shallow Air SS,120-149,-25--15,45+,75-84,5+,In Left,41,40,0.975609756097561
detail,SS,Popup,Shallow Air SS,120-149,-25--15,45+,85-94,5+,In Left,21,20,0.9523809523809523
detail,SS,Popup,Shallow Air SS,120-149,-25--15,45+,<75,4-4.9,In Left,22,22,1.0
detail,SS,Popup,Shallow Air SS,120-149,-25--15,45+,<75,5+,In Left,24,24,1.0
detail,SS,Popup,Shallow Air SS,120-149,-35--25,45+,75-84,5+,In Left,56,55,0.9821428571428571
detail,SS,Popup,Shallow Air SS,120-149,-35--25,45+,85-94,5+,In Left,25,22,0.88
detail,SS,Popup,Shallow Air SS,120-149,-35--25,45+,<75,4-4.9,In Left,27,27,1.0
detail,SS,Popup,Shallow Air SS,120-149,-35--25,45+,<75,5+,In Left,25,24,0.96
detail,SS,Popup,Shallow Air SS,120-149,-5-5,45+,75-84,5+,In Right,50,49,0.98
detail,SS,Popup,Shallow Air SS,120-149,-5-5,45+,85-94,5+,In Right,37,35,0.9459459459459459
detail,SS,Popup,Shallow Air SS,120-149,-5-5,45+,<75,4-4.9,In Right,35,35,1.0
detail,SS,Popup,Shallow Air SS,120-149,-5-5,45+,<75,5+,In Right,34,34,1.0
detail,SS,Popup,Shallow Air SS,120-149,15-25,45+,75-84,5+,In Right,77,76,0.987012987012987
detail,SS,Popup,Shallow Air SS,120-149,15-25,45+,85-94,5+,In Right,42,39,0.9285714285714286
detail,SS,Popup,Shallow Air SS,120-149,15-25,45+,<75,4-4.9,In Right,45,45,1.0
detail,SS,Popup,Shallow Air SS,120-149,15-25,45+,<75,5+,In Right,41,41,1.0
detail,SS,Popup,Shallow Air SS,120-149,25-35,45+,75-84,5+,In Right,87,85,0.9770114942528736
detail,SS,Popup,Shallow Air SS,120-149,25-35,45+,85-94,5+,In Right,43,42,0.9767441860465116
detail,SS,Popup,Shallow Air SS,120-149,25-35,45+,<75,3-3.9,In Right,23,23,1.0
detail,SS,Popup,Shallow Air SS,120-149,25-35,45+,<75,4-4.9,In Right,60,59,0.9833333333333333
detail,SS,Popup,Shallow Air SS,120-149,25-35,45+,<75,5+,In Right,42,42,1.0
detail,SS,Popup,Shallow Air SS,120-149,35+,30-44,<75,3-3.9,In Right,24,23,0.9583333333333334
detail,SS,Popup,Shallow Air SS,120-149,35+,45+,75-84,5+,In Right,291,285,0.979381443298969
detail,SS,Popup,Shallow Air SS,120-149,35+,45+,85-94,5+,In Right,64,64,1.0
detail,SS,Popup,Shallow Air SS,120-149,35+,45+,<75,3-3.9,In Right,42,39,0.9285714285714286
detail,SS,Popup,Shallow Air SS,120-149,35+,45+,<75,4-4.9,In Right,164,164,1.0
detail,SS,Popup,Shallow Air SS,120-149,35+,45+,<75,5+,In Right,161,160,0.9937888198757764
detail,SS,Popup,Shallow Air SS,120-149,5-15,45+,75-84,5+,In Right,80,79,0.9875
detail,SS,Popup,Shallow Air SS,120-149,5-15,45+,85-94,5+,In Right,26,26,1.0
detail,SS,Popup,Shallow Air SS,120-149,5-15,45+,<75,4-4.9,In Right,45,45,1.0
detail,SS,Popup,Shallow Air SS,120-149,5-15,45+,<75,5+,In Right,30,29,0.9666666666666667
detail,SS,Popup,Shallow Air SS,120-149,<-35,45+,75-84,5+,In Left,148,147,0.9932432432432432
detail,SS,Popup,Shallow Air SS,120-149,<-35,45+,85-94,5+,In Left,36,36,1.0
detail,SS,Popup,Shallow Air SS,120-149,<-35,45+,<75,3-3.9,In Left,28,26,0.9285714285714286
detail,SS,Popup,Shallow Air SS,120-149,<-35,45+,<75,4-4.9,In Left,129,127,0.9844961240310077
detail,SS,Popup,Shallow Air SS,120-149,<-35,45+,<75,5+,In Left,73,71,0.9726027397260274
detail,SS,Popup,Shallow Air SS,150-179,-15--5,45+,75-84,5+,Back,20,20,1.0
detail,SS,Popup,Shallow Air SS,150-179,-15--5,45+,75-84,5+,Back Left,35,35,1.0
detail,SS,Popup,Shallow Air SS,150-179,-15--5,45+,85-94,5+,Back Left,40,40,1.0
detail,SS,Popup,Shallow Air SS,150-179,-15--5,45+,<75,4-4.9,Back Left,22,22,1.0
detail,SS,Popup,Shallow Air SS,150-179,-15--5,45+,<75,5+,Back Left,23,23,1.0
detail,SS,Popup,Shallow Air SS,150-179,-25--15,45+,75-84,5+,Back Right,39,37,0.9487179487179487
detail,SS,Popup,Shallow Air SS,150-179,-25--15,45+,85-94,5+,Back Right,29,26,0.896551724137931
detail,SS,Popup,Shallow Air SS,150-179,-25--15,45+,<75,4-4.9,Back Right,38,38,1.0
detail,SS,Popup,Shallow Air SS,150-179,-35--25,45+,75-84,5+,Back Right,62,60,0.967741935483871
detail,SS,Popup,Shallow Air SS,150-179,-35--25,45+,75-84,5+,In Left,26,23,0.8846153846153846
detail,SS,Popup,Shallow Air SS,150-179,-35--25,45+,85-94,5+,Back Right,27,24,0.8888888888888888
detail,SS,Popup,Shallow Air SS,150-179,-35--25,45+,<75,4-4.9,Back Right,31,30,0.967741935483871
detail,SS,Popup,Shallow Air SS,150-179,-35--25,45+,<75,5+,Back Right,23,23,1.0
detail,SS,Popup,Shallow Air SS,150-179,-5-5,30-44,<75,3-3.9,Back Left,30,30,1.0
detail,SS,Popup,Shallow Air SS,150-179,-5-5,45+,75-84,5+,Back Left,74,74,1.0
detail,SS,Popup,Shallow Air SS,150-179,-5-5,45+,85-94,5+,Back Left,51,49,0.9607843137254902
detail,SS,Popup,Shallow Air SS,150-179,-5-5,45+,<75,4-4.9,Back Left,38,38,1.0
detail,SS,Popup,Shallow Air SS,150-179,-5-5,45+,<75,5+,Back Left,24,24,1.0
detail,SS,Popup,Shallow Air SS,150-179,15-25,30-44,<75,3-3.9,In Right,41,39,0.9512195121951219
detail,SS,Popup,Shallow Air SS,150-179,15-25,45+,75-84,5+,In Right,88,87,0.9886363636363636
detail,SS,Popup,Shallow Air SS,150-179,15-25,45+,85-94,5+,In Right,55,52,0.9454545454545454
detail,SS,Popup,Shallow Air SS,150-179,15-25,45+,<75,4-4.9,In Right,46,46,1.0
detail,SS,Popup,Shallow Air SS,150-179,15-25,45+,<75,5+,In Right,38,37,0.9736842105263158
detail,SS,Popup,Shallow Air SS,150-179,25-35,30-44,<75,3-3.9,In Right,40,30,0.75
detail,SS,Popup,Shallow Air SS,150-179,25-35,45+,75-84,5+,In Right,88,84,0.9545454545454546
detail,SS,Popup,Shallow Air SS,150-179,25-35,45+,85-94,5+,In Right,61,59,0.9672131147540983
detail,SS,Popup,Shallow Air SS,150-179,25-35,45+,<75,4-4.9,In Right,58,57,0.9827586206896551
detail,SS,Popup,Shallow Air SS,150-179,25-35,45+,<75,5+,In Right,37,36,0.972972972972973
detail,SS,Popup,Shallow Air SS,150-179,35+,30-44,<75,3-3.9,In Right,28,8,0.2857142857142857
detail,SS,Popup,Shallow Air SS,150-179,35+,45+,75-84,5+,In Right,257,247,0.9610894941634242
detail,SS,Popup,Shallow Air SS,150-179,35+,45+,85-94,5+,In Right,82,76,0.926829268292683
detail,SS,Popup,Shallow Air SS,150-179,35+,45+,<75,4-4.9,In Right,118,103,0.8728813559322034
detail,SS,Popup,Shallow Air SS,150-179,35+,45+,<75,5+,In Right,80,76,0.95
detail,SS,Popup,Shallow Air SS,150-179,5-15,45+,75-84,5+,Back Left,38,38,1.0
detail,SS,Popup,Shallow Air SS,150-179,5-15,45+,75-84,5+,In Right,48,47,0.9791666666666666
detail,SS,Popup,Shallow Air SS,150-179,5-15,45+,85-94,5+,Back Left,33,30,0.9090909090909091
detail,SS,Popup,Shallow Air SS,150-179,5-15,45+,85-94,5+,In Right,33,30,0.9090909090909091
detail,SS,Popup,Shallow Air SS,150-179,5-15,45+,<75,4-4.9,Back Left,36,36,1.0
detail,SS,Popup,Shallow Air SS,150-179,5-15,45+,<75,4-4.9,In Right,23,23,1.0
detail,SS,Popup,Shallow Air SS,150-179,5-15,45+,<75,5+,In Right,30,30,1.0
detail,SS,Popup,Shallow Air SS,150-179,<-35,45+,75-84,5+,Back Right,23,23,1.0
detail,SS,Popup,Shallow Air SS,150-179,<-35,45+,75-84,5+,In Left,107,101,0.9439252336448598
detail,SS,Popup,Shallow Air SS,150-179,<-35,45+,85-94,5+,In Left,22,16,0.7272727272727273
detail,SS,Popup,Shallow Air SS,150-179,<-35,45+,<75,4-4.9,In Left,72,63,0.875
detail,SS,Popup,Shallow Air SS,150-179,<-35,45+,<75,5+,In Left,46,42,0.9130434782608695
detail,SS,Popup,Shallow Air SS,180-219,-15--5,30-44,<75,3-3.9,Back,25,16,0.64
detail,SS,Popup,Shallow Air SS,180-219,-15--5,30-44,<75,4-4.9,Back,27,17,0.6296296296296297
detail,SS,Popup,Shallow Air SS,180-219,-15--5,45+,75-84,5+,Back,61,52,0.8524590163934426
detail,SS,Popup,Shallow Air SS,180-219,-15--5,45+,75-84,5+,Back Left,28,28,1.0
detail,SS,Popup,Shallow Air SS,180-219,-15--5,45+,85-94,5+,Back,57,52,0.9122807017543859
detail,SS,Popup,Shallow Air SS,180-219,-15--5,45+,85-94,5+,Back Left,35,33,0.9428571428571428
detail,SS,Popup,Shallow Air SS,180-219,-15--5,45+,<75,4-4.9,Back,24,22,0.9166666666666666
detail,SS,Popup,Shallow Air SS,180-219,-25--15,30-44,<75,3-3.9,Back,26,10,0.38461538461538464
detail,SS,Popup,Shallow Air SS,180-219,-25--15,30-44,<75,3-3.9,Back Right,21,6,0.2857142857142857
detail,SS,Popup,Shallow Air SS,180-219,-25--15,30-44,<75,4-4.9,Back,27,20,0.7407407407407407
detail,SS,Popup,Shallow Air SS,180-219,-25--15,45+,75-84,5+,Back,49,47,0.9591836734693877
detail,SS,Popup,Shallow Air SS,180-219,-25--15,45+,75-84,5+,Back Right,37,37,1.0
detail,SS,Popup,Shallow Air SS,180-219,-25--15,45+,85-94,5+,Back,46,40,0.8695652173913043
detail,SS,Popup,Shallow Air SS,180-219,-25--15,45+,85-94,5+,Back Right,35,31,0.8857142857142857
detail,SS,Popup,Shallow Air SS,180-219,-25--15,45+,<75,4-4.9,Back,23,19,0.8260869565217391
detail,SS,Popup,Shallow Air SS,180-219,-35--25,30-44,<75,3-3.9,Back Right,21,6,0.2857142857142857
detail,SS,Popup,Shallow Air SS,180-219,-35--25,30-44,<75,4-4.9,Back Right,20,15,0.75
detail,SS,Popup,Shallow Air SS,180-219,-35--25,45+,75-84,5+,Back Right,82,78,0.9512195121951219
detail,SS,Popup,Shallow Air SS,180-219,-35--25,45+,85-94,5+,Back Right,59,53,0.8983050847457628
detail,SS,Popup,Shallow Air SS,180-219,-35--25,45+,<75,4-4.9,Back Right,35,26,0.7428571428571429
detail,SS,Popup,Shallow Air SS,180-219,-35--25,45+,<75,5+,Back Right,25,22,0.88
detail,SS,Popup,Shallow Air SS,180-219,-5-5,30-44,<75,3-3.9,Back Left,31,24,0.7741935483870968
detail,SS,Popup,Shallow Air SS,180-219,-5-5,30-44,<75,4-4.9,Back Left,35,32,0.9142857142857143
detail,SS,Popup,Shallow Air SS,180-219,-5-5,45+,75-84,5+,Back,25,22,0.88
detail,SS,Popup,Shallow Air SS,180-219,-5-5,45+,75-84,5+,Back Left,111,99,0.8918918918918919
detail,SS,Popup,Shallow Air SS,180-219,-5-5,45+,85-94,5+,Back,28,26,0.9285714285714286
detail,SS,Popup,Shallow Air SS,180-219,-5-5,45+,85-94,5+,Back Left,71,68,0.9577464788732394
detail,SS,Popup,Shallow Air SS,180-219,-5-5,45+,<75,4-4.9,Back Left,37,37,1.0
detail,SS,Popup,Shallow Air SS,180-219,-5-5,45+,<75,5+,Back Left,30,30,1.0
detail,SS,Popup,Shallow Air SS,180-219,15-25,30-44,<75,3-3.9,Back Left,55,34,0.6181818181818182
detail,SS,Popup,Shallow Air SS,180-219,15-25,30-44,<75,4-4.9,Back Left,39,32,0.8205128205128205
detail,SS,Popup,Shallow Air SS,180-219,15-25,45+,75-84,5+,Back Left,72,68,0.9444444444444444
detail,SS,Popup,Shallow Air SS,180-219,15-25,45+,75-84,5+,In Right,27,26,0.9629629629629629
detail,SS,Popup,Shallow Air SS,180-219,15-25,45+,85-94,5+,Back Left,58,57,0.9827586206896551
detail,SS,Popup,Shallow Air SS,180-219,15-25,45+,<75,4-4.9,Back Left,38,36,0.9473684210526315
detail,SS,Popup,Shallow Air SS,180-219,15-25,45+,<75,4-4.9,In Right,21,21,1.0
detail,SS,Popup,Shallow Air SS,180-219,15-25,45+,<75,5+,Back Left,20,18,0.9
detail,SS,Popup,Shallow Air SS,180-219,25-35,30-44,<75,3-3.9,In Right,32,6,0.1875
detail,SS,Popup,Shallow Air SS,180-219,25-35,30-44,<75,4-4.9,In Right,24,11,0.4583333333333333
detail,SS,Popup,Shallow Air SS,180-219,25-35,45+,75-84,5+,Back Left,28,28,1.0
detail,SS,Popup,Shallow Air SS,180-219,25-35,45+,75-84,5+,In Right,77,68,0.8831168831168831
detail,SS,Popup,Shallow Air SS,180-219,25-35,45+,85-94,5+,In Right,67,64,0.9552238805970149
detail,SS,Popup,Shallow Air SS,180-219,25-35,45+,<75,4-4.9,In Right,35,26,0.7428571428571429
detail,SS,Popup,Shallow Air SS,180-219,35+,30-44,<75,3-3.9,In Right,37,2,0.05405405405405406
detail,SS,Popup,Shallow Air SS,180-219,35+,30-44,<75,4-4.9,In Right,25,4,0.16
detail,SS,Popup,Shallow Air SS,180-219,35+,45+,75-84,5+,In Right,168,141,0.8392857142857143
detail,SS,Popup,Shallow Air SS,180-219,35+,45+,85-94,5+,In Right,89,82,0.9213483146067416
detail,SS,Popup,Shallow Air SS,180-219,35+,45+,<75,4-4.9,In Right,50,28,0.56
detail,SS,Popup,Shallow Air SS,180-219,35+,45+,<75,5+,In Right,26,21,0.8076923076923077
detail,SS,Popup,Shallow Air SS,180-219,5-15,20-29,<75,3-3.9,Back Left,20,7,0.35
detail,SS,Popup,Shallow Air SS,180-219,5-15,30-44,<75,3-3.9,Back Left,48,35,0.7291666666666666
detail,SS,Popup,Shallow Air SS,180-219,5-15,30-44,<75,4-4.9,Back Left,42,37,0.8809523809523809
detail,SS,Popup,Shallow Air SS,180-219,5-15,45+,75-84,5+,Back Left,111,101,0.9099099099099099
detail,SS,Popup,Shallow Air SS,180-219,5-15,45+,85-94,5+,Back Left,91,82,0.9010989010989011
detail,SS,Popup,Shallow Air SS,180-219,5-15,45+,<75,4-4.9,Back Left,49,46,0.9387755102040817
detail,SS,Popup,Shallow Air SS,180-219,5-15,45+,<75,5+,Back Left,31,28,0.9032258064516129
detail,SS,Popup,Shallow Air SS,180-219,<-35,30-44,<75,3-3.9,Back Right,33,6,0.18181818181818182
detail,SS,Popup,Shallow Air SS,180-219,<-35,45+,75-84,5+,Back Right,81,70,0.8641975308641975
detail,SS,Popup,Shallow Air SS,180-219,<-35,45+,75-84,5+,In Left,21,15,0.7142857142857143
detail,SS,Popup,Shallow Air SS,180-219,<-35,45+,85-94,5+,Back Right,42,37,0.8809523809523809
detail,SS,Popup,Shallow Air SS,180-219,<-35,45+,<75,4-4.9,Back Right,41,14,0.34146341463414637
detail,SS,Popup,Shallow Air SS,220-259,-15--5,20-29,<75,3-3.9,Back,22,1,0.045454545454545456
detail,SS,Popup,Shallow Air SS,220-259,-15--5,30-44,<75,4-4.9,Back,36,9,0.25
detail,SS,Popup,Shallow Air SS,220-259,-15--5,45+,75-84,5+,Back,27,22,0.8148148148148148
detail,SS,Popup,Shallow Air SS,220-259,-15--5,45+,85-94,5+,Back,52,49,0.9423076923076923
detail,SS,Popup,Shallow Air SS,220-259,-25--15,30-44,<75,4-4.9,Back,22,8,0.36363636363636365
detail,SS,Popup,Shallow Air SS,220-259,-25--15,45+,75-84,5+,Back,20,20,1.0
detail,SS,Popup,Shallow Air SS,220-259,-25--15,45+,85-94,5+,Back,31,31,1.0
detail,SS,Popup,Shallow Air SS,220-259,-25--15,45+,85-94,5+,Back Right,20,18,0.9
detail,SS,Popup,Shallow Air SS,220-259,-35--25,45+,75-84,5+,Back Right,26,26,1.0
detail,SS,Popup,Shallow Air SS,220-259,-35--25,45+,85-94,5+,Back Right,24,24,1.0
detail,SS,Popup,Shallow Air SS,220-259,-5-5,30-44,<75,4-4.9,Back,20,8,0.4
detail,SS,Popup,Shallow Air SS,220-259,-5-5,30-44,<75,4-4.9,Back Left,34,21,0.6176470588235294
detail,SS,Popup,Shallow Air SS,220-259,-5-5,45+,75-84,5+,Back Left,23,20,0.8695652173913043
detail,SS,Popup,Shallow Air SS,220-259,-5-5,45+,85-94,5+,Back,23,22,0.9565217391304348
detail,SS,Popup,Shallow Air SS,220-259,-5-5,45+,85-94,5+,Back Left,29,27,0.9310344827586207
detail,SS,Popup,Shallow Air SS,220-259,15-25,30-44,<75,4-4.9,Back Left,25,16,0.64
detail,SS,Popup,Shallow Air SS,220-259,15-25,45+,75-84,5+,Back Left,33,31,0.9393939393939394
detail,SS,Popup,Shallow Air SS,220-259,15-25,45+,85-94,5+,Back Left,52,52,1.0
detail,SS,Popup,Shallow Air SS,220-259,25-35,45+,75-84,5+,Back Left,23,23,1.0
detail,SS,Popup,Shallow Air SS,220-259,25-35,45+,85-94,5+,Back Left,40,40,1.0
detail,SS,Popup,Shallow Air SS,220-259,35+,45+,75-84,5+,In Right,47,39,0.8297872340425532
detail,SS,Popup,Shallow Air SS,220-259,35+,45+,85-94,5+,In Right,44,42,0.9545454545454546
detail,SS,Popup,Shallow Air SS,220-259,5-15,20-29,<75,3-3.9,Back Left,23,0,0.0
detail,SS,Popup,Shallow Air SS,220-259,5-15,30-44,<75,4-4.9,Back Left,36,7,0.19444444444444445
detail,SS,Popup,Shallow Air SS,220-259,5-15,45+,75-84,5+,Back Left,40,34,0.85
detail,SS,Popup,Shallow Air SS,220-259,5-15,45+,85-94,5+,Back Left,48,46,0.9583333333333334
detail,SS,Popup,Shallow Air SS,220-259,<-35,45+,75-84,5+,Back Right,38,34,0.8947368421052632
detail,SS,Popup,Shallow Air SS,220-259,<-35,45+,85-94,5+,Back Right,29,29,1.0
detail,SS,Popup,Shallow Air SS,260-319,-15--5,30-44,85-94,5+,Back,29,29,1.0
detail,SS,Popup,Shallow Air SS,260-319,-15--5,45+,85-94,5+,Back,20,20,1.0
detail,SS,Popup,Shallow Air SS,260-319,-25--15,45+,85-94,5+,Back,20,20,1.0
detail,SS,Popup,Shallow Air SS,260-319,15-25,30-44,85-94,5+,Back Left,31,29,0.9354838709677419
detail,SS,Popup,Shallow Air SS,260-319,15-25,45+,85-94,5+,Back Left,28,28,1.0
detail,SS,Popup,Shallow Air SS,260-319,25-35,30-44,85-94,5+,Back Left,24,24,1.0
detail,SS,Popup,Shallow Air SS,260-319,5-15,30-44,75-84,4-4.9,Back Left,23,19,0.8260869565217391
detail,SS,Popup,Shallow Air SS,260-319,5-15,30-44,85-94,5+,Back Left,29,27,0.9310344827586207
detail,SS,Popup,Shallow Air SS,260-319,5-15,45+,85-94,5+,Back Left,26,25,0.9615384615384616
detail,SS,Popup,Shallow Air SS,320+,-5-5,30-44,95-104,5+,Back,21,20,0.9523809523809523
detail,SS,Popup,Shallow Air SS,60-89,-25--15,45+,75-84,5+,In,22,22,1.0
detail,SS,Popup,Shallow Air SS,60-89,-35--25,45+,<75,4-4.9,In,21,21,1.0
detail,SS,Popup,Shallow Air SS,60-89,-5-5,45+,75-84,5+,In,21,21,1.0
detail,SS,Popup,Shallow Air SS,60-89,35+,45+,75-84,5+,In,43,43,1.0
detail,SS,Popup,Shallow Air SS,60-89,35+,45+,75-84,5+,In Right,52,52,1.0
detail,SS,Popup,Shallow Air SS,60-89,35+,45+,<75,4-4.9,In,60,60,1.0
detail,SS,Popup,Shallow Air SS,60-89,35+,45+,<75,4-4.9,In Right,31,31,1.0
detail,SS,Popup,Shallow Air SS,60-89,35+,45+,<75,5+,In,60,60,1.0
detail,SS,Popup,Shallow Air SS,60-89,35+,45+,<75,5+,In Right,49,48,0.9795918367346939
detail,SS,Popup,Shallow Air SS,60-89,<-35,45+,<75,4-4.9,In,25,25,1.0
detail,SS,Popup,Shallow Air SS,60-89,<-35,45+,<75,5+,In,43,43,1.0
detail,SS,Popup,Shallow Air SS,60-89,<-35,45+,<75,5+,In Left,29,29,1.0
detail,SS,Popup,Shallow Air SS,90-119,-15--5,45+,75-84,5+,In,30,28,0.9333333333333333
detail,SS,Popup,Shallow Air SS,90-119,-15--5,45+,<75,5+,In,28,27,0.9642857142857143
detail,SS,Popup,Shallow Air SS,90-119,-25--15,45+,75-84,5+,In,30,29,0.9666666666666667
detail,SS,Popup,Shallow Air SS,90-119,-25--15,45+,<75,5+,In,23,23,1.0
detail,SS,Popup,Shallow Air SS,90-119,-35--25,45+,<75,4-4.9,In Left,22,22,1.0
detail,SS,Popup,Shallow Air SS,90-119,-5-5,45+,75-84,5+,In,22,22,1.0
detail,SS,Popup,Shallow Air SS,90-119,-5-5,45+,75-84,5+,In Right,22,22,1.0
detail,SS,Popup,Shallow Air SS,90-119,-5-5,45+,<75,5+,In Right,20,20,1.0
detail,SS,Popup,Shallow Air SS,90-119,15-25,45+,75-84,5+,In Right,55,55,1.0
detail,SS,Popup,Shallow Air SS,90-119,15-25,45+,<75,4-4.9,In Right,27,27,1.0
detail,SS,Popup,Shallow Air SS,90-119,15-25,45+,<75,5+,In Right,32,30,0.9375
detail,SS,Popup,Shallow Air SS,90-119,25-35,45+,75-84,5+,In Right,49,48,0.9795918367346939
detail,SS,Popup,Shallow Air SS,90-119,25-35,45+,<75,4-4.9,In Right,38,38,1.0
detail,SS,Popup,Shallow Air SS,90-119,25-35,45+,<75,5+,In Right,30,30,1.0
detail,SS,Popup,Shallow Air SS,90-119,35+,45+,75-84,5+,In Right,202,200,0.9900990099009901
detail,SS,Popup,Shallow Air SS,90-119,35+,45+,85-94,5+,In Right,25,24,0.96
detail,SS,Popup,Shallow Air SS,90-119,35+,45+,<75,3-3.9,In Right,34,34,1.0
detail,SS,Popup,Shallow Air SS,90-119,35+,45+,<75,4-4.9,In Right,134,134,1.0
detail,SS,Popup,Shallow Air SS,90-119,35+,45+,<75,5+,In Right,174,173,0.9942528735632183
detail,SS,Popup,Shallow Air SS,90-119,5-15,45+,75-84,5+,In Right,29,29,1.0
detail,SS,Popup,Shallow Air SS,90-119,5-15,45+,<75,4-4.9,In Right,25,25,1.0
detail,SS,Popup,Shallow Air SS,90-119,5-15,45+,<75,5+,In Right,38,38,1.0
detail,SS,Popup,Shallow Air SS,90-119,<-35,45+,75-84,5+,In Left,84,84,1.0
detail,SS,Popup,Shallow Air SS,90-119,<-35,45+,<75,3-3.9,In Left,36,36,1.0
detail,SS,Popup,Shallow Air SS,90-119,<-35,45+,<75,4-4.9,In Left,104,103,0.9903846153846154
detail,SS,Popup,Shallow Air SS,90-119,<-35,45+,<75,5+,In Left,84,84,1.0
detail,SS,Popup,Shallow Air SS,<60,35+,45+,75-84,5+,In,37,37,1.0
detail,SS,Popup,Shallow Air SS,<60,35+,45+,<75,4-4.9,In,29,29,1.0
detail,SS,Popup,Shallow Air SS,<60,35+,45+,<75,5+,In,54,54,1.0
detail,SS,Popup,Shallow Air SS,<60,35+,<0,<75,<2,In,30,30,1.0
detail,SS,Popup,Shallow Air SS,<60,<-35,45+,75-84,5+,In,21,20,0.9523809523809523
detail,SS,Popup,Shallow Air SS,<60,<-35,45+,<75,5+,In,36,36,1.0
detail,SS,Popup,Shallow Air SS,<60,<-35,<0,<75,<2,In,44,43,0.9772727272727273
geometry,1B,Fly,Shallow Air 1B,120-149,-35--25,All,All,All,All,31,25,0.8064516129032258
geometry,1B,Fly,Shallow Air 1B,120-149,25-35,All,All,All,All,36,31,0.8611111111111112
geometry,1B,Fly,Shallow Air 1B,120-149,35+,All,All,All,All,89,83,0.9325842696629213
geometry,1B,Fly,Shallow Air 1B,120-149,5-15,All,All,All,All,31,27,0.8709677419354839
geometry,1B,Fly,Shallow Air 1B,120-149,<-35,All,All,All,All,74,68,0.918918918918919
geometry,1B,Fly,Shallow Air 1B,150-179,-15--5,All,All,All,All,56,53,0.9464285714285714
geometry,1B,Fly,Shallow Air 1B,150-179,-25--15,All,All,All,All,50,45,0.9
geometry,1B,Fly,Shallow Air 1B,150-179,-35--25,All,All,All,All,91,72,0.7912087912087912
geometry,1B,Fly,Shallow Air 1B,150-179,-5-5,All,All,All,All,75,66,0.88
geometry,1B,Fly,Shallow Air 1B,150-179,15-25,All,All,All,All,81,73,0.9012345679012346
geometry,1B,Fly,Shallow Air 1B,150-179,25-35,All,All,All,All,94,72,0.7659574468085106
geometry,1B,Fly,Shallow Air 1B,150-179,35+,All,All,All,All,169,125,0.7396449704142012
geometry,1B,Fly,Shallow Air 1B,150-179,5-15,All,All,All,All,58,55,0.9482758620689655
geometry,1B,Fly,Shallow Air 1B,150-179,<-35,All,All,All,All,110,72,0.6545454545454545
geometry,1B,Fly,Shallow Air 1B,90-119,35+,All,All,All,All,61,59,0.9672131147540983
geometry,1B,Fly,Shallow Air 1B,90-119,<-35,All,All,All,All,34,34,1.0
geometry,1B,Ground,IF 1B,120-149,15-25,All,All,All,All,3545,2277,0.6423131170662906
geometry,1B,Ground,IF 1B,120-149,25-35,All,All,All,All,11624,7386,0.6354094975911906
geometry,1B,Ground,IF 1B,120-149,35+,All,All,All,All,5960,4558,0.7647651006711409
geometry,1B,Line,Shallow Air 1B,120-149,-15--5,All,All,All,All,480,128,0.26666666666666666
geometry,1B,Line,Shallow Air 1B,120-149,-25--15,All,All,All,All,522,164,0.31417624521072796
geometry,1B,Line,Shallow Air 1B,120-149,-35--25,All,All,All,All,922,238,0.25813449023861174
geometry,1B,Line,Shallow Air 1B,120-149,-5-5,All,All,All,All,731,90,0.12311901504787962
geometry,1B,Line,Shallow Air 1B,120-149,15-25,All,All,All,All,411,79,0.1922141119221411
geometry,1B,Line,Shallow Air 1B,120-149,25-35,All,All,All,All,684,159,0.2324561403508772
geometry,1B,Line,Shallow Air 1B,120-149,35+,All,All,All,All,700,429,0.6128571428571429
geometry,1B,Line,Shallow Air 1B,120-149,5-15,All,All,All,All,420,145,0.34523809523809523
geometry,1B,Line,Shallow Air 1B,120-149,<-35,All,All,All,All,953,584,0.6128016789087093
geometry,1B,Line,Shallow Air 1B,150-179,-15--5,All,All,All,All,987,477,0.48328267477203646
geometry,1B,Line,Shallow Air 1B,150-179,-25--15,All,All,All,All,1156,653,0.5648788927335641
geometry,1B,Line,Shallow Air 1B,150-179,-35--25,All,All,All,All,1129,126,0.11160318866253321
geometry,1B,Line,Shallow Air 1B,150-179,-5-5,All,All,All,All,964,222,0.23029045643153526
geometry,1B,Line,Shallow Air 1B,150-179,15-25,All,All,All,All,918,453,0.4934640522875817
geometry,1B,Line,Shallow Air 1B,150-179,25-35,All,All,All,All,800,118,0.1475
geometry,1B,Line,Shallow Air 1B,150-179,35+,All,All,All,All,725,187,0.2579310344827586
geometry,1B,Line,Shallow Air 1B,150-179,5-15,All,All,All,All,1007,573,0.5690168818272096
geometry,1B,Line,Shallow Air 1B,150-179,<-35,All,All,All,All,933,132,0.1414790996784566
geometry,1B,Line,Shallow Air 1B,60-89,-15--5,All,All,All,All,49,11,0.22448979591836735
geometry,1B,Line,Shallow Air 1B,60-89,-25--15,All,All,All,All,35,1,0.02857142857142857
geometry,1B,Line,Shallow Air 1B,60-89,-35--25,All,All,All,All,77,3,0.03896103896103896
geometry,1B,Line,Shallow Air 1B,60-89,-5-5,All,All,All,All,252,87,0.34523809523809523
geometry,1B,Line,Shallow Air 1B,60-89,15-25,All,All,All,All,35,0,0.0
geometry,1B,Line,Shallow Air 1B,60-89,25-35,All,All,All,All,65,5,0.07692307692307693
geometry,1B,Line,Shallow Air 1B,60-89,35+,All,All,All,All,52,15,0.28846153846153844
geometry,1B,Line,Shallow Air 1B,60-89,5-15,All,All,All,All,56,25,0.44642857142857145
geometry,1B,Line,Shallow Air 1B,60-89,<-35,All,All,All,All,76,7,0.09210526315789473
geometry,1B,Line,Shallow Air 1B,90-119,-15--5,All,All,All,All,142,13,0.09154929577464789
geometry,1B,Line,Shallow Air 1B,90-119,-25--15,All,All,All,All,146,15,0.10273972602739725
geometry,1B,Line,Shallow Air 1B,90-119,-35--25,All,All,All,All,436,115,0.26376146788990823
geometry,1B,Line,Shallow Air 1B,90-119,-5-5,All,All,All,All,532,151,0.28383458646616544
geometry,1B,Line,Shallow Air 1B,90-119,15-25,All,All,All,All,121,15,0.12396694214876033
geometry,1B,Line,Shallow Air 1B,90-119,25-35,All,All,All,All,287,58,0.20209059233449478
geometry,1B,Line,Shallow Air 1B,90-119,35+,All,All,All,All,285,167,0.5859649122807018
geometry,1B,Line,Shallow Air 1B,90-119,5-15,All,All,All,All,147,34,0.23129251700680273
geometry,1B,Line,Shallow Air 1B,90-119,<-35,All,All,All,All,496,228,0.4596774193548387
geometry,1B,Line,Shallow Air 1B,<60,-15--5,All,All,All,All,52,15,0.28846153846153844
geometry,1B,Line,Shallow Air 1B,<60,-25--15,All,All,All,All,64,14,0.21875
geometry,1B,Line,Shallow Air 1B,<60,-35--25,All,All,All,All,72,8,0.1111111111111111
geometry,1B,Line,Shallow Air 1B,<60,-5-5,All,All,All,All,162,32,0.19753086419753085
geometry,1B,Line,Shallow Air 1B,<60,15-25,All,All,All,All,40,7,0.175
geometry,1B,Line,Shallow Air 1B,<60,25-35,All,All,All,All,60,8,0.13333333333333333
geometry,1B,Line,Shallow Air 1B,<60,35+,All,All,All,All,42,12,0.2857142857142857
geometry,1B,Line,Shallow Air 1B,<60,5-15,All,All,All,All,40,12,0.3
geometry,1B,Line,Shallow Air 1B,<60,<-35,All,All,All,All,80,2,0.025
geometry,1B,Popup,Shallow Air 1B,120-149,-15--5,All,All,All,All,215,212,0.986046511627907
geometry,1B,Popup,Shallow Air 1B,120-149,-25--15,All,All,All,All,218,213,0.9770642201834863
geometry,1B,Popup,Shallow Air 1B,120-149,-35--25,All,All,All,All,192,178,0.9270833333333334
geometry,1B,Popup,Shallow Air 1B,120-149,-5-5,All,All,All,All,234,230,0.9829059829059829
geometry,1B,Popup,Shallow Air 1B,120-149,15-25,All,All,All,All,250,244,0.976
geometry,1B,Popup,Shallow Air 1B,120-149,25-35,All,All,All,All,299,284,0.9498327759197325
geometry,1B,Popup,Shallow Air 1B,120-149,35+,All,All,All,All,785,762,0.9707006369426752
geometry,1B,Popup,Shallow Air 1B,120-149,5-15,All,All,All,All,258,252,0.9767441860465116
geometry,1B,Popup,Shallow Air 1B,120-149,<-35,All,All,All,All,456,437,0.9583333333333334
geometry,1B,Popup,Shallow Air 1B,150-179,-15--5,All,All,All,All,334,323,0.9670658682634731
geometry,1B,Popup,Shallow Air 1B,150-179,-25--15,All,All,All,All,299,282,0.9431438127090301
geometry,1B,Popup,Shallow Air 1B,150-179,-35--25,All,All,All,All,274,238,0.8686131386861314
geometry,1B,Popup,Shallow Air 1B,150-179,-5-5,All,All,All,All,358,349,0.9748603351955307
geometry,1B,Popup,Shallow Air 1B,150-179,15-25,All,All,All,All,359,348,0.9693593314763231
geometry,1B,Popup,Shallow Air 1B,150-179,25-35,All,All,All,All,327,293,0.8960244648318043
geometry,1B,Popup,Shallow Air 1B,150-179,35+,All,All,All,All,602,527,0.8754152823920266
geometry,1B,Popup,Shallow Air 1B,150-179,5-15,All,All,All,All,365,353,0.9671232876712329
geometry,1B,Popup,Shallow Air 1B,150-179,<-35,All,All,All,All,366,296,0.8087431693989071
geometry,1B,Popup,Shallow Air 1B,180-219,-15--5,All,All,All,All,421,329,0.7814726840855107
geometry,1B,Popup,Shallow Air 1B,180-219,-25--15,All,All,All,All,366,278,0.7595628415300546
geometry,1B,Popup,Shallow Air 1B,180-219,-35--25,All,All,All,All,290,229,0.7896551724137931
geometry,1B,Popup,Shallow Air 1B,180-219,-5-5,All,All,All,All,465,398,0.8559139784946237
geometry,1B,Popup,Shallow Air 1B,180-219,15-25,All,All,All,All,425,342,0.8047058823529412
geometry,1B,Popup,Shallow Air 1B,180-219,25-35,All,All,All,All,374,275,0.7352941176470589
geometry,1B,Popup,Shallow Air 1B,180-219,35+,All,All,All,All,434,298,0.6866359447004609
geometry,1B,Popup,Shallow Air 1B,180-219,5-15,All,All,All,All,468,390,0.8333333333333334
geometry,1B,Popup,Shallow Air 1B,180-219,<-35,All,All,All,All,304,184,0.6052631578947368
geometry,1B,Popup,Shallow Air 1B,220-259,-15--5,All,All,All,All,231,132,0.5714285714285714
geometry,1B,Popup,Shallow Air 1B,220-259,-25--15,All,All,All,All,167,124,0.7425149700598802
geometry,1B,Popup,Shallow Air 1B,220-259,-35--25,All,All,All,All,120,94,0.7833333333333333
geometry,1B,Popup,Shallow Air 1B,220-259,-5-5,All,All,All,All,250,153,0.612
geometry,1B,Popup,Shallow Air 1B,220-259,15-25,All,All,All,All,178,139,0.7808988764044944
geometry,1B,Popup,Shallow Air 1B,220-259,25-35,All,All,All,All,157,130,0.8280254777070064
geometry,1B,Popup,Shallow Air 1B,220-259,35+,All,All,All,All,193,145,0.7512953367875648
geometry,1B,Popup,Shallow Air 1B,220-259,5-15,All,All,All,All,272,152,0.5588235294117647
geometry,1B,Popup,Shallow Air 1B,220-259,<-35,All,All,All,All,146,103,0.7054794520547946
geometry,1B,Popup,Shallow Air 1B,260-319,-15--5,All,All,All,All,126,107,0.8492063492063492
geometry,1B,Popup,Shallow Air 1B,260-319,-25--15,All,All,All,All,114,107,0.9385964912280702
geometry,1B,Popup,Shallow Air 1B,260-319,-35--25,All,All,All,All,88,85,0.9659090909090909
geometry,1B,Popup,Shallow Air 1B,260-319,-5-5,All,All,All,All,139,131,0.9424460431654677
geometry,1B,Popup,Shallow Air 1B,260-319,15-25,All,All,All,All,132,125,0.946969696969697
geometry,1B,Popup,Shallow Air 1B,260-319,25-35,All,All,All,All,93,90,0.967741935483871
geometry,1B,Popup,Shallow Air 1B,260-319,35+,All,All,All,All,97,87,0.8969072164948454
geometry,1B,Popup,Shallow Air 1B,260-319,5-15,All,All,All,All,158,137,0.8670886075949367
geometry,1B,Popup,Shallow Air 1B,260-319,<-35,All,All,All,All,70,57,0.8142857142857143
geometry,1B,Popup,Shallow Air 1B,320+,-15--5,All,All,All,All,66,62,0.9393939393939394
geometry,1B,Popup,Shallow Air 1B,320+,-25--15,All,All,All,All,36,28,0.7777777777777778
geometry,1B,Popup,Shallow Air 1B,320+,-5-5,All,All,All,All,89,86,0.9662921348314607
geometry,1B,Popup,Shallow Air 1B,320+,15-25,All,All,All,All,47,43,0.9148936170212766
geometry,1B,Popup,Shallow Air 1B,320+,5-15,All,All,All,All,75,74,0.9866666666666667
geometry,1B,Popup,Shallow Air 1B,60-89,-15--5,All,All,All,All,71,68,0.9577464788732394
geometry,1B,Popup,Shallow Air 1B,60-89,-25--15,All,All,All,All,66,64,0.9696969696969697
geometry,1B,Popup,Shallow Air 1B,60-89,-35--25,All,All,All,All,61,60,0.9836065573770492
geometry,1B,Popup,Shallow Air 1B,60-89,-5-5,All,All,All,All,75,71,0.9466666666666667
geometry,1B,Popup,Shallow Air 1B,60-89,15-25,All,All,All,All,93,90,0.967741935483871
geometry,1B,Popup,Shallow Air 1B,60-89,25-35,All,All,All,All,92,88,0.9565217391304348
geometry,1B,Popup,Shallow Air 1B,60-89,35+,All,All,All,All,345,344,0.9971014492753624
geometry,1B,Popup,Shallow Air 1B,60-89,5-15,All,All,All,All,76,69,0.9078947368421053
geometry,1B,Popup,Shallow Air 1B,60-89,<-35,All,All,All,All,179,178,0.994413407821229
geometry,1B,Popup,Shallow Air 1B,90-119,-15--5,All,All,All,All,132,124,0.9393939393939394
geometry,1B,Popup,Shallow Air 1B,90-119,-25--15,All,All,All,All,117,115,0.9829059829059829
geometry,1B,Popup,Shallow Air 1B,90-119,-35--25,All,All,All,All,123,119,0.967479674796748
geometry,1B,Popup,Shallow Air 1B,90-119,-5-5,All,All,All,All,150,142,0.9466666666666667
geometry,1B,Popup,Shallow Air 1B,90-119,15-25,All,All,All,All,157,153,0.9745222929936306
geometry,1B,Popup,Shallow Air 1B,90-119,25-35,All,All,All,All,160,159,0.99375
geometry,1B,Popup,Shallow Air 1B,90-119,35+,All,All,All,All,602,598,0.9933554817275747
geometry,1B,Popup,Shallow Air 1B,90-119,5-15,All,All,All,All,153,150,0.9803921568627451
geometry,1B,Popup,Shallow Air 1B,90-119,<-35,All,All,All,All,342,339,0.9912280701754386
geometry,1B,Popup,Shallow Air 1B,<60,-15--5,All,All,All,All,46,45,0.9782608695652174
geometry,1B,Popup,Shallow Air 1B,<60,-25--15,All,All,All,All,39,39,1.0
geometry,1B,Popup,Shallow Air 1B,<60,-5-5,All,All,All,All,40,38,0.95
geometry,1B,Popup,Shallow Air 1B,<60,15-25,All,All,All,All,50,48,0.96
geometry,1B,Popup,Shallow Air 1B,<60,25-35,All,All,All,All,35,33,0.9428571428571428
geometry,1B,Popup,Shallow Air 1B,<60,35+,All,All,All,All,169,169,1.0
geometry,1B,Popup,Shallow Air 1B,<60,5-15,All,All,All,All,45,43,0.9555555555555556
geometry,1B,Popup,Shallow Air 1B,<60,<-35,All,All,All,All,128,126,0.984375
geometry,2B,Fly,Shallow Air 2B,120-149,-35--25,All,All,All,All,31,25,0.8064516129032258
geometry,2B,Fly,Shallow Air 2B,120-149,25-35,All,All,All,All,36,31,0.8611111111111112
geometry,2B,Fly,Shallow Air 2B,120-149,35+,All,All,All,All,88,82,0.9318181818181818
geometry,2B,Fly,Shallow Air 2B,120-149,5-15,All,All,All,All,31,27,0.8709677419354839
geometry,2B,Fly,Shallow Air 2B,120-149,<-35,All,All,All,All,74,68,0.918918918918919
geometry,2B,Fly,Shallow Air 2B,150-179,-15--5,All,All,All,All,56,53,0.9464285714285714
geometry,2B,Fly,Shallow Air 2B,150-179,-25--15,All,All,All,All,50,45,0.9
geometry,2B,Fly,Shallow Air 2B,150-179,-35--25,All,All,All,All,91,72,0.7912087912087912
geometry,2B,Fly,Shallow Air 2B,150-179,-5-5,All,All,All,All,75,66,0.88
geometry,2B,Fly,Shallow Air 2B,150-179,15-25,All,All,All,All,82,74,0.9024390243902439
geometry,2B,Fly,Shallow Air 2B,150-179,25-35,All,All,All,All,94,72,0.7659574468085106
geometry,2B,Fly,Shallow Air 2B,150-179,35+,All,All,All,All,169,125,0.7396449704142012
geometry,2B,Fly,Shallow Air 2B,150-179,5-15,All,All,All,All,58,55,0.9482758620689655
geometry,2B,Fly,Shallow Air 2B,150-179,<-35,All,All,All,All,110,72,0.6545454545454545
geometry,2B,Fly,Shallow Air 2B,90-119,35+,All,All,All,All,61,59,0.9672131147540983
geometry,2B,Fly,Shallow Air 2B,90-119,<-35,All,All,All,All,34,34,1.0
geometry,2B,Ground,IF 2B,120-149,-5-5,All,All,All,All,8608,5316,0.6175650557620818
geometry,2B,Ground,IF 2B,120-149,15-25,All,All,All,All,11903,8925,0.7498109720238595
geometry,2B,Ground,IF 2B,120-149,5-15,All,All,All,All,17372,13082,0.7530508864839972
geometry,2B,Line,Shallow Air 2B,120-149,-15--5,All,All,All,All,477,127,0.2662473794549266
geometry,2B,Line,Shallow Air 2B,120-149,-25--15,All,All,All,All,520,162,0.31153846153846154
geometry,2B,Line,Shallow Air 2B,120-149,-35--25,All,All,All,All,919,237,0.2578890097932535
geometry,2B,Line,Shallow Air 2B,120-149,-5-5,All,All,All,All,728,90,0.12362637362637363
geometry,2B,Line,Shallow Air 2B,120-149,15-25,All,All,All,All,411,79,0.1922141119221411
geometry,2B,Line,Shallow Air 2B,120-149,25-35,All,All,All,All,684,159,0.2324561403508772
geometry,2B,Line,Shallow Air 2B,120-149,35+,All,All,All,All,699,430,0.6151645207439199
geometry,2B,Line,Shallow Air 2B,120-149,5-15,All,All,All,All,421,145,0.34441805225653205
geometry,2B,Line,Shallow Air 2B,120-149,<-35,All,All,All,All,950,585,0.6157894736842106
geometry,2B,Line,Shallow Air 2B,150-179,-15--5,All,All,All,All,987,478,0.48429584599797365
geometry,2B,Line,Shallow Air 2B,150-179,-25--15,All,All,All,All,1154,653,0.5658578856152513
geometry,2B,Line,Shallow Air 2B,150-179,-35--25,All,All,All,All,1124,126,0.11209964412811388
geometry,2B,Line,Shallow Air 2B,150-179,-5-5,All,All,All,All,963,222,0.23052959501557632
geometry,2B,Line,Shallow Air 2B,150-179,15-25,All,All,All,All,918,453,0.4934640522875817
geometry,2B,Line,Shallow Air 2B,150-179,25-35,All,All,All,All,801,118,0.14731585518102372
geometry,2B,Line,Shallow Air 2B,150-179,35+,All,All,All,All,725,187,0.2579310344827586
geometry,2B,Line,Shallow Air 2B,150-179,5-15,All,All,All,All,1004,571,0.5687250996015937
geometry,2B,Line,Shallow Air 2B,150-179,<-35,All,All,All,All,931,131,0.14070891514500536
geometry,2B,Line,Shallow Air 2B,60-89,-15--5,All,All,All,All,49,11,0.22448979591836735
geometry,2B,Line,Shallow Air 2B,60-89,-25--15,All,All,All,All,35,1,0.02857142857142857
geometry,2B,Line,Shallow Air 2B,60-89,-35--25,All,All,All,All,77,3,0.03896103896103896
geometry,2B,Line,Shallow Air 2B,60-89,-5-5,All,All,All,All,250,87,0.348
geometry,2B,Line,Shallow Air 2B,60-89,15-25,All,All,All,All,35,0,0.0
geometry,2B,Line,Shallow Air 2B,60-89,25-35,All,All,All,All,65,5,0.07692307692307693
geometry,2B,Line,Shallow Air 2B,60-89,35+,All,All,All,All,52,15,0.28846153846153844
geometry,2B,Line,Shallow Air 2B,60-89,5-15,All,All,All,All,56,25,0.44642857142857145
geometry,2B,Line,Shallow Air 2B,60-89,<-35,All,All,All,All,76,7,0.09210526315789473
geometry,2B,Line,Shallow Air 2B,90-119,-15--5,All,All,All,All,139,13,0.09352517985611511
geometry,2B,Line,Shallow Air 2B,90-119,-25--15,All,All,All,All,146,15,0.10273972602739725
geometry,2B,Line,Shallow Air 2B,90-119,-35--25,All,All,All,All,435,115,0.26436781609195403
geometry,2B,Line,Shallow Air 2B,90-119,-5-5,All,All,All,All,530,151,0.2849056603773585
geometry,2B,Line,Shallow Air 2B,90-119,15-25,All,All,All,All,120,14,0.11666666666666667
geometry,2B,Line,Shallow Air 2B,90-119,25-35,All,All,All,All,285,57,0.2
geometry,2B,Line,Shallow Air 2B,90-119,35+,All,All,All,All,285,167,0.5859649122807018
geometry,2B,Line,Shallow Air 2B,90-119,5-15,All,All,All,All,147,34,0.23129251700680273
geometry,2B,Line,Shallow Air 2B,90-119,<-35,All,All,All,All,494,229,0.46356275303643724
geometry,2B,Line,Shallow Air 2B,<60,-15--5,All,All,All,All,52,15,0.28846153846153844
geometry,2B,Line,Shallow Air 2B,<60,-25--15,All,All,All,All,64,14,0.21875
geometry,2B,Line,Shallow Air 2B,<60,-35--25,All,All,All,All,71,8,0.11267605633802817
geometry,2B,Line,Shallow Air 2B,<60,-5-5,All,All,All,All,162,32,0.19753086419753085
geometry,2B,Line,Shallow Air 2B,<60,15-25,All,All,All,All,39,6,0.15384615384615385
geometry,2B,Line,Shallow Air 2B,<60,25-35,All,All,All,All,60,8,0.13333333333333333
geometry,2B,Line,Shallow Air 2B,<60,35+,All,All,All,All,42,12,0.2857142857142857
geometry,2B,Line,Shallow Air 2B,<60,5-15,All,All,All,All,41,12,0.2926829268292683
geometry,2B,Line,Shallow Air 2B,<60,<-35,All,All,All,All,80,2,0.025
geometry,2B,Popup,Shallow Air 2B,120-149,-15--5,All,All,All,All,214,211,0.985981308411215
geometry,2B,Popup,Shallow Air 2B,120-149,-25--15,All,All,All,All,219,214,0.9771689497716894
geometry,2B,Popup,Shallow Air 2B,120-149,-35--25,All,All,All,All,192,178,0.9270833333333334
geometry,2B,Popup,Shallow Air 2B,120-149,-5-5,All,All,All,All,234,230,0.9829059829059829
geometry,2B,Popup,Shallow Air 2B,120-149,15-25,All,All,All,All,250,244,0.976
geometry,2B,Popup,Shallow Air 2B,120-149,25-35,All,All,All,All,299,284,0.9498327759197325
geometry,2B,Popup,Shallow Air 2B,120-149,35+,All,All,All,All,786,763,0.9707379134860051
geometry,2B,Popup,Shallow Air 2B,120-149,5-15,All,All,All,All,258,252,0.9767441860465116
geometry,2B,Popup,Shallow Air 2B,120-149,<-35,All,All,All,All,455,436,0.9582417582417583
geometry,2B,Popup,Shallow Air 2B,150-179,-15--5,All,All,All,All,332,321,0.9668674698795181
geometry,2B,Popup,Shallow Air 2B,150-179,-25--15,All,All,All,All,298,282,0.9463087248322147
geometry,2B,Popup,Shallow Air 2B,150-179,-35--25,All,All,All,All,274,238,0.8686131386861314
geometry,2B,Popup,Shallow Air 2B,150-179,-5-5,All,All,All,All,356,347,0.9747191011235955
geometry,2B,Popup,Shallow Air 2B,150-179,15-25,All,All,All,All,358,347,0.9692737430167597
geometry,2B,Popup,Shallow Air 2B,150-179,25-35,All,All,All,All,325,291,0.8953846153846153
geometry,2B,Popup,Shallow Air 2B,150-179,35+,All,All,All,All,602,527,0.8754152823920266
geometry,2B,Popup,Shallow Air 2B,150-179,5-15,All,All,All,All,364,352,0.967032967032967
geometry,2B,Popup,Shallow Air 2B,150-179,<-35,All,All,All,All,365,296,0.810958904109589
geometry,2B,Popup,Shallow Air 2B,180-219,-15--5,All,All,All,All,420,328,0.780952380952381
geometry,2B,Popup,Shallow Air 2B,180-219,-25--15,All,All,All,All,363,276,0.7603305785123967
geometry,2B,Popup,Shallow Air 2B,180-219,-35--25,All,All,All,All,291,229,0.7869415807560137
geometry,2B,Popup,Shallow Air 2B,180-219,-5-5,All,All,All,All,466,399,0.8562231759656652
geometry,2B,Popup,Shallow Air 2B,180-219,15-25,All,All,All,All,425,342,0.8047058823529412
geometry,2B,Popup,Shallow Air 2B,180-219,25-35,All,All,All,All,372,273,0.7338709677419355
geometry,2B,Popup,Shallow Air 2B,180-219,35+,All,All,All,All,434,298,0.6866359447004609
geometry,2B,Popup,Shallow Air 2B,180-219,5-15,All,All,All,All,465,388,0.8344086021505376
geometry,2B,Popup,Shallow Air 2B,180-219,<-35,All,All,All,All,304,184,0.6052631578947368
geometry,2B,Popup,Shallow Air 2B,220-259,-15--5,All,All,All,All,231,132,0.5714285714285714
geometry,2B,Popup,Shallow Air 2B,220-259,-25--15,All,All,All,All,167,124,0.7425149700598802
geometry,2B,Popup,Shallow Air 2B,220-259,-35--25,All,All,All,All,120,94,0.7833333333333333
geometry,2B,Popup,Shallow Air 2B,220-259,-5-5,All,All,All,All,250,153,0.612
geometry,2B,Popup,Shallow Air 2B,220-259,15-25,All,All,All,All,178,139,0.7808988764044944
geometry,2B,Popup,Shallow Air 2B,220-259,25-35,All,All,All,All,156,130,0.8333333333333334
geometry,2B,Popup,Shallow Air 2B,220-259,35+,All,All,All,All,192,145,0.7552083333333334
geometry,2B,Popup,Shallow Air 2B,220-259,5-15,All,All,All,All,272,152,0.5588235294117647
geometry,2B,Popup,Shallow Air 2B,220-259,<-35,All,All,All,All,146,103,0.7054794520547946
geometry,2B,Popup,Shallow Air 2B,260-319,-15--5,All,All,All,All,126,107,0.8492063492063492
geometry,2B,Popup,Shallow Air 2B,260-319,-25--15,All,All,All,All,113,106,0.9380530973451328
geometry,2B,Popup,Shallow Air 2B,260-319,-35--25,All,All,All,All,88,85,0.9659090909090909
geometry,2B,Popup,Shallow Air 2B,260-319,-5-5,All,All,All,All,139,131,0.9424460431654677
geometry,2B,Popup,Shallow Air 2B,260-319,15-25,All,All,All,All,132,125,0.946969696969697
geometry,2B,Popup,Shallow Air 2B,260-319,25-35,All,All,All,All,93,90,0.967741935483871
geometry,2B,Popup,Shallow Air 2B,260-319,35+,All,All,All,All,97,87,0.8969072164948454
geometry,2B,Popup,Shallow Air 2B,260-319,5-15,All,All,All,All,158,137,0.8670886075949367
geometry,2B,Popup,Shallow Air 2B,260-319,<-35,All,All,All,All,70,57,0.8142857142857143
geometry,2B,Popup,Shallow Air 2B,320+,-15--5,All,All,All,All,66,62,0.9393939393939394
geometry,2B,Popup,Shallow Air 2B,320+,-25--15,All,All,All,All,36,28,0.7777777777777778
geometry,2B,Popup,Shallow Air 2B,320+,-5-5,All,All,All,All,89,86,0.9662921348314607
geometry,2B,Popup,Shallow Air 2B,320+,15-25,All,All,All,All,47,43,0.9148936170212766
geometry,2B,Popup,Shallow Air 2B,320+,5-15,All,All,All,All,75,74,0.9866666666666667
geometry,2B,Popup,Shallow Air 2B,60-89,-15--5,All,All,All,All,70,67,0.9571428571428572
geometry,2B,Popup,Shallow Air 2B,60-89,-25--15,All,All,All,All,66,64,0.9696969696969697
geometry,2B,Popup,Shallow Air 2B,60-89,-35--25,All,All,All,All,61,60,0.9836065573770492
geometry,2B,Popup,Shallow Air 2B,60-89,-5-5,All,All,All,All,76,72,0.9473684210526315
geometry,2B,Popup,Shallow Air 2B,60-89,15-25,All,All,All,All,93,90,0.967741935483871
geometry,2B,Popup,Shallow Air 2B,60-89,25-35,All,All,All,All,92,88,0.9565217391304348
geometry,2B,Popup,Shallow Air 2B,60-89,35+,All,All,All,All,345,344,0.9971014492753624
geometry,2B,Popup,Shallow Air 2B,60-89,5-15,All,All,All,All,76,69,0.9078947368421053
geometry,2B,Popup,Shallow Air 2B,60-89,<-35,All,All,All,All,179,178,0.994413407821229
geometry,2B,Popup,Shallow Air 2B,90-119,-15--5,All,All,All,All,132,124,0.9393939393939394
geometry,2B,Popup,Shallow Air 2B,90-119,-25--15,All,All,All,All,117,115,0.9829059829059829
geometry,2B,Popup,Shallow Air 2B,90-119,-35--25,All,All,All,All,123,119,0.967479674796748
geometry,2B,Popup,Shallow Air 2B,90-119,-5-5,All,All,All,All,150,142,0.9466666666666667
geometry,2B,Popup,Shallow Air 2B,90-119,15-25,All,All,All,All,157,153,0.9745222929936306
geometry,2B,Popup,Shallow Air 2B,90-119,25-35,All,All,All,All,161,160,0.9937888198757764
geometry,2B,Popup,Shallow Air 2B,90-119,35+,All,All,All,All,600,596,0.9933333333333333
geometry,2B,Popup,Shallow Air 2B,90-119,5-15,All,All,All,All,152,149,0.9802631578947368
geometry,2B,Popup,Shallow Air 2B,90-119,<-35,All,All,All,All,342,339,0.9912280701754386
geometry,2B,Popup,Shallow Air 2B,<60,-15--5,All,All,All,All,46,45,0.9782608695652174
geometry,2B,Popup,Shallow Air 2B,<60,-25--15,All,All,All,All,39,39,1.0
geometry,2B,Popup,Shallow Air 2B,<60,-5-5,All,All,All,All,40,38,0.95
geometry,2B,Popup,Shallow Air 2B,<60,15-25,All,All,All,All,50,48,0.96
geometry,2B,Popup,Shallow Air 2B,<60,25-35,All,All,All,All,35,33,0.9428571428571428
geometry,2B,Popup,Shallow Air 2B,<60,35+,All,All,All,All,168,168,1.0
geometry,2B,Popup,Shallow Air 2B,<60,5-15,All,All,All,All,45,43,0.9555555555555556
geometry,2B,Popup,Shallow Air 2B,<60,<-35,All,All,All,All,128,126,0.984375
geometry,3B,Fly,Shallow Air 3B,120-149,-35--25,All,All,All,All,30,24,0.8
geometry,3B,Fly,Shallow Air 3B,120-149,25-35,All,All,All,All,36,31,0.8611111111111112
geometry,3B,Fly,Shallow Air 3B,120-149,35+,All,All,All,All,88,82,0.9318181818181818
geometry,3B,Fly,Shallow Air 3B,120-149,5-15,All,All,All,All,31,27,0.8709677419354839
geometry,3B,Fly,Shallow Air 3B,120-149,<-35,All,All,All,All,74,68,0.918918918918919
geometry,3B,Fly,Shallow Air 3B,150-179,-15--5,All,All,All,All,56,53,0.9464285714285714
geometry,3B,Fly,Shallow Air 3B,150-179,-25--15,All,All,All,All,50,45,0.9
geometry,3B,Fly,Shallow Air 3B,150-179,-35--25,All,All,All,All,91,72,0.7912087912087912
geometry,3B,Fly,Shallow Air 3B,150-179,-5-5,All,All,All,All,75,66,0.88
geometry,3B,Fly,Shallow Air 3B,150-179,15-25,All,All,All,All,82,74,0.9024390243902439
geometry,3B,Fly,Shallow Air 3B,150-179,25-35,All,All,All,All,94,72,0.7659574468085106
geometry,3B,Fly,Shallow Air 3B,150-179,35+,All,All,All,All,167,123,0.7365269461077845
geometry,3B,Fly,Shallow Air 3B,150-179,5-15,All,All,All,All,58,55,0.9482758620689655
geometry,3B,Fly,Shallow Air 3B,150-179,<-35,All,All,All,All,110,72,0.6545454545454545
geometry,3B,Fly,Shallow Air 3B,90-119,35+,All,All,All,All,61,59,0.9672131147540983
geometry,3B,Fly,Shallow Air 3B,90-119,<-35,All,All,All,All,34,34,1.0
geometry,3B,Ground,IF 3B,120-149,-25--15,All,All,All,All,4576,2365,0.5168269230769231
geometry,3B,Ground,IF 3B,120-149,-35--25,All,All,All,All,15318,8968,0.585455020237629
geometry,3B,Ground,IF 3B,120-149,<-35,All,All,All,All,7671,4543,0.5922304784252379
geometry,3B,Line,Shallow Air 3B,120-149,-15--5,All,All,All,All,481,128,0.2661122661122661
geometry,3B,Line,Shallow Air 3B,120-149,-25--15,All,All,All,All,523,164,0.3135755258126195
geometry,3B,Line,Shallow Air 3B,120-149,-35--25,All,All,All,All,922,238,0.25813449023861174
geometry,3B,Line,Shallow Air 3B,120-149,-5-5,All,All,All,All,729,90,0.12345679012345678
geometry,3B,Line,Shallow Air 3B,120-149,15-25,All,All,All,All,409,78,0.19070904645476772
geometry,3B,Line,Shallow Air 3B,120-149,25-35,All,All,All,All,680,159,0.2338235294117647
geometry,3B,Line,Shallow Air 3B,120-149,35+,All,All,All,All,700,429,0.6128571428571429
geometry,3B,Line,Shallow Air 3B,120-149,5-15,All,All,All,All,422,145,0.34360189573459715
geometry,3B,Line,Shallow Air 3B,120-149,<-35,All,All,All,All,953,584,0.6128016789087093
geometry,3B,Line,Shallow Air 3B,150-179,-15--5,All,All,All,All,984,477,0.4847560975609756
geometry,3B,Line,Shallow Air 3B,150-179,-25--15,All,All,All,All,1157,654,0.5652549697493517
geometry,3B,Line,Shallow Air 3B,150-179,-35--25,All,All,All,All,1126,126,0.11190053285968028
geometry,3B,Line,Shallow Air 3B,150-179,-5-5,All,All,All,All,961,220,0.22892819979188345
geometry,3B,Line,Shallow Air 3B,150-179,15-25,All,All,All,All,918,452,0.4923747276688453
geometry,3B,Line,Shallow Air 3B,150-179,25-35,All,All,All,All,802,118,0.14713216957605985
geometry,3B,Line,Shallow Air 3B,150-179,35+,All,All,All,All,720,184,0.25555555555555554
geometry,3B,Line,Shallow Air 3B,150-179,5-15,All,All,All,All,1005,571,0.5681592039800994
geometry,3B,Line,Shallow Air 3B,150-179,<-35,All,All,All,All,931,132,0.14178302900107412
geometry,3B,Line,Shallow Air 3B,60-89,-15--5,All,All,All,All,49,11,0.22448979591836735
geometry,3B,Line,Shallow Air 3B,60-89,-25--15,All,All,All,All,35,1,0.02857142857142857
geometry,3B,Line,Shallow Air 3B,60-89,-35--25,All,All,All,All,77,3,0.03896103896103896
geometry,3B,Line,Shallow Air 3B,60-89,-5-5,All,All,All,All,252,87,0.34523809523809523
geometry,3B,Line,Shallow Air 3B,60-89,15-25,All,All,All,All,35,0,0.0
geometry,3B,Line,Shallow Air 3B,60-89,25-35,All,All,All,All,65,5,0.07692307692307693
geometry,3B,Line,Shallow Air 3B,60-89,35+,All,All,All,All,52,15,0.28846153846153844
geometry,3B,Line,Shallow Air 3B,60-89,5-15,All,All,All,All,56,25,0.44642857142857145
geometry,3B,Line,Shallow Air 3B,60-89,<-35,All,All,All,All,76,7,0.09210526315789473
geometry,3B,Line,Shallow Air 3B,90-119,-15--5,All,All,All,All,141,13,0.09219858156028368
geometry,3B,Line,Shallow Air 3B,90-119,-25--15,All,All,All,All,146,15,0.10273972602739725
geometry,3B,Line,Shallow Air 3B,90-119,-35--25,All,All,All,All,436,115,0.26376146788990823
geometry,3B,Line,Shallow Air 3B,90-119,-5-5,All,All,All,All,532,151,0.28383458646616544
geometry,3B,Line,Shallow Air 3B,90-119,15-25,All,All,All,All,121,15,0.12396694214876033
geometry,3B,Line,Shallow Air 3B,90-119,25-35,All,All,All,All,285,58,0.20350877192982456
geometry,3B,Line,Shallow Air 3B,90-119,35+,All,All,All,All,284,167,0.5880281690140845
geometry,3B,Line,Shallow Air 3B,90-119,5-15,All,All,All,All,147,34,0.23129251700680273
geometry,3B,Line,Shallow Air 3B,90-119,<-35,All,All,All,All,493,228,0.46247464503042596
geometry,3B,Line,Shallow Air 3B,<60,-15--5,All,All,All,All,51,15,0.29411764705882354
geometry,3B,Line,Shallow Air 3B,<60,-25--15,All,All,All,All,63,13,0.20634920634920634
geometry,3B,Line,Shallow Air 3B,<60,-35--25,All,All,All,All,72,8,0.1111111111111111
geometry,3B,Line,Shallow Air 3B,<60,-5-5,All,All,All,All,162,32,0.19753086419753085
geometry,3B,Line,Shallow Air 3B,<60,15-25,All,All,All,All,40,7,0.175
geometry,3B,Line,Shallow Air 3B,<60,25-35,All,All,All,All,60,8,0.13333333333333333
geometry,3B,Line,Shallow Air 3B,<60,35+,All,All,All,All,42,12,0.2857142857142857
geometry,3B,Line,Shallow Air 3B,<60,5-15,All,All,All,All,41,12,0.2926829268292683
geometry,3B,Line,Shallow Air 3B,<60,<-35,All,All,All,All,80,2,0.025
geometry,3B,Popup,Shallow Air 3B,120-149,-15--5,All,All,All,All,215,212,0.986046511627907
geometry,3B,Popup,Shallow Air 3B,120-149,-25--15,All,All,All,All,219,214,0.9771689497716894
geometry,3B,Popup,Shallow Air 3B,120-149,-35--25,All,All,All,All,191,177,0.9267015706806283
geometry,3B,Popup,Shallow Air 3B,120-149,-5-5,All,All,All,All,234,230,0.9829059829059829
geometry,3B,Popup,Shallow Air 3B,120-149,15-25,All,All,All,All,249,243,0.9759036144578314
geometry,3B,Popup,Shallow Air 3B,120-149,25-35,All,All,All,All,299,284,0.9498327759197325
geometry,3B,Popup,Shallow Air 3B,120-149,35+,All,All,All,All,787,764,0.9707750952986023
geometry,3B,Popup,Shallow Air 3B,120-149,5-15,All,All,All,All,255,249,0.9764705882352941
geometry,3B,Popup,Shallow Air 3B,120-149,<-35,All,All,All,All,457,438,0.9584245076586433
geometry,3B,Popup,Shallow Air 3B,150-179,-15--5,All,All,All,All,333,322,0.9669669669669669
geometry,3B,Popup,Shallow Air 3B,150-179,-25--15,All,All,All,All,297,281,0.9461279461279462
geometry,3B,Popup,Shallow Air 3B,150-179,-35--25,All,All,All,All,273,237,0.8681318681318682
geometry,3B,Popup,Shallow Air 3B,150-179,-5-5,All,All,All,All,356,347,0.9747191011235955
geometry,3B,Popup,Shallow Air 3B,150-179,15-25,All,All,All,All,358,347,0.9692737430167597
geometry,3B,Popup,Shallow Air 3B,150-179,25-35,All,All,All,All,327,293,0.8960244648318043
geometry,3B,Popup,Shallow Air 3B,150-179,35+,All,All,All,All,602,527,0.8754152823920266
geometry,3B,Popup,Shallow Air 3B,150-179,5-15,All,All,All,All,365,353,0.9671232876712329
geometry,3B,Popup,Shallow Air 3B,150-179,<-35,All,All,All,All,363,293,0.8071625344352618
geometry,3B,Popup,Shallow Air 3B,180-219,-15--5,All,All,All,All,421,329,0.7814726840855107
geometry,3B,Popup,Shallow Air 3B,180-219,-25--15,All,All,All,All,366,277,0.7568306010928961
geometry,3B,Popup,Shallow Air 3B,180-219,-35--25,All,All,All,All,289,228,0.7889273356401384
geometry,3B,Popup,Shallow Air 3B,180-219,-5-5,All,All,All,All,466,399,0.8562231759656652
geometry,3B,Popup,Shallow Air 3B,180-219,15-25,All,All,All,All,424,342,0.8066037735849056
geometry,3B,Popup,Shallow Air 3B,180-219,25-35,All,All,All,All,373,275,0.7372654155495979
geometry,3B,Popup,Shallow Air 3B,180-219,35+,All,All,All,All,434,298,0.6866359447004609
geometry,3B,Popup,Shallow Air 3B,180-219,5-15,All,All,All,All,467,389,0.8329764453961456
geometry,3B,Popup,Shallow Air 3B,180-219,<-35,All,All,All,All,304,184,0.6052631578947368
geometry,3B,Popup,Shallow Air 3B,220-259,-15--5,All,All,All,All,230,131,0.5695652173913044
geometry,3B,Popup,Shallow Air 3B,220-259,-25--15,All,All,All,All,166,123,0.7409638554216867
geometry,3B,Popup,Shallow Air 3B,220-259,-35--25,All,All,All,All,120,94,0.7833333333333333
geometry,3B,Popup,Shallow Air 3B,220-259,-5-5,All,All,All,All,249,152,0.6104417670682731
geometry,3B,Popup,Shallow Air 3B,220-259,15-25,All,All,All,All,177,138,0.7796610169491526
geometry,3B,Popup,Shallow Air 3B,220-259,25-35,All,All,All,All,155,129,0.832258064516129
geometry,3B,Popup,Shallow Air 3B,220-259,35+,All,All,All,All,192,144,0.75
geometry,3B,Popup,Shallow Air 3B,220-259,5-15,All,All,All,All,272,152,0.5588235294117647
geometry,3B,Popup,Shallow Air 3B,220-259,<-35,All,All,All,All,144,102,0.7083333333333334
geometry,3B,Popup,Shallow Air 3B,260-319,-15--5,All,All,All,All,126,107,0.8492063492063492
geometry,3B,Popup,Shallow Air 3B,260-319,-25--15,All,All,All,All,114,107,0.9385964912280702
geometry,3B,Popup,Shallow Air 3B,260-319,-35--25,All,All,All,All,88,85,0.9659090909090909
geometry,3B,Popup,Shallow Air 3B,260-319,-5-5,All,All,All,All,139,131,0.9424460431654677
geometry,3B,Popup,Shallow Air 3B,260-319,15-25,All,All,All,All,132,125,0.946969696969697
geometry,3B,Popup,Shallow Air 3B,260-319,25-35,All,All,All,All,93,90,0.967741935483871
geometry,3B,Popup,Shallow Air 3B,260-319,35+,All,All,All,All,97,87,0.8969072164948454
geometry,3B,Popup,Shallow Air 3B,260-319,5-15,All,All,All,All,158,137,0.8670886075949367
geometry,3B,Popup,Shallow Air 3B,260-319,<-35,All,All,All,All,70,57,0.8142857142857143
geometry,3B,Popup,Shallow Air 3B,320+,-15--5,All,All,All,All,65,62,0.9538461538461539
geometry,3B,Popup,Shallow Air 3B,320+,-25--15,All,All,All,All,36,28,0.7777777777777778
geometry,3B,Popup,Shallow Air 3B,320+,-5-5,All,All,All,All,89,86,0.9662921348314607
geometry,3B,Popup,Shallow Air 3B,320+,15-25,All,All,All,All,47,43,0.9148936170212766
geometry,3B,Popup,Shallow Air 3B,320+,5-15,All,All,All,All,75,74,0.9866666666666667
geometry,3B,Popup,Shallow Air 3B,60-89,-15--5,All,All,All,All,71,68,0.9577464788732394
geometry,3B,Popup,Shallow Air 3B,60-89,-25--15,All,All,All,All,65,63,0.9692307692307692
geometry,3B,Popup,Shallow Air 3B,60-89,-35--25,All,All,All,All,61,60,0.9836065573770492
geometry,3B,Popup,Shallow Air 3B,60-89,-5-5,All,All,All,All,75,71,0.9466666666666667
geometry,3B,Popup,Shallow Air 3B,60-89,15-25,All,All,All,All,93,90,0.967741935483871
geometry,3B,Popup,Shallow Air 3B,60-89,25-35,All,All,All,All,91,87,0.9560439560439561
geometry,3B,Popup,Shallow Air 3B,60-89,35+,All,All,All,All,345,344,0.9971014492753624
geometry,3B,Popup,Shallow Air 3B,60-89,5-15,All,All,All,All,76,69,0.9078947368421053
geometry,3B,Popup,Shallow Air 3B,60-89,<-35,All,All,All,All,179,178,0.994413407821229
geometry,3B,Popup,Shallow Air 3B,90-119,-15--5,All,All,All,All,131,123,0.9389312977099237
geometry,3B,Popup,Shallow Air 3B,90-119,-25--15,All,All,All,All,116,114,0.9827586206896551
geometry,3B,Popup,Shallow Air 3B,90-119,-35--25,All,All,All,All,123,119,0.967479674796748
geometry,3B,Popup,Shallow Air 3B,90-119,-5-5,All,All,All,All,150,142,0.9466666666666667
geometry,3B,Popup,Shallow Air 3B,90-119,15-25,All,All,All,All,156,152,0.9743589743589743
geometry,3B,Popup,Shallow Air 3B,90-119,25-35,All,All,All,All,161,160,0.9937888198757764
geometry,3B,Popup,Shallow Air 3B,90-119,35+,All,All,All,All,601,597,0.9933444259567388
geometry,3B,Popup,Shallow Air 3B,90-119,5-15,All,All,All,All,152,149,0.9802631578947368
geometry,3B,Popup,Shallow Air 3B,90-119,<-35,All,All,All,All,342,339,0.9912280701754386
geometry,3B,Popup,Shallow Air 3B,<60,-15--5,All,All,All,All,45,44,0.9777777777777777
geometry,3B,Popup,Shallow Air 3B,<60,-25--15,All,All,All,All,39,39,1.0
geometry,3B,Popup,Shallow Air 3B,<60,-5-5,All,All,All,All,40,38,0.95
geometry,3B,Popup,Shallow Air 3B,<60,15-25,All,All,All,All,50,48,0.96
geometry,3B,Popup,Shallow Air 3B,<60,25-35,All,All,All,All,35,33,0.9428571428571428
geometry,3B,Popup,Shallow Air 3B,<60,35+,All,All,All,All,168,168,1.0
geometry,3B,Popup,Shallow Air 3B,<60,5-15,All,All,All,All,45,43,0.9555555555555556
geometry,3B,Popup,Shallow Air 3B,<60,<-35,All,All,All,All,128,126,0.984375
geometry,CF,Fly,OF CF,150-179,-15--5,All,All,All,All,55,52,0.9454545454545454
geometry,CF,Fly,OF CF,150-179,-5-5,All,All,All,All,75,66,0.88
geometry,CF,Fly,OF CF,150-179,5-15,All,All,All,All,58,55,0.9482758620689655
geometry,CF,Fly,OF CF,180-219,-15--5,All,All,All,All,281,205,0.7295373665480427
geometry,CF,Fly,OF CF,180-219,-5-5,All,All,All,All,309,224,0.7249190938511327
geometry,CF,Fly,OF CF,180-219,5-15,All,All,All,All,303,231,0.7623762376237624
geometry,CF,Fly,OF CF,220-259,-15--5,All,All,All,All,899,674,0.7497219132369299
geometry,CF,Fly,OF CF,220-259,-5-5,All,All,All,All,933,720,0.7717041800643086
geometry,CF,Fly,OF CF,220-259,5-15,All,All,All,All,959,703,0.7330552659019812
geometry,CF,Fly,OF CF,260-319,-15--5,All,All,All,All,2806,2586,0.9215965787598004
geometry,CF,Fly,OF CF,260-319,-5-5,All,All,All,All,2903,2818,0.9707199448846021
geometry,CF,Fly,OF CF,260-319,5-15,All,All,All,All,2990,2737,0.9153846153846154
geometry,CF,Fly,OF CF,320+,-15--5,All,All,All,All,4512,3810,0.8444148936170213
geometry,CF,Fly,OF CF,320+,-5-5,All,All,All,All,5336,4935,0.9248500749625187
geometry,CF,Fly,OF CF,320+,5-15,All,All,All,All,4560,3823,0.8383771929824562
geometry,CF,Line,OF CF,120-149,-15--5,All,All,All,All,350,0,0.0
geometry,CF,Line,OF CF,120-149,-5-5,All,All,All,All,636,0,0.0
geometry,CF,Line,OF CF,120-149,5-15,All,All,All,All,275,0,0.0
geometry,CF,Line,OF CF,150-179,-15--5,All,All,All,All,985,476,0.483248730964467
geometry,CF,Line,OF CF,150-179,-5-5,All,All,All,All,962,222,0.23076923076923078
geometry,CF,Line,OF CF,150-179,5-15,All,All,All,All,1002,570,0.5688622754491018
geometry,CF,Line,OF CF,180-219,-15--5,All,All,All,All,1429,171,0.11966410076976906
geometry,CF,Line,OF CF,180-219,-5-5,All,All,All,All,1364,57,0.041788856304985335
geometry,CF,Line,OF CF,180-219,5-15,All,All,All,All,1400,187,0.13357142857142856
geometry,CF,Line,OF CF,220-259,-15--5,All,All,All,All,1513,12,0.007931262392597489
geometry,CF,Line,OF CF,220-259,-5-5,All,All,All,All,1461,29,0.019849418206707735
geometry,CF,Line,OF CF,220-259,5-15,All,All,All,All,1491,14,0.009389671361502348
geometry,CF,Line,OF CF,260-319,-15--5,All,All,All,All,2119,636,0.3001415762151958
geometry,CF,Line,OF CF,260-319,-5-5,All,All,All,All,2038,1277,0.626594700686948
geometry,CF,Line,OF CF,260-319,5-15,All,All,All,All,2137,600,0.28076743097800655
geometry,CF,Line,OF CF,320+,-15--5,All,All,All,All,1544,802,0.5194300518134715
geometry,CF,Line,OF CF,320+,-5-5,All,All,All,All,1503,1247,0.8296739853626082
geometry,CF,Line,OF CF,320+,5-15,All,All,All,All,1458,711,0.4876543209876543
geometry,CF,Line,OF CF,60-89,-15--5,All,All,All,All,38,0,0.0
geometry,CF,Line,OF CF,60-89,-5-5,All,All,All,All,164,0,0.0
geometry,CF,Line,OF CF,60-89,5-15,All,All,All,All,31,0,0.0
geometry,CF,Line,OF CF,90-119,-15--5,All,All,All,All,129,0,0.0
geometry,CF,Line,OF CF,90-119,-5-5,All,All,All,All,381,0,0.0
geometry,CF,Line,OF CF,90-119,5-15,All,All,All,All,113,0,0.0
geometry,CF,Line,OF CF,<60,-15--5,All,All,All,All,36,0,0.0
geometry,CF,Line,OF CF,<60,-5-5,All,All,All,All,129,0,0.0
geometry,CF,Popup,OF CF,150-179,-15--5,All,All,All,All,332,321,0.9668674698795181
geometry,CF,Popup,OF CF,150-179,-5-5,All,All,All,All,357,348,0.9747899159663865
geometry,CF,Popup,OF CF,150-179,5-15,All,All,All,All,364,352,0.967032967032967
geometry,CF,Popup,OF CF,180-219,-15--5,All,All,All,All,418,326,0.7799043062200957
geometry,CF,Popup,OF CF,180-219,-5-5,All,All,All,All,464,397,0.8556034482758621
geometry,CF,Popup,OF CF,180-219,5-15,All,All,All,All,467,389,0.8329764453961456
geometry,CF,Popup,OF CF,220-259,-15--5,All,All,All,All,230,131,0.5695652173913044
geometry,CF,Popup,OF CF,220-259,-5-5,All,All,All,All,249,152,0.6104417670682731
geometry,CF,Popup,OF CF,220-259,5-15,All,All,All,All,272,152,0.5588235294117647
geometry,CF,Popup,OF CF,260-319,-15--5,All,All,All,All,126,107,0.8492063492063492
geometry,CF,Popup,OF CF,260-319,-5-5,All,All,All,All,139,131,0.9424460431654677
geometry,CF,Popup,OF CF,260-319,5-15,All,All,All,All,158,137,0.8670886075949367
geometry,CF,Popup,OF CF,320+,-15--5,All,All,All,All,66,62,0.9393939393939394
geometry,CF,Popup,OF CF,320+,-5-5,All,All,All,All,89,86,0.9662921348314607
geometry,CF,Popup,OF CF,320+,5-15,All,All,All,All,75,74,0.9866666666666667
geometry,LF,Fly,OF LF,150-179,-25--15,All,All,All,All,50,45,0.9
geometry,LF,Fly,OF LF,150-179,-35--25,All,All,All,All,90,72,0.8
geometry,LF,Fly,OF LF,150-179,<-35,All,All,All,All,79,47,0.5949367088607594
geometry,LF,Fly,OF LF,180-219,-25--15,All,All,All,All,346,254,0.7341040462427746
geometry,LF,Fly,OF LF,180-219,-35--25,All,All,All,All,402,301,0.7487562189054726
geometry,LF,Fly,OF LF,180-219,<-35,All,All,All,All,350,204,0.5828571428571429
geometry,LF,Fly,OF LF,220-259,-25--15,All,All,All,All,976,826,0.8463114754098361
geometry,LF,Fly,OF LF,220-259,-35--25,All,All,All,All,965,862,0.8932642487046633
geometry,LF,Fly,OF LF,220-259,<-35,All,All,All,All,840,653,0.7773809523809524
geometry,LF,Fly,OF LF,260-319,-25--15,All,All,All,All,2861,2695,0.9419783292555051
geometry,LF,Fly,OF LF,260-319,-35--25,All,All,All,All,2776,2703,0.9737031700288185
geometry,LF,Fly,OF LF,260-319,<-35,All,All,All,All,2158,1760,0.8155699721964782
geometry,LF,Fly,OF LF,320+,-25--15,All,All,All,All,3234,2470,0.7637600494743352
geometry,LF,Fly,OF LF,320+,-35--25,All,All,All,All,1674,1342,0.8016726403823178
geometry,LF,Fly,OF LF,320+,<-35,All,All,All,All,637,380,0.5965463108320251
geometry,LF,Fly,OF LF Foul Out,180-219,<-35,All,All,All,All,61,61,1.0
geometry,LF,Fly,OF LF Foul Out,220-259,<-35,All,All,All,All,134,134,1.0
geometry,LF,Fly,OF LF Foul Out,260-319,<-35,All,All,All,All,184,184,1.0
geometry,LF,Line,OF LF,120-149,-25--15,All,All,All,All,359,0,0.0
geometry,LF,Line,OF LF,120-149,-35--25,All,All,All,All,680,0,0.0
geometry,LF,Line,OF LF,120-149,<-35,All,All,All,All,356,0,0.0
geometry,LF,Line,OF LF,150-179,-25--15,All,All,All,All,1151,648,0.5629887054735013
geometry,LF,Line,OF LF,150-179,-35--25,All,All,All,All,1128,126,0.11170212765957446
geometry,LF,Line,OF LF,150-179,<-35,All,All,All,All,925,130,0.14054054054054055
geometry,LF,Line,OF LF,180-219,-25--15,All,All,All,All,1571,171,0.10884786760025461
geometry,LF,Line,OF LF,180-219,-35--25,All,All,All,All,1522,16,0.010512483574244415
geometry,LF,Line,OF LF,180-219,<-35,All,All,All,All,1271,9,0.007081038552321007
geometry,LF,Line,OF LF,220-259,-25--15,All,All,All,All,1525,74,0.04852459016393443
geometry,LF,Line,OF LF,220-259,-35--25,All,All,All,All,1509,193,0.12789927104042412
geometry,LF,Line,OF LF,220-259,<-35,All,All,All,All,1225,33,0.026938775510204082
geometry,LF,Line,OF LF,260-319,-25--15,All,All,All,All,2029,954,0.4701823558403154
geometry,LF,Line,OF LF,260-319,-35--25,All,All,All,All,1736,1372,0.7903225806451613
geometry,LF,Line,OF LF,260-319,<-35,All,All,All,All,1351,280,0.20725388601036268
geometry,LF,Line,OF LF,320+,-25--15,All,All,All,All,1253,462,0.3687150837988827
geometry,LF,Line,OF LF,320+,-35--25,All,All,All,All,708,392,0.5536723163841808
geometry,LF,Line,OF LF,320+,<-35,All,All,All,All,330,51,0.15454545454545454
geometry,LF,Line,OF LF,60-89,-25--15,All,All,All,All,34,0,0.0
geometry,LF,Line,OF LF,60-89,-35--25,All,All,All,All,72,0,0.0
geometry,LF,Line,OF LF,60-89,<-35,All,All,All,All,69,0,0.0
geometry,LF,Line,OF LF,90-119,-25--15,All,All,All,All,131,0,0.0
geometry,LF,Line,OF LF,90-119,-35--25,All,All,All,All,320,0,0.0
geometry,LF,Line,OF LF,90-119,<-35,All,All,All,All,260,0,0.0
geometry,LF,Line,OF LF,<60,-25--15,All,All,All,All,50,0,0.0
geometry,LF,Line,OF LF,<60,-35--25,All,All,All,All,64,0,0.0
geometry,LF,Line,OF LF,<60,<-35,All,All,All,All,73,0,0.0
geometry,LF,Popup,OF LF,150-179,-25--15,All,All,All,All,298,281,0.9429530201342282
geometry,LF,Popup,OF LF,150-179,-35--25,All,All,All,All,272,236,0.8676470588235294
geometry,LF,Popup,OF LF,150-179,<-35,All,All,All,All,212,150,0.7075471698113207
geometry,LF,Popup,OF LF,180-219,-25--15,All,All,All,All,366,278,0.7595628415300546
geometry,LF,Popup,OF LF,180-219,-35--25,All,All,All,All,289,227,0.7854671280276817
geometry,LF,Popup,OF LF,180-219,<-35,All,All,All,All,240,138,0.575
geometry,LF,Popup,OF LF,220-259,-25--15,All,All,All,All,167,124,0.7425149700598802
geometry,LF,Popup,OF LF,220-259,-35--25,All,All,All,All,120,94,0.7833333333333333
geometry,LF,Popup,OF LF,220-259,<-35,All,All,All,All,106,69,0.6509433962264151
geometry,LF,Popup,OF LF,260-319,-25--15,All,All,All,All,114,107,0.9385964912280702
geometry,LF,Popup,OF LF,260-319,-35--25,All,All,All,All,87,84,0.9655172413793104
geometry,LF,Popup,OF LF,260-319,<-35,All,All,All,All,60,49,0.8166666666666667
geometry,LF,Popup,OF LF,320+,-25--15,All,All,All,All,36,28,0.7777777777777778
geometry,LF,Popup,OF LF Foul Out,150-179,<-35,All,All,All,All,145,145,1.0
geometry,LF,Popup,OF LF Foul Out,180-219,<-35,All,All,All,All,46,46,1.0
geometry,LF,Popup,OF LF Foul Out,220-259,<-35,All,All,All,All,33,33,1.0
geometry,RF,Fly,OF RF,150-179,15-25,All,All,All,All,80,72,0.9
geometry,RF,Fly,OF RF,150-179,25-35,All,All,All,All,94,72,0.7659574468085106
geometry,RF,Fly,OF RF,150-179,35+,All,All,All,All,109,75,0.6880733944954128
geometry,RF,Fly,OF RF,180-219,15-25,All,All,All,All,434,342,0.7880184331797235
geometry,RF,Fly,OF RF,180-219,25-35,All,All,All,All,505,394,0.7801980198019802
geometry,RF,Fly,OF RF,180-219,35+,All,All,All,All,467,320,0.6852248394004282
geometry,RF,Fly,OF RF,220-259,15-25,All,All,All,All,1169,1002,0.8571428571428571
geometry,RF,Fly,OF RF,220-259,25-35,All,All,All,All,1110,1017,0.9162162162162162
geometry,RF,Fly,OF RF,220-259,35+,All,All,All,All,1021,815,0.7982370225269344
geometry,RF,Fly,OF RF,260-319,15-25,All,All,All,All,3134,2998,0.9566049776643267
geometry,RF,Fly,OF RF,260-319,25-35,All,All,All,All,3111,3037,0.9762134361941498
geometry,RF,Fly,OF RF,260-319,35+,All,All,All,All,2229,1890,0.847913862718708
geometry,RF,Fly,OF RF,320+,15-25,All,All,All,All,3069,2333,0.7601824698598892
geometry,RF,Fly,OF RF,320+,25-35,All,All,All,All,1660,1388,0.8361445783132531
geometry,RF,Fly,OF RF,320+,35+,All,All,All,All,667,410,0.6146926536731634
geometry,RF,Fly,OF RF Foul Out,150-179,35+,All,All,All,All,48,48,1.0
geometry,RF,Fly,OF RF Foul Out,180-219,35+,All,All,All,All,106,106,1.0
geometry,RF,Fly,OF RF Foul Out,220-259,35+,All,All,All,All,159,159,1.0
geometry,RF,Fly,OF RF Foul Out,260-319,35+,All,All,All,All,237,237,1.0
geometry,RF,Line,OF RF,120-149,15-25,All,All,All,All,332,0,0.0
geometry,RF,Line,OF RF,120-149,25-35,All,All,All,All,522,0,0.0
geometry,RF,Line,OF RF,120-149,35+,All,All,All,All,263,0,0.0
geometry,RF,Line,OF RF,150-179,15-25,All,All,All,All,915,451,0.492896174863388
geometry,RF,Line,OF RF,150-179,25-35,All,All,All,All,798,117,0.14661654135338345
geometry,RF,Line,OF RF,150-179,35+,All,All,All,All,714,179,0.2507002801120448
geometry,RF,Line,OF RF,180-219,15-25,All,All,All,All,1446,174,0.12033195020746888
geometry,RF,Line,OF RF,180-219,25-35,All,All,All,All,1288,64,0.049689440993788817
geometry,RF,Line,OF RF,180-219,35+,All,All,All,All,981,8,0.00815494393476045
geometry,RF,Line,OF RF,220-259,15-25,All,All,All,All,1474,100,0.06784260515603799
geometry,RF,Line,OF RF,220-259,25-35,All,All,All,All,1265,206,0.16284584980237155
geometry,RF,Line,OF RF,220-259,35+,All,All,All,All,988,38,0.038461538461538464
geometry,RF,Line,OF RF,260-319,15-25,All,All,All,All,1881,1003,0.5332270069112174
geometry,RF,Line,OF RF,260-319,25-35,All,All,All,All,1523,1238,0.8128693368351937
geometry,RF,Line,OF RF,260-319,35+,All,All,All,All,1235,281,0.22753036437246962
geometry,RF,Line,OF RF,320+,15-25,All,All,All,All,1080,400,0.37037037037037035
geometry,RF,Line,OF RF,320+,25-35,All,All,All,All,573,329,0.5741710296684118
geometry,RF,Line,OF RF,320+,35+,All,All,All,All,262,31,0.1183206106870229
geometry,RF,Line,OF RF,60-89,15-25,All,All,All,All,35,0,0.0
geometry,RF,Line,OF RF,60-89,25-35,All,All,All,All,59,0,0.0
geometry,RF,Line,OF RF,60-89,35+,All,All,All,All,37,0,0.0
geometry,RF,Line,OF RF,90-119,15-25,All,All,All,All,106,0,0.0
geometry,RF,Line,OF RF,90-119,25-35,All,All,All,All,228,0,0.0
geometry,RF,Line,OF RF,90-119,35+,All,All,All,All,117,0,0.0
geometry,RF,Line,OF RF,<60,15-25,All,All,All,All,33,0,0.0
geometry,RF,Line,OF RF,<60,25-35,All,All,All,All,52,0,0.0
geometry,RF,Popup,OF RF,150-179,15-25,All,All,All,All,357,346,0.969187675070028
geometry,RF,Popup,OF RF,150-179,25-35,All,All,All,All,326,292,0.8957055214723927
geometry,RF,Popup,OF RF,150-179,35+,All,All,All,All,315,252,0.8
geometry,RF,Popup,OF RF,180-219,15-25,All,All,All,All,424,342,0.8066037735849056
geometry,RF,Popup,OF RF,180-219,25-35,All,All,All,All,374,275,0.7352941176470589
geometry,RF,Popup,OF RF,180-219,35+,All,All,All,All,314,194,0.6178343949044586
geometry,RF,Popup,OF RF,220-259,15-25,All,All,All,All,177,138,0.7796610169491526
geometry,RF,Popup,OF RF,220-259,25-35,All,All,All,All,156,130,0.8333333333333334
geometry,RF,Popup,OF RF,220-259,35+,All,All,All,All,156,113,0.7243589743589743
geometry,RF,Popup,OF RF,260-319,15-25,All,All,All,All,131,125,0.9541984732824428
geometry,RF,Popup,OF RF,260-319,25-35,All,All,All,All,92,89,0.967391304347826
geometry,RF,Popup,OF RF,260-319,35+,All,All,All,All,81,71,0.8765432098765432
geometry,RF,Popup,OF RF,320+,15-25,All,All,All,All,46,42,0.9130434782608695
geometry,RF,Popup,OF RF Foul Out,150-179,35+,All,All,All,All,272,272,1.0
geometry,RF,Popup,OF RF Foul Out,180-219,35+,All,All,All,All,104,104,1.0
geometry,RF,Popup,OF RF Foul Out,220-259,35+,All,All,All,All,32,32,1.0
geometry,SS,Fly,Shallow Air SS,120-149,-35--25,All,All,All,All,31,25,0.8064516129032258
geometry,SS,Fly,Shallow Air SS,120-149,25-35,All,All,All,All,36,31,0.8611111111111112
geometry,SS,Fly,Shallow Air SS,120-149,35+,All,All,All,All,89,83,0.9325842696629213
geometry,SS,Fly,Shallow Air SS,120-149,5-15,All,All,All,All,31,27,0.8709677419354839
geometry,SS,Fly,Shallow Air SS,120-149,<-35,All,All,All,All,73,67,0.9178082191780822
geometry,SS,Fly,Shallow Air SS,150-179,-15--5,All,All,All,All,55,53,0.9636363636363636
geometry,SS,Fly,Shallow Air SS,150-179,-25--15,All,All,All,All,50,45,0.9
geometry,SS,Fly,Shallow Air SS,150-179,-35--25,All,All,All,All,91,72,0.7912087912087912
geometry,SS,Fly,Shallow Air SS,150-179,-5-5,All,All,All,All,74,65,0.8783783783783784
geometry,SS,Fly,Shallow Air SS,150-179,15-25,All,All,All,All,82,74,0.9024390243902439
geometry,SS,Fly,Shallow Air SS,150-179,25-35,All,All,All,All,94,72,0.7659574468085106
geometry,SS,Fly,Shallow Air SS,150-179,35+,All,All,All,All,167,125,0.7485029940119761
geometry,SS,Fly,Shallow Air SS,150-179,5-15,All,All,All,All,58,55,0.9482758620689655
geometry,SS,Fly,Shallow Air SS,150-179,<-35,All,All,All,All,108,71,0.6574074074074074
geometry,SS,Fly,Shallow Air SS,90-119,35+,All,All,All,All,61,59,0.9672131147540983
geometry,SS,Fly,Shallow Air SS,90-119,<-35,All,All,All,All,34,34,1.0
geometry,SS,Ground,IF SS,120-149,-15--5,All,All,All,All,19670,14685,0.7465683782409761
geometry,SS,Ground,IF SS,120-149,-25--15,All,All,All,All,14975,10322,0.6892821368948248
geometry,SS,Ground,IF SS,120-149,-5-5,All,All,All,All,9107,5295,0.5814208850334908
geometry,SS,Line,Shallow Air SS,120-149,-15--5,All,All,All,All,477,127,0.2662473794549266
geometry,SS,Line,Shallow Air SS,120-149,-25--15,All,All,All,All,521,163,0.31285988483685223
geometry,SS,Line,Shallow Air SS,120-149,-35--25,All,All,All,All,921,238,0.25841476655808904
geometry,SS,Line,Shallow Air SS,120-149,-5-5,All,All,All,All,729,90,0.12345679012345678
geometry,SS,Line,Shallow Air SS,120-149,15-25,All,All,All,All,410,79,0.1926829268292683
geometry,SS,Line,Shallow Air SS,120-149,25-35,All,All,All,All,678,157,0.23156342182890854
geometry,SS,Line,Shallow Air SS,120-149,35+,All,All,All,All,696,427,0.6135057471264368
geometry,SS,Line,Shallow Air SS,120-149,5-15,All,All,All,All,420,145,0.34523809523809523
geometry,SS,Line,Shallow Air SS,120-149,<-35,All,All,All,All,952,584,0.6134453781512605
geometry,SS,Line,Shallow Air SS,150-179,-15--5,All,All,All,All,988,478,0.48380566801619435
geometry,SS,Line,Shallow Air SS,150-179,-25--15,All,All,All,All,1151,652,0.5664639443961772
geometry,SS,Line,Shallow Air SS,150-179,-35--25,All,All,All,All,1125,126,0.112
geometry,SS,Line,Shallow Air SS,150-179,-5-5,All,All,All,All,957,221,0.2309299895506792
geometry,SS,Line,Shallow Air SS,150-179,15-25,All,All,All,All,915,452,0.49398907103825135
geometry,SS,Line,Shallow Air SS,150-179,25-35,All,All,All,All,794,115,0.14483627204030228
geometry,SS,Line,Shallow Air SS,150-179,35+,All,All,All,All,719,187,0.26008344923504867
geometry,SS,Line,Shallow Air SS,150-179,5-15,All,All,All,All,1001,570,0.5694305694305695
geometry,SS,Line,Shallow Air SS,150-179,<-35,All,All,All,All,928,132,0.14224137931034483
geometry,SS,Line,Shallow Air SS,60-89,-15--5,All,All,All,All,49,11,0.22448979591836735
geometry,SS,Line,Shallow Air SS,60-89,-25--15,All,All,All,All,35,1,0.02857142857142857
geometry,SS,Line,Shallow Air SS,60-89,-35--25,All,All,All,All,77,3,0.03896103896103896
geometry,SS,Line,Shallow Air SS,60-89,-5-5,All,All,All,All,251,87,0.3466135458167331
geometry,SS,Line,Shallow Air SS,60-89,15-25,All,All,All,All,35,0,0.0
geometry,SS,Line,Shallow Air SS,60-89,25-35,All,All,All,All,65,5,0.07692307692307693
geometry,SS,Line,Shallow Air SS,60-89,35+,All,All,All,All,51,15,0.29411764705882354
geometry,SS,Line,Shallow Air SS,60-89,5-15,All,All,All,All,56,25,0.44642857142857145
geometry,SS,Line,Shallow Air SS,60-89,<-35,All,All,All,All,76,7,0.09210526315789473
geometry,SS,Line,Shallow Air SS,90-119,-15--5,All,All,All,All,141,13,0.09219858156028368
geometry,SS,Line,Shallow Air SS,90-119,-25--15,All,All,All,All,145,15,0.10344827586206896
geometry,SS,Line,Shallow Air SS,90-119,-35--25,All,All,All,All,434,115,0.26497695852534564
geometry,SS,Line,Shallow Air SS,90-119,-5-5,All,All,All,All,530,150,0.2830188679245283
geometry,SS,Line,Shallow Air SS,90-119,15-25,All,All,All,All,118,13,0.11016949152542373
geometry,SS,Line,Shallow Air SS,90-119,25-35,All,All,All,All,284,58,0.20422535211267606
geometry,SS,Line,Shallow Air SS,90-119,35+,All,All,All,All,280,163,0.5821428571428572
geometry,SS,Line,Shallow Air SS,90-119,5-15,All,All,All,All,147,34,0.23129251700680273
geometry,SS,Line,Shallow Air SS,90-119,<-35,All,All,All,All,495,228,0.46060606060606063
geometry,SS,Line,Shallow Air SS,<60,-15--5,All,All,All,All,51,15,0.29411764705882354
geometry,SS,Line,Shallow Air SS,<60,-25--15,All,All,All,All,64,14,0.21875
geometry,SS,Line,Shallow Air SS,<60,-35--25,All,All,All,All,71,8,0.11267605633802817
geometry,SS,Line,Shallow Air SS,<60,-5-5,All,All,All,All,159,32,0.20125786163522014
geometry,SS,Line,Shallow Air SS,<60,15-25,All,All,All,All,39,7,0.1794871794871795
geometry,SS,Line,Shallow Air SS,<60,25-35,All,All,All,All,59,8,0.13559322033898305
geometry,SS,Line,Shallow Air SS,<60,35+,All,All,All,All,42,12,0.2857142857142857
geometry,SS,Line,Shallow Air SS,<60,5-15,All,All,All,All,41,12,0.2926829268292683
geometry,SS,Line,Shallow Air SS,<60,<-35,All,All,All,All,80,2,0.025
geometry,SS,Popup,Shallow Air SS,120-149,-15--5,All,All,All,All,215,212,0.986046511627907
geometry,SS,Popup,Shallow Air SS,120-149,-25--15,All,All,All,All,219,214,0.9771689497716894
geometry,SS,Popup,Shallow Air SS,120-149,-35--25,All,All,All,All,188,175,0.9308510638297872
geometry,SS,Popup,Shallow Air SS,120-149,-5-5,All,All,All,All,234,230,0.9829059829059829
geometry,SS,Popup,Shallow Air SS,120-149,15-25,All,All,All,All,248,242,0.9758064516129032
geometry,SS,Popup,Shallow Air SS,120-149,25-35,All,All,All,All,294,279,0.9489795918367347
geometry,SS,Popup,Shallow Air SS,120-149,35+,All,All,All,All,787,764,0.9707750952986023
geometry,SS,Popup,Shallow Air SS,120-149,5-15,All,All,All,All,258,252,0.9767441860465116
geometry,SS,Popup,Shallow Air SS,120-149,<-35,All,All,All,All,455,437,0.9604395604395605
geometry,SS,Popup,Shallow Air SS,150-179,-15--5,All,All,All,All,333,322,0.9669669669669669
geometry,SS,Popup,Shallow Air SS,150-179,-25--15,All,All,All,All,298,281,0.9429530201342282
geometry,SS,Popup,Shallow Air SS,150-179,-35--25,All,All,All,All,273,237,0.8681318681318682
geometry,SS,Popup,Shallow Air SS,150-179,-5-5,All,All,All,All,356,347,0.9747191011235955
geometry,SS,Popup,Shallow Air SS,150-179,15-25,All,All,All,All,357,346,0.969187675070028
geometry,SS,Popup,Shallow Air SS,150-179,25-35,All,All,All,All,325,292,0.8984615384615384
geometry,SS,Popup,Shallow Air SS,150-179,35+,All,All,All,All,601,526,0.8752079866888519
geometry,SS,Popup,Shallow Air SS,150-179,5-15,All,All,All,All,365,353,0.9671232876712329
geometry,SS,Popup,Shallow Air SS,150-179,<-35,All,All,All,All,361,292,0.8088642659279779
geometry,SS,Popup,Shallow Air SS,180-219,-15--5,All,All,All,All,421,329,0.7814726840855107
geometry,SS,Popup,Shallow Air SS,180-219,-25--15,All,All,All,All,365,276,0.7561643835616438
geometry,SS,Popup,Shallow Air SS,180-219,-35--25,All,All,All,All,289,227,0.7854671280276817
geometry,SS,Popup,Shallow Air SS,180-219,-5-5,All,All,All,All,466,399,0.8562231759656652
geometry,SS,Popup,Shallow Air SS,180-219,15-25,All,All,All,All,425,342,0.8047058823529412
geometry,SS,Popup,Shallow Air SS,180-219,25-35,All,All,All,All,371,272,0.7331536388140162
geometry,SS,Popup,Shallow Air SS,180-219,35+,All,All,All,All,432,297,0.6875
geometry,SS,Popup,Shallow Air SS,180-219,5-15,All,All,All,All,468,390,0.8333333333333334
geometry,SS,Popup,Shallow Air SS,180-219,<-35,All,All,All,All,303,184,0.6072607260726073
geometry,SS,Popup,Shallow Air SS,220-259,-15--5,All,All,All,All,231,132,0.5714285714285714
geometry,SS,Popup,Shallow Air SS,220-259,-25--15,All,All,All,All,165,122,0.7393939393939394
geometry,SS,Popup,Shallow Air SS,220-259,-35--25,All,All,All,All,119,93,0.7815126050420168
geometry,SS,Popup,Shallow Air SS,220-259,-5-5,All,All,All,All,250,153,0.612
geometry,SS,Popup,Shallow Air SS,220-259,15-25,All,All,All,All,174,136,0.7816091954022989
geometry,SS,Popup,Shallow Air SS,220-259,25-35,All,All,All,All,157,130,0.8280254777070064
geometry,SS,Popup,Shallow Air SS,220-259,35+,All,All,All,All,192,145,0.7552083333333334
geometry,SS,Popup,Shallow Air SS,220-259,5-15,All,All,All,All,272,152,0.5588235294117647
geometry,SS,Popup,Shallow Air SS,220-259,<-35,All,All,All,All,145,102,0.7034482758620689
geometry,SS,Popup,Shallow Air SS,260-319,-15--5,All,All,All,All,126,107,0.8492063492063492
geometry,SS,Popup,Shallow Air SS,260-319,-25--15,All,All,All,All,113,106,0.9380530973451328
geometry,SS,Popup,Shallow Air SS,260-319,-35--25,All,All,All,All,88,85,0.9659090909090909
geometry,SS,Popup,Shallow Air SS,260-319,-5-5,All,All,All,All,139,131,0.9424460431654677
geometry,SS,Popup,Shallow Air SS,260-319,15-25,All,All,All,All,132,125,0.946969696969697
geometry,SS,Popup,Shallow Air SS,260-319,25-35,All,All,All,All,93,90,0.967741935483871
geometry,SS,Popup,Shallow Air SS,260-319,35+,All,All,All,All,97,87,0.8969072164948454
geometry,SS,Popup,Shallow Air SS,260-319,5-15,All,All,All,All,157,136,0.8662420382165605
geometry,SS,Popup,Shallow Air SS,260-319,<-35,All,All,All,All,70,57,0.8142857142857143
geometry,SS,Popup,Shallow Air SS,320+,-15--5,All,All,All,All,66,62,0.9393939393939394
geometry,SS,Popup,Shallow Air SS,320+,-25--15,All,All,All,All,36,28,0.7777777777777778
geometry,SS,Popup,Shallow Air SS,320+,-5-5,All,All,All,All,89,86,0.9662921348314607
geometry,SS,Popup,Shallow Air SS,320+,15-25,All,All,All,All,46,42,0.9130434782608695
geometry,SS,Popup,Shallow Air SS,320+,5-15,All,All,All,All,75,74,0.9866666666666667
geometry,SS,Popup,Shallow Air SS,60-89,-15--5,All,All,All,All,70,67,0.9571428571428572
geometry,SS,Popup,Shallow Air SS,60-89,-25--15,All,All,All,All,66,64,0.9696969696969697
geometry,SS,Popup,Shallow Air SS,60-89,-35--25,All,All,All,All,61,60,0.9836065573770492
geometry,SS,Popup,Shallow Air SS,60-89,-5-5,All,All,All,All,76,72,0.9473684210526315
geometry,SS,Popup,Shallow Air SS,60-89,15-25,All,All,All,All,92,89,0.967391304347826
geometry,SS,Popup,Shallow Air SS,60-89,25-35,All,All,All,All,91,87,0.9560439560439561
geometry,SS,Popup,Shallow Air SS,60-89,35+,All,All,All,All,345,344,0.9971014492753624
geometry,SS,Popup,Shallow Air SS,60-89,5-15,All,All,All,All,74,68,0.918918918918919
geometry,SS,Popup,Shallow Air SS,60-89,<-35,All,All,All,All,177,176,0.9943502824858758
geometry,SS,Popup,Shallow Air SS,90-119,-15--5,All,All,All,All,132,124,0.9393939393939394
geometry,SS,Popup,Shallow Air SS,90-119,-25--15,All,All,All,All,116,114,0.9827586206896551
geometry,SS,Popup,Shallow Air SS,90-119,-35--25,All,All,All,All,123,119,0.967479674796748
geometry,SS,Popup,Shallow Air SS,90-119,-5-5,All,All,All,All,150,142,0.9466666666666667
geometry,SS,Popup,Shallow Air SS,90-119,15-25,All,All,All,All,157,153,0.9745222929936306
geometry,SS,Popup,Shallow Air SS,90-119,25-35,All,All,All,All,162,161,0.9938271604938271
geometry,SS,Popup,Shallow Air SS,90-119,35+,All,All,All,All,601,597,0.9933444259567388
geometry,SS,Popup,Shallow Air SS,90-119,5-15,All,All,All,All,153,150,0.9803921568627451
geometry,SS,Popup,Shallow Air SS,90-119,<-35,All,All,All,All,338,335,0.9911242603550295
geometry,SS,Popup,Shallow Air SS,<60,-15--5,All,All,All,All,46,45,0.9782608695652174
geometry,SS,Popup,Shallow Air SS,<60,-25--15,All,All,All,All,38,38,1.0
geometry,SS,Popup,Shallow Air SS,<60,-5-5,All,All,All,All,40,38,0.95
geometry,SS,Popup,Shallow Air SS,<60,15-25,All,All,All,All,50,48,0.96
geometry,SS,Popup,Shallow Air SS,<60,25-35,All,All,All,All,35,33,0.9428571428571428
geometry,SS,Popup,Shallow Air SS,<60,35+,All,All,All,All,167,167,1.0
geometry,SS,Popup,Shallow Air SS,<60,5-15,All,All,All,All,45,43,0.9555555555555556
geometry,SS,Popup,Shallow Air SS,<60,<-35,All,All,All,All,127,125,0.984251968503937
range,1B,Fly,All,120-149,All,All,All,All,Back,41,34,0.8292682926829268
range,1B,Fly,All,150-179,All,All,All,All,Back,203,146,0.7192118226600985
range,1B,Fly,All,120-149,All,All,All,All,Back Left,64,62,0.96875
range,1B,Fly,All,150-179,All,All,All,All,Back Left,60,51,0.85
range,1B,Fly,All,120-149,All,All,All,All,Back Right,73,67,0.9178082191780822
range,1B,Fly,All,150-179,All,All,All,All,Back Right,239,218,0.9121338912133892
range,1B,Fly,All,<60,All,All,All,All,In,151,127,0.8410596026490066
range,1B,Fly,All,120-149,All,All,All,All,In Left,170,154,0.9058823529411765
range,1B,Fly,All,150-179,All,All,All,All,In Left,280,217,0.775
range,1B,Fly,All,60-89,All,All,All,All,In Left,62,46,0.7419354838709677
range,1B,Fly,All,90-119,All,All,All,All,In Left,120,111,0.925
range,1B,Fly,All,90-119,All,All,All,All,In Right,39,38,0.9743589743589743
range,1B,Ground,All,120-149,All,All,All,All,Back,7204,5356,0.7434758467518046
range,1B,Ground,All,120-149,All,All,All,All,Back Left,1457,913,0.6266300617707619
range,1B,Ground,All,120-149,All,All,All,All,Back Right,12167,7712,0.6338456480644366
range,1B,Ground,All,120-149,All,All,All,All,In Left,278,223,0.802158273381295
range,1B,Line,All,120-149,All,All,All,All,Back,755,400,0.5298013245033113
range,1B,Line,All,150-179,All,All,All,All,Back,1318,252,0.19119878603945373
range,1B,Line,All,90-119,All,All,All,All,Back,154,115,0.7467532467532467
range,1B,Line,All,120-149,All,All,All,All,Back Left,192,100,0.5208333333333334
range,1B,Line,All,150-179,All,All,All,All,Back Left,39,1,0.02564102564102564
range,1B,Line,All,90-119,All,All,All,All,Back Left,32,23,0.71875
range,1B,Line,All,120-149,All,All,All,All,Back Right,1570,366,0.23312101910828026
range,1B,Line,All,150-179,All,All,All,All,Back Right,3706,1608,0.4338909875876956
range,1B,Line,All,90-119,All,All,All,All,Back Right,245,52,0.21224489795918366
range,1B,Line,All,60-89,All,All,All,All,In,119,18,0.15126050420168066
range,1B,Line,All,90-119,All,All,All,All,In,70,13,0.18571428571428572
range,1B,Line,All,<60,All,All,All,All,In,583,109,0.18696397941680962
range,1B,Line,All,120-149,All,All,All,All,In Left,3285,1135,0.3455098934550989
range,1B,Line,All,150-179,All,All,All,All,In Left,3555,1080,0.3037974683544304
range,1B,Line,All,60-89,All,All,All,All,In Left,566,132,0.2332155477031802
range,1B,Line,All,90-119,All,All,All,All,In Left,2026,563,0.27788746298124384
range,1B,Line,All,90-119,All,All,All,All,In Right,65,30,0.46153846153846156
range,1B,Popup,All,120-149,All,All,All,All,Back,388,361,0.9304123711340206
range,1B,Popup,All,150-179,All,All,All,All,Back,637,548,0.8602825745682888
range,1B,Popup,All,180-219,All,All,All,All,Back,879,619,0.7042093287827076
range,1B,Popup,All,220-259,All,All,All,All,Back,447,354,0.7919463087248322
range,1B,Popup,All,260-319,All,All,All,All,Back,283,266,0.9399293286219081
range,1B,Popup,All,320+,All,All,All,All,Back,67,62,0.9253731343283582
range,1B,Popup,All,90-119,All,All,All,All,Back,43,43,1.0
range,1B,Popup,All,120-149,All,All,All,All,Back Left,500,495,0.99
range,1B,Popup,All,150-179,All,All,All,All,Back Left,304,283,0.930921052631579
range,1B,Popup,All,180-219,All,All,All,All,Back Left,82,68,0.8292682926829268
range,1B,Popup,All,90-119,All,All,All,All,Back Left,138,136,0.9855072463768116
range,1B,Popup,All,120-149,All,All,All,All,Back Right,694,674,0.9711815561959655
range,1B,Popup,All,150-179,All,All,All,All,Back Right,1267,1225,0.9668508287292817
range,1B,Popup,All,180-219,All,All,All,All,Back Right,1769,1437,0.8123233465234596
range,1B,Popup,All,220-259,All,All,All,All,Back Right,972,597,0.6141975308641975
range,1B,Popup,All,260-319,All,All,All,All,Back Right,614,554,0.9022801302931596
range,1B,Popup,All,320+,All,All,All,All,Back Right,308,288,0.935064935064935
range,1B,Popup,All,90-119,All,All,All,All,Back Right,145,143,0.9862068965517241
range,1B,Popup,All,60-89,All,All,All,All,In,305,296,0.9704918032786886
range,1B,Popup,All,90-119,All,All,All,All,In,88,87,0.9886363636363636
range,1B,Popup,All,<60,All,All,All,All,In,510,498,0.9764705882352941
range,1B,Popup,All,120-149,All,All,All,All,In Left,1231,1188,0.9650690495532088
range,1B,Popup,All,150-179,All,All,All,All,In Left,1073,951,0.8863000931966449
range,1B,Popup,All,180-219,All,All,All,All,In Left,817,599,0.7331701346389229
range,1B,Popup,All,220-259,All,All,All,All,In Left,287,215,0.7491289198606271
range,1B,Popup,All,260-319,All,All,All,All,In Left,119,105,0.8823529411764706
range,1B,Popup,All,60-89,All,All,All,All,In Left,527,510,0.967741935483871
range,1B,Popup,All,90-119,All,All,All,All,In Left,1122,1091,0.9723707664884136
range,1B,Popup,All,<60,All,All,All,All,In Left,55,54,0.9818181818181818
range,1B,Popup,All,120-149,All,All,All,All,In Right,92,92,1.0
range,1B,Popup,All,60-89,All,All,All,All,In Right,219,219,1.0
range,1B,Popup,All,90-119,All,All,All,All,In Right,400,399,0.9975
range,2B,Fly,All,150-179,All,All,All,All,Back,43,40,0.9302325581395349
range,2B,Fly,All,150-179,All,All,All,All,Back Left,170,138,0.8117647058823529
range,2B,Fly,All,150-179,All,All,All,All,Back Right,116,103,0.8879310344827587
range,2B,Fly,All,60-89,All,All,All,All,In,84,69,0.8214285714285714
range,2B,Fly,All,90-119,All,All,All,All,In,57,51,0.8947368421052632
range,2B,Fly,All,<60,All,All,All,All,In,157,133,0.8471337579617835
range,2B,Fly,All,120-149,All,All,All,All,In Left,186,170,0.9139784946236559
range,2B,Fly,All,150-179,All,All,All,All,In Left,281,219,0.7793594306049823
range,2B,Fly,All,90-119,All,All,All,All,In Left,73,70,0.958904109589041
range,2B,Fly,All,120-149,All,All,All,All,In Right,146,134,0.9178082191780822
range,2B,Fly,All,150-179,All,All,All,All,In Right,170,130,0.7647058823529411
range,2B,Fly,All,90-119,All,All,All,All,In Right,73,69,0.9452054794520548
range,2B,Ground,All,120-149,All,All,All,All,Back,273,200,0.7326007326007326
range,2B,Ground,All,120-149,All,All,All,All,Back Left,323,226,0.6996904024767802
range,2B,Ground,All,120-149,All,All,All,All,Back Right,495,360,0.7272727272727273
range,2B,Ground,All,120-149,All,All,All,All,In,12007,10554,0.878987257433164
range,2B,Ground,All,120-149,All,All,All,All,In Left,17086,11216,0.6564438721760506
range,2B,Ground,All,120-149,All,All,All,All,In Right,7699,4767,0.6191713209507729
range,2B,Line,All,150-179,All,All,All,All,Back,654,554,0.8470948012232415
range,2B,Line,All,120-149,All,All,All,All,Back Left,103,45,0.4368932038834951
range,2B,Line,All,150-179,All,All,All,All,Back Left,1569,416,0.2651370299553856
range,2B,Line,All,120-149,All,All,All,All,Back Right,118,48,0.4067796610169492
range,2B,Line,All,150-179,All,All,All,All,Back Right,1970,674,0.34213197969543147
range,2B,Line,All,120-149,All,All,All,All,In,236,84,0.3559322033898305
range,2B,Line,All,60-89,All,All,All,All,In,577,144,0.24956672443674177
range,2B,Line,All,90-119,All,All,All,All,In,732,168,0.22950819672131148
range,2B,Line,All,<60,All,All,All,All,In,610,109,0.17868852459016393
range,2B,Line,All,120-149,All,All,All,All,In Left,3660,1191,0.3254098360655738
range,2B,Line,All,150-179,All,All,All,All,In Left,3660,1085,0.296448087431694
range,2B,Line,All,60-89,All,All,All,All,In Left,107,8,0.07476635514018691
range,2B,Line,All,90-119,All,All,All,All,In Left,1379,409,0.2965917331399565
range,2B,Line,All,120-149,All,All,All,All,In Right,1668,626,0.3752997601918465
range,2B,Line,All,150-179,All,All,All,All,In Right,739,199,0.2692828146143437
range,2B,Line,All,90-119,All,All,All,All,In Right,446,206,0.4618834080717489
range,2B,Popup,All,150-179,All,All,All,All,Back,222,215,0.9684684684684685
range,2B,Popup,All,180-219,All,All,All,All,Back,627,509,0.8118022328548644
range,2B,Popup,All,220-259,All,All,All,All,Back,473,293,0.6194503171247357
range,2B,Popup,All,260-319,All,All,All,All,Back,377,345,0.9151193633952255
range,2B,Popup,All,320+,All,All,All,All,Back,223,213,0.9551569506726457
range,2B,Popup,All,120-149,All,All,All,All,Back Left,47,45,0.9574468085106383
range,2B,Popup,All,150-179,All,All,All,All,Back Left,607,562,0.9258649093904449
range,2B,Popup,All,180-219,All,All,All,All,Back Left,1002,739,0.7375249500998003
range,2B,Popup,All,220-259,All,All,All,All,Back Left,419,336,0.801909307875895
range,2B,Popup,All,260-319,All,All,All,All,Back Left,204,191,0.9362745098039216
range,2B,Popup,All,120-149,All,All,All,All,Back Right,33,30,0.9090909090909091
range,2B,Popup,All,150-179,All,All,All,All,Back Right,575,549,0.9547826086956521
range,2B,Popup,All,180-219,All,All,All,All,Back Right,1166,933,0.8001715265866209
range,2B,Popup,All,220-259,All,All,All,All,Back Right,656,424,0.6463414634146342
range,2B,Popup,All,260-319,All,All,All,All,Back Right,390,351,0.9
range,2B,Popup,All,320+,All,All,All,All,Back Right,140,123,0.8785714285714286
range,2B,Popup,All,120-149,All,All,All,All,In,178,176,0.9887640449438202
range,2B,Popup,All,60-89,All,All,All,All,In,767,741,0.9661016949152542
range,2B,Popup,All,90-119,All,All,All,All,In,460,445,0.967391304347826
range,2B,Popup,All,<60,All,All,All,All,In,576,563,0.9774305555555556
range,2B,Popup,All,120-149,All,All,All,All,In Left,1326,1281,0.9660633484162896
range,2B,Popup,All,150-179,All,All,All,All,In Left,1145,1026,0.8960698689956332
range,2B,Popup,All,180-219,All,All,All,All,In Left,626,446,0.7124600638977636
range,2B,Popup,All,220-259,All,All,All,All,In Left,162,118,0.7283950617283951
range,2B,Popup,All,260-319,All,All,All,All,In Left,44,37,0.8409090909090909
range,2B,Popup,All,60-89,All,All,All,All,In Left,131,131,1.0
range,2B,Popup,All,90-119,All,All,All,All,In Left,723,707,0.9778699861687413
range,2B,Popup,All,120-149,All,All,All,All,In Right,1312,1269,0.9672256097560976
range,2B,Popup,All,150-179,All,All,All,All,In Right,715,641,0.8965034965034965
range,2B,Popup,All,180-219,All,All,All,All,In Right,119,90,0.7563025210084033
range,2B,Popup,All,60-89,All,All,All,All,In Right,160,160,1.0
range,2B,Popup,All,90-119,All,All,All,All,In Right,749,743,0.9919893190921228
range,3B,Fly,All,120-149,All,All,All,All,Back,39,32,0.8205128205128205
range,3B,Fly,All,150-179,All,All,All,All,Back,166,116,0.6987951807228916
range,3B,Fly,All,120-149,All,All,All,All,Back Left,66,61,0.9242424242424242
range,3B,Fly,All,150-179,All,All,All,All,Back Left,223,204,0.9147982062780269
range,3B,Fly,All,120-149,All,All,All,All,Back Right,52,50,0.9615384615384616
range,3B,Fly,All,150-179,All,All,All,All,Back Right,42,36,0.8571428571428571
range,3B,Fly,All,60-89,All,All,All,All,In,35,28,0.8
range,3B,Fly,All,<60,All,All,All,All,In,154,130,0.8441558441558441
range,3B,Fly,All,120-149,All,All,All,All,In Right,186,170,0.9139784946236559
range,3B,Fly,All,150-179,All,All,All,All,In Right,346,273,0.7890173410404624
range,3B,Fly,All,60-89,All,All,All,All,In Right,69,58,0.8405797101449275
range,3B,Fly,All,90-119,All,All,All,All,In Right,147,136,0.9251700680272109
range,3B,Ground,All,120-149,All,All,All,All,Back,12770,8483,0.6642913077525451
range,3B,Ground,All,120-149,All,All,All,All,Back Left,12734,6651,0.5223024972514528
range,3B,Ground,All,120-149,All,All,All,All,Back Right,1710,645,0.37719298245614036
range,3B,Ground,All,120-149,All,All,All,All,In Left,311,67,0.21543408360128619
range,3B,Line,All,120-149,All,All,All,All,Back,1206,664,0.5505804311774462
range,3B,Line,All,150-179,All,All,All,All,Back,2057,256,0.12445308701993194
range,3B,Line,All,90-119,All,All,All,All,Back,228,165,0.7236842105263158
range,3B,Line,All,120-149,All,All,All,All,Back Left,1855,441,0.23773584905660378
range,3B,Line,All,150-179,All,All,All,All,Back Left,3961,1873,0.4728603887907094
range,3B,Line,All,90-119,All,All,All,All,Back Left,318,58,0.18238993710691823
range,3B,Line,All,120-149,All,All,All,All,Back Right,250,97,0.388
range,3B,Line,All,150-179,All,All,All,All,Back Right,76,5,0.06578947368421052
range,3B,Line,All,90-119,All,All,All,All,Back Right,176,80,0.45454545454545453
range,3B,Line,All,60-89,All,All,All,All,In,148,11,0.07432432432432433
range,3B,Line,All,90-119,All,All,All,All,In,101,21,0.2079207920792079
range,3B,Line,All,<60,All,All,All,All,In,585,105,0.1794871794871795
range,3B,Line,All,90-119,All,All,All,All,In Left,116,26,0.22413793103448276
range,3B,Line,All,120-149,All,All,All,All,In Right,2476,807,0.32592891760904685
range,3B,Line,All,150-179,All,All,All,All,In Right,2500,800,0.32
range,3B,Line,All,60-89,All,All,All,All,In Right,527,138,0.2618595825426945
range,3B,Line,All,90-119,All,All,All,All,In Right,1646,446,0.2709599027946537
range,3B,Popup,All,120-149,All,All,All,All,Back,225,210,0.9333333333333333
range,3B,Popup,All,150-179,All,All,All,All,Back,487,396,0.813141683778234
range,3B,Popup,All,180-219,All,All,All,All,Back,718,511,0.7116991643454039
range,3B,Popup,All,220-259,All,All,All,All,Back,366,276,0.7540983606557377
range,3B,Popup,All,260-319,All,All,All,All,Back,263,241,0.9163498098859315
range,3B,Popup,All,320+,All,All,All,All,Back,79,65,0.8227848101265823
range,3B,Popup,All,90-119,All,All,All,All,Back,43,41,0.9534883720930233
range,3B,Popup,All,120-149,All,All,All,All,Back Left,604,590,0.9768211920529801
range,3B,Popup,All,150-179,All,All,All,All,Back Left,1180,1143,0.9686440677966102
range,3B,Popup,All,180-219,All,All,All,All,Back Left,1754,1427,0.8135689851767389
range,3B,Popup,All,220-259,All,All,All,All,Back Left,983,614,0.624618514750763
range,3B,Popup,All,260-319,All,All,All,All,Back Left,622,564,0.9067524115755627
range,3B,Popup,All,320+,All,All,All,All,Back Left,296,283,0.956081081081081
range,3B,Popup,All,90-119,All,All,All,All,Back Left,125,120,0.96
range,3B,Popup,All,120-149,All,All,All,All,Back Right,310,301,0.9709677419354839
range,3B,Popup,All,150-179,All,All,All,All,Back Right,216,195,0.9027777777777778
range,3B,Popup,All,180-219,All,All,All,All,Back Right,69,46,0.6666666666666666
range,3B,Popup,All,90-119,All,All,All,All,Back Right,102,102,1.0
range,3B,Popup,All,60-89,All,All,All,All,In,272,266,0.9779411764705882
range,3B,Popup,All,90-119,All,All,All,All,In,66,65,0.9848484848484849
range,3B,Popup,All,<60,All,All,All,All,In,522,509,0.975095785440613
range,3B,Popup,All,120-149,All,All,All,All,In Left,66,63,0.9545454545454546
range,3B,Popup,All,60-89,All,All,All,All,In Left,109,109,1.0
range,3B,Popup,All,90-119,All,All,All,All,In Left,220,217,0.9863636363636363
range,3B,Popup,All,120-149,All,All,All,All,In Right,1700,1646,0.9682352941176471
range,3B,Popup,All,150-179,All,All,All,All,In Right,1383,1261,0.9117859725234997
range,3B,Popup,All,180-219,All,All,All,All,In Right,1003,737,0.7347956131605184
range,3B,Popup,All,220-259,All,All,All,All,In Right,330,257,0.7787878787878788
range,3B,Popup,All,260-319,All,All,All,All,In Right,127,117,0.9212598425196851
range,3B,Popup,All,60-89,All,All,All,All,In Right,671,651,0.970193740685544
range,3B,Popup,All,90-119,All,All,All,All,In Right,1376,1350,0.9811046511627907
range,3B,Popup,All,<60,All,All,All,All,In Right,49,49,1.0
range,CF,Fly,All,260-319,All,All,All,All,Back,229,228,0.9956331877729258
range,CF,Fly,All,320+,All,All,All,All,Back,3745,3264,0.8715620827770361
range,CF,Fly,All,260-319,All,All,All,All,Back Left,729,709,0.9725651577503429
range,CF,Fly,All,320+,All,All,All,All,Back Left,4631,3983,0.8600734182681926
range,CF,Fly,All,260-319,All,All,All,All,Back Right,679,657,0.96759941089838
range,CF,Fly,All,320+,All,All,All,All,Back Right,4362,3770,0.8642824392480514
range,CF,Fly,All,150-179,All,All,All,All,In,188,173,0.9202127659574468
range,CF,Fly,All,180-219,All,All,All,All,In,853,630,0.738569753810082
range,CF,Fly,All,220-259,All,All,All,All,In,1897,1408,0.7422245651027939
range,CF,Fly,All,260-319,All,All,All,All,In,1684,1582,0.9394299287410927
range,CF,Fly,All,320+,All,All,All,All,In,129,129,1.0
range,CF,Fly,All,220-259,All,All,All,All,In Left,399,319,0.7994987468671679
range,CF,Fly,All,260-319,All,All,All,All,In Left,2519,2341,0.9293370385073442
range,CF,Fly,All,320+,All,All,All,All,In Left,742,688,0.9272237196765498
range,CF,Fly,All,220-259,All,All,All,All,In Right,487,362,0.7433264887063655
range,CF,Fly,All,260-319,All,All,All,All,In Right,2859,2624,0.9178034277719482
range,CF,Fly,All,320+,All,All,All,All,In Right,799,734,0.918648310387985
range,CF,Line,All,260-319,All,All,All,All,Back,99,99,1.0
range,CF,Line,All,320+,All,All,All,All,Back,995,713,0.7165829145728643
range,CF,Line,All,260-319,All,All,All,All,Back Left,351,257,0.7321937321937322
range,CF,Line,All,320+,All,All,All,All,Back Left,1432,822,0.5740223463687151
range,CF,Line,All,260-319,All,All,All,All,Back Right,360,272,0.7555555555555555
range,CF,Line,All,320+,All,All,All,All,Back Right,1381,794,0.5749456915278783
range,CF,Line,All,120-149,All,All,All,All,In,1261,0,0.0
range,CF,Line,All,150-179,All,All,All,All,In,2948,1268,0.43012211668928085
range,CF,Line,All,180-219,All,All,All,All,In,4087,414,0.10129679471494984
range,CF,Line,All,220-259,All,All,All,All,In,3181,37,0.011631562401760453
range,CF,Line,All,260-319,All,All,All,All,In,1494,593,0.3969210174029451
range,CF,Line,All,320+,All,All,All,All,In,54,52,0.9629629629629629
range,CF,Line,All,60-89,All,All,All,All,In,233,0,0.0
range,CF,Line,All,90-119,All,All,All,All,In,623,0,0.0
range,CF,Line,All,<60,All,All,All,All,In,194,0,0.0
range,CF,Line,All,180-219,All,All,All,All,In Left,47,0,0.0
range,CF,Line,All,220-259,All,All,All,All,In Left,604,7,0.011589403973509934
range,CF,Line,All,260-319,All,All,All,All,In Left,1910,616,0.3225130890052356
range,CF,Line,All,320+,All,All,All,All,In Left,328,201,0.6128048780487805
range,CF,Line,All,180-219,All,All,All,All,In Right,59,1,0.01694915254237288
range,CF,Line,All,220-259,All,All,All,All,In Right,670,10,0.014925373134328358
range,CF,Line,All,260-319,All,All,All,All,In Right,2080,676,0.325
range,CF,Line,All,320+,All,All,All,All,In Right,315,178,0.5650793650793651
range,CF,Popup,All,320+,All,All,All,All,Back,43,40,0.9302325581395349
range,CF,Popup,All,320+,All,All,All,All,Back Left,77,76,0.987012987012987
range,CF,Popup,All,320+,All,All,All,All,Back Right,68,64,0.9411764705882353
range,CF,Popup,All,150-179,All,All,All,All,In,1052,1020,0.9695817490494296
range,CF,Popup,All,180-219,All,All,All,All,In,1317,1089,0.826879271070615
range,CF,Popup,All,220-259,All,All,All,All,In,557,322,0.578096947935368
range,CF,Popup,All,260-319,All,All,All,All,In,116,105,0.9051724137931034
range,CF,Popup,All,220-259,All,All,All,All,In Left,81,46,0.5679012345679012
range,CF,Popup,All,260-319,All,All,All,All,In Left,116,99,0.853448275862069
range,CF,Popup,All,220-259,All,All,All,All,In Right,111,65,0.5855855855855856
range,CF,Popup,All,260-319,All,All,All,All,In Right,156,137,0.8782051282051282
range,LF,Fly,All,260-319,All,All,All,All,Back,713,693,0.9719495091164095
range,LF,Fly,All,320+,All,All,All,All,Back,1898,1453,0.7655426765015806
range,LF,Fly,All,260-319,All,All,All,All,Back Left,1638,1560,0.9523809523809523
range,LF,Fly,All,320+,All,All,All,All,Back Left,2484,1893,0.7620772946859904
range,LF,Fly,All,260-319,All,All,All,All,Back Right,1699,1515,0.8917010005885815
range,LF,Fly,All,320+,All,All,All,All,Back Right,1013,713,0.7038499506416585
range,LF,Fly,All,150-179,All,All,All,All,In,240,186,0.775
range,LF,Fly,All,180-219,All,All,All,All,In,972,686,0.7057613168724279
range,LF,Fly,All,220-259,All,All,All,All,In,1293,1111,0.8592420726991493
range,LF,Fly,All,260-319,All,All,All,All,In,586,570,0.9726962457337884
range,LF,Fly,All,180-219,All,All,All,All,In Left,156,112,0.717948717948718
range,LF,Fly,All,220-259,All,All,All,All,In Left,1009,833,0.8255698711595639
range,LF,Fly,All,260-319,All,All,All,All,In Left,2013,1762,0.8753104818678589
range,LF,Fly,All,320+,All,All,All,All,In Left,77,63,0.8181818181818182
range,LF,Fly,All,180-219,All,All,All,All,In Right,31,22,0.7096774193548387
range,LF,Fly,All,220-259,All,All,All,All,In Right,595,515,0.865546218487395
range,LF,Fly,All,260-319,All,All,All,All,In Right,1330,1242,0.9338345864661655
range,LF,Fly,All,320+,All,All,All,All,In Right,73,70,0.958904109589041
range,LF,Line,All,260-319,All,All,All,All,Back,280,254,0.9071428571428571
range,LF,Line,All,320+,All,All,All,All,Back,739,361,0.4884979702300406
range,LF,Line,All,260-319,All,All,All,All,Back Left,859,582,0.6775320139697323
range,LF,Line,All,320+,All,All,All,All,Back Left,985,335,0.3401015228426396
range,LF,Line,All,260-319,All,All,All,All,Back Right,798,463,0.5802005012531328
range,LF,Line,All,320+,All,All,All,All,Back Right,485,162,0.334020618556701
range,LF,Line,All,120-149,All,All,All,All,In,1395,0,0.0
range,LF,Line,All,150-179,All,All,All,All,In,3202,906,0.282948157401624
range,LF,Line,All,180-219,All,All,All,All,In,3986,192,0.0481685900652283
range,LF,Line,All,220-259,All,All,All,All,In,2233,134,0.0600089565606807
range,LF,Line,All,260-319,All,All,All,All,In,563,346,0.6145648312611013
range,LF,Line,All,60-89,All,All,All,All,In,175,0,0.0
range,LF,Line,All,90-119,All,All,All,All,In,711,0,0.0
range,LF,Line,All,<60,All,All,All,All,In,187,0,0.0
range,LF,Line,All,180-219,All,All,All,All,In Left,270,3,0.011111111111111112
range,LF,Line,All,220-259,All,All,All,All,In Left,1202,90,0.07487520798668885
range,LF,Line,All,260-319,All,All,All,All,In Left,1419,500,0.3523608174770965
range,LF,Line,All,320+,All,All,All,All,In Left,40,16,0.4
range,LF,Line,All,180-219,All,All,All,All,In Right,109,2,0.01834862385321101
range,LF,Line,All,220-259,All,All,All,All,In Right,796,60,0.07537688442211055
range,LF,Line,All,260-319,All,All,All,All,In Right,1198,462,0.38564273789649417
range,LF,Line,All,320+,All,All,All,All,In Right,36,25,0.6944444444444444
range,LF,Popup,All,260-319,All,All,All,All,Back Left,44,42,0.9545454545454546
range,LF,Popup,All,320+,All,All,All,All,Back Left,30,23,0.7666666666666667
range,LF,Popup,All,260-319,All,All,All,All,Back Right,32,31,0.96875
range,LF,Popup,All,120-149,All,All,All,All,In,35,0,0.0
range,LF,Popup,All,150-179,All,All,All,All,In,905,790,0.8729281767955801
range,LF,Popup,All,180-219,All,All,All,All,In,818,605,0.7396088019559902
range,LF,Popup,All,220-259,All,All,All,All,In,203,149,0.7339901477832512
range,LF,Popup,All,180-219,All,All,All,All,In Left,97,70,0.7216494845360825
range,LF,Popup,All,220-259,All,All,All,All,In Left,129,100,0.7751937984496124
range,LF,Popup,All,260-319,All,All,All,All,In Left,86,74,0.8604651162790697
range,LF,Popup,All,220-259,All,All,All,All,In Right,89,66,0.7415730337078652
range,LF,Popup,All,260-319,All,All,All,All,In Right,75,70,0.9333333333333333
range,RF,Fly,All,260-319,All,All,All,All,Back,868,832,0.9585253456221198
range,RF,Fly,All,320+,All,All,All,All,Back,2007,1570,0.7822620827105132
range,RF,Fly,All,260-319,All,All,All,All,Back Left,1966,1823,0.927263479145473
range,RF,Fly,All,320+,All,All,All,All,Back Left,1059,758,0.7157695939565628
range,RF,Fly,All,260-319,All,All,All,All,Back Right,1824,1762,0.9660087719298246
range,RF,Fly,All,320+,All,All,All,All,Back Right,2259,1743,0.7715803452855245
range,RF,Fly,All,150-179,All,All,All,All,In,313,250,0.7987220447284346
range,RF,Fly,All,180-219,All,All,All,All,In,1227,929,0.7571312143439283
range,RF,Fly,All,220-259,All,All,All,All,In,1399,1217,0.8699070764832023
range,RF,Fly,All,260-319,All,All,All,All,In,550,537,0.9763636363636363
range,RF,Fly,All,180-219,All,All,All,All,In Left,58,48,0.8275862068965517
range,RF,Fly,All,220-259,All,All,All,All,In Left,728,636,0.8736263736263736
range,RF,Fly,All,260-319,All,All,All,All,In Left,1394,1329,0.9533715925394548
range,RF,Fly,All,320+,All,All,All,All,In Left,36,35,0.9722222222222222
range,RF,Fly,All,180-219,All,All,All,All,In Right,227,185,0.8149779735682819
range,RF,Fly,All,220-259,All,All,All,All,In Right,1275,1087,0.8525490196078431
range,RF,Fly,All,260-319,All,All,All,All,In Right,2109,1879,0.8909435751541015
range,RF,Fly,All,320+,All,All,All,All,In Right,45,35,0.7777777777777778
range,RF,Line,All,260-319,All,All,All,All,Back,316,280,0.8860759493670886
range,RF,Line,All,320+,All,All,All,All,Back,630,306,0.4857142857142857
range,RF,Line,All,260-319,All,All,All,All,Back Left,769,442,0.5747724317295189
range,RF,Line,All,320+,All,All,All,All,Back Left,384,116,0.3020833333333333
range,RF,Line,All,260-319,All,All,All,All,Back Right,874,579,0.6624713958810069
range,RF,Line,All,320+,All,All,All,All,Back Right,859,318,0.370197904540163
range,RF,Line,All,120-149,All,All,All,All,In,1117,0,0.0
range,RF,Line,All,150-179,All,All,All,All,In,2432,753,0.30962171052631576
range,RF,Line,All,180-219,All,All,All,All,In,3351,242,0.07221724858251269
range,RF,Line,All,220-259,All,All,All,All,In,1872,165,0.08814102564102565
range,RF,Line,All,260-319,All,All,All,All,In,397,253,0.6372795969773299
range,RF,Line,All,60-89,All,All,All,All,In,131,0,0.0
range,RF,Line,All,90-119,All,All,All,All,In,451,0,0.0
range,RF,Line,All,<60,All,All,All,All,In,114,0,0.0
range,RF,Line,All,180-219,All,All,All,All,In Left,117,4,0.03418803418803419
range,RF,Line,All,220-259,All,All,All,All,In Left,816,73,0.08946078431372549
range,RF,Line,All,260-319,All,All,All,All,In Left,1026,485,0.4727095516569201
range,RF,Line,All,180-219,All,All,All,All,In Right,247,0,0.0
range,RF,Line,All,220-259,All,All,All,All,In Right,1003,81,0.08075772681954138
range,RF,Line,All,260-319,All,All,All,All,In Right,1259,485,0.3852263701350278
range,RF,Popup,All,320+,All,All,All,All,Back,31,28,0.9032258064516129
range,RF,Popup,All,260-319,All,All,All,All,Back Left,50,46,0.92
range,RF,Popup,All,260-319,All,All,All,All,Back Right,44,44,1.0
range,RF,Popup,All,320+,All,All,All,All,Back Right,36,33,0.9166666666666666
range,RF,Popup,All,120-149,All,All,All,All,In,41,0,0.0
range,RF,Popup,All,150-179,All,All,All,All,In,1197,1090,0.910609857978279
range,RF,Popup,All,180-219,All,All,All,All,In,1043,779,0.7468839884947267
range,RF,Popup,All,220-259,All,All,All,All,In,237,190,0.8016877637130801
range,RF,Popup,All,220-259,All,All,All,All,In Left,98,77,0.7857142857142857
range,RF,Popup,All,260-319,All,All,All,All,In Left,93,87,0.9354838709677419
range,RF,Popup,All,150-179,All,All,All,All,In Right,73,72,0.9863013698630136
range,RF,Popup,All,180-219,All,All,All,All,In Right,146,118,0.8082191780821918
range,RF,Popup,All,220-259,All,All,All,All,In Right,179,139,0.776536312849162
range,RF,Popup,All,260-319,All,All,All,All,In Right,86,78,0.9069767441860465
range,SS,Fly,All,150-179,All,All,All,All,Back,38,36,0.9473684210526315
range,SS,Fly,All,150-179,All,All,All,All,Back Left,137,122,0.8905109489051095
range,SS,Fly,All,150-179,All,All,All,All,Back Right,150,116,0.7733333333333333
range,SS,Fly,All,60-89,All,All,All,All,In,86,71,0.8255813953488372
range,SS,Fly,All,90-119,All,All,All,All,In,35,29,0.8285714285714286
range,SS,Fly,All,<60,All,All,All,All,In,156,132,0.8461538461538461
range,SS,Fly,All,120-149,All,All,All,All,In Left,126,112,0.8888888888888888
range,SS,Fly,All,150-179,All,All,All,All,In Left,97,70,0.7216494845360825
range,SS,Fly,All,90-119,All,All,All,All,In Left,48,47,0.9791666666666666
range,SS,Fly,All,120-149,All,All,All,All,In Right,204,188,0.9215686274509803
range,SS,Fly,All,150-179,All,All,All,All,In Right,355,287,0.8084507042253521
range,SS,Fly,All,90-119,All,All,All,All,In Right,120,114,0.95
range,SS,Ground,All,120-149,All,All,All,All,Back,305,209,0.6852459016393443
range,SS,Ground,All,120-149,All,All,All,All,Back Left,445,296,0.6651685393258427
range,SS,Ground,All,120-149,All,All,All,All,Back Right,335,223,0.6656716417910448
range,SS,Ground,All,120-149,All,All,All,All,In,12327,10301,0.8356453313863876
range,SS,Ground,All,120-149,All,All,All,All,In Left,9231,5235,0.5671108222294443
range,SS,Ground,All,120-149,All,All,All,All,In Right,21109,14038,0.6650243971765598
range,SS,Line,All,120-149,All,All,All,All,Back,40,30,0.75
range,SS,Line,All,150-179,All,All,All,All,Back,765,632,0.8261437908496732
range,SS,Line,All,120-149,All,All,All,All,Back Left,127,50,0.3937007874015748
range,SS,Line,All,150-179,All,All,All,All,Back Left,2140,751,0.3509345794392523
range,SS,Line,All,120-149,All,All,All,All,Back Right,144,57,0.3958333333333333
range,SS,Line,All,150-179,All,All,All,All,Back Right,2203,450,0.20426690876078074
range,SS,Line,All,120-149,All,All,All,All,In,172,57,0.3313953488372093
range,SS,Line,All,60-89,All,All,All,All,In,586,139,0.23720136518771331
range,SS,Line,All,90-119,All,All,All,All,In,710,134,0.18873239436619718
range,SS,Line,All,<60,All,All,All,All,In,606,110,0.18151815181518152
range,SS,Line,All,120-149,All,All,All,All,In Left,2216,890,0.4016245487364621
range,SS,Line,All,150-179,All,All,All,All,In Left,735,161,0.21904761904761905
range,SS,Line,All,90-119,All,All,All,All,In Left,781,323,0.41357234314980795
range,SS,Line,All,120-149,All,All,All,All,In Right,3105,926,0.29822866344605475
range,SS,Line,All,150-179,All,All,All,All,In Right,2728,933,0.3420087976539589
range,SS,Line,All,60-89,All,All,All,All,In Right,96,14,0.14583333333333334
range,SS,Line,All,90-119,All,All,All,All,In Right,1054,318,0.301707779886148
range,SS,Popup,All,150-179,All,All,All,All,Back,195,186,0.9538461538461539
range,SS,Popup,All,180-219,All,All,All,All,Back,605,470,0.7768595041322314
range,SS,Popup,All,220-259,All,All,All,All,Back,460,287,0.6239130434782608
range,SS,Popup,All,260-319,All,All,All,All,Back,328,297,0.9054878048780488
range,SS,Popup,All,320+,All,All,All,All,Back,194,176,0.9072164948453608
range,SS,Popup,All,120-149,All,All,All,All,Back Left,37,36,0.972972972972973
range,SS,Popup,All,150-179,All,All,All,All,Back Left,665,643,0.9669172932330827
range,SS,Popup,All,180-219,All,All,All,All,Back Left,1355,1115,0.8228782287822878
range,SS,Popup,All,220-259,All,All,All,All,Back Left,753,519,0.6892430278884463
range,SS,Popup,All,260-319,All,All,All,All,Back Left,493,452,0.9168356997971603
range,SS,Popup,All,320+,All,All,All,All,Back Left,166,159,0.9578313253012049
range,SS,Popup,All,120-149,All,All,All,All,Back Right,33,32,0.9696969696969697
range,SS,Popup,All,150-179,All,All,All,All,Back Right,503,453,0.9005964214711729
range,SS,Popup,All,180-219,All,All,All,All,Back Right,715,515,0.7202797202797203
range,SS,Popup,All,220-259,All,All,All,All,Back Right,306,223,0.7287581699346405
range,SS,Popup,All,260-319,All,All,All,All,Back Right,153,138,0.9019607843137255
range,SS,Popup,All,120-149,All,All,All,All,In,125,123,0.984
range,SS,Popup,All,60-89,All,All,All,All,In,708,685,0.9675141242937854
range,SS,Popup,All,90-119,All,All,All,All,In,348,332,0.9540229885057471
range,SS,Popup,All,<60,All,All,All,All,In,573,560,0.9773123909249564
range,SS,Popup,All,120-149,All,All,All,All,In Left,818,783,0.9572127139364304
range,SS,Popup,All,150-179,All,All,All,All,In Left,430,360,0.8372093023255814
range,SS,Popup,All,180-219,All,All,All,All,In Left,71,44,0.6197183098591549
range,SS,Popup,All,60-89,All,All,All,All,In Left,77,77,1.0
range,SS,Popup,All,90-119,All,All,All,All,In Left,449,443,0.9866369710467706
range,SS,Popup,All,120-149,All,All,All,All,In Right,1880,1827,0.9718085106382979
range,SS,Popup,All,150-179,All,All,All,All,In Right,1473,1352,0.9178547182620502
range,SS,Popup,All,180-219,All,All,All,All,In Right,794,572,0.7204030226700252
range,SS,Popup,All,220-259,All,All,All,All,In Right,177,129,0.7288135593220338
range,SS,Popup,All,260-319,All,All,All,All,In Right,41,37,0.9024390243902439
range,SS,Popup,All,60-89,All,All,All,All,In Right,267,265,0.9925093632958801
range,SS,Popup,All,90-119,All,All,All,All,In Right,1129,1114,0.9867139061116031
zone,1B,Fly,Shallow Air 1B,All,All,All,All,All,All,1606,1369,0.8524283935242839
zone,1B,Ground,IF 1B,All,All,All,All,All,All,21129,14221,0.6730559893984571
zone,1B,Line,Shallow Air 1B,All,All,All,All,All,All,18343,6017,0.32802704028784824
zone,1B,Popup,Shallow Air 1B,All,All,All,All,All,All,16426,14495,0.8824424692560575
zone,2B,Fly,Shallow Air 2B,All,All,All,All,All,All,1606,1369,0.8524283935242839
zone,2B,Ground,IF 2B,All,All,All,All,All,All,37883,27323,0.7212469973338965
zone,2B,Line,Shallow Air 2B,All,All,All,All,All,All,18303,6011,0.3284161066491832
zone,2B,Popup,Shallow Air 2B,All,All,All,All,All,All,16403,14477,0.8825824544290679
zone,3B,Fly,Shallow Air 3B,All,All,All,All,All,All,1602,1365,0.8520599250936329
zone,3B,Ground,IF 3B,All,All,All,All,All,All,27565,15876,0.5759477598403773
zone,3B,Line,Shallow Air 3B,All,All,All,All,All,All,18316,6008,0.3280192181699061
zone,3B,Popup,Shallow Air 3B,All,All,All,All,All,All,16394,14468,0.8825179943881908
zone,CF,Fly,OF CF,All,All,All,All,All,All,27003,23639,0.8754212494907974
zone,CF,Line,OF CF,All,All,All,All,All,All,24717,7011,0.2836509285107416
zone,CF,Popup,OF CF,All,All,All,All,All,All,3855,3165,0.8210116731517509
zone,LF,Fly,OF LF,All,All,All,All,All,All,17475,14614,0.8362804005722461
zone,LF,Fly,OF LF Foul Out,All,All,All,All,All,All,419,419,1.0
zone,LF,Line,OF LF,All,All,All,All,All,All,21702,4911,0.2262925076029859
zone,LF,Popup,OF LF,All,All,All,All,All,All,2454,1896,0.7726161369193154
zone,LF,Popup,OF LF Foul Out,All,All,All,All,All,All,232,232,1.0
zone,RF,Fly,OF RF,All,All,All,All,All,All,18882,16165,0.8561063446668785
zone,RF,Fly,OF RF Foul Out,All,All,All,All,All,All,565,565,1.0
zone,RF,Line,OF RF,All,All,All,All,All,All,18236,4619,0.25329019521824964
zone,RF,Popup,OF RF,All,All,All,All,All,All,3044,2442,0.8022339027595269
zone,RF,Popup,OF RF Foul Out,All,All,All,All,All,All,424,424,1.0
zone,SS,Fly,Shallow Air SS,All,All,All,All,All,All,1597,1364,0.8541014402003757
zone,SS,Ground,IF SS,All,All,All,All,All,All,43752,30302,0.692585481806546
zone,SS,Line,Shallow Air SS,All,All,All,All,All,All,18257,5996,0.3284219751328258
zone,SS,Popup,Shallow Air SS,All,All,All,All,All,All,16369,14445,0.8824607489767243
position_type,1B,Fly,All,All,All,All,All,All,All,1606,1369,0.8524283935242839
position_type,1B,Ground,All,All,All,All,All,All,All,21129,14221,0.6730559893984571
position_type,1B,Line,All,All,All,All,All,All,All,18343,6017,0.32802704028784824
position_type,1B,Popup,All,All,All,All,All,All,All,16426,14495,0.8824424692560575
position_type,2B,Fly,All,All,All,All,All,All,All,1606,1369,0.8524283935242839
position_type,2B,Ground,All,All,All,All,All,All,All,37883,27323,0.7212469973338965
position_type,2B,Line,All,All,All,All,All,All,All,18303,6011,0.3284161066491832
position_type,2B,Popup,All,All,All,All,All,All,All,16403,14477,0.8825824544290679
position_type,3B,Fly,All,All,All,All,All,All,All,1602,1365,0.8520599250936329
position_type,3B,Ground,All,All,All,All,All,All,All,27565,15876,0.5759477598403773
position_type,3B,Line,All,All,All,All,All,All,All,18316,6008,0.3280192181699061
position_type,3B,Popup,All,All,All,All,All,All,All,16394,14468,0.8825179943881908
position_type,CF,Fly,All,All,All,All,All,All,All,27003,23639,0.8754212494907974
position_type,CF,Line,All,All,All,All,All,All,All,24717,7011,0.2836509285107416
position_type,CF,Popup,All,All,All,All,All,All,All,3855,3165,0.8210116731517509
position_type,LF,Fly,All,All,All,All,All,All,All,17894,15033,0.840114004694311
position_type,LF,Line,All,All,All,All,All,All,All,21707,4916,0.22647072372967245
position_type,LF,Popup,All,All,All,All,All,All,All,2686,2128,0.7922561429635145
position_type,RF,Fly,All,All,All,All,All,All,All,19447,16730,0.8602869337172828
position_type,RF,Line,All,All,All,All,All,All,All,18245,4628,0.25365853658536586
position_type,RF,Popup,All,All,All,All,All,All,All,3468,2866,0.8264129181084199
position_type,SS,Fly,All,All,All,All,All,All,All,1597,1364,0.8541014402003757
position_type,SS,Ground,All,All,All,All,All,All,All,43752,30302,0.692585481806546
position_type,SS,Line,All,All,All,All,All,All,All,18257,5996,0.3284219751328258
position_type,SS,Popup,All,All,All,All,All,All,All,16369,14445,0.8824607489767243
position,1B,All,All,All,All,All,All,All,All,57504,36102,0.6278171953255426
position,2B,All,All,All,All,All,All,All,All,74195,49180,0.6628479008019408
position,3B,All,All,All,All,All,All,All,All,63877,37717,0.5904629209261549
position,CF,All,All,All,All,All,All,All,All,55575,33815,0.6084570400359874
position,LF,All,All,All,All,All,All,All,All,42287,22077,0.5220753423037813
position,RF,All,All,All,All,All,All,All,All,41160,24224,0.5885325558794946
position,SS,All,All,All,All,All,All,All,All,79975,52107,0.6515411065958112
