PitchNo,Date,Time,PAofInning,PitchofPA,Pitcher,PitcherId,PitcherThrows,PitcherTeam,Batter,BatterId,BatterSide,BatterTeam,PitcherSet,Inning,Top/Bottom,Outs,Balls,Strikes,TaggedPitchType,AutoPitchType,PitchCall,KorBB,TaggedHitType,PlayResult,OutsOnPlay,RunsScored,Notes,RelSpeed,VertRelAngle,HorzRelAngle,SpinRate,SpinAxis,Tilt,RelHeight,RelSide,Extension,VertBreak,InducedVertBreak,HorzBreak,PlateLocHeight,PlateLocSide,ZoneSpeed,VertApprAngle,HorzApprAngle,ZoneTime,ExitSpeed,Angle,Direction,HitSpinRate,PositionAt110X,PositionAt110Y,PositionAt110Z,Distance,LastTrackedDistance,Bearing,HangTime,pfxx,pfxz,x0,y0,z0,vx0,vy0,vz0,ax0,ay0,az0,HomeTeam,AwayTeam,Stadium,Level,League,GameID,PitchUID,EffectiveVelo,MaxHeight,MeasuredDuration,SpeedDrop,PitchLastMeasuredX,PitchLastMeasuredY,PitchLastMeasuredZ,ContactPositionX,ContactPositionY,ContactPositionZ,GameUID,UTCDate,UTCTime,LocalDateTime,UTCDateTime,AutoHitType,System,HomeTeamForeignID,AwayTeamForeignID,GameForeignID,Catcher,CatcherId,CatcherThrows,CatcherTeam,PlayID,PitchTrajectoryXc0,PitchTrajectoryXc1,PitchTrajectoryXc2,PitchTrajectoryYc0,PitchTrajectoryYc1,PitchTrajectoryYc2,PitchTrajectoryZc0,PitchTrajectoryZc1,PitchTrajectoryZc2,HitSpinAxis,HitTrajectoryXc0,HitTrajectoryXc1,HitTrajectoryXc2,HitTrajectoryXc3,HitTrajectoryXc4,HitTrajectoryXc5,HitTrajectoryXc6,HitTrajectoryXc7,HitTrajectoryXc8,HitTrajectoryYc0,HitTrajectoryYc1,HitTrajectoryYc2,HitTrajectoryYc3,HitTrajectoryYc4,HitTrajectoryYc5,HitTrajectoryYc6,HitTrajectoryYc7,HitTrajectoryYc8,HitTrajectoryZc0,HitTrajectoryZc1,HitTrajectoryZc2,HitTrajectoryZc3,HitTrajectoryZc4,HitTrajectoryZc5,HitTrajectoryZc6,HitTrajectoryZc7,HitTrajectoryZc8,ThrowSpeed,PopTime,ExchangeTime,TimeToBase,CatchPositionX,CatchPositionY,CatchPositionZ,ThrowPositionX,ThrowPositionY,ThrowPositionZ,BasePositionX,BasePositionY,BasePositionZ,ThrowTrajectoryXc0,ThrowTrajectoryXc1,ThrowTrajectoryXc2,ThrowTrajectoryYc0,ThrowTrajectoryYc1,ThrowTrajectoryYc2,ThrowTrajectoryZc0,ThrowTrajectoryZc1,ThrowTrajectoryZc2,PitchReleaseConfidence,PitchLocationConfidence,PitchMovementConfidence,HitLaunchConfidence,HitLandingConfidence,CatcherThrowCatchConfidence,CatcherThrowReleaseConfidence,CatcherThrowLocationConfidence,SpinAxis3dTransverseAngle,SpinAxis3dLongitudinalAngle,SpinAxis3dActiveSpinRate,SpinAxis3dSpinEfficiency,SpinAxis3dTilt,SpinAxis3dVectorX,SpinAxis3dVectorY,SpinAxis3dVectorZ,SpinAxis3dConfidence,SpinAxis3dSeamOrientationRotationX,SpinAxis3dSeamOrientationRotationY,SpinAxis3dSeamOrientationRotationZ,SpinAxis3dSeamOrientationBallYAmb1,SpinAxis3dSeamOrientationBallAngleHorizontalAmb1,SpinAxis3dSeamOrientationBallZAmb1,SpinAxis3dSeamOrientationBallAngleVerticalAmb2,SpinAxis3dSeamOrientationBallZAmb2,SpinAxis3dSeamOrientationBallXAmb4,SpinAxis3dSeamOrientationBallYAmb4,SpinAxis3dSeamOrientationBallAngleHorizontalAmb2,SpinAxis3dSeamOrientationBallAngleVerticalAmb1,SpinAxis3dSeamOrientationBallXAmb1,SpinAxis3dSeamOrientationBallYAmb2,SpinAxis3dSeamOrientationBallAngleHorizontalAmb4,SpinAxis3dSeamOrientationBallAngleVerticalAmb4,SpinAxis3dSeamOrientationBallXAmb2,SpinAxis3dSeamOrientationBallAngleVerticalAmb3,SpinAxis3dSeamOrientationBallAngleHorizontalAmb3,SpinAxis3dSeamOrientationBallXAmb3,SpinAxis3dSeamOrientationBallYAmb3,SpinAxis3dSeamOrientationBallZAmb3,SpinAxis3dSeamOrientationBallZAmb4
1,2026-06-18,17:02:15.75,1,1,"Grim, Ethan",832561,Right,BRE_WHI,"Kirk, Taylor",842079,Right,HYA_HAR,Undefined,1,Top,0,0,0,Fastball,Four-Seam,StrikeCalled,Undefined,Undefined,Undefined,0,0,,92.52142,-2.276691,-3.436372,2385.178939,215.294962,1:15,5.6228,2.35061,5.50472,-12.05079,22.35942,14.77119,2.48442,0.36395,81.53968,-4.67661,-0.810672,0.422197,,,,,,,,,,,,-8.65843,12.4715,-2.06028,50,5.41617,7.29691,-133.47319,-5.59324,-15.07749,38.00644,-10.45658,BRE_WHI,HYA_HAR,CCBLBrewster,Cape Cod Baseball League,CCBL,20260618-CCBLBrewster-1,fc869ad0-6b58-11f1-bb15-89f1c00ac393,89.27689,,,10.98174,,,,,,,93573a9d-26bc-46cc-8648-aab8239aff84,2026-06-18,21:02:15.75,2026-06-18T17:02:15.7568512-04:00,2026-06-18T21:02:15.7568512Z,,v3,,,,"Jenkins, Owen",828215,Right,BRE_WHI,28965a61-f2df-4b44-9a3b-76b8a8637acd,54.98511,-134.88523,19.00322,5.61676,-5.20476,-5.22829,-2.34178,7.85708,-7.53874,,,,,,,,,,,,,,,,,,,,,,,,,,,,,,,,,,,,,,,,,,,,,,,,,,,High,High,High,,,,,,,,,,,,,,,,,,,,,,,,,,,,,,,,,,,,,
2,2026-06-18,17:02:32.22,1,2,"Grim, Ethan",832561,Right,BRE_WHI,"Kirk, Taylor",842079,Right,HYA_HAR,Undefined,1,Top,0,0,1,Slider,Slider,BallCalled,Undefined,Undefined,Undefined,0,0,,81.86019,1.281187,-1.653551,2560.334443,121.795737,10:00,5.20598,2.5937,5.19017,-38.53585,6.13398,-6.71839,3.20058,0.47791,71.92181,-5.87375,-2.842667,0.481037,,,,,,,,,,,,2.64028,3.11603,-2.43505,50,5.29678,3.70866,-118.12923,1.29046,3.57339,31.33278,-27.9568,BRE_WHI,HYA_HAR,CCBLBrewster,Cape Cod Baseball League,CCBL,20260618-CCBLBrewster-1,0662b6b0-6b59-11f1-bb15-89f1c00ac393,78.35664,,,9.93839,,,,,,,93573a9d-26bc-46cc-8648-aab8239aff84,2026-06-18,21:02:32.22,2026-06-18T17:02:32.2212864-04:00,2026-06-18T21:02:32.2212864Z,,v3,,,,"Jenkins, Owen",828215,Right,BRE_WHI,5cdb25bd-2994-450f-8b86-3209d88e886e,55.29805,-119.52623,15.66639,5.21146,2.53694,-13.9784,-2.59685,3.54934,1.78669,,,,,,,,,,,,,,,,,,,,,,,,,,,,,,,,,,,,,,,,,,,,,,,,,,,High,High,High,,,,,,,,,,,,,,,,,,,,,,,,,,,,,,,,,,,,,
3,2026-06-18,17:02:48.39,1,3,"Grim, Ethan",832561,Right,BRE_WHI,"Kirk, Taylor",842079,Right,HYA_HAR,Undefined,1,Top,0,1,1,Slider,Curveball,BallCalled,Undefined,Undefined,Undefined,0,0,,80.71846,0.504319,-1.949986,2480.967479,71.285827,8:30,5.13963,2.51676,5.05029,-50.5192,-4.86733,-19.69985,1.40563,-0.96471,72.29403,-8.671107,-5.43029,0.486296,,,,,,,,,,,,9.06516,-2.1224,-2.31448,50,5.14768,4.814,-116.73019,-0.82957,12.0962,28.70489,-35.0061,BRE_WHI,HYA_HAR,CCBLBrewster,Cape Cod Baseball League,CCBL,20260618-CCBLBrewster-1,0fffcdc0-6b59-11f1-bb15-89f1c00ac393,77.50923,,,8.42443,,,,,,,93573a9d-26bc-46cc-8648-aab8239aff84,2026-06-18,21:02:48.39,2026-06-18T17:02:48.3964928-04:00,2026-06-18T21:02:48.3964928Z,,v3,,,,"Jenkins, Owen",828215,Right,BRE_WHI,3261578b-b84e-4222-b820-8523af208266,55.4457,-118.06174,14.35244,5.1485,0.79427,-17.50305,-2.52477,4.25289,6.0481,,,,,,,,,,,,,,,,,,,,,,,,,,,,,,,,,,,,,,,,,,,,,,,,,,,High,High,High,,,,,,,,,,,,,,,,,,,,,,,,,,,,,,,,,,,,,
4,2026-06-18,17:03:04.06,1,4,"Grim, Ethan",832561,Right,BRE_WHI,"Kirk, Taylor",842079,Right,HYA_HAR,Undefined,1,Top,0,2,1,Fastball,Four-Seam,FoulBallNotFieldable,Undefined,Undefined,Undefined,0,0,,91.62675,-2.382586,-4.118316,2232.104442,212.210004,1:00,5.55022,2.41797,5.70557,-10.51926,24.52088,14.45347,2.44672,-0.22125,80.33438,-4.534465,-1.543193,0.426044,68.80353,44.543771,142.23883,4780.893916,,,,,27.92227,,,-8.9406,13.78627,-2.08146,50,5.34414,8.83913,-132.07899,-5.69607,-15.15597,38.69006,-8.8038,BRE_WHI,HYA_HAR,CCBLBrewster,Cape Cod Baseball League,CCBL,20260618-CCBLBrewster-1,1950e7b0-6b59-11f1-bb15-89f1c00ac393,88.47079,26.19982,,11.29237,,,,1.23813,2.36185,0.31115,93573a9d-26bc-46cc-8648-aab8239aff84,2026-06-18,21:03:04.06,2026-06-18T17:03:04.0649216-04:00,2026-06-18T21:03:04.0649216Z,,v3,,,,"Jenkins, Owen",828215,Right,BRE_WHI,3dbeb305-79fa-4dfb-8d86-e4e37b33ed33,54.78519,-133.47336,19.34503,5.54371,-5.37879,-4.4019,-2.40987,9.38534,-7.57798,324.063175,1.24746,-57.16652,0.632,,,,,,,2.38385,70.07492,-31.45557,,,,,,,0.32453,43.61038,-11.85763,,,,,,,,,,,,,,,,,,,,,,,,,,,,,High,High,High,High,Undefined,,,,,,,,,,,,,,,,,,,,,,,,,,,,,,,,,,,
5,2026-06-18,17:03:23.37,1,5,"Grim, Ethan",832561,Right,BRE_WHI,"Kirk, Taylor",842079,Right,HYA_HAR,Undefined,1,Top,0,2,2,Fastball,Four-Seam,StrikeSwinging,Strikeout,Undefined,Undefined,0,0,,94.27305,-2.149518,-3.584444,2481.599471,212.155583,1:00,5.62349,2.1144,5.75802,-7.56335,25.4406,15.05961,2.9876,0.02864,82.55956,-3.764019,-0.896,0.41348,,,,,,,,,,,,-8.97355,14.08528,-1.82586,50,5.44061,7.78556,-135.9812,-5.16306,-16.12344,41.0183,-6.866,BRE_WHI,HYA_HAR,CCBLBrewster,Cape Cod Baseball League,CCBL,20260618-CCBLBrewster-1,24cdbb40-6b59-11f1-bb15-89f1c00ac393,91.15904,,,11.71349,,,,,,,93573a9d-26bc-46cc-8648-aab8239aff84,2026-06-18,21:03:23.37,2026-06-18T17:03:23.3700000-04:00,2026-06-18T21:03:23.3700000Z,,v3,,,,"Jenkins, Owen",828215,Right,BRE_WHI,00b6d96b-8fd4-4808-a317-6b29721fc83f,54.73094,-137.40086,20.50915,5.6152,-4.92543,-3.433,-2.10498,8.3436,-8.06172,,,,,,,,,,,,,,,,,,,,,,,,,,,,,55.38615,2.267588,0.992051,1.275537,-0.66384,2.84897,0.00199,-5.41657,2.99388,4.48313,72.86874,8.34004,51.92689,-5.36716,66.15004,-3.7801,3.06235,24.27834,-15.79777,4.4954,39.03446,-1.45097,High,High,High,,,High,High,High,,,,,,,,,,,,,,,,,,,,,,,,,,,,,,,,
6,2026-06-18,17:03:51.76,2,1,"Grim, Ethan",832561,Right,BRE_WHI,"Miller, Caden",832296,Left,HYA_HAR,Undefined,1,Top,1,0,0,Fastball,Four-Seam,BallCalled,Undefined,Undefined,Undefined,0,0,,93.35384,-0.544965,-1.786224,2329.175721,211.940189,1:00,5.62692,2.23448,5.64585,-11.68697,21.52289,12.5928,4.14443,1.61724,82.93517,-2.865693,0.462233,0.414768,,,,,,,,,,,,-6.93099,11.39737,-2.09075,50,5.57353,3.60682,-135.10435,-1.55417,-12.47145,36.69755,-11.66583,BRE_WHI,HYA_HAR,CCBLBrewster,Cape Cod Baseball League,CCBL,20260618-CCBLBrewster-1,35bcc0e0-6b59-11f1-bb15-89f1c00ac393,90.87603,,,10.41868,,,,,,,93573a9d-26bc-46cc-8648-aab8239aff84,2026-06-18,21:03:51.76,2026-06-18T17:03:51.7631488-04:00,2026-06-18T21:03:51.7631488Z,,v3,,,,"Jenkins, Owen",828215,Right,BRE_WHI,b3a3febb-b0fb-43df-adea-a8eb5e08ffb0,54.84492,-136.414,18.34878,5.62157,-1.13784,-5.83292,-2.22741,4.05189,-6.23573,,,,,,,,,,,,,,,,,,,,,,,,,,,,,,,,,,,,,,,,,,,,,,,,,,,High,High,High,,,,,,,,,,,,,,,,,,,,,,,,,,,,,,,,,,,,,
7,2026-06-18,17:04:07.54,2,2,"Grim, Ethan",832561,Right,BRE_WHI,"Miller, Caden",832296,Left,HYA_HAR,Undefined,1,Top,1,1,0,Fastball,Four-Seam,BallCalled,Undefined,Undefined,Undefined,0,0,,92.3144,-3.161921,-2.76876,2374.46743,225.48082,1:30,5.46235,2.16021,5.79495,-16.90253,16.23328,15.3769,1.10634,0.86427,84.13173,-6.357098,-0.01601,0.414305,,,,,,,,,,,,-8.63434,9.52288,-1.9417,50,5.19184,5.7847,-133.73108,-7.92537,-15.58022,29.80441,-14.99044,BRE_WHI,HYA_HAR,CCBLBrewster,Cape Cod Baseball League,CCBL,20260618-CCBLBrewster-1,3f261dc0-6b59-11f1-bb15-89f1c00ac393,90.97754,,,8.18267,,,,,,,93573a9d-26bc-46cc-8648-aab8239aff84,2026-06-18,21:04:07.54,2026-06-18T17:04:07.5428352-04:00,2026-06-18T21:04:07.5428352Z,,v3,,,,"Jenkins, Owen",828215,Right,BRE_WHI,b1d58696-896b-4bbb-99c4-71c6ad4b83d5,54.70188,-134.77491,14.90221,5.46022,-7.40036,-7.49522,-2.15385,6.33036,-7.79011,,,,,,,,,,,,,,,,,,,,,,,,,,,,,,,,,,,,,,,,,,,,,,,,,,,High,High,High,,,,,,,,,,,,,,,,,,,,,,,,,,,,,,,,,,,,,
8,2026-06-18,17:04:26.29,2,3,"Grim, Ethan",832561,Right,BRE_WHI,"Miller, Caden",832296,Left,HYA_HAR,Undefined,1,Top,1,2,0,Fastball,Four-Seam,FoulBallNotFieldable,Undefined,Undefined,Undefined,0,0,,92.5965,-1.971796,-3.513826,2231.859603,223.893507,1:30,5.57974,2.12135,5.61695,-14.99505,18.8145,16.80875,2.48577,0.23867,82.55609,-4.87339,-0.519067,0.418496,74.10177,55.995257,-162.328556,4148.925635,,,,,22.8167,,,-9.76375,10.59875,-1.83246,50,5.40207,7.44715,-133.85272,-5.05537,-17.27998,35.48547,-13.41625,BRE_WHI,HYA_HAR,CCBLBrewster,Cape Cod Baseball League,CCBL,20260618-CCBLBrewster-1,4a4b8280-6b59-11f1-bb15-89f1c00ac393,90.0665,33.53547,,10.04041,,,,2.27588,2.59592,-0.22609,93573a9d-26bc-46cc-8648-aab8239aff84,2026-06-18,21:04:26.29,2026-06-18T17:04:26.2964224-04:00,2026-06-18T21:04:26.2964224Z,,v3,,,,"Jenkins, Owen",828215,Right,BRE_WHI,a33065f1-ca91-4b8f-8aff-11845fdef5f0,54.8779,-135.1397,17.74273,5.5766,-4.56879,-6.70812,-2.11391,8.07386,-8.63999,4.655111,2.28222,-58.12566,2.36577,,,,,,,2.62572,89.12939,-36.13274,,,,,,,-0.22686,-18.42704,2.18076,,,,,,,,,,,,,,,,,,,,,,,,,,,,,High,High,High,High,Undefined,,,,,,,,,,,,,,,,,,,,,,,,,,,,,,,,,,,
9,2026-06-18,17:04:50.45,2,4,"Grim, Ethan",832561,Right,BRE_WHI,"Miller, Caden",832296,Left,HYA_HAR,Undefined,1,Top,1,2,1,Fastball,Four-Seam,StrikeCalled,Undefined,Undefined,Undefined,0,0,,93.57636,-1.66376,-4.224739,2422.451839,214.017979,1:15,5.58224,2.11191,5.88269,-9.9363,23.07348,14.64713,3.20458,-0.59777,82.81322,-3.685753,-1.606909,0.413516,,,,,,,,,,,,-8.94107,12.70379,-1.77855,50,5.44195,9.29325,-135.11192,-4.10483,-16.03673,37.58471,-9.38847,BRE_WHI,HYA_HAR,CCBLBrewster,Cape Cod Baseball League,CCBL,20260618-CCBLBrewster-1,58b5d910-6b59-11f1-bb15-89f1c00ac393,91.15102,,,10.76314,,,,,,,93573a9d-26bc-46cc-8648-aab8239aff84,2026-06-18,21:04:50.45,2026-06-18T17:04:50.4550400-04:00,2026-06-18T21:04:50.4550400Z,,v3,,,,"Jenkins, Owen",828215,Right,BRE_WHI,c0f7a18a-695b-4fbe-a7de-1b3cd64719f7,54.60854,-136.38787,18.79236,5.5759,-3.78611,-4.69424,-2.10328,9.83767,-8.01837,,,,,,,,,,,,,,,,,,,,,,,,,,,,,,,,,,,,,,,,,,,,,,,,,,,High,High,High,,,,,,,,,,,,,,,,,,,,,,,,,,,,,,,,,,,,,
10,2026-06-18,17:05:07.35,2,5,"Grim, Ethan",832561,Right,BRE_WHI,"Miller, Caden",832296,Left,HYA_HAR,Undefined,1,Top,1,2,2,Fastball,Four-Seam,FoulBallNotFieldable,Undefined,Undefined,Undefined,0,0,,93.32456,-2.570397,-3.241239,2470.645301,218.344565,1:15,5.52452,2.1232,5.58491,-11.33957,21.8823,16.28662,2.17383,0.45048,83.45638,-4.809489,-0.340623,0.414842,,,,,,,,,,,,-9.1826,12.20064,-1.85483,50,5.29607,6.8456,-134.87281,-6.32473,-16.58439,34.66995,-10.13891,BRE_WHI,HYA_HAR,CCBLBrewster,Cape Cod Baseball League,CCBL,20260618-CCBLBrewster-1,62c958a0-6b59-11f1-bb15-89f1c00ac393,90.85964,,,9.86818,,,,,,,93573a9d-26bc-46cc-8648-aab8239aff84,2026-06-18,21:05:07.35,2026-06-18T17:05:07.3535488-04:00,2026-06-18T21:05:07.3535488Z,,v3,,,,"Jenkins, Owen",828215,Right,BRE_WHI,a9080414-b02c-4584-bee1-692bf54ef09b,54.90683,-136.1283,17.33497,5.51846,-5.95757,-5.06946,-2.1136,7.44616,-8.29219,,,,,,,,,,,,,,,,,,,,,,,,,,,,,,,,,,,,,,,,,,,,,,,,,,,High,High,High,,,,,,,,,,,,,,,,,,,,,,,,,,,,,,,,,,,,,
11,2026-06-18,17:05:29.11,2,6,"Grim, Ethan",832561,Right,BRE_WHI,"Miller, Caden",832296,Left,HYA_HAR,Undefined,1,Top,1,2,2,ChangeUp,Changeup,FoulBallNotFieldable,Undefined,Undefined,Undefined,0,0,,86.42245,-0.546624,-4.490199,1610.329177,259.517377,2:45,5.19116,2.63756,5.40504,-34.38431,4.44469,16.3406,1.81205,-0.21645,77.95114,-6.873794,-1.592713,0.448487,,,,,,,,,,,,-9.70296,2.79213,-2.24913,50,5.11843,9.10339,-124.94308,-2.44034,-15.10268,28.77711,-27.82809,BRE_WHI,HYA_HAR,CCBLBrewster,Cape Cod Baseball League,CCBL,20260618-CCBLBrewster-1,6fc30830-6b59-11f1-bb15-89f1c00ac393,84.04361,,,8.47131,,,,,,,93573a9d-26bc-46cc-8648-aab8239aff84,2026-06-18,21:05:29.11,2026-06-18T17:05:29.1170816-04:00,2026-06-18T21:05:29.1170816Z,,v3,,,,"Jenkins, Owen",828215,Right,BRE_WHI,c33f5cb9-2988-4d28-b599-93fb9d99b5dc,55.09188,-126.11039,14.38855,5.19452,-1.31152,-13.91405,-2.63082,9.71601,-7.55134,,,,,,,,,,,,,,,,,,,,,,,,,,,,,,,,,,,,,,,,,,,,,,,,,,,High,High,High,,,,,,,,,,,,,,,,,,,,,,,,,,,,,,,,,,,,,
12,2026-06-18,17:05:51.58,2,7,"Grim, Ethan",832561,Right,BRE_WHI,"Miller, Caden",832296,Left,HYA_HAR,Undefined,1,Top,1,2,2,ChangeUp,Changeup,StrikeSwinging,Strikeout,Undefined,Undefined,0,0,,87.03079,-1.734232,-4.112547,1640.035855,254.326383,2:30,5.25869,2.32833,5.3838,-32.66069,6.23303,16.48993,0.90674,-0.15892,77.49899,-7.775298,-1.185984,0.44886,,,,,,,,,,,,-9.79725,4.20843,-1.97227,50,5.08069,8.29493,-125.60028,-4.99016,-15.17377,32.654,-25.65615,BRE_WHI,HYA_HAR,CCBLBrewster,Cape Cod Baseball League,CCBL,20260618-CCBLBrewster-1,7d271250-6b59-11f1-bb15-89f1c00ac393,83.97363,,,9.53181,,,,,,,93573a9d-26bc-46cc-8648-aab8239aff84,2026-06-18,21:05:51.58,2026-06-18T17:05:51.5840000-04:00,2026-06-18T21:05:51.5840000Z,,v3,,,,"Jenkins, Owen",828215,Right,BRE_WHI,88f3faf8-22ca-45f6-bedc-b79a31b26ca4,55.11011,-126.92187,16.327,5.26164,-3.95179,-12.82807,-2.32041,8.90905,-7.58688,,,,,,,,,,,,,,,,,,,,,,,,,,,,,49.76675,,,1.429199,,,,-3.86221,5.27344,1.82481,69.87987,7.23189,54.91601,-3.82542,54.96592,-2.37893,5.36216,23.57188,-15.58623,1.87138,40.50828,-2.3788,High,High,High,,,High,High,High,,,,,,,,,,,,,,,,,,,,,,,,,,,,,,,,
13,2026-06-18,17:06:26.33,3,1,"Grim, Ethan",832561,Right,BRE_WHI,"Embury, Jon",810993,Right,HYA_HAR,Undefined,1,Top,2,0,0,Slider,Slider,BallCalled,Undefined,Undefined,Undefined,0,0,,81.48256,0.861411,-0.64072,2430.027625,76.582817,8:30,5.37038,2.77272,5.0442,-46.28762,-1.26705,-13.25505,2.32572,1.06375,72.24775,-7.61283,-2.984679,0.482922,,,,,,,,,,,,6.24418,-0.34791,-2.70075,50,5.41644,1.90956,-117.73411,0.04813,8.44177,30.00788,-32.64441,BRE_WHI,HYA_HAR,CCBLBrewster,Cape Cod Baseball League,CCBL,20260618-CCBLBrewster-1,91e45e00-6b59-11f1-bb15-89f1c00ac393,78.0508,,,9.23482,,,,,,,93573a9d-26bc-46cc-8648-aab8239aff84,2026-06-18,21:06:26.33,2026-06-18T17:06:26.3317504-04:00,2026-06-18T21:06:26.3317504Z,,v3,,,,"Jenkins, Owen",828215,Right,BRE_WHI,438d8914-7380-42d8-ad5a-482f55bf9407,55.44681,-119.1143,15.00394,5.3797,1.54958,-16.32221,-2.77965,1.52129,4.22088,,,,,,,,,,,,,,,,,,,,,,,,,,,,,,,,,,,,,,,,,,,,,,,,,,,High,High,High,,,,,,,,,,,,,,,,,,,,,,,,,,,,,,,,,,,,,
14,2026-06-18,17:06:43.42,3,2,"Grim, Ethan",832561,Right,BRE_WHI,"Embury, Jon",810993,Right,HYA_HAR,Undefined,1,Top,2,1,0,Slider,Curveball,BallCalled,Undefined,Undefined,Undefined,0,0,,81.84702,0.597601,-2.436408,2390.198726,70.600472,8:15,5.31246,2.38699,4.95843,-48.88133,-3.81988,-16.34253,1.80413,-1.27806,72.45634,-8.303394,-5.315998,0.483141,,,,,,,,,,,,7.03764,-1.54118,-2.13695,50,5.33092,5.75705,-118.11009,-0.61679,9.51898,31.37945,-34.25863,BRE_WHI,HYA_HAR,CCBLBrewster,Cape Cod Baseball League,CCBL,20260618-CCBLBrewster-1,9c1e9f70-6b59-11f1-bb15-89f1c00ac393,78.01541,,,9.39068,,,,,,,93573a9d-26bc-46cc-8648-aab8239aff84,2026-06-18,21:06:43.42,2026-06-18T17:06:43.4261504-04:00,2026-06-18T21:06:43.4261504Z,,v3,,,,"Jenkins, Owen",828215,Right,BRE_WHI,6a8fc41a-6ae6-4d5b-877c-584b0b0d4e57,55.53354,-119.5712,15.68972,5.3225,0.97838,-17.12931,-2.39469,5.31382,4.75949,,,,,,,,,,,,,,,,,,,,,,,,,,,,,,,,,,,,,,,,,,,,,,,,,,,High,High,High,,,,,,,,,,,,,,,,,,,,,,,,,,,,,,,,,,,,,
15,2026-06-18,17:07:01.32,3,3,"Grim, Ethan",832561,Right,BRE_WHI,"Embury, Jon",810993,Right,HYA_HAR,Undefined,1,Top,2,2,0,Fastball,Four-Seam,StrikeCalled,Undefined,Undefined,Undefined,0,0,,92.69935,-2.519977,-3.489835,2436.866439,214.754504,1:15,5.57284,2.10303,5.66382,-10.78623,23.39029,15.17847,2.3184,0.10983,81.47711,-4.705479,-0.784048,0.420761,,,,,,,,,,,,-8.95056,13.16694,-1.81719,50,5.35302,7.42469,-133.70334,-6.09903,-15.59337,38.90639,-9.23502,BRE_WHI,HYA_HAR,CCBLBrewster,Cape Cod Baseball League,CCBL,20260618-CCBLBrewster-1,a6bad700-6b59-11f1-bb15-89f1c00ac393,89.58164,,,11.22223,,,,,,,93573a9d-26bc-46cc-8648-aab8239aff84,2026-06-18,21:07:01.32,2026-06-18T17:07:01.3238272-04:00,2026-06-18T21:07:01.3238272Z,,v3,,,,"Jenkins, Owen",828215,Right,BRE_WHI,84aa70d7-c2ea-4f92-8ece-659ea566e85a,54.82564,-135.10026,19.4532,5.56605,-5.76745,-4.61751,-2.09382,7.98456,-7.79669,,,,,,,,,,,,,,,,,,,,,,,,,,,,,,,,,,,,,,,,,,,,,,,,,,,High,High,High,,,,,,,,,,,,,,,,,,,,,,,,,,,,,,,,,,,,,
16,2026-06-18,17:07:17.40,3,4,"Grim, Ethan",832561,Right,BRE_WHI,"Embury, Jon",810993,Right,HYA_HAR,Undefined,1,Top,2,2,1,Slider,Slider,BallCalled,Undefined,Undefined,Undefined,0,0,,82.2868,1.842007,-0.836166,2507.612055,94.050058,9:15,5.31638,2.63835,5.01294,-41.25238,2.7561,-13.73142,3.61795,0.70484,73.06289,-5.739559,-3.259422,0.477463,,,,,,,,,,,,6.42071,1.22689,-2.54669,50,5.46055,2.35374,-118.89603,2.29983,8.90237,29.45965,-30.47296,BRE_WHI,HYA_HAR,CCBLBrewster,Cape Cod Baseball League,CCBL,20260618-CCBLBrewster-1,b05aad30-6b59-11f1-bb15-89f1c00ac393,78.94319,,,9.22391,,,,,,,93573a9d-26bc-46cc-8648-aab8239aff84,2026-06-18,21:07:17.40,2026-06-18T17:07:17.4073344-04:00,2026-06-18T21:07:17.4073344Z,,v3,,,,"Jenkins, Owen",828215,Right,BRE_WHI,d2db383d-707a-4ac6-89d5-6dd6bcb260c5,55.47852,-120.24582,14.72982,5.3232,3.69605,-15.23648,-2.64519,1.94585,4.45119,,,,,,,,,,,,,,,,,,,,,,,,,,,,,,,,,,,,,,,,,,,,,,,,,,,High,High,High,,,,,,,,,,,,,,,,,,,,,,,,,,,,,,,,,,,,,
17,2026-06-18,17:07:33.98,3,5,"Grim, Ethan",832561,Right,BRE_WHI,"Embury, Jon",810993,Right,HYA_HAR,Undefined,1,Top,2,3,1,Fastball,Four-Seam,StrikeSwinging,Undefined,Undefined,Undefined,0,0,,91.88516,-1.251443,-3.007881,2389.726237,213.413896,1:00,5.5562,2.18783,5.7368,-16.64343,17.59564,10.69882,3.00216,0.276,81.70482,-4.462774,-1.09665,0.421146,,,,,,,,,,,,-6.45374,9.74335,-1.94368,50,5.44202,6.48254,-132.85671,-3.39002,-11.22599,35.5678,-15.22593,BRE_WHI,HYA_HAR,CCBLBrewster,Cape Cod Baseball League,CCBL,20260618-CCBLBrewster-1,ba306070-6b59-11f1-bb15-89f1c00ac393,89.49976,,,10.18035,,,,,,,93573a9d-26bc-46cc-8648-aab8239aff84,2026-06-18,21:07:33.98,2026-06-18T17:07:33.9864576-04:00,2026-06-18T21:07:33.9864576Z,,v3,,,,"Jenkins, Owen",828215,Right,BRE_WHI,9e41ac03-78ec-4982-8ec3-94da2013782a,54.75424,-134.12345,17.7839,5.5531,-2.84775,-7.61296,-2.18168,6.88235,-5.613,,,,,,,,,,,,,,,,,,,,,,,,,,,,,,,,,,,,,,,,,,,,,,,,,,,High,High,High,,,,,,,,,,,,,,,,,,,,,,,,,,,,,,,,,,,,,
18,2026-06-18,17:07:51.45,3,6,"Grim, Ethan",832561,Right,BRE_WHI,"Embury, Jon",810993,Right,HYA_HAR,Undefined,1,Top,2,3,2,Fastball,Four-Seam,StrikeCalled,Strikeout,Undefined,Undefined,0,0,,92.55797,-2.802096,-2.585951,2414.033076,211.455105,1:00,5.55587,2.00806,5.65033,-14.7878,19.29182,10.91804,1.70537,0.50442,81.95368,-5.678665,-0.637306,0.420164,,,,,,,,,,,,-6.44965,11.18725,-1.7957,50,5.30911,5.51998,-133.65465,-6.9561,-11.28858,37.49691,-12.59345,BRE_WHI,HYA_HAR,CCBLBrewster,Cape Cod Baseball League,CCBL,20260618-CCBLBrewster-1,c49dbfd0-6b59-11f1-bb15-89f1c00ac393,89.70888,,,10.60429,,,,,,,93573a9d-26bc-46cc-8648-aab8239aff84,2026-06-18,21:07:51.45,2026-06-18T17:07:51.4540000-04:00,2026-06-18T21:07:51.4540000Z,,v3,,,,"Jenkins, Owen",828215,Right,BRE_WHI,453addf1-26e9-421a-9a5c-647c321a4956,54.84028,-135.00576,18.74846,5.55158,-6.50232,-6.29673,-2.00193,5.92674,-5.64429,,,,,,,,,,,,,,,,,,,,,,,,,,,,,52.82307,2.496381,1.135053,1.361328,0.1041,1.57381,-0.49037,-5.48715,3.05903,3.76817,73.61583,4.73179,51.17493,-5.45442,63.13413,-3.73075,3.13301,23.61424,-16.53906,3.77592,37.02078,-1.62209,High,High,High,,,High,High,High,,,,,,,,,,,,,,,,,,,,,,,,,,,,,,,,
19,2026-06-18,17:11:07.19,1,1,"St. Pierre, Brady",1000364925,Right,HYA_HAR,"Carney, Frankie",805148,Left,BRE_WHI,Undefined,1,Bottom,0,0,0,Fastball,Four-Seam,BallCalled,Undefined,Undefined,Undefined,0,0,,89.52127,-3.071366,-0.783409,2358.200348,212.624051,1:00,6.16079,0.35325,5.56253,-14.23528,21.836,13.08548,2.10222,0.71179,80.28624,-5.828024,1.551001,0.432267,,,,,,,,,,,,-6.79185,12.4041,-0.29411,50,5.88654,1.16594,-129.50018,-7.31921,-11.30478,32.04834,-11.52783,BRE_WHI,HYA_HAR,CCBLBrewster,Cape Cod Baseball League,CCBL,20260618-CCBLBrewster-1,394d4530-6b5a-11f1-bb15-89f1c00ac393,87.19712,,,9.23503,,,,,,,93573a9d-26bc-46cc-8648-aab8239aff84,2026-06-18,21:11:07.19,2026-06-18T17:11:07.1974912-04:00,2026-06-18T21:11:07.1974912Z,,v3,,,,"Ortega, Efren",815707,Right,HYA_HAR,f611839d-8ba1-42ff-9535-8f97765520cb,54.92918,-130.71434,16.02417,6.15556,-6.88247,-5.76392,-0.3464,1.59422,-5.65239,,,,,,,,,,,,,,,,,,,,,,,,,,,,,,,,,,,,,,,,,,,,,,,,,,,High,High,High,,,,,,,,,,,,,,,,,,,,,,,,,,,,,,,,,,,,,
20,2026-06-18,17:11:22.26,1,2,"St. Pierre, Brady",1000364925,Right,HYA_HAR,"Carney, Frankie",805148,Left,BRE_WHI,Undefined,1,Bottom,0,1,0,Fastball,Four-Seam,BallCalled,Undefined,Undefined,Undefined,0,0,,89.9086,-4.40906,-1.23233,2412.689277,214.203199,1:15,6.07324,-0.05639,5.97895,-15.30103,20.26218,12.77859,0.70222,-0.13397,80.20191,-7.37406,1.066118,0.429212,,,,,,,,,,,,-6.96103,12.37953,0.14693,50,5.71587,2.23608,-129.8675,-10.40346,-11.5532,34.3347,-11.62769,BRE_WHI,HYA_HAR,CCBLBrewster,Cape Cod Baseball League,CCBL,20260618-CCBLBrewster-1,424590c0-6b5a-11f1-bb15-89f1c00ac393,87.81777,,,9.70669,,,,,,,93573a9d-26bc-46cc-8648-aab8239aff84,2026-06-18,21:11:22.26,2026-06-18T17:11:22.2645760-04:00,2026-06-18T21:11:22.2645760Z,,v3,,,,"Ortega, Efren",815707,Right,HYA_HAR,c62a6952-fff7-41b5-8bde-21cfaeb4ebc7,54.51324,-131.05529,17.16735,6.06882,-10.0012,-5.81385,0.06266,2.63576,-5.7766,,,,,,,,,,,,,,,,,,,,,,,,,,,,,,,,,,,,,,,,,,,,,,,,,,,High,High,High,,,,,,,,,,,,,,,,,,,,,,,,,,,,,,,,,,,,,
21,2026-06-18,17:11:39.96,1,3,"St. Pierre, Brady",1000364925,Right,HYA_HAR,"Carney, Frankie",805148,Left,BRE_WHI,Undefined,1,Bottom,0,2,0,Fastball,Four-Seam,InPlay,Undefined,GroundBall,Out,1,0,,89.84427,-2.69286,-1.629322,2345.367541,219.297503,1:15,6.14321,0.06995,5.91358,-15.57367,19.65186,15.00005,2.34338,-0.19259,80.79949,-5.699216,1.063911,0.427169,100.46632,1.909622,21.837323,2805.693927,,,,64.56171,61.56551,22.432545,0.459588,-8.23685,11.34449,0.05202,50,5.91856,3.06023,-130.14667,-6.54555,-13.86787,31.99717,-13.07407,BRE_WHI,HYA_HAR,CCBLBrewster,Cape Cod Baseball League,CCBL,20260618-CCBLBrewster-1,4ccf51c0-6b5a-11f1-bb15-89f1c00ac393,88.2377,2.64616,,9.04479,,,,1.4521,2.38692,0.17894,93573a9d-26bc-46cc-8648-aab8239aff84,2026-06-18,21:11:39.96,2026-06-18T17:11:39.9660544-04:00,2026-06-18T21:11:39.9660544Z,GroundBall,v3,,,,"Ortega, Efren",815707,Right,HYA_HAR,211dc142-631f-48d5-b83c-ba3f88554089,54.58179,-131.26829,15.99858,6.13997,-6.08726,-6.53703,-0.06377,3.54635,-6.93394,317.590409,1.46825,136.22909,-20.90907,,,,,,,2.4012,4.49207,-21.20616,,,,,,,0.17858,54.79154,-3.42461,,,,,,,,,,,,,,,,,,,,,,,,,,,,,High,High,High,High,High,,,,,,,,,,,,,,,,,,,,,,,,,,,,,,,,,,,
22,2026-06-18,17:12:17.75,2,1,"St. Pierre, Brady",1000364925,Right,HYA_HAR,"Laskofski, Jamie",842027,Left,BRE_WHI,Undefined,1,Bottom,1,0,0,Fastball,Four-Seam,StrikeCalled,Undefined,Undefined,Undefined,0,0,,89.23627,-3.406693,-1.074459,2363.814874,202.269443,12:45,6.20546,0.01764,5.80089,-14.73658,21.19863,8.11937,1.80475,-0.30515,80.20894,-6.257731,0.380455,0.431451,,,,,,,,,,,,-4.4604,12.29473,0.06586,50,5.91675,2.06207,-129.11841,-8.06625,-7.39192,31.4785,-11.79873,BRE_WHI,HYA_HAR,CCBLBrewster,Cape Cod Baseball League,CCBL,20260618-CCBLBrewster-1,63585cc0-6b5a-11f1-bb15-89f1c00ac393,87.362,,,9.02733,,,,,,,93573a9d-26bc-46cc-8648-aab8239aff84,2026-06-18,21:12:17.75,2026-06-18T17:12:17.7514496-04:00,2026-06-18T21:12:17.7514496Z,,v3,,,,"Ortega, Efren",815707,Right,HYA_HAR,a1d3d79f-434c-4019-8f3f-4a5ab92725d0,54.69161,-130.25718,15.73925,6.20083,-7.63941,-5.89936,-0.01358,2.32948,-3.69596,,,,,,,,,,,,,,,,,,,,,,,,,,,,,,,,,,,,,,,,,,,,,,,,,,,High,High,High,,,,,,,,,,,,,,,,,,,,,,,,,,,,,,,,,,,,,
23,2026-06-18,17:12:33.94,2,2,"St. Pierre, Brady",1000364925,Right,HYA_HAR,"Laskofski, Jamie",842027,Left,BRE_WHI,Undefined,1,Bottom,1,0,1,ChangeUp,Changeup,FoulBallNotFieldable,Undefined,Undefined,Undefined,0,0,"
",84.33322,-1.726375,-0.860656,1985.645013,230.527309,1:45,5.91641,0.31666,5.3038,-28.20872,12.07595,13.06036,1.94443,0.59705,77.1133,-6.924018,1.460252,0.456816,,,,,,,,,,,,-6.84981,6.93555,-0.2486,50,5.73939,1.28949,-122.34379,-4.65868,-10.34466,24.94854,-21.6999,BRE_WHI,HYA_HAR,CCBLBrewster,Cape Cod Baseball League,CCBL,20260618-CCBLBrewster-1,6cfb8e50-6b5a-11f1-bb15-89f1c00ac393,82.5112,,,7.21991,,,,,,,93573a9d-26bc-46cc-8648-aab8239aff84,2026-06-18,21:12:33.94,2026-06-18T17:12:33.9480000-04:00,2026-06-18T21:12:33.9480000Z,,v3,,,,"Ortega, Efren",815707,Right,HYA_HAR,c86f3e2c-7de1-4101-99f4-7fccd1c4553e,55.1939,-123.39839,12.47427,5.91693,-3.7414,-10.84995,-0.31235,1.72677,-5.17233,,,,,,,,,,,,,,,,,,,,,,,,,,,,,,,,,,,,,,,,,,,,,,,,,,,High,High,High,,,,,,,,,,,,,,,,,,,,,,,,,,,,,,,,,,,,,
24,2026-06-18,17:13:33.14,2,3,"St. Pierre, Brady",1000364925,Right,HYA_HAR,"Laskofski, Jamie",842027,Left,BRE_WHI,Undefined,1,Bottom,1,0,2,ChangeUp,Changeup,InPlay,Undefined,GroundBall,Out,1,0,,84.38306,-1.666128,-0.769654,1619.48317,242.160929,2:00,5.97701,0.54493,5.45535,-32.29226,8.23213,12.78268,1.72579,0.88966,76.30124,-7.627431,1.509502,0.458173,57.5692,-41.724257,61.817781,,,,,3.61604,2.77129,14.935187,0.032998,-6.74036,5.10051,-0.48634,50,5.80823,1.10862,-122.28313,-4.66586,-10.02818,28.03249,-24.5856,BRE_WHI,HYA_HAR,CCBLBrewster,Cape Cod Baseball League,CCBL,20260618-CCBLBrewster-1,9047f6a0-6b5a-11f1-bb15-89f1c00ac393,82.26678,1.86186,,8.08181,,,,2.5078,1.86186,-0.90845,93573a9d-26bc-46cc-8648-aab8239aff84,2026-06-18,21:13:33.14,2026-06-18T17:13:33.1460096-04:00,2026-06-18T21:13:33.1460096Z,GroundBall,v3,,,,"Ortega, Efren",815707,Right,HYA_HAR,faf16b48-7f26-4891-95aa-18a9faafd2b8,55.04091,-123.43331,14.01624,5.97897,-3.65711,-12.2928,-0.54027,1.52008,-5.01409,,2.50716,29.88312,,,,,,,,1.86307,-56.42363,,,,,,,,-0.90965,55.77335,,,,,,,,,,,,,,,,,,,,,,,,,,,,,,High,High,High,Low,Low,,,,,,,,,,,,,,,,,,,,,,,,,,,,,,,,,,,
25,2026-06-18,17:14:08.09,3,1,"St. Pierre, Brady",1000364925,Right,HYA_HAR,"Lee, Jacob",842028,Right,BRE_WHI,Undefined,1,Bottom,2,0,0,Cutter,Slider,FoulBallNotFieldable,Undefined,Undefined,Undefined,0,0,,82.57678,-0.782398,0.189654,2505.607517,101.48286,9:30,6.25154,-0.01872,5.44756,-39.53616,2.76854,-6.07382,2.22433,-0.34732,74.73001,-8.041354,-0.893649,0.468129,,,,,,,,,,,,3.04862,2.23414,0.00589,50,6.15639,-0.1275,-119.63452,-3.04644,4.34997,26.41062,-28.98621,BRE_WHI,HYA_HAR,CCBLBrewster,Cape Cod Baseball League,CCBL,20260618-CCBLBrewster-1,a5206b70-6b5a-11f1-bb15-89f1c00ac393,80.51717,,,7.84677,,,,,,,93573a9d-26bc-46cc-8648-aab8239aff84,2026-06-18,21:14:08.09,2026-06-18T17:14:08.0916992-04:00,2026-06-18T21:14:08.0916992Z,,v3,,,,"Ortega, Efren",815707,Right,HYA_HAR,cd3befb6-a362-4857-a637-935442ed3cb9,55.04301,-120.74269,13.20531,6.2587,-1.8302,-14.49311,0.01507,-0.31002,2.17499,,,,,,,,,,,,,,,,,,,,,,,,,,,,,,,,,,,,,,,,,,,,,,,,,,,High,High,High,,,,,,,,,,,,,,,,,,,,,,,,,,,,,,,,,,,,,
26,2026-06-18,17:14:27.75,3,2,"St. Pierre, Brady",1000364925,Right,HYA_HAR,"Lee, Jacob",842028,Right,BRE_WHI,Undefined,1,Bottom,2,0,1,Cutter,Slider,StrikeCalled,Undefined,Undefined,Undefined,0,0,,83.52987,-0.366733,-0.329194,2604.333957,81.794591,8:45,6.15259,-0.02839,5.29128,-40.13648,1.43083,-0.48902,2.46354,-0.37823,75.55365,-7.713261,-0.416141,0.464031,,,,,,,,,,,,0.13681,1.29118,0.05871,50,6.09025,0.71666,-121.05049,-2.23762,0.19969,27.2249,-30.28948,BRE_WHI,HYA_HAR,CCBLBrewster,Cape Cod Baseball League,CCBL,20260618-CCBLBrewster-1,b0d89a50-6b5a-11f1-bb15-89f1c00ac393,81.22824,,,7.97621,,,,,,,93573a9d-26bc-46cc-8648-aab8239aff84,2026-06-18,21:14:27.75,2026-06-18T17:14:27.7516800-04:00,2026-06-18T21:14:27.7516800Z,,v3,,,,"Ortega, Efren",815707,Right,HYA_HAR,4146a4df-4088-442e-86ff-573ed696f103,55.20334,-122.21515,13.61245,6.15825,-0.94187,-15.14474,0.02823,0.70812,0.09985,,,,,,,,,,,,,,,,,,,,,,,,,,,,,,,,,,,,,,,,,,,,,,,,,,,High,High,High,,,,,,,,,,,,,,,,,,,,,,,,,,,,,,,,,,,,,
27,2026-06-18,17:14:42.74,3,3,"St. Pierre, Brady",1000364925,Right,HYA_HAR,"Lee, Jacob",842028,Right,BRE_WHI,Undefined,1,Bottom,2,0,2,Cutter,Slider,StrikeSwinging,Strikeout,Undefined,Undefined,0,0,,84.22268,0.119421,0.602056,2684.606984,102.183608,9:30,6.16681,-0.0503,5.27934,-38.12352,1.98413,-3.61189,3.10201,0.21415,77.52191,-6.826657,-0.039623,0.455811,,,,,,,,,,,,1.96484,1.3441,-0.00189,50,6.14976,-1.13015,-122.32347,-1.15131,2.98976,23.16486,-30.12884,BRE_WHI,HYA_HAR,CCBLBrewster,Cape Cod Baseball League,CCBL,20260618-CCBLBrewster-1,b9c748f0-6b5a-11f1-bb15-89f1c00ac393,82.69305,,,6.70077,,,,,,,93573a9d-26bc-46cc-8648-aab8239aff84,2026-06-18,21:14:42.74,2026-06-18T17:14:42.7450000-04:00,2026-06-18T21:14:42.7450000Z,,v3,,,,"Ortega, Efren",815707,Right,HYA_HAR,8210aed9-3d6e-4242-af7a-005c11e1cefc,55.21803,-123.30767,11.58243,6.17148,0.12877,-15.06442,0.04883,-1.25718,1.49488,,,,,,,,,,,,,,,,,,,,,,,,,,,,,55.12283,3.006131,1.707059,1.299072,-1.77367,2.70742,-0.21088,0.45079,4.31731,5.42142,74.81971,7.08515,-49.98459,0.47337,60.64972,-2.63799,4.38735,22.54803,-15.77837,5.37059,-47.31385,3.63336,High,High,High,,,High,High,High,,,,,,,,,,,,,,,,,,,,,,,,,,,,,,,,
28,2026-06-18,17:16:58.07,1,1,"Grim, Ethan",832561,Right,BRE_WHI,"Bates, Charlie",807287,Left,HYA_HAR,Undefined,2,Top,0,0,0,Fastball,Four-Seam,BallCalled,Undefined,Undefined,Undefined,0,0,,91.60911,-0.358881,-4.136354,2409.980126,213.669773,1:00,5.70199,2.31906,5.62178,-12.88296,21.78895,13.58131,4.29263,-0.4158,81.23384,-2.903677,-1.720614,0.423799,,,,,,,,,,,,-8.2604,11.47406,-1.97448,50,5.66342,8.92395,-132.29259,-1.13829,-14.24773,35.25125,-12.38333,BRE_WHI,HYA_HAR,CCBLBrewster,Cape Cod Baseball League,CCBL,20260618-CCBLBrewster-1,0a71c460-6b5b-11f1-bb15-89f1c00ac393,88.93934,,,10.37527,,,,,,,93573a9d-26bc-46cc-8648-aab8239aff84,2026-06-18,21:16:58.07,2026-06-18T17:16:58.0743168-04:00,2026-06-18T21:16:58.0743168Z,,v3,,,,"Jenkins, Owen",828215,Right,BRE_WHI,2bc7ae15-1358-47d1-ac86-af68a7c964aa,54.86905,-133.58371,17.62563,5.6968,-0.68474,-6.19167,-2.31089,9.44579,-7.12387,,,,,,,,,,,,,,,,,,,,,,,,,,,,,,,,,,,,,,,,,,,,,,,,,,,High,High,High,,,,,,,,,,,,,,,,,,,,,,,,,,,,,,,,,,,,,
29,2026-06-18,17:17:14.17,1,2,"Grim, Ethan",832561,Right,BRE_WHI,"Bates, Charlie",807287,Left,HYA_HAR,Undefined,2,Top,0,1,0,Fastball,Four-Seam,FoulBallNotFieldable,Undefined,Undefined,Undefined,0,0,,91.03337,-1.295982,-3.366094,2300.728122,206.552991,1:00,5.35209,2.52404,5.44098,-11.76241,24.20253,11.26481,3.15613,0.30739,79.37702,-3.677819,-1.366557,0.431629,71.87762,32.146611,-163.434371,2930.454711,,,,,31.24792,,,-7.02071,13.1017,-2.23417,50,5.2303,7.18039,-131.23636,-3.21893,-11.68646,39.53113,-10.36541,BRE_WHI,HYA_HAR,CCBLBrewster,Cape Cod Baseball League,CCBL,20260618-CCBLBrewster-1,140601d0-6b5b-11f1-bb15-89f1c00ac393,87.32594,19.79151,,11.65635,,,,1.10596,3.12166,-0.27173,93573a9d-26bc-46cc-8648-aab8239aff84,2026-06-18,21:17:14.17,2026-06-18T17:17:14.1708800-04:00,2026-06-18T21:17:14.1708800Z,,v3,,,,"Jenkins, Owen",828215,Right,BRE_WHI,9e6db213-ac0f-465b-909a-c2ce54ef32e1,55.04785,-132.74817,19.76557,5.34582,-2.82252,-5.1827,-2.51732,7.62732,-5.84323,25.434747,1.10673,-85.58278,7.01133,,,,,,,3.13465,55.62769,-29.93782,,,,,,,-0.27636,-25.28294,6.88799,,,,,,,,,,,,,,,,,,,,,,,,,,,,,High,High,High,High,Undefined,,,,,,,,,,,,,,,,,,,,,,,,,,,,,,,,,,,
30,2026-06-18,17:17:33.71,1,3,"Grim, Ethan",832561,Right,BRE_WHI,"Bates, Charlie",807287,Left,HYA_HAR,Undefined,2,Top,0,1,1,Fastball,Four-Seam,InPlay,Undefined,LineDrive,Out,1,0,,91.95,-2.310882,-3.839909,2310.959935,206.816919,1:00,5.61409,2.25137,5.54928,-14.32139,20.30769,9.53713,2.25524,-0.54739,81.53965,-5.1016,-2.144938,0.423537,83.35489,41.259707,8.194566,,109.56387,80.37681,9.78439,323.51685,318.82974,0.971698,5.105053,-6.20878,11.48379,-1.92521,50,5.40487,8.46039,-132.69345,-5.76063,-10.73861,36.30901,-12.31193,BRE_WHI,HYA_HAR,CCBLBrewster,Cape Cod Baseball League,CCBL,20260618-CCBLBrewster-1,1fa9e560-6b5b-11f1-bb15-89f1c00ac393,88.99434,95.96144,,10.41035,,,,1.16948,2.30497,0.56739,93573a9d-26bc-46cc-8648-aab8239aff84,2026-06-18,21:17:33.71,2026-06-18T17:17:33.7160192-04:00,2026-06-18T21:17:33.7160192Z,FlyBall,v3,,,,"Jenkins, Owen",828215,Right,BRE_WHI,e25d4620-41b0-449a-88e3-35cc59bab599,54.94279,-134.03912,18.1545,5.60991,-5.30433,-6.15596,-2.24614,8.85838,-5.3693,153.610629,1.17256,90.89487,-14.09657,3.09672,-0.19757,-0.1126,0.03691,-0.00454,0.00021,2.30371,80.64311,-19.62805,1.35159,-0.20519,-0.00097,0.01221,-0.00254,0.00016,0.56853,13.0727,-6.53563,1.60448,-0.16263,-0.03538,0.01466,-0.00191,9E-05,,,,,,,,,,,,,,,,,,,,,,,High,High,High,High,Medium,,,,,,,,,,,,,,,,,,,,,,,,,,,,,,,,,,,
31,2026-06-18,17:18:04.23,2,1,"Grim, Ethan",832561,Right,BRE_WHI,"Hawsey, Trey",842078,Left,HYA_HAR,Undefined,2,Top,1,0,0,Slider,Slider,BallCalled,Undefined,Undefined,Undefined,0,0,,83.53391,0.219281,-2.798713,2474.833134,63.478785,8:00,5.26429,2.54098,5.2896,-45.99703,-3.38217,-10.38827,1.63735,-0.9547,74.09696,-8.203621,-4.640339,0.469842,,,,,,,,,,,,4.05823,-1.23374,-2.27821,50,5.25135,6.35418,-120.62667,-1.23981,5.74183,32.13726,-33.91965,BRE_WHI,HYA_HAR,CCBLBrewster,Cape Cod Baseball League,CCBL,20260618-CCBLBrewster-1,31e4a4e0-6b5b-11f1-bb15-89f1c00ac393,80.22364,,,9.43695,,,,,,,93573a9d-26bc-46cc-8648-aab8239aff84,2026-06-18,21:18:04.23,2026-06-18T17:18:04.2347520-04:00,2026-06-18T21:18:04.2347520Z,,v3,,,,"Jenkins, Owen",828215,Right,BRE_WHI,dc2a48f9-bb6b-42b5-8b8a-c582f8837627,55.20248,-122.00484,16.06863,5.27332,0.2148,-16.95983,-2.54542,6.10794,2.87092,,,,,,,,,,,,,,,,,,,,,,,,,,,,,,,,,,,,,,,,,,,,,,,,,,,High,High,High,,,,,,,,,,,,,,,,,,,,,,,,,,,,,,,,,,,,,
32,2026-06-18,17:18:20.18,2,2,"Grim, Ethan",832561,Right,BRE_WHI,"Hawsey, Trey",842078,Left,HYA_HAR,Undefined,2,Top,1,1,0,Curveball,Slider,BallCalled,Undefined,Undefined,Undefined,0,0,,80.71274,2.377803,-0.368663,2539.115373,76.204617,8:30,5.23026,2.67932,5.20463,-47.4801,-2.24807,-16.35643,3.51112,0.96957,72.01365,-6.328263,-3.266185,0.484055,,,,,,,,,,,,7.92839,-1.38839,-2.63263,50,5.41528,1.4613,-116.72565,3.12448,10.63623,27.62753,-34.03663,BRE_WHI,HYA_HAR,CCBLBrewster,Cape Cod Baseball League,CCBL,20260618-CCBLBrewster-1,3b5ea390-6b5b-11f1-bb15-89f1c00ac393,77.86813,,,8.69909,,,,,,,93573a9d-26bc-46cc-8648-aab8239aff84,2026-06-18,21:18:20.18,2026-06-18T17:18:20.1848832-04:00,2026-06-18T21:18:20.1848832Z,,v3,,,,"Jenkins, Owen",828215,Right,BRE_WHI,f3bc5e8a-9c88-4023-8504-b7c982af23c7,55.28885,-117.97081,13.81377,5.23989,4.65849,-17.01832,-2.68769,0.98192,5.31812,,,,,,,,,,,,,,,,,,,,,,,,,,,,,,,,,,,,,,,,,,,,,,,,,,,High,High,High,,,,,,,,,,,,,,,,,,,,,,,,,,,,,,,,,,,,,
33,2026-06-18,17:18:34.01,2,3,"Grim, Ethan",832561,Right,BRE_WHI,"Hawsey, Trey",842078,Left,HYA_HAR,Undefined,2,Top,1,2,0,Fastball,Four-Seam,StrikeSwinging,Undefined,Undefined,Undefined,0,0,,91.66046,-0.52501,-2.512036,2353.385682,212.50033,1:00,5.56474,2.09935,5.72286,-15.26343,19.12977,11.30894,3.80331,0.70054,81.42331,-3.495493,-0.491249,0.422093,,,,,,,,,,,,-6.56599,10.23945,-1.89629,50,5.51175,5.28689,-132.59744,-1.63123,-11.37585,35.44838,-14.4337,BRE_WHI,HYA_HAR,CCBLBrewster,Cape Cod Baseball League,CCBL,20260618-CCBLBrewster-1,439a07c0-6b5b-11f1-bb15-89f1c00ac393,89.29899,,,10.23716,,,,,,,93573a9d-26bc-46cc-8648-aab8239aff84,2026-06-18,21:18:34.01,2026-06-18T17:18:34.0179968-04:00,2026-06-18T21:18:34.0179968Z,,v3,,,,"Jenkins, Owen",828215,Right,BRE_WHI,a1560720-6a51-45fc-a66a-a96e4aaaf206,54.76761,-133.86593,17.72419,5.56088,-1.11473,-7.21685,-2.09276,5.69397,-5.68792,,,,,,,,,,,,,,,,,,,,,,,,,,,,,,,,,,,,,,,,,,,,,,,,,,,High,High,High,,,,,,,,,,,,,,,,,,,,,,,,,,,,,,,,,,,,,
34,2026-06-18,17:18:51.45,2,4,"Grim, Ethan",832561,Right,BRE_WHI,"Hawsey, Trey",842078,Left,HYA_HAR,Undefined,2,Top,1,2,1,ChangeUp,Changeup,StrikeSwinging,Undefined,Undefined,Undefined,0,0,,84.53642,0.065408,-3.237144,1672.782207,258.196841,2:30,5.18235,2.59868,5.48159,-34.58911,6.0113,21.31686,2.36122,1.34314,75.76564,-6.343672,0.556749,0.458603,,,,,,,,,,,,-11.73666,3.48075,-2.32911,50,5.16515,5.9838,-122.31046,-1.07159,-17.3999,28.92219,-27.01374,BRE_WHI,HYA_HAR,CCBLBrewster,Cape Cod Baseball League,CCBL,20260618-CCBLBrewster-1,4e071900-6b5b-11f1-bb15-89f1c00ac393,82.18976,,,8.77078,,,,,,,93573a9d-26bc-46cc-8648-aab8239aff84,2026-06-18,21:18:51.45,2026-06-18T17:18:51.4596352-04:00,2026-06-18T21:18:51.4596352Z,,v3,,,,"Jenkins, Owen",828215,Right,BRE_WHI,2f6f9c86-c904-421a-ba77-e3be70bb4e13,55.01266,-123.49009,14.4611,5.18638,0.0302,-13.50687,-2.58764,6.69348,-8.69995,,,,,,,,,,,,,,,,,,,,,,,,,,,,,,,,,,,,,,,,,,,,,,,,,,,High,High,High,,,,,,,,,,,,,,,,,,,,,,,,,,,,,,,,,,,,,
35,2026-06-18,17:19:05.76,2,5,"Grim, Ethan",832561,Right,BRE_WHI,"Hawsey, Trey",842078,Left,HYA_HAR,Undefined,2,Top,1,2,2,ChangeUp,Changeup,BallCalled,Undefined,Undefined,Undefined,0,0,,84.85001,-1.084113,-4.138878,1541.416375,262.840743,2:45,5.13596,2.37392,5.24855,-36.41411,4.12268,20.871,1.07995,0.21716,76.57147,-7.756989,-0.442836,0.458243,,,,,,,,,,,,-11.76422,2.84386,-2.00973,50,5.0095,7.95951,-122.66673,-3.66096,-17.63528,27.92182,-27.91091,BRE_WHI,HYA_HAR,CCBLBrewster,Cape Cod Baseball League,CCBL,20260618-CCBLBrewster-1,568ca590-6b5b-11f1-bb15-89f1c00ac393,82.25419,,,8.27853,,,,,,,93573a9d-26bc-46cc-8648-aab8239aff84,2026-06-18,21:19:05.76,2026-06-18T17:19:05.7635840-04:00,2026-06-18T21:19:05.7635840Z,,v3,,,,"Jenkins, Owen",828215,Right,BRE_WHI,9d11d1d8-335b-421d-bc71-a821a54fc29c,55.248,-123.85553,13.96091,5.14007,-2.47262,-13.95545,-2.3646,8.71035,-8.81764,,,,,,,,,,,,,,,,,,,,,,,,,,,,,,,,,,,,,,,,,,,,,,,,,,,High,High,High,,,,,,,,,,,,,,,,,,,,,,,,,,,,,,,,,,,,,
36,2026-06-18,17:19:22.44,2,6,"Grim, Ethan",832561,Right,BRE_WHI,"Hawsey, Trey",842078,Left,HYA_HAR,Undefined,2,Top,1,3,2,ChangeUp,Changeup,FoulBallNotFieldable,Undefined,Undefined,Undefined,0,0,,84.02222,0.542804,-3.630207,1635.885523,277.413211,3:15,5.14909,2.52741,5.37904,-42.7549,-1.14764,21.79096,2.09605,0.93579,74.82554,-7.320364,0.24045,0.464254,46.09489,-53.311511,-77.212182,,,,,3.67514,3.67514,-43.649425,0.040419,-12.28564,-0.32685,-2.21839,50,5.16776,6.76533,-121.43839,-0.39908,-17.79357,30.45449,-32.64745,BRE_WHI,HYA_HAR,CCBLBrewster,Cape Cod Baseball League,CCBL,20260618-CCBLBrewster-1,6078ee10-6b5b-11f1-bb15-89f1c00ac393,81.18918,2.2078,,9.19668,,,,2.29515,2.2078,-0.9326,93573a9d-26bc-46cc-8648-aab8239aff84,2026-06-18,21:19:22.44,2026-06-18T17:19:22.4421888-04:00,2026-06-18T21:19:22.4421888Z,GroundBall,v3,,,,"Jenkins, Owen",828215,Right,BRE_WHI,8eb3ecbb-1c69-4bb8-9439-f39360c91c0b,55.117,-122.71493,15.22725,5.15581,0.96937,-16.32372,-2.5176,7.51117,-8.89679,,2.29471,9.00805,,,,,,,,2.21046,-54.62291,,,,,,,,-0.93066,-39.68815,,,,,,,,,,,,,,,,,,,,,,,,,,,,,,High,High,High,Estimated,Estimated,,,,,,,,,,,,,,,,,,,,,,,,,,,,,,,,,,,
37,2026-06-18,17:19:50.71,2,7,"Grim, Ethan",832561,Right,BRE_WHI,"Hawsey, Trey",842078,Left,HYA_HAR,Undefined,2,Top,1,3,2,Fastball,Four-Seam,BallCalled,Walk,Undefined,Undefined,0,0,,92.94837,-0.649502,-4.652753,2204.958642,220.217278,1:15,5.52363,2.16705,5.8015,-13.89379,19.1769,15.18958,3.75973,-0.90389,83.45507,-3.34674,-1.944397,0.413898,,,,,,,,,,,,-9.15312,10.28741,-1.79309,50,5.46194,10.23392,-134.38103,-1.90287,-16.50124,32.95264,-13.6279,BRE_WHI,HYA_HAR,CCBLBrewster,Cape Cod Baseball League,CCBL,20260618-CCBLBrewster-1,7151d3a0-6b5b-11f1-bb15-89f1c00ac393,91.06705,,,9.49331,,,,,,,93573a9d-26bc-46cc-8648-aab8239aff84,2026-06-18,21:19:50.71,2026-06-18T17:19:50.7146752-04:00,2026-06-18T21:19:50.7146752Z,,v3,,,,"Jenkins, Owen",828215,Right,BRE_WHI,d77161b0-5660-4025-a5f8-cd18d3db9e35,54.69237,-135.5268,16.47632,5.51986,-1.42903,-6.81395,-2.1589,10.80767,-8.25062,,,,,,,,,,,,,,,,,,,,,,,,,,,,,,,,,,,,,,,,,,,,,,,,,,,High,High,High,,,,,,,,,,,,,,,,,,,,,,,,,,,,,,,,,,,,,
38,2026-06-18,17:20:19.08,3,1,"Grim, Ethan",832561,Right,BRE_WHI,"Lodise, Jordan",838363,Right,HYA_HAR,Undefined,2,Top,1,0,0,Fastball,Four-Seam,BallCalled,Undefined,Undefined,Undefined,0,0,,90.14558,0.188432,-4.231007,2137.081775,214.817543,1:15,5.45686,2.35134,5.63232,-15.06493,20.36497,13.24997,4.37774,-0.49914,80.74621,-2.729272,-1.874377,0.428407,,,,,,,,,,,,-8.02898,10.58461,-1.99929,50,5.46362,9.03531,-130.32727,0.01977,-13.584,31.55791,-14.2662,BRE_WHI,HYA_HAR,CCBLBrewster,Cape Cod Baseball League,CCBL,20260618-CCBLBrewster-1,82347d30-6b5b-11f1-bb15-89f1c00ac393,87.98278,,,9.39936,,,,,,,93573a9d-26bc-46cc-8648-aab8239aff84,2026-06-18,21:20:19.08,2026-06-18T17:20:19.0802432-04:00,2026-06-18T21:20:19.0802432Z,,v3,,,,"Jenkins, Owen",828215,Right,BRE_WHI,412830d8-d8dd-49cb-a6de-14dfa3e4c4ae,54.86077,-131.49901,15.77896,5.45305,0.54948,-7.1331,-2.34413,9.53968,-6.792,,,,,,,,,,,,,,,,,,,,,,,,,,,,,,,,,,,,,,,,,,,,,,,,,,,High,High,High,,,,,,,,,,,,,,,,,,,,,,,,,,,,,,,,,,,,,
39,2026-06-18,17:20:35.73,3,2,"Grim, Ethan",832561,Right,BRE_WHI,"Lodise, Jordan",838363,Right,HYA_HAR,Undefined,2,Top,1,1,0,Fastball,Sinker,StrikeCalled,Undefined,Undefined,Undefined,0,0,,89.10487,-0.68275,-4.402224,2271.954666,231.230068,1:45,5.20372,2.81413,5.7927,-17.97194,17.98958,20.75056,3.06907,0.44039,80.06645,-4.126181,-0.698463,0.431609,,,,,,,,,,,,-11.91182,9.74103,-2.46368,50,5.13683,9.00897,-128.8964,-2.06144,-19.75346,30.36726,-16.02039,BRE_WHI,HYA_HAR,CCBLBrewster,Cape Cod Baseball League,CCBL,20260618-CCBLBrewster-1,8c2a89b0-6b5b-11f1-bb15-89f1c00ac393,87.33005,,,9.03842,,,,,,,93573a9d-26bc-46cc-8648-aab8239aff84,2026-06-18,21:20:35.73,2026-06-18T17:20:35.7399552-04:00,2026-06-18T21:20:35.7399552Z,,v3,,,,"Jenkins, Owen",828215,Right,BRE_WHI,6efb9d21-1902-46ad-8744-6d4fbf10bbcb,54.70246,-129.99955,15.18363,5.20115,-1.47946,-8.01019,-2.80398,9.72656,-9.87673,,,,,,,,,,,,,,,,,,,,,,,,,,,,,,,,,,,,,,,,,,,,,,,,,,,High,High,High,,,,,,,,,,,,,,,,,,,,,,,,,,,,,,,,,,,,,
40,2026-06-18,17:20:56.76,3,3,"Grim, Ethan",832561,Right,BRE_WHI,"Lodise, Jordan",838363,Right,HYA_HAR,Undefined,2,Top,1,1,1,Fastball,Sinker,StrikeCalled,Undefined,Undefined,Undefined,0,0,,89.46755,-1.18797,-4.510069,2126.842322,222.723226,1:30,5.32789,2.49786,5.54789,-18.88572,16.94217,14.48709,2.64037,-0.51807,80.92827,-4.759163,-1.937811,0.430806,,,,,,,,,,,,-8.65052,9.27036,-2.11663,50,5.21261,9.55536,-129.39085,-3.29021,-14.54749,29.02167,-16.58417,BRE_WHI,HYA_HAR,CCBLBrewster,Cape Cod Baseball League,CCBL,20260618-CCBLBrewster-1,98acbf50-6b5b-11f1-bb15-89f1c00ac393,87.49279,,,8.53928,,,,,,,93573a9d-26bc-46cc-8648-aab8239aff84,2026-06-18,21:20:56.76,2026-06-18T17:20:56.7656960-04:00,2026-06-18T21:20:56.7656960Z,,v3,,,,"Jenkins, Owen",828215,Right,BRE_WHI,0dfb0f57-f3bf-4c42-b199-1a54dfc8e79f,54.94747,-130.49583,14.51084,5.32586,-2.65878,-8.29209,-2.49098,10.10924,-7.27375,,,,,,,,,,,,,,,,,,,,,,,,,,,,,,,,,,,,,,,,,,,,,,,,,,,High,High,High,,,,,,,,,,,,,,,,,,,,,,,,,,,,,,,,,,,,,
41,2026-06-18,17:21:15.98,3,4,"Grim, Ethan",832561,Right,BRE_WHI,"Lodise, Jordan",838363,Right,HYA_HAR,Undefined,2,Top,1,1,2,Slider,Slider,InPlay,Undefined,FlyBall,Out,1,0,,81.93796,-0.004685,-2.860311,2493.582104,95.918422,9:15,5.19927,2.93503,5.28464,-40.23577,2.79839,-13.13753,1.84188,-0.84798,74.72124,-7.341334,-5.18668,0.472148,84.6972,39.318074,32.075233,,89.80172,73.68957,63.52616,314.07392,249.36307,38.141249,4.958238,5.73193,1.79913,-2.66411,50,5.16947,6.47366,-118.71653,-1.42972,8.09543,24.92553,-29.63305,BRE_WHI,HYA_HAR,CCBLBrewster,Cape Cod Baseball League,CCBL,20260618-CCBLBrewster-1,a4280c40-6b5b-11f1-bb15-89f1c00ac393,79.83185,87.61632,,7.21672,,,,1.65636,1.83505,0.71864,93573a9d-26bc-46cc-8648-aab8239aff84,2026-06-18,21:21:15.98,2026-06-18T17:21:15.9824896-04:00,2026-06-18T21:21:15.9824896Z,FlyBall,v3,,,,"Jenkins, Owen",828215,Right,BRE_WHI,897bc9e4-9929-4fb6-9c37-e50df2f2517c,55.21267,-119.80598,12.46277,5.20366,-0.13452,-14.81653,-2.93933,6.11983,4.04772,209.693121,1.66585,81.22181,-15.80509,2.86481,0.4937,-0.52861,0.15252,-0.01975,0.00098,1.83019,78.7977,-20.88766,1.77515,-0.32085,0.01264,0.02089,-0.00524,0.00037,0.7185,51.0308,-3.78658,0.13837,0.19489,-0.10436,0.02867,-0.00402,0.00022,,,,,,,,,,,,,,,,,,,,,,,High,High,High,High,Medium,,,,,,,,,,,,,,,,,,,,,,,,,,,,,,,,,,,
42,2026-06-18,17:21:58.55,4,1,"Grim, Ethan",832561,Right,BRE_WHI,"Zenor, Henry",842258,Left,HYA_HAR,Undefined,2,Top,2,0,0,Fastball,Four-Seam,BallCalled,Undefined,Undefined,Undefined,0,0,,91.31065,-0.297764,-2.951753,2218.418686,210.234597,1:00,5.59981,2.58297,5.55093,-13.36237,21.26442,11.63355,4.20767,0.79186,81.68268,-2.907676,-0.88103,0.423524,,,,,,,,,,,,-6.79559,11.15501,-2.33517,50,5.56559,6.26659,-132.13451,-1.03494,-11.79103,33.0352,-12.81895,BRE_WHI,HYA_HAR,CCBLBrewster,Cape Cod Baseball League,CCBL,20260618-CCBLBrewster-1,bd810020-6b5b-11f1-bb15-89f1c00ac393,88.99727,,,9.62797,,,,,,,93573a9d-26bc-46cc-8648-aab8239aff84,2026-06-18,21:21:58.55,2026-06-18T17:21:58.5534464-04:00,2026-06-18T21:21:58.5534464Z,,v3,,,,"Jenkins, Owen",828215,Right,BRE_WHI,fad05b86-6855-4d94-a9c6-d119ca8d1aed,54.94138,-133.36419,16.5176,5.59523,-0.55777,-6.40948,-2.57661,6.70549,-5.89552,,,,,,,,,,,,,,,,,,,,,,,,,,,,,,,,,,,,,,,,,,,,,,,,,,,High,High,High,,,,,,,,,,,,,,,,,,,,,,,,,,,,,,,,,,,,,
43,2026-06-18,17:22:14.31,4,2,"Grim, Ethan",832561,Right,BRE_WHI,"Zenor, Henry",842258,Left,HYA_HAR,Undefined,2,Top,2,1,0,Fastball,Four-Seam,StrikeCalled,Undefined,Undefined,Undefined,0,0,,90.97867,-1.08806,-3.460184,2357.729799,219.834006,1:15,5.33561,2.58931,5.62178,-16.74969,17.83926,13.84591,2.92249,0.51028,82.01631,-4.286453,-0.993451,0.423292,,,,,,,,,,,,-8.03367,9.70611,-2.3029,50,5.2322,7.32659,-131.698,-3.0126,-13.9448,31.01685,-15.32626,BRE_WHI,HYA_HAR,CCBLBrewster,Cape Cod Baseball League,CCBL,20260618-CCBLBrewster-1,c6e88840-6b5b-11f1-bb15-89f1c00ac393,89.04594,,,8.96236,,,,,,,93573a9d-26bc-46cc-8648-aab8239aff84,2026-06-18,21:22:14.31,2026-06-18T17:22:14.3123968-04:00,2026-06-18T21:22:14.3123968Z,,v3,,,,"Jenkins, Owen",828215,Right,BRE_WHI,a2e703e4-a570-4498-b722-39c221c0c99d,54.87223,-132.84053,15.50842,5.33278,-2.44804,-7.66313,-2.58224,7.84026,-6.9724,,,,,,,,,,,,,,,,,,,,,,,,,,,,,,,,,,,,,,,,,,,,,,,,,,,High,High,High,,,,,,,,,,,,,,,,,,,,,,,,,,,,,,,,,,,,,
44,2026-06-18,17:22:31.64,4,3,"Grim, Ethan",832561,Right,BRE_WHI,"Zenor, Henry",842258,Left,HYA_HAR,Undefined,2,Top,2,1,1,Fastball,Four-Seam,FoulBallNotFieldable,Undefined,Undefined,Undefined,0,0,,90.03657,-1.482974,-4.125584,2274.29697,207.256101,1:00,5.43821,2.554,5.48185,-12.74351,23.59765,11.35599,2.98485,-0.36629,79.42321,-4.017415,-2.11129,0.433881,,,,,,,,,,,,-7.28481,12.86575,-2.19971,50,5.30016,8.84645,-129.88592,-3.67391,-12.01989,35.84726,-10.94561,BRE_WHI,HYA_HAR,CCBLBrewster,Cape Cod Baseball League,CCBL,20260618-CCBLBrewster-1,d1412720-6b5b-11f1-bb15-89f1c00ac393,86.87271,,,10.61336,,,,,,,93573a9d-26bc-46cc-8648-aab8239aff84,2026-06-18,21:22:31.64,2026-06-18T17:22:31.6498432-04:00,2026-06-18T21:22:31.6498432Z,,v3,,,,"Jenkins, Owen",828215,Right,BRE_WHI,a074955b-93e7-4852-ab2e-ffb853829b37,55.01027,-131.26142,17.92363,5.43308,-3.25392,-5.47281,-2.54801,9.30766,-6.00994,,,,,,,,,,,,,,,,,,,,,,,,,,,,,,,,,,,,,,,,,,,,,,,,,,,High,High,High,,,,,,,,,,,,,,,,,,,,,,,,,,,,,,,,,,,,,
45,2026-06-18,17:22:56.27,4,4,"Grim, Ethan",832561,Right,BRE_WHI,"Zenor, Henry",842258,Left,HYA_HAR,Undefined,2,Top,2,1,2,ChangeUp,Changeup,BallCalled,Undefined,Undefined,Undefined,0,0,,84.43696,-0.867028,-3.499136,1606.764945,255.194064,2:30,5.17407,2.86047,5.37584,-35.21281,5.1765,14.31115,1.42529,0.76868,76.7561,-7.328185,-0.957651,0.457409,,,,,,,,,,,,-8.24977,3.26898,-2.55735,50,5.07157,6.8648,-122.26848,-3.1097,-12.38029,26.05795,-27.26838,BRE_WHI,HYA_HAR,CCBLBrewster,Cape Cod Baseball League,CCBL,20260618-CCBLBrewster-1,dfee5310-6b5b-11f1-bb15-89f1c00ac393,82.40423,,,7.68085,,,,,,,93573a9d-26bc-46cc-8648-aab8239aff84,2026-06-18,21:22:56.27,2026-06-18T17:22:56.2790400-04:00,2026-06-18T21:22:56.2790400Z,,v3,,,,"Jenkins, Owen",828215,Right,BRE_WHI,ef46c1f8-f33c-41a3-b1f8-fbeeabea896d,55.1208,-123.355,13.02897,5.17753,-1.97271,-13.63419,-2.85435,7.38101,-6.19014,,,,,,,,,,,,,,,,,,,,,,,,,,,,,,,,,,,,,,,,,,,,,,,,,,,High,High,High,,,,,,,,,,,,,,,,,,,,,,,,,,,,,,,,,,,,,
46,2026-06-18,17:23:18.27,4,5,"Grim, Ethan",832561,Right,BRE_WHI,"Zenor, Henry",842258,Left,HYA_HAR,Undefined,2,Top,2,2,2,Fastball,Four-Seam,StrikeCalled,Strikeout,Undefined,Undefined,0,0,,91.21739,-2.157808,-4.557099,2324.597834,217.336347,1:15,5.48126,2.46855,5.64854,-16.86123,17.37127,12.36536,2.05623,-0.7604,82.90595,-5.352516,-2.357915,0.421105,,,,,,,,,,,,-7.57107,9.76835,-2.08943,50,5.28718,9.95908,-131.92702,-5.51098,-13.29237,29.06812,-15.02397,BRE_WHI,HYA_HAR,CCBLBrewster,Cape Cod Baseball League,CCBL,20260618-CCBLBrewster-1,ed0af3f0-6b5b-11f1-bb15-89f1c00ac393,89.50834,,,8.31144,,,,,,,93573a9d-26bc-46cc-8648-aab8239aff84,2026-06-18,21:23:18.27,2026-06-18T17:23:18.2709248-04:00,2026-06-18T21:23:18.2709248Z,,v3,,,,"Jenkins, Owen",828215,Right,BRE_WHI,8359c559-0d5d-4828-8d46-f05c53fd485f,54.84738,-132.99078,14.53406,5.4788,-4.96117,-7.51199,-2.46278,10.44552,-6.64618,,,,,,,,,,,,,,,,,,,,,,,,,,,,,,,,,,,,,,,,,,,,,,,,,,,High,High,High,,,,,,,,,,,,,,,,,,,,,,,,,,,,,,,,,,,,,
47,2026-06-18,17:25:48.21,1,1,"St. Pierre, Brady",1000364925,Right,HYA_HAR,"Jenkins, Owen",828215,Right,BRE_WHI,Undefined,2,Bottom,0,0,0,Cutter,Slider,BallCalled,Undefined,Undefined,Undefined,0,0,,82.48643,-2.175544,-1.305255,2553.256397,131.252783,10:30,6.1627,0.04433,5.2905,-39.15238,3.44327,-2.20551,0.85576,-1.36525,75.07871,-9.307186,-1.697596,0.469736,,,,,,,,,,,,0.68303,2.9065,0.07611,50,5.93649,2.81628,-119.44317,-5.94316,0.97382,25.82124,-28.03021,BRE_WHI,HYA_HAR,CCBLBrewster,Cape Cod Baseball League,CCBL,20260618-CCBLBrewster-1,466f0440-6b5c-11f1-bb15-89f1c00ac393,80.2417,,,7.40772,,,,,,,93573a9d-26bc-46cc-8648-aab8239aff84,2026-06-18,21:25:48.21,2026-06-18T17:25:48.2121216-04:00,2026-06-18T21:25:48.2121216Z,,v3,,,,"Ortega, Efren",815707,Right,HYA_HAR,cdaf8f65-69c8-4836-be6b-e02d209c976d,55.20327,-120.56277,12.91062,6.16783,-4.72779,-14.01511,-0.04509,2.77406,0.48691,,,,,,,,,,,,,,,,,,,,,,,,,,,,,,,,,,,,,,,,,,,,,,,,,,,High,High,High,,,,,,,,,,,,,,,,,,,,,,,,,,,,,,,,,,,,,
48,2026-06-18,17:26:02.42,1,2,"St. Pierre, Brady",1000364925,Right,HYA_HAR,"Jenkins, Owen",828215,Right,BRE_WHI,Undefined,2,Bottom,0,1,0,Fastball,Four-Seam,FoulBallNotFieldable,Undefined,Undefined,Undefined,0,0,,89.33926,-3.142602,-1.571529,2372.03258,212.904689,1:00,6.26733,-0.04427,5.5721,-10.84634,26.23092,15.86745,2.42412,-0.19021,78.22032,-5.35987,1.258077,0.438253,,,,,,,,,,,,-8.60473,14.94961,0.16906,50,5.99017,2.80315,-128.88655,-7.26344,-13.83656,37.75734,-8.13482,BRE_WHI,HYA_HAR,CCBLBrewster,Cape Cod Baseball League,CCBL,20260618-CCBLBrewster-1,4ee156f0-6b5c-11f1-bb15-89f1c00ac393,86.00608,,,11.11894,,,,,,,93573a9d-26bc-46cc-8648-aab8239aff84,2026-06-18,21:26:02.42,2026-06-18T17:26:02.4263680-04:00,2026-06-18T21:26:02.4263680Z,,v3,,,,"Ortega, Efren",815707,Right,HYA_HAR,bbb9828b-4c9a-4441-8dde-477a321da992,54.91763,-130.3192,18.87867,6.25992,-6.95478,-4.06741,0.05274,3.32816,-6.91828,,,,,,,,,,,,,,,,,,,,,,,,,,,,,,,,,,,,,,,,,,,,,,,,,,,High,High,High,,,,,,,,,,,,,,,,,,,,,,,,,,,,,,,,,,,,,
49,2026-06-18,17:26:23.72,1,3,"St. Pierre, Brady",1000364925,Right,HYA_HAR,"Jenkins, Owen",828215,Right,BRE_WHI,Undefined,2,Bottom,0,1,1,Cutter,Slider,StrikeSwinging,Undefined,Undefined,Undefined,0,0,,82.85371,-0.162517,1.14838,2613.185096,125.828136,10:15,6.11284,0.08565,5.07987,-39.38581,2.81666,-1.95276,2.67747,1.00556,75.5635,-7.333462,0.802775,0.467563,,,,,,,,,,,,1.30311,1.90047,-0.19282,50,6.06673,-2.32212,-120.125,-1.80534,1.89272,24.57018,-29.41372,BRE_WHI,HYA_HAR,CCBLBrewster,Cape Cod Baseball League,CCBL,20260618-CCBLBrewster-1,5b9b8c80-6b5c-11f1-bb15-89f1c00ac393,80.61466,,,7.29022,,,,,,,93573a9d-26bc-46cc-8648-aab8239aff84,2026-06-18,21:26:23.72,2026-06-18T17:26:23.7279232-04:00,2026-06-18T21:26:23.7279232Z,,v3,,,,"Ortega, Efren",815707,Right,HYA_HAR,3ff37162-c475-42d3-95b8-c8621ef5278c,55.41521,-121.22756,12.28509,6.11813,-0.48543,-14.70686,-0.08671,-2.40705,0.94636,,,,,,,,,,,,,,,,,,,,,,,,,,,,,,,,,,,,,,,,,,,,,,,,,,,High,High,High,,,,,,,,,,,,,,,,,,,,,,,,,,,,,,,,,,,,,
50,2026-06-18,17:26:38.34,1,4,"St. Pierre, Brady",1000364925,Right,HYA_HAR,"Jenkins, Owen",828215,Right,BRE_WHI,Undefined,2,Bottom,0,1,2,Slider,Slider,InPlay,Undefined,GroundBall,Out,1,0,,82.28988,-0.709768,0.11609,2702.838829,61.895199,8:00,6.14411,0.04864,5.1073,-43.02097,-0.32933,-3.24626,1.89029,-0.1125,75.31221,-8.509394,-0.459496,0.470265,102.13719,4.207253,-15.938455,2369.863441,,,,93.10895,87.55965,-17.794595,0.655686,1.66059,0.41425,-0.05689,50,6.04349,-0.10517,-119.383,-3.06334,2.38152,24.32882,-31.57994,BRE_WHI,HYA_HAR,CCBLBrewster,Cape Cod Baseball League,CCBL,20260618-CCBLBrewster-1,64521420-6b5c-11f1-bb15-89f1c00ac393,80.15144,3.35624,,6.97767,,,,1.84822,2.00474,0.11237,93573a9d-26bc-46cc-8648-aab8239aff84,2026-06-18,21:26:38.34,2026-06-18T17:26:38.3435776-04:00,2026-06-18T21:26:38.3435776Z,GroundBall,v3,,,,"Ortega, Efren",815707,Right,HYA_HAR,832450c8-c5bd-4930-bf31-3b5d26a9206c,55.3906,-120.47653,12.16441,6.14928,-1.64389,-15.78997,-0.04976,-0.21222,1.19076,61.617761,1.87033,143.20128,-16.58853,,,,,,,2.03201,10.43057,-20.69435,,,,,,,0.12985,-41.38603,-3.40634,,,,,,,,,,,,,,,,,,,,,,,,,,,,,High,High,High,High,High,,,,,,,,,,,,,,,,,,,,,,,,,,,,,,,,,,,
51,2026-06-18,17:27:18.19,2,1,"St. Pierre, Brady",1000364925,Right,HYA_HAR,"Harvey, Dane",838717,Left,BRE_WHI,Undefined,2,Bottom,1,0,0,Cutter,Slider,BallCalled,Undefined,Undefined,Undefined,0,0,,84.44233,0.406661,0.182382,2631.406171,211.997001,1:00,6.17862,0.12246,5.35832,-34.19163,5.71303,2.79528,3.71068,0.52643,77.36643,-5.866538,0.679408,0.454656,,,,,,,,,,,,-1.34583,3.15292,-0.14087,50,6.191,-0.51101,-122.59453,-0.3582,-2.05088,23.93669,-27.36936,BRE_WHI,HYA_HAR,CCBLBrewster,Cape Cod Baseball League,CCBL,20260618-CCBLBrewster-1,7c0bfe00-6b5c-11f1-bb15-89f1c00ac393,82.90313,,,7.0759,,,,,,,93573a9d-26bc-46cc-8648-aab8239aff84,2026-06-18,21:27:18.19,2026-06-18T17:27:18.1902336-04:00,2026-06-18T21:27:18.1902336Z,,v3,,,,"Ortega, Efren",815707,Right,HYA_HAR,7d200630-822e-49b7-9992-9260cfca6924,55.13753,-123.59356,11.96835,6.18211,0.7841,-13.68468,-0.12133,-0.42541,-1.02544,,,,,,,,,,,,,,,,,,,,,,,,,,,,,,,,,,,,,,,,,,,,,,,,,,,High,High,High,,,,,,,,,,,,,,,,,,,,,,,,,,,,,,,,,,,,,
52,2026-06-18,17:27:34.86,2,2,"St. Pierre, Brady",1000364925,Right,HYA_HAR,"Harvey, Dane",838717,Left,BRE_WHI,Undefined,2,Bottom,1,1,0,Fastball,Four-Seam,StrikeSwinging,Undefined,Undefined,Undefined,0,0,,90.11522,-2.809719,-0.355593,2409.009022,195.865846,12:30,6.02799,-0.04591,5.75479,-11.50438,23.6469,6.34985,2.45173,0.15223,81.11675,-5.079433,0.781045,0.426719,,,,,,,,,,,,-3.30839,13.24942,0.07167,50,5.78788,0.52224,-130.50261,-6.64967,-5.61919,31.34137,-9.67039,BRE_WHI,HYA_HAR,CCBLBrewster,Cape Cod Baseball League,CCBL,20260618-CCBLBrewster-1,85f58760-6b5c-11f1-bb15-89f1c00ac393,88.33081,,,8.99847,,,,,,,93573a9d-26bc-46cc-8648-aab8239aff84,2026-06-18,21:27:34.86,2026-06-18T17:27:34.8655616-04:00,2026-06-18T21:27:34.8655616Z,,v3,,,,"Ortega, Efren",815707,Right,HYA_HAR,33e80421-c371-463c-8a47-e847cd2a4509,54.73742,-131.63542,15.67068,6.02191,-6.30014,-4.83519,0.04912,0.72534,-2.80959,,,,,,,,,,,,,,,,,,,,,,,,,,,,,,,,,,,,,,,,,,,,,,,,,,,High,High,High,,,,,,,,,,,,,,,,,,,,,,,,,,,,,,,,,,,,,
53,2026-06-18,17:27:52.76,2,3,"St. Pierre, Brady",1000364925,Right,HYA_HAR,"Harvey, Dane",838717,Left,BRE_WHI,Undefined,2,Bottom,1,1,1,Fastball,Changeup,InPlay,Undefined,GroundBall,Out,1,0,,86.1735,-2.163769,-0.069367,1947.918745,216.283722,1:15,6.00009,0.23208,5.39309,-19.75525,19.01458,12.95146,2.32505,1.24636,78.06056,-5.885814,2.234313,0.448145,86.16393,0.100679,17.450949,2491.388209,,,,43.19461,42.12047,14.836858,0.340817,-6.56937,10.64741,-0.23548,50,5.79369,-0.406,-124.89137,-5.33704,-10.25391,27.91508,-15.55493,BRE_WHI,HYA_HAR,CCBLBrewster,Cape Cod Baseball League,CCBL,20260618-CCBLBrewster-1,90a4d1c0-6b5c-11f1-bb15-89f1c00ac393,84.10773,2.46736,,8.11294,,,,2.12247,2.46736,-1.28133,93573a9d-26bc-46cc-8648-aab8239aff84,2026-06-18,21:27:52.76,2026-06-18T17:27:52.7617536-04:00,2026-06-18T21:27:52.7617536Z,GroundBall,v3,,,,"Ortega, Efren",815707,Right,HYA_HAR,ef876eaa-8124-4fea-ad2f-b9b8d9f0a38e,55.10304,-126.02682,13.95754,5.9979,-4.70434,-7.77746,-0.22745,0.01107,-5.12696,9.230862,2.12421,120.48894,-12.36349,,,,,,,2.47155,0.05876,-21.48527,,,,,,,-1.28041,37.86217,-4.85378,,,,,,,,,,,,,,,,,,,,,,,,,,,,,High,High,High,High,High,,,,,,,,,,,,,,,,,,,,,,,,,,,,,,,,,,,
54,2026-06-18,17:28:33.33,3,1,"St. Pierre, Brady",1000364925,Right,HYA_HAR,"Lambdin, Jake",830145,Right,BRE_WHI,Undefined,2,Bottom,2,0,0,Fastball,Four-Seam,FoulBallNotFieldable,Undefined,Undefined,Undefined,0,0,,89.66209,-2.935039,-0.734573,2338.402556,199.135166,12:45,6.22759,0.09798,5.91474,-9.17351,26.15316,8.61508,2.73665,0.13414,80.61058,-4.798873,0.811852,0.427782,,,,,,,,,,,,-4.53079,14.52997,-0.0433,50,5.9861,1.26695,-129.81103,-6.75758,-7.61504,30.97824,-7.75315,BRE_WHI,HYA_HAR,CCBLBrewster,Cape Cod Baseball League,CCBL,20260618-CCBLBrewster-1,a8d10570-6b5c-11f1-bb15-89f1c00ac393,88.11128,,,9.05151,,,,,,,93573a9d-26bc-46cc-8648-aab8239aff84,2026-06-18,21:28:33.33,2026-06-18T17:28:33.3323264-04:00,2026-06-18T21:28:33.3323264Z,,v3,,,,"Ortega, Efren",815707,Right,HYA_HAR,f80b30b3-4c6d-48a2-96a4-a73a7b799f99,54.57453,-130.89815,15.48912,6.21847,-6.4855,-3.87657,-0.09245,1.53418,-3.80752,,,,,,,,,,,,,,,,,,,,,,,,,,,,,,,,,,,,,,,,,,,,,,,,,,,High,High,High,,,,,,,,,,,,,,,,,,,,,,,,,,,,,,,,,,,,,
55,2026-06-18,17:28:54.76,3,2,"St. Pierre, Brady",1000364925,Right,HYA_HAR,"Lambdin, Jake",830145,Right,BRE_WHI,Undefined,2,Bottom,2,0,1,Fastball,Four-Seam,FoulBallNotFieldable,Undefined,Undefined,Undefined,0,0,,91.70937,-2.774328,0.796376,2434.32889,210.030428,1:00,6.1836,-0.18379,5.69565,-12.39721,21.46068,11.71536,2.56289,1.53467,83.02647,-5.176847,2.890254,0.418795,36.78618,-41.417032,-75.868754,,,,,4.56472,4.15773,-69.848134,0.068902,-5.71079,12.1217,0.10948,50,5.94313,-2.37114,-132.90965,-6.76563,-10.10025,31.48278,-10.73534,BRE_WHI,HYA_HAR,CCBLBrewster,Cape Cod Baseball League,CCBL,20260618-CCBLBrewster-1,b5963780-6b5c-11f1-bb15-89f1c00ac393,90.00216,2.49203,,8.6829,,,,0.88289,2.49203,-1.54581,93573a9d-26bc-46cc-8648-aab8239aff84,2026-06-18,21:28:54.76,2026-06-18T17:28:54.7667456-04:00,2026-06-18T21:28:54.7667456Z,GroundBall,v3,,,,"Ortega, Efren",815707,Right,HYA_HAR,0475eb1f-38ce-4438-bc82-936bb04ac191,54.80003,-134.04183,15.74139,6.17949,-6.37957,-5.36767,0.18822,-2.00791,-5.05012,180,0.88143,10.00986,,,,,,,,2.49731,-36.16789,,,,,,,,-1.54001,-39.75914,,,,,,,,,,,,,,,,,,,,,,,,,,,,,,High,High,High,Low,Low,,,,,,,,,,,,,,,,,,,,,,,,,,,,,,,,,,,
56,2026-06-18,17:29:45.48,3,3,"St. Pierre, Brady",1000364925,Right,HYA_HAR,"Lambdin, Jake",830145,Right,BRE_WHI,Undefined,2,Bottom,2,0,2,Cutter,Slider,InPlay,Undefined,FlyBall,Out,1,0,,82.58431,-0.519726,0.155844,2602.71846,142.963917,10:45,6.17123,-0.19337,5.25005,-38.3816,3.59087,-1.70595,2.48438,-0.18909,75.75545,-7.517791,-0.147178,0.466288,77.38796,39.101041,28.939054,,95.1398,68.00069,55.21227,249.96751,244.4657,30.009543,4.308979,0.90087,2.32083,0.18041,50,6.09508,-0.25486,-119.87948,-2.46302,1.30917,23.46872,-28.80129,BRE_WHI,HYA_HAR,CCBLBrewster,Cape Cod Baseball League,CCBL,20260618-CCBLBrewster-1,d3daa140-6b5c-11f1-bb15-89f1c00ac393,80.83519,71.67611,,6.82887,,,,0.76696,2.53173,0.21533,93573a9d-26bc-46cc-8648-aab8239aff84,2026-06-18,21:29:45.48,2026-06-18T17:29:45.4802944-04:00,2026-06-18T21:29:45.4802944Z,FlyBall,v3,,,,"Ortega, Efren",815707,Right,HYA_HAR,2642919b-023a-4c2d-9a42-ceb7e64bccd2,55.24741,-120.9024,11.73436,6.17507,-1.20768,-14.40065,0.19276,-0.31192,0.65458,194.035734,0.7686,77.03938,-15.073,3.61894,-0.35743,-0.08658,0.0346,-0.00412,0.00015,2.53308,71.5483,-20.75549,1.20935,0.17233,-0.21506,0.07626,-0.01233,0.00076,0.21547,42.61829,-6.10977,1.19457,-0.20354,0.04138,-0.01026,0.00171,-0.00011,,,,,,,,,,,,,,,,,,,,,,,High,High,High,High,High,,,,,,,,,,,,,,,,,,,,,,,,,,,,,,,,,,,
57,2026-06-18,17:32:09.23,1,1,"Grim, Ethan",832561,Right,BRE_WHI,"Ortega, Efren",815707,Right,HYA_HAR,Undefined,3,Top,0,0,0,Fastball,Four-Seam,BallCalled,Undefined,Undefined,Undefined,0,0,,91.28332,-1.830335,-4.409658,2205.578011,209.181647,1:00,5.56926,2.12251,5.61039,-14.94591,19.58285,10.22918,2.60974,-1.14903,82.17263,-4.704906,-2.591867,0.422923,,,,,,,,,,,,-6.54091,10.82949,-1.75168,50,5.40306,9.7022,-131.9149,-4.65499,-11.3729,31.53285,-13.34447,BRE_WHI,HYA_HAR,CCBLBrewster,Cape Cod Baseball League,CCBL,20260618-CCBLBrewster-1,29886050-6b5d-11f1-bb15-89f1c00ac393,89.12355,,,9.11069,,,,,,,93573a9d-26bc-46cc-8648-aab8239aff84,2026-06-18,21:32:09.23,2026-06-18T17:32:09.2375040-04:00,2026-06-18T21:32:09.2375040Z,,v3,,,,"Jenkins, Owen",828215,Right,BRE_WHI,8437dd34-4d7e-485a-b954-6529d61d3e67,54.88334,-133.07709,15.76642,5.56556,-4.16316,-6.67224,-2.11699,10.12137,-5.68645,,,,,,,,,,,,,,,,,,,,,,,,,,,,,,,,,,,,,,,,,,,,,,,,,,,High,High,High,,,,,,,,,,,,,,,,,,,,,,,,,,,,,,,,,,,,,
58,2026-06-18,17:32:22.89,1,2,"Grim, Ethan",832561,Right,BRE_WHI,"Ortega, Efren",815707,Right,HYA_HAR,Undefined,3,Top,0,1,0,Fastball,Four-Seam,FoulBallNotFieldable,Undefined,Undefined,Undefined,0,0,,90.21307,-1.209218,-3.748951,2215.214098,211.834941,1:00,5.28353,2.58857,5.73776,-17.17639,18.02781,10.37977,2.72363,-0.04225,81.01709,-4.50025,-1.897197,0.42704,,,,,,,,,,,,-6.52874,9.94985,-2.28276,50,5.17255,8.09866,-130.52962,-3.27026,-11.07044,31.8764,-15.30261,BRE_WHI,HYA_HAR,CCBLBrewster,Cape Cod Baseball League,CCBL,20260618-CCBLBrewster-1,31a714c0-6b5d-11f1-bb15-89f1c00ac393,88.2644,,,9.19598,,,,,,,93573a9d-26bc-46cc-8648-aab8239aff84,2026-06-18,21:32:22.89,2026-06-18T17:32:22.8955648-04:00,2026-06-18T21:32:22.8955648Z,,v3,,,,"Jenkins, Owen",828215,Right,BRE_WHI,eca53980-6265-4767-b3e1-25b055fb893f,54.75742,-131.68629,15.9382,5.28114,-2.71498,-7.65131,-2.58392,8.50037,-5.53522,,,,,,,,,,,,,,,,,,,,,,,,,,,,,,,,,,,,,,,,,,,,,,,,,,,High,High,High,,,,,,,,,,,,,,,,,,,,,,,,,,,,,,,,,,,,,
59,2026-06-18,17:32:42.44,1,3,"Grim, Ethan",832561,Right,BRE_WHI,"Ortega, Efren",815707,Right,HYA_HAR,Undefined,3,Top,0,1,1,Curveball,Curveball,StrikeCalled,Undefined,Undefined,Undefined,0,0,,80.2784,1.792022,-1.187504,2448.854792,69.310978,8:15,5.25766,2.73379,5.15889,-50.61546,-5.01103,-17.80343,2.72736,0.13228,72.14533,-7.433793,-4.339174,0.486043,,,,,,,,,,,,8.38623,-2.56382,-2.60892,50,5.38665,3.1701,-116.19271,1.78678,11.18728,26.68162,-35.5942,BRE_WHI,HYA_HAR,CCBLBrewster,Cape Cod Baseball League,CCBL,20260618-CCBLBrewster-1,3d527260-6b5d-11f1-bb15-89f1c00ac393,77.54958,,,8.13307,,,,,,,93573a9d-26bc-46cc-8648-aab8239aff84,2026-06-18,21:32:42.44,2026-06-18T17:32:42.4446976-04:00,2026-06-18T21:32:42.4446976Z,,v3,,,,"Jenkins, Owen",828215,Right,BRE_WHI,a0208710-8f7a-4990-b142-c2397c147024,55.33678,-117.41181,13.34081,5.26785,3.4131,-17.7971,-2.74209,2.65895,5.59364,,,,,,,,,,,,,,,,,,,,,,,,,,,,,,,,,,,,,,,,,,,,,,,,,,,High,High,High,,,,,,,,,,,,,,,,,,,,,,,,,,,,,,,,,,,,,
60,2026-06-18,17:32:56.65,1,4,"Grim, Ethan",832561,Right,BRE_WHI,"Ortega, Efren",815707,Right,HYA_HAR,Undefined,3,Top,0,1,2,Slider,Slider,BallCalled,Undefined,Undefined,Undefined,0,0,,81.34873,0.046074,-3.065704,2501.345299,108.449696,9:30,5.17908,2.64467,5.03542,-37.92482,7.36304,-16.43233,2.06221,-1.61964,72.26531,-6.929622,-5.958338,0.484353,,,,,,,,,,,,6.86654,4.19977,-2.33825,50,5.15426,7.01753,-117.36719,-1.24977,9.23277,29.66219,-26.52703,BRE_WHI,HYA_HAR,CCBLBrewster,Cape Cod Baseball League,CCBL,20260618-CCBLBrewster-1,45ca6a60-6b5d-11f1-bb15-89f1c00ac393,77.82015,,,9.08341,,,,,,,93573a9d-26bc-46cc-8648-aab8239aff84,2026-06-18,21:32:56.65,2026-06-18T17:32:56.6529024-04:00,2026-06-18T21:32:56.6529024Z,,v3,,,,"Jenkins, Owen",828215,Right,BRE_WHI,b78b3282-c8d4-435c-a6f7-ca7b9ed5fa99,55.45427,-118.73764,14.8311,5.18368,-0.02417,-13.26351,-2.65262,6.59096,4.61638,,,,,,,,,,,,,,,,,,,,,,,,,,,,,,,,,,,,,,,,,,,,,,,,,,,High,High,High,,,,,,,,,,,,,,,,,,,,,,,,,,,,,,,,,,,,,
61,2026-06-18,17:33:11.82,1,5,"Grim, Ethan",832561,Right,BRE_WHI,"Ortega, Efren",815707,Right,HYA_HAR,Undefined,3,Top,0,2,2,ChangeUp,Changeup,FoulBallNotFieldable,Undefined,Undefined,Undefined,0,0,,82.72471,1.271892,-3.440774,1522.835196,273.524787,3:00,5.10801,2.69402,5.38993,-41.85833,0.42,17.86021,2.8142,0.95375,74.63027,-6.41104,-0.269804,0.467983,98.65311,-2.402247,-44.264125,3489.375871,,,,45.3021,45.3021,-44.885466,0.304144,-10.11095,0.20335,-2.39974,50,5.1923,6.45485,-119.7489,1.17877,-14.46468,26.31276,-31.88312,BRE_WHI,HYA_HAR,CCBLBrewster,Cape Cod Baseball League,CCBL,20260618-CCBLBrewster-1,4ed55390-6b5d-11f1-bb15-89f1c00ac393,80.54228,3.3079,,8.09444,,,,2.21137,3.3079,-1.33992,93573a9d-26bc-46cc-8648-aab8239aff84,2026-06-18,21:33:11.82,2026-06-18T17:33:11.8247936-04:00,2026-06-18T21:33:11.8247936Z,GroundBall,v3,,,,"Jenkins, Owen",828215,Right,BRE_WHI,9a9ed89d-099a-437d-ab72-60579d4970e4,55.10772,-120.86602,13.15638,5.11352,2.53239,-15.94156,-2.68682,7.06896,-7.23234,,2.21378,103.42163,-17.01347,,,,,,,3.30913,-6.11811,-15.67048,,,,,,,-1.33883,-100.94848,0.77106,,,,,,,,,,,,,,,,,,,,,,,,,,,,,High,High,High,High,High,,,,,,,,,,,,,,,,,,,,,,,,,,,,,,,,,,,
62,2026-06-18,17:33:33.35,1,6,"Grim, Ethan",832561,Right,BRE_WHI,"Ortega, Efren",815707,Right,HYA_HAR,Undefined,3,Top,0,2,2,Fastball,Four-Seam,StrikeSwinging,Strikeout,Undefined,Undefined,0,0,,91.74712,-2.147378,-3.588797,2368.533419,213.141566,1:00,5.40827,2.34875,5.47078,-13.21784,22.02588,13.34383,2.29237,0.09793,80.42897,-4.769601,-1.21914,0.42728,,,,,,,,,,,,-8.06016,12.30138,-2.04215,50,5.21091,7.64687,-132.24409,-5.28923,-13.69886,38.76511,-11.26698,BRE_WHI,HYA_HAR,CCBLBrewster,Cape Cod Baseball League,CCBL,20260618-CCBLBrewster-1,5ba66c80-6b5d-11f1-bb15-89f1c00ac393,88.21493,,,11.31815,,,,,,,93573a9d-26bc-46cc-8648-aab8239aff84,2026-06-18,21:33:33.35,2026-06-18T17:33:33.3530000-04:00,2026-06-18T21:33:33.3530000Z,,v3,,,,"Jenkins, Owen",828215,Right,BRE_WHI,f3544042-7c39-40bc-b5f1-f7764e02c1a6,55.01784,-133.70689,19.38256,5.40248,-4.86407,-5.63349,-2.34045,8.1638,-6.84943,,,,,,,,,,,,,,,,,,,,,,,,,,,,,48.95916,2.635248,1.160346,1.474902,-1.04716,2.08327,-0.04783,-4.68958,5.19056,1.91649,70.62068,6.4773,54.17272,-4.63705,54.64792,-2.45986,5.2859,23.26389,-15.23207,1.97261,38.7409,-2.27453,High,High,High,,,High,High,High,,,,,,,,,,,,,,,,,,,,,,,,,,,,,,,,
63,2026-06-18,17:34:01.56,2,1,"Grim, Ethan",832561,Right,BRE_WHI,"Chun, Tanner",821930,Right,HYA_HAR,Undefined,3,Top,1,0,0,Fastball,Sinker,BallCalled,Undefined,Undefined,Undefined,0,0,,90.9023,-0.916861,-3.561192,2404.797085,223.656113,1:30,5.55984,2.14141,5.65662,-13.25308,22.60139,19.95954,3.59867,0.4794,79.04377,-3.58115,-0.002764,0.430966,,,,,,,,,,,,-11.41961,12.17906,-1.85187,50,5.47423,7.19634,-131.05488,-2.38461,-18.91978,39.89053,-11.99599,BRE_WHI,HYA_HAR,CCBLBrewster,Cape Cod Baseball League,CCBL,20260618-CCBLBrewster-1,6c7789e0-6b5d-11f1-bb15-89f1c00ac393,87.46037,,,11.85853,,,,,,,93573a9d-26bc-46cc-8648-aab8239aff84,2026-06-18,21:34:01.56,2026-06-18T17:34:01.5665664-04:00,2026-06-18T21:34:01.5665664Z,,v3,,,,"Jenkins, Owen",828215,Right,BRE_WHI,624b23a6-cd1a-4a47-ab7e-febd56786ae9,54.83045,-132.51702,19.94527,5.55358,-1.94491,-5.99799,-2.12835,7.88982,-9.45989,,,,,,,,,,,,,,,,,,,,,,,,,,,,,,,,,,,,,,,,,,,,,,,,,,,High,High,High,,,,,,,,,,,,,,,,,,,,,,,,,,,,,,,,,,,,,
64,2026-06-18,17:34:15.31,2,2,"Grim, Ethan",832561,Right,BRE_WHI,"Chun, Tanner",821930,Right,HYA_HAR,Undefined,3,Top,1,1,0,Fastball,Sinker,BallCalled,Undefined,Undefined,Undefined,0,0,,89.54244,-0.337393,-2.594024,2337.021558,233.80469,1:45,5.20284,2.38696,5.65652,-20.63312,15.66127,19.34182,3.16845,1.57804,79.23971,-4.283833,0.859291,0.433602,,,,,,,,,,,,-10.86209,8.49142,-2.1802,50,5.16183,5.01749,-129.53587,-1.40932,-17.83765,35.4949,-18.22949,BRE_WHI,HYA_HAR,CCBLBrewster,Cape Cod Baseball League,CCBL,20260618-CCBLBrewster-1,74a53270-6b5d-11f1-bb15-89f1c00ac393,86.9287,,,10.30273,,,,,,,93573a9d-26bc-46cc-8648-aab8239aff84,2026-06-18,21:34:15.31,2026-06-18T17:34:15.3161216-04:00,2026-06-18T21:34:15.3161216Z,,v3,,,,"Jenkins, Owen",828215,Right,BRE_WHI,11a5b4b3-f33f-42bf-8425-202f1a7f4bf9,54.83821,-130.8549,17.74745,5.20161,-0.7319,-9.11475,-2.37897,5.68036,-8.91883,,,,,,,,,,,,,,,,,,,,,,,,,,,,,,,,,,,,,,,,,,,,,,,,,,,High,High,High,,,,,,,,,,,,,,,,,,,,,,,,,,,,,,,,,,,,,
65,2026-06-18,17:34:30.74,2,3,"Grim, Ethan",832561,Right,BRE_WHI,"Chun, Tanner",821930,Right,HYA_HAR,Undefined,3,Top,1,2,0,Fastball,Sinker,BallCalled,Undefined,Undefined,Undefined,0,0,,89.57649,-2.915918,-3.804898,2333.495034,223.288066,1:30,5.3615,2.10877,5.85715,-18.78316,17.10497,14.75702,1.07885,-0.20167,80.00788,-6.50883,-1.164418,0.431168,,,,,,,,,,,,-8.85398,10.15906,-1.80826,50,5.11361,7.96027,-129.38333,-7.15523,-14.6374,33.21413,-15.37904,BRE_WHI,HYA_HAR,CCBLBrewster,Cape Cod Baseball League,CCBL,20260618-CCBLBrewster-1,7ddd4620-6b5d-11f1-bb15-89f1c00ac393,87.41931,,,9.5686,,,,,,,93573a9d-26bc-46cc-8648-aab8239aff84,2026-06-18,21:34:30.74,2026-06-18T17:34:30.7434496-04:00,2026-06-18T21:34:30.7434496Z,,v3,,,,"Jenkins, Owen",828215,Right,BRE_WHI,d3bd69d6-7cbf-42b3-af73-68c55c9709db,54.63648,-130.56814,16.60707,5.35906,-6.60663,-7.68952,-2.10153,8.48241,-7.3187,,,,,,,,,,,,,,,,,,,,,,,,,,,,,,,,,,,,,,,,,,,,,,,,,,,High,High,High,,,,,,,,,,,,,,,,,,,,,,,,,,,,,,,,,,,,,
66,2026-06-18,17:34:50.63,2,4,"Grim, Ethan",832561,Right,BRE_WHI,"Chun, Tanner",821930,Right,HYA_HAR,Undefined,3,Top,1,3,0,Fastball,Four-Seam,BallCalled,Walk,Undefined,Undefined,0,0,,90.87082,-3.63563,-4.162449,2404.922632,222.52818,1:30,5.52393,2.22266,5.60086,-14.85048,21.00352,17.76843,0.87886,-0.18927,79.81426,-6.548563,-1.000873,0.430963,,,,,,,,,,,,-10.60032,12.48827,-1.87749,50,5.20265,8.69451,-130.8118,-8.72204,-17.62681,37.94487,-11.40782,BRE_WHI,HYA_HAR,CCBLBrewster,Cape Cod Baseball League,CCBL,20260618-CCBLBrewster-1,89b9c5e0-6b5d-11f1-bb15-89f1c00ac393,87.46093,,,11.05655,,,,,,,93573a9d-26bc-46cc-8648-aab8239aff84,2026-06-18,21:34:50.63,2026-06-18T17:34:50.6376192-04:00,2026-06-18T21:34:50.6376192Z,,v3,,,,"Jenkins, Owen",828215,Right,BRE_WHI,c50b3c8c-94c9-4577-8d12-4d94c1840136,54.8902,-132.2227,18.97243,5.51908,-8.29787,-5.70391,-2.21297,9.34993,-8.81341,,,,,,,,,,,,,,,,,,,,,,,,,,,,,,,,,,,,,,,,,,,,,,,,,,,High,High,High,,,,,,,,,,,,,,,,,,,,,,,,,,,,,,,,,,,,,
67,2026-06-18,17:35:21.85,3,1,"Grim, Ethan",832561,Right,BRE_WHI,"Kirk, Taylor",842079,Right,HYA_HAR,Undefined,3,Top,1,0,0,Slider,Slider,BallCalled,Undefined,Undefined,Undefined,0,0,,79.94401,0.464807,-3.487366,2447.187794,104.543682,9:30,5.17749,3.06093,5.28387,-41.63805,5.32,-12.42997,2.14496,-1.25381,70.33223,-7.238185,-5.684953,0.493204,,,,,,,,,,,,4.69362,3.09189,-2.73351,50,5.19064,7.55324,-115.21187,-0.47892,6.0167,30.61305,-28.21058,BRE_WHI,HYA_HAR,CCBLBrewster,Cape Cod Baseball League,CCBL,20260618-CCBLBrewster-1,9c5ff160-6b5d-11f1-bb15-89f1c00ac393,76.42365,,,9.61178,,,,,,,93573a9d-26bc-46cc-8648-aab8239aff84,2026-06-18,21:35:21.85,2026-06-18T17:35:21.8574848-04:00,2026-06-18T21:35:21.8574848Z,,v3,,,,"Jenkins, Owen",828215,Right,BRE_WHI,48b4d9fa-4f02-4f6c-9b6b-d4eb8a8a66cb,55.20438,-116.58653,15.30653,5.1837,0.78786,-14.10529,-3.06661,7.28306,3.00835,,,,,,,,,,,,,,,,,,,,,,,,,,,,,,,,,,,,,,,,,,,,,,,,,,,High,High,High,,,,,,,,,,,,,,,,,,,,,,,,,,,,,,,,,,,,,
68,2026-06-18,17:35:40.01,3,2,"Grim, Ethan",832561,Right,BRE_WHI,"Kirk, Taylor",842079,Right,HYA_HAR,Undefined,3,Top,1,1,0,Fastball,Four-Seam,InPlay,Undefined,FlyBall,Out,1,0,,88.79564,-1.265403,-3.974849,2270.186954,219.950472,1:15,5.63878,2.38698,5.68038,-16.02434,20.93997,16.23981,3.12084,0.02921,78.54875,-4.393816,-1.08097,0.437585,80.39921,54.141622,16.116104,,105.58494,120.0007,30.85058,234.80403,222.94646,16.599884,5.684629,-9.68075,11.4976,-2.06207,50,5.52249,8.18304,-128.21896,-3.26237,-15.60737,34.29987,-13.63755,BRE_WHI,HYA_HAR,CCBLBrewster,Cape Cod Baseball League,CCBL,20260618-CCBLBrewster-1,a725d100-6b5d-11f1-bb15-89f1c00ac393,86.13734,124.7268,,10.24689,,,,1.30693,3.23439,-0.03597,93573a9d-26bc-46cc-8648-aab8239aff84,2026-06-18,21:35:40.01,2026-06-18T17:35:40.0117248-04:00,2026-06-18T21:35:40.0117248Z,FlyBall,v3,,,,"Jenkins, Owen",828215,Right,BRE_WHI,375d71b5-679c-4413-9eb3-511a1ff6ce22,54.81188,-129.49979,17.14993,5.6348,-2.75312,-6.81877,-2.37853,8.76585,-7.80368,181.251028,1.31108,66.29357,-13.44809,3.13672,-0.42195,0.01803,0.00264,-0.00024,-0,3.23675,95.50461,-22.27071,1.66836,0.04989,-0.15161,0.04554,-0.00598,0.0003,-0.03477,19.15453,-3.59576,0.81765,-0.10415,0.00302,0.00083,-6E-05,-0,,,,,,,,,,,,,,,,,,,,,,,High,High,High,Medium,Low,,,,,,,,,,,,,,,,,,,,,,,,,,,,,,,,,,,
69,2026-06-18,17:36:18.61,4,1,"Grim, Ethan",832561,Right,BRE_WHI,"Miller, Caden",832296,Left,HYA_HAR,Undefined,3,Top,2,0,0,Curveball,Slider,StrikeCalled,Undefined,Undefined,Undefined,0,0,,80.21128,1.141011,-1.405289,2435.04111,83.784321,8:45,5.23892,2.98154,5.29074,-45.3518,0.33862,-13.44331,2.53142,0.54152,71.67065,-7.189985,-3.790633,0.486501,,,,,,,,,,,,6.15209,0.32638,-2.84364,50,5.31044,3.41742,-116.02763,0.71606,8.14193,27.60792,-31.74208,BRE_WHI,HYA_HAR,CCBLBrewster,Cape Cod Baseball League,CCBL,20260618-CCBLBrewster-1,be306810-6b5d-11f1-bb15-89f1c00ac393,77.47653,,,8.54063,,,,,,,93573a9d-26bc-46cc-8648-aab8239aff84,2026-06-18,21:36:18.61,2026-06-18T17:36:18.6194944-04:00,2026-06-18T21:36:18.6194944Z,,v3,,,,"Jenkins, Owen",828215,Right,BRE_WHI,77f88415-19d7-480f-a655-eff929a99bc1,55.20195,-117.25886,13.80396,5.24694,2.13167,-15.87104,-2.98795,3.05431,4.07096,,,,,,,,,,,,,,,,,,,,,,,,,,,,,,,,,,,,,,,,,,,,,,,,,,,High,High,High,,,,,,,,,,,,,,,,,,,,,,,,,,,,,,,,,,,,,
70,2026-06-18,17:36:38.55,4,2,"Grim, Ethan",832561,Right,BRE_WHI,"Miller, Caden",832296,Left,HYA_HAR,Undefined,3,Top,2,0,1,Curveball,Slider,FoulBallNotFieldable,Undefined,Undefined,Undefined,0,0,,78.95048,1.070639,-2.389495,2405.887059,86.301066,9:00,5.21975,2.82199,5.05686,-47.36239,1.01476,-17.0869,2.28353,-0.85658,69.64071,-7.620281,-5.403326,0.500601,85.87823,43.127314,49.064178,4767.084059,66.44946,94.13167,87.66086,262.13661,116.19113,57.836561,5.499427,7.51315,0.60437,-2.58019,50,5.28474,5.47086,-113.91587,0.47256,9.42281,29.78668,-31.41604,BRE_WHI,HYA_HAR,CCBLBrewster,Cape Cod Baseball League,CCBL,20260618-CCBLBrewster-1,ca1636a0-6b5d-11f1-bb15-89f1c00ac393,75.29442,107.99845,,9.30977,,,,2.67737,2.96658,0.58387,93573a9d-26bc-46cc-8648-aab8239aff84,2026-06-18,21:36:38.55,2026-06-18T17:36:38.5564160-04:00,2026-06-18T21:36:38.5564160Z,FlyBall,v3,,,,"Jenkins, Owen",828215,Right,BRE_WHI,7f0ee86a-c850-4bfa-a769-af1efc0750a9,55.43578,-115.32846,14.89334,5.227,1.96241,-15.70802,-2.82904,5.02399,4.7114,,2.68168,60.14088,-19.09275,5.12724,-0.84904,0.0414,0.01349,-0.00253,0.00013,2.96159,86.19096,-19.96786,1.07625,-0.05149,-0.02531,0.0123,-0.0021,0.00012,0.58713,69.38084,-13.33423,2.88376,-0.33858,-0.02016,0.01396,-0.00185,9E-05,,,,,,,,,,,,,,,,,,,,,,,High,High,High,Medium,Low,,,,,,,,,,,,,,,,,,,,,,,,,,,,,,,,,,,
71,2026-06-18,17:37:19.71,4,3,"Grim, Ethan",832561,Right,BRE_WHI,"Miller, Caden",832296,Left,HYA_HAR,Undefined,3,Top,2,0,2,Fastball,Four-Seam,StrikeSwinging,Strikeout,Undefined,Undefined,0,0,,91.09664,-1.059798,-2.949059,2219.26223,200.986564,12:45,5.6722,2.5491,5.38815,-11.0389,24.05596,8.70847,3.75757,0.50837,81.33747,-3.255045,-1.40402,0.426376,,,,,,,,,,,,-5.3274,12.75331,-2.2917,50,5.57029,6.37075,-131.72889,-2.68453,-9.16767,33.36862,-10.22753,BRE_WHI,HYA_HAR,CCBLBrewster,Cape Cod Baseball League,CCBL,20260618-CCBLBrewster-1,e29210f0-6b5d-11f1-bb15-89f1c00ac393,88.40178,,,9.75917,,,,,,,93573a9d-26bc-46cc-8648-aab8239aff84,2026-06-18,21:37:19.71,2026-06-18T17:37:19.7184512-04:00,2026-06-18T21:37:19.7184512Z,,v3,,,,"Jenkins, Owen",828215,Right,BRE_WHI,ed346158-4357-4d11-8685-7c91b6c3a5ab,55.10367,-133.01543,16.68431,5.66619,-2.29021,-5.11377,-2.54414,6.72422,-4.58383,,,,,,,,,,,,,,,,,,,,,,,,,,,,,,,,,,,,,,,,,,,,,,,,,,,High,High,High,,,,,,,,,,,,,,,,,,,,,,,,,,,,,,,,,,,,,
72,2026-06-18,17:39:35.34,1,1,"St. Pierre, Brady",1000364925,Right,HYA_HAR,"Torres, Michael",803757,Left,BRE_WHI,Undefined,3,Bottom,0,0,0,Slider,Slider,StrikeSwinging,Undefined,Undefined,Undefined,0,0,,82.20463,-1.538041,-0.968035,2544.466656,162.050738,11:30,6.1345,0.10081,5.33071,-38.13156,4.85725,-1.05827,1.51326,-0.89572,74.33827,-8.527385,-1.156352,0.471899,,,,,,,,,,,,0.20827,3.4128,-0.0126,50,5.96852,2.05615,-119.04677,-4.53216,0.29332,26.81128,-27.36738,BRE_WHI,HYA_HAR,CCBLBrewster,Cape Cod Baseball League,CCBL,20260618-CCBLBrewster-1,3372dea0-6b5e-11f1-bb15-89f1c00ac393,79.87395,,,7.86637,,,,,,,93573a9d-26bc-46cc-8648-aab8239aff84,2026-06-18,21:39:35.34,2026-06-18T17:39:35.3420000-04:00,2026-06-18T21:39:35.3420000Z,,v3,,,,"Ortega, Efren",815707,Right,HYA_HAR,adc9feeb-8921-4c44-9d1a-6f04b6269181,55.16348,-120.20404,13.40564,6.13866,-3.35089,-13.68369,-0.10108,2.04349,0.14666,,,,,,,,,,,,,,,,,,,,,,,,,,,,,,,,,,,,,,,,,,,,,,,,,,,High,High,High,,,,,,,,,,,,,,,,,,,,,,,,,,,,,,,,,,,,,
73,2026-06-18,17:39:51.13,1,2,"St. Pierre, Brady",1000364925,Right,HYA_HAR,"Torres, Michael",803757,Left,BRE_WHI,Undefined,3,Bottom,0,0,1,Fastball,Four-Seam,BallCalled,Undefined,Undefined,Undefined,0,0,,84.97205,1.194662,0.675173,2015.092865,218.290176,1:15,5.99804,0.56949,5.465,-22.51545,18.2308,13.0415,5.24009,2.28821,74.89285,-3.11788,2.995266,0.459426,,,,,,,,,,,,-6.14469,9.12906,-0.63734,50,6.08848,-2.04834,-122.76943,1.89571,-9.04924,32.24004,-18.72973,BRE_WHI,HYA_HAR,CCBLBrewster,Cape Cod Baseball League,CCBL,20260618-CCBLBrewster-1,3cd7f5c0-6b5e-11f1-bb15-89f1c00ac393,82.04251,,,10.07921,,,,,,,93573a9d-26bc-46cc-8648-aab8239aff84,2026-06-18,21:39:51.13,2026-06-18T17:39:51.1310000-04:00,2026-06-18T21:39:51.1310000Z,,v3,,,,"Ortega, Efren",815707,Right,HYA_HAR,4b88d4b1-2931-465f-b61e-8523e1159f2f,55.02073,-124.0809,16.12002,5.99587,2.6576,-9.36486,-0.56151,-1.68023,-4.52462,,,,,,,,,,,,,,,,,,,,,,,,,,,,,,,,,,,,,,,,,,,,,,,,,,,High,High,High,,,,,,,,,,,,,,,,,,,,,,,,,,,,,,,,,,,,,
74,2026-06-18,17:40:08.06,1,3,"St. Pierre, Brady",1000364925,Right,HYA_HAR,"Torres, Michael",803757,Left,BRE_WHI,Undefined,3,Bottom,0,1,1,Fastball,Four-Seam,InPlay,Undefined,LineDrive,Out,1,0,,91.10626,-2.52531,-0.685768,2505.554623,192.379244,12:30,6.11845,0.12802,5.76581,-11.70221,22.54234,4.67784,2.79139,-0.1204,82.26718,-4.820509,0.151758,0.421179,86.1249,29.937956,-33.489194,4573.221621,88.83828,51.03416,-64.86688,291.44313,243.26242,-39.827997,3.830145,-2.60291,12.64422,-0.07419,50,5.90267,1.37468,-132.05356,-6.10709,-4.53837,31.42322,-10.12796,BRE_WHI,HYA_HAR,CCBLBrewster,Cape Cod Baseball League,CCBL,20260618-CCBLBrewster-1,46ed4a10-6b5e-11f1-bb15-89f1c00ac393,89.49259,57.45291,,8.83908,,,,0.94395,2.77312,0.16831,93573a9d-26bc-46cc-8648-aab8239aff84,2026-06-18,21:40:08.06,2026-06-18T17:40:08.0660000-04:00,2026-06-18T21:40:08.0660000Z,FlyBall,v3,,,,"Ortega, Efren",815707,Right,HYA_HAR,c83eecef-3741-4b5b-949e-79687013e120,54.72948,-133.17422,15.71161,6.11404,-5.7459,-5.06398,-0.12611,1.53653,-2.26919,141.332648,0.94382,91.29036,-18.69743,4.84804,-0.97307,0.18231,-0.03742,0.00582,-0.00039,2.77334,63.0367,-20.08425,1.38421,-0.23758,0.05545,-0.01491,0.00321,-0.0003,0.16853,-60.40532,5.30558,-0.97391,0.20616,-0.06863,0.02005,-0.00326,0.00021,,,,,,,,,,,,,,,,,,,,,,,High,High,High,High,Medium,,,,,,,,,,,,,,,,,,,,,,,,,,,,,,,,,,,
75,2026-06-18,17:40:41.52,2,1,"St. Pierre, Brady",1000364925,Right,HYA_HAR,"Peck, Alexander",828153,Right,BRE_WHI,Undefined,3,Bottom,1,0,0,Fastball,Four-Seam,StrikeCalled,Undefined,Undefined,Undefined,0,0,,91.21735,-2.714347,-1.893604,2402.944823,201.856143,12:45,6.1276,0.04535,5.84823,-10.65914,24.06108,9.06953,2.71386,-0.95906,80.86726,-4.868018,-0.268412,0.424095,,,,,,,,,,,,-5.25496,13.58796,0.10361,50,5.90048,3.93952,-131.84793,-6.43857,-8.97103,35.91488,-8.97728,BRE_WHI,HYA_HAR,CCBLBrewster,Cape Cod Baseball League,CCBL,20260618-CCBLBrewster-1,5ad9b130-6b5e-11f1-bb15-89f1c00ac393,88.87744,,,10.3501,,,,,,,93573a9d-26bc-46cc-8648-aab8239aff84,2026-06-18,21:40:41.52,2026-06-18T17:40:41.5200000-04:00,2026-06-18T21:40:41.5200000Z,,v3,,,,"Ortega, Efren",815707,Right,HYA_HAR,a31a745f-c940-4bb8-8a2e-290634f3ea99,54.6414,-133.10623,17.95744,6.12054,-6.12404,-4.48864,-0.03992,4.25383,-4.48552,,,,,,,,,,,,,,,,,,,,,,,,,,,,,,,,,,,,,,,,,,,,,,,,,,,High,High,High,,,,,,,,,,,,,,,,,,,,,,,,,,,,,,,,,,,,,
76,2026-06-18,17:40:56.45,2,2,"St. Pierre, Brady",1000364925,Right,HYA_HAR,"Peck, Alexander",828153,Right,BRE_WHI,Undefined,3,Bottom,1,0,1,Fastball,Four-Seam,InPlay,Undefined,LineDrive,Out,1,0,,88.64871,-3.191331,-0.228134,2314.936733,202.97763,12:45,6.12268,-0.19517,5.87611,-12.0541,24.50537,9.76367,2.1512,0.40659,79.04444,-5.590309,1.52361,0.435182,79.81415,11.902602,2.134073,1569.137456,109.77772,11.22578,6.98191,175.20044,151.96059,4.763426,1.77122,-5.05414,14.05997,0.20801,50,5.8579,0.0876,-128.24962,-7.39595,-8.19193,33.15882,-9.38516,BRE_WHI,HYA_HAR,CCBLBrewster,Cape Cod Baseball League,CCBL,20260618-CCBLBrewster-1,63c6d930-6b5e-11f1-bb15-89f1c00ac393,86.61297,11.92315,,9.60427,,,,0.66406,2.15,-0.42905,93573a9d-26bc-46cc-8648-aab8239aff84,2026-06-18,21:40:56.45,2026-06-18T17:40:56.4570000-04:00,2026-06-18T21:40:56.4570000Z,LineDrive,v3,,,,"Ortega, Efren",815707,Right,HYA_HAR,6ea94eed-fcde-4880-8053-45027564ca8a,54.61647,-129.4377,16.57941,6.11687,-7.05968,-4.69258,0.19961,0.38112,-4.09596,230.038429,0.66406,114.46432,-11.9929,2.13407,-0.4039,0.0695,-0.0119,0.00186,-0.00016,2.15,24.1434,-15.51895,0.82998,-0.12091,0.02338,-0.00219,0.00028,-4E-05,-0.42905,4.26521,3.24623,-0.70472,0.16001,-0.03219,0.00601,-0.00094,8E-05,,,,,,,,,,,,,,,,,,,,,,,High,High,High,High,High,,,,,,,,,,,,,,,,,,,,,,,,,,,,,,,,,,,
77,2026-06-18,17:41:32.09,3,1,"St. Pierre, Brady",1000364925,Right,HYA_HAR,"Abernathy, Jay",815337,Left,BRE_WHI,Undefined,3,Bottom,2,0,0,Cutter,Slider,StrikeCalled,Undefined,Undefined,Undefined,0,0,,83.21711,0.477654,0.63712,2539.968859,41.158147,7:15,6.14842,-0.03714,5.44267,-40.90187,0.51102,-0.79587,3.18719,0.49309,75.57088,-7.023194,0.495307,0.463169,,,,,,,,,,,,0.59354,0.58535,-0.01861,50,6.16284,-1.30802,-120.68903,-0.46321,0.86635,25.76828,-31.31965,BRE_WHI,HYA_HAR,CCBLBrewster,Cape Cod Baseball League,CCBL,20260618-CCBLBrewster-1,7905ff10-6b5e-11f1-bb15-89f1c00ac393,81.37949,,,7.64623,,,,,,,93573a9d-26bc-46cc-8648-aab8239aff84,2026-06-18,21:41:32.09,2026-06-18T17:41:32.0940000-04:00,2026-06-18T21:41:32.0940000Z,,v3,,,,"Ortega, Efren",815707,Right,HYA_HAR,0f96bd6f-8e7d-4e12-835d-70b13800508b,55.05209,-121.76292,12.88414,6.15495,0.84203,-15.65983,0.03666,-1.34413,0.43317,,,,,,,,,,,,,,,,,,,,,,,,,,,,,,,,,,,,,,,,,,,,,,,,,,,High,High,High,,,,,,,,,,,,,,,,,,,,,,,,,,,,,,,,,,,,,
78,2026-06-18,17:41:46.56,3,2,"St. Pierre, Brady",1000364925,Right,HYA_HAR,"Abernathy, Jay",815337,Left,BRE_WHI,Undefined,3,Bottom,2,0,1,Fastball,Changeup,FoulBallNotFieldable,Undefined,Undefined,Undefined,0,0,,87.77833,-2.145164,-0.950704,1869.409873,256.941138,2:30,5.87984,0.42706,5.30052,-32.55455,4.55256,14.5782,1.15191,0.74932,80.64512,-8.074388,1.642419,0.43843,,,,,,,,,,,,-7.59201,3.22953,-0.35174,50,5.66121,1.46939,-127.35619,-5.99612,-12.46062,26.32225,-26.87348,BRE_WHI,HYA_HAR,CCBLBrewster,Cape Cod Baseball League,CCBL,20260618-CCBLBrewster-1,81a68db0-6b5e-11f1-bb15-89f1c00ac393,85.97147,,,7.1332,,,,,,,93573a9d-26bc-46cc-8648-aab8239aff84,2026-06-18,21:41:46.56,2026-06-18T17:41:46.5640000-04:00,2026-06-18T21:41:46.5640000Z,,v3,,,,"Ortega, Efren",815707,Right,HYA_HAR,77570bdc-0697-4147-a763-9b0ab7eeb668,55.19753,-128.42594,13.16113,5.8827,-4.90397,-13.43674,-0.42175,1.9758,-6.23031,,,,,,,,,,,,,,,,,,,,,,,,,,,,,,,,,,,,,,,,,,,,,,,,,,,High,High,High,,,,,,,,,,,,,,,,,,,,,,,,,,,,,,,,,,,,,
79,2026-06-18,17:42:09.94,3,3,"St. Pierre, Brady",1000364925,Right,HYA_HAR,"Abernathy, Jay",815337,Left,BRE_WHI,Undefined,3,Bottom,2,0,2,Cutter,Slider,StrikeSwinging,Strikeout,Undefined,Undefined,0,0,,85.65209,-0.979887,1.01171,2771.388373,134.405686,10:30,6.06342,0.04606,5.3347,-34.91474,3.87268,-2.7378,2.23431,0.76718,78.78246,-7.350176,0.524734,0.448247,,,,,,,,,,,,1.64114,2.59669,-0.13537,50,5.95004,-2.07613,-124.34131,-3.41735,2.57603,24.31891,-28.0981,BRE_WHI,HYA_HAR,CCBLBrewster,Cape Cod Baseball League,CCBL,20260618-CCBLBrewster-1,8f9572b0-6b5e-11f1-bb15-89f1c00ac393,84.08863,,,6.86963,,,,,,,93573a9d-26bc-46cc-8648-aab8239aff84,2026-06-18,21:42:09.94,2026-06-18T17:42:09.9460000-04:00,2026-06-18T21:42:09.9460000Z,,v3,,,,"Ortega, Efren",815707,Right,HYA_HAR,613ae5f4-b8a9-4bae-8e17-945018f90e8b,55.16173,-125.34679,12.15946,6.06732,-2.25562,-14.04905,-0.04733,-2.18264,1.28802,,,,,,,,,,,,,,,,,,,,,,,,,,,,,52.15409,3.179844,1.772032,1.407813,-2.3216,1.73601,-0.80031,-2.09914,3.99281,3.96102,80.99755,3.03605,-43.79417,-2.09374,61.90714,-2.05314,4.04349,21.88455,-16.1203,3.92655,-38.45328,3.27479,High,High,High,,,High,High,High,,,,,,,,,,,,,,,,,,,,,,,,,,,,,,,,
80,2026-06-18,17:45:11.88,1,1,"Whritenour, Joshua",813963,Right,BRE_WHI,"Embury, Jon",810993,Right,HYA_HAR,Undefined,4,Top,0,0,0,Slider,Cutter,StrikeCalled,Undefined,Undefined,Undefined,0,0,,88.30955,-1.051334,-1.957594,2524.499308,148.838535,11:00,5.71083,1.0556,5.45102,-31.38683,6.20658,-2.82335,2.11038,-1.013,78.57181,-6.874966,-2.460309,0.441293,,,,,,,,,,,,0.67862,3.98134,-0.88092,50,5.59719,4.49383,-127.65708,-3.48842,1.08473,33.9565,-25.81027,BRE_WHI,HYA_HAR,CCBLBrewster,Cape Cod Baseball League,CCBL,20260618-CCBLBrewster-1,fc065f90-6b5e-11f1-bb15-89f1c00ac393,85.41356,,,9.73774,,,,,,,93573a9d-26bc-46cc-8648-aab8239aff84,2026-06-18,21:45:11.88,2026-06-18T17:45:11.8820000-04:00,2026-06-18T21:45:11.8820000Z,,v3,,,,"Jenkins, Owen",828215,Right,BRE_WHI,1d71ca54-921d-4fb4-851e-79cfbe044ba5,55.03902,-128.99049,16.97825,5.71427,-2.4749,-12.90513,-1.05655,4.45123,0.54237,,,,,,,,,,,,,,,,,,,,,,,,,,,,,,,,,,,,,,,,,,,,,,,,,,,High,High,High,,,,,,,,,,,,,,,,,,,,,,,,,,,,,,,,,,,,,
81,2026-06-18,17:45:27.04,1,2,"Whritenour, Joshua",813963,Right,BRE_WHI,"Embury, Jon",810993,Right,HYA_HAR,Undefined,4,Top,0,0,1,Fastball,Four-Seam,BallCalled,Undefined,Undefined,Undefined,0,0,,96.70261,-4.377471,-2.617166,2430.40919,208.038767,1:00,5.99673,0.84292,5.74465,-7.81914,22.60222,11.4691,1.25739,-0.63966,87.70355,-5.945479,-0.567636,0.396973,,,,,,,,,,,,-6.58536,13.08749,-0.63233,50,5.62728,5.84846,-139.84159,-10.86024,-12.95762,33.40492,-6.42255,BRE_WHI,HYA_HAR,CCBLBrewster,Cape Cod Baseball League,CCBL,20260618-CCBLBrewster-1,05047780-6b5f-11f1-bb15-89f1c00ac393,94.94968,,,8.99907,,,,,,,93573a9d-26bc-46cc-8648-aab8239aff84,2026-06-18,21:45:27.04,2026-06-18T17:45:27.0430000-04:00,2026-06-18T21:45:27.0430000Z,,v3,,,,"Jenkins, Owen",828215,Right,BRE_WHI,45c9cab2-a682-4d3f-b1e2-7b41a06554b2,54.75111,-140.97196,16.70246,5.99109,-10.64291,-3.21127,-0.83765,6.28693,-6.47881,,,,,,,,,,,,,,,,,,,,,,,,,,,,,,,,,,,,,,,,,,,,,,,,,,,High,High,High,,,,,,,,,,,,,,,,,,,,,,,,,,,,,,,,,,,,,
82,2026-06-18,17:45:44.07,1,3,"Whritenour, Joshua",813963,Right,BRE_WHI,"Embury, Jon",810993,Right,HYA_HAR,Undefined,4,Top,0,1,1,Fastball,Four-Seam,FoulBallNotFieldable,Undefined,Undefined,Undefined,0,0,,95.82318,-2.364583,-1.320135,2370.648575,198.709116,12:30,6.10511,0.75325,5.70772,-8.84,22.23367,7.14756,3.1636,0.11874,86.30276,-4.134682,-0.042256,0.401206,,,,,,,,,,,,-4.05736,12.38481,-0.64724,50,5.90187,2.86517,-138.85226,-5.92208,-7.80946,35.18162,-8.33622,BRE_WHI,HYA_HAR,CCBLBrewster,Cape Cod Baseball League,CCBL,20260618-CCBLBrewster-1,0f2ae2d0-6b5f-11f1-bb15-89f1c00ac393,93.94774,,,9.52041,,,,,,,93573a9d-26bc-46cc-8648-aab8239aff84,2026-06-18,21:45:44.07,2026-06-18T17:45:44.0720000-04:00,2026-06-18T21:45:44.0720000Z,,v3,,,,"Jenkins, Owen",828215,Right,BRE_WHI,6c37255d-b3f1-4644-a62a-ec433026eb07,54.78756,-140.06006,17.59081,6.10026,-5.63589,-4.16811,-0.7502,3.13327,-3.90473,,,,,,,,,,,,,,,,,,,,,,,,,,,,,,,,,,,,,,,,,,,,,,,,,,,High,High,High,,,,,,,,,,,,,,,,,,,,,,,,,,,,,,,,,,,,,
83,2026-06-18,17:46:13.04,1,4,"Whritenour, Joshua",813963,Right,BRE_WHI,"Embury, Jon",810993,Right,HYA_HAR,Undefined,4,Top,0,1,2,ChangeUp,Slider,BallCalled,Undefined,Undefined,Undefined,0,0,,88.67481,-2.25475,-3.118129,2572.360573,273.610962,3:00,5.80271,1.09904,5.60491,-36.49144,1.59945,3.84685,0.65282,-1.49392,77.31386,-9.026738,-2.431191,0.444203,,,,,,,,,,,,-3.34894,2.33343,-0.83464,50,5.58668,6.78367,-127.72915,-6.36678,-5.21681,40.24142,-28.53914,BRE_WHI,HYA_HAR,CCBLBrewster,Cape Cod Baseball League,CCBL,20260618-CCBLBrewster-1,207798d0-6b5f-11f1-bb15-89f1c00ac393,84.854,,,11.36096,,,,,,,93573a9d-26bc-46cc-8648-aab8239aff84,2026-06-18,21:46:13.04,2026-06-18T17:46:13.0400000-04:00,2026-06-18T21:46:13.0400000Z,,v3,,,,"Jenkins, Owen",828215,Right,BRE_WHI,6ed0e7e8-0542-4abe-94a6-08f20f92c1a1,54.88382,-129.25866,20.12071,5.80806,-5.28206,-14.26957,-1.09625,6.98195,-2.60841,,,,,,,,,,,,,,,,,,,,,,,,,,,,,,,,,,,,,,,,,,,,,,,,,,,High,High,High,,,,,,,,,,,,,,,,,,,,,,,,,,,,,,,,,,,,,
84,2026-06-18,17:46:29.75,1,5,"Whritenour, Joshua",813963,Right,BRE_WHI,"Embury, Jon",810993,Right,HYA_HAR,Undefined,4,Top,0,2,2,Slider,Slider,BallCalled,Undefined,Undefined,Undefined,0,0,,88.40455,-0.52418,-0.253933,2648.039893,224.738939,1:30,5.96885,1.25094,5.43814,-31.1901,5.38221,4.12166,2.87883,1.35663,80.45531,-6.265787,0.480361,0.435259,,,,,,,,,,,,-2.14189,3.24311,-1.23138,50,5.90119,0.38346,-128.25998,-2.32751,-3.54373,28.20831,-26.80834,BRE_WHI,HYA_HAR,CCBLBrewster,Cape Cod Baseball League,CCBL,20260618-CCBLBrewster-1,2a7175e0-6b5f-11f1-bb15-89f1c00ac393,86.59775,,,7.94924,,,,,,,93573a9d-26bc-46cc-8648-aab8239aff84,2026-06-18,21:46:29.75,2026-06-18T17:46:29.7580000-04:00,2026-06-18T21:46:29.7580000Z,,v3,,,,"Jenkins, Owen",828215,Right,BRE_WHI,32c9ff49-ffb9-443a-82df-cf7acc2a343b,55.0571,-129.36742,14.10416,5.97191,-1.27504,-13.40417,-1.24917,0.52259,-1.77187,,,,,,,,,,,,,,,,,,,,,,,,,,,,,,,,,,,,,,,,,,,,,,,,,,,High,High,High,,,,,,,,,,,,,,,,,,,,,,,,,,,,,,,,,,,,,
85,2026-06-18,17:46:50.95,1,6,"Whritenour, Joshua",813963,Right,BRE_WHI,"Embury, Jon",810993,Right,HYA_HAR,Undefined,4,Top,0,3,2,Fastball,Four-Seam,InPlay,Undefined,LineDrive,Single,0,0,,96.89598,-3.712431,-1.275392,2419.669511,217.851678,1:15,6.06805,0.75558,5.81189,-8.70272,21.80304,16.03367,1.88513,0.9056,86.88287,-5.459744,1.597303,0.397523,68.41499,19.926007,-13.244683,985.151167,107.02445,20.02341,-25.41057,192.95324,189.24665,-13.342256,2.309338,-8.64351,12.73327,-0.6609,50,5.75871,2.37531,-140.21363,-9.27953,-16.85593,37.73858,-7.34265,BRE_WHI,HYA_HAR,CCBLBrewster,Cape Cod Baseball League,CCBL,20260618-CCBLBrewster-1,3704e990-6b5f-11f1-bb15-89f1c00ac393,94.81821,20.3303,,10.01311,,,,1.83016,2.00277,-0.85965,93573a9d-26bc-46cc-8648-aab8239aff84,2026-06-18,21:46:50.95,2026-06-18T17:46:50.9570000-04:00,2026-06-18T21:46:50.9570000Z,LineDrive,v3,,,,"Jenkins, Owen",828215,Right,BRE_WHI,175f11b1-c984-4aee-b298-2efe9aeb3f36,54.68407,-141.46873,18.86929,6.06327,-9.03533,-3.67133,-0.74922,2.9359,-8.42796,190.457952,1.83011,91.8281,-7.42692,1.65308,-0.44583,0.22177,-0.12141,0.03798,-0.00454,2.00282,34.19456,-16.7103,0.76894,-0.00635,-0.11447,0.0844,-0.02359,0.00227,-0.85965,-21.61252,2.14037,-0.61794,0.05693,0.04107,-0.01507,0.00079,0.00016,,,,,,,,,,,,,,,,,,,,,,,High,High,High,High,High,,,,,,,,,,,,,,,,,,,,,,,,,,,,,,,,,,,
86,2026-06-18,17:47:29.03,2,1,"Whritenour, Joshua",813963,Right,BRE_WHI,"Bates, Charlie",807287,Left,HYA_HAR,Undefined,4,Top,0,0,0,Fastball,Four-Seam,FoulBallNotFieldable,Undefined,Undefined,Undefined,0,0,,95.91141,-2.657637,-2.575843,2435.014458,218.069569,1:15,6.06129,0.88754,5.84002,-12.34036,18.70989,13.73347,2.55876,-0.3635,86.04746,-5.064016,-0.115932,0.401055,,,,,,,,,,,,-7.843,10.75666,-0.68571,50,5.83749,5.60211,-138.81517,-6.78238,-15.02041,36.43834,-11.57358,BRE_WHI,HYA_HAR,CCBLBrewster,Cape Cod Baseball League,CCBL,20260618-CCBLBrewster-1,4dc0c460-6b5f-11f1-bb15-89f1c00ac393,93.98319,,,9.86395,,,,,,,93573a9d-26bc-46cc-8648-aab8239aff84,2026-06-18,21:47:29.03,2026-06-18T17:47:29.0350000-04:00,2026-06-18T21:47:29.0350000Z,,v3,,,,"Jenkins, Owen",828215,Right,BRE_WHI,032e30f5-fbc8-4f52-ba20-97545b1fb8e5,54.65443,-140.0316,18.21917,6.05746,-6.39601,-5.78679,-0.8811,6.10355,-7.51021,,,,,,,,,,,,,,,,,,,,,,,,,,,,,,,,,,,,,,,,,,,,,,,,,,,High,High,High,,,,,,,,,,,,,,,,,,,,,,,,,,,,,,,,,,,,,
87,2026-06-18,17:47:50.79,2,2,"Whritenour, Joshua",813963,Right,BRE_WHI,"Bates, Charlie",807287,Left,HYA_HAR,Undefined,4,Top,0,0,1,Fastball,Four-Seam,StrikeSwinging,Undefined,Undefined,Undefined,0,0,,96.29639,-1.480676,-2.335943,2440.756566,220.221061,1:15,6.01875,0.77956,5.65658,-12.01036,19.3097,15.24284,3.63561,-0.12982,85.34762,-3.84871,0.385532,0.402794,,,,,,,,,,,,-8.47071,10.62115,-0.59118,50,5.88602,4.92193,-139.24756,-3.90956,-16.14364,39.81236,-11.93203,BRE_WHI,HYA_HAR,CCBLBrewster,Cape Cod Baseball League,CCBL,20260618-CCBLBrewster-1,5ab802f0-6b5f-11f1-bb15-89f1c00ac393,93.57754,,,10.94877,,,,,,,93573a9d-26bc-46cc-8648-aab8239aff84,2026-06-18,21:47:50.79,2026-06-18T17:47:50.7900000-04:00,2026-06-18T21:47:50.7900000Z,,v3,,,,"Jenkins, Owen",828215,Right,BRE_WHI,a353f721-fbc1-4f4d-8fd1-9fd8567b1352,54.83417,-140.62291,19.90618,6.01396,-3.49736,-5.96601,-0.77085,5.47962,-8.07182,,,,,,,,,,,,,,,,,,,,,,,,,,,,,,,,,,,,,,,,,,,,,,,,,,,High,High,High,,,,,,,,,,,,,,,,,,,,,,,,,,,,,,,,,,,,,
88,2026-06-18,17:48:12.28,2,3,"Whritenour, Joshua",813963,Right,BRE_WHI,"Bates, Charlie",807287,Left,HYA_HAR,Undefined,4,Top,0,0,2,Fastball,Four-Seam,InPlay,Undefined,Popup,FieldersChoice,1,0,,96.19314,-2.790635,-2.038905,2359.763586,197.457705,12:30,6.05933,0.67586,5.76249,-7.51134,24.32427,7.18339,2.83241,-0.62396,83.88886,-4.390526,-0.754198,0.406095,,,,,,,,,,,,-4.50587,13.93205,-0.51144,50,5.82415,4.59503,-138.80279,-6.84431,-8.37324,44.77213,-6.28419,BRE_WHI,HYA_HAR,CCBLBrewster,Cape Cod Baseball League,CCBL,20260618-CCBLBrewster-1,6786aae0-6b5f-11f1-bb15-89f1c00ac393,92.81669,,,12.30427,,,,,,,93573a9d-26bc-46cc-8648-aab8239aff84,2026-06-18,21:48:12.28,2026-06-18T17:48:12.2820000-04:00,2026-06-18T21:48:12.2820000Z,,v3,,,,"Jenkins, Owen",828215,Right,BRE_WHI,cd5f15b7-ac13-4e36-87ca-bc0df611fab9,54.72755,-140.31942,22.38606,6.0524,-6.63144,-3.14209,-0.6719,4.87866,-4.18662,,,,,,,,,,,,,,,,,,,,,,,,,,,,,,,,,,,,,,,,,,,,,,,,,,,High,High,High,,,,,,,,,,,,,,,,,,,,,,,,,,,,,,,,,,,,,
89,2026-06-18,17:48:54.00,3,1,"Whritenour, Joshua",813963,Right,BRE_WHI,"Hawsey, Trey",842078,Left,HYA_HAR,Undefined,4,Top,1,0,0,Fastball,Four-Seam,FoulBallNotFieldable,Undefined,Undefined,Undefined,0,0,,95.37535,-2.35494,-2.014047,2373.055218,199.742904,12:45,6.11379,0.78358,5.66261,-8.09745,23.76816,8.0663,3.24053,-0.42301,84.73659,-4.02258,-0.573987,0.406287,,,,,,,,,,,,-4.79685,13.22977,-0.61845,50,5.90992,4.46355,-137.92844,-5.80039,-8.98621,38.55185,-7.38988,BRE_WHI,HYA_HAR,CCBLBrewster,Cape Cod Baseball League,CCBL,20260618-CCBLBrewster-1,80662900-6b5f-11f1-bb15-89f1c00ac393,92.77304,,,10.63876,,,,,,,93573a9d-26bc-46cc-8648-aab8239aff84,2026-06-18,21:48:54.00,2026-06-18T17:48:54.0090000-04:00,2026-06-18T21:48:54.0090000Z,,v3,,,,"Jenkins, Owen",828215,Right,BRE_WHI,57143fd3-199f-4232-af47-229e443c5dc2,54.82989,-139.27188,19.27593,6.10756,-5.54287,-3.69494,-0.77945,4.7767,-4.49311,,,,,,,,,,,,,,,,,,,,,,,,,,,,,,,,,,,,,,,,,,,,,,,,,,,High,High,High,,,,,,,,,,,,,,,,,,,,,,,,,,,,,,,,,,,,,
90,2026-06-18,17:49:25.45,3,2,"Whritenour, Joshua",813963,Right,BRE_WHI,"Hawsey, Trey",842078,Left,HYA_HAR,Undefined,4,Top,1,0,1,Fastball,Four-Seam,InPlay,Undefined,FlyBall,Out,1,0,,95.63794,-1.484414,-2.253259,2313.679574,209.876503,1:00,6.01397,0.86083,5.84619,-14.94662,16.45509,8.73729,3.38765,-0.50598,85.17472,-4.37609,-0.687766,0.403318,80.99103,53.521123,20.534767,,105.5652,117.12348,30.91853,244.02206,135.1611,13.797461,5.6542,-5.25362,9.27284,-0.68265,50,5.8847,5.03826,-138.43123,-4.03337,-9.92531,38.50561,-14.65548,BRE_WHI,HYA_HAR,CCBLBrewster,Cape Cod Baseball League,CCBL,20260618-CCBLBrewster-1,931f4040-6b5f-11f1-bb15-89f1c00ac393,93.45579,123.26934,,10.46322,,,,1.42367,3.48946,0.52348,93573a9d-26bc-46cc-8648-aab8239aff84,2026-06-18,21:49:25.45,2026-06-18T17:49:25.4510000-04:00,2026-06-18T21:49:25.4510000Z,FlyBall,v3,,,,"Jenkins, Owen",828215,Right,BRE_WHI,b8598ac5-803a-4e3f-97fb-f9014790fcf3,54.64687,-139.71781,19.25281,6.01129,-3.54369,-7.32774,-0.85653,5.36989,-4.96266,160.922638,1.42647,66.08591,-11.63095,2.59827,-0.32597,0.00085,0.00616,-0.00072,2E-05,3.48994,95.48733,-22.80183,2.0073,-0.16309,-0.06886,0.02823,-0.00412,0.00022,0.5248,24.75158,-7.86883,1.99666,-0.28777,0.00259,0.00744,-0.00116,6E-05,,,,,,,,,,,,,,,,,,,,,,,High,High,High,Medium,Low,,,,,,,,,,,,,,,,,,,,,,,,,,,,,,,,,,,
91,2026-06-18,17:50:03.89,4,1,"Whritenour, Joshua",813963,Right,BRE_WHI,"Lodise, Jordan",838363,Right,HYA_HAR,Undefined,4,Top,2,0,0,Fastball,Four-Seam,BallCalled,Undefined,Undefined,Undefined,0,0,,94.2325,-2.531495,-3.436366,2345.638001,216.569059,1:15,6.052,0.80366,5.85142,-14.4504,18.0408,12.40064,2.48986,-1.35972,83.79628,-5.341105,-1.217411,0.410255,,,,,,,,,,,,-7.48532,10.44493,-0.53116,50,5.83761,7.58791,-136.1264,-6.42535,-13.66444,37.43284,-13.10681,BRE_WHI,HYA_HAR,CCBLBrewster,Cape Cod Baseball League,CCBL,20260618-CCBLBrewster-1,aa12f3f0-6b5f-11f1-bb15-89f1c00ac393,91.87555,,,10.43622,,,,,,,93573a9d-26bc-46cc-8648-aab8239aff84,2026-06-18,21:50:03.89,2026-06-18T17:50:03.8990000-04:00,2026-06-18T21:50:03.8990000Z,,v3,,,,"Jenkins, Owen",828215,Right,BRE_WHI,362a83cc-83a4-4564-8675-b1c3b4853034,54.63977,-137.39635,18.71642,6.04806,-5.98069,-6.55341,-0.79645,8.05149,-6.83222,,,,,,,,,,,,,,,,,,,,,,,,,,,,,,,,,,,,,,,,,,,,,,,,,,,High,High,High,,,,,,,,,,,,,,,,,,,,,,,,,,,,,,,,,,,,,
92,2026-06-18,17:50:20.55,4,2,"Whritenour, Joshua",813963,Right,BRE_WHI,"Lodise, Jordan",838363,Right,HYA_HAR,Undefined,4,Top,2,1,0,Slider,Slider,StrikeCalled,Undefined,Undefined,Undefined,0,0,,89.35893,-1.68533,-1.732954,2621.415313,224.422443,1:30,5.69484,1.18262,5.74218,-31.12281,5.4465,3.79044,1.53095,-0.11549,79.02417,-7.49585,-1.05384,0.435241,,,,,,,,,,,,-2.58618,3.91307,-1.04076,50,5.53635,3.73405,-129.13576,-4.90403,-4.19793,36.58115,-25.82229,BRE_WHI,HYA_HAR,CCBLBrewster,Cape Cod Baseball League,CCBL,20260618-CCBLBrewster-1,b40556f0-6b5f-11f1-bb15-89f1c00ac393,86.60131,,,10.33475,,,,,,,93573a9d-26bc-46cc-8648-aab8239aff84,2026-06-18,21:50:20.55,2026-06-18T17:50:20.5570000-04:00,2026-06-18T21:50:20.5570000Z,,v3,,,,"Jenkins, Owen",828215,Right,BRE_WHI,21e49351-0cc0-48a6-9a39-293b723b2b5e,54.74696,-130.47353,18.29057,5.69843,-3.95971,-12.91115,-1.18013,3.88757,-2.09897,,,,,,,,,,,,,,,,,,,,,,,,,,,,,,,,,,,,,,,,,,,,,,,,,,,High,High,High,,,,,,,,,,,,,,,,,,,,,,,,,,,,,,,,,,,,,
93,2026-06-18,17:52:47.16,1,1,"St. Pierre, Brady",1000364925,Right,HYA_HAR,"Carney, Frankie",805148,Left,BRE_WHI,Undefined,4,Bottom,0,0,0,Cutter,Slider,BallCalled,Undefined,Undefined,Undefined,0,0,,84.71344,-3.545303,-0.821299,2503.059068,156.921677,11:15,6.04064,0.18344,5.55817,-33.22655,5.90992,-2.04445,-0.04511,-0.7543,78.88823,-9.574411,-1.186899,0.450259,,,,,,,,,,,,0.84287,4.19103,-0.11111,50,5.71193,1.84395,-122.94582,-8.77095,1.30309,22.08182,-25.69476,BRE_WHI,HYA_HAR,CCBLBrewster,Cape Cod Baseball League,CCBL,20260618-CCBLBrewster-1,0b5db8c0-6b60-11f1-bb15-89f1c00ac393,83.71282,,,5.82521,,,,,,,93573a9d-26bc-46cc-8648-aab8239aff84,2026-06-18,21:52:47.16,2026-06-18T17:52:47.1630000-04:00,2026-06-18T21:52:47.1630000Z,,v3,,,,"Ortega, Efren",815707,Right,HYA_HAR,f58d25d7-0166-467b-a170-1cb06bc8d482,54.94142,-123.83015,11.04091,6.04258,-7.74193,-12.84738,-0.18391,1.79177,0.65155,,,,,,,,,,,,,,,,,,,,,,,,,,,,,,,,,,,,,,,,,,,,,,,,,,,High,High,High,,,,,,,,,,,,,,,,,,,,,,,,,,,,,,,,,,,,,
94,2026-06-18,17:53:21.23,1,2,"St. Pierre, Brady",1000364925,Right,HYA_HAR,"Carney, Frankie",805148,Left,BRE_WHI,Undefined,4,Bottom,0,1,0,Cutter,Slider,BallCalled,Undefined,Undefined,Undefined,0,0,,82.85019,-1.159976,-0.860041,2585.420124,104.196406,9:30,6.0552,0.25921,5.38939,-39.41967,2.38343,-3.84252,1.68281,-0.86711,75.62688,-8.359436,-1.544601,0.465346,,,,,,,,,,,,1.66744,1.9824,-0.17964,50,5.92408,1.96502,-120.15641,-3.83443,2.41659,25.16648,-29.30102,BRE_WHI,HYA_HAR,CCBLBrewster,Cape Cod Baseball League,CCBL,20260618-CCBLBrewster-1,1fb31ae0-6b60-11f1-bb15-89f1c00ac393,80.99882,,,7.22331,,,,,,,93573a9d-26bc-46cc-8648-aab8239aff84,2026-06-18,21:53:21.23,2026-06-18T17:53:21.2380000-04:00,2026-06-18T21:53:21.2380000Z,,v3,,,,"Ortega, Efren",815707,Right,HYA_HAR,a3853030-e4c6-4132-9e96-6ec6fae46692,55.10647,-121.22123,12.58324,6.0601,-2.59468,-14.65051,-0.26062,1.86277,1.20829,,,,,,,,,,,,,,,,,,,,,,,,,,,,,,,,,,,,,,,,,,,,,,,,,,,High,High,High,,,,,,,,,,,,,,,,,,,,,,,,,,,,,,,,,,,,,
95,2026-06-18,17:53:43.73,1,3,"St. Pierre, Brady",1000364925,Right,HYA_HAR,"Carney, Frankie",805148,Left,BRE_WHI,Undefined,4,Bottom,0,2,0,Fastball,Four-Seam,BallCalled,Undefined,Undefined,Undefined,0,0,,89.95026,-2.107054,-0.853115,2453.557057,197.245113,12:30,6.23488,-0.04089,5.99182,-11.79666,23.59627,6.87544,3.2981,-0.25858,79.90388,-4.472533,0.383001,0.428183,,,,,,,,,,,,-3.77996,13.18296,0.10465,50,6.0621,1.62915,-130.17802,-5.00689,-6.30087,34.6071,-10.19917,BRE_WHI,HYA_HAR,CCBLBrewster,Cape Cod Baseball League,CCBL,20260618-CCBLBrewster-1,2d1b91d0-6b60-11f1-bb15-89f1c00ac393,88.02878,,,10.04638,,,,,,,93573a9d-26bc-46cc-8648-aab8239aff84,2026-06-18,21:53:43.73,2026-06-18T17:53:43.7330000-04:00,2026-06-18T21:53:43.7330000Z,,v3,,,,"Ortega, Efren",815707,Right,HYA_HAR,1f6fd4ec-e5ec-4805-938c-78d4714ecbc4,54.49754,-131.36823,17.30355,6.22827,-4.65612,-5.09959,0.04489,1.84585,-3.15044,,,,,,,,,,,,,,,,,,,,,,,,,,,,,,,,,,,,,,,,,,,,,,,,,,,High,High,High,,,,,,,,,,,,,,,,,,,,,,,,,,,,,,,,,,,,,
96,2026-06-18,17:54:04.43,1,4,"St. Pierre, Brady",1000364925,Right,HYA_HAR,"Carney, Frankie",805148,Left,BRE_WHI,Undefined,4,Bottom,0,3,0,Fastball,Four-Seam,StrikeCalled,Undefined,Undefined,Undefined,0,0,,91.41546,-2.756623,-0.629912,2462.602896,200.73278,12:45,6.06281,0.0951,5.85989,-9.85847,24.74797,8.81288,2.67821,0.24428,80.8864,-4.769683,0.950552,0.423399,,,,,,,,,,,,-4.66233,13.96796,-0.04882,50,5.83335,1.04295,-132.15828,-6.50737,-7.97738,36.70026,-8.27449,BRE_WHI,HYA_HAR,CCBLBrewster,Cape Cod Baseball League,CCBL,20260618-CCBLBrewster-1,396ea120-6b60-11f1-bb15-89f1c00ac393,89.02344,,,10.52906,,,,,,,93573a9d-26bc-46cc-8648-aab8239aff84,2026-06-18,21:54:04.43,2026-06-18T17:54:04.4320000-04:00,2026-06-18T21:54:04.4320000Z,,v3,,,,"Ortega, Efren",815707,Right,HYA_HAR,98ae58e4-dd77-4d10-9c60-e0002a5a10e4,54.62908,-133.43758,18.35013,6.05515,-6.21894,-4.13725,-0.09002,1.32103,-3.98869,,,,,,,,,,,,,,,,,,,,,,,,,,,,,,,,,,,,,,,,,,,,,,,,,,,High,High,High,,,,,,,,,,,,,,,,,,,,,,,,,,,,,,,,,,,,,
97,2026-06-18,17:54:17.41,1,5,"St. Pierre, Brady",1000364925,Right,HYA_HAR,"Carney, Frankie",805148,Left,BRE_WHI,Undefined,4,Bottom,0,3,1,Fastball,Four-Seam,BallCalled,Walk,Undefined,Undefined,0,0,,90.1084,-1.582379,-0.217939,2383.217685,221.402479,1:30,6.04724,0.19817,5.67393,-18.99466,15.96469,13.0219,2.98878,1.08015,81.78002,-5.168026,2.110397,0.425552,,,,,,,,,,,,-6.62886,8.92272,-0.18789,50,5.90202,-0.08806,-130.7094,-4.21228,-11.37361,29.671,-16.86472,BRE_WHI,HYA_HAR,CCBLBrewster,Cape Cod Baseball League,CCBL,20260618-CCBLBrewster-1,4129b1c0-6b60-11f1-bb15-89f1c00ac393,88.57297,,,8.32838,,,,,,,93573a9d-26bc-46cc-8648-aab8239aff84,2026-06-18,21:54:17.41,2026-06-18T17:54:17.4100000-04:00,2026-06-18T21:54:17.4100000Z,,v3,,,,"Ortega, Efren",815707,Right,HYA_HAR,a9e2b642-a49e-4b04-891b-8cd899305fb9,54.82059,-131.79913,14.8355,6.04535,-3.59288,-8.43236,-0.19232,0.32966,-5.6868,,,,,,,,,,,,,,,,,,,,,,,,,,,,,,,,,,,,,,,,,,,,,,,,,,,High,High,High,,,,,,,,,,,,,,,,,,,,,,,,,,,,,,,,,,,,,
98,2026-06-18,17:54:57.91,2,1,"St. Pierre, Brady",1000364925,Right,HYA_HAR,"Laskofski, Jamie",842027,Left,BRE_WHI,Undefined,4,Bottom,0,0,0,Cutter,Slider,StrikeCalled,Undefined,Undefined,StolenBase,0,0,,82.06484,-0.531636,-0.572111,2591.495276,162.294338,11:30,6.04668,0.37978,5.24445,-38.62876,4.65721,-0.97193,2.32798,-0.23887,73.98904,-7.622039,-0.744729,0.473527,,,,,,,,,,,,0.29091,3.00717,-0.32652,50,5.96977,1.22877,-118.84225,-2.47744,0.40815,26.81286,-27.95511,BRE_WHI,HYA_HAR,CCBLBrewster,Cape Cod Baseball League,CCBL,20260618-CCBLBrewster-1,594fcaf0-6b60-11f1-bb15-89f1c00ac393,79.5993,,,8.07581,,,,,,,93573a9d-26bc-46cc-8648-aab8239aff84,2026-06-18,21:54:57.91,2026-06-18T17:54:57.9140000-04:00,2026-06-18T21:54:57.9140000Z,,v3,,,,"Ortega, Efren",815707,Right,HYA_HAR,507aef50-2562-42a0-83da-4fdb29e0a6b8,55.24827,-120.02051,13.40643,6.05165,-1.24899,-13.97756,-0.38012,1.21083,0.20407,,,,,,,,,,,,,,,,,,,,,,,,,,,,,78.71835,2.094293,0.851251,1.243042,-1.20506,1.96813,0.27315,-0.80171,5.90488,0.62468,127.27994,-1.43958,7.30116,-0.70633,113.85263,-8.8736,5.92156,8.73294,-11.81344,0.62513,5.52315,-0.12324,High,High,High,,,High,High,High,,,,,,,,,,,,,,,,,,,,,,,,,,,,,,,,
99,2026-06-18,17:55:32.51,2,2,"St. Pierre, Brady",1000364925,Right,HYA_HAR,"Laskofski, Jamie",842027,Left,BRE_WHI,Undefined,4,Bottom,0,0,1,Cutter,Slider,BallCalled,Undefined,Undefined,Undefined,0,0,,80.79171,-1.862731,1.123449,2561.044518,80.176546,8:45,6.09941,0.5938,5.34574,-44.30058,1.33213,-4.04795,0.65953,1.31038,71.52583,-10.001727,0.401888,0.486194,,,,,,,,,,,,2.45823,2.09142,-0.69209,50,5.90111,-2.11183,-116.61978,-5.34964,3.23871,30.7652,-29.41861,BRE_WHI,HYA_HAR,CCBLBrewster,Cape Cod Baseball League,CCBL,20260618-CCBLBrewster-1,6df5be10-6b60-11f1-bb15-89f1c00ac393,77.52553,,,9.26588,,,,,,,93573a9d-26bc-46cc-8648-aab8239aff84,2026-06-18,21:55:32.51,2026-06-18T17:55:32.5180000-04:00,2026-06-18T21:55:32.5180000Z,,v3,,,,"Ortega, Efren",815707,Right,HYA_HAR,8b6844fa-f5f0-44c4-9bb2-bdf7a21a9040,55.14249,-117.96861,15.3826,6.10738,-4.05985,-14.7093,-0.59639,-2.25383,1.61936,,,,,,,,,,,,,,,,,,,,,,,,,,,,,,,,,,,,,,,,,,,,,,,,,,,High,High,High,,,,,,,,,,,,,,,,,,,,,,,,,,,,,,,,,,,,,
100,2026-06-18,17:56:23.28,2,3,"St. Pierre, Brady",1000364925,Right,HYA_HAR,"Laskofski, Jamie",842027,Left,BRE_WHI,Undefined,4,Bottom,0,1,1,ChangeUp,Changeup,BallCalled,Undefined,Undefined,Undefined,0,0,,85.18029,-2.955381,-1.318937,1664.244522,258.166605,2:30,5.9888,0.53041,5.49882,-35.4773,5.12276,16.1654,0.26496,0.64369,75.77719,-9.499232,1.569253,0.458601,,,,,,,,,,,,-8.68508,4.21319,-0.42645,50,5.70689,2.13736,-123.04332,-7.59372,-12.80749,33.06518,-25.96103,BRE_WHI,HYA_HAR,CCBLBrewster,Cape Cod Baseball League,CCBL,20260618-CCBLBrewster-1,8c319c50-6b60-11f1-bb15-89f1c00ac393,82.19009,,,9.4031,,,,,,,93573a9d-26bc-46cc-8648-aab8239aff84,2026-06-18,21:56:23.28,2026-06-18T17:56:23.2840000-04:00,2026-06-18T21:56:23.2840000Z,,v3,,,,"Ortega, Efren",815707,Right,HYA_HAR,ab5e56fa-a8bb-4131-8f0c-2b0d318036b6,54.99438,-124.37821,16.53259,5.99231,-6.54563,-12.98051,-0.52318,2.65441,-6.40374,,,,,,,,,,,,,,,,,,,,,,,,,,,,,,,,,,,,,,,,,,,,,,,,,,,High,High,High,,,,,,,,,,,,,,,,,,,,,,,,,,,,,,,,,,,,,
101,2026-06-18,17:56:49.23,2,4,"St. Pierre, Brady",1000364925,Right,HYA_HAR,"Laskofski, Jamie",842027,Left,BRE_WHI,Undefined,4,Bottom,0,2,1,Fastball,Four-Seam,FoulBallNotFieldable,Undefined,Undefined,Undefined,0,0,,90.82386,-2.416059,-0.479671,2405.368877,202.035476,12:45,6.1554,0.18144,5.65421,-10.56658,25.14293,9.51693,3.02021,0.52716,79.49115,-4.579593,1.220533,0.430094,77.42153,45.733982,-49.596549,4563.397409,61.24518,82.20381,-91.37279,258.89003,100.42723,-62.765641,4.735793,-4.9789,14.11454,-0.14686,50,5.94471,0.65341,-131.14992,-5.71183,-8.28855,39.13219,-8.67713,BRE_WHI,HYA_HAR,CCBLBrewster,Cape Cod Baseball League,CCBL,20260618-CCBLBrewster-1,9ba832c0-6b60-11f1-bb15-89f1c00ac393,87.63769,87.09676,,11.33271,,,,0.53448,2.989,-0.42506,93573a9d-26bc-46cc-8648-aab8239aff84,2026-06-18,21:56:49.23,2026-06-18T17:56:49.2340000-04:00,2026-06-18T21:56:49.2340000Z,FlyBall,v3,,,,"Ortega, Efren",815707,Right,HYA_HAR,f032bd37-a05b-44b3-af86-3c8ef3762288,54.83456,-132.58459,19.5661,6.14828,-5.3937,-4.33856,-0.17638,0.95728,-4.14428,140.144721,0.53462,51.39779,-13.03094,3.90889,-1.5474,0.66451,-0.20016,0.03214,-0.00202,2.99809,81.11132,-22.16655,0.6109,1.06021,-0.64818,0.17866,-0.02375,0.00122,-0.43419,-60.15225,3.06453,1.1912,-1.38842,0.66123,-0.16718,0.02145,-0.0011,,,,,,,,,,,,,,,,,,,,,,,High,High,High,Medium,Low,,,,,,,,,,,,,,,,,,,,,,,,,,,,,,,,,,,
102,2026-06-18,17:57:16.37,2,5,"St. Pierre, Brady",1000364925,Right,HYA_HAR,"Laskofski, Jamie",842027,Left,BRE_WHI,Undefined,4,Bottom,0,2,2,Cutter,Changeup,FoulBallNotFieldable,Undefined,Undefined,Undefined,0,0,,85.77831,-1.831251,-1.100105,1708.952937,213.571089,1:00,5.89228,0.58711,5.36362,-29.49836,9.42229,5.39634,1.71607,0.00514,78.34889,-7.256824,-0.139978,0.449015,74.22198,-46.554129,97.695531,,,,,2.11142,1.62745,47.698253,0.02221,-3.0515,5.63835,-0.49243,50,5.70708,2.15912,-124.40435,-5.01834,-4.75796,26.13656,-23.38265,BRE_WHI,HYA_HAR,CCBLBrewster,Cape Cod Baseball League,CCBL,20260618-CCBLBrewster-1,abd85530-6b60-11f1-bb15-89f1c00ac393,83.94463,1.75938,,7.42942,,,,1.64421,1.75938,-0.0898,93573a9d-26bc-46cc-8648-aab8239aff84,2026-06-18,21:57:16.37,2026-06-18T17:57:16.3710000-04:00,2026-06-18T21:57:16.3710000Z,GroundBall,v3,,,,"Ortega, Efren",815707,Right,HYA_HAR,112bfac1-0d17-45fb-9ff2-c16599c8c11d,55.13342,-125.47821,13.06828,5.89353,-4.05762,-11.69133,-0.58516,2.35461,-2.37898,,1.64429,-10.04734,,,,,,,,1.76003,-79.21608,,,,,,,,-0.09041,74.3554,,,,,,,,,,,,,,,,,,,,,,,,,,,,,,High,High,High,Low,Low,,,,,,,,,,,,,,,,,,,,,,,,,,,,,,,,,,,
103,2026-06-18,17:57:46.70,2,6,"St. Pierre, Brady",1000364925,Right,HYA_HAR,"Laskofski, Jamie",842027,Left,BRE_WHI,Undefined,4,Bottom,0,2,2,Fastball,Four-Seam,BallCalled,Undefined,Undefined,Undefined,0,0,,90.94872,-2.466883,0.723574,2423.197339,197.983559,12:30,6.12911,0.23338,5.71043,-9.3126,25.95541,7.93103,3.05326,1.56843,80.21754,-4.387944,2.141373,0.427427,,,,,,,,,,,,-3.67658,14.41686,-0.29859,50,5.91688,-2.0353,-131.41296,-5.77599,-6.20053,37.06884,-7.86018,BRE_WHI,HYA_HAR,CCBLBrewster,Cape Cod Baseball League,CCBL,20260618-CCBLBrewster-1,bdeb1a50-6b60-11f1-bb15-89f1c00ac393,88.18455,,,10.73118,,,,,,,93573a9d-26bc-46cc-8648-aab8239aff84,2026-06-18,21:57:46.70,2026-06-18T17:57:46.7020000-04:00,2026-06-18T21:57:46.7020000Z,,v3,,,,"Ortega, Efren",815707,Right,HYA_HAR,a378774e-bfd9-4b8b-89a3-94e35bc0c113,54.77734,-132.75371,18.53442,6.12065,-5.4917,-3.93009,-0.22903,-1.81103,-3.10027,,,,,,,,,,,,,,,,,,,,,,,,,,,,,,,,,,,,,,,,,,,,,,,,,,,High,High,High,,,,,,,,,,,,,,,,,,,,,,,,,,,,,,,,,,,,,
104,2026-06-18,17:58:12.06,2,7,"St. Pierre, Brady",1000364925,Right,HYA_HAR,"Laskofski, Jamie",842027,Left,BRE_WHI,Undefined,4,Bottom,0,3,2,Cutter,Slider,FoulBallNotFieldable,Undefined,Undefined,Undefined,0,0,,81.04448,-1.418606,-0.636591,2478.873822,141.563525,10:45,6.08258,0.11536,5.38127,-37.34522,7.13599,-4.26945,1.64038,-0.83717,72.70879,-8.307065,-1.396921,0.48002,86.17739,12.105448,48.839892,3169.370615,66.77161,9.10887,87.41522,152.39764,132.53309,54.565984,1.514437,1.93114,4.55811,-0.05524,50,5.92975,1.47756,-117.30469,-4.15856,2.61719,27.84533,-25.99662,BRE_WHI,HYA_HAR,CCBLBrewster,Cape Cod Baseball League,CCBL,20260618-CCBLBrewster-1,cd0f23f0-6b60-11f1-bb15-89f1c00ac393,78.5226,10.78211,,8.33569,,,,2.51173,1.79646,0.95876,93573a9d-26bc-46cc-8648-aab8239aff84,2026-06-18,21:58:12.06,2026-06-18T17:58:12.0630000-04:00,2026-06-18T21:58:12.0630000Z,LineDrive,v3,,,,"Ortega, Efren",815707,Right,HYA_HAR,eaafbe4e-f381-41c9-b050-cdb5bdad7c20,55.11313,-118.51221,13.92266,6.08565,-3.03121,-12.99831,-0.11686,1.36407,1.3086,,2.51172,81.33889,-22.1181,5.00091,-0.4828,-0.66551,0.57328,-0.21751,0.03318,1.79646,26.50599,-20.85269,2.18785,-0.47952,0.17609,-0.08027,0.02648,-0.00387,0.95877,93.04139,-7.96549,0.04353,-0.11,0.41053,-0.33808,0.12916,-0.01981,,,,,,,,,,,,,,,,,,,,,,,High,High,High,High,High,,,,,,,,,,,,,,,,,,,,,,,,,,,,,,,,,,,
105,2026-06-18,17:58:43.30,2,8,"St. Pierre, Brady",1000364925,Right,HYA_HAR,"Laskofski, Jamie",842027,Left,BRE_WHI,Undefined,4,Bottom,0,3,2,Fastball,Four-Seam,InPlay,Undefined,LineDrive,Out,1,0,,91.21596,-2.93814,-0.187679,2454.344806,200.948345,12:45,6.08402,0.12057,5.78234,-9.39335,25.64576,9.22926,2.56529,0.71506,80.33761,-4.876569,1.464995,0.426037,82.33571,7.993343,-28.782823,3818.939593,92.22973,5.1344,-59.94725,143.48006,96.55909,-34.285713,1.344971,-4.74213,14.58454,-0.1106,50,5.83643,0.00865,-131.79956,-6.89689,-8.02207,37.99467,-7.50204,BRE_WHI,HYA_HAR,CCBLBrewster,Cape Cod Baseball League,CCBL,20260618-CCBLBrewster-1,dfa98fa0-6b60-11f1-bb15-89f1c00ac393,88.47206,7.34026,,10.87835,,,,0.42372,2.49034,-0.7239,93573a9d-26bc-46cc-8648-aab8239aff84,2026-06-18,21:58:43.30,2026-06-18T17:58:43.3090000-04:00,2026-06-18T21:58:43.3090000Z,GroundBall,v3,,,,"Ortega, Efren",815707,Right,HYA_HAR,83ebbb5d-8fcb-4d74-826f-8d4c33f05ce0,54.70799,-133.14985,18.99734,6.0768,-6.63027,-3.75102,-0.11598,0.29375,-4.01104,108.098135,0.42372,104.81092,-14.24069,1.56257,-0.31779,0.04099,-0.00483,0.00062,-5E-05,2.49034,16.79249,-15.1047,1.05546,-0.13203,0.03103,-0.00465,0.00039,-2E-05,-0.7239,-57.57938,-2.47123,0.98707,-0.24377,0.0577,-0.00975,0.00163,-0.00014,,,,,,,,,,,,,,,,,,,,,,,High,High,High,High,Medium,,,,,,,,,,,,,,,,,,,,,,,,,,,,,,,,,,,
106,2026-06-18,17:59:21.28,3,1,"St. Pierre, Brady",1000364925,Right,HYA_HAR,"Lee, Jacob",842028,Right,BRE_WHI,Undefined,4,Bottom,1,0,0,Curveball,Curveball,BallCalled,Undefined,Undefined,StolenBase,0,0,,79.55882,-3.677757,-0.934782,2534.987619,13.362617,6:30,6.19012,0.16046,5.30964,-55.26507,-7.09638,-2.24957,-1.8725,-0.90448,69.91312,-13.694189,-1.337125,0.499521,,,,,,,,,,,,0.71543,-1.56508,-0.0739,50,5.81591,1.95682,-114.58074,-9.24128,0.88713,34.36727,-34.11475,BRE_WHI,HYA_HAR,CCBLBrewster,Cape Cod Baseball League,CCBL,20260618-CCBLBrewster-1,f6449c00-6b60-11f1-bb15-89f1c00ac393,75.45715,,,9.64571,,,,,,,93573a9d-26bc-46cc-8648-aab8239aff84,2026-06-18,21:59:21.28,2026-06-18T17:59:21.2840000-04:00,2026-06-18T21:59:21.2840000Z,,v3,,,,"Ortega, Efren",815707,Right,HYA_HAR,0943b6a1-90df-42e8-8d57-c5cf3f26554d,55.18612,-116.12584,17.18364,6.19691,-7.70753,-17.05738,-0.16098,1.91694,0.44356,,,,,,,,,,,,,,,,,,,,,,,,,,,,,,,,,,,,,,,,,,,,,,,,,,,High,High,High,,,,,,,,,,,,,,,,,,,,,,,,,,,,,,,,,,,,,
107,2026-06-18,17:59:55.93,3,2,"St. Pierre, Brady",1000364925,Right,HYA_HAR,"Lee, Jacob",842028,Right,BRE_WHI,Undefined,4,Bottom,1,1,0,Fastball,Four-Seam,FoulBallNotFieldable,Undefined,Undefined,Undefined,0,0,,87.84212,-2.4318,-0.037088,2308.177684,206.835382,1:00,6.21193,-0.28299,5.99548,-12.47548,25.2845,11.90989,2.91753,0.67513,76.81396,-4.967258,2.104238,0.44227,89.66999,50.846766,-52.838857,2772.869049,,,,,120.50049,,,-6.14146,14.48607,0.27936,50,6.01411,-0.42321,-126.94811,-5.61787,-9.54164,37.56676,-9.66787,BRE_WHI,HYA_HAR,CCBLBrewster,Cape Cod Baseball League,CCBL,20260618-CCBLBrewster-1,0af11ed0-6b61-11f1-bb15-89f1c00ac393,85.22498,121.0359,,11.02815,,,,3.21036,3.29711,-0.55349,93573a9d-26bc-46cc-8648-aab8239aff84,2026-06-18,21:59:55.93,2026-06-18T17:59:55.9370000-04:00,2026-06-18T21:59:55.9370000Z,,v3,,,,"Ortega, Efren",815707,Right,HYA_HAR,3cef4550-5135-4f1b-8213-75353df88d40,54.49539,-128.2715,18.78338,6.20601,-5.2773,-4.83394,0.28834,-0.08708,-4.77082,,3.2103,50.16698,-13.84344,4.05045,-1.83113,1.31003,-0.68623,0.19517,-0.02282,3.29715,101.98118,-24.5278,2.54025,0.02383,-0.55493,0.36308,-0.10941,0.01311,-0.55348,-66.17774,9.44073,-2.19095,0.58119,-0.25476,0.11189,-0.02991,0.00341,,,,,,,,,,,,,,,,,,,,,,,High,High,High,Low,Undefined,,,,,,,,,,,,,,,,,,,,,,,,,,,,,,,,,,,
108,2026-06-18,18:00:19.77,3,3,"St. Pierre, Brady",1000364925,Right,HYA_HAR,"Lee, Jacob",842028,Right,BRE_WHI,Undefined,4,Bottom,1,1,1,Slider,Slider,BallCalled,Undefined,Undefined,Undefined,0,0,,83.48833,1.048017,0.676414,2767.604731,42.739868,7:30,6.0734,-0.02351,5.32207,-42.70164,-1.12634,-2.42591,3.49857,0.4091,75.336,-6.775167,0.245207,0.464076,,,,,,,,,,,,1.42362,-0.40303,-0.03591,50,6.13788,-1.32186,-120.96902,0.63796,2.07554,27.14222,-32.76164,BRE_WHI,HYA_HAR,CCBLBrewster,Cape Cod Baseball League,CCBL,20260618-CCBLBrewster-1,192bb2d0-6b61-11f1-bb15-89f1c00ac393,81.22043,,,8.15234,,,,,,,93573a9d-26bc-46cc-8648-aab8239aff84,2026-06-18,22:00:19.77,2026-06-18T18:00:19.7760000-04:00,2026-06-18T22:00:19.7760000Z,,v3,,,,"Ortega, Efren",815707,Right,HYA_HAR,78623375-9386-4ee2-ade0-1a97c6302217,55.17202,-122.12397,13.57111,6.08108,2.03203,-16.38082,0.02222,-1.41018,1.03777,,,,,,,,,,,,,,,,,,,,,,,,,,,,,,,,,,,,,,,,,,,,,,,,,,,High,High,High,,,,,,,,,,,,,,,,,,,,,,,,,,,,,,,,,,,,,
109,2026-06-18,18:00:36.29,3,4,"St. Pierre, Brady",1000364925,Right,HYA_HAR,"Lee, Jacob",842028,Right,BRE_WHI,Undefined,4,Bottom,1,2,1,Slider,Slider,InPlay,Undefined,LineDrive,Out,1,1,,81.57269,0.561748,0.912375,2720.845134,26.468163,7:00,6.05799,-0.12665,5.11191,-48.89168,-5.15134,-3.32394,2.51297,0.45595,74.08616,-8.310072,0.323258,0.476006,77.77066,39.903475,-14.303495,,107.03495,72.50865,-25.36758,289.48898,285.98842,-12.387402,4.700771,1.95236,-2.35543,0.04351,50,6.0725,-1.74329,-118.25985,-0.64896,2.72716,25.42383,-35.46425,BRE_WHI,HYA_HAR,CCBLBrewster,Cape Cod Baseball League,CCBL,20260618-CCBLBrewster-1,230361e0-6b61-11f1-bb15-89f1c00ac393,79.18479,80.64633,,7.48653,,,,2.08358,2.71985,-0.45918,93573a9d-26bc-46cc-8648-aab8239aff84,2026-06-18,22:00:36.29,2026-06-18T18:00:36.2920000-04:00,2026-06-18T22:00:36.2920000Z,FlyBall,v3,,,,"Ortega, Efren",815707,Right,HYA_HAR,34215f7b-792d-481c-b3ba-ceb8fb54caea,55.38589,-119.41211,12.71191,6.06549,0.95835,-17.73212,0.12532,-1.86689,1.36358,187.702521,2.08615,84.72514,-13.8592,3.36926,-0.30785,-0.1112,0.04612,-0.00662,0.00034,2.71734,73.22282,-19.31052,1.31495,-0.21943,0.02019,0.00786,-0.00247,0.00019,-0.46005,-21.59639,4.75306,-1.19763,0.12976,0.03042,-0.01427,0.0021,-0.00011,,,,,,,,,,,,,,,,,,,,,,,High,High,High,High,High,,,,,,,,,,,,,,,,,,,,,,,,,,,,,,,,,,,
110,2026-06-18,18:03:44.42,4,1,"Matson, Sax",821976,Left,HYA_HAR,"Jenkins, Owen",828215,Right,BRE_WHI,Undefined,4,Bottom,2,0,0,Fastball,Sinker,StrikeCalled,Undefined,Undefined,Undefined,0,0,,90.50335,-0.335595,3.424616,2228.928533,114.900893,9:45,4.58073,-2.04333,5.88726,-23.70919,11.33575,-21.41706,2.29279,-0.64442,80.57965,-4.826462,-0.413086,0.426073,,,,,,,,,,,,12.0189,6.30587,1.77869,50,4.54033,-6.86368,-130.93412,-1.54175,20.3242,34.31821,-21.5107,BRE_WHI,HYA_HAR,CCBLBrewster,Cape Cod Baseball League,CCBL,20260618-CCBLBrewster-1,9320dc00-6b61-11f1-bb15-89f1c00ac393,88.46476,,,9.9237,,,,,,,93573a9d-26bc-46cc-8648-aab8239aff84,2026-06-18,22:03:44.42,2026-06-18T18:03:44.4280000-04:00,2026-06-18T22:03:44.4280000Z,,v3,,,,"Ortega, Efren",815707,Right,HYA_HAR,7e2a03c8-6e75-4b10-82da-28d0c53a84e6,54.6055,-132.13572,17.1591,4.58113,-0.78859,-10.75535,2.03147,-7.5753,10.1621,,,,,,,,,,,,,,,,,,,,,,,,,,,,,,,,,,,,,,,,,,,,,,,,,,,High,High,High,,,,,,,,,,,,,,,,,,,,,,,,,,,,,,,,,,,,,
111,2026-06-18,18:04:00.38,4,2,"Matson, Sax",821976,Left,HYA_HAR,"Jenkins, Owen",828215,Right,BRE_WHI,Undefined,4,Bottom,2,0,1,Fastball,Sinker,BallCalled,Undefined,Undefined,Undefined,0,0,,90.79346,-1.517046,5.955288,2207.737359,124.888128,10:15,4.51438,-1.9195,6.06542,-20.45757,14.50957,-18.71493,1.39772,2.05203,80.4645,-5.43847,2.610555,0.4256,,,,,,,,,,,,11.58776,8.39032,1.46515,50,4.38541,-12.79163,-130.79643,-4.08495,19.50249,34.90262,-18.05294,BRE_WHI,HYA_HAR,CCBLBrewster,Cape Cod Baseball League,CCBL,20260618-CCBLBrewster-1,9ca9a7c0-6b61-11f1-bb15-89f1c00ac393,88.5631,,,10.32897,,,,,,,93573a9d-26bc-46cc-8648-aab8239aff84,2026-06-18,22:04:00.38,2026-06-18T18:04:00.3800000-04:00,2026-06-18T22:04:00.3800000Z,,v3,,,,"Ortega, Efren",815707,Right,HYA_HAR,8cf4eff5-bb93-4208-96d6-0f9305a736f7,54.42481,-131.9719,17.45131,4.51275,-3.47696,-9.02647,1.90701,-13.44844,9.75125,,,,,,,,,,,,,,,,,,,,,,,,,,,,,,,,,,,,,,,,,,,,,,,,,,,High,High,High,,,,,,,,,,,,,,,,,,,,,,,,,,,,,,,,,,,,,
112,2026-06-18,18:04:21.13,4,3,"Matson, Sax",821976,Left,HYA_HAR,"Jenkins, Owen",828215,Right,BRE_WHI,Undefined,4,Bottom,2,1,1,Slider,Slider,BallCalled,Undefined,Undefined,Undefined,0,0,,77.6666,0.246214,-0.773112,2641.321638,283.654546,3:30,4.57551,-2.07818,5.27684,-51.22656,-3.20429,20.1482,0.5379,-1.12531,70.62613,-9.075684,2.810522,0.498761,,,,,,,,,,,,-10.25434,-1.11311,2.13371,50,4.56087,0.7006,-112.62384,-1.2943,-12.96805,23.38986,-33.58175,BRE_WHI,HYA_HAR,CCBLBrewster,Cape Cod Baseball League,CCBL,20260618-CCBLBrewster-1,a909d670-6b61-11f1-bb15-89f1c00ac393,75.57211,,,7.04047,,,,,,,93573a9d-26bc-46cc-8648-aab8239aff84,2026-06-18,22:04:21.13,2026-06-18T18:04:21.1360000-04:00,2026-06-18T22:04:21.1360000Z,,v3,,,,"Ortega, Efren",815707,Right,HYA_HAR,ab7a9a27-a0a0-4800-ae84-d147dbe9d558,55.22038,-113.70285,11.69493,4.58484,0.25487,-16.79087,2.08759,1.29883,-6.48403,,,,,,,,,,,,,,,,,,,,,,,,,,,,,,,,,,,,,,,,,,,,,,,,,,,High,High,High,,,,,,,,,,,,,,,,,,,,,,,,,,,,,,,,,,,,,
113,2026-06-18,18:04:38.17,4,4,"Matson, Sax",821976,Left,HYA_HAR,"Jenkins, Owen",828215,Right,BRE_WHI,Undefined,4,Bottom,2,2,1,Slider,Slider,StrikeSwinging,Undefined,Undefined,Undefined,0,0,,78.27082,1.35549,1.717569,2641.85332,292.659238,3:45,4.54723,-1.95929,5.52764,-53.46967,-6.5489,19.56288,1.35937,1.27703,71.16397,-8.403869,5.203932,0.493008,,,,,,,,,,,,-9.31174,-3.26795,1.7967,50,4.62958,-4.16857,-113.49889,0.8796,-11.9412,24.05006,-36.36481,BRE_WHI,HYA_HAR,CCBLBrewster,Cape Cod Baseball League,CCBL,20260618-CCBLBrewster-1,b33a7af0-6b61-11f1-bb15-89f1c00ac393,76.45403,,,7.10684,,,,,,,93573a9d-26bc-46cc-8648-aab8239aff84,2026-06-18,22:04:38.17,2026-06-18T18:04:38.1780000-04:00,2026-06-18T22:04:38.1780000Z,,v3,,,,"Ortega, Efren",815707,Right,HYA_HAR,cc153e55-e0d6-45e4-af30-fe4e07c3dd64,54.97113,-114.54742,12.02503,4.55667,2.46502,-18.18241,1.96709,-3.64796,-5.9706,,,,,,,,,,,,,,,,,,,,,,,,,,,,,,,,,,,,,,,,,,,,,,,,,,,High,High,High,,,,,,,,,,,,,,,,,,,,,,,,,,,,,,,,,,,,,
114,2026-06-18,18:04:58.91,4,5,"Matson, Sax",821976,Left,HYA_HAR,"Jenkins, Owen",828215,Right,BRE_WHI,Undefined,4,Bottom,2,2,2,Fastball,Sinker,InPlay,Undefined,GroundBall,Out,1,0,,91.19456,-0.816871,3.642864,2266.749524,130.948991,10:15,4.5072,-2.03088,5.97571,-18.9884,15.26528,-16.078,2.16602,0.01075,81.55606,-4.452677,0.759565,0.421236,90.54582,-0.677262,-0.400134,2050.522535,,,,34.65313,33.13375,-0.536016,0.262399,9.46875,8.47595,1.75132,50,4.43216,-7.69873,-131.98644,-2.45451,16.34646,33.68304,-17.54156,BRE_WHI,HYA_HAR,CCBLBrewster,Cape Cod Baseball League,CCBL,20260618-CCBLBrewster-1,bf883310-6b61-11f1-bb15-89f1c00ac393,89.48067,2.09902,,9.6385,,,,0.86026,2.09902,-0.01611,93573a9d-26bc-46cc-8648-aab8239aff84,2026-06-18,22:04:58.91,2026-06-18T18:04:58.9140000-04:00,2026-06-18T22:04:58.9140000Z,GroundBall,v3,,,,"Ortega, Efren",815707,Right,HYA_HAR,8f69189d-c347-4491-ac42-7189951e6d14,54.51871,-133.13462,16.84152,4.50564,-1.85656,-8.77078,2.02325,-8.25594,8.17323,6.692539,0.86115,132.74261,-15.13239,,,,,,,2.10156,-1.69773,-24.08808,,,,,,,-0.01593,-0.93657,-0.91027,,,,,,,,,,,,,,,,,,,,,,,,,,,,,High,High,High,High,High,,,,,,,,,,,,,,,,,,,,,,,,,,,,,,,,,,,
115,2026-06-18,18:08:08.94,1,1,"Whritenour, Joshua",813963,Right,BRE_WHI,"Lodise, Jordan",838363,Right,HYA_HAR,Undefined,5,Top,0,0,0,Fastball,Four-Seam,StrikeSwinging,Undefined,Undefined,Undefined,0,0,,93.89244,-2.010162,-2.292814,2458.304872,206.535579,1:00,5.95515,0.83985,5.82583,-8.42741,24.00411,11.3669,3.38194,-0.34546,84.00325,-3.733793,-0.25758,0.409878,,,,,,,,,,,,-6.5215,13.21906,-0.65906,50,5.78589,4.91292,-135.93471,-4.90072,-11.96008,35.31832,-7.93111,BRE_WHI,HYA_HAR,CCBLBrewster,Cape Cod Baseball League,CCBL,20260618-CCBLBrewster-1,30caa530-6b62-11f1-bb15-89f1c00ac393,91.96007,,,9.8892,,,,,,,93573a9d-26bc-46cc-8648-aab8239aff84,2026-06-18,22:08:08.94,2026-06-18T18:08:08.9400000-04:00,2026-06-18T22:08:08.9400000Z,,v3,,,,"Jenkins, Owen",828215,Right,BRE_WHI,16ee656e-4242-4a78-b2ed-bd8ddc0c5cc1,54.66726,-137.14199,17.65916,5.94878,-4.62961,-3.96555,-0.83398,5.32175,-5.98004,,,,,,,,,,,,,,,,,,,,,,,,,,,,,,,,,,,,,,,,,,,,,,,,,,,High,High,High,,,,,,,,,,,,,,,,,,,,,,,,,,,,,,,,,,,,,
116,2026-06-18,18:08:22.49,1,2,"Whritenour, Joshua",813963,Right,BRE_WHI,"Lodise, Jordan",838363,Right,HYA_HAR,Undefined,5,Top,0,0,1,Fastball,Four-Seam,BallCalled,Undefined,Undefined,Undefined,0,0,,93.65989,-3.897303,-2.427598,2364.438961,226.827924,1:30,6.16572,0.76137,5.75184,-14.16957,18.56678,18.45721,1.34806,0.03828,84.17309,-6.62425,0.874985,0.4118,,,,,,,,,,,,-10.18697,11.0978,-0.57125,50,5.83329,4.89391,-135.4067,-9.6393,-18.56288,34.67748,-11.95145,BRE_WHI,HYA_HAR,CCBLBrewster,Cape Cod Baseball League,CCBL,20260618-CCBLBrewster-1,38dc1330-6b62-11f1-bb15-89f1c00ac393,91.53086,,,9.4868,,,,,,,93573a9d-26bc-46cc-8648-aab8239aff84,2026-06-18,22:08:22.49,2026-06-18T18:08:22.4930000-04:00,2026-06-18T22:08:22.4930000Z,,v3,,,,"Jenkins, Owen",828215,Right,BRE_WHI,1e3cf58a-0387-401f-aa22-1d0fe871d0e8,54.74349,-136.6161,17.33874,6.1622,-9.22249,-5.97573,-0.75322,5.54131,-9.28144,,,,,,,,,,,,,,,,,,,,,,,,,,,,,,,,,,,,,,,,,,,,,,,,,,,High,High,High,,,,,,,,,,,,,,,,,,,,,,,,,,,,,,,,,,,,,
117,2026-06-18,18:08:37.84,1,3,"Whritenour, Joshua",813963,Right,BRE_WHI,"Lodise, Jordan",838363,Right,HYA_HAR,Undefined,5,Top,0,1,1,Slider,Slider,StrikeSwinging,Undefined,Undefined,Undefined,0,0,,86.94548,-1.176524,-1.340718,2527.164136,129.998982,10:15,5.80842,0.99585,5.57739,-31.9349,7.95741,-7.05611,2.04792,-0.84454,74.94538,-7.199718,-2.600456,0.454586,,,,,,,,,,,,2.87087,5.15855,-0.876,50,5.68756,3.25858,-125.25059,-3.66809,4.2661,40.43683,-24.50847,BRE_WHI,HYA_HAR,CCBLBrewster,Cape Cod Baseball League,CCBL,20260618-CCBLBrewster-1,42097880-6b62-11f1-bb15-89f1c00ac393,82.91595,,,12.0001,,,,,,,93573a9d-26bc-46cc-8648-aab8239aff84,2026-06-18,22:08:37.84,2026-06-18T18:08:37.8400000-04:00,2026-06-18T22:08:37.8400000Z,,v3,,,,"Jenkins, Owen",828215,Right,BRE_WHI,d6987b79-2dc9-4b5b-8046-71133ed456d3,54.90574,-126.82451,20.21842,5.81177,-2.71415,-12.25424,-0.99961,3.09253,2.13305,,,,,,,,,,,,,,,,,,,,,,,,,,,,,,,,,,,,,,,,,,,,,,,,,,,High,High,High,,,,,,,,,,,,,,,,,,,,,,,,,,,,,,,,,,,,,
118,2026-06-18,18:08:53.00,1,4,"Whritenour, Joshua",813963,Right,BRE_WHI,"Lodise, Jordan",838363,Right,HYA_HAR,Undefined,5,Top,0,1,2,Slider,Cutter,InPlay,Undefined,GroundBall,Out,1,0,,88.85361,-1.570463,-2.072135,2557.039018,168.70189,11:30,5.90532,1.10354,5.81876,-30.22356,6.70268,-1.0189,1.92527,-0.90873,78.49919,-7.232694,-2.254793,0.43736,71.17793,-13.908909,7.709573,,,,,8.97681,8.97681,12.117786,0.074015,-0.30925,4.50177,-0.93339,50,5.75946,4.69119,-128.41225,-4.55689,-0.49547,36.59141,-24.96114,BRE_WHI,HYA_HAR,CCBLBrewster,Cape Cod Baseball League,CCBL,20260618-CCBLBrewster-1,4b0ee370-6b62-11f1-bb15-89f1c00ac393,86.18176,1.86194,,10.35442,,,,1.32601,1.86194,0.87578,93573a9d-26bc-46cc-8648-aab8239aff84,2026-06-18,22:08:53.00,2026-06-18T18:08:53.0060000-04:00,2026-06-18T22:08:53.0060000Z,GroundBall,v3,,,,"Jenkins, Owen",828215,Right,BRE_WHI,7778d7df-84a3-4ffb-9397-8e9eb619c2aa,54.67159,-129.7366,18.29571,5.90803,-3.65347,-12.48057,-1.1035,4.70913,-0.24774,180,1.32305,100.66571,,,,,,,,1.86268,-25.15625,,,,,,,,0.87538,13.62766,,,,,,,,,,,,,,,,,,,,,,,,,,,,,,High,High,High,High,High,,,,,,,,,,,,,,,,,,,,,,,,,,,,,,,,,,,
119,2026-06-18,18:09:20.54,2,1,"Whritenour, Joshua",813963,Right,BRE_WHI,"Zenor, Henry",842258,Left,HYA_HAR,Undefined,5,Top,1,0,0,Fastball,Four-Seam,StrikeCalled,Undefined,Undefined,Undefined,0,0,,93.10654,-3.739112,-3.088205,2452.49832,219.064161,1:15,5.99143,0.79473,5.76287,-6.91055,27.04391,20.6747,1.92552,-0.35937,81.44956,-5.244151,0.606448,0.419392,,,,,,,,,,,,-11.57505,15.54843,-0.55081,50,5.67701,6.23703,-134.16327,-8.78264,-20.20307,40.46683,-5.03577,BRE_WHI,HYA_HAR,CCBLBrewster,Cape Cod Baseball League,CCBL,20260618-CCBLBrewster-1,5b78b380-6b62-11f1-bb15-89f1c00ac393,89.87405,,,11.65698,,,,,,,93573a9d-26bc-46cc-8648-aab8239aff84,2026-06-18,22:09:20.54,2026-06-18T18:09:20.5400000-04:00,2026-06-18T22:09:20.5400000Z,,v3,,,,"Jenkins, Owen",828215,Right,BRE_WHI,21557dfe-f776-4762-b11e-d01462b1ef5f,54.72607,-135.58127,20.23341,5.98167,-8.60618,-2.51788,-0.78177,6.94497,-10.10154,,,,,,,,,,,,,,,,,,,,,,,,,,,,,,,,,,,,,,,,,,,,,,,,,,,High,High,High,,,,,,,,,,,,,,,,,,,,,,,,,,,,,,,,,,,,,
120,2026-06-18,18:09:33.62,2,2,"Whritenour, Joshua",813963,Right,BRE_WHI,"Zenor, Henry",842258,Left,HYA_HAR,Undefined,5,Top,1,0,1,ChangeUp,Changeup,BallCalled,Undefined,Undefined,Undefined,0,0,,88.16029,-2.702721,-4.261256,1922.456789,247.564329,2:15,5.7676,1.02031,5.87588,-27.0958,9.47473,19.76698,0.99069,-1.29733,79.90188,-7.748683,-0.721382,0.435248,,,,,,,,,,,,-11.44312,6.07457,-0.68691,50,5.53294,8.66862,-127.50489,-6.93318,-18.61651,29.09735,-22.29149,BRE_WHI,HYA_HAR,CCBLBrewster,Cape Cod Baseball League,CCBL,20260618-CCBLBrewster-1,634a5960-6b62-11f1-bb15-89f1c00ac393,86.5999,,,8.25841,,,,,,,93573a9d-26bc-46cc-8648-aab8239aff84,2026-06-18,22:09:33.62,2026-06-18T18:09:33.6250000-04:00,2026-06-18T22:09:33.6250000Z,,v3,,,,"Jenkins, Owen",828215,Right,BRE_WHI,80b4c0f6-847a-4259-ad26-55458ffd5d28,54.62105,-128.55512,14.54868,5.76866,-6.1286,-11.14575,-1.01191,9.34055,-9.30825,,,,,,,,,,,,,,,,,,,,,,,,,,,,,,,,,,,,,,,,,,,,,,,,,,,High,High,High,,,,,,,,,,,,,,,,,,,,,,,,,,,,,,,,,,,,,
121,2026-06-18,18:09:46.33,2,3,"Whritenour, Joshua",813963,Right,BRE_WHI,"Zenor, Henry",842258,Left,HYA_HAR,Undefined,5,Top,1,1,1,ChangeUp,Sinker,StrikeSwinging,Undefined,Undefined,Undefined,0,0,,88.99393,-1.745707,-2.803328,1925.322975,253.594461,2:30,5.73013,1.20234,5.83119,-28.0449,7.76426,22.06946,1.76796,0.43365,80.64226,-6.962672,1.154268,0.430694,,,,,,,,,,,,-12.10674,4.89197,-0.98638,50,5.57118,5.36194,-128.98508,-4.89649,-20.14634,29.89426,-24.03351,BRE_WHI,HYA_HAR,CCBLBrewster,Cape Cod Baseball League,CCBL,20260618-CCBLBrewster-1,6adcd360-6b62-11f1-bb15-89f1c00ac393,87.51569,,,8.35167,,,,,,,93573a9d-26bc-46cc-8648-aab8239aff84,2026-06-18,22:09:46.33,2026-06-18T18:09:46.3360000-04:00,2026-06-18T22:09:46.3360000Z,,v3,,,,"Jenkins, Owen",828215,Right,BRE_WHI,38d81635-c7d3-44ad-8d04-b572f2675049,54.66561,-130.06192,14.94713,5.73197,-4.03077,-12.01676,-1.1926,6.08763,-10.07317,,,,,,,,,,,,,,,,,,,,,,,,,,,,,,,,,,,,,,,,,,,,,,,,,,,High,High,High,,,,,,,,,,,,,,,,,,,,,,,,,,,,,,,,,,,,,
122,2026-06-18,18:09:59.60,2,4,"Whritenour, Joshua",813963,Right,BRE_WHI,"Zenor, Henry",842258,Left,HYA_HAR,Undefined,5,Top,1,1,2,Fastball,Four-Seam,InPlay,Undefined,LineDrive,Out,1,0,,95.55047,-2.237897,-2.391708,2388.482301,219.963788,1:15,6.08383,0.65973,5.67098,-10.85973,20.59379,16.26261,3.08956,-0.21616,85.67692,-4.378716,0.512479,0.403651,93.92969,17.533697,24.357637,1245.916434,99.3944,27.62457,47.12479,287.16463,271.72363,27.587161,2.822969,-9.09209,11.55768,-0.4685,50,5.88846,5.02057,-138.34868,-5.69097,-17.28911,36.30193,-10.19646,BRE_WHI,HYA_HAR,CCBLBrewster,Cape Cod Baseball League,CCBL,20260618-CCBLBrewster-1,72be30b0-6b62-11f1-bb15-89f1c00ac393,93.37876,30.22538,,9.87355,,,,2.39394,3.19994,0.27889,93573a9d-26bc-46cc-8648-aab8239aff84,2026-06-18,22:09:59.60,2026-06-18T18:09:59.6050000-04:00,2026-06-18T22:09:59.6050000Z,LineDrive,v3,,,,"Jenkins, Owen",828215,Right,BRE_WHI,209de71b-29d0-4203-8e51-7442c1d9c55a,54.82516,-139.60903,18.15097,6.0799,-5.33696,-5.09823,-0.65323,5.62082,-8.64456,218.85485,2.3939,119.67327,-18.43912,4.45701,-1.09471,0.32951,-0.09344,0.01678,-0.00131,3.19999,41.49938,-16.85701,0.6664,0.18392,-0.20434,0.08495,-0.01757,0.0015,0.2789,54.17717,-3.85292,0.60355,-0.01256,-0.04323,0.02004,-0.00441,0.00039,,,,,,,,,,,,,,,,,,,,,,,High,High,High,High,High,,,,,,,,,,,,,,,,,,,,,,,,,,,,,,,,,,,
123,2026-06-18,18:10:33.22,3,1,"Whritenour, Joshua",813963,Right,BRE_WHI,"Ortega, Efren",815707,Right,HYA_HAR,Undefined,5,Top,2,0,0,Slider,Four-Seam,StrikeCalled,Undefined,Undefined,Undefined,0,0,,89.62563,-1.803497,-2.837527,2556.781236,202.402666,12:45,5.77406,1.20376,5.79014,-23.84537,11.67717,4.2787,2.10667,-1.08139,80.85007,-6.273343,-2.071965,0.428967,,,,,,,,,,,,-3.08382,6.91548,-0.97259,50,5.61139,6.24198,-129.75224,-4.88058,-5.17572,31.07636,-20.56748,BRE_WHI,HYA_HAR,CCBLBrewster,Cape Cod Baseball League,CCBL,20260618-CCBLBrewster-1,86ce7380-6b62-11f1-bb15-89f1c00ac393,87.86801,,,8.77556,,,,,,,93573a9d-26bc-46cc-8648-aab8239aff84,2026-06-18,22:10:33.22,2026-06-18T18:10:33.2230000-04:00,2026-06-18T22:10:33.2230000Z,,v3,,,,"Jenkins, Owen",828215,Right,BRE_WHI,b2a29736-f5cc-40fa-8277-3fa583236fe5,54.70307,-130.8738,15.53818,5.77414,-4.13829,-10.28374,-1.20123,6.42877,-2.58786,,,,,,,,,,,,,,,,,,,,,,,,,,,,,,,,,,,,,,,,,,,,,,,,,,,High,High,High,,,,,,,,,,,,,,,,,,,,,,,,,,,,,,,,,,,,,
124,2026-06-18,18:10:46.07,3,2,"Whritenour, Joshua",813963,Right,BRE_WHI,"Ortega, Efren",815707,Right,HYA_HAR,Undefined,5,Top,2,0,1,Cutter,Slider,BallCalled,Undefined,Undefined,Undefined,0,0,,89.57156,-2.133162,-2.649842,2588.649113,173.833995,11:45,5.77565,1.0124,5.68487,-31.81226,4.65142,-0.33535,1.13334,-1.48714,79.47576,-8.040153,-2.709796,0.434612,,,,,,,,,,,,-0.85535,3.67811,-0.78911,50,5.57683,6.00133,-129.33506,-5.97381,-1.39628,36.08109,-26.1699,BRE_WHI,HYA_HAR,CCBLBrewster,Cape Cod Baseball League,CCBL,20260618-CCBLBrewster-1,8e7b2c40-6b62-11f1-bb15-89f1c00ac393,86.72667,,,10.0958,,,,,,,93573a9d-26bc-46cc-8648-aab8239aff84,2026-06-18,22:10:46.07,2026-06-18T18:10:46.0710000-04:00,2026-06-18T22:10:46.0710000Z,,v3,,,,"Jenkins, Owen",828215,Right,BRE_WHI,7042b00b-0673-49a2-a03c-362d9582e512,54.80387,-130.66834,18.04055,5.77971,-5.00678,-13.08495,-1.01183,6.05292,-0.69814,,,,,,,,,,,,,,,,,,,,,,,,,,,,,,,,,,,,,,,,,,,,,,,,,,,High,High,High,,,,,,,,,,,,,,,,,,,,,,,,,,,,,,,,,,,,,
125,2026-06-18,18:11:01.58,3,3,"Whritenour, Joshua",813963,Right,BRE_WHI,"Ortega, Efren",815707,Right,HYA_HAR,Undefined,5,Top,2,1,1,Cutter,Slider,InPlay,Undefined,GroundBall,Out,1,0,,89.37558,-0.297629,-2.051002,2511.74488,208.090552,1:00,5.75759,1.28182,5.6191,-32.66659,4.13941,1.34898,2.75744,-0.52061,78.69063,-6.392851,-1.810138,0.436647,71.07827,-11.203329,-16.433154,,,,,13.96975,13.92561,-12.157507,0.123439,-1.51067,2.65961,-1.10773,50,5.71176,4.56426,-129.15542,-1.85156,-2.44414,37.44527,-27.871,BRE_WHI,HYA_HAR,CCBLBrewster,Cape Cod Baseball League,CCBL,20260618-CCBLBrewster-1,97ba6be0-6b62-11f1-bb15-89f1c00ac393,86.3224,2.74236,,10.68495,,,,1.61212,2.74236,0.56032,93573a9d-26bc-46cc-8648-aab8239aff84,2026-06-18,22:11:01.58,2026-06-18T18:11:01.5870000-04:00,2026-06-18T22:11:01.5870000Z,GroundBall,v3,,,,"Jenkins, Owen",828215,Right,BRE_WHI,fd84af67-3fb0-4ecf-8c6a-695e1dc4c773,54.8719,-130.56026,18.72264,5.76161,-0.80592,-13.9355,-1.28069,4.65595,-1.22207,282.659374,1.61213,98.08382,-4.13706,,,,,,,2.7424,-20.25956,-15.85834,,,,,,,0.5603,-28.92765,4.49439,,,,,,,,,,,,,,,,,,,,,,,,,,,,,High,High,High,High,High,,,,,,,,,,,,,,,,,,,,,,,,,,,,,,,,,,,
126,2026-06-18,18:13:37.83,1,1,"Matson, Sax",821976,Left,HYA_HAR,"Harvey, Dane",838717,Left,BRE_WHI,Undefined,5,Bottom,0,0,0,Fastball,Sinker,StrikeCalled,Undefined,Undefined,Undefined,0,0,,89.3168,-0.468223,4.135749,2183.137426,131.616846,10:30,4.60859,-1.87618,6.06869,-21.59915,13.84808,-14.11906,2.37425,0.78098,80.26632,-4.575149,1.602061,0.428512,,,,,,,,,,,,8.5154,7.64426,1.5623,50,4.56083,-8.73317,-129.25293,-1.7089,14.1815,30.84736,-19.44338,BRE_WHI,HYA_HAR,CCBLBrewster,Cape Cod Baseball League,CCBL,20260618-CCBLBrewster-1,f4d6f050-6b62-11f1-bb15-89f1c00ac393,87.96132,,,9.05048,,,,,,,93573a9d-26bc-46cc-8648-aab8239aff84,2026-06-18,22:13:37.83,2026-06-18T18:13:37.8380000-04:00,2026-06-18T22:13:37.8380000Z,,v3,,,,"Ortega, Efren",815707,Right,HYA_HAR,b295557a-e397-4179-9da1-743615d00e46,54.42434,-130.30456,15.42368,4.60779,-1.04604,-9.72169,1.86827,-9.21663,7.09075,,,,,,,,,,,,,,,,,,,,,,,,,,,,,,,,,,,,,,,,,,,,,,,,,,,High,High,High,,,,,,,,,,,,,,,,,,,,,,,,,,,,,,,,,,,,,
127,2026-06-18,18:13:58.32,1,2,"Matson, Sax",821976,Left,HYA_HAR,"Harvey, Dane",838717,Left,BRE_WHI,Undefined,5,Bottom,0,0,1,Slider,Slider,StrikeCalled,Undefined,Undefined,Undefined,0,0,,81.09172,1.001551,0.506848,2495.578776,260.833114,2:45,4.53987,-2.03816,5.47993,-40.43337,3.05079,9.83709,2.10765,-0.74416,73.72678,-6.43274,2.259582,0.47461,,,,,,,,,,,,-4.79512,1.67473,1.98685,50,4.60044,-1.44228,-117.63964,0.67413,-6.65858,24.20972,-29.8485,BRE_WHI,HYA_HAR,CCBLBrewster,Cape Cod Baseball League,CCBL,20260618-CCBLBrewster-1,010c6580-6b63-11f1-bb15-89f1c00ac393,79.41771,,,7.36494,,,,,,,93573a9d-26bc-46cc-8648-aab8239aff84,2026-06-18,22:13:58.32,2026-06-18T18:13:58.3220000-04:00,2026-06-18T22:13:58.3220000Z,,v3,,,,"Ortega, Efren",815707,Right,HYA_HAR,9f8bb450-5923-4548-ac41-296a1c92bd2c,55.01616,-118.66746,12.10486,4.54492,1.94134,-14.92425,2.04209,-1.15959,-3.32929,,,,,,,,,,,,,,,,,,,,,,,,,,,,,,,,,,,,,,,,,,,,,,,,,,,High,High,High,,,,,,,,,,,,,,,,,,,,,,,,,,,,,,,,,,,,,
128,2026-06-18,18:14:17.97,1,3,"Matson, Sax",821976,Left,HYA_HAR,"Harvey, Dane",838717,Left,BRE_WHI,Undefined,5,Bottom,0,0,2,Slider,Curveball,BallCalled,Undefined,Undefined,Undefined,0,0,,78.75282,-0.042993,2.176631,2704.288368,289.097241,3:45,4.63948,-1.74498,5.43491,-49.77747,-2.77394,13.18331,0.45107,1.39287,70.97558,-9.138241,4.523456,0.493443,,,,,,,,,,,,-5.86831,-0.88476,1.54283,50,4.60155,-4.85751,-114.01033,-1.7743,-7.51519,26.24024,-33.30712,BRE_WHI,HYA_HAR,CCBLBrewster,Cape Cod Baseball League,CCBL,20260618-CCBLBrewster-1,0cce3150-6b63-11f1-bb15-89f1c00ac393,76.38666,,,7.77724,,,,,,,93573a9d-26bc-46cc-8648-aab8239aff84,2026-06-18,22:14:17.97,2026-06-18T18:14:17.9750000-04:00,2026-06-18T22:14:17.9750000Z,,v3,,,,"Ortega, Efren",815707,Right,HYA_HAR,2a66dbce-b3a4-4770-b4ae-315aa49437ca,55.06091,-115.16924,13.12012,4.64743,-0.30328,-16.65356,1.75004,-4.5256,-3.75759,,,,,,,,,,,,,,,,,,,,,,,,,,,,,,,,,,,,,,,,,,,,,,,,,,,High,High,High,,,,,,,,,,,,,,,,,,,,,,,,,,,,,,,,,,,,,
129,2026-06-18,18:14:38.50,1,4,"Matson, Sax",821976,Left,HYA_HAR,"Harvey, Dane",838717,Left,BRE_WHI,Undefined,5,Bottom,0,1,2,Fastball,Sinker,BallCalled,Undefined,Undefined,Undefined,0,0,,90.2904,-0.515946,5.258843,2129.20387,130.451286,10:15,4.54692,-1.85595,6.03553,-20.17056,14.52017,-15.57217,2.38627,1.72949,81.37412,-4.350253,2.473667,0.423914,,,,,,,,,,,,9.52926,7.96583,1.4523,50,4.4956,-11.32618,-130.5056,-1.78633,16.25461,30.27219,-18.58628,BRE_WHI,HYA_HAR,CCBLBrewster,Cape Cod Baseball League,CCBL,20260618-CCBLBrewster-1,18fffd00-6b63-11f1-bb15-89f1c00ac393,88.91521,,,8.91628,,,,,,,93573a9d-26bc-46cc-8648-aab8239aff84,2026-06-18,22:14:38.50,2026-06-18T18:14:38.5080000-04:00,2026-06-18T22:14:38.5080000Z,,v3,,,,"Ortega, Efren",815707,Right,HYA_HAR,81625d0a-ff59-4993-8cf1-466f4a60d649,54.45818,-131.53566,15.1361,4.54562,-1.1539,-9.29314,1.8471,-11.87927,8.1273,,,,,,,,,,,,,,,,,,,,,,,,,,,,,,,,,,,,,,,,,,,,,,,,,,,High,High,High,,,,,,,,,,,,,,,,,,,,,,,,,,,,,,,,,,,,,
130,2026-06-18,18:14:57.67,1,5,"Matson, Sax",821976,Left,HYA_HAR,"Harvey, Dane",838717,Left,BRE_WHI,Undefined,5,Bottom,0,2,2,Slider,Slider,FoulBallNotFieldable,Undefined,Undefined,Undefined,0,0,,80.61509,1.075553,2.016048,2520.359346,263.939146,2:45,4.56388,-1.98475,5.6069,-41.37101,2.98835,12.74654,2.12099,0.96008,72.5685,-6.56631,4.288665,0.479362,,,,,,,,,,,,-5.77307,1.60547,1.80386,50,4.62945,-4.61948,-116.76655,0.8235,-7.79658,26.45903,-30.00586,BRE_WHI,HYA_HAR,CCBLBrewster,Cape Cod Baseball League,CCBL,20260618-CCBLBrewster-1,2470c2a0-6b63-11f1-bb15-89f1c00ac393,78.63036,,,8.0466,,,,,,,93573a9d-26bc-46cc-8648-aab8239aff84,2026-06-18,22:14:57.67,2026-06-18T18:14:57.6730000-04:00,2026-06-18T22:14:57.6730000Z,,v3,,,,"Ortega, Efren",815707,Right,HYA_HAR,d298f8e6-0e75-42fa-b8e9-d8ca4c8a3174,54.88841,-117.86905,13.22951,4.56909,2.07379,-15.00293,1.98957,-4.29461,-3.89829,,,,,,,,,,,,,,,,,,,,,,,,,,,,,,,,,,,,,,,,,,,,,,,,,,,High,High,High,,,,,,,,,,,,,,,,,,,,,,,,,,,,,,,,,,,,,
131,2026-06-18,18:15:20.76,1,6,"Matson, Sax",821976,Left,HYA_HAR,"Harvey, Dane",838717,Left,BRE_WHI,Undefined,5,Bottom,0,2,2,Slider,Slider,BallCalled,Undefined,Undefined,Undefined,0,0,,78.64958,-0.07831,0.953244,2702.686869,285.958682,3:30,4.58858,-1.88841,5.57438,-52.2757,-5.15276,24.54663,0.15912,1.04755,70.60821,-9.647388,5.340918,0.494069,,,,,,,,,,,,-12.0893,-2.07599,1.78983,50,4.54797,-2.85681,-113.93021,-1.90257,-15.33783,27.69919,-34.80789,BRE_WHI,HYA_HAR,CCBLBrewster,Cape Cod Baseball League,CCBL,20260618-CCBLBrewster-1,323ae190-6b63-11f1-bb15-89f1c00ac393,76.28982,,,8.04136,,,,,,,93573a9d-26bc-46cc-8648-aab8239aff84,2026-06-18,22:15:20.76,2026-06-18T18:15:20.7610000-04:00,2026-06-18T22:15:20.7610000Z,,v3,,,,"Ortega, Efren",815707,Right,HYA_HAR,f76499bb-07fe-4990-ae11-3f8ee96ae2ff,54.92281,-115.12085,13.84959,4.5976,-0.40638,-17.40394,1.89846,-2.19752,-7.66892,,,,,,,,,,,,,,,,,,,,,,,,,,,,,,,,,,,,,,,,,,,,,,,,,,,High,High,High,,,,,,,,,,,,,,,,,,,,,,,,,,,,,,,,,,,,,
132,2026-06-18,18:15:43.03,1,7,"Matson, Sax",821976,Left,HYA_HAR,"Harvey, Dane",838717,Left,BRE_WHI,Undefined,5,Bottom,0,3,2,Slider,Slider,StrikeSwinging,Strikeout,Undefined,Undefined,0,0,,77.14557,2.136703,1.198783,2624.189331,290.199734,3:45,4.59913,-1.902,5.38339,-55.80334,-6.7337,23.32844,1.95301,1.16585,69.3717,-8.062703,5.344776,0.504171,,,,,,,,,,,,-11.15296,-3.48693,1.77838,50,4.75177,-3.28332,-111.6895,2.2501,-13.71143,25.12823,-36.46086,BRE_WHI,HYA_HAR,CCBLBrewster,Cape Cod Baseball League,CCBL,20260618-CCBLBrewster-1,3f7d0bd0-6b63-11f1-bb15-89f1c00ac393,74.76122,,,7.77387,,,,,,,93573a9d-26bc-46cc-8648-aab8239aff84,2026-06-18,22:15:43.03,2026-06-18T18:15:43.0350000-04:00,2026-06-18T22:15:43.0350000Z,,v3,,,,"Ortega, Efren",815707,Right,HYA_HAR,c663e12f-2623-45df-9a2d-809d84f871e4,55.11324,-112.83403,12.56412,4.61147,3.9108,-18.23043,1.9137,-2.6588,-6.85572,,,,,,,,,,,,,,,,,,,,,,,,,,,,,55.44187,2.398968,1.113958,1.28501,-1.96392,1.45061,-1.48997,-2.59191,2.95316,0.78819,73.61902,8.70835,-51.18966,-2.58642,61.91908,-2.03586,3.03162,25.20381,-16.17473,0.72961,-45.22414,3.75127,High,High,High,,,High,High,High,,,,,,,,,,,,,,,,,,,,,,,,,,,,,,,,
133,2026-06-18,18:16:25.91,2,1,"Matson, Sax",821976,Left,HYA_HAR,"Lambdin, Jake",830145,Right,BRE_WHI,Undefined,5,Bottom,1,0,0,Slider,Slider,BallCalled,Undefined,Undefined,Undefined,0,0,,80.64042,-0.148074,2.114239,2590.486765,252.622253,2:30,4.47381,-2.10048,5.71603,-35.27474,8.43796,22.29985,1.39622,1.72819,73.50365,-6.665718,6.095015,0.475856,,,,,,,,,,,,-10.91564,4.70965,1.90888,50,4.43957,-5.14868,-117.01408,-1.40804,-14.93179,24.83863,-25.73163,BRE_WHI,HYA_HAR,CCBLBrewster,Cape Cod Baseball League,CCBL,20260618-CCBLBrewster-1,59015570-6b63-11f1-bb15-89f1c00ac393,79.20981,,,7.13677,,,,,,,93573a9d-26bc-46cc-8648-aab8239aff84,2026-06-18,22:16:25.91,2026-06-18T18:16:25.9100000-04:00,2026-06-18T22:16:25.9100000Z,,v3,,,,"Ortega, Efren",815707,Right,HYA_HAR,2538af1a-38f1-4323-ac5b-b3cba8a4deab,54.78371,-118.02515,12.41932,4.47556,-0.36062,-12.86581,2.10609,-4.54087,-7.46589,,,,,,,,,,,,,,,,,,,,,,,,,,,,,,,,,,,,,,,,,,,,,,,,,,,High,High,High,,,,,,,,,,,,,,,,,,,,,,,,,,,,,,,,,,,,,
134,2026-06-18,18:16:40.82,2,2,"Matson, Sax",821976,Left,HYA_HAR,"Lambdin, Jake",830145,Right,BRE_WHI,Undefined,5,Bottom,1,1,0,Fastball,Sinker,BallCalled,Undefined,Undefined,Undefined,0,0,,89.66274,-1.17728,4.882812,2151.481725,133.283055,10:30,4.54577,-1.82484,6.03042,-20.75871,14.2258,-13.8315,1.72156,1.55518,81.32056,-5.103867,2.406654,0.425706,,,,,,,,,,,,8.7456,8.05063,1.45064,50,4.44235,-10.54017,-129.7981,-3.31556,14.79774,29.24467,-18.55218,BRE_WHI,HYA_HAR,CCBLBrewster,Cape Cod Baseball League,CCBL,20260618-CCBLBrewster-1,61df6240-6b63-11f1-bb15-89f1c00ac393,88.54109,,,8.34218,,,,,,,93573a9d-26bc-46cc-8648-aab8239aff84,2026-06-18,22:16:40.82,2026-06-18T18:16:40.8230000-04:00,2026-06-18T22:16:40.8230000Z,,v3,,,,"Ortega, Efren",815707,Right,HYA_HAR,a6c2ea44-6f40-495b-84e5-1d5684474cfa,54.46904,-130.80114,14.62234,4.54516,-2.67926,-9.27609,1.82085,-11.04771,7.39887,,,,,,,,,,,,,,,,,,,,,,,,,,,,,,,,,,,,,,,,,,,,,,,,,,,High,High,High,,,,,,,,,,,,,,,,,,,,,,,,,,,,,,,,,,,,,
135,2026-06-18,18:17:00.94,2,3,"Matson, Sax",821976,Left,HYA_HAR,"Lambdin, Jake",830145,Right,BRE_WHI,Undefined,5,Bottom,1,2,0,Fastball,Sinker,StrikeCalled,Undefined,Undefined,Undefined,0,0,,89.77544,-1.155399,3.010876,2093.943109,126.75887,10:15,4.55251,-1.98896,5.90339,-22.82907,12.00257,-14.52331,1.57595,-0.4018,81.74347,-5.437917,0.406609,0.424774,,,,,,,,,,,,8.28296,6.82536,1.75511,50,4.44658,-6.22437,-130.20407,-3.37293,14.16219,28.36149,-20.50405,BRE_WHI,HYA_HAR,CCBLBrewster,Cape Cod Baseball League,CCBL,20260618-CCBLBrewster-1,6de93390-6b63-11f1-bb15-89f1c00ac393,88.73519,,,8.03197,,,,,,,93573a9d-26bc-46cc-8648-aab8239aff84,2026-06-18,22:17:00.94,2026-06-18T18:17:00.9460000-04:00,2026-06-18T22:17:00.9460000Z,,v3,,,,"Ortega, Efren",815707,Right,HYA_HAR,faf9d6cf-bd11-42e9-acc0-c48e17d4f3f4,54.59294,-131.20071,14.18074,4.55244,-2.65241,-10.25203,1.98258,-6.72204,7.08109,,,,,,,,,,,,,,,,,,,,,,,,,,,,,,,,,,,,,,,,,,,,,,,,,,,High,High,High,,,,,,,,,,,,,,,,,,,,,,,,,,,,,,,,,,,,,
136,2026-06-18,18:17:20.87,2,4,"Matson, Sax",821976,Left,HYA_HAR,"Lambdin, Jake",830145,Right,BRE_WHI,Undefined,5,Bottom,1,2,1,Slider,Slider,BallCalled,Undefined,Undefined,Undefined,0,0,,78.01857,-0.123627,1.113816,2574.387241,277.960038,3:15,4.53678,-1.92377,5.41427,-48.54581,-1.57232,22.01084,0.37546,0.95401,71.67306,-8.945408,5.033746,0.493285,,,,,,,,,,,,-10.82949,-0.36374,1.8087,50,4.49176,-3.04663,-113.27647,-1.87064,-13.95921,22.22776,-32.64293,BRE_WHI,HYA_HAR,CCBLBrewster,Cape Cod Baseball League,CCBL,20260618-CCBLBrewster-1,79cedb10-6b63-11f1-bb15-89f1c00ac393,76.41109,,,6.34551,,,,,,,93573a9d-26bc-46cc-8648-aab8239aff84,2026-06-18,22:17:20.87,2026-06-18T18:17:20.8780000-04:00,2026-06-18T22:17:20.8780000Z,,v3,,,,"Ortega, Efren",815707,Right,HYA_HAR,f21501fd-b6be-41b3-af80-c51bc1646680,55.08584,-114.27009,11.11388,4.54277,-0.41145,-16.32147,1.93095,-2.42264,-6.97961,,,,,,,,,,,,,,,,,,,,,,,,,,,,,,,,,,,,,,,,,,,,,,,,,,,High,High,High,,,,,,,,,,,,,,,,,,,,,,,,,,,,,,,,,,,,,
137,2026-06-18,18:17:44.21,2,5,"Matson, Sax",821976,Left,HYA_HAR,"Lambdin, Jake",830145,Right,BRE_WHI,Undefined,5,Bottom,1,3,1,Fastball,Four-Seam,FoulBallNotFieldable,Undefined,Undefined,Undefined,0,0,,89.78883,-0.320307,4.153674,2197.603705,134.700174,10:30,4.49351,-1.99113,6.04312,-19.66253,15.69304,-14.46587,2.55763,0.65566,80.08788,-4.093896,1.559383,0.427957,52.81649,59.933494,108.916053,4737.43396,,,,,7.21917,,,8.88158,8.56693,1.67481,50,4.45812,-8.81515,-129.87024,-1.29912,14.80922,33.20691,-17.88949,BRE_WHI,HYA_HAR,CCBLBrewster,Cape Cod Baseball League,CCBL,20260618-CCBLBrewster-1,87ae7dd0-6b63-11f1-bb15-89f1c00ac393,88.07525,15.85711,,9.70095,,,,1.14176,2.60528,-0.63939,93573a9d-26bc-46cc-8648-aab8239aff84,2026-06-18,22:17:44.21,2026-06-18T18:17:44.2190000-04:00,2026-06-18T22:17:44.2190000Z,,v3,,,,"Ortega, Efren",815707,Right,HYA_HAR,5bd2a22b-945d-489f-a5a1-db996ab37d74,54.45114,-131.00342,16.60345,4.49203,-0.68864,-8.94474,1.98425,-9.32052,7.40461,331.334824,1.14256,-12.63103,-2.785,,,,,,,2.60687,66.94265,-24.2261,,,,,,,-0.63882,36.6785,-4.66209,,,,,,,,,,,,,,,,,,,,,,,,,,,,,High,High,High,High,Undefined,,,,,,,,,,,,,,,,,,,,,,,,,,,,,,,,,,,
138,2026-06-18,18:18:05.40,2,6,"Matson, Sax",821976,Left,HYA_HAR,"Lambdin, Jake",830145,Right,BRE_WHI,Undefined,5,Bottom,1,3,2,Fastball,Sinker,FoulBallNotFieldable,Undefined,Undefined,Undefined,0,0,,90.61867,-1.019053,4.849901,2188.100587,135.147622,10:30,4.48681,-1.92111,5.97801,-16.52332,18.14623,-16.75359,2.16177,1.18914,81.22001,-4.209491,1.853286,0.423785,45.79566,-3.138619,-45.238333,,,,,124.1069,12.13665,-45.646209,1.815719,10.18705,10.01233,1.54625,50,4.39701,-10.39125,-130.9977,-2.79648,17.39059,32.20948,-15.08171,BRE_WHI,HYA_HAR,CCBLBrewster,Cape Cod Baseball League,CCBL,20260618-CCBLBrewster-1,944ffb40-6b63-11f1-bb15-89f1c00ac393,88.94239,6.79249,,9.39866,,,,,,,93573a9d-26bc-46cc-8648-aab8239aff84,2026-06-18,22:18:05.40,2026-06-18T18:18:05.4020000-04:00,2026-06-18T22:18:05.4020000Z,GroundBall,v3,,,,"Ortega, Efren",815707,Right,HYA_HAR,71ef0743-e890-4422-a951-84f75801030d,54.51726,-132.10372,16.10474,4.48415,-2.27859,-7.54085,1.91332,-10.98842,8.6953,180,-0.70509,48.03997,,,,,,,,6.81114,-3.74095,,,,,,,,-0.54369,-48.44131,,,,,,,,,,,,,,,,,,,,,,,,,,,,,,High,High,High,Low,Low,,,,,,,,,,,,,,,,,,,,,,,,,,,,,,,,,,,
139,2026-06-18,18:19:24.30,2,7,"Matson, Sax",821976,Left,HYA_HAR,"Lambdin, Jake",830145,Right,BRE_WHI,Undefined,5,Bottom,1,3,2,Slider,Curveball,BallCalled,Walk,Undefined,Undefined,0,0,,78.13698,0.126428,0.530522,2721.572039,271.755317,3:00,4.5552,-2.01037,5.4831,-46.1079,1.29854,15.35694,0.83117,-0.23426,70.5115,-8.341876,3.269661,0.495553,,,,,,,,,,,,-7.54182,1.13606,1.95321,50,4.53543,-1.65688,-113.23408,-1.27739,-9.57169,25.01238,-30.73219,BRE_WHI,HYA_HAR,CCBLBrewster,Cape Cod Baseball League,CCBL,20260618-CCBLBrewster-1,c35e2f60-6b63-11f1-bb15-89f1c00ac393,76.06136,,,7.62548,,,,,,,93573a9d-26bc-46cc-8648-aab8239aff84,2026-06-18,22:19:24.30,2026-06-18T18:19:24.3080000-04:00,2026-06-18T22:19:24.3080000Z,,v3,,,,"Ortega, Efren",815707,Right,HYA_HAR,1206a5a1-b3e4-4265-9926-69800eef118b,55.01213,-114.33585,12.50619,4.56188,0.07634,-15.3661,2.0169,-1.23526,-4.78585,,,,,,,,,,,,,,,,,,,,,,,,,,,,,,,,,,,,,,,,,,,,,,,,,,,High,High,High,,,,,,,,,,,,,,,,,,,,,,,,,,,,,,,,,,,,,
140,2026-06-18,18:20:00.47,3,1,"Matson, Sax",821976,Left,HYA_HAR,"Torres, Michael",803757,Left,BRE_WHI,Undefined,5,Bottom,1,0,0,Slider,Slider,StrikeCalled,Undefined,Undefined,Undefined,0,0,,79.78257,1.653746,-0.176387,2533.396399,268.062518,3:00,4.53741,-2.01703,5.70869,-42.93679,2.24354,15.73513,2.50049,-0.8701,71.52322,-6.309753,2.638818,0.483778,,,,,,,,,,,,-7.97418,1.11535,2.02223,50,4.64993,-0.27972,-115.582,1.93063,-10.53214,26.28965,-30.70092,BRE_WHI,HYA_HAR,CCBLBrewster,Cape Cod Baseball League,CCBL,20260618-CCBLBrewster-1,d8f0a560-6b63-11f1-bb15-89f1c00ac393,77.91268,,,8.25935,,,,,,,93573a9d-26bc-46cc-8648-aab8239aff84,2026-06-18,22:20:00.47,2026-06-18T18:20:00.4770000-04:00,2026-06-18T22:20:00.4770000Z,,v3,,,,"Ortega, Efren",815707,Right,HYA_HAR,f7fc1536-0c0c-4441-a6a0-97c4a61048fc,54.78494,-116.66528,13.14482,4.54432,3.19568,-15.35046,2.02482,0.15426,-5.26607,,,,,,,,,,,,,,,,,,,,,,,,,,,,,78.01061,2.024688,0.771123,1.253564,-1.42851,2.17361,0.73523,-0.78857,5.88236,0.12779,127.27903,-0.3266,1.84258,-0.68666,112.84193,-8.67854,5.89521,9.42247,-11.49141,0.09607,-1.25882,2.14448,High,High,High,,,High,High,Medium,,,,,,,,,,,,,,,,,,,,,,,,,,,,,,,,
141,2026-06-18,18:20:54.13,3,2,"Matson, Sax",821976,Left,HYA_HAR,"Torres, Michael",803757,Left,BRE_WHI,Undefined,5,Bottom,1,0,1,Fastball,Sinker,StrikeCalled,Undefined,Undefined,Undefined,0,0,,88.85882,-0.811426,4.077843,2223.791613,132.866153,10:30,4.55715,-1.88784,6.12207,-21.00966,15.03729,-14.66485,2.05428,0.66617,79.21365,-4.837233,1.44303,0.432121,,,,,,,,,,,,8.89721,8.42233,1.58234,50,4.48411,-8.52729,-128.48937,-2.42816,14.50949,32.70392,-18.43898,BRE_WHI,HYA_HAR,CCBLBrewster,Cape Cod Baseball League,CCBL,20260618-CCBLBrewster-1,f8e75300-6b63-11f1-bb15-89f1c00ac393,87.2265,,,9.64517,,,,,,,93573a9d-26bc-46cc-8648-aab8239aff84,2026-06-18,22:20:54.13,2026-06-18T18:20:54.1360000-04:00,2026-06-18T22:20:54.1360000Z,,v3,,,,"Ortega, Efren",815707,Right,HYA_HAR,3a51b5c4-3cc7-48d2-b3db-bfbc5c92c859,54.36975,-129.59682,16.35196,4.55577,-1.80376,-9.21949,1.87941,-9.01862,7.25475,,,,,,,,,,,,,,,,,,,,,,,,,,,,,,,,,,,,,,,,,,,,,,,,,,,High,High,High,,,,,,,,,,,,,,,,,,,,,,,,,,,,,,,,,,,,,
142,2026-06-18,18:21:16.19,3,3,"Matson, Sax",821976,Left,HYA_HAR,"Torres, Michael",803757,Left,BRE_WHI,Undefined,5,Bottom,1,0,2,Slider,Slider,StrikeSwinging,Strikeout,Undefined,Undefined,0,0,,77.52235,-0.06341,2.065073,2647.131488,262.923493,2:45,4.55339,-1.80155,6.03195,-43.41809,3.73599,16.26013,0.87646,1.46656,70.15526,-8.115916,4.989102,0.494232,,,,,,,,,,,,-7.62985,2.47492,1.63181,50,4.5255,-4.65175,-112.39617,-1.42235,-9.55013,24.45938,-29.07624,BRE_WHI,HYA_HAR,CCBLBrewster,Cape Cod Baseball League,CCBL,20260618-CCBLBrewster-1,06188d50-6b64-11f1-bb15-89f1c00ac393,76.26464,,,7.3671,,,,,,,93573a9d-26bc-46cc-8648-aab8239aff84,2026-06-18,22:21:16.19,2026-06-18T18:21:16.1940000-04:00,2026-06-18T22:21:16.1940000Z,,v3,,,,"Ortega, Efren",815707,Right,HYA_HAR,9f5ace00-bfe3-4f53-b0e8-61aaf4c790c6,54.46308,-113.36325,12.22969,4.55901,-0.27272,-14.53812,1.80827,-4.27415,-4.77507,,,,,,,,,,,,,,,,,,,,,,,,,,,,,,,,,,,,,,,,,,,,,,,,,,,High,High,High,,,,,,,,,,,,,,,,,,,,,,,,,,,,,,,,,,,,,
143,2026-06-18,18:21:55.29,4,1,"Matson, Sax",821976,Left,HYA_HAR,"Peck, Alexander",828153,Right,BRE_WHI,Undefined,5,Bottom,2,0,0,Slider,Slider,StrikeCalled,Undefined,Undefined,Undefined,0,0,,82.04374,1.135212,0.547856,2605.8388,257.407832,2:30,4.51464,-2.17783,5.77061,-37.61282,4.85792,14.7569,2.43682,-0.43826,73.79055,-5.858187,3.190322,0.469047,,,,,,,,,,,,-7.25174,2.59162,2.12394,50,4.58632,-1.74443,-118.91932,1.12035,-10.17598,27.07519,-28.53735,BRE_WHI,HYA_HAR,CCBLBrewster,Cape Cod Baseball League,CCBL,20260618-CCBLBrewster-1,1d59ebd0-6b64-11f1-bb15-89f1c00ac393,80.35962,,,8.25318,,,,,,,93573a9d-26bc-46cc-8648-aab8239aff84,2026-06-18,22:21:55.29,2026-06-18T18:21:55.2920000-04:00,2026-06-18T22:21:55.2920000Z,,v3,,,,"Ortega, Efren",815707,Right,HYA_HAR,4950333c-dbc7-485f-b03a-2b75c172d80d,54.72278,-119.98977,13.5376,4.51972,2.24861,-14.26867,2.18495,-1.34211,-5.08799,,,,,,,,,,,,,,,,,,,,,,,,,,,,,,,,,,,,,,,,,,,,,,,,,,,High,High,High,,,,,,,,,,,,,,,,,,,,,,,,,,,,,,,,,,,,,
144,2026-06-18,18:22:36.00,4,2,"Matson, Sax",821976,Left,HYA_HAR,"Peck, Alexander",828153,Right,BRE_WHI,Undefined,5,Bottom,2,0,1,Fastball,Sinker,StrikeCalled,Undefined,Undefined,Undefined,0,0,,89.29754,-1.213508,3.964084,2287.767154,124.506064,10:15,4.56404,-1.91115,5.94187,-21.63064,14.91517,-19.30887,1.63299,0.16266,78.32729,-5.375358,0.503971,0.435101,,,,,,,,,,,,11.32544,8.54733,1.60508,50,4.45541,-8.0561,-128.85592,-3.37523,18.25446,37.06817,-18.39739,BRE_WHI,HYA_HAR,CCBLBrewster,Cape Cod Baseball League,CCBL,20260618-CCBLBrewster-1,359f25c0-6b64-11f1-bb15-89f1c00ac393,86.62911,,,10.97025,,,,,,,93573a9d-26bc-46cc-8648-aab8239aff84,2026-06-18,22:22:36.00,2026-06-18T18:22:36.0090000-04:00,2026-06-18T22:22:36.0090000Z,,v3,,,,"Ortega, Efren",815707,Right,HYA_HAR,92aa125c-9a03-41a3-b009-9f52c0b300fd,54.54722,-130.15745,18.53409,4.56258,-2.72926,-9.19869,1.8992,-8.69704,9.12723,,,,,,,,,,,,,,,,,,,,,,,,,,,,,,,,,,,,,,,,,,,,,,,,,,,High,High,High,,,,,,,,,,,,,,,,,,,,,,,,,,,,,,,,,,,,,
145,2026-06-18,18:22:59.63,4,3,"Matson, Sax",821976,Left,HYA_HAR,"Peck, Alexander",828153,Right,BRE_WHI,Undefined,5,Bottom,2,0,2,Fastball,Sinker,StrikeSwinging,Strikeout,Undefined,Undefined,0,0,,90.03886,0.574995,3.803655,2365.89329,117.386251,10:00,4.51688,-2.0208,5.92889,-24.35261,11.25981,-18.87178,3.02218,-0.0592,79.55864,-4.055226,0.423165,0.429509,,,,,,,,,,,,10.91969,5.96012,1.72647,50,4.54957,-7.79,-130.099,0.526,18.11494,35.44726,-22.28668,BRE_WHI,HYA_HAR,CCBLBrewster,Cape Cod Baseball League,CCBL,20260618-CCBLBrewster-1,43b58ff0-6b64-11f1-bb15-89f1c00ac393,87.75706,,,10.48021,,,,,,,93573a9d-26bc-46cc-8648-aab8239aff84,2026-06-18,22:22:59.63,2026-06-18T18:22:59.6370000-04:00,2026-06-18T22:22:59.6370000Z,,v3,,,,"Ortega, Efren",815707,Right,HYA_HAR,8d295720-90ca-4954-a22e-e75bd2daa185,54.56169,-131.33601,17.72363,4.51764,1.30375,-11.14334,2.00935,-8.42217,9.05747,,,,,,,,,,,,,,,,,,,,,,,,,,,,,47.27942,3.436833,1.949235,1.487598,-1.41735,2.81401,0.04272,0.22888,4.74515,4.47953,71.32684,1.37068,-53.45772,0.22039,49.19276,-0.92018,4.7911,21.84468,-16.30455,4.45313,-43.28156,2.95825,High,High,High,,,High,High,High,,,,,,,,,,,,,,,,,,,,,,,,,,,,,,,,
146,2026-06-18,18:25:40.50,1,1,"Kmatz, Zach",827297,Right,BRE_WHI,"Chun, Tanner",821930,Right,HYA_HAR,Undefined,6,Top,0,0,0,Fastball,Sinker,StrikeSwinging,Undefined,Undefined,Undefined,0,0,,89.3029,-0.248904,-2.900487,2006.661634,229.549798,1:45,5.31866,1.47167,6.86742,-20.17985,14.393,15.30414,3.40986,0.10117,79.67191,-4.173691,-0.106185,0.423194,,,,,,,,,,,,-9.0502,8.09083,-1.29137,50,5.29533,5.96201,-129.50269,-1.05576,-14.97778,33.46546,-18.784,BRE_WHI,HYA_HAR,CCBLBrewster,Cape Cod Baseball League,CCBL,20260618-CCBLBrewster-1,a38e2720-6b64-11f1-bb15-89f1c00ac393,89.06667,,,9.63099,,,,,,,93573a9d-26bc-46cc-8648-aab8239aff84,2026-06-18,22:25:40.50,2026-06-18T18:25:40.5020000-04:00,2026-06-18T22:25:40.5020000Z,,v3,,,,"Jenkins, Owen",828215,Right,BRE_WHI,3739a01d-ecc8-42ee-8f07-1f504ce5a72a,53.62524,-130.43614,16.73273,5.31747,-0.53182,-9.392,-1.46349,6.37979,-7.48889,,,,,,,,,,,,,,,,,,,,,,,,,,,,,,,,,,,,,,,,,,,,,,,,,,,High,High,High,,,,,,,,,,,,,,,,,,,,,,,,,,,,,,,,,,,,,
147,2026-06-18,18:25:56.45,1,2,"Kmatz, Zach",827297,Right,BRE_WHI,"Chun, Tanner",821930,Right,HYA_HAR,Undefined,6,Top,0,0,1,Fastball,Sinker,StrikeSwinging,Undefined,Undefined,Undefined,0,0,,91.10863,-0.717735,-2.681485,2025.390678,224.874192,1:30,5.50198,1.3712,6.81634,-15.28946,18.03804,16.64808,3.57231,0.31039,81.11608,-3.742949,0.355954,0.415502,,,,,,,,,,,,-9.66469,10.13646,-1.20298,50,5.44944,5.51382,-132.1064,-1.97804,-16.61686,35.24528,-14.74601,BRE_WHI,HYA_HAR,CCBLBrewster,Cape Cod Baseball League,CCBL,20260618-CCBLBrewster-1,ad19b200-6b64-11f1-bb15-89f1c00ac393,90.71552,,,9.99255,,,,,,,93573a9d-26bc-46cc-8648-aab8239aff84,2026-06-18,22:25:56.45,2026-06-18T18:25:56.4580000-04:00,2026-06-18T22:25:56.4580000Z,,v3,,,,"Jenkins, Owen",828215,Right,BRE_WHI,28569891-0475-415c-8c50-fff56369596c,53.67608,-133.08354,17.62264,5.49861,-1.56922,-7.37301,-1.36223,5.9745,-8.30843,,,,,,,,,,,,,,,,,,,,,,,,,,,,,,,,,,,,,,,,,,,,,,,,,,,High,High,High,,,,,,,,,,,,,,,,,,,,,,,,,,,,,,,,,,,,,
148,2026-06-18,18:26:13.55,1,3,"Kmatz, Zach",827297,Right,BRE_WHI,"Chun, Tanner",821930,Right,HYA_HAR,Undefined,6,Top,0,0,2,Slider,Slider,BallCalled,Undefined,Undefined,Undefined,0,0,,82.30213,-0.750519,-2.495923,2233.713757,129.845824,10:15,5.2418,1.68954,6.57761,-31.48884,9.61532,-9.66571,1.9292,-1.40486,74.02155,-6.710386,-4.250605,0.461439,,,,,,,,,,,,4.16303,5.78335,-1.51497,50,5.17751,5.55849,-119.32229,-2.42578,5.85789,28.09506,-24.03612,BRE_WHI,HYA_HAR,CCBLBrewster,Cape Cod Baseball League,CCBL,20260618-CCBLBrewster-1,b74f1170-6b64-11f1-bb15-89f1c00ac393,81.68459,,,8.28058,,,,,,,93573a9d-26bc-46cc-8648-aab8239aff84,2026-06-18,22:26:13.55,2026-06-18T18:26:13.5520000-04:00,2026-06-18T22:26:13.5520000Z,,v3,,,,"Jenkins, Owen",828215,Right,BRE_WHI,cbe1ea57-4609-4ded-bc49-3f5f5ce42853,53.915,-120.24057,14.04753,5.24396,-1.64017,-12.01806,-1.69352,5.36703,2.92895,,,,,,,,,,,,,,,,,,,,,,,,,,,,,,,,,,,,,,,,,,,,,,,,,,,High,High,High,,,,,,,,,,,,,,,,,,,,,,,,,,,,,,,,,,,,,
149,2026-06-18,18:26:27.65,1,4,"Kmatz, Zach",827297,Right,BRE_WHI,"Chun, Tanner",821930,Right,HYA_HAR,Undefined,6,Top,0,1,2,Fastball,Sinker,BallCalled,Undefined,Undefined,Undefined,0,0,,89.52214,0.001419,-1.813143,2045.504371,222.943231,1:30,5.60176,1.35385,6.9309,-17.82792,16.17442,13.90816,4.11739,0.86177,80.48615,-3.480524,0.73166,0.419687,,,,,,,,,,,,-7.90426,8.9341,-1.24406,50,5.59509,3.57796,-130.02252,-0.40089,-13.2967,31.67047,-17.14492,BRE_WHI,HYA_HAR,CCBLBrewster,Cape Cod Baseball League,CCBL,20260618-CCBLBrewster-1,bfb04d20-6b64-11f1-bb15-89f1c00ac393,89.81073,,,9.036,,,,,,,93573a9d-26bc-46cc-8648-aab8239aff84,2026-06-18,22:26:27.65,2026-06-18T18:26:27.6510000-04:00,2026-06-18T22:26:27.6510000Z,,v3,,,,"Jenkins, Owen",828215,Right,BRE_WHI,33b8a0ad-a0b1-47a9-9823-60c36d02a91e,53.56249,-130.88738,15.83524,5.59964,0.0673,-8.57246,-1.34673,3.94107,-6.64835,,,,,,,,,,,,,,,,,,,,,,,,,,,,,,,,,,,,,,,,,,,,,,,,,,,High,High,High,,,,,,,,,,,,,,,,,,,,,,,,,,,,,,,,,,,,,
150,2026-06-18,18:26:42.32,1,5,"Kmatz, Zach",827297,Right,BRE_WHI,"Chun, Tanner",821930,Right,HYA_HAR,Undefined,6,Top,0,2,2,Fastball,Four-Seam,FoulBallNotFieldable,Undefined,Undefined,Undefined,0,0,,90.95814,-1.590468,-2.626197,2094.606791,214.75718,1:15,5.57679,1.31443,6.80285,-11.67327,22.21021,14.38831,3.15073,0.11523,80.02825,-3.982538,-0.002179,0.418953,76.46697,57.258231,167.438397,4911.796953,,,,,21.64808,,,-8.63595,12.77272,-1.14903,50,5.46895,5.46905,-131.72165,-3.83282,-14.56006,38.48721,-10.63946,BRE_WHI,HYA_HAR,CCBLBrewster,Cape Cod Baseball League,CCBL,20260618-CCBLBrewster-1,c869baf0-6b64-11f1-bb15-89f1c00ac393,89.96812,34.48647,,10.92989,,,,1.82081,3.18004,-0.10821,93573a9d-26bc-46cc-8648-aab8239aff84,2026-06-18,22:26:42.32,2026-06-18T18:26:42.3200000-04:00,2026-06-18T22:26:42.3200000Z,,v3,,,,"Jenkins, Owen",828215,Right,BRE_WHI,4422aa6a-d57b-4a45-b6d7-3c269bc2eee0,53.68928,-132.79523,19.2436,5.57173,-3.53604,-5.31973,-1.30724,5.87519,-7.28003,345.739458,1.82567,-59.37687,2.61342,,,,,,,3.20546,93.46339,-36.34361,,,,,,,-0.10205,12.98104,-4.95571,,,,,,,,,,,,,,,,,,,,,,,,,,,,,High,High,High,High,Undefined,,,,,,,,,,,,,,,,,,,,,,,,,,,,,,,,,,,
151,2026-06-18,18:27:13.01,1,6,"Kmatz, Zach",827297,Right,BRE_WHI,"Chun, Tanner",821930,Right,HYA_HAR,Undefined,6,Top,0,2,2,Fastball,Four-Seam,BallCalled,Undefined,Undefined,Undefined,0,0,,91.84586,-0.511993,-2.155826,2078.285749,209.430162,1:00,5.56826,0.98461,6.72544,-12.77135,20.10348,10.61505,4.03573,-0.10196,81.78457,-3.07054,-0.222112,0.41267,,,,,,,,,,,,-6.29693,11.09607,-0.84547,50,5.52873,4.57542,-133.19108,-1.42405,-11.01336,35.63127,-12.76693,BRE_WHI,HYA_HAR,CCBLBrewster,Cape Cod Baseball League,CCBL,20260618-CCBLBrewster-1,dab913e0-6b64-11f1-bb15-89f1c00ac393,91.33796,,,10.06129,,,,,,,93573a9d-26bc-46cc-8648-aab8239aff84,2026-06-18,22:27:13.01,2026-06-18T18:27:13.0180000-04:00,2026-06-18T22:27:13.0180000Z,,v3,,,,"Jenkins, Owen",828215,Right,BRE_WHI,c17036b0-7067-4565-ad02-2a607eb8e0a2,53.76617,-134.19482,17.81564,5.56378,-1.0644,-6.38347,-0.97873,4.88567,-5.50668,,,,,,,,,,,,,,,,,,,,,,,,,,,,,,,,,,,,,,,,,,,,,,,,,,,High,High,High,,,,,,,,,,,,,,,,,,,,,,,,,,,,,,,,,,,,,
152,2026-06-18,18:27:28.37,1,7,"Kmatz, Zach",827297,Right,BRE_WHI,"Chun, Tanner",821930,Right,HYA_HAR,Undefined,6,Top,0,3,2,Sinker,Sinker,FoulBallNotFieldable,Undefined,Undefined,Undefined,0,0,,90.66232,-2.023809,-1.991914,2045.01254,246.233022,2:15,5.25305,1.35996,6.87163,-24.78911,8.13138,15.99186,1.34101,0.87655,82.70991,-6.720296,0.934331,0.412957,,,,,,,,,,,,-9.11056,5.25406,-1.23856,50,5.11569,3.98957,-131.75985,-5.35954,-15.90124,29.86648,-23.0038,BRE_WHI,HYA_HAR,CCBLBrewster,Cape Cod Baseball League,CCBL,20260618-CCBLBrewster-1,e3d9a7f0-6b64-11f1-bb15-89f1c00ac393,91.27457,,,7.95242,,,,,,,93573a9d-26bc-46cc-8648-aab8239aff84,2026-06-18,22:27:28.37,2026-06-18T18:27:28.3740000-04:00,2026-06-18T22:27:28.3740000Z,,v3,,,,"Jenkins, Owen",828215,Right,BRE_WHI,1be17f3f-1072-4edb-9d45-544d645f40b7,53.62629,-132.57928,14.93324,5.25408,-4.7284,-11.5019,-1.354,4.42585,-7.95062,,,,,,,,,,,,,,,,,,,,,,,,,,,,,,,,,,,,,,,,,,,,,,,,,,,High,High,High,,,,,,,,,,,,,,,,,,,,,,,,,,,,,,,,,,,,,
153,2026-06-18,18:27:51.18,1,8,"Kmatz, Zach",827297,Right,BRE_WHI,"Chun, Tanner",821930,Right,HYA_HAR,Undefined,6,Top,0,3,2,Sinker,Sinker,InPlay,Undefined,FlyBall,Out,1,0,,91.49561,-1.316743,-1.722053,2084.549636,240.044828,2:00,5.42574,1.14719,6.92679,-21.03025,11.56595,17.99887,2.47372,1.07888,82.38322,-5.364311,1.573502,0.410918,89.59433,53.638421,-22.146689,4211.418275,99.54369,129.40764,-46.80838,267.2904,119.69815,-27.287589,6.151556,-10.13745,6.94367,-1.04467,50,5.33604,3.30881,-132.90547,-3.61004,-17.78166,33.62283,-19.99448,BRE_WHI,HYA_HAR,CCBLBrewster,Cape Cod Baseball League,CCBL,20260618-CCBLBrewster-1,f1762730-6b64-11f1-bb15-89f1c00ac393,91.72748,145.74567,,9.11239,,,,1.45224,2.63906,-1.06292,93573a9d-26bc-46cc-8648-aab8239aff84,2026-06-18,22:27:51.18,2026-06-18T18:27:51.1820000-04:00,2026-06-18T22:27:51.1820000Z,FlyBall,v3,,,,"Jenkins, Owen",828215,Right,BRE_WHI,0f8e6320-e69f-4be3-a0f0-50302c0ca1f1,53.56918,-133.80537,16.81141,5.4255,-3.0749,-9.99724,-1.13959,3.78473,-8.89083,170.662517,1.45716,72.08613,-16.50982,3.94039,-0.58836,0.04327,0.00062,-0.00026,1E-05,2.64155,105.74968,-23.97285,2.15369,-0.11062,-0.09305,0.03083,-0.004,0.00019,-1.06532,-29.33088,4.00098,-0.76701,0.07147,0.00249,-0.00083,-2E-05,1E-05,,,,,,,,,,,,,,,,,,,,,,,High,High,High,Medium,Low,,,,,,,,,,,,,,,,,,,,,,,,,,,,,,,,,,,
154,2026-06-18,18:28:25.83,2,1,"Kmatz, Zach",827297,Right,BRE_WHI,"Kirk, Taylor",842079,Right,HYA_HAR,Undefined,6,Top,1,0,0,Fastball,Sinker,InPlay,Undefined,GroundBall,Out,1,0,,91.64951,-2.054718,-2.48061,2117.808623,228.056846,1:30,5.38959,1.24899,6.77305,-18.48363,14.55658,14.73135,1.97061,0.21021,81.73086,-5.646186,0.206624,0.413707,96.18179,-12.704376,3.916422,,,,,8.96527,8.96527,2.417525,0.060634,-8.64957,8.80654,-1.09189,50,5.24839,5.16689,-132.83738,-5.2356,-15.01816,35.95455,-16.88336,BRE_WHI,HYA_HAR,CCBLBrewster,Cape Cod Baseball League,CCBL,20260618-CCBLBrewster-1,061dc800-6b65-11f1-bb15-89f1c00ac393,91.10902,1.88353,,9.91865,,,,0.62192,1.88353,-0.19248,93573a9d-26bc-46cc-8648-aab8239aff84,2026-06-18,22:28:25.83,2026-06-18T18:28:25.8360000-04:00,2026-06-18T22:28:25.8360000Z,GroundBall,v3,,,,"Jenkins, Owen",828215,Right,BRE_WHI,9eaeae22-6498-4f1e-a46f-6e97c494580c,53.72053,-133.84061,17.97728,5.38791,-4.76451,-8.44168,-1.24191,5.58595,-7.50908,180,0.62017,137.47017,,,,,,,,1.88392,-31.06382,,,,,,,,-0.1926,9.41136,,,,,,,,,,,,,,,,,,,,,,,,,,,,,,High,High,High,High,High,,,,,,,,,,,,,,,,,,,,,,,,,,,,,,,,,,,
155,2026-06-18,18:28:54.09,3,1,"Kmatz, Zach",827297,Right,BRE_WHI,"Miller, Caden",832296,Left,HYA_HAR,Undefined,6,Top,2,0,0,Sinker,Sinker,StrikeSwinging,Undefined,Undefined,Undefined,0,0,,92.2321,-1.181048,-2.602961,2130.247653,236.272524,2:00,5.29665,1.5924,6.68597,-20.18245,12.19737,16.49686,2.53333,0.58485,83.01581,-5.057051,0.400952,0.409551,,,,,,,,,,,,-9.46575,7.15685,-1.42403,50,5.20973,5.40885,-133.82754,-3.3195,-16.87138,33.51558,-19.41797,BRE_WHI,HYA_HAR,CCBLBrewster,Cape Cod Baseball League,CCBL,20260618-CCBLBrewster-1,16fa3000-6b65-11f1-bb15-89f1c00ac393,92.03346,,,9.21629,,,,,,,93573a9d-26bc-46cc-8648-aab8239aff84,2026-06-18,22:28:54.09,2026-06-18T18:28:54.0970000-04:00,2026-06-18T22:28:54.0970000Z,,v3,,,,"Jenkins, Owen",828215,Right,BRE_WHI,49adcbf2-c1f8-4fb8-86e4-1ca2593ae38c,53.80844,-134.77794,16.75779,5.29605,-2.76886,-9.70899,-1.58419,5.88727,-8.43569,,,,,,,,,,,,,,,,,,,,,,,,,,,,,,,,,,,,,,,,,,,,,,,,,,,High,High,High,,,,,,,,,,,,,,,,,,,,,,,,,,,,,,,,,,,,,
156,2026-06-18,18:29:08.81,3,2,"Kmatz, Zach",827297,Right,BRE_WHI,"Miller, Caden",832296,Left,HYA_HAR,Undefined,6,Top,2,0,1,Sinker,Sinker,FoulBallNotFieldable,Undefined,Undefined,Undefined,0,0,,90.85731,-1.004231,-3.143201,2018.549574,258.94126,2:45,5.14684,1.82832,6.85503,-27.75332,5.50012,21.8034,1.91709,0.77692,81.7002,-6.277339,0.840938,0.41504,,,,,,,,,,,,-12.67135,3.61028,-1.63473,50,5.07294,6.41502,-131.86097,-3.12271,-21.83324,33.62187,-25.95341,BRE_WHI,HYA_HAR,CCBLBrewster,Cape Cod Baseball League,CCBL,20260618-CCBLBrewster-1,1fbc0240-6b65-11f1-bb15-89f1c00ac393,90.81645,,,9.15712,,,,,,,93573a9d-26bc-46cc-8648-aab8239aff84,2026-06-18,22:29:08.81,2026-06-18T18:29:08.8190000-04:00,2026-06-18T22:29:08.8190000Z,,v3,,,,"Jenkins, Owen",828215,Right,BRE_WHI,c569bb09-9ecb-4e9c-b7d6-09179b928349,53.6424,-132.78645,16.81094,5.14906,-2.4083,-12.97671,-1.81959,7.01601,-10.91662,,,,,,,,,,,,,,,,,,,,,,,,,,,,,,,,,,,,,,,,,,,,,,,,,,,High,High,High,,,,,,,,,,,,,,,,,,,,,,,,,,,,,,,,,,,,,
157,2026-06-18,18:29:27.06,3,3,"Kmatz, Zach",827297,Right,BRE_WHI,"Miller, Caden",832296,Left,HYA_HAR,Undefined,6,Top,2,0,2,ChangeUp,Changeup,BallCalled,Undefined,Undefined,Undefined,0,0,,85.27861,-1.606941,-4.06209,1565.286666,247.636739,2:15,4.84397,1.89529,7.10081,-31.25576,6.22752,11.73705,0.77721,-0.81857,76.87924,-7.552641,-1.911125,0.440646,,,,,,,,,,,,-7.66489,4.29335,-1.65635,50,4.73879,8.37514,-123.62104,-4.2881,-11.61281,29.45606,-25.66932,BRE_WHI,HYA_HAR,CCBLBrewster,Cape Cod Baseball League,CCBL,20260618-CCBLBrewster-1,2aa54860-6b65-11f1-bb15-89f1c00ac393,85.53898,,,8.39937,,,,,,,93573a9d-26bc-46cc-8648-aab8239aff84,2026-06-18,22:29:27.06,2026-06-18T18:29:27.0690000-04:00,2026-06-18T22:29:27.0690000Z,,v3,,,,"Jenkins, Owen",828215,Right,BRE_WHI,8fa7f8ff-41eb-4912-b3bc-afa0d4a890fa,53.39488,-124.42733,14.72803,4.84655,-3.58547,-12.83466,-1.88995,8.69302,-5.80641,,,,,,,,,,,,,,,,,,,,,,,,,,,,,,,,,,,,,,,,,,,,,,,,,,,High,High,High,,,,,,,,,,,,,,,,,,,,,,,,,,,,,,,,,,,,,
158,2026-06-18,18:29:39.81,3,4,"Kmatz, Zach",827297,Right,BRE_WHI,"Miller, Caden",832296,Left,HYA_HAR,Undefined,6,Top,2,1,2,Sinker,Sinker,FoulBallNotFieldable,Undefined,Undefined,Undefined,0,0,,91.96397,-1.339985,-2.485716,2168.698421,253.771327,2:30,5.14006,1.87168,7.0332,-24.99793,7.02587,20.25107,1.83811,1.29949,83.19618,-6.106769,1.229614,0.407294,,,,,,,,,,,,-11.6128,4.52425,-1.72616,50,5.05074,5.04267,-133.6183,-3.82554,-20.67495,32.88252,-24.11922,BRE_WHI,HYA_HAR,CCBLBrewster,Cape Cod Baseball League,CCBL,20260618-CCBLBrewster-1,32394900-6b65-11f1-bb15-89f1c00ac393,92.5436,,,8.76779,,,,,,,93573a9d-26bc-46cc-8648-aab8239aff84,2026-06-18,22:29:39.81,2026-06-18T18:29:39.8190000-04:00,2026-06-18T22:29:39.8190000Z,,v3,,,,"Jenkins, Owen",828215,Right,BRE_WHI,22c8e588-28e6-4d77-8d28-2d51414c389e,53.46417,-134.4681,16.44126,5.14155,-3.20221,-12.05961,-1.86339,5.57699,-10.33748,,,,,,,,,,,,,,,,,,,,,,,,,,,,,,,,,,,,,,,,,,,,,,,,,,,High,High,High,,,,,,,,,,,,,,,,,,,,,,,,,,,,,,,,,,,,,
159,2026-06-18,18:29:59.77,3,5,"Kmatz, Zach",827297,Right,BRE_WHI,"Miller, Caden",832296,Left,HYA_HAR,Undefined,6,Top,2,1,2,ChangeUp,Changeup,StrikeSwinging,Strikeout,Undefined,Undefined,0,0,,85.65033,-2.026956,-3.137748,1676.995191,254.012512,2:30,4.93703,1.86671,7.0723,-31.69891,5.31803,13.89272,0.45175,0.17298,77.56767,-8.03554,-0.587522,0.437897,,,,,,,,,,,,-8.47556,3.90914,-1.68203,50,4.8056,6.33583,-124.29951,-5.24517,-13.02728,28.99532,-26.16552,BRE_WHI,HYA_HAR,CCBLBrewster,Cape Cod Baseball League,CCBL,20260618-CCBLBrewster-1,3e1c3160-6b65-11f1-bb15-89f1c00ac393,86.07607,,,8.08266,,,,,,,93573a9d-26bc-46cc-8648-aab8239aff84,2026-06-18,22:29:59.77,2026-06-18T18:29:59.7730000-04:00,2026-06-18T22:29:59.7730000Z,,v3,,,,"Jenkins, Owen",828215,Right,BRE_WHI,8e273b14-195e-46c3-84d9-a3b0762616c5,53.42431,-125.09574,14.49766,4.93977,-4.52664,-13.08276,-1.86093,6.69358,-6.51364,,,,,,,,,,,,,,,,,,,,,,,,,,,,,,,,,,,,,,,,,,,,,,,,,,,High,High,High,,,,,,,,,,,,,,,,,,,,,,,,,,,,,,,,,,,,,
160,2026-06-18,18:32:25.29,1,1,"Matson, Sax",821976,Left,HYA_HAR,"Abernathy, Jay",815337,Left,BRE_WHI,Undefined,6,Bottom,0,0,0,Slider,Slider,InPlay,Undefined,Bunt,Single,0,0,,79.6706,0.930136,0.780492,2422.949244,256.562451,2:30,4.60858,-2.07614,5.46798,-40.48246,4.67658,13.12276,2.10567,-0.2521,72.35676,-6.520939,3.117341,0.483664,45.10589,-68.912838,90.601913,,,,,3.2875,3.11127,24.00585,0.040811,-6.42674,2.46996,1.99804,50,4.66274,-2.08856,-115.57143,0.53654,-8.58946,23.91609,-28.87291,BRE_WHI,HYA_HAR,CCBLBrewster,Cape Cod Baseball League,CCBL,20260618-CCBLBrewster-1,94e23e40-6b65-11f1-bb15-89f1c00ac393,77.93107,2.542,,7.31384,,,,3.01344,2.542,0.35729,93573a9d-26bc-46cc-8648-aab8239aff84,2026-06-18,22:32:25.29,2026-06-18T18:32:25.2970000-04:00,2026-06-18T22:32:25.2970000Z,GroundBall,v3,,,,"Ortega, Efren",815707,Right,HYA_HAR,3c8e4a49-925a-45d8-8221-4bdda2fee2a5,55.02952,-116.60758,11.95805,4.6124,1.78744,-14.43645,2.08047,-1.71643,-4.29473,,3.01346,-0.25232,,,,,,,,2.54569,-62.28746,,,,,,,,0.35586,24.01737,,,,,,,,,,,,,,,,,,,,,,,,,,,,,,High,High,High,Low,Low,,,,,,,,,,,,,,,,,,,,,,,,,,,,,,,,,,,
161,2026-06-18,18:33:28.51,2,1,"Matson, Sax",821976,Left,HYA_HAR,"Carney, Frankie",805148,Left,BRE_WHI,Undefined,6,Bottom,0,0,0,Fastball,Sinker,BallCalled,Undefined,Undefined,Undefined,0,0,,87.95574,-0.166816,5.029878,2169.406763,131.787047,10:30,4.60773,-1.83174,6.18135,-15.97481,20.77477,-21.61702,3.12186,1.02341,78.23412,-3.303042,1.149086,0.436312,,,,,,,,,,,,12.74701,11.13052,1.46094,50,4.58676,-10.2593,-127.07615,-0.73767,20.35365,31.74799,-14.40154,BRE_WHI,HYA_HAR,CCBLBrewster,Cape Cod Baseball League,CCBL,20260618-CCBLBrewster-1,ba8c45a0-6b65-11f1-bb15-89f1c00ac393,86.38863,,,9.72162,,,,,,,93573a9d-26bc-46cc-8648-aab8239aff84,2026-06-18,22:33:28.51,2026-06-18T18:33:28.5130000-04:00,2026-06-18T22:33:28.5130000Z,,v3,,,,"Ortega, Efren",815707,Right,HYA_HAR,ef48b634-6052-440b-a03a-4b339122fcbc,54.31125,-128.14872,15.874,4.60346,-0.25113,-7.20077,1.81916,-10.94693,10.17682,,,,,,,,,,,,,,,,,,,,,,,,,,,,,,,,,,,,,,,,,,,,,,,,,,,High,High,High,,,,,,,,,,,,,,,,,,,,,,,,,,,,,,,,,,,,,
162,2026-06-18,18:33:55.72,2,2,"Matson, Sax",821976,Left,HYA_HAR,"Carney, Frankie",805148,Left,BRE_WHI,Undefined,6,Bottom,0,1,0,Slider,Slider,BallCalled,Undefined,Undefined,Undefined,0,0,,79.24526,0.898753,2.259369,2532.180959,253.735662,2:30,4.56992,-2.02967,5.36791,-39.7703,5.95563,15.29473,2.09912,1.36437,72.30122,-6.394159,4.972108,0.48669,,,,,,,,,,,,-6.98792,3.17776,1.81586,50,4.62265,-5.14825,-114.87883,0.47134,-9.26884,22.75984,-27.95907,BRE_WHI,HYA_HAR,CCBLBrewster,Cape Cod Baseball League,CCBL,20260618-CCBLBrewster-1,cacc4690-6b65-11f1-bb15-89f1c00ac393,77.44644,,,6.94403,,,,,,,93573a9d-26bc-46cc-8648-aab8239aff84,2026-06-18,22:33:55.72,2026-06-18T18:33:55.7230000-04:00,2026-06-18T22:33:55.7230000Z,,v3,,,,"Ortega, Efren",815707,Right,HYA_HAR,e22a67d0-0bcb-4843-aac6-16935bb0cdcd,55.12834,-115.8904,11.37992,4.57408,1.714,-13.97953,2.03552,-4.73629,-4.63442,,,,,,,,,,,,,,,,,,,,,,,,,,,,,,,,,,,,,,,,,,,,,,,,,,,High,High,High,,,,,,,,,,,,,,,,,,,,,,,,,,,,,,,,,,,,,
163,2026-06-18,18:34:36.40,2,3,"Matson, Sax",821976,Left,HYA_HAR,"Carney, Frankie",805148,Left,BRE_WHI,Undefined,6,Bottom,0,2,0,Fastball,Sinker,BallCalled,Undefined,Undefined,StolenBase,0,0,,87.71148,-0.958609,4.105635,2159.339145,122.815124,10:00,4.51012,-1.83806,6.00831,-25.3808,11.63363,-15.83942,1.50462,0.65206,78.58857,-5.752397,1.264664,0.437882,,,,,,,,,,,,9.50158,6.70626,1.52375,50,4.42106,-8.44165,-126.88053,-2.92059,15.1638,31.04415,-21.47136,BRE_WHI,HYA_HAR,CCBLBrewster,Cape Cod Baseball League,CCBL,20260618-CCBLBrewster-1,e3043a10-6b65-11f1-bb15-89f1c00ac393,86.07904,,,9.12291,,,,,,,93573a9d-26bc-46cc-8648-aab8239aff84,2026-06-18,22:34:36.40,2026-06-18T18:34:36.4040000-04:00,2026-06-18T22:34:36.4040000Z,,v3,,,,"Ortega, Efren",815707,Right,HYA_HAR,5af7e0fa-5b5b-49d5-ba2b-c5b80ae97014,54.48601,-127.97342,15.52208,4.51057,-2.1647,-10.73568,1.83033,-8.97549,7.5819,,,,,,,,,,,,,,,,,,,,,,,,,,,,,78.22749,,0.75351,,0.58603,1.42029,-0.67008,-0.05083,5.75509,-0.50506,,,,0.03455,113.31509,-9.28571,5.76175,6.94782,-11.08835,-0.5358,-5.23719,2.68021,High,High,High,,,High,High,Medium,,,,,,,,,,,,,,,,,,,,,,,,,,,,,,,,
164,2026-06-18,18:35:14.77,2,4,"Matson, Sax",821976,Left,HYA_HAR,"Carney, Frankie",805148,Left,BRE_WHI,Undefined,6,Bottom,0,3,0,Fastball,Sinker,BallCalled,Walk,Undefined,Undefined,0,0,,88.67103,0.256893,4.0843,2272.873286,139.768291,10:45,4.49457,-1.8705,6.22909,-19.59914,15.85584,-12.39194,3.09891,0.87128,80.24,-3.488899,1.854608,0.428558,,,,,,,,,,,,7.57028,8.47048,1.57068,50,4.5039,-8.65492,-128.46531,0.03171,12.55798,28.43919,-18.12279,BRE_WHI,HYA_HAR,CCBLBrewster,Cape Cod Baseball League,CCBL,20260618-CCBLBrewster-1,f9e13170-6b65-11f1-bb15-89f1c00ac393,87.95168,,,8.43102,,,,,,,93573a9d-26bc-46cc-8648-aab8239aff84,2026-06-18,22:35:14.77,2026-06-18T18:35:14.7760000-04:00,2026-06-18T22:35:14.7760000Z,,v3,,,,"Ortega, Efren",815707,Right,HYA_HAR,cfcb2049-ebe8-4ce5-bdc0-85b72a8f8ecb,54.26504,-129.40605,14.2196,4.49294,0.63119,-9.06139,1.86384,-9.07032,6.27899,,,,,,,,,,,,,,,,,,,,,,,,,,,,,,,,,,,,,,,,,,,,,,,,,,,High,High,High,,,,,,,,,,,,,,,,,,,,,,,,,,,,,,,,,,,,,
165,2026-06-18,18:35:53.36,3,1,"Matson, Sax",821976,Left,HYA_HAR,"Laskofski, Jamie",842027,Left,BRE_WHI,Undefined,6,Bottom,0,0,0,Slider,Slider,BallCalled,Undefined,Undefined,Undefined,0,0,,81.68515,0.938928,2.993606,2617.743085,261.241902,2:45,4.44133,-2.08044,5.46045,-39.63093,3.2413,12.08595,2.01885,1.73124,74.60269,-6.320816,5.138627,0.471259,,,,,,,,,,,,-5.1763,1.79996,1.80827,50,4.49727,-6.69001,-118.3774,0.57286,-7.30223,23.82794,-29.63481,BRE_WHI,HYA_HAR,CCBLBrewster,Cape Cod Baseball League,CCBL,20260618-CCBLBrewster-1,10e4c3a0-6b66-11f1-bb15-89f1c00ac393,79.98247,,,7.08246,,,,,,,93573a9d-26bc-46cc-8648-aab8239aff84,2026-06-18,22:35:53.36,2026-06-18T18:35:53.3650000-04:00,2026-06-18T22:35:53.3650000Z,,v3,,,,"Ortega, Efren",815707,Right,HYA_HAR,c5486b97-0f1b-40d8-8117-599cdc998e1c,55.03563,-119.38671,11.91397,4.44642,1.82814,-14.81741,2.0851,-6.38071,-3.65112,,,,,,,,,,,,,,,,,,,,,,,,,,,,,,,,,,,,,,,,,,,,,,,,,,,High,High,High,,,,,,,,,,,,,,,,,,,,,,,,,,,,,,,,,,,,,
166,2026-06-18,18:37:10.63,3,2,"Matson, Sax",821976,Left,HYA_HAR,"Laskofski, Jamie",842027,Left,BRE_WHI,Undefined,6,Bottom,0,1,0,Fastball,Sinker,StrikeCalled,Undefined,Undefined,Undefined,0,1,,90.07842,-0.23127,4.58703,2195.762217,124.111927,10:15,4.61473,-1.89511,5.93992,-21.3619,13.77587,-18.37938,2.61935,0.83739,80.6699,-4.291634,1.299024,0.426637,,,,,,,,,,,,10.80827,7.49567,1.53858,50,4.58438,-9.62869,-130.2365,-1.18841,18.2319,31.91021,-19.53001,BRE_WHI,HYA_HAR,CCBLBrewster,Cape Cod Baseball League,CCBL,20260618-CCBLBrewster-1,3eea6160-6b66-11f1-bb15-89f1c00ac393,88.3478,,,9.40852,,,,,,,93573a9d-26bc-46cc-8648-aab8239aff84,2026-06-18,22:37:10.63,2026-06-18T18:37:10.6380000-04:00,2026-06-18T22:37:10.6380000Z,,v3,,,,"Ortega, Efren",815707,Right,HYA_HAR,bea72bdd-4c12-4a97-bf37-e522cfa1322e,54.55336,-131.34741,15.95511,4.61392,-0.50849,-9.765,1.88484,-10.26342,9.11595,,,,,,,,,,,,,,,,,,,,,,,,,,,,,,,,,,,,,,,,,,,,,,,,,,,High,High,High,,,,,,,,,,,,,,,,,,,,,,,,,,,,,,,,,,,,,
167,2026-06-18,18:37:36.42,3,3,"Matson, Sax",821976,Left,HYA_HAR,"Laskofski, Jamie",842027,Left,BRE_WHI,Undefined,6,Bottom,0,1,1,Slider,Slider,BallCalled,Undefined,Undefined,Undefined,0,0,,79.28687,1.125462,2.005501,2600.387905,280.138206,3:15,4.57701,-1.90711,5.44999,-48.21822,-2.09866,21.05249,1.61323,1.72551,71.65657,-7.698952,5.747853,0.488781,,,,,,,,,,,,-9.83048,-0.88614,1.71561,50,4.64389,-4.88138,-114.84294,0.60054,-12.84459,25.55959,-33.33189,BRE_WHI,HYA_HAR,CCBLBrewster,Cape Cod Baseball League,CCBL,20260618-CCBLBrewster-1,4e592fa0-6b66-11f1-bb15-89f1c00ac393,77.11523,,,7.6303,,,,,,,93573a9d-26bc-46cc-8648-aab8239aff84,2026-06-18,22:37:36.42,2026-06-18T18:37:36.4240000-04:00,2026-06-18T22:37:36.4240000Z,,v3,,,,"Ortega, Efren",815707,Right,HYA_HAR,9c65c891-1833-4f93-8b4a-1edfe021a988,55.04602,-115.96055,12.7798,4.58577,2.058,-16.66595,1.91677,-4.31975,-6.4223,,,,,,,,,,,,,,,,,,,,,,,,,,,,,,,,,,,,,,,,,,,,,,,,,,,High,High,High,,,,,,,,,,,,,,,,,,,,,,,,,,,,,,,,,,,,,
168,2026-06-18,18:37:57.26,3,4,"Matson, Sax",821976,Left,HYA_HAR,"Laskofski, Jamie",842027,Left,BRE_WHI,Undefined,6,Bottom,0,2,1,Sinker,Slider,BallCalled,Undefined,Undefined,Undefined,0,0,,77.50197,1.662903,2.11742,2577.791606,292.65956,3:45,4.50483,-1.81367,5.47616,-53.96991,-5.70571,17.86615,1.56484,1.65736,70.02306,-8.202172,5.295507,0.500016,,,,,,,,,,,,-8.2143,-2.86508,1.61551,50,4.61479,-4.85976,-112.23773,1.43514,-10.24491,24.53136,-35.74736,BRE_WHI,HYA_HAR,CCBLBrewster,Cape Cod Baseball League,CCBL,20260618-CCBLBrewster-1,5ac719f0-6b66-11f1-bb15-89f1c00ac393,75.38246,,,7.47891,,,,,,,93573a9d-26bc-46cc-8648-aab8239aff84,2026-06-18,22:37:57.26,2026-06-18T18:37:57.2680000-04:00,2026-06-18T22:37:57.2680000Z,,v3,,,,"Ortega, Efren",815707,Right,HYA_HAR,cd97cbd6-9e8c-489d-8cf1-65dd15c2a6b5,55.02049,-113.32973,12.26568,4.51549,3.0264,-17.87368,1.82169,-4.40372,-5.12246,,,,,,,,,,,,,,,,,,,,,,,,,,,,,,,,,,,,,,,,,,,,,,,,,,,High,High,High,,,,,,,,,,,,,,,,,,,,,,,,,,,,,,,,,,,,,
169,2026-06-18,18:38:15.86,3,5,"Matson, Sax",821976,Left,HYA_HAR,"Laskofski, Jamie",842027,Left,BRE_WHI,Undefined,6,Bottom,0,3,1,Fastball,Sinker,StrikeCalled,Undefined,Undefined,Undefined,0,0,,88.54684,-0.516105,4.186414,2226.435736,129.530741,10:15,4.5575,-1.89728,6.07696,-20.25072,16.38839,-17.99698,2.39114,0.48324,78.28904,-4.42611,0.955772,0.435656,,,,,,,,,,,,10.68548,9.01898,1.58186,50,4.50694,-8.57469,-127.91972,-1.71712,17.13903,34.24786,-17.70795,BRE_WHI,HYA_HAR,CCBLBrewster,Cape Cod Baseball League,CCBL,20260618-CCBLBrewster-1,65cff600-6b66-11f1-bb15-89f1c00ac393,86.51878,,,10.2578,,,,,,,93573a9d-26bc-46cc-8648-aab8239aff84,2026-06-18,22:38:15.86,2026-06-18T18:38:15.8680000-04:00,2026-06-18T22:38:15.8680000Z,,v3,,,,"Ortega, Efren",815707,Right,HYA_HAR,df06da2d-d713-4424-806b-4058692d0078,54.41359,-129.09596,17.12393,4.55547,-1.10894,-8.85398,1.88646,-9.16333,8.56951,,,,,,,,,,,,,,,,,,,,,,,,,,,,,,,,,,,,,,,,,,,,,,,,,,,High,High,High,,,,,,,,,,,,,,,,,,,,,,,,,,,,,,,,,,,,,
170,2026-06-18,18:38:34.99,3,6,"Matson, Sax",821976,Left,HYA_HAR,"Laskofski, Jamie",842027,Left,BRE_WHI,Undefined,6,Bottom,0,3,2,Fastball,Four-Seam,InPlay,Undefined,LineDrive,Sacrifice,1,1,,89.01344,-0.019212,2.217754,2225.104761,140.888186,10:45,4.55195,-1.92271,5.98006,-17.91489,17.86379,-13.44194,3.04123,-0.98617,79.78083,-3.472004,-0.196713,0.43051,66.73575,33.401015,22.597683,2344.286653,102.1647,48.20193,40.77185,236.57913,233.76589,20.019608,3.670555,7.63213,9.55001,1.75485,50,4.5407,-4.42539,-129.02609,-0.54323,12.6186,31.65903,-16.38453,BRE_WHI,HYA_HAR,CCBLBrewster,Cape Cod Baseball League,CCBL,20260618-CCBLBrewster-1,71394190-6b66-11f1-bb15-89f1c00ac393,87.55295,48.89327,,9.23261,,,,1.26237,3.11358,1.03343,93573a9d-26bc-46cc-8648-aab8239aff84,2026-06-18,22:38:34.99,2026-06-18T18:38:34.9980000-04:00,2026-06-18T22:38:34.9980000Z,FlyBall,v3,,,,"Ortega, Efren",815707,Right,HYA_HAR,f31ae74c-9d66-404f-a4e4-59203cbb1c8a,54.51441,-130.12907,15.82951,4.54968,0.0276,-8.19226,1.91669,-4.86502,6.3093,168.442626,1.26272,75.42725,-8.82956,2.01886,-0.1334,-0.10664,0.04386,-0.00688,0.0004,3.11346,53.88502,-17.04386,0.90999,-0.16234,0.00091,0.01947,-0.00577,0.00051,1.03371,31.39074,-4.71776,0.90306,-0.07555,-0.02218,0.00611,-9E-05,-6E-05,,,,,,,,,,,,,,,,,,,,,,,High,High,High,High,High,,,,,,,,,,,,,,,,,,,,,,,,,,,,,,,,,,,
171,2026-06-18,18:41:35.96,4,1,"Webb, Truitt",842083,Right,HYA_HAR,"Lee, Jacob",842028,Right,BRE_WHI,Undefined,6,Bottom,1,0,0,Slider,Slider,StrikeCalled,Undefined,Undefined,Undefined,0,0,,81.71236,-0.230576,-2.798011,2050.953362,189.401147,12:15,5.31806,1.19729,6.61554,-29.49025,11.90166,1.72165,2.64912,-1.22376,73.70024,-5.838484,-2.485282,0.463051,,,,,,,,,,,,-1.81209,6.78804,-1.00777,50,5.29047,5.72837,-118.50223,-1.25453,-2.53302,26.22886,-22.68534,BRE_WHI,HYA_HAR,CCBLBrewster,Cape Cod Baseball League,CCBL,20260618-CCBLBrewster-1,dd206500-6b66-11f1-bb15-89f1c00ac393,81.40015,,,8.01212,,,,,,,93573a9d-26bc-46cc-8648-aab8239aff84,2026-06-18,22:41:35.96,2026-06-18T18:41:35.9600000-04:00,2026-06-18T22:41:35.9600000Z,,v3,,,,"Ortega, Efren",815707,Right,HYA_HAR,364f7204-2eb2-4b08-94fe-6374b26ae326,53.87678,-119.35722,13.11443,5.31931,-0.51506,-11.34267,-1.19585,5.81094,-1.26651,,,,,,,,,,,,,,,,,,,,,,,,,,,,,,,,,,,,,,,,,,,,,,,,,,,High,High,High,,,,,,,,,,,,,,,,,,,,,,,,,,,,,,,,,,,,,
172,2026-06-18,18:41:48.26,4,2,"Webb, Truitt",842083,Right,HYA_HAR,"Lee, Jacob",842028,Right,BRE_WHI,Undefined,6,Bottom,1,0,1,Fastball,Four-Seam,StrikeCalled,Undefined,Undefined,Undefined,0,0,,91.07413,-2.711019,-2.291161,2324.26115,199.199506,12:45,5.41883,0.74732,6.78845,-10.8178,22.35186,7.35,2.03889,-0.73268,81.82806,-4.893811,-0.95102,0.414516,,,,,,,,,,,,-4.60107,13.01847,-0.60069,50,5.2376,4.98732,-132.02862,-6.41245,-7.97353,32.88518,-9.61331,BRE_WHI,HYA_HAR,CCBLBrewster,Cape Cod Baseball League,CCBL,20260618-CCBLBrewster-1,e4692bd0-6b66-11f1-bb15-89f1c00ac393,90.9311,,,9.24607,,,,,,,93573a9d-26bc-46cc-8648-aab8239aff84,2026-06-18,22:41:48.26,2026-06-18T18:41:48.2690000-04:00,2026-06-18T22:41:48.2690000Z,,v3,,,,"Ortega, Efren",815707,Right,HYA_HAR,9cc5652b-749a-4008-b8ae-d4e3fa463140,53.70427,-132.94807,16.44259,5.41312,-6.14367,-4.80665,-0.74325,5.21025,-3.98677,,,,,,,,,,,,,,,,,,,,,,,,,,,,,,,,,,,,,,,,,,,,,,,,,,,High,High,High,,,,,,,,,,,,,,,,,,,,,,,,,,,,,,,,,,,,,
173,2026-06-18,18:42:03.03,4,3,"Webb, Truitt",842083,Right,HYA_HAR,"Lee, Jacob",842028,Right,BRE_WHI,Undefined,6,Bottom,1,0,2,Fastball,Four-Seam,StrikeSwinging,Strikeout,Undefined,Undefined,0,0,,90.99608,-2.27927,-1.499404,2215.756907,197.575776,12:30,5.40601,0.93391,6.6298,-10.37556,23.01411,6.89422,2.45273,0.1353,81.7198,-4.379324,-0.245286,0.415889,,,,,,,,,,,,-4.07984,13.15083,-0.83472,50,5.24656,3.17165,-131.97635,-5.40133,-7.06399,32.88511,-9.40432,BRE_WHI,HYA_HAR,CCBLBrewster,Cape Cod Baseball League,CCBL,20260618-CCBLBrewster-1,ed35ac70-6b66-11f1-bb15-89f1c00ac393,90.63098,,,9.27629,,,,,,,93573a9d-26bc-46cc-8648-aab8239aff84,2026-06-18,22:42:03.03,2026-06-18T18:42:03.0390000-04:00,2026-06-18T22:42:03.0390000Z,,v3,,,,"Ortega, Efren",815707,Right,HYA_HAR,4df9e6dc-f573-4106-bc93-5ae36c22a9cb,53.86278,-132.93537,16.44256,5.40008,-5.12707,-4.70216,-0.93022,3.37766,-3.53199,,,,,,,,,,,,,,,,,,,,,,,,,,,,,59.70578,,,1.150049,,,,-1.14581,5.44378,1.36776,72.8941,7.48764,-51.90716,-1.13884,66.71952,-2.03913,5.49837,19.09543,-15.09255,1.29799,-52.37723,5.30858,High,High,High,,,High,High,High,,,,,,,,,,,,,,,,,,,,,,,,,,,,,,,,
174,2026-06-18,18:42:28.50,5,1,"Webb, Truitt",842083,Right,HYA_HAR,"Jenkins, Owen",828215,Right,BRE_WHI,Undefined,6,Bottom,2,0,0,Slider,Changeup,BallCalled,Undefined,Undefined,Undefined,0,0,,81.96406,0.174256,-0.196747,2071.983579,200.451724,12:45,5.34036,1.14514,6.41589,-27.43033,14.15686,4.69146,3.2147,1.35522,73.45102,-5.066555,0.653824,0.464142,,,,,,,,,,,,-2.48323,7.77894,-1.13289,50,5.34051,0.22857,-118.89266,-0.36709,-3.4753,27.52522,-21.28745,BRE_WHI,HYA_HAR,CCBLBrewster,Cape Cod Baseball League,CCBL,20260618-CCBLBrewster-1,fc659cf0-6b66-11f1-bb15-89f1c00ac393,81.20881,,,8.51304,,,,,,,93573a9d-26bc-46cc-8648-aab8239aff84,2026-06-18,22:42:28.50,2026-06-18T18:42:28.5020000-04:00,2026-06-18T22:42:28.5020000Z,,v3,,,,"Ortega, Efren",815707,Right,HYA_HAR,df1ba137-39b3-4488-8256-6e2c5a95932f,54.07506,-119.83238,13.76261,5.34063,0.35967,-10.64373,-1.14272,0.34721,-1.73765,,,,,,,,,,,,,,,,,,,,,,,,,,,,,,,,,,,,,,,,,,,,,,,,,,,High,High,High,,,,,,,,,,,,,,,,,,,,,,,,,,,,,,,,,,,,,
175,2026-06-18,18:42:40.73,5,2,"Webb, Truitt",842083,Right,HYA_HAR,"Jenkins, Owen",828215,Right,BRE_WHI,Undefined,6,Bottom,2,1,0,Fastball,Four-Seam,StrikeCalled,Undefined,Undefined,Undefined,0,0,,90.31802,-3.116322,-2.6289,2144.00725,194.197504,12:30,5.38481,0.91761,6.73461,-10.49819,23.51978,5.61158,1.65662,-1.01859,80.74739,-5.252106,-1.607392,0.419784,,,,,,,,,,,,-3.84414,13.81713,-0.74618,50,5.17428,5.77912,-130.7748,-7.26251,-6.49937,33.66931,-8.81308,BRE_WHI,HYA_HAR,CCBLBrewster,Cape Cod Baseball League,CCBL,20260618-CCBLBrewster-1,03b604e0-6b67-11f1-bb15-89f1c00ac393,89.79014,,,9.57062,,,,,,,93573a9d-26bc-46cc-8648-aab8239aff84,2026-06-18,22:42:40.73,2026-06-18T18:42:40.7330000-04:00,2026-06-18T22:42:40.7330000Z,,v3,,,,"Ortega, Efren",815707,Right,HYA_HAR,1de4276e-4b24-4425-9b78-4c0abc89fe06,53.75745,-131.73865,16.83466,5.37857,-7.01022,-4.40654,-0.91428,5.96518,-3.24969,,,,,,,,,,,,,,,,,,,,,,,,,,,,,,,,,,,,,,,,,,,,,,,,,,,High,High,High,,,,,,,,,,,,,,,,,,,,,,,,,,,,,,,,,,,,,
176,2026-06-18,18:42:53.99,5,3,"Webb, Truitt",842083,Right,HYA_HAR,"Jenkins, Owen",828215,Right,BRE_WHI,Undefined,6,Bottom,2,1,1,Fastball,Four-Seam,BallCalled,Undefined,Undefined,Undefined,0,0,,91.00311,-4.496902,-2.28852,2259.775827,195.240622,12:30,5.37673,0.89045,6.6678,-9.67418,23.81891,6.14154,0.44452,-0.69267,81.8618,-6.458226,-1.171516,0.416533,,,,,,,,,,,,-3.98634,14.3965,-0.73924,50,5.07019,5.01946,-131.675,-10.49602,-6.87034,32.74824,-7.36219,BRE_WHI,HYA_HAR,CCBLBrewster,Cape Cod Baseball League,CCBL,20260618-CCBLBrewster-1,0b99d330-6b67-11f1-bb15-89f1c00ac393,90.49096,,,9.14132,,,,,,,93573a9d-26bc-46cc-8648-aab8239aff84,2026-06-18,22:42:53.99,2026-06-18T18:42:53.9990000-04:00,2026-06-18T22:42:53.9990000Z,,v3,,,,"Ortega, Efren",815707,Right,HYA_HAR,516da34a-d087-4adb-a7fe-8d822a482f0a,53.82679,-132.62333,16.37412,5.37105,-10.28283,-3.6811,-0.88747,5.21841,-3.43517,,,,,,,,,,,,,,,,,,,,,,,,,,,,,,,,,,,,,,,,,,,,,,,,,,,High,High,High,,,,,,,,,,,,,,,,,,,,,,,,,,,,,,,,,,,,,
177,2026-06-18,18:43:14.99,5,4,"Webb, Truitt",842083,Right,HYA_HAR,"Jenkins, Owen",828215,Right,BRE_WHI,Undefined,6,Bottom,2,2,1,Cutter,Cutter,FoulBallNotFieldable,Undefined,Undefined,Undefined,0,0,,84.68615,-1.252758,-2.283737,2098.37077,194.920309,12:30,5.42167,1.16041,6.56838,-24.37308,15.27335,3.59567,2.24115,-0.63444,74.38352,-5.978463,-1.630577,0.453183,72.1571,50.245966,87.508912,5509.99489,,,,,50.28313,,,-2.81437,9.00749,-1.00469,50,5.32544,4.74587,-122.51207,-3.29494,-4.08465,34.34124,-19.10098,BRE_WHI,HYA_HAR,CCBLBrewster,Cape Cod Baseball League,CCBL,20260618-CCBLBrewster-1,181ccc20-6b67-11f1-bb15-89f1c00ac393,83.1727,51.77211,,10.30263,,,,1.14602,2.21271,0.64214,93573a9d-26bc-46cc-8648-aab8239aff84,2026-06-18,22:43:14.99,2026-06-18T18:43:14.9980000-04:00,2026-06-18T22:43:14.9980000Z,,v3,,,,"Ortega, Efren",815707,Right,HYA_HAR,13595826-cad4-4deb-8994-6e3d9538400e,53.92063,-123.60618,17.17062,5.42073,-2.68639,-9.55049,-1.15797,4.87601,-2.04232,,1.14602,2.94142,-3.45909,1.35985,-0.13635,-0.58827,1.09668,-0.94817,0.3286,2.21271,81.36186,-28.7672,3.63613,-0.66685,-0.29191,0.72518,-0.64115,0.22282,0.64214,67.61374,-10.11563,1.56506,-0.28404,-0.02164,0.10828,-0.09922,0.0344,,,,,,,,,,,,,,,,,,,,,,,High,High,High,Medium,Undefined,,,,,,,,,,,,,,,,,,,,,,,,,,,,,,,,,,,
178,2026-06-18,18:43:33.52,5,5,"Webb, Truitt",842083,Right,HYA_HAR,"Jenkins, Owen",828215,Right,BRE_WHI,Undefined,6,Bottom,2,2,2,Fastball,Four-Seam,BallCalled,Undefined,Undefined,Undefined,0,0,,89.85171,-3.331446,-3.35738,2104.189819,203.716443,12:45,5.37292,0.69913,6.82465,-12.43335,22.24647,9.12016,1.28928,-1.60688,79.50978,-5.847744,-1.69558,0.423848,,,,,,,,,,,,-6.02433,13.3717,-0.48552,50,5.15267,7.24782,-129.86001,-7.75353,-9.93286,35.91355,-10.12687,BRE_WHI,HYA_HAR,CCBLBrewster,Cape Cod Baseball League,CCBL,20260618-CCBLBrewster-1,23286750-6b67-11f1-bb15-89f1c00ac393,88.9292,,,10.34193,,,,,,,93573a9d-26bc-46cc-8648-aab8239aff84,2026-06-18,22:43:33.52,2026-06-18T18:43:33.5280000-04:00,2026-06-18T22:43:33.5280000Z,,v3,,,,"Ortega, Efren",815707,Right,HYA_HAR,faba3cab-c31e-435e-bdd7-6cf851a7406d,53.66475,-130.8696,17.95677,5.36663,-7.46885,-5.06344,-0.6932,7.52705,-4.96643,,,,,,,,,,,,,,,,,,,,,,,,,,,,,,,,,,,,,,,,,,,,,,,,,,,High,High,High,,,,,,,,,,,,,,,,,,,,,,,,,,,,,,,,,,,,,
179,2026-06-18,18:43:46.67,5,6,"Webb, Truitt",842083,Right,HYA_HAR,"Jenkins, Owen",828215,Right,BRE_WHI,Undefined,6,Bottom,2,3,2,Fastball,Four-Seam,InPlay,Undefined,LineDrive,Out,1,0,,88.89131,-1.777036,-2.036935,2110.590705,190.003111,12:15,5.38375,0.82253,6.84799,-9.96473,25.46651,4.2187,2.93157,-0.6839,78.18535,-3.870329,-1.266866,0.428415,83.35646,57.666655,29.181335,,87.92758,133.0038,66.0963,223.16004,89.84328,40.278385,5.868635,-3.03217,14.57721,-0.69363,50,5.26556,4.41301,-128.73146,-4.07425,-4.88068,36.86216,-8.71017,BRE_WHI,HYA_HAR,CCBLBrewster,Cape Cod Baseball League,CCBL,20260618-CCBLBrewster-1,2afe52f0-6b67-11f1-bb15-89f1c00ac393,87.98112,135.75294,,10.70596,,,,0.75536,2.68993,0.60306,93573a9d-26bc-46cc-8648-aab8239aff84,2026-06-18,22:43:46.67,2026-06-18T18:43:46.6770000-04:00,2026-06-18T22:43:46.6770000Z,FlyBall,v3,,,,"Ortega, Efren",815707,Right,HYA_HAR,6e270801-9457-4c1e-9cd6-022f5c48dce8,53.64223,-129.77022,18.43108,5.37692,-3.8288,-4.35508,-0.81992,4.55054,-2.44034,197.447352,0.76191,56.9597,-14.36435,3.30499,-0.3231,-0.05737,0.02403,-0.00302,0.00013,2.68306,103.40168,-24.9821,2.90548,-0.55022,0.04922,0.00671,-0.00206,0.00014,0.6041,31.86685,-2.5101,0.33373,-0.02053,0.00561,-0.00331,0.00063,-4E-05,,,,,,,,,,,,,,,,,,,,,,,High,High,High,Low,Low,,,,,,,,,,,,,,,,,,,,,,,,,,,,,,,,,,,
180,2026-06-18,18:46:40.65,1,1,"Kmatz, Zach",827297,Right,BRE_WHI,"Embury, Jon",810993,Right,HYA_HAR,Undefined,7,Top,0,0,0,Sinker,Sinker,BallCalled,Undefined,Undefined,Undefined,0,0,,90.62846,-0.928681,-1.288552,2042.912889,243.589044,2:00,5.42564,1.30939,6.69319,-23.68533,9.68095,17.13288,2.60233,1.55859,81.97072,-5.43772,1.835178,0.415743,,,,,,,,,,,,-9.56067,5.74315,-1.23018,50,5.35442,2.3211,-131.71538,-2.81189,-16.53442,32.03903,-22.24169,BRE_WHI,HYA_HAR,CCBLBrewster,Cape Cod Baseball League,CCBL,20260618-CCBLBrewster-1,92a868f0-6b67-11f1-bb15-89f1c00ac393,90.66276,,,8.65774,,,,,,,93573a9d-26bc-46cc-8648-aab8239aff84,2026-06-18,22:46:40.65,2026-06-18T18:46:40.6570000-04:00,2026-06-18T22:46:40.6570000Z,,v3,,,,"Jenkins, Owen",828215,Right,BRE_WHI,379293b5-cbcb-4349-98b6-507cbbf0c03b,53.80506,-132.63771,16.01951,5.42616,-2.1716,-11.12085,-1.30385,2.79708,-8.26721,,,,,,,,,,,,,,,,,,,,,,,,,,,,,,,,,,,,,,,,,,,,,,,,,,,High,High,High,,,,,,,,,,,,,,,,,,,,,,,,,,,,,,,,,,,,,
181,2026-06-18,18:46:56.66,1,2,"Kmatz, Zach",827297,Right,BRE_WHI,"Embury, Jon",810993,Right,HYA_HAR,Undefined,7,Top,0,1,0,Slider,Slider,StrikeCalled,Undefined,Undefined,Undefined,0,0,,82.13465,1.391403,-0.848314,2184.264292,93.500549,9:00,5.3088,1.62997,6.38988,-39.23396,2.71047,-16.54473,3.31945,-0.52906,72.99099,-6.003339,-3.844695,0.466132,,,,,,,,,,,,8.17949,1.44095,-1.56262,50,5.39184,2.40618,-119.01664,1.71057,11.32646,30.1958,-30.1787,BRE_WHI,HYA_HAR,CCBLBrewster,Cape Cod Baseball League,CCBL,20260618-CCBLBrewster-1,9c4001c0-6b67-11f1-bb15-89f1c00ac393,80.86222,,,9.14366,,,,,,,93573a9d-26bc-46cc-8648-aab8239aff84,2026-06-18,22:46:56.66,2026-06-18T18:46:56.6640000-04:00,2026-06-18T22:46:56.6640000Z,,v3,,,,"Jenkins, Owen",828215,Right,BRE_WHI,1e1e0481-8881-4ea8-8507-9294dbb9577f,54.10186,-120.05282,15.0979,5.31537,2.74616,-15.08935,-1.63852,2.01751,5.66323,,,,,,,,,,,,,,,,,,,,,,,,,,,,,,,,,,,,,,,,,,,,,,,,,,,High,High,High,,,,,,,,,,,,,,,,,,,,,,,,,,,,,,,,,,,,,
182,2026-06-18,18:47:11.60,1,3,"Kmatz, Zach",827297,Right,BRE_WHI,"Embury, Jon",810993,Right,HYA_HAR,Undefined,7,Top,0,1,1,Slider,Slider,BallCalled,Undefined,Undefined,Undefined,0,0,,81.91384,-1.71111,-2.673736,2197.305784,79.937685,8:45,5.2646,1.54985,6.51984,-42.75872,-0.13669,-11.41733,0.12927,-1.85651,72.48774,-9.717331,-4.747969,0.469882,,,,,,,,,,,,4.81229,1.22583,-1.3595,50,5.12825,5.95866,-118.46228,-4.8067,6.50246,32.95595,-30.51766,BRE_WHI,HYA_HAR,CCBLBrewster,Cape Cod Baseball League,CCBL,20260618-CCBLBrewster-1,a52820b0-6b67-11f1-bb15-89f1c00ac393,80.21688,,,9.4261,,,,,,,93573a9d-26bc-46cc-8648-aab8239aff84,2026-06-18,22:47:11.60,2026-06-18T18:47:11.6050000-04:00,2026-06-18T22:47:11.6050000Z,,v3,,,,"Jenkins, Owen",828215,Right,BRE_WHI,f9e714a3-3f09-4e3b-8088-8d7b834a7712,53.9714,-119.56201,16.47797,5.27165,-3.78833,-15.25883,-1.55472,5.74168,3.25123,,,,,,,,,,,,,,,,,,,,,,,,,,,,,,,,,,,,,,,,,,,,,,,,,,,High,High,High,,,,,,,,,,,,,,,,,,,,,,,,,,,,,,,,,,,,,
183,2026-06-18,18:47:25.93,1,4,"Kmatz, Zach",827297,Right,BRE_WHI,"Embury, Jon",810993,Right,HYA_HAR,Undefined,7,Top,0,2,1,Sinker,Sinker,StrikeSwinging,Undefined,Undefined,Undefined,0,0,,91.44897,-2.268738,-2.319999,2120.697922,249.422523,2:15,5.40397,1.39957,6.90133,-23.88241,8.75934,20.19332,1.34455,0.96805,82.65728,-6.817728,1.376628,0.411205,,,,,,,,,,,,-11.43119,5.75579,-1.25907,50,5.25278,4.59727,-132.74679,-5.93249,-20.0563,32.85222,-22.07541,BRE_WHI,HYA_HAR,CCBLBrewster,Cape Cod Baseball League,CCBL,20260618-CCBLBrewster-1,adaa03c0-6b67-11f1-bb15-89f1c00ac393,91.66345,,,8.7917,,,,,,,93573a9d-26bc-46cc-8648-aab8239aff84,2026-06-18,22:47:25.93,2026-06-18T18:47:25.9330000-04:00,2026-06-18T22:47:25.9330000Z,,v3,,,,"Jenkins, Owen",828215,Right,BRE_WHI,d4cdc34d-0e3a-498b-a462-0d5268fbc537,53.59485,-133.63348,16.42611,5.40486,-5.33667,-11.03771,-1.39046,5.1386,-10.02815,,,,,,,,,,,,,,,,,,,,,,,,,,,,,,,,,,,,,,,,,,,,,,,,,,,High,High,High,,,,,,,,,,,,,,,,,,,,,,,,,,,,,,,,,,,,,
184,2026-06-18,18:47:43.19,1,5,"Kmatz, Zach",827297,Right,BRE_WHI,"Embury, Jon",810993,Right,HYA_HAR,Undefined,7,Top,0,2,2,Sinker,Sinker,FoulBallNotFieldable,Undefined,Undefined,Undefined,0,0,,90.92747,-1.468349,-2.257918,2065.301617,250.650973,2:15,5.33889,1.44973,6.90742,-24.95419,8.11949,19.65166,1.92078,1.02996,81.89493,-6.229702,1.339367,0.413916,,,,,,,,,,,,-11.24642,5.1639,-1.31381,50,5.23791,4.4701,-132.0434,-4.08363,-19.44987,33.47619,-23.24349,BRE_WHI,HYA_HAR,CCBLBrewster,Cape Cod Baseball League,CCBL,20260618-CCBLBrewster-1,b7ee5750-6b67-11f1-bb15-89f1c00ac393,91.06296,,,9.03253,,,,,,,93573a9d-26bc-46cc-8648-aab8239aff84,2026-06-18,22:47:43.19,2026-06-18T18:47:43.1910000-04:00,2026-06-18T22:47:43.1910000Z,,v3,,,,"Jenkins, Owen",828215,Right,BRE_WHI,c91c3378-613f-4aab-ad14-9149232e7e7f,53.58965,-132.95035,16.73809,5.34002,-3.45391,-11.62175,-1.44205,4.99703,-9.72493,,,,,,,,,,,,,,,,,,,,,,,,,,,,,,,,,,,,,,,,,,,,,,,,,,,High,High,High,,,,,,,,,,,,,,,,,,,,,,,,,,,,,,,,,,,,,
185,2026-06-18,18:48:03.53,1,6,"Kmatz, Zach",827297,Right,BRE_WHI,"Embury, Jon",810993,Right,HYA_HAR,Undefined,7,Top,0,2,2,Cutter,Changeup,StrikeSwinging,Strikeout,Undefined,Undefined,0,0,,85.05053,-1.990828,-2.84466,1549.713231,216.46569,1:15,5.10327,1.47469,7.07469,-23.57257,13.76142,9.20776,1.32864,-0.34253,77.20705,-6.518185,-1.156037,0.439768,,,,,,,,,,,,-5.80855,8.37859,-1.30649,50,4.97612,5.81998,-123.47921,-4.85363,-8.86343,27.26305,-19.38893,BRE_WHI,HYA_HAR,CCBLBrewster,Cape Cod Baseball League,CCBL,20260618-CCBLBrewster-1,c416ad20-6b67-11f1-bb15-89f1c00ac393,85.70983,,,7.84348,,,,,,,93573a9d-26bc-46cc-8648-aab8239aff84,2026-06-18,22:48:03.53,2026-06-18T18:48:03.5320000-04:00,2026-06-18T22:48:03.5320000Z,,v3,,,,"Jenkins, Owen",828215,Right,BRE_WHI,66daecd9-775b-4aa6-8e08-6ade9c06140d,53.42099,-124.23223,13.63153,5.10279,-4.31809,-9.69447,-1.47062,6.0648,-4.43172,,,,,,,,,,,,,,,,,,,,,,,,,,,,,48.66399,2.614709,1.090099,1.524609,0.39383,1.21082,0.36287,-5.01287,5.13839,2.18432,72.79082,4.67748,52.00094,-4.94376,55.23931,-2.79658,5.25579,22.39823,-14.95271,2.27521,37.02896,-2.90435,High,High,High,,,High,High,High,,,,,,,,,,,,,,,,,,,,,,,,,,,,,,,,
186,2026-06-18,18:48:29.62,2,1,"Kmatz, Zach",827297,Right,BRE_WHI,"Bates, Charlie",807287,Left,HYA_HAR,Undefined,7,Top,1,0,0,Sinker,Sinker,BallCalled,Undefined,Undefined,Undefined,0,0,,91.46446,-0.547098,-2.381567,2026.230008,254.56447,2:30,5.27307,1.58756,6.77154,-25.11037,7.69489,23.54612,2.68054,1.37387,82.36044,-5.329818,1.915842,0.412233,,,,,,,,,,,,-13.11887,4.6176,-1.4392,50,5.22813,4.5786,-132.81766,-2.00473,-23.00336,33.32353,-24.07728,BRE_WHI,HYA_HAR,CCBLBrewster,Cape Cod Baseball League,CCBL,20260618-CCBLBrewster-1,d3a5ad90-6b67-11f1-bb15-89f1c00ac393,91.43475,,,9.10402,,,,,,,93573a9d-26bc-46cc-8648-aab8239aff84,2026-06-18,22:48:29.62,2026-06-18T18:48:29.6250000-04:00,2026-06-18T22:48:29.6250000Z,,v3,,,,"Jenkins, Owen",828215,Right,BRE_WHI,a6080c34-2a46-4750-9d2f-3d0c55ee562b,53.72443,-133.74884,16.66177,5.27475,-1.33193,-12.03864,-1.57612,5.2214,-11.50168,,,,,,,,,,,,,,,,,,,,,,,,,,,,,,,,,,,,,,,,,,,,,,,,,,,High,High,High,,,,,,,,,,,,,,,,,,,,,,,,,,,,,,,,,,,,,
187,2026-06-18,18:48:44.88,2,2,"Kmatz, Zach",827297,Right,BRE_WHI,"Bates, Charlie",807287,Left,HYA_HAR,Undefined,7,Top,1,1,0,Sinker,Sinker,FoulBallNotFieldable,Undefined,Undefined,Undefined,0,0,,91.50538,-0.408899,-2.820961,1950.213755,256.550396,2:30,5.11699,1.70406,7.06679,-26.55183,5.59776,18.86584,2.53263,0.71286,83.07092,-5.462513,0.640054,0.408093,,,,,,,,,,,,-10.9476,3.45059,-1.53933,50,5.08412,5.85749,-133.00832,-1.69585,-19.41452,31.20684,-26.05473,BRE_WHI,HYA_HAR,CCBLBrewster,Cape Cod Baseball League,CCBL,20260618-CCBLBrewster-1,dcb88600-6b67-11f1-bb15-89f1c00ac393,92.36239,,,8.43446,,,,,,,93573a9d-26bc-46cc-8648-aab8239aff84,2026-06-18,22:48:44.88,2026-06-18T18:48:44.8870000-04:00,2026-06-18T22:48:44.8870000Z,,v3,,,,"Jenkins, Owen",828215,Right,BRE_WHI,3749c47e-f4ba-497f-829a-3701b4746612,53.43105,-133.81091,15.60342,5.11911,-1.02577,-13.02737,-1.69639,6.3568,-9.70726,,,,,,,,,,,,,,,,,,,,,,,,,,,,,,,,,,,,,,,,,,,,,,,,,,,High,High,High,,,,,,,,,,,,,,,,,,,,,,,,,,,,,,,,,,,,,
188,2026-06-18,18:49:01.20,2,3,"Kmatz, Zach",827297,Right,BRE_WHI,"Bates, Charlie",807287,Left,HYA_HAR,Undefined,7,Top,1,1,1,Fastball,Four-Seam,StrikeSwinging,Undefined,Undefined,Undefined,0,0,,92.84246,-2.079762,-2.43862,2060.367742,205.81798,12:45,5.4396,1.53969,6.8906,-10.63871,21.58383,9.79288,2.65578,0.13278,82.21381,-4.259546,-0.649622,0.408556,,,,,,,,,,,,-6.04197,12.53776,-1.38815,50,5.30334,5.32384,-134.48652,-5.02235,-10.69954,38.14851,-9.97129,BRE_WHI,HYA_HAR,CCBLBrewster,Cape Cod Baseball League,CCBL,20260618-CCBLBrewster-1,e673d370-6b67-11f1-bb15-89f1c00ac393,92.25781,,,10.62865,,,,,,,93573a9d-26bc-46cc-8648-aab8239aff84,2026-06-18,22:49:01.20,2026-06-18T18:49:01.2090000-04:00,2026-06-18T22:49:01.2090000Z,,v3,,,,"Jenkins, Owen",828215,Right,BRE_WHI,b0e7aa55-200b-4cd3-91cd-52a34c174010,53.59991,-135.50382,19.07426,5.43373,-4.75645,-4.98564,-1.53392,5.60917,-5.34977,,,,,,,,,,,,,,,,,,,,,,,,,,,,,,,,,,,,,,,,,,,,,,,,,,,High,High,High,,,,,,,,,,,,,,,,,,,,,,,,,,,,,,,,,,,,,
189,2026-06-18,18:49:16.26,2,4,"Kmatz, Zach",827297,Right,BRE_WHI,"Bates, Charlie",807287,Left,HYA_HAR,Undefined,7,Top,1,1,2,ChangeUp,Changeup,BallCalled,Undefined,Undefined,Undefined,0,0,,86.50481,-0.742845,-1.980309,1528.070031,268.493884,3:00,4.84033,2.10914,7.05858,-34.84876,1.89307,15.85666,1.26125,1.63151,77.18805,-7.371478,0.933183,0.436266,,,,,,,,,,,,-9.13981,1.7652,-1.99339,50,4.78553,3.75875,-125.54294,-2.60216,-14.11125,33.13049,-29.44869,BRE_WHI,HYA_HAR,CCBLBrewster,Cape Cod Baseball League,CCBL,20260618-CCBLBrewster-1,ef70b2e0-6b67-11f1-bb15-89f1c00ac393,86.39775,,,9.31677,,,,,,,93573a9d-26bc-46cc-8648-aab8239aff84,2026-06-18,22:49:16.26,2026-06-18T18:49:16.2650000-04:00,2026-06-18T22:49:16.2650000Z,,v3,,,,"Jenkins, Owen",828215,Right,BRE_WHI,23f8166d-2987-43d9-81de-3b1033d62d9e,53.43499,-126.44617,16.56524,4.84553,-1.7993,-14.72434,-2.10111,4.14346,-7.05563,,,,,,,,,,,,,,,,,,,,,,,,,,,,,,,,,,,,,,,,,,,,,,,,,,,High,High,High,,,,,,,,,,,,,,,,,,,,,,,,,,,,,,,,,,,,,
190,2026-06-18,18:49:34.34,2,5,"Kmatz, Zach",827297,Right,BRE_WHI,"Bates, Charlie",807287,Left,HYA_HAR,Undefined,7,Top,1,2,2,Fastball,Sinker,FoulBallNotFieldable,Undefined,Undefined,Undefined,0,0,,91.59078,-1.1105,-2.276399,2011.521649,223.765562,1:30,5.44032,1.63774,7.00359,-18.52257,14.13331,12.32682,2.88636,0.59452,81.85374,-4.72309,-0.018036,0.411294,74.94803,41.499882,-46.242719,4327.588532,67.80294,69.74728,-86.61834,254.65974,101.90855,-58.263263,4.371759,-7.36095,8.28997,-1.50169,50,5.36595,4.81267,-132.92433,-3.02246,-12.83125,35.31985,-17.72342,BRE_WHI,HYA_HAR,CCBLBrewster,Cape Cod Baseball League,CCBL,20260618-CCBLBrewster-1,fa361d50-6b67-11f1-bb15-89f1c00ac393,91.64356,73.29308,,9.73704,,,,0.74302,3.13423,-0.68136,93573a9d-26bc-46cc-8648-aab8239aff84,2026-06-18,22:49:34.34,2026-06-18T18:49:34.3460000-04:00,2026-06-18T22:49:34.3460000Z,FlyBall,v3,,,,"Jenkins, Owen",828215,Right,BRE_WHI,33b23154-87ec-48f8-b535-e92091a9693f,53.49053,-133.8486,17.65993,5.43898,-2.55867,-8.86171,-1.63202,5.14845,-6.41562,,0.74071,57.00059,-12.87945,3.72722,-1.40203,0.55716,-0.1607,0.02544,-0.0016,3.1352,72.81297,-21.61908,1.71439,-0.11489,-0.07043,0.02762,-0.00348,0.00012,-0.68318,-59.42247,3.26691,0.02036,-0.26917,0.11399,-0.02039,0.00097,7E-05,,,,,,,,,,,,,,,,,,,,,,,High,High,High,High,Low,,,,,,,,,,,,,,,,,,,,,,,,,,,,,,,,,,,
191,2026-06-18,18:49:56.74,2,6,"Kmatz, Zach",827297,Right,BRE_WHI,"Bates, Charlie",807287,Left,HYA_HAR,Undefined,7,Top,1,2,2,Curveball,Slider,BallCalled,Undefined,Undefined,Undefined,0,0,,83.54538,-1.291985,-1.788587,2211.451121,100.795596,9:15,5.11095,1.82666,6.56265,-35.94707,3.73449,-12.1189,0.93016,-0.82345,75.71426,-8.020676,-3.992607,0.453384,,,,,,,,,,,,5.78847,2.79957,-1.69881,50,5.00713,4.22285,-121.27678,-3.77943,8.44958,28.11663,-28.08745,BRE_WHI,HYA_HAR,CCBLBrewster,Cape Cod Baseball League,CCBL,20260618-CCBLBrewster-1,0793bed0-6b68-11f1-bb15-89f1c00ac393,83.13586,,,7.83111,,,,,,,93573a9d-26bc-46cc-8648-aab8239aff84,2026-06-18,22:49:56.74,2026-06-18T18:49:56.7420000-04:00,2026-06-18T22:49:56.7420000Z,,v3,,,,"Jenkins, Owen",828215,Right,BRE_WHI,1669886a-53e3-4958-9d58-b8ddf749304b,53.9338,-122.18538,14.05831,5.1146,-2.87177,-14.04372,-1.83086,3.9498,4.22479,,,,,,,,,,,,,,,,,,,,,,,,,,,,,,,,,,,,,,,,,,,,,,,,,,,High,High,High,,,,,,,,,,,,,,,,,,,,,,,,,,,,,,,,,,,,,
192,2026-06-18,18:50:12.82,2,7,"Kmatz, Zach",827297,Right,BRE_WHI,"Bates, Charlie",807287,Left,HYA_HAR,Undefined,7,Top,1,3,2,Fastball,Sinker,BallCalled,Walk,Undefined,Undefined,0,0,,92.30727,-2.662315,-3.796986,2115.250721,241.042441,2:00,5.23355,1.73072,7.03162,-21.14985,10.42859,16.98064,1.04512,-0.30908,84.33094,-6.696472,-0.68803,0.404452,,,,,,,,,,,,-10.19508,6.65926,-1.50483,50,5.06458,8.26857,-133.95387,-6.80666,-18.45755,29.9092,-20.11794,BRE_WHI,HYA_HAR,CCBLBrewster,Cape Cod Baseball League,CCBL,20260618-CCBLBrewster-1,11211e70-6b68-11f1-bb15-89f1c00ac393,93.19391,,,7.97633,,,,,,,93573a9d-26bc-46cc-8648-aab8239aff84,2026-06-18,22:50:12.82,2026-06-18T18:50:12.8230000-04:00,2026-06-18T22:50:12.8230000Z,,v3,,,,"Jenkins, Owen",828215,Right,BRE_WHI,00bea040-e4c7-4d5d-9928-e4222f4ef745,53.46687,-134.72573,14.9546,5.23354,-6.28748,-10.05897,-1.72436,8.7449,-9.22877,,,,,,,,,,,,,,,,,,,,,,,,,,,,,,,,,,,,,,,,,,,,,,,,,,,High,High,High,,,,,,,,,,,,,,,,,,,,,,,,,,,,,,,,,,,,,
193,2026-06-18,18:50:40.47,3,1,"Kmatz, Zach",827297,Right,BRE_WHI,"Hawsey, Trey",842078,Left,HYA_HAR,Undefined,7,Top,1,0,0,Sinker,Sinker,InPlay,Undefined,LineDrive,Single,0,0,,91.46988,-0.816305,-2.340034,2008.4839,250.269028,2:15,5.1817,1.43335,6.9806,-23.28332,9.3489,22.67127,2.49837,1.19329,82.1369,-5.287786,1.814179,0.411145,77.46638,19.47518,-22.423851,3109.020312,98.95088,26.09023,-48.04892,234.44645,234.44645,-28.798954,2.728788,-12.81363,5.62166,-1.29503,50,5.12367,4.5551,-132.84013,-2.52495,-22.39596,34.25675,-22.34836,BRE_WHI,HYA_HAR,CCBLBrewster,Cape Cod Baseball League,CCBL,20260618-CCBLBrewster-1,219e7680-6b68-11f1-bb15-89f1c00ac393,91.67684,26.41003,,9.33298,,,,0.15243,2.47424,-1.16099,93573a9d-26bc-46cc-8648-aab8239aff84,2026-06-18,22:50:40.47,2026-06-18T18:50:40.4720000-04:00,2026-06-18T22:50:40.4720000Z,LineDrive,v3,,,,"Jenkins, Owen",828215,Right,BRE_WHI,322e4ed8-e5b5-4d23-a707-000adba7f143,53.51535,-133.74359,17.12838,5.18249,-1.93555,-11.17418,-1.42295,5.14576,-11.19798,132.350967,0.15243,99.01788,-13.54948,2.70011,-0.43504,0.00918,0.02346,-0.00736,0.0008,2.47425,37.87784,-15.83206,0.82012,-0.20706,0.10624,-0.04293,0.01043,-0.00105,-1.16103,-40.85755,-0.36183,0.25841,-0.07781,0.01134,-0.00033,-0.00012,1E-05,,,,,,,,,,,,,,,,,,,,,,,High,High,High,High,High,,,,,,,,,,,,,,,,,,,,,,,,,,,,,,,,,,,
194,2026-06-18,18:51:38.39,4,1,"Kmatz, Zach",827297,Right,BRE_WHI,"Lodise, Jordan",838363,Right,HYA_HAR,Undefined,7,Top,1,0,0,Fastball,Four-Seam,BallCalled,Undefined,Undefined,Undefined,0,0,,91.77737,-1.042032,-0.63293,2102.373951,223.711702,1:30,5.50816,0.98832,6.92493,-19.0804,13.07824,11.44851,2.96928,1.3661,83.14671,-4.72042,1.463784,0.40815,,,,,,,,,,,,-6.27516,7.61532,-0.95196,50,5.43613,1.03797,-133.42874,-2.91559,-11.17707,31.91935,-18.60989,BRE_WHI,HYA_HAR,CCBLBrewster,Cape Cod Baseball League,CCBL,20260618-CCBLBrewster-1,44245a80-6b68-11f1-bb15-89f1c00ac393,92.34939,,,8.63066,,,,,,,93573a9d-26bc-46cc-8648-aab8239aff84,2026-06-18,22:51:38.39,2026-06-18T18:51:38.3920000-04:00,2026-06-18T22:51:38.3920000Z,,v3,,,,"Jenkins, Owen",828215,Right,BRE_WHI,1a7eb782-c7d3-49f8-a481-ee902d2cba88,53.57081,-134.28025,15.95967,5.50728,-2.41913,-9.30494,-0.98362,1.33614,-5.58853,,,,,,,,,,,,,,,,,,,,,,,,,,,,,,,,,,,,,,,,,,,,,,,,,,,Medium,High,Medium,,,,,,,,,,,,,,,,,,,,,,,,,,,,,,,,,,,,,
195,2026-06-18,18:51:54.10,4,2,"Kmatz, Zach",827297,Right,BRE_WHI,"Lodise, Jordan",838363,Right,HYA_HAR,Undefined,7,Top,1,1,0,Fastball,Sinker,StrikeCalled,Undefined,Undefined,Undefined,0,0,,90.87436,-2.845977,-3.149826,1945.051585,225.528369,1:30,5.54006,1.32237,6.74606,-14.58946,19.03225,18.02773,1.71827,-0.05573,81.1776,-5.727004,0.13392,0.417331,,,,,,,,,,,,-10.54764,11.4002,-1.12103,50,5.34676,6.51812,-131.58887,-6.85575,-18.03031,34.44854,-12.68633,BRE_WHI,HYA_HAR,CCBLBrewster,Cape Cod Baseball League,CCBL,20260618-CCBLBrewster-1,4d84b6b0-6b68-11f1-bb15-89f1c00ac393,90.31776,,,9.69676,,,,,,,93573a9d-26bc-46cc-8648-aab8239aff84,2026-06-18,22:51:54.10,2026-06-18T18:51:54.1050000-04:00,2026-06-18T22:51:54.1050000Z,,v3,,,,"Jenkins, Owen",828215,Right,BRE_WHI,aeddd745-c4c9-435e-ae26-de361508803d,53.74764,-132.56633,17.22427,5.53618,-6.49579,-6.34317,-1.31324,7.02972,-9.01516,,,,,,,,,,,,,,,,,,,,,,,,,,,,,,,,,,,,,,,,,,,,,,,,,,,High,High,High,,,,,,,,,,,,,,,,,,,,,,,,,,,,,,,,,,,,,
196,2026-06-18,18:52:09.69,4,3,"Kmatz, Zach",827297,Right,BRE_WHI,"Lodise, Jordan",838363,Right,HYA_HAR,Undefined,7,Top,1,1,1,Fastball,Sinker,InPlay,Undefined,GroundBall,Out,1,1,,91.14863,-1.513178,-3.279978,2023.581284,243.005568,2:00,5.21355,1.65737,6.93029,-20.7356,12.09198,21.3995,2.10551,0.45154,82.1814,-5.506041,0.633001,0.412374,68.78906,-1.49402,36.649505,4528.969074,,,,31.46059,30.20447,34.90902,0.319197,-12.43627,7.27528,-1.45853,50,5.1116,6.76889,-132.2832,-4.03932,-21.67313,32.55808,-19.49516,BRE_WHI,HYA_HAR,CCBLBrewster,Cape Cod Baseball League,CCBL,20260618-CCBLBrewster-1,56d163d0-6b68-11f1-bb15-89f1c00ac393,91.40364,2.12141,,8.96723,,,,1.24276,2.12141,-0.49929,93573a9d-26bc-46cc-8648-aab8239aff84,2026-06-18,22:52:09.69,2026-06-18T18:52:09.6940000-04:00,2026-06-18T22:52:09.6940000Z,GroundBall,v3,,,,"Jenkins, Owen",828215,Right,BRE_WHI,9d2e9b6d-34ea-4090-9d3a-c86c1aa19f62,53.5666,-133.15813,16.27904,5.21311,-3.51542,-9.74758,-1.64825,7.35131,-10.83657,221.241025,1.24649,80.7612,-12.0643,,,,,,,2.12234,-2.66892,-12.47794,,,,,,,-0.49744,60.12548,-6.79306,,,,,,,,,,,,,,,,,,,,,,,,,,,,,High,High,High,High,High,,,,,,,,,,,,,,,,,,,,,,,,,,,,,,,,,,,
197,2026-06-18,18:52:42.75,5,1,"Kmatz, Zach",827297,Right,BRE_WHI,"Zenor, Henry",842258,Left,HYA_HAR,Undefined,7,Top,2,0,0,Sinker,Sinker,StrikeCalled,Undefined,Undefined,Undefined,0,0,,92.27959,-1.632701,-3.032174,2047.558789,240.596236,2:00,5.16267,1.85515,6.85413,-19.01422,13.10717,21.18489,2.08719,0.85367,83.16454,-5.302518,0.8369,0.407914,,,,,,,,,,,,-12.11646,7.81619,-1.66755,50,5.05132,6.24778,-133.90414,-4.31495,-21.64356,33.27246,-18.21205,BRE_WHI,HYA_HAR,CCBLBrewster,Cape Cod Baseball League,CCBL,20260618-CCBLBrewster-1,6a870380-6b68-11f1-bb15-89f1c00ac393,92.4029,,,9.11505,,,,,,,93573a9d-26bc-46cc-8648-aab8239aff84,2026-06-18,22:52:42.75,2026-06-18T18:52:42.7520000-04:00,2026-06-18T22:52:42.7520000Z,,v3,,,,"Jenkins, Owen",828215,Right,BRE_WHI,7ae14686-0da4-4e5a-a2ef-e0385fdd2913,53.64142,-134.80592,16.63623,5.16157,-3.82135,-9.10603,-1.84483,6.83438,-10.82178,,,,,,,,,,,,,,,,,,,,,,,,,,,,,,,,,,,,,,,,,,,,,,,,,,,High,High,High,,,,,,,,,,,,,,,,,,,,,,,,,,,,,,,,,,,,,
198,2026-06-18,18:52:57.78,5,2,"Kmatz, Zach",827297,Right,BRE_WHI,"Zenor, Henry",842258,Left,HYA_HAR,Undefined,7,Top,2,0,1,Fastball,Sinker,FoulBallNotFieldable,Undefined,Undefined,Undefined,0,0,,91.27846,-1.833647,-3.536411,1913.936661,225.980085,1:30,5.36779,1.74382,6.63755,-15.5554,17.92962,17.17403,2.38914,-0.0665,81.35728,-4.891949,-0.416899,0.416482,70.55101,11.363376,-171.713104,1835.469285,,,,,29.19684,,,-10.31001,10.4667,-1.51112,50,5.23721,7.48611,-132.19895,-4.60139,-17.75413,35.25348,-14.1501,BRE_WHI,HYA_HAR,CCBLBrewster,Cape Cod Baseball League,CCBL,20260618-CCBLBrewster-1,737738c0-6b68-11f1-bb15-89f1c00ac393,90.50188,8.16065,,9.92118,,,,2.36828,2.61218,-0.18651,93573a9d-26bc-46cc-8648-aab8239aff84,2026-06-18,22:52:57.78,2026-06-18T18:52:57.7880000-04:00,2026-06-18T22:52:57.7880000Z,,v3,,,,"Jenkins, Owen",828215,Right,BRE_WHI,c5bffc1d-88fa-4906-89a6-5b6b87a3b877,53.85749,-133.22366,17.62674,5.36498,-4.19009,-7.07505,-1.73622,8.00216,-8.87707,239.269609,2.36728,-100.34632,11.32254,,,,,,,2.6111,20.43253,-9.57212,,,,,,,-0.1826,-14.78414,-12.5161,,,,,,,,,,,,,,,,,,,,,,,,,,,,,High,High,High,Medium,Undefined,,,,,,,,,,,,,,,,,,,,,,,,,,,,,,,,,,,
199,2026-06-18,18:53:18.97,5,3,"Kmatz, Zach",827297,Right,BRE_WHI,"Zenor, Henry",842258,Left,HYA_HAR,Undefined,7,Top,2,0,2,ChangeUp,Changeup,InPlay,Undefined,LineDrive,Out,1,0,,86.40802,-0.917415,-3.016821,1622.407436,257.752048,2:30,4.98542,1.84757,6.99277,-31.77758,4.58107,15.18245,1.50191,0.36722,78.26292,-6.940405,-0.234942,0.433986,88.0744,20.973257,-12.943747,3047.730087,105.85882,31.62977,-29.89833,288.41535,276.96653,-19.91516,3.085097,-9.09351,3.11189,-1.66669,50,4.91876,6.08244,-125.49109,-2.87972,-14.27916,29.01972,-27.28759,BRE_WHI,HYA_HAR,CCBLBrewster,Cape Cod Baseball League,CCBL,20260618-CCBLBrewster-1,801c5fb0-6b68-11f1-bb15-89f1c00ac393,86.85183,35.03884,,8.14509,,,,2.12265,1.62646,-0.38671,93573a9d-26bc-46cc-8648-aab8239aff84,2026-06-18,22:53:18.97,2026-06-18T18:53:18.9760000-04:00,2026-06-18T22:53:18.9760000Z,LineDrive,v3,,,,"Jenkins, Owen",828215,Right,BRE_WHI,206dde60-f267-4ef8-b3a3-9b4f7da4818b,53.50453,-126.29891,14.50986,4.98835,-2.12011,-13.64379,-1.84154,6.47993,-7.13958,128.82906,2.1226,117.55364,-17.47866,4.00011,-0.75069,0.13066,-0.02221,0.00251,-9E-05,1.6266,46.23206,-17.01963,0.8414,-0.09728,-0.00332,0.00297,0.00054,-0.00015,-0.38681,-27.01435,-3.18537,1.01202,-0.28971,0.08701,-0.0225,0.00348,-0.00022,,,,,,,,,,,,,,,,,,,,,,,High,High,High,High,High,,,,,,,,,,,,,,,,,,,,,,,,,,,,,,,,,,,
200,2026-06-18,18:56:02.16,1,1,"Webb, Truitt",842083,Right,HYA_HAR,"Harvey, Dane",838717,Left,BRE_WHI,Undefined,7,Bottom,0,0,0,Fastball,Four-Seam,InPlay,Undefined,LineDrive,Out,1,0,,89.87149,-1.870226,-2.27906,2198.50672,214.985286,1:15,5.38605,0.92045,6.74382,-12.3991,21.67698,14.28052,2.64222,0.02729,80.71851,-4.34922,0.323453,0.420142,83.04838,48.0625,-33.411897,4426.539513,86.56214,94.90297,-67.8746,287.38941,132.29941,-43.429413,5.259884,-8.29642,12.43784,-0.77551,50,5.25781,4.63907,-130.40243,-4.48553,-14.01295,32.30509,-11.16613,BRE_WHI,HYA_HAR,CCBLBrewster,Cape Cod Baseball League,CCBL,20260618-CCBLBrewster-1,e160bbe0-6b68-11f1-bb15-89f1c00ac393,89.71351,106.22247,,9.15298,,,,0.74933,2.55657,0.03812,93573a9d-26bc-46cc-8648-aab8239aff84,2026-06-18,22:56:02.16,2026-06-18T18:56:02.1670000-04:00,2026-06-18T22:56:02.1670000Z,FlyBall,v3,,,,"Ortega, Efren",815707,Right,HYA_HAR,91217026-f090-4264-9ddd-4ef95be1fa14,53.75148,-131.32851,16.15255,5.3818,-4.16543,-5.58306,-0.91425,5.04077,-7.00647,145.86289,0.76139,67.71321,-12.0997,1.65397,0.46863,-0.33604,0.08091,-0.00891,0.00037,2.55612,90.59795,-23.83192,2.29705,-0.14475,-0.13227,0.05354,-0.00813,0.00045,0.03893,-44.83609,2.15606,-0.16543,-0.06287,0.04575,-0.01377,0.00203,-0.00011,,,,,,,,,,,,,,,,,,,,,,,High,High,High,Medium,Low,,,,,,,,,,,,,,,,,,,,,,,,,,,,,,,,,,,
201,2026-06-18,18:56:40.08,2,1,"Webb, Truitt",842083,Right,HYA_HAR,"Lambdin, Jake",830145,Right,BRE_WHI,Undefined,7,Bottom,1,0,0,Cutter,Slider,StrikeCalled,Undefined,Undefined,Undefined,0,0,,84.63826,-0.232967,-1.689023,2095.468881,205.264701,12:45,5.29245,0.96836,6.55658,-26.29183,11.71257,4.96414,2.88778,-0.16699,77.43686,-5.207232,-0.786994,0.443699,,,,,,,,,,,,-3.06122,6.58678,-0.85375,50,5.26519,3.44282,-123.02895,-1.22683,-4.68917,24.53954,-22.08444,BRE_WHI,HYA_HAR,CCBLBrewster,Cape Cod Baseball League,CCBL,20260618-CCBLBrewster-1,f7f845d0-6b68-11f1-bb15-89f1c00ac393,84.9505,,,7.2014,,,,,,,93573a9d-26bc-46cc-8648-aab8239aff84,2026-06-18,22:56:40.08,2026-06-18T18:56:40.0800000-04:00,2026-06-18T22:56:40.0800000Z,,v3,,,,"Ortega, Efren",815707,Right,HYA_HAR,b61e59fc-2a1c-45da-9d58-8238299a84f8,53.93886,-123.8121,12.26977,5.2931,-0.52203,-11.04222,-0.96601,3.59247,-2.34458,,,,,,,,,,,,,,,,,,,,,,,,,,,,,,,,,,,,,,,,,,,,,,,,,,,High,High,High,,,,,,,,,,,,,,,,,,,,,,,,,,,,,,,,,,,,,
202,2026-06-18,18:56:54.17,2,2,"Webb, Truitt",842083,Right,HYA_HAR,"Lambdin, Jake",830145,Right,BRE_WHI,Undefined,7,Bottom,1,0,1,Fastball,Four-Seam,BallCalled,Undefined,Undefined,Undefined,0,0,,90.46623,-0.537027,-1.486163,2215.113424,210.701694,1:00,5.41007,0.97268,6.65385,-12.46894,21.21446,11.86442,3.87935,0.60101,81.21703,-3.026359,0.673379,0.417714,,,,,,,,,,,,-6.64713,11.63044,-0.87645,50,5.36803,2.92081,-131.31885,-1.45313,-11.40072,32.42278,-12.22626,BRE_WHI,HYA_HAR,CCBLBrewster,Cape Cod Baseball League,CCBL,20260618-CCBLBrewster-1,005c67b0-6b69-11f1-bb15-89f1c00ac393,90.23495,,,9.2492,,,,,,,93573a9d-26bc-46cc-8648-aab8239aff84,2026-06-18,22:56:54.17,2026-06-18T18:56:54.1720000-04:00,2026-06-18T22:56:54.1720000Z,,v3,,,,"Ortega, Efren",815707,Right,HYA_HAR,963bbb63-bac4-4b58-975d-5214c18509c0,53.83865,-132.26322,16.21139,5.40517,-1.09702,-6.11313,-0.96636,3.25288,-5.70036,,,,,,,,,,,,,,,,,,,,,,,,,,,,,,,,,,,,,,,,,,,,,,,,,,,High,High,High,,,,,,,,,,,,,,,,,,,,,,,,,,,,,,,,,,,,,
203,2026-06-18,18:57:08.74,2,3,"Webb, Truitt",842083,Right,HYA_HAR,"Lambdin, Jake",830145,Right,BRE_WHI,Undefined,7,Bottom,1,1,1,Cutter,Slider,StrikeSwinging,Undefined,Undefined,Undefined,0,0,,84.34529,-0.623529,-0.832196,2091.150073,145.684839,10:45,5.27866,1.17519,6.44644,-30.93734,7.63591,-4.35559,2.12759,0.04757,77.0423,-6.429156,-1.622708,0.447007,,,,,,,,,,,,2.01445,4.58374,-1.11455,50,5.22093,1.94615,-122.57071,-2.24649,3.0493,25.35577,-25.2356,BRE_WHI,HYA_HAR,CCBLBrewster,Cape Cod Baseball League,CCBL,20260618-CCBLBrewster-1,09122c00-6b69-11f1-bb15-89f1c00ac393,84.32176,,,7.30299,,,,,,,93573a9d-26bc-46cc-8648-aab8239aff84,2026-06-18,22:57:08.74,2026-06-18T18:57:08.7410000-04:00,2026-06-18T22:57:08.7410000Z,,v3,,,,"Ortega, Efren",815707,Right,HYA_HAR,655660ab-2977-4e2b-b254-960d4b9c7091,54.04844,-123.40535,12.67789,5.28121,-1.4158,-12.6178,-1.17696,1.84578,1.52465,,,,,,,,,,,,,,,,,,,,,,,,,,,,,,,,,,,,,,,,,,,,,,,,,,,High,High,High,,,,,,,,,,,,,,,,,,,,,,,,,,,,,,,,,,,,,
204,2026-06-18,18:57:28.48,2,4,"Webb, Truitt",842083,Right,HYA_HAR,"Lambdin, Jake",830145,Right,BRE_WHI,Undefined,7,Bottom,1,1,2,Slider,Slider,BallCalled,Undefined,Undefined,Undefined,0,0,,82.21577,-0.755519,-2.341544,1788.344613,133.796615,10:30,5.33212,0.99459,6.54389,-37.85565,3.11626,-1.71642,1.484,-1.29701,74.46597,-7.846399,-2.65347,0.460696,,,,,,,,,,,,0.12268,2.35894,-0.83199,50,5.26441,4.94096,-119.29417,-2.6779,0.17367,26.7204,-28.83457,BRE_WHI,HYA_HAR,CCBLBrewster,Cape Cod Baseball League,CCBL,20260618-CCBLBrewster-1,14d8b2c0-6b69-11f1-bb15-89f1c00ac393,81.81627,,,7.74979,,,,,,,93573a9d-26bc-46cc-8648-aab8239aff84,2026-06-18,22:57:28.48,2026-06-18T18:57:28.4880000-04:00,2026-06-18T22:57:28.4880000Z,,v3,,,,"Ortega, Efren",815707,Right,HYA_HAR,c39c5ed4-16ae-4441-a2ec-d535869f7703,53.95047,-120.17577,13.3602,5.33706,-1.72655,-14.41729,-0.99491,4.93523,0.08683,,,,,,,,,,,,,,,,,,,,,,,,,,,,,,,,,,,,,,,,,,,,,,,,,,,High,High,High,,,,,,,,,,,,,,,,,,,,,,,,,,,,,,,,,,,,,
205,2026-06-18,18:57:44.73,2,5,"Webb, Truitt",842083,Right,HYA_HAR,"Lambdin, Jake",830145,Right,BRE_WHI,Undefined,7,Bottom,1,2,2,Fastball,Four-Seam,StrikeSwinging,Strikeout,Undefined,Undefined,0,0,,90.44613,-2.161673,-1.236314,2088.445106,192.86496,12:30,5.41583,0.99068,6.63504,-13.26926,20.24048,4.3565,2.32969,0.22172,81.9315,-4.769526,-0.443521,0.416636,,,,,,,,,,,,-2.64839,11.61674,-0.90859,50,5.2636,2.65847,-131.30244,-5.22925,-4.57753,30.37866,-12.09538,BRE_WHI,HYA_HAR,CCBLBrewster,Cape Cod Baseball League,CCBL,20260618-CCBLBrewster-1,1e824cf0-6b69-11f1-bb15-89f1c00ac393,90.46851,,,8.51464,,,,,,,93573a9d-26bc-46cc-8648-aab8239aff84,2026-06-18,22:57:44.73,2026-06-18T18:57:44.7350000-04:00,2026-06-18T22:57:44.7350000Z,,v3,,,,"Ortega, Efren",815707,Right,HYA_HAR,a033c19c-b5f2-43f4-b8ab-89c86c270e15,53.85867,-132.19218,15.18933,5.41157,-4.87499,-6.04769,-0.98842,2.79254,-2.28876,,,,,,,,,,,,,,,,,,,,,,,,,,,,,61.6181,,,1.127905,,,,-2.19829,5.06289,0.99883,73.52132,5.67065,-51.27565,-2.17893,70.56583,-3.05943,5.11681,17.45282,-15.03919,0.93288,-52.48721,5.49807,High,High,High,,,High,High,High,,,,,,,,,,,,,,,,,,,,,,,,,,,,,,,,
206,2026-06-18,18:58:12.97,3,1,"Webb, Truitt",842083,Right,HYA_HAR,"Torres, Michael",803757,Left,BRE_WHI,Undefined,7,Bottom,2,0,0,ChangeUp,Changeup,StrikeCalled,Undefined,Undefined,Undefined,0,0,,81.50378,-0.467792,-2.456291,1581.101819,255.993716,2:30,5.23337,1.10789,6.86403,-34.87053,5.82559,18.00509,1.90071,0.36807,74.46284,-7.046848,0.836865,0.459143,,,,,,,,,,,,-10.23001,3.66654,-0.95681,50,5.1915,4.46407,-118.48001,-1.89714,-14.45307,23.92012,-26.9939,BRE_WHI,HYA_HAR,CCBLBrewster,Cape Cod Baseball League,CCBL,20260618-CCBLBrewster-1,2f5df1a0-6b69-11f1-bb15-89f1c00ac393,82.09305,,,7.04094,,,,,,,93573a9d-26bc-46cc-8648-aab8239aff84,2026-06-18,22:58:12.97,2026-06-18T18:58:12.9740000-04:00,2026-06-18T22:58:12.9740000Z,,v3,,,,"Ortega, Efren",815707,Right,HYA_HAR,3cd8f537-c6fa-4faf-b0c2-ccc0d3245a44,53.63322,-119.21127,11.96006,5.23688,-1.07191,-13.49695,-1.10004,4.90591,-7.22654,,,,,,,,,,,,,,,,,,,,,,,,,,,,,,,,,,,,,,,,,,,,,,,,,,,High,High,High,,,,,,,,,,,,,,,,,,,,,,,,,,,,,,,,,,,,,
207,2026-06-18,18:58:27.92,3,2,"Webb, Truitt",842083,Right,HYA_HAR,"Torres, Michael",803757,Left,BRE_WHI,Undefined,7,Bottom,2,0,1,Fastball,Four-Seam,StrikeCalled,Undefined,Undefined,Undefined,0,0,,89.94224,-1.358047,-1.148324,2218.533682,204.051361,12:45,5.39632,0.84156,6.68285,-12.97961,20.98895,8.81934,3.07206,0.52605,81.00298,-3.934222,0.458138,0.419479,,,,,,,,,,,,-4.97693,11.81709,-0.76777,50,5.29979,2.26629,-130.58761,-3.34238,-8.45932,31.5257,-12.08841,BRE_WHI,HYA_HAR,CCBLBrewster,Cape Cod Baseball League,CCBL,20260618-CCBLBrewster-1,384462e0-6b69-11f1-bb15-89f1c00ac393,89.85539,,,8.93926,,,,,,,93573a9d-26bc-46cc-8648-aab8239aff84,2026-06-18,22:58:27.92,2026-06-18T18:58:27.9200000-04:00,2026-06-18T22:58:27.9200000Z,,v3,,,,"Ortega, Efren",815707,Right,HYA_HAR,6d6f679b-d47c-4f55-ae6e-e7c0c53eee4c,53.81062,-131.50433,15.76285,5.39187,-2.99087,-6.0442,-0.83725,2.51228,-4.22966,,,,,,,,,,,,,,,,,,,,,,,,,,,,,,,,,,,,,,,,,,,,,,,,,,,High,High,High,,,,,,,,,,,,,,,,,,,,,,,,,,,,,,,,,,,,,
208,2026-06-18,18:58:44.27,3,3,"Webb, Truitt",842083,Right,HYA_HAR,"Torres, Michael",803757,Left,BRE_WHI,Undefined,7,Bottom,2,0,2,ChangeUp,Changeup,BallCalled,Undefined,Undefined,Undefined,0,0,,81.88174,0.051544,-1.012449,1554.187076,254.671504,2:30,5.31096,1.25009,6.80482,-34.05655,6.69087,19.15529,2.51996,1.92238,74.10686,-6.400649,2.4885,0.459432,,,,,,,,,,,,-10.39914,3.98378,-1.19029,50,5.30213,1.4258,-119.0029,-0.80633,-14.66908,26.31538,-26.55453,BRE_WHI,HYA_HAR,CCBLBrewster,Cape Cod Baseball League,CCBL,20260618-CCBLBrewster-1,42066710-6b69-11f1-bb15-89f1c00ac393,82.04136,,,7.77488,,,,,,,93573a9d-26bc-46cc-8648-aab8239aff84,2026-06-18,22:58:44.27,2026-06-18T18:58:44.2760000-04:00,2026-06-18T22:58:44.2760000Z,,v3,,,,"Ortega, Efren",815707,Right,HYA_HAR,52bb4ced-6d9b-4cb0-a5e2-9a059908ec9d,53.69088,-119.81629,13.15769,5.31436,0.01445,-13.27726,-1.24136,1.87922,-7.33454,,,,,,,,,,,,,,,,,,,,,,,,,,,,,,,,,,,,,,,,,,,,,,,,,,,High,High,High,,,,,,,,,,,,,,,,,,,,,,,,,,,,,,,,,,,,,
209,2026-06-18,18:59:03.14,3,4,"Webb, Truitt",842083,Right,HYA_HAR,"Torres, Michael",803757,Left,BRE_WHI,Undefined,7,Bottom,2,1,2,ChangeUp,Slider,InPlay,Undefined,GroundBall,Out,1,0,,82.13718,-0.553886,-1.759182,1840.872958,226.948876,1:30,5.32076,0.88336,6.7491,-36.13663,4.82453,3.49323,1.80315,-0.43304,73.81776,-7.387979,-1.121478,0.460636,,,,,,,,,,,,-2.47579,3.17669,-0.7692,50,5.27095,3.54039,-119.22395,-2.13882,-3.47226,28.39351,-27.71878,BRE_WHI,HYA_HAR,CCBLBrewster,Cape Cod Baseball League,CCBL,20260618-CCBLBrewster-1,4d41ebe0-6b69-11f1-bb15-89f1c00ac393,81.827,,,8.31943,,,,,,,93573a9d-26bc-46cc-8648-aab8239aff84,2026-06-18,22:59:03.14,2026-06-18T18:59:03.1430000-04:00,2026-06-18T22:59:03.1430000Z,,v3,,,,"Ortega, Efren",815707,Right,HYA_HAR,94bebcf1-b7c1-4cc9-8391-3c0799e08d21,53.74619,-120.1128,14.19676,5.32432,-1.27109,-13.85939,-0.88174,3.64909,-1.73613,,,,,,,,,,,,,,,,,,,,,,,,,,,,,,,,,,,,,,,,,,,,,,,,,,,High,High,High,,,,,,,,,,,,,,,,,,,,,,,,,,,,,,,,,,,,,
210,2026-06-18,19:01:15.84,1,1,"Kmatz, Zach",827297,Right,BRE_WHI,"Ortega, Efren",815707,Right,HYA_HAR,Undefined,8,Top,0,0,0,Sinker,Sinker,InPlay,Undefined,GroundBall,Out,1,0,,91.67124,-1.14308,-2.139762,1991.207767,239.453179,2:00,5.4638,1.27171,6.8035,-20.41407,11.72099,18.12505,2.71865,0.8286,83.73763,-5.039764,1.169737,0.408001,74.02072,-2.017533,-8.175551,1239.25731,,,,31.35054,30.29421,-9.134036,0.286297,-10.25882,6.85418,-1.1395,50,5.38207,4.29986,-133.30977,-3.2215,-18.40684,29.44617,-19.87597,BRE_WHI,HYA_HAR,CCBLBrewster,Cape Cod Baseball League,CCBL,20260618-CCBLBrewster-1,9c5377d0-6b69-11f1-bb15-89f1c00ac393,92.38323,2.66284,,7.93361,,,,1.04421,2.66284,-0.8721,93573a9d-26bc-46cc-8648-aab8239aff84,2026-06-18,23:01:15.84,2026-06-18T19:01:15.8440000-04:00,2026-06-18T23:01:15.8440000Z,GroundBall,v3,,,,"Jenkins, Owen",828215,Right,BRE_WHI,3f9caab8-18fb-4498-8cc7-85a03a5cc360,53.69523,-134.12351,14.72308,5.46351,-2.67223,-9.93799,-1.26535,4.80852,-9.20342,327.753447,1.04498,107.35766,-10.11234,,,,,,,2.66457,-3.90221,-18.89905,,,,,,,-0.87266,-15.40285,3.73645,,,,,,,,,,,,,,,,,,,,,,,,,,,,,High,High,High,High,High,,,,,,,,,,,,,,,,,,,,,,,,,,,,,,,,,,,
211,2026-06-18,19:01:44.63,2,1,"Kmatz, Zach",827297,Right,BRE_WHI,"Chun, Tanner",821930,Right,HYA_HAR,Undefined,8,Top,1,0,0,Sinker,Sinker,BallCalled,Undefined,Undefined,Undefined,0,0,,91.98232,-3.038075,-2.256137,2169.2264,237.994451,2:00,5.47282,1.20457,6.92862,-20.35694,11.4532,16.7008,1.00593,0.54134,84.29171,-6.911128,0.802008,0.405933,,,,,,,,,,,,-9.5513,7.27607,-1.06862,50,5.27556,4.64583,-133.62114,-7.64487,-17.23898,29.25276,-19.04163,BRE_WHI,HYA_HAR,CCBLBrewster,Cape Cod Baseball League,CCBL,20260618-CCBLBrewster-1,ad7dd8c0-6b69-11f1-bb15-89f1c00ac393,92.85387,,,7.69061,,,,,,,93573a9d-26bc-46cc-8648-aab8239aff84,2026-06-18,23:01:44.63,2026-06-18T19:01:44.6390000-04:00,2026-06-18T23:01:44.6390000Z,,v3,,,,"Jenkins, Owen",828215,Right,BRE_WHI,5c1deb10-130e-4c86-a94b-41ff6f760314,53.56985,-134.40039,14.62638,5.47246,-7.13763,-9.52081,-1.19849,5.10505,-8.61949,,,,,,,,,,,,,,,,,,,,,,,,,,,,,,,,,,,,,,,,,,,,,,,,,,,High,High,High,,,,,,,,,,,,,,,,,,,,,,,,,,,,,,,,,,,,,
212,2026-06-18,19:01:57.53,2,2,"Kmatz, Zach",827297,Right,BRE_WHI,"Chun, Tanner",821930,Right,HYA_HAR,Undefined,8,Top,1,1,0,Sinker,Sinker,StrikeCalled,Undefined,Undefined,Undefined,0,0,,91.26115,-2.654025,-2.190429,2034.522494,237.722415,2:00,5.5122,1.20319,6.82057,-20.67289,11.703,16.92044,1.36484,0.61405,83.73206,-6.580339,0.901407,0.409527,,,,,,,,,,,,-9.59922,7.26197,-1.06775,50,5.33344,4.43991,-132.61825,-6.71828,-17.0977,28.3262,-19.23933,BRE_WHI,HYA_HAR,CCBLBrewster,Cape Cod Baseball League,CCBL,20260618-CCBLBrewster-1,b530fa20-6b69-11f1-bb15-89f1c00ac393,92.03906,,,7.52908,,,,,,,93573a9d-26bc-46cc-8648-aab8239aff84,2026-06-18,23:01:57.53,2026-06-18T19:01:57.5330000-04:00,2026-06-18T23:01:57.5330000Z,,v3,,,,"Jenkins, Owen",828215,Right,BRE_WHI,d4d00232-7681-4fea-a05a-e04c8fde98d2,53.67799,-133.40152,14.1631,5.51185,-6.18628,-9.61967,-1.19706,4.9127,-8.54885,,,,,,,,,,,,,,,,,,,,,,,,,,,,,,,,,,,,,,,,,,,,,,,,,,,High,High,High,,,,,,,,,,,,,,,,,,,,,,,,,,,,,,,,,,,,,
213,2026-06-18,19:02:11.66,2,3,"Kmatz, Zach",827297,Right,BRE_WHI,"Chun, Tanner",821930,Right,HYA_HAR,Undefined,8,Top,1,1,1,Sinker,Sinker,InPlay,Undefined,LineDrive,Out,1,0,,91.52775,-0.926441,-2.334434,1947.51078,244.556482,2:15,5.51542,1.23837,6.78246,-22.27993,9.93516,18.75812,2.81223,0.66923,83.73792,-5.159168,1.089147,0.408509,84.3195,26.192908,-4.807178,2115.634613,109.8193,44.92987,-6.29899,315.77602,308.18516,-0.495933,3.912448,-10.61091,5.83162,-1.0929,50,5.44664,4.71658,-133.10718,-2.78652,-19.01488,28.87975,-21.72372,BRE_WHI,HYA_HAR,CCBLBrewster,Cape Cod Baseball League,CCBL,20260618-CCBLBrewster-1,bd9961c0-6b69-11f1-bb15-89f1c00ac393,92.26842,52.53964,,7.78983,,,,1.09273,2.86223,-0.67379,93573a9d-26bc-46cc-8648-aab8239aff84,2026-06-18,23:02:11.66,2026-06-18T19:02:11.6640000-04:00,2026-06-18T23:02:11.6640000Z,LineDrive,v3,,,,"Jenkins, Owen",828215,Right,BRE_WHI,88606b0b-d911-4f2a-93f2-d021088e98b3,53.71635,-133.91108,14.43988,5.51579,-2.18182,-10.86186,-1.23156,5.24588,-9.50744,204.775765,1.0926,110.58552,-15.85442,3.88779,-0.8634,0.20594,-0.04885,0.00785,-0.00054,2.86298,54.56119,-15.50443,-0.05744,0.45495,-0.2551,0.07953,-0.01257,0.00078,-0.67377,-9.30148,5.13633,-1.50004,0.37194,-0.08472,0.01724,-0.00245,0.00016,,,,,,,,,,,,,,,,,,,,,,,High,High,High,High,High,,,,,,,,,,,,,,,,,,,,,,,,,,,,,,,,,,,
214,2026-06-18,19:03:11.20,3,1,"Kmatz, Zach",827297,Right,BRE_WHI,"Kirk, Taylor",842079,Right,HYA_HAR,Undefined,8,Top,2,0,0,Sinker,Sinker,InPlay,Undefined,GroundBall,Out,1,0,,92.508,-2.01296,-2.280373,2128.143045,239.674807,2:00,5.64401,1.11209,6.85741,-19.96749,11.78225,18.27914,2.14282,0.55546,83.97185,-5.83684,1.061234,0.405547,58.11665,-58.806496,-41.817047,,,,,2.35848,2.35848,-36.711086,0.028596,-10.41154,7.20304,-0.97247,50,5.50831,4.64989,-134.37553,-5.26648,-18.83688,31.97402,-19.14208,BRE_WHI,HYA_HAR,CCBLBrewster,Cape Cod Baseball League,CCBL,20260618-CCBLBrewster-1,e1167700-6b69-11f1-bb15-89f1c00ac393,92.94213,2.09449,,8.53616,,,,0.94558,2.09449,-0.56431,93573a9d-26bc-46cc-8648-aab8239aff84,2026-06-18,23:03:11.20,2026-06-18T19:03:11.2010000-04:00,2026-06-18T23:03:11.2010000Z,GroundBall,v3,,,,"Jenkins, Owen",828215,Right,BRE_WHI,82f03c30-1406-44b8-8849-82583b5e3f18,53.64001,-135.23888,15.98701,5.64354,-4.74961,-9.57104,-1.10489,5.15851,-9.41844,,0.9449,33.05036,,,,,,,,2.096,-73.2433,,,,,,,,-0.5637,-29.56813,,,,,,,,,,,,,,,,,,,,,,,,,,,,,,High,High,High,Estimated,Estimated,,,,,,,,,,,,,,,,,,,,,,,,,,,,,,,,,,,
215,2026-06-18,19:05:58.78,1,1,"Bosch, Ryan",834407,Left,HYA_HAR,"Peck, Alexander",828153,Right,BRE_WHI,Undefined,8,Bottom,0,0,0,Sinker,Four-Seam,FoulBallNotFieldable,Undefined,Undefined,Undefined,0,0,,91.26639,-2.783341,4.914198,2453.34628,127.678006,10:15,5.6189,-2.28808,6.23608,-17.57906,16.90214,-19.9534,1.575,0.59337,80.62868,-6.202823,1.325615,0.422632,,,,,,,,,,,,11.96095,10.1578,1.92924,50,5.40181,-10.41177,-131.57693,-6.87821,20.26435,36.64372,-14.96462,BRE_WHI,HYA_HAR,CCBLBrewster,Cape Cod Baseball League,CCBL,20260618-CCBLBrewster-1,45000290-6b6a-11f1-bb15-89f1c00ac393,89.18496,,,10.63772,,,,,,,93573a9d-26bc-46cc-8648-aab8239aff84,2026-06-18,23:05:58.78,2026-06-18T19:05:58.7810000-04:00,2026-06-18T23:05:58.7810000Z,,v3,,,,"Ortega, Efren",815707,Right,HYA_HAR,c6039f06-d3b4-4403-aff2-4ece6480fbe4,54.25343,-132.75621,18.32186,5.61542,-6.39661,-7.48231,2.27481,-11.06393,10.13218,,,,,,,,,,,,,,,,,,,,,,,,,,,,,,,,,,,,,,,,,,,,,,,,,,,High,High,High,,,,,,,,,,,,,,,,,,,,,,,,,,,,,,,,,,,,,
216,2026-06-18,19:06:18.28,1,2,"Bosch, Ryan",834407,Left,HYA_HAR,"Peck, Alexander",828153,Right,BRE_WHI,Undefined,8,Bottom,0,0,1,Fastball,Four-Seam,BallCalled,Undefined,Undefined,Undefined,0,0,,92.54835,-2.059587,6.306144,2473.855572,131.815468,10:30,5.5965,-2.14277,6.51023,-15.52867,17.79662,-18.26879,2.40012,2.14522,81.52,-5.124839,3.018255,0.415488,,,,,,,,,,,,12.23446,10.58497,1.70945,50,5.44545,-14.01701,-133.36556,-5.20594,21.19534,38.8491,-13.83631,BRE_WHI,HYA_HAR,CCBLBrewster,Cape Cod Baseball League,CCBL,20260618-CCBLBrewster-1,50962a80-6b6a-11f1-bb15-89f1c00ac393,90.71845,,,11.02835,,,,,,,93573a9d-26bc-46cc-8648-aab8239aff84,2026-06-18,23:06:18.28,2026-06-18T19:06:18.2820000-04:00,2026-06-18T23:06:18.2820000Z,,v3,,,,"Ortega, Efren",815707,Right,HYA_HAR,7e8bbd7f-8b82-4d2d-8142-e535efcb1cab,53.98651,-134.52181,19.42455,5.59427,-4.79413,-6.91815,2.13602,-14.64784,10.59767,,,,,,,,,,,,,,,,,,,,,,,,,,,,,,,,,,,,,,,,,,,,,,,,,,,High,High,High,,,,,,,,,,,,,,,,,,,,,,,,,,,,,,,,,,,,,
217,2026-06-18,19:06:35.68,1,3,"Bosch, Ryan",834407,Left,HYA_HAR,"Peck, Alexander",828153,Right,BRE_WHI,Undefined,8,Bottom,0,1,1,Sinker,Sinker,InPlay,Undefined,FlyBall,Double,0,0,,92.49054,-2.328232,4.872201,2529.210573,127.974283,10:15,5.46372,-2.2072,6.45027,-16.22143,16.47284,-19.52367,1.96403,0.65278,83.0609,-5.473943,1.346876,0.411535,65.30331,40.931187,35.465301,4471.863911,83.55975,55.16502,71.53827,191.943,180.7119,43.222096,3.765232,11.77552,9.71682,1.86959,50,5.29086,-10.59046,-133.74992,-5.8802,20.96156,33.50733,-14.8772,BRE_WHI,HYA_HAR,CCBLBrewster,Cape Cod Baseball League,CCBL,20260618-CCBLBrewster-1,5afbe8c0-6b6a-11f1-bb15-89f1c00ac393,91.58981,55.41042,,9.42965,,,,0.47796,1.95439,-0.64078,93573a9d-26bc-46cc-8648-aab8239aff84,2026-06-18,23:06:35.68,2026-06-18T19:06:35.6880000-04:00,2026-06-18T23:06:35.6880000Z,Popup,v3,,,,"Ortega, Efren",815707,Right,HYA_HAR,63506c56-c553-4c5d-ba40-1979fbbdbbdd,54.04569,-134.75965,16.75367,5.4613,-5.43188,-7.4386,2.19825,-11.22212,10.48078,214.68198,0.47781,58.94363,-12.76928,3.48885,-0.79349,0.21004,-0.06729,0.01414,-0.00117,1.95584,62.70271,-20.21718,0.92568,0.42524,-0.37475,0.13278,-0.02226,0.00143,-0.64046,41.97447,-2.68869,0.18558,0.07207,-0.03391,0.00602,-0.0002,-4E-05,,,,,,,,,,,,,,,,,,,,,,,High,High,High,High,High,,,,,,,,,,,,,,,,,,,,,,,,,,,,,,,,,,,
218,2026-06-18,19:07:24.15,2,1,"Bosch, Ryan",834407,Left,HYA_HAR,"Abernathy, Jay",815337,Left,BRE_WHI,Undefined,8,Bottom,0,0,0,Fastball,Four-Seam,StrikeCalled,Undefined,Undefined,Undefined,0,0,,91.56519,-2.213247,4.343571,2486.78424,131.218279,10:15,5.53193,-2.47338,6.54208,-15.70631,17.68351,-18.68407,2.18643,-0.03923,81.77727,-5.287241,0.96033,0.41589,,,,,,,,,,,,11.14934,10.3576,2.17881,50,5.37119,-9.26779,-132.42413,-5.5021,19.34491,34.31258,-14.20289,BRE_WHI,HYA_HAR,CCBLBrewster,Cape Cod Baseball League,CCBL,20260618-CCBLBrewster-1,77dbe080-6b6a-11f1-bb15-89f1c00ac393,90.6308,,,9.78792,,,,,,,93573a9d-26bc-46cc-8648-aab8239aff84,2026-06-18,23:07:24.15,2026-06-18T19:07:24.1550000-04:00,2026-06-18T23:07:24.1550000Z,,v3,,,,"Ortega, Efren",815707,Right,HYA_HAR,d6672cff-d7a5-4909-8073-78d558ca3e54,53.95076,-133.44389,17.15629,5.52845,-5.08,-7.10145,2.46279,-9.84271,9.67246,,,,,,,,,,,,,,,,,,,,,,,,,,,,,,,,,,,,,,,,,,,,,,,,,,,High,High,High,,,,,,,,,,,,,,,,,,,,,,,,,,,,,,,,,,,,,
219,2026-06-18,19:07:46.60,2,2,"Bosch, Ryan",834407,Left,HYA_HAR,"Abernathy, Jay",815337,Left,BRE_WHI,Undefined,8,Bottom,0,0,1,Slider,Slider,StrikeCalled,Undefined,Undefined,Undefined,0,0,,75.7705,1.306333,-0.103707,2444.368389,269.110137,3:00,5.26799,-2.60243,5.95801,-47.30778,2.17713,22.75564,2.53724,-0.8023,68.33033,-7.480241,3.987978,0.5063,,,,,,,,,,,,-11.57446,1.28047,2.59874,50,5.34613,-0.64913,-109.89318,1.08458,-13.84153,23.48355,-30.64278,BRE_WHI,HYA_HAR,CCBLBrewster,Cape Cod Baseball League,CCBL,20260618-CCBLBrewster-1,854800f0-6b6a-11f1-bb15-89f1c00ac393,74.44687,,,7.44018,,,,,,,93573a9d-26bc-46cc-8648-aab8239aff84,2026-06-18,23:07:46.60,2026-06-18T19:07:46.6000000-04:00,2026-06-18T23:07:46.6000000Z,,v3,,,,"Ortega, Efren",815707,Right,HYA_HAR,744bd52c-8efd-452a-99ee-4ea635bb5b36,54.53722,-110.85852,11.74178,5.27565,2.34422,-15.32139,2.61373,-0.08015,-6.92076,,,,,,,,,,,,,,,,,,,,,,,,,,,,,,,,,,,,,,,,,,,,,,,,,,,High,High,High,,,,,,,,,,,,,,,,,,,,,,,,,,,,,,,,,,,,,
220,2026-06-18,19:08:07.42,2,3,"Bosch, Ryan",834407,Left,HYA_HAR,"Abernathy, Jay",815337,Left,BRE_WHI,Undefined,8,Bottom,0,0,2,Fastball,Four-Seam,BallCalled,Undefined,Undefined,Undefined,0,0,,92.04654,-2.335639,5.743447,2467.29109,133.712254,10:30,5.56295,-2.27227,6.56835,-15.77816,17.5834,-16.93867,2.09515,1.59859,81.63706,-5.435258,2.686424,0.415714,,,,,,,,,,,,10.80772,10.39792,1.8818,50,5.39447,-12.61958,-132.72707,-5.80392,18.72252,36.05065,-14.16144,BRE_WHI,HYA_HAR,CCBLBrewster,Cape Cod Baseball League,CCBL,20260618-CCBLBrewster-1,91a82fa0-6b6a-11f1-bb15-89f1c00ac393,90.66916,,,10.40947,,,,,,,93573a9d-26bc-46cc-8648-aab8239aff84,2026-06-18,23:08:07.42,2026-06-18T19:08:07.4220000-04:00,2026-06-18T23:08:07.4220000Z,,v3,,,,"Ortega, Efren",815707,Right,HYA_HAR,fc86a9da-25fc-40f2-84e5-bdcdea003d7c,53.92249,-133.78824,18.02533,5.55917,-5.38707,-7.08072,2.26137,-13.17068,9.36126,,,,,,,,,,,,,,,,,,,,,,,,,,,,,,,,,,,,,,,,,,,,,,,,,,,High,High,High,,,,,,,,,,,,,,,,,,,,,,,,,,,,,,,,,,,,,
221,2026-06-18,19:08:30.36,2,4,"Bosch, Ryan",834407,Left,HYA_HAR,"Abernathy, Jay",815337,Left,BRE_WHI,Undefined,8,Bottom,0,1,2,Sinker,Sinker,FoulBallNotFieldable,Undefined,Undefined,Undefined,0,0,,93.37123,-1.671713,3.806402,2508.175761,127.687547,10:15,5.61327,-2.28745,6.29914,-15.46954,16.76595,-20.11525,2.78007,-0.45154,83.65018,-4.677745,0.176971,0.408638,,,,,,,,,,,,11.63453,9.59127,2.01639,50,5.48267,-8.11589,-135.18259,-4.36137,21.11011,34.81952,-14.77126,BRE_WHI,HYA_HAR,CCBLBrewster,Cape Cod Baseball League,CCBL,20260618-CCBLBrewster-1,9f54db80-6b6a-11f1-bb15-89f1c00ac393,92.23923,,,9.72106,,,,,,,93573a9d-26bc-46cc-8648-aab8239aff84,2026-06-18,23:08:30.36,2026-06-18T19:08:30.3670000-04:00,2026-06-18T23:08:30.3670000Z,,v3,,,,"Ortega, Efren",815707,Right,HYA_HAR,82f3d40c-252c-4fa3-a1f0-451e4e1a44ab,54.1955,-136.25896,17.40976,5.61043,-3.90475,-7.38563,2.27736,-8.76846,10.55506,,,,,,,,,,,,,,,,,,,,,,,,,,,,,,,,,,,,,,,,,,,,,,,,,,,High,High,High,,,,,,,,,,,,,,,,,,,,,,,,,,,,,,,,,,,,,
222,2026-06-18,19:08:54.66,2,5,"Bosch, Ryan",834407,Left,HYA_HAR,"Abernathy, Jay",815337,Left,BRE_WHI,Undefined,8,Bottom,0,1,2,Slider,Curveball,FoulBallNotFieldable,Undefined,Undefined,Undefined,0,0,,78.6775,-0.277149,1.962884,2673.400663,282.508497,3:30,5.40085,-2.38884,6.46172,-45.39156,-0.83118,10.43347,1.36351,0.28424,71.94738,-8.708655,3.856825,0.480447,64.55814,63.101138,-59.262986,5529.679366,41.22056,79.41757,-101.98443,153.86926,63.85214,-68.887871,4.808525,-4.87744,0.05441,2.24582,50,5.36137,-4.27164,-114.3094,-1.84702,-6.37621,23.42739,-32.10295,BRE_WHI,HYA_HAR,CCBLBrewster,Cape Cod Baseball League,CCBL,20260618-CCBLBrewster-1,add77500-6b6a-11f1-bb15-89f1c00ac393,78.45279,93.36496,,6.73012,,,,2.38059,1.51005,-0.21955,93573a9d-26bc-46cc-8648-aab8239aff84,2026-06-18,23:08:54.66,2026-06-18T19:08:54.6610000-04:00,2026-06-18T23:08:54.6610000Z,Popup,v3,,,,"Ortega, Efren",815707,Right,HYA_HAR,f9875104-da65-450f-8dfa-f0efdc5540e9,54.03657,-115.13371,11.71369,5.40649,-0.71745,-16.05147,2.39218,-4.04729,-3.1881,,2.3845,21.77314,-5.76751,0.22677,1.21473,-0.75682,0.21574,-0.0299,0.00162,1.50259,84.58899,-23.36473,3.10661,-1.04044,0.2612,-0.03407,0.0011,0.0001,-0.21796,-36.85319,3.13988,-0.82156,0.3007,-0.11545,0.02945,-0.00402,0.00022,,,,,,,,,,,,,,,,,,,,,,,High,High,High,Medium,Low,,,,,,,,,,,,,,,,,,,,,,,,,,,,,,,,,,,
223,2026-06-18,19:09:25.62,2,6,"Bosch, Ryan",834407,Left,HYA_HAR,"Abernathy, Jay",815337,Left,BRE_WHI,Undefined,8,Bottom,0,1,2,Fastball,Four-Seam,StrikeCalled,Strikeout,Undefined,Undefined,0,0,,92.40343,-2.736916,4.654809,2488.028843,133.066995,10:30,5.61138,-2.36996,6.4658,-16.0667,16.89847,-16.6756,1.74856,0.52498,82.4983,-5.866026,1.642018,0.413237,,,,,,,,,,,,10.17229,10.09989,2.04699,50,5.41016,-10.142,-133.47818,-6.79948,17.92488,34.96059,-14.37677,BRE_WHI,HYA_HAR,CCBLBrewster,Cape Cod Baseball League,CCBL,20260618-CCBLBrewster-1,c03d1510-6b6a-11f1-bb15-89f1c00ac393,91.21266,,,9.90513,,,,,,,93573a9d-26bc-46cc-8648-aab8239aff84,2026-06-18,23:09:25.62,2026-06-18T19:09:25.6260000-04:00,2026-06-18T23:09:25.6260000Z,,v3,,,,"Ortega, Efren",815707,Right,HYA_HAR,bc429453-420b-49ba-85a5-6e565290462a,54.02595,-134.52852,17.4803,5.60795,-6.36755,-7.18839,2.35978,-10.68053,8.96244,,,,,,,,,,,,,,,,,,,,,,,,,,,,,,,,,,,,,,,,,,,,,,,,,,,High,High,High,,,,,,,,,,,,,,,,,,,,,,,,,,,,,,,,,,,,,
224,2026-06-18,19:10:07.15,3,1,"Bosch, Ryan",834407,Left,HYA_HAR,"Kiel, Terrence",807219,Right,BRE_WHI,Undefined,8,Bottom,1,0,0,Slider,Curveball,BallCalled,Undefined,Undefined,Undefined,0,0,,79.50015,0.08018,2.057042,2657.379922,305.074724,4:15,5.39914,-2.32443,6.19356,-48.58774,-4.59024,8.57823,1.42424,0.29027,72.84574,-8.878323,3.606822,0.477403,,,,,,,,,,,,-3.82,-1.96902,2.1654,50,5.38108,-4.45735,-115.47692,-1.33709,-5.11108,23.33532,-34.80857,BRE_WHI,HYA_HAR,CCBLBrewster,Cape Cod Baseball League,CCBL,20260618-CCBLBrewster-1,d913e0a0-6b6a-11f1-bb15-89f1c00ac393,78.95303,,,6.65441,,,,,,,93573a9d-26bc-46cc-8648-aab8239aff84,2026-06-18,23:10:07.15,2026-06-18T19:10:07.1510000-04:00,2026-06-18T23:10:07.1510000Z,,v3,,,,"Ortega, Efren",815707,Right,HYA_HAR,9663d594-2f82-4a05-b5af-84855c5dd0c2,54.30485,-116.34359,11.66766,5.40673,-0.04432,-17.40429,2.32742,-4.26753,-2.55554,,,,,,,,,,,,,,,,,,,,,,,,,,,,,,,,,,,,,,,,,,,,,,,,,,,High,High,High,,,,,,,,,,,,,,,,,,,,,,,,,,,,,,,,,,,,,
225,2026-06-18,19:10:25.72,3,2,"Bosch, Ryan",834407,Left,HYA_HAR,"Kiel, Terrence",807219,Right,BRE_WHI,Undefined,8,Bottom,1,1,0,Sinker,Four-Seam,StrikeCalled,Undefined,Undefined,Undefined,0,0,,91.68386,-2.835858,4.438126,2451.683701,128.457581,10:15,5.56741,-2.34738,6.37302,-16.23217,17.27143,-20.09458,1.5956,0.06958,82.05378,-5.988964,0.810978,0.416598,,,,,,,,,,,,11.86174,10.30067,2.03484,50,5.35438,-9.42582,-132.51439,-6.99693,20.64427,33.91971,-14.2467,BRE_WHI,HYA_HAR,CCBLBrewster,Cape Cod Baseball League,CCBL,20260618-CCBLBrewster-1,e4184fe0-6b6a-11f1-bb15-89f1c00ac393,90.47677,,,9.63009,,,,,,,93573a9d-26bc-46cc-8648-aab8239aff84,2026-06-18,23:10:25.72,2026-06-18T19:10:25.7270000-04:00,2026-06-18T23:10:25.7270000Z,,v3,,,,"Ortega, Efren",815707,Right,HYA_HAR,c889b696-6e5b-4f22-8a4c-b510bfa4a57a,54.12094,-133.56506,16.95986,5.56428,-6.55564,-7.12335,2.33671,-10.06528,10.32214,,,,,,,,,,,,,,,,,,,,,,,,,,,,,,,,,,,,,,,,,,,,,,,,,,,High,High,High,,,,,,,,,,,,,,,,,,,,,,,,,,,,,,,,,,,,,
226,2026-06-18,19:10:48.55,3,3,"Bosch, Ryan",834407,Left,HYA_HAR,"Kiel, Terrence",807219,Right,BRE_WHI,Undefined,8,Bottom,1,1,1,Sinker,Four-Seam,FoulBallNotFieldable,Undefined,Undefined,Undefined,0,0,,91.52227,-0.89122,3.527939,2446.738036,126.317675,10:15,5.57869,-2.03962,6.45029,-17.89131,15.35446,-19.21387,3.26736,-0.39553,82.18793,-4.347222,0.049791,0.414992,72.91101,24.904693,158.414,2439.089329,,,,,28.74586,,,11.13942,8.65528,1.79731,50,5.50735,-7.37984,-132.65267,-2.54759,19.49995,33.02843,-17.0227,BRE_WHI,HYA_HAR,CCBLBrewster,Cape Cod Baseball League,CCBL,20260618-CCBLBrewster-1,f1b5e090-6b6a-11f1-bb15-89f1c00ac393,90.82698,14.61296,,9.33434,,,,-0.29976,3.00331,0.30064,93573a9d-26bc-46cc-8648-aab8239aff84,2026-06-18,23:10:48.55,2026-06-18T19:10:48.5580000-04:00,2026-06-18T23:10:48.5580000Z,,v3,,,,"Ortega, Efren",815707,Right,HYA_HAR,783fc16d-a90b-4def-8dfe-1a11f165ff3e,54.04492,-133.656,16.51421,5.57688,-2.03047,-8.51135,2.03049,-7.97221,9.74998,286.328145,-0.30385,-90.01258,13.08938,,,,,,,3.00873,44.79705,-23.50001,,,,,,,0.30596,35.45186,-11.11549,,,,,,,,,,,,,,,,,,,,,,,,,,,,,High,High,High,High,Undefined,,,,,,,,,,,,,,,,,,,,,,,,,,,,,,,,,,,
227,2026-06-18,19:11:21.06,3,4,"Bosch, Ryan",834407,Left,HYA_HAR,"Kiel, Terrence",807219,Right,BRE_WHI,Undefined,8,Bottom,1,1,2,Fastball,Sinker,StrikeSwinging,Strikeout,Undefined,Undefined,0,0,,92.42408,-1.666725,3.88612,2424.715681,139.444483,10:45,5.75161,-2.36022,6.43354,-16.45694,16.51115,-13.00178,2.84451,0.13313,82.31212,-4.872763,1.53571,0.413255,,,,,,,,,,,,8.07126,9.54229,2.08855,50,5.62522,-8.51813,-133.69092,-4.31676,14.22668,35.82881,-15.35444,BRE_WHI,HYA_HAR,CCBLBrewster,Cape Cod Baseball League,CCBL,20260618-CCBLBrewster-1,05157100-6b6b-11f1-bb15-89f1c00ac393,91.20862,,,10.11196,,,,,,,93573a9d-26bc-46cc-8648-aab8239aff84,2026-06-18,23:11:21.06,2026-06-18T19:11:21.0610000-04:00,2026-06-18T23:11:21.0610000Z,,v3,,,,"Ortega, Efren",815707,Right,HYA_HAR,4c53f933-1490-48cf-b2cb-5caf13ced533,54.05796,-134.77406,17.91441,5.7487,-3.85258,-7.67722,2.35256,-8.94821,7.11334,,,,,,,,,,,,,,,,,,,,,,,,,,,,,,,,,,,,,,,,,,,,,,,,,,,High,High,High,,,,,,,,,,,,,,,,,,,,,,,,,,,,,,,,,,,,,
228,2026-06-18,19:11:59.92,4,1,"Bosch, Ryan",834407,Left,HYA_HAR,"Laskofski, Jamie",842027,Left,BRE_WHI,Undefined,8,Bottom,2,0,0,Slider,Curveball,HitByPitch,Undefined,Undefined,Undefined,0,0,,79.45364,2.178553,-0.284136,2424.824539,306.155529,4:15,5.48356,-2.41951,6.14059,-49.12672,-5.12425,8.94441,3.40389,-1.93672,72.5611,-6.907794,1.329913,0.47743,,,,,,,,,,,,-4.75457,-2.97957,2.4364,50,5.62392,0.2551,-115.4436,2.88054,-6.3768,22.72956,-36.1702,BRE_WHI,HYA_HAR,CCBLBrewster,Cape Cod Baseball League,CCBL,20260618-CCBLBrewster-1,1c41c0e0-6b6b-11f1-bb15-89f1c00ac393,78.94857,,,6.89254,,,,,,,93573a9d-26bc-46cc-8648-aab8239aff84,2026-06-18,23:11:59.92,2026-06-18T19:11:59.9250000-04:00,2026-06-18T23:11:59.9250000Z,,v3,,,,"Ortega, Efren",815707,Right,HYA_HAR,8128c9fa-31c4-4d20-9601-10c6825517b7,54.35944,-116.29876,11.36478,5.48994,4.24138,-18.0851,2.42229,0.49502,-3.1884,,,,,,,,,,,,,,,,,,,,,,,,,,,,,,,,,,,,,,,,,,,,,,,,,,,High,High,High,,,,,,,,,,,,,,,,,,,,,,,,,,,,,,,,,,,,,
229,2026-06-18,19:12:33.90,5,1,"Bosch, Ryan",834407,Left,HYA_HAR,"Lee, Jacob",842028,Right,BRE_WHI,Undefined,8,Bottom,2,0,0,Fastball,Four-Seam,StrikeSwinging,Undefined,Undefined,Undefined,0,0,,92.15987,-2.083663,2.896911,2415.755878,130.843237,10:15,5.53984,-2.4075,6.50006,-16.97399,15.5045,-16.62745,2.20958,-1.13196,83.50566,-5.34946,-0.118823,0.410175,,,,,,,,,,,,9.49997,9.0663,2.21097,50,5.38622,-6.07006,-133.67352,-5.321,17.02775,31.33925,-15.92356,BRE_WHI,HYA_HAR,CCBLBrewster,Cape Cod Baseball League,CCBL,20260618-CCBLBrewster-1,308102f0-6b6b-11f1-bb15-89f1c00ac393,91.89358,,,8.65421,,,,,,,93573a9d-26bc-46cc-8648-aab8239aff84,2026-06-18,23:12:33.90,2026-06-18T19:12:33.9010000-04:00,2026-06-18T23:12:33.9010000Z,,v3,,,,"Ortega, Efren",815707,Right,HYA_HAR,0eaa8396-f618-4c70-9fd9-912b414e5b4f,53.99508,-134.6069,15.66962,5.53763,-4.84675,-7.96178,2.3993,-6.57719,8.51387,,,,,,,,,,,,,,,,,,,,,,,,,,,,,,,,,,,,,,,,,,,,,,,,,,,High,High,High,,,,,,,,,,,,,,,,,,,,,,,,,,,,,,,,,,,,,
230,2026-06-18,19:12:51.20,5,2,"Bosch, Ryan",834407,Left,HYA_HAR,"Lee, Jacob",842028,Right,BRE_WHI,Undefined,8,Bottom,2,0,1,Fastball,Sinker,StrikeSwinging,Undefined,Undefined,Undefined,0,0,,91.8708,-1.181457,3.950754,2460.844127,130.421182,10:15,5.48625,-2.10268,6.48188,-18.56576,14.24894,-15.36528,2.8516,0.25005,82.97116,-4.744877,1.170173,0.412293,,,,,,,,,,,,9.21878,8.15252,1.8308,50,5.39475,-8.55997,-133.14275,-3.26622,16.35492,31.70121,-17.71077,BRE_WHI,HYA_HAR,CCBLBrewster,Cape Cod Baseball League,CCBL,20260618-CCBLBrewster-1,3ad498c0-6b6b-11f1-bb15-89f1c00ac393,91.42155,,,8.89964,,,,,,,93573a9d-26bc-46cc-8648-aab8239aff84,2026-06-18,23:12:51.20,2026-06-18T19:12:51.2090000-04:00,2026-06-18T23:12:51.2090000Z,,v3,,,,"Ortega, Efren",815707,Right,HYA_HAR,c1ecc7c1-ec57-4c7e-ac7a-982f52aab59d,54.01346,-134.09495,15.85061,5.48486,-2.73425,-8.85539,2.09529,-9.05121,8.17746,,,,,,,,,,,,,,,,,,,,,,,,,,,,,,,,,,,,,,,,,,,,,,,,,,,High,High,High,,,,,,,,,,,,,,,,,,,,,,,,,,,,,,,,,,,,,
231,2026-06-18,19:13:11.43,5,3,"Bosch, Ryan",834407,Left,HYA_HAR,"Lee, Jacob",842028,Right,BRE_WHI,Undefined,8,Bottom,2,0,2,Fastball,Sinker,FoulBallNotFieldable,Undefined,Undefined,Undefined,0,0,,92.1996,-2.283061,3.506523,2499.066845,128.855792,10:15,5.59266,-2.40422,6.46416,-18.53651,14.12331,-16.06887,1.94599,-0.51864,83.25992,-5.834705,0.596288,0.411319,,,,,,,,,,,,9.53414,8.45922,2.16332,50,5.42295,-7.53483,-133.61105,-5.85751,16.99413,32.53929,-17.09595,BRE_WHI,HYA_HAR,CCBLBrewster,Cape Cod Baseball League,CCBL,20260618-CCBLBrewster-1,46dcbc60-6b6b-11f1-bb15-89f1c00ac393,91.63808,,,8.93968,,,,,,,93573a9d-26bc-46cc-8648-aab8239aff84,2026-06-18,23:13:11.43,2026-06-18T19:13:11.4360000-04:00,2026-06-18T23:13:11.4360000Z,,v3,,,,"Ortega, Efren",815707,Right,HYA_HAR,7be3dc29-64ee-49c3-9967-a53a7b6cdf1d,54.03241,-134.58951,16.26965,5.59136,-5.34344,-8.54798,2.39758,-8.04585,8.49707,,,,,,,,,,,,,,,,,,,,,,,,,,,,,,,,,,,,,,,,,,,,,,,,,,,High,High,High,,,,,,,,,,,,,,,,,,,,,,,,,,,,,,,,,,,,,
232,2026-06-18,19:13:38.06,5,4,"Bosch, Ryan",834407,Left,HYA_HAR,"Lee, Jacob",842028,Right,BRE_WHI,Undefined,8,Bottom,2,0,2,Fastball,Sinker,StrikeSwinging,Strikeout,Undefined,Undefined,0,0,,92.01416,-0.907233,2.870256,2451.928126,132.010497,10:30,5.46672,-2.26743,6.64308,-16.90363,15.85513,-16.21332,3.22654,-0.98907,82.30885,-4.201362,-0.077692,0.411941,,,,,,,,,,,,9.4302,8.98626,2.07915,50,5.39831,-6.01862,-133.41311,-2.53465,16.61825,34.65659,-16.33817,BRE_WHI,HYA_HAR,CCBLBrewster,Cape Cod Baseball League,CCBL,20260618-CCBLBrewster-1,56c1a500-6b6b-11f1-bb15-89f1c00ac393,91.49958,,,9.70531,,,,,,,93573a9d-26bc-46cc-8648-aab8239aff84,2026-06-18,23:13:38.06,2026-06-18T19:13:38.0620000-04:00,2026-06-18T23:13:38.0620000Z,,v3,,,,"Ortega, Efren",815707,Right,HYA_HAR,82472b2c-0135-4bb6-9b50-51f70bad5c5a,53.85038,-134.4096,17.3283,5.46444,-2.06487,-8.16908,2.25907,-6.49645,8.30912,,,,,,,,,,,,,,,,,,,,,,,,,,,,,45.55408,3.488036,1.879296,1.60874,-1.1852,3.03089,0.99592,-0.68941,4.65793,5.82424,77.7141,1.05165,-47.071,-0.68476,50.74338,-1.2514,4.70245,23.33827,-15.99425,5.80014,-36.05445,2.01288,High,High,High,,,High,High,High,,,,,,,,,,,,,,,,,,,,,,,,,,,,,,,,
233,2026-06-18,19:17:09.45,1,1,"Sandford, Schuyler",815161,Right,BRE_WHI,"Miller, Caden",832296,Left,HYA_HAR,Undefined,9,Top,0,0,0,Fastball,Sinker,StrikeSwinging,Undefined,Undefined,Undefined,0,0,,92.46946,-2.279189,-3.01265,2272.888302,231.694831,1:45,5.79898,2.68936,6.28197,-16.64761,16.85965,19.48072,2.30706,1.5336,81.42093,-5.535726,0.505944,0.416621,,,,,,,,,,,,-11.08938,9.98961,-2.47497,50,5.62252,6.14839,-133.62376,-5.75015,-19.27701,39.11957,-14.80877,BRE_WHI,HYA_HAR,CCBLBrewster,Cape Cod Baseball League,CCBL,20260618-CCBLBrewster-1,d4bc29d0-6b6b-11f1-bb15-89f1c00ac393,90.47179,,,11.04853,,,,,,,93573a9d-26bc-46cc-8648-aab8239aff84,2026-06-18,23:17:09.45,2026-06-18T19:17:09.4530000-04:00,2026-06-18T23:17:09.4530000Z,,v3,,,,"Jenkins, Owen",828215,Right,BRE_WHI,20d0e7f6-8bf4-4640-adf6-c401c0b0a6af,54.20715,-134.84981,19.55979,5.79546,-5.28602,-7.40439,-2.67714,6.75256,-9.63851,,,,,,,,,,,,,,,,,,,,,,,,,,,,,,,,,,,,,,,,,,,,,,,,,,,High,High,High,,,,,,,,,,,,,,,,,,,,,,,,,,,,,,,,,,,,,
234,2026-06-18,19:17:27.52,1,2,"Sandford, Schuyler",815161,Right,BRE_WHI,"Miller, Caden",832296,Left,HYA_HAR,Undefined,9,Top,0,0,1,Fastball,Four-Seam,StrikeSwinging,Undefined,Undefined,Undefined,0,0,,93.54793,-1.375748,-4.11104,2299.153235,209.39443,1:00,5.91188,2.93204,6.46886,-11.01213,20.66903,11.0115,3.72724,0.06766,84.39282,-3.567185,-2.121099,0.405109,,,,,,,,,,,,-6.99965,11.52859,-2.64625,50,5.80931,9.27593,-135.52132,-3.47769,-12.86879,32.77708,-10.97881,BRE_WHI,HYA_HAR,CCBLBrewster,Cape Cod Baseball League,CCBL,20260618-CCBLBrewster-1,df7ba0d0-6b6b-11f1-bb15-89f1c00ac393,93.04271,,,9.15511,,,,,,,93573a9d-26bc-46cc-8648-aab8239aff84,2026-06-18,23:17:27.52,2026-06-18T19:17:27.5230000-04:00,2026-06-18T23:17:27.5230000Z,,v3,,,,"Jenkins, Owen",828215,Right,BRE_WHI,7d95a370-18e3-45e6-9da7-0f95575642e9,54.02602,-136.49158,16.38854,5.90744,-3.1527,-5.4894,-2.92647,9.65686,-6.4344,,,,,,,,,,,,,,,,,,,,,,,,,,,,,,,,,,,,,,,,,,,,,,,,,,,High,High,High,,,,,,,,,,,,,,,,,,,,,,,,,,,,,,,,,,,,,
235,2026-06-18,19:17:48.29,1,3,"Sandford, Schuyler",815161,Right,BRE_WHI,"Miller, Caden",832296,Left,HYA_HAR,Undefined,9,Top,0,0,2,Slider,Slider,BallCalled,Undefined,Undefined,Undefined,0,0,,86.75112,-1.724702,-3.544906,2557.904356,94.123408,9:15,5.92195,2.88058,5.88323,-35.63301,1.55453,-6.03926,1.34741,-0.91872,80.0577,-8.244431,-4.626387,0.438904,,,,,,,,,,,,2.13713,1.59,-2.59071,50,5.76182,8.0359,-125.81701,-5.02052,3.42931,25.27338,-29.62264,BRE_WHI,HYA_HAR,CCBLBrewster,Cape Cod Baseball League,CCBL,20260618-CCBLBrewster-1,ebeac3a0-6b6b-11f1-bb15-89f1c00ac393,85.87847,,,6.69342,,,,,,,93573a9d-26bc-46cc-8648-aab8239aff84,2026-06-18,23:17:48.29,2026-06-18T19:17:48.2990000-04:00,2026-06-18T23:17:48.2990000Z,,v3,,,,"Jenkins, Owen",828215,Right,BRE_WHI,821a61bc-a3e3-47d0-8c0d-f416a3b7e4b7,54.61542,-126.74074,12.63669,5.92553,-3.93783,-14.81132,-2.88212,7.91056,1.71466,,,,,,,,,,,,,,,,,,,,,,,,,,,,,,,,,,,,,,,,,,,,,,,,,,,High,High,High,,,,,,,,,,,,,,,,,,,,,,,,,,,,,,,,,,,,,
236,2026-06-18,19:18:06.57,1,4,"Sandford, Schuyler",815161,Right,BRE_WHI,"Miller, Caden",832296,Left,HYA_HAR,Undefined,9,Top,0,1,2,Slider,Slider,BallCalled,Undefined,Undefined,Undefined,0,0,,87.04648,-1.62222,-3.216514,2591.27498,119.82147,10:00,6.03077,2.84795,5.8435,-33.66896,3.57855,-4.11347,1.71472,-0.48709,79.61235,-7.815431,-3.953012,0.439258,,,,,,,,,,,,1.15299,2.6674,-2.58353,50,5.87883,7.25917,-126.17193,-4.73659,1.84605,27.29026,-27.9032,BRE_WHI,HYA_HAR,CCBLBrewster,Cape Cod Baseball League,CCBL,20260618-CCBLBrewster-1,f6cd2bf0-6b6b-11f1-bb15-89f1c00ac393,85.80928,,,7.43413,,,,,,,93573a9d-26bc-46cc-8648-aab8239aff84,2026-06-18,23:18:06.57,2026-06-18T19:18:06.5710000-04:00,2026-06-18T23:18:06.5710000Z,,v3,,,,"Jenkins, Owen",828215,Right,BRE_WHI,3985a42f-a072-4067-adbc-15bdd6831583,54.65355,-127.17448,13.64513,6.034,-3.71152,-13.9516,-2.84896,7.19136,0.92302,,,,,,,,,,,,,,,,,,,,,,,,,,,,,,,,,,,,,,,,,,,,,,,,,,,High,High,High,,,,,,,,,,,,,,,,,,,,,,,,,,,,,,,,,,,,,
237,2026-06-18,19:18:27.15,1,5,"Sandford, Schuyler",815161,Right,BRE_WHI,"Miller, Caden",832296,Left,HYA_HAR,Undefined,9,Top,0,2,2,Fastball,Four-Seam,BallCalled,Undefined,Undefined,Undefined,0,0,,94.42942,-4.700387,-5.000638,2341.679498,205.813873,12:45,5.78436,2.87724,6.38741,-9.07493,22.46537,10.29359,0.67839,-0.87628,85.06238,-6.532349,-3.147713,0.404207,,,,,,,,,,,,-6.98414,13.57863,-2.5215,50,5.44013,11.48437,-136.18464,-11.39302,-12.92334,34.01172,-7.04843,BRE_WHI,HYA_HAR,CCBLBrewster,Cape Cod Baseball League,CCBL,20260618-CCBLBrewster-1,03089490-6b6c-11f1-bb15-89f1c00ac393,93.25025,,,9.36704,,,,,,,93573a9d-26bc-46cc-8648-aab8239aff84,2026-06-18,23:18:27.15,2026-06-18T19:18:27.1550000-04:00,2026-06-18T23:18:27.1550000Z,,v3,,,,"Jenkins, Owen",828215,Right,BRE_WHI,4be069c6-0f1a-42e7-8782-9fe06420e1d9,54.1087,-137.20694,17.00586,5.77939,-11.18117,-3.52421,-2.87253,11.87281,-6.46167,,,,,,,,,,,,,,,,,,,,,,,,,,,,,,,,,,,,,,,,,,,,,,,,,,,High,High,High,,,,,,,,,,,,,,,,,,,,,,,,,,,,,,,,,,,,,
238,2026-06-18,19:18:45.27,1,6,"Sandford, Schuyler",815161,Right,BRE_WHI,"Miller, Caden",832296,Left,HYA_HAR,Undefined,9,Top,0,3,2,Fastball,Sinker,BallCalled,Walk,Undefined,Undefined,0,0,,93.02695,-3.48029,-2.571051,2349.513328,229.878089,1:45,5.74495,2.83518,6.35234,-14.55824,17.74985,19.64111,1.32127,2.10391,83.85433,-6.302796,0.983057,0.409098,,,,,,,,,,,,-10.97355,10.68993,-2.65693,50,5.48506,5.20603,-134.71501,-8.56818,-19.84657,33.58936,-12.8404,BRE_WHI,HYA_HAR,CCBLBrewster,Cape Cod Baseball League,CCBL,20260618-CCBLBrewster-1,0ddb4570-6b6c-11f1-bb15-89f1c00ac393,92.13553,,,9.17262,,,,,,,93573a9d-26bc-46cc-8648-aab8239aff84,2026-06-18,23:18:45.27,2026-06-18T19:18:45.2710000-04:00,2026-06-18T23:18:45.2710000Z,,v3,,,,"Jenkins, Owen",828215,Right,BRE_WHI,29be363f-99d9-4fd2-ba5d-5066636533d7,54.14279,-135.74403,16.79468,5.74153,-8.17481,-6.4202,-2.82573,5.81404,-9.92328,,,,,,,,,,,,,,,,,,,,,,,,,,,,,,,,,,,,,,,,,,,,,,,,,,,High,High,High,,,,,,,,,,,,,,,,,,,,,,,,,,,,,,,,,,,,,
239,2026-06-18,19:19:21.58,2,1,"Sandford, Schuyler",815161,Right,BRE_WHI,"Embury, Jon",810993,Right,HYA_HAR,Undefined,9,Top,0,0,0,Fastball,Sinker,BallCalled,Undefined,Undefined,Undefined,0,0,,93.71943,-3.872272,-5.073573,2371.318756,228.228051,1:30,5.88786,2.81373,6.4937,-14.54769,17.41832,18.11241,1.10158,-0.3464,84.06804,-6.709733,-1.802247,0.406926,,,,,,,,,,,,-11.14879,10.75776,-2.46478,50,5.6087,11.2509,-135.26682,-9.55028,-20.25559,34.84384,-12.62894,BRE_WHI,HYA_HAR,CCBLBrewster,Cape Cod Baseball League,CCBL,20260618-CCBLBrewster-1,237b28f0-6b6c-11f1-bb15-89f1c00ac393,92.62722,,,9.65139,,,,,,,93573a9d-26bc-46cc-8648-aab8239aff84,2026-06-18,23:19:21.58,2026-06-18T19:19:21.5880000-04:00,2026-06-18T23:19:21.5880000Z,,v3,,,,"Jenkins, Owen",828215,Right,BRE_WHI,590c0926-3255-476c-a95e-891f4fb1b1ea,54.00179,-136.29375,17.42192,5.88469,-9.17807,-6.31447,-2.80517,11.84789,-10.1278,,,,,,,,,,,,,,,,,,,,,,,,,,,,,,,,,,,,,,,,,,,,,,,,,,,High,High,High,,,,,,,,,,,,,,,,,,,,,,,,,,,,,,,,,,,,,
240,2026-06-18,19:19:41.45,2,2,"Sandford, Schuyler",815161,Right,BRE_WHI,"Embury, Jon",810993,Right,HYA_HAR,Undefined,9,Top,0,1,0,Fastball,Four-Seam,InPlay,Undefined,LineDrive,Out,1,0,,92.15489,-2.730164,-3.983064,2377.842989,222.40922,1:30,5.94754,2.81737,6.64184,-14.81103,17.58832,15.02402,2.20624,0.41753,83.46211,-5.610813,-1.256284,0.409675,91.84046,39.58267,-3.406314,3680.636701,109.92821,81.99906,-3.96761,367.84742,361.95144,0.82951,5.556022,-9.15713,10.44532,-2.554,50,5.75657,8.70732,-133.517,-6.74058,-16.36301,31.45813,-13.50915,BRE_WHI,HYA_HAR,CCBLBrewster,Cape Cod Baseball League,CCBL,20260618-CCBLBrewster-1,2f51b540-6b6c-11f1-bb15-89f1c00ac393,92.00569,108.27244,,8.69278,,,,1.75741,2.3632,-0.43715,93573a9d-26bc-46cc-8648-aab8239aff84,2026-06-18,23:19:41.45,2026-06-18T19:19:41.4500000-04:00,2026-06-18T23:19:41.4500000Z,FlyBall,v3,,,,"Jenkins, Owen",828215,Right,BRE_WHI,8281429b-c9ea-4e98-aa64-b67d0f4bcd09,53.85534,-134.42229,15.72907,5.94495,-6.35182,-6.75458,-2.81135,9.17821,-8.1815,189.975358,1.7576,103.60996,-20.97807,5.8463,-1.0955,0.11312,0.00033,-0.00118,7E-05,2.36193,85.85778,-19.79998,0.94611,0.11183,-0.09943,0.03284,-0.00524,0.00031,-0.43755,-6.157,3.63588,-0.95558,0.16317,-0.00901,-0.0023,0.00044,-2E-05,,,,,,,,,,,,,,,,,,,,,,,High,High,High,High,Medium,,,,,,,,,,,,,,,,,,,,,,,,,,,,,,,,,,,
241,2026-06-18,19:20:17.23,3,1,"Sandford, Schuyler",815161,Right,BRE_WHI,"Bates, Charlie",807287,Left,HYA_HAR,Undefined,9,Top,1,0,0,Fastball,Four-Seam,StrikeCalled,Undefined,Undefined,Undefined,0,0,,94.1054,-2.161672,-4.00269,2340.61092,204.286079,12:45,5.97715,2.71964,6.34727,-8.13107,23.7184,10.13623,3.30392,-0.12618,83.90647,-3.851087,-2.175097,0.406184,,,,,,,,,,,,-6.59725,13.36103,-2.43285,50,5.81538,9.07306,-136.08311,-5.22735,-12.08233,36.36171,-7.70439,BRE_WHI,HYA_HAR,CCBLBrewster,Cape Cod Baseball League,CCBL,20260618-CCBLBrewster-1,44a4d850-6b6c-11f1-bb15-89f1c00ac393,92.79656,,,10.19893,,,,,,,93573a9d-26bc-46cc-8648-aab8239aff84,2026-06-18,23:20:17.23,2026-06-18T19:20:17.2300000-04:00,2026-06-18T23:20:17.2300000Z,,v3,,,,"Jenkins, Owen",828215,Right,BRE_WHI,8dca535f-eede-4666-9d11-a3609ae18276,54.14489,-137.18617,18.18085,5.97041,-4.99364,-3.8522,-2.71364,9.43958,-6.04116,,,,,,,,,,,,,,,,,,,,,,,,,,,,,,,,,,,,,,,,,,,,,,,,,,,High,High,High,,,,,,,,,,,,,,,,,,,,,,,,,,,,,,,,,,,,,
242,2026-06-18,19:20:35.24,3,2,"Sandford, Schuyler",815161,Right,BRE_WHI,"Bates, Charlie",807287,Left,HYA_HAR,Undefined,9,Top,1,0,1,Slider,Slider,StrikeSwinging,Undefined,Undefined,Undefined,0,0,,86.83913,-2.240679,-3.370227,2594.958013,100.447237,9:15,5.85371,3.0075,5.99678,-34.83718,2.22965,-5.84744,0.86969,-0.60632,79.96661,-8.629935,-4.420349,0.438192,,,,,,,,,,,,2.06386,2.12315,-2.7388,50,5.65785,7.64696,-125.90731,-6.10959,3.3065,26.03376,-28.77258,BRE_WHI,HYA_HAR,CCBLBrewster,Cape Cod Baseball League,CCBL,20260618-CCBLBrewster-1,4f690a40-6b6c-11f1-bb15-89f1c00ac393,86.01814,,,6.87252,,,,,,,93573a9d-26bc-46cc-8648-aab8239aff84,2026-06-18,23:20:35.24,2026-06-18T19:20:35.2420000-04:00,2026-06-18T23:20:35.2420000Z,,v3,,,,"Jenkins, Owen",828215,Right,BRE_WHI,98b7aa72-f5d0-4d78-babc-d4d867f52985,54.50121,-126.83461,13.01688,5.85721,-5.08474,-14.38629,-3.00907,7.52918,1.65325,,,,,,,,,,,,,,,,,,,,,,,,,,,,,,,,,,,,,,,,,,,,,,,,,,,High,High,High,,,,,,,,,,,,,,,,,,,,,,,,,,,,,,,,,,,,,
243,2026-06-18,19:20:52.84,3,3,"Sandford, Schuyler",815161,Right,BRE_WHI,"Bates, Charlie",807287,Left,HYA_HAR,Undefined,9,Top,1,0,2,Slider,Slider,StrikeSwinging,Strikeout,Undefined,Undefined,0,0,,86.6503,-1.321064,-3.154998,2625.976256,82.572129,8:45,5.90009,2.99032,5.83461,-37.46644,0.15224,-8.23075,1.54794,-0.63096,79.31697,-8.187145,-4.628635,0.441442,,,,,,,,,,,,3.26012,0.84937,-2.72805,50,5.77031,7.26332,-125.61931,-4.21224,5.16923,27.27754,-30.82729,BRE_WHI,HYA_HAR,CCBLBrewster,Cape Cod Baseball League,CCBL,20260618-CCBLBrewster-1,59e8e030-6b6c-11f1-bb15-89f1c00ac393,85.38489,,,7.33333,,,,,,,93573a9d-26bc-46cc-8648-aab8239aff84,2026-06-18,23:20:52.84,2026-06-18T19:20:52.8450000-04:00,2026-06-18T23:20:52.8450000Z,,v3,,,,"Jenkins, Owen",828215,Right,BRE_WHI,47c95013-91c7-4947-b6d0-c886a51a424d,54.66249,-126.62769,13.63877,5.90496,-3.07263,-15.41365,-2.99303,7.07223,2.58461,,,,,,,,,,,,,,,,,,,,,,,,,,,,,,,,,,,,,,,,,,,,,,,,,,,High,High,High,,,,,,,,,,,,,,,,,,,,,,,,,,,,,,,,,,,,,
244,2026-06-18,19:21:23.24,4,1,"Sandford, Schuyler",815161,Right,BRE_WHI,"Hawsey, Trey",842078,Left,HYA_HAR,Undefined,9,Top,2,0,0,Slider,Slider,StrikeCalled,Undefined,Undefined,Undefined,0,0,,87.27975,-1.534875,-2.495552,2508.370594,112.405954,9:45,5.95692,2.97975,6.01168,-32.70939,4.06666,-6.93993,1.8076,0.08817,79.79107,-7.578899,-3.743299,0.43647,,,,,,,,,,,,2.82575,2.91858,-2.78019,50,5.81869,5.80022,-126.618,-4.4932,4.5546,27.57854,-27.4698,BRE_WHI,HYA_HAR,CCBLBrewster,Cape Cod Baseball League,CCBL,20260618-CCBLBrewster-1,6c076520-6b6c-11f1-bb15-89f1c00ac393,86.35756,,,7.48868,,,,,,,93573a9d-26bc-46cc-8648-aab8239aff84,2026-06-18,23:21:23.24,2026-06-18T19:21:23.2490000-04:00,2026-06-18T23:21:23.2490000Z,,v3,,,,"Jenkins, Owen",828215,Right,BRE_WHI,5fb31449-79f2-450f-83a7-e84cfa0e0258,54.48489,-127.59111,13.78927,5.96013,-3.52393,-13.7349,-2.98201,5.63951,2.2773,,,,,,,,,,,,,,,,,,,,,,,,,,,,,,,,,,,,,,,,,,,,,,,,,,,High,High,High,,,,,,,,,,,,,,,,,,,,,,,,,,,,,,,,,,,,,
245,2026-06-18,19:21:42.09,4,2,"Sandford, Schuyler",815161,Right,BRE_WHI,"Hawsey, Trey",842078,Left,HYA_HAR,Undefined,9,Top,2,0,1,Sinker,Slider,FoulBallNotFieldable,Undefined,Undefined,Undefined,0,0,,86.06315,-0.763287,-3.304758,2650.776912,72.532278,8:30,5.89638,3.03612,5.85479,-39.72195,-1.26036,-8.33036,1.87583,-0.73194,78.04429,-8.064944,-4.796158,0.44636,,,,,,,,,,,,3.18051,-0.01244,-2.76268,50,5.81129,7.53893,-124.66608,-3.04111,4.91579,29.24472,-32.19325,BRE_WHI,HYA_HAR,CCBLBrewster,Cape Cod Baseball League,CCBL,20260618-CCBLBrewster-1,773cf680-6b6c-11f1-bb15-89f1c00ac393,84.4441,,,8.01887,,,,,,,93573a9d-26bc-46cc-8648-aab8239aff84,2026-06-18,23:21:42.09,2026-06-18T19:21:42.0930000-04:00,2026-06-18T23:21:42.0930000Z,,v3,,,,"Jenkins, Owen",828215,Right,BRE_WHI,d1ee006e-9539-48bd-9b01-e506b4787349,54.64178,-125.75025,14.62236,5.90191,-1.84763,-16.09663,-3.03879,7.35669,2.4579,,,,,,,,,,,,,,,,,,,,,,,,,,,,,,,,,,,,,,,,,,,,,,,,,,,High,High,High,,,,,,,,,,,,,,,,,,,,,,,,,,,,,,,,,,,,,
246,2026-06-18,19:22:29.07,4,3,"Sandford, Schuyler",815161,Right,BRE_WHI,"Hawsey, Trey",842078,Left,HYA_HAR,Undefined,9,Top,2,0,2,Slider,Slider,StrikeSwinging,Strikeout,Undefined,Undefined,0,0,,86.03763,-0.862457,-2.233207,2643.453702,103.653466,9:30,5.92438,2.89779,5.79564,-36.24163,2.81941,-5.1228,2.10138,0.39265,76.77823,-7.588554,-3.151003,0.449825,,,,,,,,,,,,1.75339,2.26677,-2.71121,50,5.83254,5.07611,-124.46905,-3.13264,2.66508,32.22228,-28.72865,BRE_WHI,HYA_HAR,CCBLBrewster,Cape Cod Baseball League,CCBL,20260618-CCBLBrewster-1,9341f790-6b6c-11f1-bb15-89f1c00ac393,83.79361,,,9.2594,,,,,,,93573a9d-26bc-46cc-8648-aab8239aff84,2026-06-18,23:22:29.07,2026-06-18T19:22:29.0730000-04:00,2026-06-18T23:22:29.0730000Z,,v3,,,,"Jenkins, Owen",828215,Right,BRE_WHI,47b254d9-bfe2-4223-93e8-10fb84f89ccc,54.69522,-125.67865,16.11114,5.9299,-2.05418,-14.36432,-2.89989,4.97607,1.33254,,,,,,,,,,,,,,,,,,,,,,,,,,,,,,,,,,,,,,,,,,,,,,,,,,,High,High,High,,,,,,,,,,,,,,,,,,,,,,,,,,,,,,,,,,,,,