"TaggedPitchType","Percentile","Value","Stat"
"Changeup",1,74.91367388454,"AvgVelo"
"Changeup",2,75.1512665947712,"AvgVelo"
"Changeup",3,76.9586297288,"AvgVelo"
"Changeup",4,77.3744443024178,"AvgVelo"
"Changeup",5,77.4812308244728,"AvgVelo"
"Changeup",6,77.7382962866311,"AvgVelo"
"Changeup",7,78.1332720473928,"AvgVelo"
"Changeup",8,78.3444333172445,"AvgVelo"
"Changeup",9,78.3823423322994,"AvgVelo"
"Changeup",10,78.4838659706764,"AvgVelo"
"Changeup",11,78.7154678747657,"AvgVelo"
"Changeup",12,78.9689055763339,"AvgVelo"
"Changeup",13,79.0239862676462,"AvgVelo"
"Changeup",14,79.2011803156522,"AvgVelo"
"Changeup",15,79.5887999090838,"AvgVelo"
"Changeup",16,79.7058924289193,"AvgVelo"
"Changeup",17,79.7890110613168,"AvgVelo"
"Changeup",18,79.9800107686917,"AvgVelo"
"Changeup",19,80.0825499744841,"AvgVelo"
"Changeup",20,80.1350699400881,"AvgVelo"
"Changeup",21,80.1747407389583,"AvgVelo"
"Changeup",22,80.2192800536036,"AvgVelo"
"Changeup",23,80.3251568962248,"AvgVelo"
"Changeup",24,80.4209299640357,"AvgVelo"
"Changeup",25,80.4947240744231,"AvgVelo"
"Changeup",26,80.543164552676,"AvgVelo"
"Changeup",27,80.5652807141026,"AvgVelo"
"Changeup",28,80.6370452824709,"AvgVelo"
"Changeup",29,80.7538727829009,"AvgVelo"
"Changeup",30,80.7884796904039,"AvgVelo"
"Changeup",31,80.7938447526106,"AvgVelo"
"Changeup",32,80.8246561558081,"AvgVelo"
"Changeup",33,81.0628034772803,"AvgVelo"
"Changeup",34,81.1256857983416,"AvgVelo"
"Changeup",35,81.1382046509048,"AvgVelo"
"Changeup",36,81.1815630339146,"AvgVelo"
"Changeup",37,81.1936320863445,"AvgVelo"
"Changeup",38,81.2452260529412,"AvgVelo"
"Changeup",39,81.3744552460256,"AvgVelo"
"Changeup",40,81.4433303923077,"AvgVelo"
"Changeup",41,81.4886906984543,"AvgVelo"
"Changeup",42,81.5423712796193,"AvgVelo"
"Changeup",43,81.5783493764215,"AvgVelo"
"Changeup",44,81.6036503179061,"AvgVelo"
"Changeup",45,81.6671657974253,"AvgVelo"
"Changeup",46,81.7870641364385,"AvgVelo"
"Changeup",47,81.8350030447543,"AvgVelo"
"Changeup",48,81.9602445557408,"AvgVelo"
"Changeup",49,82.0847245182586,"AvgVelo"
"Changeup",50,82.0918530409357,"AvgVelo"
"Changeup",51,82.0950060923899,"AvgVelo"
"Changeup",52,82.1395081210381,"AvgVelo"
"Changeup",53,82.1688366640213,"AvgVelo"
"Changeup",54,82.2690687865042,"AvgVelo"
"Changeup",55,82.3546598433408,"AvgVelo"
"Changeup",56,82.4167930257902,"AvgVelo"
"Changeup",57,82.4785268439007,"AvgVelo"
"Changeup",58,82.5123545295775,"AvgVelo"
"Changeup",59,82.5298114646745,"AvgVelo"
"Changeup",60,82.5662873584435,"AvgVelo"
"Changeup",61,82.6352440749296,"AvgVelo"
"Changeup",62,82.7218061165846,"AvgVelo"
"Changeup",63,82.8824435897162,"AvgVelo"
"Changeup",64,83.3236210683587,"AvgVelo"
"Changeup",65,83.3377193530239,"AvgVelo"
"Changeup",66,83.4256549423703,"AvgVelo"
"Changeup",67,83.5569633397282,"AvgVelo"
"Changeup",68,83.6323947784524,"AvgVelo"
"Changeup",69,83.6876873672637,"AvgVelo"
"Changeup",70,83.7526563332158,"AvgVelo"
"Changeup",71,83.7758570292941,"AvgVelo"
"Changeup",72,84.1181094326958,"AvgVelo"
"Changeup",73,84.372541868737,"AvgVelo"
"Changeup",74,84.4527775379104,"AvgVelo"
"Changeup",75,84.4902790991735,"AvgVelo"
"Changeup",76,84.5138587746038,"AvgVelo"
"Changeup",77,84.5184752548711,"AvgVelo"
"Changeup",78,84.5251353477634,"AvgVelo"
"Changeup",79,84.558655521411,"AvgVelo"
"Changeup",80,84.6370877097289,"AvgVelo"
"Changeup",81,84.7400033996446,"AvgVelo"
"Changeup",82,84.8655018020931,"AvgVelo"
"Changeup",83,84.9702154724964,"AvgVelo"
"Changeup",84,84.9939274875181,"AvgVelo"
"Changeup",85,85.0015640004579,"AvgVelo"
"Changeup",86,85.0116472079875,"AvgVelo"
"Changeup",87,85.1711603428598,"AvgVelo"
"Changeup",88,85.3137912659819,"AvgVelo"
"Changeup",89,85.3725317686207,"AvgVelo"
"Changeup",90,85.4928861100737,"AvgVelo"
"Changeup",91,85.7681002108108,"AvgVelo"
"Changeup",92,85.9424967313718,"AvgVelo"
"Changeup",93,86.012453375974,"AvgVelo"
"Changeup",94,86.1215360212121,"AvgVelo"
"Changeup",95,86.1990735037538,"AvgVelo"
"Changeup",96,86.3658374576577,"AvgVelo"
"Changeup",97,86.5672613222222,"AvgVelo"
"Changeup",98,86.8099957231248,"AvgVelo"
"Changeup",99,87.3462238371429,"AvgVelo"
"Changeup",100,87.4685800588235,"AvgVelo"
"Curveball",1,75.0563776433638,"AvgVelo"
"Curveball",2,75.1741077446373,"AvgVelo"
"Curveball",3,75.2428930884852,"AvgVelo"
"Curveball",4,75.3422809709463,"AvgVelo"
"Curveball",5,75.5010246727398,"AvgVelo"
"Curveball",6,75.6030413021562,"AvgVelo"
"Curveball",7,75.7739731913208,"AvgVelo"
"Curveball",8,76.0381379165841,"AvgVelo"
"Curveball",9,76.3507680854579,"AvgVelo"
"Curveball",10,76.4136776735585,"AvgVelo"
"Curveball",11,76.4489046619028,"AvgVelo"
"Curveball",12,76.502518231372,"AvgVelo"
"Curveball",13,76.6008705644062,"AvgVelo"
"Curveball",14,76.7231137433098,"AvgVelo"
"Curveball",15,76.9251086719157,"AvgVelo"
"Curveball",16,77.0628862597048,"AvgVelo"
"Curveball",17,77.0717368921856,"AvgVelo"
"Curveball",18,77.1277269336394,"AvgVelo"
"Curveball",19,77.1747794750535,"AvgVelo"
"Curveball",20,77.213081026238,"AvgVelo"
"Curveball",21,77.2441171336947,"AvgVelo"
"Curveball",22,77.2715958392051,"AvgVelo"
"Curveball",23,77.3355340603486,"AvgVelo"
"Curveball",24,77.3904995624558,"AvgVelo"
"Curveball",25,77.4415983472573,"AvgVelo"
"Curveball",26,77.50256369521,"AvgVelo"
"Curveball",27,77.667093556949,"AvgVelo"
"Curveball",28,77.7985262610346,"AvgVelo"
"Curveball",29,77.8765394798572,"AvgVelo"
"Curveball",30,77.9062827395908,"AvgVelo"
"Curveball",31,77.9789558636373,"AvgVelo"
"Curveball",32,78.0486239606589,"AvgVelo"
"Curveball",33,78.2019189340426,"AvgVelo"
"Curveball",34,78.3781153386053,"AvgVelo"
"Curveball",35,78.3869385660435,"AvgVelo"
"Curveball",36,78.4943700354078,"AvgVelo"
"Curveball",37,78.5892285691126,"AvgVelo"
"Curveball",38,78.6733421184628,"AvgVelo"
"Curveball",39,78.7550857412714,"AvgVelo"
"Curveball",40,78.7613119324786,"AvgVelo"
"Curveball",41,78.7656204496121,"AvgVelo"
"Curveball",42,78.7784860577188,"AvgVelo"
"Curveball",43,78.8010133541687,"AvgVelo"
"Curveball",44,78.8114716795037,"AvgVelo"
"Curveball",45,78.8321800201963,"AvgVelo"
"Curveball",46,78.8503547273796,"AvgVelo"
"Curveball",47,78.8881505737803,"AvgVelo"
"Curveball",48,78.9971015098163,"AvgVelo"
"Curveball",49,79.4984964734293,"AvgVelo"
"Curveball",50,79.6942155574324,"AvgVelo"
"Curveball",51,79.7096772439784,"AvgVelo"
"Curveball",52,79.7195214912248,"AvgVelo"
"Curveball",53,79.7478510548605,"AvgVelo"
"Curveball",54,79.7807752591373,"AvgVelo"
"Curveball",55,79.8048644189478,"AvgVelo"
"Curveball",56,79.8338788479611,"AvgVelo"
"Curveball",57,79.956783023368,"AvgVelo"
"Curveball",58,80.0280025620845,"AvgVelo"
"Curveball",59,80.0977086264699,"AvgVelo"
"Curveball",60,80.1686418387373,"AvgVelo"
"Curveball",61,80.227071231309,"AvgVelo"
"Curveball",62,80.298657153176,"AvgVelo"
"Curveball",63,80.4024789517004,"AvgVelo"
"Curveball",64,80.5551056829885,"AvgVelo"
"Curveball",65,80.753475135691,"AvgVelo"
"Curveball",66,80.7879394029029,"AvgVelo"
"Curveball",67,80.8689328489802,"AvgVelo"
"Curveball",68,80.95300005646,"AvgVelo"
"Curveball",69,81.0478312682729,"AvgVelo"
"Curveball",70,81.2580114017102,"AvgVelo"
"Curveball",71,81.3012604365256,"AvgVelo"
"Curveball",72,81.3681194605258,"AvgVelo"
"Curveball",73,81.4563140494375,"AvgVelo"
"Curveball",74,81.504353321051,"AvgVelo"
"Curveball",75,81.5415866570801,"AvgVelo"
"Curveball",76,81.6521596432009,"AvgVelo"
"Curveball",77,81.7722675495577,"AvgVelo"
"Curveball",78,81.8536502183721,"AvgVelo"
"Curveball",79,81.9833435763691,"AvgVelo"
"Curveball",80,82.0530393766218,"AvgVelo"
"Curveball",81,82.0852624755185,"AvgVelo"
"Curveball",82,82.111056659521,"AvgVelo"
"Curveball",83,82.2075210183683,"AvgVelo"
"Curveball",84,82.2231247798191,"AvgVelo"
"Curveball",85,82.2496023044554,"AvgVelo"
"Curveball",86,82.3185860977827,"AvgVelo"
"Curveball",87,82.4554784053685,"AvgVelo"
"Curveball",88,82.4661528960923,"AvgVelo"
"Curveball",89,82.4896421273768,"AvgVelo"
"Curveball",90,82.6631530164598,"AvgVelo"
"Curveball",91,83.0426140788235,"AvgVelo"
"Curveball",92,83.2339316909804,"AvgVelo"
"Curveball",93,83.5220721694479,"AvgVelo"
"Curveball",94,83.6898525822145,"AvgVelo"
"Curveball",95,83.7173199102725,"AvgVelo"
"Curveball",96,83.7831397474058,"AvgVelo"
"Curveball",97,84.062320249789,"AvgVelo"
"Curveball",98,84.2135493612423,"AvgVelo"
"Curveball",99,84.9845008248535,"AvgVelo"
"Curveball",100,87.4520415827338,"AvgVelo"
"Cutter",1,80.9235182558252,"AvgVelo"
"Cutter",2,81.2307594400306,"AvgVelo"
"Cutter",3,81.3162968061818,"AvgVelo"
"Cutter",4,81.6534154541299,"AvgVelo"
"Cutter",5,81.9719334339981,"AvgVelo"
"Cutter",6,82.2995774356093,"AvgVelo"
"Cutter",7,82.7020464938543,"AvgVelo"
"Cutter",8,82.9212681042798,"AvgVelo"
"Cutter",9,83.0763747301009,"AvgVelo"
"Cutter",10,83.2218649784938,"AvgVelo"
"Cutter",11,83.2620950024425,"AvgVelo"
"Cutter",12,83.300504921098,"AvgVelo"
"Cutter",13,83.3623735911569,"AvgVelo"
"Cutter",14,83.3915698295686,"AvgVelo"
"Cutter",15,83.4160307784694,"AvgVelo"
"Cutter",16,83.4473064091978,"AvgVelo"
"Cutter",17,83.6406270164027,"AvgVelo"
"Cutter",18,83.8236575708858,"AvgVelo"
"Cutter",19,83.9831858788357,"AvgVelo"
"Cutter",20,84.0536725201353,"AvgVelo"
"Cutter",21,84.2366095182918,"AvgVelo"
"Cutter",22,84.4313053561194,"AvgVelo"
"Cutter",23,84.5292732759701,"AvgVelo"
"Cutter",24,84.5513654680374,"AvgVelo"
"Cutter",25,84.5641311081118,"AvgVelo"
"Cutter",26,84.5914826711732,"AvgVelo"
"Cutter",27,84.6410378926456,"AvgVelo"
"Cutter",28,84.669890182043,"AvgVelo"
"Cutter",29,84.6734458251152,"AvgVelo"
"Cutter",30,84.7508606612903,"AvgVelo"
"Cutter",31,84.7974654738857,"AvgVelo"
"Cutter",32,84.8212131301139,"AvgVelo"
"Cutter",33,84.851387607346,"AvgVelo"
"Cutter",34,84.9705259310729,"AvgVelo"
"Cutter",35,85.1150111915479,"AvgVelo"
"Cutter",36,85.1906105006252,"AvgVelo"
"Cutter",37,85.2256320011058,"AvgVelo"
"Cutter",38,85.2428658363465,"AvgVelo"
"Cutter",39,85.248269000877,"AvgVelo"
"Cutter",40,85.3815913398813,"AvgVelo"
"Cutter",41,85.5318161990374,"AvgVelo"
"Cutter",42,85.6788888429946,"AvgVelo"
"Cutter",43,85.6952043110429,"AvgVelo"
"Cutter",44,85.752515992638,"AvgVelo"
"Cutter",45,85.8493453861789,"AvgVelo"
"Cutter",46,85.9251817154472,"AvgVelo"
"Cutter",47,85.9563349537211,"AvgVelo"
"Cutter",48,85.9612965349165,"AvgVelo"
"Cutter",49,85.9701817388918,"AvgVelo"
"Cutter",50,86.0306204956513,"AvgVelo"
"Cutter",51,86.1198590020079,"AvgVelo"
"Cutter",52,86.2333327703094,"AvgVelo"
"Cutter",53,86.2577473024537,"AvgVelo"
"Cutter",54,86.2699698600867,"AvgVelo"
"Cutter",55,86.2930372465524,"AvgVelo"
"Cutter",56,86.4483167365915,"AvgVelo"
"Cutter",57,86.5498453129116,"AvgVelo"
"Cutter",58,86.5859856803257,"AvgVelo"
"Cutter",59,86.7734532032885,"AvgVelo"
"Cutter",60,86.8645683408072,"AvgVelo"
"Cutter",61,86.8878657808725,"AvgVelo"
"Cutter",62,86.9247484342282,"AvgVelo"
"Cutter",63,86.9825576456935,"AvgVelo"
"Cutter",64,87.0426372764706,"AvgVelo"
"Cutter",65,87.077790375,"AvgVelo"
"Cutter",66,87.1297549263896,"AvgVelo"
"Cutter",67,87.1977047433486,"AvgVelo"
"Cutter",68,87.2882853954128,"AvgVelo"
"Cutter",69,87.3191981,"AvgVelo"
"Cutter",70,87.35373111,"AvgVelo"
"Cutter",71,87.403143413,"AvgVelo"
"Cutter",72,87.4136208770403,"AvgVelo"
"Cutter",73,87.4698178171205,"AvgVelo"
"Cutter",74,87.5640552533186,"AvgVelo"
"Cutter",75,87.6373360647124,"AvgVelo"
"Cutter",76,87.6888059333333,"AvgVelo"
"Cutter",77,87.7511483134892,"AvgVelo"
"Cutter",78,87.9137095543165,"AvgVelo"
"Cutter",79,88.0197048664209,"AvgVelo"
"Cutter",80,88.0920536439024,"AvgVelo"
"Cutter",81,88.1308813028659,"AvgVelo"
"Cutter",82,88.3545443517785,"AvgVelo"
"Cutter",83,88.5761440424898,"AvgVelo"
"Cutter",84,88.7400040839452,"AvgVelo"
"Cutter",85,88.7556197531468,"AvgVelo"
"Cutter",86,88.7710422358064,"AvgVelo"
"Cutter",87,88.7967602142804,"AvgVelo"
"Cutter",88,88.8467511911166,"AvgVelo"
"Cutter",89,88.8755069222123,"AvgVelo"
"Cutter",90,88.888128700842,"AvgVelo"
"Cutter",91,88.8911226622719,"AvgVelo"
"Cutter",92,88.9938253504512,"AvgVelo"
"Cutter",93,89.116158073913,"AvgVelo"
"Cutter",94,89.165101873913,"AvgVelo"
"Cutter",95,89.287010425,"AvgVelo"
"Cutter",96,89.4401426497486,"AvgVelo"
"Cutter",97,89.6169951768665,"AvgVelo"
"Cutter",98,89.6709131820228,"AvgVelo"
"Cutter",99,90.212050802,"AvgVelo"
"Cutter",100,91.3674392,"AvgVelo"
"Four-Seam",1,87.0036339954113,"AvgVelo"
"Four-Seam",2,87.6361040306276,"AvgVelo"
"Four-Seam",3,87.9235681463257,"AvgVelo"
"Four-Seam",4,88.2883568532817,"AvgVelo"
"Four-Seam",5,88.4756186232493,"AvgVelo"
"Four-Seam",6,88.7265734175894,"AvgVelo"
"Four-Seam",7,88.8070018383526,"AvgVelo"
"Four-Seam",8,88.9368159510397,"AvgVelo"
"Four-Seam",9,89.0053145730236,"AvgVelo"
"Four-Seam",10,89.0556206903626,"AvgVelo"
"Four-Seam",11,89.1731848323257,"AvgVelo"
"Four-Seam",12,89.2505500725909,"AvgVelo"
"Four-Seam",13,89.4133846925287,"AvgVelo"
"Four-Seam",14,89.4894229348315,"AvgVelo"
"Four-Seam",15,89.5658298847073,"AvgVelo"
"Four-Seam",16,89.7243939302971,"AvgVelo"
"Four-Seam",17,89.8318440404407,"AvgVelo"
"Four-Seam",18,89.9106057739575,"AvgVelo"
"Four-Seam",19,89.9513912854382,"AvgVelo"
"Four-Seam",20,89.9832650798722,"AvgVelo"
"Four-Seam",21,90.0558256381173,"AvgVelo"
"Four-Seam",22,90.1128954028317,"AvgVelo"
"Four-Seam",23,90.1946287231975,"AvgVelo"
"Four-Seam",24,90.2713440146796,"AvgVelo"
"Four-Seam",25,90.315256129239,"AvgVelo"
"Four-Seam",26,90.3869155269257,"AvgVelo"
"Four-Seam",27,90.4516564576801,"AvgVelo"
"Four-Seam",28,90.5052868915606,"AvgVelo"
"Four-Seam",29,90.6980297425325,"AvgVelo"
"Four-Seam",30,90.7767429322312,"AvgVelo"
"Four-Seam",31,90.8313395689303,"AvgVelo"
"Four-Seam",32,90.8939283558266,"AvgVelo"
"Four-Seam",33,90.9264069416975,"AvgVelo"
"Four-Seam",34,91.0091103743002,"AvgVelo"
"Four-Seam",35,91.1004262759166,"AvgVelo"
"Four-Seam",36,91.1584049732355,"AvgVelo"
"Four-Seam",37,91.1937772064508,"AvgVelo"
"Four-Seam",38,91.2746767333333,"AvgVelo"
"Four-Seam",39,91.3584985864776,"AvgVelo"
"Four-Seam",40,91.4378756837607,"AvgVelo"
"Four-Seam",41,91.4675068040332,"AvgVelo"
"Four-Seam",42,91.4927580421211,"AvgVelo"
"Four-Seam",43,91.5216835584101,"AvgVelo"
"Four-Seam",44,91.6108719170784,"AvgVelo"
"Four-Seam",45,91.6335748571429,"AvgVelo"
"Four-Seam",46,91.7053085784944,"AvgVelo"
"Four-Seam",47,91.8161946204879,"AvgVelo"
"Four-Seam",48,91.8573116555412,"AvgVelo"
"Four-Seam",49,91.8851209713573,"AvgVelo"
"Four-Seam",50,91.9249869225943,"AvgVelo"
"Four-Seam",51,92.0204459508823,"AvgVelo"
"Four-Seam",52,92.0637944661424,"AvgVelo"
"Four-Seam",53,92.1182184235833,"AvgVelo"
"Four-Seam",54,92.1683276643982,"AvgVelo"
"Four-Seam",55,92.2291825949313,"AvgVelo"
"Four-Seam",56,92.2957872635229,"AvgVelo"
"Four-Seam",57,92.3400783782051,"AvgVelo"
"Four-Seam",58,92.4260756920257,"AvgVelo"
"Four-Seam",59,92.4907883564315,"AvgVelo"
"Four-Seam",60,92.5916912903226,"AvgVelo"
"Four-Seam",61,92.6839290354412,"AvgVelo"
"Four-Seam",62,92.7153668070312,"AvgVelo"
"Four-Seam",63,92.7547688501334,"AvgVelo"
"Four-Seam",64,92.8065715195852,"AvgVelo"
"Four-Seam",65,92.8457642498872,"AvgVelo"
"Four-Seam",66,92.8903785652861,"AvgVelo"
"Four-Seam",67,92.939278899657,"AvgVelo"
"Four-Seam",68,92.9623248340199,"AvgVelo"
"Four-Seam",69,93.0058498248099,"AvgVelo"
"Four-Seam",70,93.0295951750655,"AvgVelo"
"Four-Seam",71,93.0745288267891,"AvgVelo"
"Four-Seam",72,93.099341416129,"AvgVelo"
"Four-Seam",73,93.1257619058848,"AvgVelo"
"Four-Seam",74,93.2309531716733,"AvgVelo"
"Four-Seam",75,93.2790890256286,"AvgVelo"
"Four-Seam",76,93.3293254047322,"AvgVelo"
"Four-Seam",77,93.3604877229358,"AvgVelo"
"Four-Seam",78,93.4223087446349,"AvgVelo"
"Four-Seam",79,93.5356498066052,"AvgVelo"
"Four-Seam",80,93.6635682831325,"AvgVelo"
"Four-Seam",81,93.779289328813,"AvgVelo"
"Four-Seam",82,93.8637001855626,"AvgVelo"
"Four-Seam",83,93.9968107673433,"AvgVelo"
"Four-Seam",84,94.1089221847491,"AvgVelo"
"Four-Seam",85,94.1751069174352,"AvgVelo"
"Four-Seam",86,94.3154143467115,"AvgVelo"
"Four-Seam",87,94.3833009476912,"AvgVelo"
"Four-Seam",88,94.6353025544249,"AvgVelo"
"Four-Seam",89,94.7234212075372,"AvgVelo"
"Four-Seam",90,94.7590443729097,"AvgVelo"
"Four-Seam",91,94.8488719950043,"AvgVelo"
"Four-Seam",92,95.0563542447428,"AvgVelo"
"Four-Seam",93,95.183011840781,"AvgVelo"
"Four-Seam",94,95.3029347281081,"AvgVelo"
"Four-Seam",95,95.5548480103581,"AvgVelo"
"Four-Seam",96,95.7893757598806,"AvgVelo"
"Four-Seam",97,96.1708492388844,"AvgVelo"
"Four-Seam",98,96.4789443552406,"AvgVelo"
"Four-Seam",99,96.6986966041702,"AvgVelo"
"Four-Seam",100,97.7832556129032,"AvgVelo"
"Sinker",1,85.7665585253212,"AvgVelo"
"Sinker",2,86.8356167229144,"AvgVelo"
"Sinker",3,87.1835080988506,"AvgVelo"
"Sinker",4,87.3726180380952,"AvgVelo"
"Sinker",5,87.6324348668831,"AvgVelo"
"Sinker",6,88.0479618606061,"AvgVelo"
"Sinker",7,88.2196526443357,"AvgVelo"
"Sinker",8,88.3810342674377,"AvgVelo"
"Sinker",9,88.4478211048414,"AvgVelo"
"Sinker",10,88.54026921138,"AvgVelo"
"Sinker",11,88.6471125819211,"AvgVelo"
"Sinker",12,88.7541200830657,"AvgVelo"
"Sinker",13,88.8431399061321,"AvgVelo"
"Sinker",14,88.8477180614142,"AvgVelo"
"Sinker",15,88.9189156545455,"AvgVelo"
"Sinker",16,89.1399002373984,"AvgVelo"
"Sinker",17,89.2103697836852,"AvgVelo"
"Sinker",18,89.2716394884953,"AvgVelo"
"Sinker",19,89.3533753790339,"AvgVelo"
"Sinker",20,89.4086288616836,"AvgVelo"
"Sinker",21,89.4936175285965,"AvgVelo"
"Sinker",22,89.4972494267836,"AvgVelo"
"Sinker",23,89.5346578747953,"AvgVelo"
"Sinker",24,89.5468682786967,"AvgVelo"
"Sinker",25,89.56184457269,"AvgVelo"
"Sinker",26,89.5867026789755,"AvgVelo"
"Sinker",27,89.6188315290504,"AvgVelo"
"Sinker",28,89.6689242537422,"AvgVelo"
"Sinker",29,89.7193153568706,"AvgVelo"
"Sinker",30,89.7560538742786,"AvgVelo"
"Sinker",31,89.8196641128163,"AvgVelo"
"Sinker",32,89.895214814696,"AvgVelo"
"Sinker",33,89.9400491337325,"AvgVelo"
"Sinker",34,89.9432176153006,"AvgVelo"
"Sinker",35,89.956051182377,"AvgVelo"
"Sinker",36,90.0420655803279,"AvgVelo"
"Sinker",37,90.0636386289216,"AvgVelo"
"Sinker",38,90.0676474712476,"AvgVelo"
"Sinker",39,90.0726249243081,"AvgVelo"
"Sinker",40,90.0788415723888,"AvgVelo"
"Sinker",41,90.1243641459644,"AvgVelo"
"Sinker",42,90.2624394449198,"AvgVelo"
"Sinker",43,90.385769584492,"AvgVelo"
"Sinker",44,90.4559229122257,"AvgVelo"
"Sinker",45,90.5239901654299,"AvgVelo"
"Sinker",46,90.561897943177,"AvgVelo"
"Sinker",47,90.6241544150571,"AvgVelo"
"Sinker",48,90.7028494332273,"AvgVelo"
"Sinker",49,90.7250182523962,"AvgVelo"
"Sinker",50,90.7322957055215,"AvgVelo"
"Sinker",51,90.8691819249866,"AvgVelo"
"Sinker",52,90.937312452592,"AvgVelo"
"Sinker",53,91.0006431118995,"AvgVelo"
"Sinker",54,91.059165387504,"AvgVelo"
"Sinker",55,91.1036118117677,"AvgVelo"
"Sinker",56,91.1325318895402,"AvgVelo"
"Sinker",57,91.1390038927566,"AvgVelo"
"Sinker",58,91.1563733095939,"AvgVelo"
"Sinker",59,91.3651061192797,"AvgVelo"
"Sinker",60,91.4645778934783,"AvgVelo"
"Sinker",61,91.5028301036337,"AvgVelo"
"Sinker",62,91.6163185826383,"AvgVelo"
"Sinker",63,91.8480468848649,"AvgVelo"
"Sinker",64,92.0410944803941,"AvgVelo"
"Sinker",65,92.1650164755337,"AvgVelo"
"Sinker",66,92.1938557423645,"AvgVelo"
"Sinker",67,92.2295329450249,"AvgVelo"
"Sinker",68,92.253841518408,"AvgVelo"
"Sinker",69,92.2623378271429,"AvgVelo"
"Sinker",70,92.2710202095238,"AvgVelo"
"Sinker",71,92.2878397210884,"AvgVelo"
"Sinker",72,92.345571755102,"AvgVelo"
"Sinker",73,92.5539868592555,"AvgVelo"
"Sinker",74,92.69932566515,"AvgVelo"
"Sinker",75,92.7612742513057,"AvgVelo"
"Sinker",76,92.8033348420791,"AvgVelo"
"Sinker",77,92.8847304392618,"AvgVelo"
"Sinker",78,92.9987342349281,"AvgVelo"
"Sinker",79,93.1310905536742,"AvgVelo"
"Sinker",80,93.175289145988,"AvgVelo"
"Sinker",81,93.1942323195652,"AvgVelo"
"Sinker",82,93.2340804672851,"AvgVelo"
"Sinker",83,93.288465767961,"AvgVelo"
"Sinker",84,93.3462269296341,"AvgVelo"
"Sinker",85,93.4445678327211,"AvgVelo"
"Sinker",86,93.7149645725007,"AvgVelo"
"Sinker",87,93.7553344002599,"AvgVelo"
"Sinker",88,94.0112869992395,"AvgVelo"
"Sinker",89,94.1414623984136,"AvgVelo"
"Sinker",90,94.3156356856717,"AvgVelo"
"Sinker",91,94.6085628426637,"AvgVelo"
"Sinker",92,94.7544926647312,"AvgVelo"
"Sinker",93,94.8260422234409,"AvgVelo"
"Sinker",94,94.9037567793137,"AvgVelo"
"Sinker",95,94.9426882075487,"AvgVelo"
"Sinker",96,95.1360517048753,"AvgVelo"
"Sinker",97,95.460792016202,"AvgVelo"
"Sinker",98,95.7322660616043,"AvgVelo"
"Sinker",99,95.8047375905882,"AvgVelo"
"Sinker",100,95.9109149197861,"AvgVelo"
"Slider",1,75.823925330336,"AvgVelo"
"Slider",2,76.3692753242869,"AvgVelo"
"Slider",3,76.8278532115353,"AvgVelo"
"Slider",4,77.6526835726191,"AvgVelo"
"Slider",5,77.8198165243204,"AvgVelo"
"Slider",6,77.8431439259659,"AvgVelo"
"Slider",7,78.6326911124714,"AvgVelo"
"Slider",8,78.6840760864286,"AvgVelo"
"Slider",9,78.7656398818003,"AvgVelo"
"Slider",10,78.8845065384496,"AvgVelo"
"Slider",11,79.0205881271826,"AvgVelo"
"Slider",12,79.1275499329519,"AvgVelo"
"Slider",13,79.2159524984907,"AvgVelo"
"Slider",14,79.3873376912564,"AvgVelo"
"Slider",15,79.4988479826827,"AvgVelo"
"Slider",16,79.6313651545891,"AvgVelo"
"Slider",17,79.7048151518594,"AvgVelo"
"Slider",18,79.778887713175,"AvgVelo"
"Slider",19,79.909252145,"AvgVelo"
"Slider",20,80.2151864932666,"AvgVelo"
"Slider",21,80.4974607315264,"AvgVelo"
"Slider",22,80.6529374800237,"AvgVelo"
"Slider",23,80.7121605817298,"AvgVelo"
"Slider",24,80.7550129960327,"AvgVelo"
"Slider",25,80.7815651148241,"AvgVelo"
"Slider",26,80.9186069055411,"AvgVelo"
"Slider",27,80.938248547009,"AvgVelo"
"Slider",28,81.0338852178755,"AvgVelo"
"Slider",29,81.125203560829,"AvgVelo"
"Slider",30,81.1610356899355,"AvgVelo"
"Slider",31,81.1904622891344,"AvgVelo"
"Slider",32,81.2179642335643,"AvgVelo"
"Slider",33,81.2921935156863,"AvgVelo"
"Slider",34,81.3765480960544,"AvgVelo"
"Slider",35,81.4169121082212,"AvgVelo"
"Slider",36,81.4419471335481,"AvgVelo"
"Slider",37,81.4719137427559,"AvgVelo"
"Slider",38,81.495155958364,"AvgVelo"
"Slider",39,81.6636177308392,"AvgVelo"
"Slider",40,81.6916720944976,"AvgVelo"
"Slider",41,81.7429005300382,"AvgVelo"
"Slider",42,82.0112320960134,"AvgVelo"
"Slider",43,82.0900744138342,"AvgVelo"
"Slider",44,82.1098074151869,"AvgVelo"
"Slider",45,82.2228724963551,"AvgVelo"
"Slider",46,82.37627683324,"AvgVelo"
"Slider",47,82.3963064192994,"AvgVelo"
"Slider",48,82.4623330379764,"AvgVelo"
"Slider",49,82.4854859764173,"AvgVelo"
"Slider",50,82.5232615224865,"AvgVelo"
"Slider",51,82.5477554579832,"AvgVelo"
"Slider",52,82.5831860734504,"AvgVelo"
"Slider",53,82.7172110872195,"AvgVelo"
"Slider",54,82.8269577979044,"AvgVelo"
"Slider",55,82.9077912574905,"AvgVelo"
"Slider",56,82.9692805512581,"AvgVelo"
"Slider",57,83.1099350466231,"AvgVelo"
"Slider",58,83.1452697260978,"AvgVelo"
"Slider",59,83.2300156490162,"AvgVelo"
"Slider",60,83.2818876415878,"AvgVelo"
"Slider",61,83.3383036322314,"AvgVelo"
"Slider",62,83.4444001164,"AvgVelo"
"Slider",63,83.4933562483395,"AvgVelo"
"Slider",64,83.5066976524234,"AvgVelo"
"Slider",65,83.5224139112839,"AvgVelo"
"Slider",66,83.5851811112233,"AvgVelo"
"Slider",67,83.7000552492319,"AvgVelo"
"Slider",68,83.7344872566252,"AvgVelo"
"Slider",69,83.8664352194667,"AvgVelo"
"Slider",70,83.8981386322177,"AvgVelo"
"Slider",71,83.9868037898473,"AvgVelo"
"Slider",72,84.0289091221053,"AvgVelo"
"Slider",73,84.0960991547459,"AvgVelo"
"Slider",74,84.1707397971106,"AvgVelo"
"Slider",75,84.3180722346072,"AvgVelo"
"Slider",76,84.412175291482,"AvgVelo"
"Slider",77,84.5003118065152,"AvgVelo"
"Slider",78,84.636902313127,"AvgVelo"
"Slider",79,84.7480260829329,"AvgVelo"
"Slider",80,84.8263574780214,"AvgVelo"
"Slider",81,84.8889556891617,"AvgVelo"
"Slider",82,84.9205140138649,"AvgVelo"
"Slider",83,85.0282042475397,"AvgVelo"
"Slider",84,85.1925654983779,"AvgVelo"
"Slider",85,85.3618287440638,"AvgVelo"
"Slider",86,85.465487437169,"AvgVelo"
"Slider",87,85.5237768165927,"AvgVelo"
"Slider",88,85.6948381088881,"AvgVelo"
"Slider",89,85.784243687632,"AvgVelo"
"Slider",90,85.8608955594406,"AvgVelo"
"Slider",91,85.8976510163857,"AvgVelo"
"Slider",92,86.0158170763647,"AvgVelo"
"Slider",93,86.2374133011987,"AvgVelo"
"Slider",94,86.3652014743766,"AvgVelo"
"Slider",95,86.6416331582353,"AvgVelo"
"Slider",96,86.7736405442189,"AvgVelo"
"Slider",97,86.9861054484932,"AvgVelo"
"Slider",98,87.1713975165251,"AvgVelo"
"Slider",99,87.5471108841799,"AvgVelo"
"Slider",100,87.8371758657244,"AvgVelo"
"Splitter",1,82.9387970885154,"AvgVelo"
"Splitter",2,82.9429584627451,"AvgVelo"
"Splitter",3,82.9471198369748,"AvgVelo"
"Splitter",4,82.9512812112045,"AvgVelo"
"Splitter",5,82.9554425854342,"AvgVelo"
"Splitter",6,82.9596039596639,"AvgVelo"
"Splitter",7,82.9637653338936,"AvgVelo"
"Splitter",8,82.9679267081232,"AvgVelo"
"Splitter",9,82.9720880823529,"AvgVelo"
"Splitter",10,82.9762494565826,"AvgVelo"
"Splitter",11,82.9804108308123,"AvgVelo"
"Splitter",12,82.984572205042,"AvgVelo"
"Splitter",13,82.9887335792717,"AvgVelo"
"Splitter",14,82.9928949535014,"AvgVelo"
"Splitter",15,82.9970563277311,"AvgVelo"
"Splitter",16,83.0012177019608,"AvgVelo"
"Splitter",17,83.0053790761905,"AvgVelo"
"Splitter",18,83.0095404504202,"AvgVelo"
"Splitter",19,83.0137018246499,"AvgVelo"
"Splitter",20,83.0178631988796,"AvgVelo"
"Splitter",21,83.0220245731092,"AvgVelo"
"Splitter",22,83.0261859473389,"AvgVelo"
"Splitter",23,83.0303473215686,"AvgVelo"
"Splitter",24,83.0345086957983,"AvgVelo"
"Splitter",25,83.038670070028,"AvgVelo"
"Splitter",26,83.0428314442577,"AvgVelo"
"Splitter",27,83.0469928184874,"AvgVelo"
"Splitter",28,83.0511541927171,"AvgVelo"
"Splitter",29,83.0553155669468,"AvgVelo"
"Splitter",30,83.0594769411765,"AvgVelo"
"Splitter",31,83.0636383154062,"AvgVelo"
"Splitter",32,83.0677996896358,"AvgVelo"
"Splitter",33,83.0719610638656,"AvgVelo"
"Splitter",34,83.0761224380952,"AvgVelo"
"Splitter",35,83.0802838123249,"AvgVelo"
"Splitter",36,83.0844451865546,"AvgVelo"
"Splitter",37,83.0886065607843,"AvgVelo"
"Splitter",38,83.092767935014,"AvgVelo"
"Splitter",39,83.0969293092437,"AvgVelo"
"Splitter",40,83.1010906834734,"AvgVelo"
"Splitter",41,83.1052520577031,"AvgVelo"
"Splitter",42,83.1094134319328,"AvgVelo"
"Splitter",43,83.1135748061625,"AvgVelo"
"Splitter",44,83.1177361803922,"AvgVelo"
"Splitter",45,83.1218975546219,"AvgVelo"
"Splitter",46,83.1260589288515,"AvgVelo"
"Splitter",47,83.1302203030812,"AvgVelo"
"Splitter",48,83.1343816773109,"AvgVelo"
"Splitter",49,83.1385430515406,"AvgVelo"
"Splitter",50,83.1427044257703,"AvgVelo"
"Splitter",51,83.1468658,"AvgVelo"
"Splitter",52,83.1510271742297,"AvgVelo"
"Splitter",53,83.1551885484594,"AvgVelo"
"Splitter",54,83.1593499226891,"AvgVelo"
"Splitter",55,83.1635112969188,"AvgVelo"
"Splitter",56,83.1676726711485,"AvgVelo"
"Splitter",57,83.1718340453781,"AvgVelo"
"Splitter",58,83.1759954196079,"AvgVelo"
"Splitter",59,83.1801567938375,"AvgVelo"
"Splitter",60,83.1843181680672,"AvgVelo"
"Splitter",61,83.1884795422969,"AvgVelo"
"Splitter",62,83.1926409165266,"AvgVelo"
"Splitter",63,83.1968022907563,"AvgVelo"
"Splitter",64,83.200963664986,"AvgVelo"
"Splitter",65,83.2051250392157,"AvgVelo"
"Splitter",66,83.2092864134454,"AvgVelo"
"Splitter",67,83.2134477876751,"AvgVelo"
"Splitter",68,83.2176091619048,"AvgVelo"
"Splitter",69,83.2217705361345,"AvgVelo"
"Splitter",70,83.2259319103642,"AvgVelo"
"Splitter",71,83.2300932845938,"AvgVelo"
"Splitter",72,83.2342546588235,"AvgVelo"
"Splitter",73,83.2384160330532,"AvgVelo"
"Splitter",74,83.2425774072829,"AvgVelo"
"Splitter",75,83.2467387815126,"AvgVelo"
"Splitter",76,83.2509001557423,"AvgVelo"
"Splitter",77,83.255061529972,"AvgVelo"
"Splitter",78,83.2592229042017,"AvgVelo"
"Splitter",79,83.2633842784314,"AvgVelo"
"Splitter",80,83.2675456526611,"AvgVelo"
"Splitter",81,83.2717070268908,"AvgVelo"
"Splitter",82,83.2758684011205,"AvgVelo"
"Splitter",83,83.2800297753501,"AvgVelo"
"Splitter",84,83.2841911495798,"AvgVelo"
"Splitter",85,83.2883525238095,"AvgVelo"
"Splitter",86,83.2925138980392,"AvgVelo"
"Splitter",87,83.2966752722689,"AvgVelo"
"Splitter",88,83.3008366464986,"AvgVelo"
"Splitter",89,83.3049980207283,"AvgVelo"
"Splitter",90,83.309159394958,"AvgVelo"
"Splitter",91,83.3133207691877,"AvgVelo"
"Splitter",92,83.3174821434174,"AvgVelo"
"Splitter",93,83.3216435176471,"AvgVelo"
"Splitter",94,83.3258048918768,"AvgVelo"
"Splitter",95,83.3299662661064,"AvgVelo"
"Splitter",96,83.3341276403361,"AvgVelo"
"Splitter",97,83.3382890145658,"AvgVelo"
"Splitter",98,83.3424503887955,"AvgVelo"
"Splitter",99,83.3466117630252,"AvgVelo"
"Splitter",100,83.3507731372549,"AvgVelo"
"Sweeper",1,78.5762663781895,"AvgVelo"
"Sweeper",2,78.5802811722207,"AvgVelo"
"Sweeper",3,78.5842959662518,"AvgVelo"
"Sweeper",4,78.5883107602829,"AvgVelo"
"Sweeper",5,78.592325554314,"AvgVelo"
"Sweeper",6,78.5963403483451,"AvgVelo"
"Sweeper",7,78.6003551423762,"AvgVelo"
"Sweeper",8,78.6043699364074,"AvgVelo"
"Sweeper",9,78.6083847304385,"AvgVelo"
"Sweeper",10,78.6123995244696,"AvgVelo"
"Sweeper",11,78.6164143185007,"AvgVelo"
"Sweeper",12,78.6204291125318,"AvgVelo"
"Sweeper",13,78.6244439065629,"AvgVelo"
"Sweeper",14,78.6284587005941,"AvgVelo"
"Sweeper",15,78.6324734946252,"AvgVelo"
"Sweeper",16,78.6364882886563,"AvgVelo"
"Sweeper",17,78.6405030826874,"AvgVelo"
"Sweeper",18,78.6445178767185,"AvgVelo"
"Sweeper",19,78.6485326707496,"AvgVelo"
"Sweeper",20,78.6525474647808,"AvgVelo"
"Sweeper",21,78.6565622588119,"AvgVelo"
"Sweeper",22,78.660577052843,"AvgVelo"
"Sweeper",23,78.6645918468741,"AvgVelo"
"Sweeper",24,78.6686066409052,"AvgVelo"
"Sweeper",25,78.6726214349364,"AvgVelo"
"Sweeper",26,78.6766362289675,"AvgVelo"
"Sweeper",27,78.6806510229986,"AvgVelo"
"Sweeper",28,78.6846658170297,"AvgVelo"
"Sweeper",29,78.6886806110608,"AvgVelo"
"Sweeper",30,78.6926954050919,"AvgVelo"
"Sweeper",31,78.6967101991231,"AvgVelo"
"Sweeper",32,78.7007249931542,"AvgVelo"
"Sweeper",33,78.7047397871853,"AvgVelo"
"Sweeper",34,78.7087545812164,"AvgVelo"
"Sweeper",35,78.7127693752475,"AvgVelo"
"Sweeper",36,78.7167841692786,"AvgVelo"
"Sweeper",37,78.7207989633098,"AvgVelo"
"Sweeper",38,78.7248137573409,"AvgVelo"
"Sweeper",39,78.728828551372,"AvgVelo"
"Sweeper",40,78.7328433454031,"AvgVelo"
"Sweeper",41,78.7368581394342,"AvgVelo"
"Sweeper",42,78.7408729334653,"AvgVelo"
"Sweeper",43,78.7448877274965,"AvgVelo"
"Sweeper",44,78.7489025215276,"AvgVelo"
"Sweeper",45,78.7529173155587,"AvgVelo"
"Sweeper",46,78.7569321095898,"AvgVelo"
"Sweeper",47,78.7609469036209,"AvgVelo"
"Sweeper",48,78.764961697652,"AvgVelo"
"Sweeper",49,78.7689764916832,"AvgVelo"
"Sweeper",50,78.7729912857143,"AvgVelo"
"Sweeper",51,78.8230444990625,"AvgVelo"
"Sweeper",52,78.8730977124107,"AvgVelo"
"Sweeper",53,78.9231509257589,"AvgVelo"
"Sweeper",54,78.9732041391071,"AvgVelo"
"Sweeper",55,79.0232573524553,"AvgVelo"
"Sweeper",56,79.0733105658036,"AvgVelo"
"Sweeper",57,79.1233637791518,"AvgVelo"
"Sweeper",58,79.1734169925,"AvgVelo"
"Sweeper",59,79.2234702058482,"AvgVelo"
"Sweeper",60,79.2735234191964,"AvgVelo"
"Sweeper",61,79.3235766325446,"AvgVelo"
"Sweeper",62,79.3736298458929,"AvgVelo"
"Sweeper",63,79.4236830592411,"AvgVelo"
"Sweeper",64,79.4737362725893,"AvgVelo"
"Sweeper",65,79.5237894859375,"AvgVelo"
"Sweeper",66,79.5738426992857,"AvgVelo"
"Sweeper",67,79.6238959126339,"AvgVelo"
"Sweeper",68,79.6739491259821,"AvgVelo"
"Sweeper",69,79.7240023393304,"AvgVelo"
"Sweeper",70,79.7740555526786,"AvgVelo"
"Sweeper",71,79.8241087660268,"AvgVelo"
"Sweeper",72,79.874161979375,"AvgVelo"
"Sweeper",73,79.9242151927232,"AvgVelo"
"Sweeper",74,79.9742684060714,"AvgVelo"
"Sweeper",75,80.0243216194196,"AvgVelo"
"Sweeper",76,80.0743748327679,"AvgVelo"
"Sweeper",77,80.1244280461161,"AvgVelo"
"Sweeper",78,80.1744812594643,"AvgVelo"
"Sweeper",79,80.2245344728125,"AvgVelo"
"Sweeper",80,80.2745876861607,"AvgVelo"
"Sweeper",81,80.3246408995089,"AvgVelo"
"Sweeper",82,80.3746941128571,"AvgVelo"
"Sweeper",83,80.4247473262053,"AvgVelo"
"Sweeper",84,80.4748005395536,"AvgVelo"
"Sweeper",85,80.5248537529018,"AvgVelo"
"Sweeper",86,80.57490696625,"AvgVelo"
"Sweeper",87,80.6249601795982,"AvgVelo"
"Sweeper",88,80.6750133929464,"AvgVelo"
"Sweeper",89,80.7250666062946,"AvgVelo"
"Sweeper",90,80.7751198196429,"AvgVelo"
"Sweeper",91,80.8251730329911,"AvgVelo"
"Sweeper",92,80.8752262463393,"AvgVelo"
"Sweeper",93,80.9252794596875,"AvgVelo"
"Sweeper",94,80.9753326730357,"AvgVelo"
"Sweeper",95,81.0253858863839,"AvgVelo"
"Sweeper",96,81.0754390997321,"AvgVelo"
"Sweeper",97,81.1254923130803,"AvgVelo"
"Sweeper",98,81.1755455264286,"AvgVelo"
"Sweeper",99,81.2255987397768,"AvgVelo"
"Sweeper",100,81.275651953125,"AvgVelo"
"Undefined",1,83.8105055666667,"AvgVelo"
"Undefined",2,83.9136405864583,"AvgVelo"
"Undefined",3,84.01677560625,"AvgVelo"
"Undefined",4,84.1199106260417,"AvgVelo"
"Undefined",5,84.2230456458333,"AvgVelo"
"Undefined",6,84.326180665625,"AvgVelo"
"Undefined",7,84.4293156854167,"AvgVelo"
"Undefined",8,84.5324507052083,"AvgVelo"
"Undefined",9,84.635585725,"AvgVelo"
"Undefined",10,84.7387207447917,"AvgVelo"
"Undefined",11,84.8418557645833,"AvgVelo"
"Undefined",12,84.944990784375,"AvgVelo"
"Undefined",13,85.0481258041667,"AvgVelo"
"Undefined",14,85.1512608239583,"AvgVelo"
"Undefined",15,85.25439584375,"AvgVelo"
"Undefined",16,85.3575308635417,"AvgVelo"
"Undefined",17,85.4606658833333,"AvgVelo"
"Undefined",18,85.563800903125,"AvgVelo"
"Undefined",19,85.6669359229167,"AvgVelo"
"Undefined",20,85.7700709427083,"AvgVelo"
"Undefined",21,85.8732059625,"AvgVelo"
"Undefined",22,85.9763409822917,"AvgVelo"
"Undefined",23,86.0794760020833,"AvgVelo"
"Undefined",24,86.182611021875,"AvgVelo"
"Undefined",25,86.2857460416667,"AvgVelo"
"Undefined",26,86.2970671018182,"AvgVelo"
"Undefined",27,86.3083881619697,"AvgVelo"
"Undefined",28,86.3197092221212,"AvgVelo"
"Undefined",29,86.3310302822727,"AvgVelo"
"Undefined",30,86.3423513424243,"AvgVelo"
"Undefined",31,86.3536724025758,"AvgVelo"
"Undefined",32,86.3649934627273,"AvgVelo"
"Undefined",33,86.3763145228788,"AvgVelo"
"Undefined",34,86.3876355830303,"AvgVelo"
"Undefined",35,86.3989566431818,"AvgVelo"
"Undefined",36,86.4102777033333,"AvgVelo"
"Undefined",37,86.4215987634849,"AvgVelo"
"Undefined",38,86.4329198236364,"AvgVelo"
"Undefined",39,86.4442408837879,"AvgVelo"
"Undefined",40,86.4555619439394,"AvgVelo"
"Undefined",41,86.4668830040909,"AvgVelo"
"Undefined",42,86.4782040642424,"AvgVelo"
"Undefined",43,86.4895251243939,"AvgVelo"
"Undefined",44,86.5008461845455,"AvgVelo"
"Undefined",45,86.512167244697,"AvgVelo"
"Undefined",46,86.5234883048485,"AvgVelo"
"Undefined",47,86.534809365,"AvgVelo"
"Undefined",48,86.5461304251515,"AvgVelo"
"Undefined",49,86.557451485303,"AvgVelo"
"Undefined",50,86.5687725454546,"AvgVelo"
"Undefined",51,86.6010915719383,"AvgVelo"
"Undefined",52,86.633410598422,"AvgVelo"
"Undefined",53,86.6657296249057,"AvgVelo"
"Undefined",54,86.6980486513894,"AvgVelo"
"Undefined",55,86.7303676778731,"AvgVelo"
"Undefined",56,86.7626867043568,"AvgVelo"
"Undefined",57,86.7950057308405,"AvgVelo"
"Undefined",58,86.8273247573242,"AvgVelo"
"Undefined",59,86.8596437838079,"AvgVelo"
"Undefined",60,86.8919628102916,"AvgVelo"
"Undefined",61,86.9242818367753,"AvgVelo"
"Undefined",62,86.956600863259,"AvgVelo"
"Undefined",63,86.9889198897427,"AvgVelo"
"Undefined",64,87.0212389162264,"AvgVelo"
"Undefined",65,87.0535579427101,"AvgVelo"
"Undefined",66,87.0858769691938,"AvgVelo"
"Undefined",67,87.1181959956775,"AvgVelo"
"Undefined",68,87.1505150221612,"AvgVelo"
"Undefined",69,87.1828340486449,"AvgVelo"
"Undefined",70,87.2151530751286,"AvgVelo"
"Undefined",71,87.2474721016123,"AvgVelo"
"Undefined",72,87.2797911280961,"AvgVelo"
"Undefined",73,87.3121101545798,"AvgVelo"
"Undefined",74,87.3444291810635,"AvgVelo"
"Undefined",75,87.3767482075472,"AvgVelo"
"Undefined",76,87.4052951554358,"AvgVelo"
"Undefined",77,87.4338421033244,"AvgVelo"
"Undefined",78,87.4623890512129,"AvgVelo"
"Undefined",79,87.4909359991015,"AvgVelo"
"Undefined",80,87.5194829469901,"AvgVelo"
"Undefined",81,87.5480298948787,"AvgVelo"
"Undefined",82,87.5765768427673,"AvgVelo"
"Undefined",83,87.6051237906559,"AvgVelo"
"Undefined",84,87.6336707385445,"AvgVelo"
"Undefined",85,87.6622176864331,"AvgVelo"
"Undefined",86,87.6907646343217,"AvgVelo"
"Undefined",87,87.7193115822103,"AvgVelo"
"Undefined",88,87.7478585300988,"AvgVelo"
"Undefined",89,87.7764054779874,"AvgVelo"
"Undefined",90,87.804952425876,"AvgVelo"
"Undefined",91,87.8334993737646,"AvgVelo"
"Undefined",92,87.8620463216532,"AvgVelo"
"Undefined",93,87.8905932695418,"AvgVelo"
"Undefined",94,87.9191402174304,"AvgVelo"
"Undefined",95,87.947687165319,"AvgVelo"
"Undefined",96,87.9762341132075,"AvgVelo"
"Undefined",97,88.0047810610961,"AvgVelo"
"Undefined",98,88.0333280089847,"AvgVelo"
"Undefined",99,88.0618749568733,"AvgVelo"
"Undefined",100,88.0904219047619,"AvgVelo"
"Changeup",1,78.4336104,"TopVelo"
"Changeup",2,80.0734404,"TopVelo"
"Changeup",3,80.8411734,"TopVelo"
"Changeup",4,81.1015788,"TopVelo"
"Changeup",5,81.457381,"TopVelo"
"Changeup",6,81.7236136,"TopVelo"
"Changeup",7,82.0780932,"TopVelo"
"Changeup",8,82.6879772,"TopVelo"
"Changeup",9,83.2010788,"TopVelo"
"Changeup",10,83.481958,"TopVelo"
"Changeup",11,83.69176,"TopVelo"
"Changeup",12,83.7884236,"TopVelo"
"Changeup",13,83.9070036,"TopVelo"
"Changeup",14,83.9885116,"TopVelo"
"Changeup",15,84.040907,"TopVelo"
"Changeup",16,84.0486732,"TopVelo"
"Changeup",17,84.0774184,"TopVelo"
"Changeup",18,84.249058,"TopVelo"
"Changeup",19,84.493034,"TopVelo"
"Changeup",20,84.568234,"TopVelo"
"Changeup",21,84.8035432,"TopVelo"
"Changeup",22,85.018006,"TopVelo"
"Changeup",23,85.0865624,"TopVelo"
"Changeup",24,85.0983684,"TopVelo"
"Changeup",25,85.128645,"TopVelo"
"Changeup",26,85.1681396,"TopVelo"
"Changeup",27,85.2002466,"TopVelo"
"Changeup",28,85.2241568,"TopVelo"
"Changeup",29,85.240878,"TopVelo"
"Changeup",30,85.281848,"TopVelo"
"Changeup",31,85.3846712,"TopVelo"
"Changeup",32,85.4446704,"TopVelo"
"Changeup",33,85.4750724,"TopVelo"
"Changeup",34,85.6551952,"TopVelo"
"Changeup",35,85.796231,"TopVelo"
"Changeup",36,85.861408,"TopVelo"
"Changeup",37,85.914095,"TopVelo"
"Changeup",38,86.1488164,"TopVelo"
"Changeup",39,86.2637104,"TopVelo"
"Changeup",40,86.28176,"TopVelo"
"Changeup",41,86.3153368,"TopVelo"
"Changeup",42,86.352468,"TopVelo"
"Changeup",43,86.3819614,"TopVelo"
"Changeup",44,86.4079108,"TopVelo"
"Changeup",45,86.410574,"TopVelo"
"Changeup",46,86.4317972,"TopVelo"
"Changeup",47,86.5228026,"TopVelo"
"Changeup",48,86.687066,"TopVelo"
"Changeup",49,86.8425418,"TopVelo"
"Changeup",50,86.89944,"TopVelo"
"Changeup",51,87.145955,"TopVelo"
"Changeup",52,87.2573812,"TopVelo"
"Changeup",53,87.2885602,"TopVelo"
"Changeup",54,87.2971152,"TopVelo"
"Changeup",55,87.324523,"TopVelo"
"Changeup",56,87.3735508,"TopVelo"
"Changeup",57,87.414097,"TopVelo"
"Changeup",58,87.431244,"TopVelo"
"Changeup",59,87.4871154,"TopVelo"
"Changeup",60,87.576186,"TopVelo"
"Changeup",61,87.6606154,"TopVelo"
"Changeup",62,87.7462372,"TopVelo"
"Changeup",63,87.7628912,"TopVelo"
"Changeup",64,87.824962,"TopVelo"
"Changeup",65,87.860239,"TopVelo"
"Changeup",66,87.916296,"TopVelo"
"Changeup",67,87.937352,"TopVelo"
"Changeup",68,88.0078028,"TopVelo"
"Changeup",69,88.026016,"TopVelo"
"Changeup",70,88.049822,"TopVelo"
"Changeup",71,88.1096996,"TopVelo"
"Changeup",72,88.1683552,"TopVelo"
"Changeup",73,88.2319658,"TopVelo"
"Changeup",74,88.260614,"TopVelo"
"Changeup",75,88.2772,"TopVelo"
"Changeup",76,88.3723788,"TopVelo"
"Changeup",77,88.50007,"TopVelo"
"Changeup",78,88.5589868,"TopVelo"
"Changeup",79,88.6220524,"TopVelo"
"Changeup",80,88.712384,"TopVelo"
"Changeup",81,88.7801354,"TopVelo"
"Changeup",82,89.0828804,"TopVelo"
"Changeup",83,89.1052122,"TopVelo"
"Changeup",84,89.2627656,"TopVelo"
"Changeup",85,89.828424,"TopVelo"
"Changeup",86,90.011364,"TopVelo"
"Changeup",87,90.1122864,"TopVelo"
"Changeup",88,90.2691952,"TopVelo"
"Changeup",89,90.3496276,"TopVelo"
"Changeup",90,90.733576,"TopVelo"
"Changeup",91,91.2357272,"TopVelo"
"Changeup",92,91.5853176,"TopVelo"
"Changeup",93,91.7324294,"TopVelo"
"Changeup",94,91.7512824,"TopVelo"
"Changeup",95,91.81467,"TopVelo"
"Changeup",96,92.036712,"TopVelo"
"Changeup",97,92.5264724,"TopVelo"
"Changeup",98,92.9420116,"TopVelo"
"Changeup",99,93.1993918,"TopVelo"
"Changeup",100,95.48174,"TopVelo"
"Curveball",1,78.5015981,"TopVelo"
"Curveball",2,79.1353112,"TopVelo"
"Curveball",3,79.625635,"TopVelo"
"Curveball",4,79.6512092,"TopVelo"
"Curveball",5,79.7678565,"TopVelo"
"Curveball",6,79.8534294,"TopVelo"
"Curveball",7,79.970106,"TopVelo"
"Curveball",8,80.0949276,"TopVelo"
"Curveball",9,80.1073323,"TopVelo"
"Curveball",10,80.120724,"TopVelo"
"Curveball",11,80.1529533,"TopVelo"
"Curveball",12,80.1856668,"TopVelo"
"Curveball",13,80.1952597,"TopVelo"
"Curveball",14,80.3738766,"TopVelo"
"Curveball",15,80.44328,"TopVelo"
"Curveball",16,80.5867836,"TopVelo"
"Curveball",17,80.866126,"TopVelo"
"Curveball",18,80.920334,"TopVelo"
"Curveball",19,80.9335605,"TopVelo"
"Curveball",20,80.9531,"TopVelo"
"Curveball",21,80.9915865,"TopVelo"
"Curveball",22,81.046603,"TopVelo"
"Curveball",23,81.0927516,"TopVelo"
"Curveball",24,81.1691108,"TopVelo"
"Curveball",25,81.2499725,"TopVelo"
"Curveball",26,81.300519,"TopVelo"
"Curveball",27,81.3220405,"TopVelo"
"Curveball",28,81.3339916,"TopVelo"
"Curveball",29,81.4228738,"TopVelo"
"Curveball",30,81.652533,"TopVelo"
"Curveball",31,82.1060861,"TopVelo"
"Curveball",32,82.216932,"TopVelo"
"Curveball",33,82.2817692,"TopVelo"
"Curveball",34,82.3855098,"TopVelo"
"Curveball",35,82.5488345,"TopVelo"
"Curveball",36,82.7302888,"TopVelo"
"Curveball",37,82.8244983,"TopVelo"
"Curveball",38,82.8539954,"TopVelo"
"Curveball",39,82.857991,"TopVelo"
"Curveball",40,82.91705,"TopVelo"
"Curveball",41,82.9994163,"TopVelo"
"Curveball",42,83.068153,"TopVelo"
"Curveball",43,83.1168775,"TopVelo"
"Curveball",44,83.21101,"TopVelo"
"Curveball",45,83.2365415,"TopVelo"
"Curveball",46,83.2554478,"TopVelo"
"Curveball",47,83.2875457,"TopVelo"
"Curveball",48,83.3445488,"TopVelo"
"Curveball",49,83.4756323,"TopVelo"
"Curveball",50,83.56268,"TopVelo"
"Curveball",51,83.6273231,"TopVelo"
"Curveball",52,83.6991924,"TopVelo"
"Curveball",53,83.7823986,"TopVelo"
"Curveball",54,83.8600252,"TopVelo"
"Curveball",55,83.9066025,"TopVelo"
"Curveball",56,83.9327864,"TopVelo"
"Curveball",57,84.0384458,"TopVelo"
"Curveball",58,84.4186058,"TopVelo"
"Curveball",59,84.6334203,"TopVelo"
"Curveball",60,84.686714,"TopVelo"
"Curveball",61,84.7553749,"TopVelo"
"Curveball",62,84.8000376,"TopVelo"
"Curveball",63,84.8360213,"TopVelo"
"Curveball",64,84.858996,"TopVelo"
"Curveball",65,84.867622,"TopVelo"
"Curveball",66,84.8984528,"TopVelo"
"Curveball",67,85.0189223,"TopVelo"
"Curveball",68,85.108052,"TopVelo"
"Curveball",69,85.1316773,"TopVelo"
"Curveball",70,85.161869,"TopVelo"
"Curveball",71,85.4510023,"TopVelo"
"Curveball",72,85.8106308,"TopVelo"
"Curveball",73,86.1170117,"TopVelo"
"Curveball",74,86.2177046,"TopVelo"
"Curveball",75,86.25389,"TopVelo"
"Curveball",76,86.2832748,"TopVelo"
"Curveball",77,86.3574088,"TopVelo"
"Curveball",78,86.4979226,"TopVelo"
"Curveball",79,86.4996243,"TopVelo"
"Curveball",80,86.553562,"TopVelo"
"Curveball",81,86.6232952,"TopVelo"
"Curveball",82,86.6959076,"TopVelo"
"Curveball",83,86.7766344,"TopVelo"
"Curveball",84,86.8878184,"TopVelo"
"Curveball",85,86.956769,"TopVelo"
"Curveball",86,86.9848608,"TopVelo"
"Curveball",87,86.9930536,"TopVelo"
"Curveball",88,87.0391856,"TopVelo"
"Curveball",89,87.2178875,"TopVelo"
"Curveball",90,87.462992,"TopVelo"
"Curveball",91,87.7123047,"TopVelo"
"Curveball",92,87.9003464,"TopVelo"
"Curveball",93,88.3749722,"TopVelo"
"Curveball",94,88.7496598,"TopVelo"
"Curveball",95,89.074836,"TopVelo"
"Curveball",96,89.9381908,"TopVelo"
"Curveball",97,90.3338222,"TopVelo"
"Curveball",98,90.5870704,"TopVelo"
"Curveball",99,91.0776815,"TopVelo"
"Curveball",100,92.26506,"TopVelo"
"Cutter",1,83.9877702,"TopVelo"
"Cutter",2,84.2268156,"TopVelo"
"Cutter",3,84.2685672,"TopVelo"
"Cutter",4,84.3982596,"TopVelo"
"Cutter",5,84.8978565,"TopVelo"
"Cutter",6,85.514373,"TopVelo"
"Cutter",7,85.8151785,"TopVelo"
"Cutter",8,85.9157268,"TopVelo"
"Cutter",9,86.0897865,"TopVelo"
"Cutter",10,86.581515,"TopVelo"
"Cutter",11,87.1221604,"TopVelo"
"Cutter",12,87.5414428,"TopVelo"
"Cutter",13,87.7708747,"TopVelo"
"Cutter",14,87.8700094,"TopVelo"
"Cutter",15,87.9507615,"TopVelo"
"Cutter",16,88.0282468,"TopVelo"
"Cutter",17,88.2493366,"TopVelo"
"Cutter",18,88.352755,"TopVelo"
"Cutter",19,88.3788357,"TopVelo"
"Cutter",20,88.395996,"TopVelo"
"Cutter",21,88.4448005,"TopVelo"
"Cutter",22,88.4928842,"TopVelo"
"Cutter",23,88.5023303,"TopVelo"
"Cutter",24,88.51783,"TopVelo"
"Cutter",25,88.5794575,"TopVelo"
"Cutter",26,88.7197966,"TopVelo"
"Cutter",27,88.7726476,"TopVelo"
"Cutter",28,88.8359376,"TopVelo"
"Cutter",29,88.9197362,"TopVelo"
"Cutter",30,88.922234,"TopVelo"
"Cutter",31,88.9274033,"TopVelo"
"Cutter",32,88.9387676,"TopVelo"
"Cutter",33,88.9816994,"TopVelo"
"Cutter",34,89.0394662,"TopVelo"
"Cutter",35,89.097428,"TopVelo"
"Cutter",36,89.1293888,"TopVelo"
"Cutter",37,89.1484494,"TopVelo"
"Cutter",38,89.1998452,"TopVelo"
"Cutter",39,89.3286406,"TopVelo"
"Cutter",40,89.367418,"TopVelo"
"Cutter",41,89.3898275,"TopVelo"
"Cutter",42,89.408285,"TopVelo"
"Cutter",43,89.52272,"TopVelo"
"Cutter",44,89.5832588,"TopVelo"
"Cutter",45,89.5935875,"TopVelo"
"Cutter",46,89.627225,"TopVelo"
"Cutter",47,89.7143846,"TopVelo"
"Cutter",48,89.8148312,"TopVelo"
"Cutter",49,89.8246706,"TopVelo"
"Cutter",50,89.907755,"TopVelo"
"Cutter",51,90.0024123,"TopVelo"
"Cutter",52,90.0542796,"TopVelo"
"Cutter",53,90.1147653,"TopVelo"
"Cutter",54,90.166967,"TopVelo"
"Cutter",55,90.2024675,"TopVelo"
"Cutter",56,90.2792352,"TopVelo"
"Cutter",57,90.3393378,"TopVelo"
"Cutter",58,90.3793802,"TopVelo"
"Cutter",59,90.4742621,"TopVelo"
"Cutter",60,90.52466,"TopVelo"
"Cutter",61,90.5576885,"TopVelo"
"Cutter",62,90.689927,"TopVelo"
"Cutter",63,90.7668324,"TopVelo"
"Cutter",64,90.809634,"TopVelo"
"Cutter",65,90.8252625,"TopVelo"
"Cutter",66,90.8499738,"TopVelo"
"Cutter",67,90.9431836,"TopVelo"
"Cutter",68,91.1683444,"TopVelo"
"Cutter",69,91.2085349,"TopVelo"
"Cutter",70,91.223048,"TopVelo"
"Cutter",71,91.2357164,"TopVelo"
"Cutter",72,91.2923604,"TopVelo"
"Cutter",73,91.3265261,"TopVelo"
"Cutter",74,91.3395896,"TopVelo"
"Cutter",75,91.34108,"TopVelo"
"Cutter",76,91.355898,"TopVelo"
"Cutter",77,91.3919476,"TopVelo"
"Cutter",78,91.4868364,"TopVelo"
"Cutter",79,91.5503653,"TopVelo"
"Cutter",80,91.628442,"TopVelo"
"Cutter",81,91.7692779,"TopVelo"
"Cutter",82,91.8735216,"TopVelo"
"Cutter",83,91.9434474,"TopVelo"
"Cutter",84,91.9707852,"TopVelo"
"Cutter",85,92.0988405,"TopVelo"
"Cutter",86,92.1951668,"TopVelo"
"Cutter",87,92.2527347,"TopVelo"
"Cutter",88,92.3165528,"TopVelo"
"Cutter",89,92.3621136,"TopVelo"
"Cutter",90,92.45098,"TopVelo"
"Cutter",91,92.868913,"TopVelo"
"Cutter",92,93.0955996,"TopVelo"
"Cutter",93,93.2494721,"TopVelo"
"Cutter",94,93.4365518,"TopVelo"
"Cutter",95,93.893643,"TopVelo"
"Cutter",96,94.291638,"TopVelo"
"Cutter",97,94.4499585,"TopVelo"
"Cutter",98,95.0498492,"TopVelo"
"Cutter",99,95.4261963,"TopVelo"
"Cutter",100,95.46741,"TopVelo"
"Four-Seam",1,89.3581785,"TopVelo"
"Four-Seam",2,89.947999,"TopVelo"
"Four-Seam",3,90.9383075,"TopVelo"
"Four-Seam",4,91.132684,"TopVelo"
"Four-Seam",5,91.4922775,"TopVelo"
"Four-Seam",6,91.669284,"TopVelo"
"Four-Seam",7,91.7484975,"TopVelo"
"Four-Seam",8,91.874818,"TopVelo"
"Four-Seam",9,92.0013415,"TopVelo"
"Four-Seam",10,92.143195,"TopVelo"
"Four-Seam",11,92.2548575,"TopVelo"
"Four-Seam",12,92.335034,"TopVelo"
"Four-Seam",13,92.427374,"TopVelo"
"Four-Seam",14,92.519389,"TopVelo"
"Four-Seam",15,92.63971,"TopVelo"
"Four-Seam",16,92.71021,"TopVelo"
"Four-Seam",17,92.840017,"TopVelo"
"Four-Seam",18,92.858083,"TopVelo"
"Four-Seam",19,92.99385,"TopVelo"
"Four-Seam",20,93.10897,"TopVelo"
"Four-Seam",21,93.130694,"TopVelo"
"Four-Seam",22,93.166935,"TopVelo"
"Four-Seam",23,93.222853,"TopVelo"
"Four-Seam",24,93.278156,"TopVelo"
"Four-Seam",25,93.3728725,"TopVelo"
"Four-Seam",26,93.483147,"TopVelo"
"Four-Seam",27,93.504856,"TopVelo"
"Four-Seam",28,93.555552,"TopVelo"
"Four-Seam",29,93.6410465,"TopVelo"
"Four-Seam",30,93.726395,"TopVelo"
"Four-Seam",31,93.7524775,"TopVelo"
"Four-Seam",32,93.797486,"TopVelo"
"Four-Seam",33,93.9003435,"TopVelo"
"Four-Seam",34,93.981472,"TopVelo"
"Four-Seam",35,94.0144375,"TopVelo"
"Four-Seam",36,94.103242,"TopVelo"
"Four-Seam",37,94.1690615,"TopVelo"
"Four-Seam",38,94.307839,"TopVelo"
"Four-Seam",39,94.3404025,"TopVelo"
"Four-Seam",40,94.37282,"TopVelo"
"Four-Seam",41,94.446883,"TopVelo"
"Four-Seam",42,94.542589,"TopVelo"
"Four-Seam",43,94.6413155,"TopVelo"
"Four-Seam",44,94.713832,"TopVelo"
"Four-Seam",45,94.8101825,"TopVelo"
"Four-Seam",46,94.838327,"TopVelo"
"Four-Seam",47,94.897183,"TopVelo"
"Four-Seam",48,94.951536,"TopVelo"
"Four-Seam",49,94.9948135,"TopVelo"
"Four-Seam",50,95.025355,"TopVelo"
"Four-Seam",51,95.0866205,"TopVelo"
"Four-Seam",52,95.149882,"TopVelo"
"Four-Seam",53,95.2415155,"TopVelo"
"Four-Seam",54,95.297615,"TopVelo"
"Four-Seam",55,95.3641925,"TopVelo"
"Four-Seam",56,95.449556,"TopVelo"
"Four-Seam",57,95.5327085,"TopVelo"
"Four-Seam",58,95.611834,"TopVelo"
"Four-Seam",59,95.6322555,"TopVelo"
"Four-Seam",60,95.67582,"TopVelo"
"Four-Seam",61,95.713994,"TopVelo"
"Four-Seam",62,95.78769,"TopVelo"
"Four-Seam",63,95.8284175,"TopVelo"
"Four-Seam",64,95.890312,"TopVelo"
"Four-Seam",65,95.9716575,"TopVelo"
"Four-Seam",66,96.023017,"TopVelo"
"Four-Seam",67,96.0574195,"TopVelo"
"Four-Seam",68,96.106412,"TopVelo"
"Four-Seam",69,96.1179295,"TopVelo"
"Four-Seam",70,96.156595,"TopVelo"
"Four-Seam",71,96.2495705,"TopVelo"
"Four-Seam",72,96.319246,"TopVelo"
"Four-Seam",73,96.3653475,"TopVelo"
"Four-Seam",74,96.463307,"TopVelo"
"Four-Seam",75,96.4967575,"TopVelo"
"Four-Seam",76,96.54349,"TopVelo"
"Four-Seam",77,96.6632045,"TopVelo"
"Four-Seam",78,96.745622,"TopVelo"
"Four-Seam",79,96.921611,"TopVelo"
"Four-Seam",80,97.1264,"TopVelo"
"Four-Seam",81,97.2124225,"TopVelo"
"Four-Seam",82,97.27374,"TopVelo"
"Four-Seam",83,97.3270705,"TopVelo"
"Four-Seam",84,97.387866,"TopVelo"
"Four-Seam",85,97.4993725,"TopVelo"
"Four-Seam",86,97.567653,"TopVelo"
"Four-Seam",87,97.658746,"TopVelo"
"Four-Seam",88,97.705914,"TopVelo"
"Four-Seam",89,97.893779,"TopVelo"
"Four-Seam",90,98.042015,"TopVelo"
"Four-Seam",91,98.204305,"TopVelo"
"Four-Seam",92,98.290938,"TopVelo"
"Four-Seam",93,98.427159,"TopVelo"
"Four-Seam",94,98.556319,"TopVelo"
"Four-Seam",95,98.6371425,"TopVelo"
"Four-Seam",96,98.892904,"TopVelo"
"Four-Seam",97,99.2983255,"TopVelo"
"Four-Seam",98,99.988528,"TopVelo"
"Four-Seam",99,100.3540625,"TopVelo"
"Four-Seam",100,101.08578,"TopVelo"
"Sinker",1,88.059431,"TopVelo"
"Sinker",2,89.3314488,"TopVelo"
"Sinker",3,89.754084,"TopVelo"
"Sinker",4,90.1167936,"TopVelo"
"Sinker",5,90.551472,"TopVelo"
"Sinker",6,90.8061768,"TopVelo"
"Sinker",7,90.8680872,"TopVelo"
"Sinker",8,90.9032268,"TopVelo"
"Sinker",9,91.0554936,"TopVelo"
"Sinker",10,91.313394,"TopVelo"
"Sinker",11,91.4758754,"TopVelo"
"Sinker",12,91.5087976,"TopVelo"
"Sinker",13,91.529055,"TopVelo"
"Sinker",14,91.5936972,"TopVelo"
"Sinker",15,91.727367,"TopVelo"
"Sinker",16,91.7439132,"TopVelo"
"Sinker",17,91.7628796,"TopVelo"
"Sinker",18,91.8387452,"TopVelo"
"Sinker",19,91.9657346,"TopVelo"
"Sinker",20,92.102556,"TopVelo"
"Sinker",21,92.2134682,"TopVelo"
"Sinker",22,92.3230924,"TopVelo"
"Sinker",23,92.483986,"TopVelo"
"Sinker",24,92.5797636,"TopVelo"
"Sinker",25,92.63704,"TopVelo"
"Sinker",26,92.6754884,"TopVelo"
"Sinker",27,92.7007922,"TopVelo"
"Sinker",28,92.7242808,"TopVelo"
"Sinker",29,92.7670744,"TopVelo"
"Sinker",30,92.85126,"TopVelo"
"Sinker",31,92.8762988,"TopVelo"
"Sinker",32,92.8854688,"TopVelo"
"Sinker",33,92.9038058,"TopVelo"
"Sinker",34,92.9312484,"TopVelo"
"Sinker",35,92.955608,"TopVelo"
"Sinker",36,92.9565368,"TopVelo"
"Sinker",37,92.9852226,"TopVelo"
"Sinker",38,93.1302912,"TopVelo"
"Sinker",39,93.264423,"TopVelo"
"Sinker",40,93.334466,"TopVelo"
"Sinker",41,93.3525286,"TopVelo"
"Sinker",42,93.3582324,"TopVelo"
"Sinker",43,93.3799646,"TopVelo"
"Sinker",44,93.437968,"TopVelo"
"Sinker",45,93.479244,"TopVelo"
"Sinker",46,93.4952248,"TopVelo"
"Sinker",47,93.5552276,"TopVelo"
"Sinker",48,93.646176,"TopVelo"
"Sinker",49,93.67607,"TopVelo"
"Sinker",50,93.6808,"TopVelo"
"Sinker",51,93.6981806,"TopVelo"
"Sinker",52,93.7677756,"TopVelo"
"Sinker",53,93.795596,"TopVelo"
"Sinker",54,93.8935948,"TopVelo"
"Sinker",55,94.079955,"TopVelo"
"Sinker",56,94.2324944,"TopVelo"
"Sinker",57,94.2666272,"TopVelo"
"Sinker",58,94.6655468,"TopVelo"
"Sinker",59,94.7216836,"TopVelo"
"Sinker",60,94.801908,"TopVelo"
"Sinker",61,94.881983,"TopVelo"
"Sinker",62,94.9210836,"TopVelo"
"Sinker",63,94.9430374,"TopVelo"
"Sinker",64,94.9775652,"TopVelo"
"Sinker",65,95.183432,"TopVelo"
"Sinker",66,95.2431356,"TopVelo"
"Sinker",67,95.2727758,"TopVelo"
"Sinker",68,95.3323368,"TopVelo"
"Sinker",69,95.4312124,"TopVelo"
"Sinker",70,95.52635,"TopVelo"
"Sinker",71,95.5483938,"TopVelo"
"Sinker",72,95.5885816,"TopVelo"
"Sinker",73,95.9571494,"TopVelo"
"Sinker",74,96.0702452,"TopVelo"
"Sinker",75,96.16668,"TopVelo"
"Sinker",76,96.296944,"TopVelo"
"Sinker",77,96.3692028,"TopVelo"
"Sinker",78,96.3800384,"TopVelo"
"Sinker",79,96.4232362,"TopVelo"
"Sinker",80,96.433362,"TopVelo"
"Sinker",81,96.6034928,"TopVelo"
"Sinker",82,96.7196884,"TopVelo"
"Sinker",83,96.7899896,"TopVelo"
"Sinker",84,96.9067932,"TopVelo"
"Sinker",85,97.056095,"TopVelo"
"Sinker",86,97.074198,"TopVelo"
"Sinker",87,97.1541126,"TopVelo"
"Sinker",88,97.3251024,"TopVelo"
"Sinker",89,97.4339202,"TopVelo"
"Sinker",90,97.484714,"TopVelo"
"Sinker",91,97.533948,"TopVelo"
"Sinker",92,97.621438,"TopVelo"
"Sinker",93,97.846457,"TopVelo"
"Sinker",94,97.881846,"TopVelo"
"Sinker",95,97.939033,"TopVelo"
"Sinker",96,97.9718208,"TopVelo"
"Sinker",97,98.3378312,"TopVelo"
"Sinker",98,99.0231316,"TopVelo"
"Sinker",99,99.5234594,"TopVelo"
"Sinker",100,99.5718,"TopVelo"
"Slider",1,79.7943595,"TopVelo"
"Slider",2,80.2061314,"TopVelo"
"Slider",3,80.5837033,"TopVelo"
"Slider",4,81.1464636,"TopVelo"
"Slider",5,81.336681,"TopVelo"
"Slider",6,81.572772,"TopVelo"
"Slider",7,82.2288856,"TopVelo"
"Slider",8,82.2812392,"TopVelo"
"Slider",9,82.4404356,"TopVelo"
"Slider",10,82.779768,"TopVelo"
"Slider",11,82.9385697,"TopVelo"
"Slider",12,83.03606,"TopVelo"
"Slider",13,83.2988,"TopVelo"
"Slider",14,83.584823,"TopVelo"
"Slider",15,83.634671,"TopVelo"
"Slider",16,83.8649148,"TopVelo"
"Slider",17,83.9736728,"TopVelo"
"Slider",18,84.0672402,"TopVelo"
"Slider",19,84.268688,"TopVelo"
"Slider",20,84.31132,"TopVelo"
"Slider",21,84.3706888,"TopVelo"
"Slider",22,84.4475766,"TopVelo"
"Slider",23,84.4936475,"TopVelo"
"Slider",24,84.5478992,"TopVelo"
"Slider",25,84.644375,"TopVelo"
"Slider",26,84.9301718,"TopVelo"
"Slider",27,85.0972487,"TopVelo"
"Slider",28,85.3048528,"TopVelo"
"Slider",29,85.3820688,"TopVelo"
"Slider",30,85.521751,"TopVelo"
"Slider",31,85.5683276,"TopVelo"
"Slider",32,85.630696,"TopVelo"
"Slider",33,85.7057167,"TopVelo"
"Slider",34,85.8074146,"TopVelo"
"Slider",35,85.829449,"TopVelo"
"Slider",36,85.9069184,"TopVelo"
"Slider",37,86.0981966,"TopVelo"
"Slider",38,86.1832278,"TopVelo"
"Slider",39,86.2447404,"TopVelo"
"Slider",40,86.313174,"TopVelo"
"Slider",41,86.3668087,"TopVelo"
"Slider",42,86.4178204,"TopVelo"
"Slider",43,86.5642854,"TopVelo"
"Slider",44,86.7372636,"TopVelo"
"Slider",45,86.832709,"TopVelo"
"Slider",46,86.9112182,"TopVelo"
"Slider",47,86.9851447,"TopVelo"
"Slider",48,87.0953984,"TopVelo"
"Slider",49,87.1956869,"TopVelo"
"Slider",50,87.21261,"TopVelo"
"Slider",51,87.3434042,"TopVelo"
"Slider",52,87.4281684,"TopVelo"
"Slider",53,87.4813094,"TopVelo"
"Slider",54,87.5519662,"TopVelo"
"Slider",55,87.693309,"TopVelo"
"Slider",56,88.0006908,"TopVelo"
"Slider",57,88.0251684,"TopVelo"
"Slider",58,88.15588,"TopVelo"
"Slider",59,88.1971981,"TopVelo"
"Slider",60,88.334196,"TopVelo"
"Slider",61,88.3754466,"TopVelo"
"Slider",62,88.531309,"TopVelo"
"Slider",63,88.6317193,"TopVelo"
"Slider",64,88.69927,"TopVelo"
"Slider",65,88.775677,"TopVelo"
"Slider",66,88.8392178,"TopVelo"
"Slider",67,88.8528717,"TopVelo"
"Slider",68,88.8768576,"TopVelo"
"Slider",69,88.9144916,"TopVelo"
"Slider",70,88.965988,"TopVelo"
"Slider",71,89.0385054,"TopVelo"
"Slider",72,89.1268036,"TopVelo"
"Slider",73,89.191273,"TopVelo"
"Slider",74,89.2855612,"TopVelo"
"Slider",75,89.374625,"TopVelo"
"Slider",76,89.5071548,"TopVelo"
"Slider",77,89.6918702,"TopVelo"
"Slider",78,89.7273636,"TopVelo"
"Slider",79,89.8953296,"TopVelo"
"Slider",80,90.02883,"TopVelo"
"Slider",81,90.2355493,"TopVelo"
"Slider",82,90.3790102,"TopVelo"
"Slider",83,90.4801541,"TopVelo"
"Slider",84,90.5549648,"TopVelo"
"Slider",85,90.6480405,"TopVelo"
"Slider",86,90.7991746,"TopVelo"
"Slider",87,90.855226,"TopVelo"
"Slider",88,91.038604,"TopVelo"
"Slider",89,91.1361036,"TopVelo"
"Slider",90,91.222701,"TopVelo"
"Slider",91,91.3578471,"TopVelo"
"Slider",92,91.615824,"TopVelo"
"Slider",93,92.1324861,"TopVelo"
"Slider",94,92.2434966,"TopVelo"
"Slider",95,92.618557,"TopVelo"
"Slider",96,93.0745196,"TopVelo"
"Slider",97,93.7910597,"TopVelo"
"Slider",98,94.4547002,"TopVelo"
"Slider",99,94.8886874,"TopVelo"
"Slider",100,96.83707,"TopVelo"
"Splitter",1,86.0749186,"TopVelo"
"Splitter",2,86.1011372,"TopVelo"
"Splitter",3,86.1273558,"TopVelo"
"Splitter",4,86.1535744,"TopVelo"
"Splitter",5,86.179793,"TopVelo"
"Splitter",6,86.2060116,"TopVelo"
"Splitter",7,86.2322302,"TopVelo"
"Splitter",8,86.2584488,"TopVelo"
"Splitter",9,86.2846674,"TopVelo"
"Splitter",10,86.310886,"TopVelo"
"Splitter",11,86.3371046,"TopVelo"
"Splitter",12,86.3633232,"TopVelo"
"Splitter",13,86.3895418,"TopVelo"
"Splitter",14,86.4157604,"TopVelo"
"Splitter",15,86.441979,"TopVelo"
"Splitter",16,86.4681976,"TopVelo"
"Splitter",17,86.4944162,"TopVelo"
"Splitter",18,86.5206348,"TopVelo"
"Splitter",19,86.5468534,"TopVelo"
"Splitter",20,86.573072,"TopVelo"
"Splitter",21,86.5992906,"TopVelo"
"Splitter",22,86.6255092,"TopVelo"
"Splitter",23,86.6517278,"TopVelo"
"Splitter",24,86.6779464,"TopVelo"
"Splitter",25,86.704165,"TopVelo"
"Splitter",26,86.7303836,"TopVelo"
"Splitter",27,86.7566022,"TopVelo"
"Splitter",28,86.7828208,"TopVelo"
"Splitter",29,86.8090394,"TopVelo"
"Splitter",30,86.835258,"TopVelo"
"Splitter",31,86.8614766,"TopVelo"
"Splitter",32,86.8876952,"TopVelo"
"Splitter",33,86.9139138,"TopVelo"
"Splitter",34,86.9401324,"TopVelo"
"Splitter",35,86.966351,"TopVelo"
"Splitter",36,86.9925696,"TopVelo"
"Splitter",37,87.0187882,"TopVelo"
"Splitter",38,87.0450068,"TopVelo"
"Splitter",39,87.0712254,"TopVelo"
"Splitter",40,87.097444,"TopVelo"
"Splitter",41,87.1236626,"TopVelo"
"Splitter",42,87.1498812,"TopVelo"
"Splitter",43,87.1760998,"TopVelo"
"Splitter",44,87.2023184,"TopVelo"
"Splitter",45,87.228537,"TopVelo"
"Splitter",46,87.2547556,"TopVelo"
"Splitter",47,87.2809742,"TopVelo"
"Splitter",48,87.3071928,"TopVelo"
"Splitter",49,87.3334114,"TopVelo"
"Splitter",50,87.35963,"TopVelo"
"Splitter",51,87.3858486,"TopVelo"
"Splitter",52,87.4120672,"TopVelo"
"Splitter",53,87.4382858,"TopVelo"
"Splitter",54,87.4645044,"TopVelo"
"Splitter",55,87.490723,"TopVelo"
"Splitter",56,87.5169416,"TopVelo"
"Splitter",57,87.5431602,"TopVelo"
"Splitter",58,87.5693788,"TopVelo"
"Splitter",59,87.5955974,"TopVelo"
"Splitter",60,87.621816,"TopVelo"
"Splitter",61,87.6480346,"TopVelo"
"Splitter",62,87.6742532,"TopVelo"
"Splitter",63,87.7004718,"TopVelo"
"Splitter",64,87.7266904,"TopVelo"
"Splitter",65,87.752909,"TopVelo"
"Splitter",66,87.7791276,"TopVelo"
"Splitter",67,87.8053462,"TopVelo"
"Splitter",68,87.8315648,"TopVelo"
"Splitter",69,87.8577834,"TopVelo"
"Splitter",70,87.884002,"TopVelo"
"Splitter",71,87.9102206,"TopVelo"
"Splitter",72,87.9364392,"TopVelo"
"Splitter",73,87.9626578,"TopVelo"
"Splitter",74,87.9888764,"TopVelo"
"Splitter",75,88.015095,"TopVelo"
"Splitter",76,88.0413136,"TopVelo"
"Splitter",77,88.0675322,"TopVelo"
"Splitter",78,88.0937508,"TopVelo"
"Splitter",79,88.1199694,"TopVelo"
"Splitter",80,88.146188,"TopVelo"
"Splitter",81,88.1724066,"TopVelo"
"Splitter",82,88.1986252,"TopVelo"
"Splitter",83,88.2248438,"TopVelo"
"Splitter",84,88.2510624,"TopVelo"
"Splitter",85,88.277281,"TopVelo"
"Splitter",86,88.3034996,"TopVelo"
"Splitter",87,88.3297182,"TopVelo"
"Splitter",88,88.3559368,"TopVelo"
"Splitter",89,88.3821554,"TopVelo"
"Splitter",90,88.408374,"TopVelo"
"Splitter",91,88.4345926,"TopVelo"
"Splitter",92,88.4608112,"TopVelo"
"Splitter",93,88.4870298,"TopVelo"
"Splitter",94,88.5132484,"TopVelo"
"Splitter",95,88.539467,"TopVelo"
"Splitter",96,88.5656856,"TopVelo"
"Splitter",97,88.5919042,"TopVelo"
"Splitter",98,88.6181228,"TopVelo"
"Splitter",99,88.6443414,"TopVelo"
"Splitter",100,88.67056,"TopVelo"
"Sweeper",1,82.9249494,"TopVelo"
"Sweeper",2,82.9261588,"TopVelo"
"Sweeper",3,82.9273682,"TopVelo"
"Sweeper",4,82.9285776,"TopVelo"
"Sweeper",5,82.929787,"TopVelo"
"Sweeper",6,82.9309964,"TopVelo"
"Sweeper",7,82.9322058,"TopVelo"
"Sweeper",8,82.9334152,"TopVelo"
"Sweeper",9,82.9346246,"TopVelo"
"Sweeper",10,82.935834,"TopVelo"
"Sweeper",11,82.9370434,"TopVelo"
"Sweeper",12,82.9382528,"TopVelo"
"Sweeper",13,82.9394622,"TopVelo"
"Sweeper",14,82.9406716,"TopVelo"
"Sweeper",15,82.941881,"TopVelo"
"Sweeper",16,82.9430904,"TopVelo"
"Sweeper",17,82.9442998,"TopVelo"
"Sweeper",18,82.9455092,"TopVelo"
"Sweeper",19,82.9467186,"TopVelo"
"Sweeper",20,82.947928,"TopVelo"
"Sweeper",21,82.9491374,"TopVelo"
"Sweeper",22,82.9503468,"TopVelo"
"Sweeper",23,82.9515562,"TopVelo"
"Sweeper",24,82.9527656,"TopVelo"
"Sweeper",25,82.953975,"TopVelo"
"Sweeper",26,82.9551844,"TopVelo"
"Sweeper",27,82.9563938,"TopVelo"
"Sweeper",28,82.9576032,"TopVelo"
"Sweeper",29,82.9588126,"TopVelo"
"Sweeper",30,82.960022,"TopVelo"
"Sweeper",31,82.9612314,"TopVelo"
"Sweeper",32,82.9624408,"TopVelo"
"Sweeper",33,82.9636502,"TopVelo"
"Sweeper",34,82.9648596,"TopVelo"
"Sweeper",35,82.966069,"TopVelo"
"Sweeper",36,82.9672784,"TopVelo"
"Sweeper",37,82.9684878,"TopVelo"
"Sweeper",38,82.9696972,"TopVelo"
"Sweeper",39,82.9709066,"TopVelo"
"Sweeper",40,82.972116,"TopVelo"
"Sweeper",41,82.9733254,"TopVelo"
"Sweeper",42,82.9745348,"TopVelo"
"Sweeper",43,82.9757442,"TopVelo"
"Sweeper",44,82.9769536,"TopVelo"
"Sweeper",45,82.978163,"TopVelo"
"Sweeper",46,82.9793724,"TopVelo"
"Sweeper",47,82.9805818,"TopVelo"
"Sweeper",48,82.9817912,"TopVelo"
"Sweeper",49,82.9830006,"TopVelo"
"Sweeper",50,82.98421,"TopVelo"
"Sweeper",51,83.0214354,"TopVelo"
"Sweeper",52,83.0586608,"TopVelo"
"Sweeper",53,83.0958862,"TopVelo"
"Sweeper",54,83.1331116,"TopVelo"
"Sweeper",55,83.170337,"TopVelo"
"Sweeper",56,83.2075624,"TopVelo"
"Sweeper",57,83.2447878,"TopVelo"
"Sweeper",58,83.2820132,"TopVelo"
"Sweeper",59,83.3192386,"TopVelo"
"Sweeper",60,83.356464,"TopVelo"
"Sweeper",61,83.3936894,"TopVelo"
"Sweeper",62,83.4309148,"TopVelo"
"Sweeper",63,83.4681402,"TopVelo"
"Sweeper",64,83.5053656,"TopVelo"
"Sweeper",65,83.542591,"TopVelo"
"Sweeper",66,83.5798164,"TopVelo"
"Sweeper",67,83.6170418,"TopVelo"
"Sweeper",68,83.6542672,"TopVelo"
"Sweeper",69,83.6914926,"TopVelo"
"Sweeper",70,83.728718,"TopVelo"
"Sweeper",71,83.7659434,"TopVelo"
"Sweeper",72,83.8031688,"TopVelo"
"Sweeper",73,83.8403942,"TopVelo"
"Sweeper",74,83.8776196,"TopVelo"
"Sweeper",75,83.914845,"TopVelo"
"Sweeper",76,83.9520704,"TopVelo"
"Sweeper",77,83.9892958,"TopVelo"
"Sweeper",78,84.0265212,"TopVelo"
"Sweeper",79,84.0637466,"TopVelo"
"Sweeper",80,84.100972,"TopVelo"
"Sweeper",81,84.1381974,"TopVelo"
"Sweeper",82,84.1754228,"TopVelo"
"Sweeper",83,84.2126482,"TopVelo"
"Sweeper",84,84.2498736,"TopVelo"
"Sweeper",85,84.287099,"TopVelo"
"Sweeper",86,84.3243244,"TopVelo"
"Sweeper",87,84.3615498,"TopVelo"
"Sweeper",88,84.3987752,"TopVelo"
"Sweeper",89,84.4360006,"TopVelo"
"Sweeper",90,84.473226,"TopVelo"
"Sweeper",91,84.5104514,"TopVelo"
"Sweeper",92,84.5476768,"TopVelo"
"Sweeper",93,84.5849022,"TopVelo"
"Sweeper",94,84.6221276,"TopVelo"
"Sweeper",95,84.659353,"TopVelo"
"Sweeper",96,84.6965784,"TopVelo"
"Sweeper",97,84.7338038,"TopVelo"
"Sweeper",98,84.7710292,"TopVelo"
"Sweeper",99,84.8082546,"TopVelo"
"Sweeper",100,84.84548,"TopVelo"
"Undefined",1,94.0457588,"TopVelo"
"Undefined",2,94.0577976,"TopVelo"
"Undefined",3,94.0698364,"TopVelo"
"Undefined",4,94.0818752,"TopVelo"
"Undefined",5,94.093914,"TopVelo"
"Undefined",6,94.1059528,"TopVelo"
"Undefined",7,94.1179916,"TopVelo"
"Undefined",8,94.1300304,"TopVelo"
"Undefined",9,94.1420692,"TopVelo"
"Undefined",10,94.154108,"TopVelo"
"Undefined",11,94.1661468,"TopVelo"
"Undefined",12,94.1781856,"TopVelo"
"Undefined",13,94.1902244,"TopVelo"
"Undefined",14,94.2022632,"TopVelo"
"Undefined",15,94.214302,"TopVelo"
"Undefined",16,94.2263408,"TopVelo"
"Undefined",17,94.2383796,"TopVelo"
"Undefined",18,94.2504184,"TopVelo"
"Undefined",19,94.2624572,"TopVelo"
"Undefined",20,94.274496,"TopVelo"
"Undefined",21,94.2865348,"TopVelo"
"Undefined",22,94.2985736,"TopVelo"
"Undefined",23,94.3106124,"TopVelo"
"Undefined",24,94.3226512,"TopVelo"
"Undefined",25,94.33469,"TopVelo"
"Undefined",26,94.4019332,"TopVelo"
"Undefined",27,94.4691764,"TopVelo"
"Undefined",28,94.5364196,"TopVelo"
"Undefined",29,94.6036628,"TopVelo"
"Undefined",30,94.670906,"TopVelo"
"Undefined",31,94.7381492,"TopVelo"
"Undefined",32,94.8053924,"TopVelo"
"Undefined",33,94.8726356,"TopVelo"
"Undefined",34,94.9398788,"TopVelo"
"Undefined",35,95.007122,"TopVelo"
"Undefined",36,95.0743652,"TopVelo"
"Undefined",37,95.1416084,"TopVelo"
"Undefined",38,95.2088516,"TopVelo"
"Undefined",39,95.2760948,"TopVelo"
"Undefined",40,95.343338,"TopVelo"
"Undefined",41,95.4105812,"TopVelo"
"Undefined",42,95.4778244,"TopVelo"
"Undefined",43,95.5450676,"TopVelo"
"Undefined",44,95.6123108,"TopVelo"
"Undefined",45,95.679554,"TopVelo"
"Undefined",46,95.7467972,"TopVelo"
"Undefined",47,95.8140404,"TopVelo"
"Undefined",48,95.8812836,"TopVelo"
"Undefined",49,95.9485268,"TopVelo"
"Undefined",50,96.01577,"TopVelo"
"Undefined",51,96.0281824,"TopVelo"
"Undefined",52,96.0405948,"TopVelo"
"Undefined",53,96.0530072,"TopVelo"
"Undefined",54,96.0654196,"TopVelo"
"Undefined",55,96.077832,"TopVelo"
"Undefined",56,96.0902444,"TopVelo"
"Undefined",57,96.1026568,"TopVelo"
"Undefined",58,96.1150692,"TopVelo"
"Undefined",59,96.1274816,"TopVelo"
"Undefined",60,96.139894,"TopVelo"
"Undefined",61,96.1523064,"TopVelo"
"Undefined",62,96.1647188,"TopVelo"
"Undefined",63,96.1771312,"TopVelo"
"Undefined",64,96.1895436,"TopVelo"
"Undefined",65,96.201956,"TopVelo"
"Undefined",66,96.2143684,"TopVelo"
"Undefined",67,96.2267808,"TopVelo"
"Undefined",68,96.2391932,"TopVelo"
"Undefined",69,96.2516056,"TopVelo"
"Undefined",70,96.264018,"TopVelo"
"Undefined",71,96.2764304,"TopVelo"
"Undefined",72,96.2888428,"TopVelo"
"Undefined",73,96.3012552,"TopVelo"
"Undefined",74,96.3136676,"TopVelo"
"Undefined",75,96.32608,"TopVelo"
"Undefined",76,96.3682136,"TopVelo"
"Undefined",77,96.4103472,"TopVelo"
"Undefined",78,96.4524808,"TopVelo"
"Undefined",79,96.4946144,"TopVelo"
"Undefined",80,96.536748,"TopVelo"
"Undefined",81,96.5788816,"TopVelo"
"Undefined",82,96.6210152,"TopVelo"
"Undefined",83,96.6631488,"TopVelo"
"Undefined",84,96.7052824,"TopVelo"
"Undefined",85,96.747416,"TopVelo"
"Undefined",86,96.7895496,"TopVelo"
"Undefined",87,96.8316832,"TopVelo"
"Undefined",88,96.8738168,"TopVelo"
"Undefined",89,96.9159504,"TopVelo"
"Undefined",90,96.958084,"TopVelo"
"Undefined",91,97.0002176,"TopVelo"
"Undefined",92,97.0423512,"TopVelo"
"Undefined",93,97.0844848,"TopVelo"
"Undefined",94,97.1266184,"TopVelo"
"Undefined",95,97.168752,"TopVelo"
"Undefined",96,97.2108856,"TopVelo"
"Undefined",97,97.2530192,"TopVelo"
"Undefined",98,97.2951528,"TopVelo"
"Undefined",99,97.3372864,"TopVelo"
"Undefined",100,97.37942,"TopVelo"
"Changeup",1,4.72906142373195,"Ext"
"Changeup",2,4.89863588391075,"Ext"
"Changeup",3,5.11563130639503,"Ext"
"Changeup",4,5.22276767328513,"Ext"
"Changeup",5,5.27328135410408,"Ext"
"Changeup",6,5.29450471553138,"Ext"
"Changeup",7,5.3210889688461,"Ext"
"Changeup",8,5.35500143851472,"Ext"
"Changeup",9,5.37308292232057,"Ext"
"Changeup",10,5.37832053017649,"Ext"
"Changeup",11,5.39814228062152,"Ext"
"Changeup",12,5.44063907755968,"Ext"
"Changeup",13,5.4793437739823,"Ext"
"Changeup",14,5.49284211815355,"Ext"
"Changeup",15,5.52788401895926,"Ext"
"Changeup",16,5.53894256218905,"Ext"
"Changeup",17,5.54691210199005,"Ext"
"Changeup",18,5.57381184983819,"Ext"
"Changeup",19,5.58721841990291,"Ext"
"Changeup",20,5.59469633783784,"Ext"
"Changeup",21,5.6026913547047,"Ext"
"Changeup",22,5.6083277632032,"Ext"
"Changeup",23,5.61305658452602,"Ext"
"Changeup",24,5.61718656974919,"Ext"
"Changeup",25,5.64209539835413,"Ext"
"Changeup",26,5.66607466252811,"Ext"
"Changeup",27,5.6762056534188,"Ext"
"Changeup",28,5.69112004901961,"Ext"
"Changeup",29,5.69229656127451,"Ext"
"Changeup",30,5.69605524658308,"Ext"
"Changeup",31,5.69859786413899,"Ext"
"Changeup",32,5.70067161235955,"Ext"
"Changeup",33,5.71134181617647,"Ext"
"Changeup",34,5.74015592647059,"Ext"
"Changeup",35,5.79313973529412,"Ext"
"Changeup",36,5.79935256602776,"Ext"
"Changeup",37,5.80980976683875,"Ext"
"Changeup",38,5.82858563603604,"Ext"
"Changeup",39,5.84392451968504,"Ext"
"Changeup",40,5.86340341019873,"Ext"
"Changeup",41,5.87524339959245,"Ext"
"Changeup",42,5.89743352471042,"Ext"
"Changeup",43,5.92253684042693,"Ext"
"Changeup",44,5.92689914616061,"Ext"
"Changeup",45,5.93301767270694,"Ext"
"Changeup",46,5.94988903475954,"Ext"
"Changeup",47,5.96264067374491,"Ext"
"Changeup",48,5.96329986128364,"Ext"
"Changeup",49,5.96676112423822,"Ext"
"Changeup",50,5.99556258823529,"Ext"
"Changeup",51,6.0217480330719,"Ext"
"Changeup",52,6.02346131711712,"Ext"
"Changeup",53,6.03598468858281,"Ext"
"Changeup",54,6.03894646464812,"Ext"
"Changeup",55,6.04043049753417,"Ext"
"Changeup",56,6.06546375184306,"Ext"
"Changeup",57,6.08481961294039,"Ext"
"Changeup",58,6.09650489946652,"Ext"
"Changeup",59,6.10458813423309,"Ext"
"Changeup",60,6.1058836080498,"Ext"
"Changeup",61,6.11000337721684,"Ext"
"Changeup",62,6.12242823734015,"Ext"
"Changeup",63,6.13976497338235,"Ext"
"Changeup",64,6.160379185,"Ext"
"Changeup",65,6.16767641785714,"Ext"
"Changeup",66,6.17876548112554,"Ext"
"Changeup",67,6.18076421614719,"Ext"
"Changeup",68,6.18925558364173,"Ext"
"Changeup",69,6.1940834808045,"Ext"
"Changeup",70,6.20939783460411,"Ext"
"Changeup",71,6.21492399254728,"Ext"
"Changeup",72,6.21623999672471,"Ext"
"Changeup",73,6.22371586806462,"Ext"
"Changeup",74,6.23485187599672,"Ext"
"Changeup",75,6.24206910602504,"Ext"
"Changeup",76,6.2533008511746,"Ext"
"Changeup",77,6.26537684984222,"Ext"
"Changeup",78,6.26832697934816,"Ext"
"Changeup",79,6.27951934293344,"Ext"
"Changeup",80,6.2984466796825,"Ext"
"Changeup",81,6.30973360248288,"Ext"
"Changeup",82,6.31256702678571,"Ext"
"Changeup",83,6.31838150440476,"Ext"
"Changeup",84,6.34862033642857,"Ext"
"Changeup",85,6.4029596574792,"Ext"
"Changeup",86,6.47528017212901,"Ext"
"Changeup",87,6.50782879459459,"Ext"
"Changeup",88,6.51448591308127,"Ext"
"Changeup",89,6.51644986059322,"Ext"
"Changeup",90,6.55619250747198,"Ext"
"Changeup",91,6.59382076412013,"Ext"
"Changeup",92,6.62456792702703,"Ext"
"Changeup",93,6.67825447099099,"Ext"
"Changeup",94,6.78145341625,"Ext"
"Changeup",95,6.89065141150965,"Ext"
"Changeup",96,6.89598983133982,"Ext"
"Changeup",97,6.90866152144359,"Ext"
"Changeup",98,6.98114118057385,"Ext"
"Changeup",99,7.11407493959221,"Ext"
"Changeup",100,7.14090685483871,"Ext"
"Curveball",1,4.35632812207792,"Ext"
"Curveball",2,4.62203093960396,"Ext"
"Curveball",3,4.70360844092579,"Ext"
"Curveball",4,4.77025939679415,"Ext"
"Curveball",5,4.88575061413369,"Ext"
"Curveball",6,4.93998677538267,"Ext"
"Curveball",7,4.95964718529412,"Ext"
"Curveball",8,4.96324565747126,"Ext"
"Curveball",9,4.97899639099617,"Ext"
"Curveball",10,4.98678557692902,"Ext"
"Curveball",11,5.01580601426341,"Ext"
"Curveball",12,5.05061462547285,"Ext"
"Curveball",13,5.06727050148692,"Ext"
"Curveball",14,5.09261445578588,"Ext"
"Curveball",15,5.10279626941903,"Ext"
"Curveball",16,5.10636410159311,"Ext"
"Curveball",17,5.11246894013081,"Ext"
"Curveball",18,5.14357672636628,"Ext"
"Curveball",19,5.15596089191598,"Ext"
"Curveball",20,5.16477679021418,"Ext"
"Curveball",21,5.17243499466214,"Ext"
"Curveball",22,5.17407276065831,"Ext"
"Curveball",23,5.20123970838863,"Ext"
"Curveball",24,5.22315618296837,"Ext"
"Curveball",25,5.23721246540881,"Ext"
"Curveball",26,5.24417812259773,"Ext"
"Curveball",27,5.24924450298759,"Ext"
"Curveball",28,5.26707915302193,"Ext"
"Curveball",29,5.28339232114241,"Ext"
"Curveball",30,5.2906883127772,"Ext"
"Curveball",31,5.29393483036411,"Ext"
"Curveball",32,5.2985919303285,"Ext"
"Curveball",33,5.31564761524555,"Ext"
"Curveball",34,5.34028340813815,"Ext"
"Curveball",35,5.35490600982191,"Ext"
"Curveball",36,5.38595779688394,"Ext"
"Curveball",37,5.40302611686687,"Ext"
"Curveball",38,5.41090025736224,"Ext"
"Curveball",39,5.41805254122899,"Ext"
"Curveball",40,5.43409161434486,"Ext"
"Curveball",41,5.43830871289226,"Ext"
"Curveball",42,5.44010819850035,"Ext"
"Curveball",43,5.44443133019718,"Ext"
"Curveball",44,5.45076528946479,"Ext"
"Curveball",45,5.46024785869159,"Ext"
"Curveball",46,5.46945395514019,"Ext"
"Curveball",47,5.47769536060606,"Ext"
"Curveball",48,5.48517392727273,"Ext"
"Curveball",49,5.4969181191796,"Ext"
"Curveball",50,5.50550076805816,"Ext"
"Curveball",51,5.50991989062907,"Ext"
"Curveball",52,5.51035564628196,"Ext"
"Curveball",53,5.51684293890467,"Ext"
"Curveball",54,5.53901060618441,"Ext"
"Curveball",55,5.56403669350261,"Ext"
"Curveball",56,5.58752588009139,"Ext"
"Curveball",57,5.61749884144707,"Ext"
"Curveball",58,5.62409319244357,"Ext"
"Curveball",59,5.62633922573115,"Ext"
"Curveball",60,5.62912582637053,"Ext"
"Curveball",61,5.63447135625771,"Ext"
"Curveball",62,5.63638114261975,"Ext"
"Curveball",63,5.64185019214942,"Ext"
"Curveball",64,5.64832402194449,"Ext"
"Curveball",65,5.65302509099681,"Ext"
"Curveball",66,5.65439343294177,"Ext"
"Curveball",67,5.65609574063388,"Ext"
"Curveball",68,5.6698627316011,"Ext"
"Curveball",69,5.69280214963252,"Ext"
"Curveball",70,5.69382468042827,"Ext"
"Curveball",71,5.71140048105784,"Ext"
"Curveball",72,5.73517555040009,"Ext"
"Curveball",73,5.76197765446321,"Ext"
"Curveball",74,5.78939458826716,"Ext"
"Curveball",75,5.79411192558335,"Ext"
"Curveball",76,5.82270467573209,"Ext"
"Curveball",77,5.84821078596907,"Ext"
"Curveball",78,5.85018954981252,"Ext"
"Curveball",79,5.86473846302535,"Ext"
"Curveball",80,5.87506493018142,"Ext"
"Curveball",81,5.88057906339869,"Ext"
"Curveball",82,5.88605902415459,"Ext"
"Curveball",83,5.90897643478261,"Ext"
"Curveball",84,5.9503205596566,"Ext"
"Curveball",85,5.9733600964117,"Ext"
"Curveball",86,5.97979977158101,"Ext"
"Curveball",87,5.98161698024463,"Ext"
"Curveball",88,5.99875825384882,"Ext"
"Curveball",89,6.00635240426205,"Ext"
"Curveball",90,6.0090970632404,"Ext"
"Curveball",91,6.01163933873226,"Ext"
"Curveball",92,6.01897216187453,"Ext"
"Curveball",93,6.06076357898936,"Ext"
"Curveball",94,6.08772466773499,"Ext"
"Curveball",95,6.1007156907062,"Ext"
"Curveball",96,6.15721709287142,"Ext"
"Curveball",97,6.26875100203231,"Ext"
"Curveball",98,6.31890407349717,"Ext"
"Curveball",99,6.33846784616228,"Ext"
"Curveball",100,6.39342745614035,"Ext"
"Cutter",1,5.13449211707059,"Ext"
"Cutter",2,5.17571243398639,"Ext"
"Cutter",3,5.21437391378612,"Ext"
"Cutter",4,5.22599300611237,"Ext"
"Cutter",5,5.23442236232857,"Ext"
"Cutter",6,5.24266302424104,"Ext"
"Cutter",7,5.25684564371472,"Ext"
"Cutter",8,5.27582192180451,"Ext"
"Cutter",9,5.30051509608373,"Ext"
"Cutter",10,5.33469338708282,"Ext"
"Cutter",11,5.37527752375676,"Ext"
"Cutter",12,5.40174898625724,"Ext"
"Cutter",13,5.40596563304807,"Ext"
"Cutter",14,5.40798109327586,"Ext"
"Cutter",15,5.40917500833333,"Ext"
"Cutter",16,5.41038873302611,"Ext"
"Cutter",17,5.423313618798,"Ext"
"Cutter",18,5.43690380268817,"Ext"
"Cutter",19,5.44872358055556,"Ext"
"Cutter",20,5.44895338888889,"Ext"
"Cutter",21,5.47618717852349,"Ext"
"Cutter",22,5.50520942594254,"Ext"
"Cutter",23,5.50806987639563,"Ext"
"Cutter",24,5.5097700512726,"Ext"
"Cutter",25,5.51512449321267,"Ext"
"Cutter",26,5.52738450063348,"Ext"
"Cutter",27,5.5374762129959,"Ext"
"Cutter",28,5.54400227707195,"Ext"
"Cutter",29,5.54675618274347,"Ext"
"Cutter",30,5.55711601351939,"Ext"
"Cutter",31,5.58072102826684,"Ext"
"Cutter",32,5.61145857665689,"Ext"
"Cutter",33,5.61889359577713,"Ext"
"Cutter",34,5.62596398885061,"Ext"
"Cutter",35,5.6325250762093,"Ext"
"Cutter",36,5.63790898987885,"Ext"
"Cutter",37,5.64567494380531,"Ext"
"Cutter",38,5.65798715950653,"Ext"
"Cutter",39,5.67847557058319,"Ext"
"Cutter",40,5.68275504595405,"Ext"
"Cutter",41,5.69229040654762,"Ext"
"Cutter",42,5.71242883690476,"Ext"
"Cutter",43,5.74720576864286,"Ext"
"Cutter",44,5.7661338464,"Ext"
"Cutter",45,5.77038750187097,"Ext"
"Cutter",46,5.77789555569032,"Ext"
"Cutter",47,5.78236975490952,"Ext"
"Cutter",48,5.78631158398852,"Ext"
"Cutter",49,5.79643816753228,"Ext"
"Cutter",50,5.80298239961637,"Ext"
"Cutter",51,5.8081170383355,"Ext"
"Cutter",52,5.81312457229072,"Ext"
"Cutter",53,5.82509500981004,"Ext"
"Cutter",54,5.83484904497326,"Ext"
"Cutter",55,5.83851316082888,"Ext"
"Cutter",56,5.83882747019608,"Ext"
"Cutter",57,5.84319052242754,"Ext"
"Cutter",58,5.85225286638915,"Ext"
"Cutter",59,5.86121425681468,"Ext"
"Cutter",60,5.86668899273482,"Ext"
"Cutter",61,5.87121987113673,"Ext"
"Cutter",62,5.88631052952644,"Ext"
"Cutter",63,5.8964716453476,"Ext"
"Cutter",64,5.91050479012945,"Ext"
"Cutter",65,5.94500744392193,"Ext"
"Cutter",66,5.95880406017157,"Ext"
"Cutter",67,5.96818767547438,"Ext"
"Cutter",68,5.980248643074,"Ext"
"Cutter",69,5.98882047757473,"Ext"
"Cutter",70,6.00220158124095,"Ext"
"Cutter",71,6.02242960341622,"Ext"
"Cutter",72,6.03312974135338,"Ext"
"Cutter",73,6.03874250366972,"Ext"
"Cutter",74,6.04070692847414,"Ext"
"Cutter",75,6.04929027565149,"Ext"
"Cutter",76,6.05285013943112,"Ext"
"Cutter",77,6.05367413434773,"Ext"
"Cutter",78,6.05500808709354,"Ext"
"Cutter",79,6.05705956740474,"Ext"
"Cutter",80,6.06117003179487,"Ext"
"Cutter",81,6.0697045568718,"Ext"
"Cutter",82,6.084385916,"Ext"
"Cutter",83,6.09748255641256,"Ext"
"Cutter",84,6.10630064502242,"Ext"
"Cutter",85,6.11667802266442,"Ext"
"Cutter",86,6.1236797027305,"Ext"
"Cutter",87,6.12822073214919,"Ext"
"Cutter",88,6.15725019569402,"Ext"
"Cutter",89,6.17889806957418,"Ext"
"Cutter",90,6.19979535723077,"Ext"
"Cutter",91,6.24600659135385,"Ext"
"Cutter",92,6.27603350701176,"Ext"
"Cutter",93,6.31267727131516,"Ext"
"Cutter",94,6.39121923412721,"Ext"
"Cutter",95,6.42019110532151,"Ext"
"Cutter",96,6.44905723041322,"Ext"
"Cutter",97,6.50138353438017,"Ext"
"Cutter",98,6.53490805411765,"Ext"
"Cutter",99,6.76419818071012,"Ext"
"Cutter",100,7.23606117117117,"Ext"
"Four-Seam",1,4.96125321499789,"Ext"
"Four-Seam",2,5.13743541662728,"Ext"
"Four-Seam",3,5.19814559283149,"Ext"
"Four-Seam",4,5.30027739222137,"Ext"
"Four-Seam",5,5.33217127078795,"Ext"
"Four-Seam",6,5.38354964509047,"Ext"
"Four-Seam",7,5.42975216336406,"Ext"
"Four-Seam",8,5.51024914117647,"Ext"
"Four-Seam",9,5.56144059128788,"Ext"
"Four-Seam",10,5.5945203843687,"Ext"
"Four-Seam",11,5.61574278251625,"Ext"
"Four-Seam",12,5.64284604181865,"Ext"
"Four-Seam",13,5.6619268940876,"Ext"
"Four-Seam",14,5.66965471343874,"Ext"
"Four-Seam",15,5.6870508634828,"Ext"
"Four-Seam",16,5.7023919419022,"Ext"
"Four-Seam",17,5.71525922930368,"Ext"
"Four-Seam",18,5.72347836766047,"Ext"
"Four-Seam",19,5.73142429813665,"Ext"
"Four-Seam",20,5.7394800990099,"Ext"
"Four-Seam",21,5.75228795819116,"Ext"
"Four-Seam",22,5.76813091280474,"Ext"
"Four-Seam",23,5.79738910748848,"Ext"
"Four-Seam",24,5.81746112868801,"Ext"
"Four-Seam",25,5.83110073562795,"Ext"
"Four-Seam",26,5.84396607245494,"Ext"
"Four-Seam",27,5.87632570937098,"Ext"
"Four-Seam",28,5.8932982727382,"Ext"
"Four-Seam",29,5.90621669002695,"Ext"
"Four-Seam",30,5.91605743846331,"Ext"
"Four-Seam",31,5.92175293059093,"Ext"
"Four-Seam",32,5.93314369151975,"Ext"
"Four-Seam",33,5.938905089043,"Ext"
"Four-Seam",34,5.94307033392617,"Ext"
"Four-Seam",35,5.95023277074971,"Ext"
"Four-Seam",36,5.95984887336581,"Ext"
"Four-Seam",37,5.9733553986813,"Ext"
"Four-Seam",38,5.97740600222209,"Ext"
"Four-Seam",39,5.98795810086717,"Ext"
"Four-Seam",40,5.99573775147929,"Ext"
"Four-Seam",41,6.00733959169621,"Ext"
"Four-Seam",42,6.01596929294223,"Ext"
"Four-Seam",43,6.01914159459871,"Ext"
"Four-Seam",44,6.03184703816794,"Ext"
"Four-Seam",45,6.05493743776283,"Ext"
"Four-Seam",46,6.05940847081996,"Ext"
"Four-Seam",47,6.06659090116894,"Ext"
"Four-Seam",48,6.07259472706553,"Ext"
"Four-Seam",49,6.07574965880904,"Ext"
"Four-Seam",50,6.08408367099057,"Ext"
"Four-Seam",51,6.09998811124402,"Ext"
"Four-Seam",52,6.10750562411939,"Ext"
"Four-Seam",53,6.11855237628866,"Ext"
"Four-Seam",54,6.12624581545373,"Ext"
"Four-Seam",55,6.1352986166275,"Ext"
"Four-Seam",56,6.151074900888,"Ext"
"Four-Seam",57,6.15529818863213,"Ext"
"Four-Seam",58,6.16257965944882,"Ext"
"Four-Seam",59,6.17669738587806,"Ext"
"Four-Seam",60,6.18588950819672,"Ext"
"Four-Seam",61,6.19375298443945,"Ext"
"Four-Seam",62,6.21032874899795,"Ext"
"Four-Seam",63,6.22022481853435,"Ext"
"Four-Seam",64,6.22813287006885,"Ext"
"Four-Seam",65,6.23663885007849,"Ext"
"Four-Seam",66,6.24656078117563,"Ext"
"Four-Seam",67,6.25088509337371,"Ext"
"Four-Seam",68,6.27381881602394,"Ext"
"Four-Seam",69,6.28476091705452,"Ext"
"Four-Seam",70,6.31627023515655,"Ext"
"Four-Seam",71,6.33511313238095,"Ext"
"Four-Seam",72,6.33766143901031,"Ext"
"Four-Seam",73,6.34802689716824,"Ext"
"Four-Seam",74,6.35836899,"Ext"
"Four-Seam",75,6.36895447338808,"Ext"
"Four-Seam",76,6.38596706752125,"Ext"
"Four-Seam",77,6.41099180792601,"Ext"
"Four-Seam",78,6.42372511654135,"Ext"
"Four-Seam",79,6.43225397386128,"Ext"
"Four-Seam",80,6.44208124223602,"Ext"
"Four-Seam",81,6.45257239389187,"Ext"
"Four-Seam",82,6.46841122002084,"Ext"
"Four-Seam",83,6.48138424188395,"Ext"
"Four-Seam",84,6.50095696022409,"Ext"
"Four-Seam",85,6.50766943759676,"Ext"
"Four-Seam",86,6.54026238894344,"Ext"
"Four-Seam",87,6.54725288189463,"Ext"
"Four-Seam",88,6.56143898329156,"Ext"
"Four-Seam",89,6.58814869316239,"Ext"
"Four-Seam",90,6.63539422486935,"Ext"
"Four-Seam",91,6.68439454799383,"Ext"
"Four-Seam",92,6.71438484862462,"Ext"
"Four-Seam",93,6.76666833830972,"Ext"
"Four-Seam",94,6.81025272776074,"Ext"
"Four-Seam",95,6.85140544433135,"Ext"
"Four-Seam",96,6.87449702322827,"Ext"
"Four-Seam",97,6.90621684852011,"Ext"
"Four-Seam",98,6.99149686587771,"Ext"
"Four-Seam",99,7.07162466751495,"Ext"
"Four-Seam",100,7.185930390625,"Ext"
"Sinker",1,5.15448666244269,"Ext"
"Sinker",2,5.20918869606299,"Ext"
"Sinker",3,5.25697741686747,"Ext"
"Sinker",4,5.29041766800997,"Ext"
"Sinker",5,5.33950349267832,"Ext"
"Sinker",6,5.43245307260274,"Ext"
"Sinker",7,5.44224248709677,"Ext"
"Sinker",8,5.44320943225806,"Ext"
"Sinker",9,5.45601076327411,"Ext"
"Sinker",10,5.46877704353748,"Ext"
"Sinker",11,5.4806972790681,"Ext"
"Sinker",12,5.49208621285204,"Ext"
"Sinker",13,5.50247586312556,"Ext"
"Sinker",14,5.51291215152825,"Ext"
"Sinker",15,5.53217381588968,"Ext"
"Sinker",16,5.57341263824353,"Ext"
"Sinker",17,5.61320400332912,"Ext"
"Sinker",18,5.63330675091575,"Ext"
"Sinker",19,5.63814096346154,"Ext"
"Sinker",20,5.64313639072848,"Ext"
"Sinker",21,5.65319388557638,"Ext"
"Sinker",22,5.65558657663037,"Ext"
"Sinker",23,5.65781505340307,"Ext"
"Sinker",24,5.67850860300481,"Ext"
"Sinker",25,5.71306837597784,"Ext"
"Sinker",26,5.73754107174114,"Ext"
"Sinker",27,5.74356862805066,"Ext"
"Sinker",28,5.75870920589778,"Ext"
"Sinker",29,5.77540542054274,"Ext"
"Sinker",30,5.79295354660895,"Ext"
"Sinker",31,5.79857238748833,"Ext"
"Sinker",32,5.80181209665361,"Ext"
"Sinker",33,5.80988603915174,"Ext"
"Sinker",34,5.82749910174511,"Ext"
"Sinker",35,5.85483941944807,"Ext"
"Sinker",36,5.86835815788427,"Ext"
"Sinker",37,5.86936437077714,"Ext"
"Sinker",38,5.88166293844924,"Ext"
"Sinker",39,5.8903095880938,"Ext"
"Sinker",40,5.89940581341904,"Ext"
"Sinker",41,5.90950694828869,"Ext"
"Sinker",42,5.91020180661677,"Ext"
"Sinker",43,5.91192016321856,"Ext"
"Sinker",44,5.91629270571429,"Ext"
"Sinker",45,5.93778736814726,"Ext"
"Sinker",46,5.95436189832442,"Ext"
"Sinker",47,5.96684566750818,"Ext"
"Sinker",48,5.97640459405693,"Ext"
"Sinker",49,5.98006220852289,"Ext"
"Sinker",50,5.99160298013245,"Ext"
"Sinker",51,6.00391282221854,"Ext"
"Sinker",52,6.03609144963303,"Ext"
"Sinker",53,6.04794021519134,"Ext"
"Sinker",54,6.05040950514612,"Ext"
"Sinker",55,6.06075087505636,"Ext"
"Sinker",56,6.07796531163334,"Ext"
"Sinker",57,6.078947515212,"Ext"
"Sinker",58,6.08232655022117,"Ext"
"Sinker",59,6.08441594008484,"Ext"
"Sinker",60,6.08630696091684,"Ext"
"Sinker",61,6.08992354202966,"Ext"
"Sinker",62,6.09420893477173,"Ext"
"Sinker",63,6.09715405681159,"Ext"
"Sinker",64,6.10022595679634,"Ext"
"Sinker",65,6.10153372356979,"Ext"
"Sinker",66,6.10282244380894,"Ext"
"Sinker",67,6.11812631099116,"Ext"
"Sinker",68,6.12798348980848,"Ext"
"Sinker",69,6.12967210729751,"Ext"
"Sinker",70,6.13199693039983,"Ext"
"Sinker",71,6.1355989467559,"Ext"
"Sinker",72,6.15778820608539,"Ext"
"Sinker",73,6.16129848102262,"Ext"
"Sinker",74,6.19962785170005,"Ext"
"Sinker",75,6.23319025982678,"Ext"
"Sinker",76,6.26213674361558,"Ext"
"Sinker",77,6.29690809101942,"Ext"
"Sinker",78,6.31780876627907,"Ext"
"Sinker",79,6.34979019127907,"Ext"
"Sinker",80,6.36593130193363,"Ext"
"Sinker",81,6.38124704644195,"Ext"
"Sinker",82,6.39171021645022,"Ext"
"Sinker",83,6.40774245082251,"Ext"
"Sinker",84,6.42754602276285,"Ext"
"Sinker",85,6.42980338485989,"Ext"
"Sinker",86,6.44324679168463,"Ext"
"Sinker",87,6.45778987195572,"Ext"
"Sinker",88,6.46818654508475,"Ext"
"Sinker",89,6.47925685075061,"Ext"
"Sinker",90,6.51339920248447,"Ext"
"Sinker",91,6.55586650473233,"Ext"
"Sinker",92,6.55993230579305,"Ext"
"Sinker",93,6.56898638733262,"Ext"
"Sinker",94,6.58548267824562,"Ext"
"Sinker",95,6.5982064827044,"Ext"
"Sinker",96,6.61692027680355,"Ext"
"Sinker",97,6.67548099219922,"Ext"
"Sinker",98,6.79164416482385,"Ext"
"Sinker",99,6.96442612618486,"Ext"
"Sinker",100,7.21824327433628,"Ext"
"Slider",1,4.72017825286543,"Ext"
"Slider",2,4.82691105092787,"Ext"
"Slider",3,4.86333802746704,"Ext"
"Slider",4,4.93846109394983,"Ext"
"Slider",5,4.97298355131235,"Ext"
"Slider",6,4.99480535789015,"Ext"
"Slider",7,5.00637587608083,"Ext"
"Slider",8,5.00900822795858,"Ext"
"Slider",9,5.02792857680339,"Ext"
"Slider",10,5.04104484543874,"Ext"
"Slider",11,5.05572953365385,"Ext"
"Slider",12,5.11990334722328,"Ext"
"Slider",13,5.13112153703075,"Ext"
"Slider",14,5.16346325765741,"Ext"
"Slider",15,5.17482943130936,"Ext"
"Slider",16,5.22038011923077,"Ext"
"Slider",17,5.23472820752643,"Ext"
"Slider",18,5.25237562210782,"Ext"
"Slider",19,5.26592735026725,"Ext"
"Slider",20,5.28364112611965,"Ext"
"Slider",21,5.28819465827068,"Ext"
"Slider",22,5.30488269186992,"Ext"
"Slider",23,5.3222557872549,"Ext"
"Slider",24,5.3376937099248,"Ext"
"Slider",25,5.34390006198425,"Ext"
"Slider",26,5.35585030703209,"Ext"
"Slider",27,5.37942606523893,"Ext"
"Slider",28,5.3850773845649,"Ext"
"Slider",29,5.39042514137828,"Ext"
"Slider",30,5.39819767143405,"Ext"
"Slider",31,5.42503348567493,"Ext"
"Slider",32,5.4360175686795,"Ext"
"Slider",33,5.43914336746758,"Ext"
"Slider",34,5.44780996251387,"Ext"
"Slider",35,5.45058284068628,"Ext"
"Slider",36,5.45525875014119,"Ext"
"Slider",37,5.46394820868064,"Ext"
"Slider",38,5.47792675144855,"Ext"
"Slider",39,5.48924738628804,"Ext"
"Slider",40,5.49173699764064,"Ext"
"Slider",41,5.49675666305609,"Ext"
"Slider",42,5.50917266,"Ext"
"Slider",43,5.5134628838407,"Ext"
"Slider",44,5.51656006720476,"Ext"
"Slider",45,5.53057193359375,"Ext"
"Slider",46,5.54429907007344,"Ext"
"Slider",47,5.55813445937419,"Ext"
"Slider",48,5.56789918100421,"Ext"
"Slider",49,5.56831010842697,"Ext"
"Slider",50,5.57627611386139,"Ext"
"Slider",51,5.59441619153434,"Ext"
"Slider",52,5.62171838663869,"Ext"
"Slider",53,5.62759454303192,"Ext"
"Slider",54,5.63590970718534,"Ext"
"Slider",55,5.63702270715677,"Ext"
"Slider",56,5.64288489900073,"Ext"
"Slider",57,5.65920243160801,"Ext"
"Slider",58,5.67930927901665,"Ext"
"Slider",59,5.67983638832209,"Ext"
"Slider",60,5.68499152810636,"Ext"
"Slider",61,5.68939579098604,"Ext"
"Slider",62,5.70541740459677,"Ext"
"Slider",63,5.75231857217274,"Ext"
"Slider",64,5.76072558991846,"Ext"
"Slider",65,5.77908445427405,"Ext"
"Slider",66,5.78626501622309,"Ext"
"Slider",67,5.80575486439628,"Ext"
"Slider",68,5.84113280525012,"Ext"
"Slider",69,5.84891498483592,"Ext"
"Slider",70,5.85606094551369,"Ext"
"Slider",71,5.86426285949109,"Ext"
"Slider",72,5.87142667211312,"Ext"
"Slider",73,5.87493007051282,"Ext"
"Slider",74,5.90254357636849,"Ext"
"Slider",75,5.92128551153613,"Ext"
"Slider",76,5.92188063693194,"Ext"
"Slider",77,5.92698959343205,"Ext"
"Slider",78,5.93683224081197,"Ext"
"Slider",79,5.95060116446541,"Ext"
"Slider",80,5.97218553873145,"Ext"
"Slider",81,5.98309398508341,"Ext"
"Slider",82,5.99026314736842,"Ext"
"Slider",83,6.01558298727273,"Ext"
"Slider",84,6.03418571844293,"Ext"
"Slider",85,6.04912586927165,"Ext"
"Slider",86,6.07976612669263,"Ext"
"Slider",87,6.10935883255556,"Ext"
"Slider",88,6.12057729402597,"Ext"
"Slider",89,6.13626051643836,"Ext"
"Slider",90,6.15080479208754,"Ext"
"Slider",91,6.1609147811146,"Ext"
"Slider",92,6.20647309596609,"Ext"
"Slider",93,6.29114528022559,"Ext"
"Slider",94,6.32961570450053,"Ext"
"Slider",95,6.35381422939806,"Ext"
"Slider",96,6.37897040584007,"Ext"
"Slider",97,6.42151398833692,"Ext"
"Slider",98,6.4594025348875,"Ext"
"Slider",99,6.68646702078457,"Ext"
"Slider",100,6.89664227272727,"Ext"
"Splitter",1,5.68325898361345,"Ext"
"Splitter",2,5.68833943781513,"Ext"
"Splitter",3,5.69341989201681,"Ext"
"Splitter",4,5.69850034621849,"Ext"
"Splitter",5,5.70358080042017,"Ext"
"Splitter",6,5.70866125462185,"Ext"
"Splitter",7,5.71374170882353,"Ext"
"Splitter",8,5.71882216302521,"Ext"
"Splitter",9,5.72390261722689,"Ext"
"Splitter",10,5.72898307142857,"Ext"
"Splitter",11,5.73406352563025,"Ext"
"Splitter",12,5.73914397983193,"Ext"
"Splitter",13,5.74422443403361,"Ext"
"Splitter",14,5.74930488823529,"Ext"
"Splitter",15,5.75438534243697,"Ext"
"Splitter",16,5.75946579663866,"Ext"
"Splitter",17,5.76454625084034,"Ext"
"Splitter",18,5.76962670504202,"Ext"
"Splitter",19,5.7747071592437,"Ext"
"Splitter",20,5.77978761344538,"Ext"
"Splitter",21,5.78486806764706,"Ext"
"Splitter",22,5.78994852184874,"Ext"
"Splitter",23,5.79502897605042,"Ext"
"Splitter",24,5.8001094302521,"Ext"
"Splitter",25,5.80518988445378,"Ext"
"Splitter",26,5.81027033865546,"Ext"
"Splitter",27,5.81535079285714,"Ext"
"Splitter",28,5.82043124705882,"Ext"
"Splitter",29,5.8255117012605,"Ext"
"Splitter",30,5.83059215546218,"Ext"
"Splitter",31,5.83567260966387,"Ext"
"Splitter",32,5.84075306386555,"Ext"
"Splitter",33,5.84583351806723,"Ext"
"Splitter",34,5.85091397226891,"Ext"
"Splitter",35,5.85599442647059,"Ext"
"Splitter",36,5.86107488067227,"Ext"
"Splitter",37,5.86615533487395,"Ext"
"Splitter",38,5.87123578907563,"Ext"
"Splitter",39,5.87631624327731,"Ext"
"Splitter",40,5.88139669747899,"Ext"
"Splitter",41,5.88647715168067,"Ext"
"Splitter",42,5.89155760588235,"Ext"
"Splitter",43,5.89663806008403,"Ext"
"Splitter",44,5.90171851428571,"Ext"
"Splitter",45,5.9067989684874,"Ext"
"Splitter",46,5.91187942268908,"Ext"
"Splitter",47,5.91695987689076,"Ext"
"Splitter",48,5.92204033109244,"Ext"
"Splitter",49,5.92712078529412,"Ext"
"Splitter",50,5.9322012394958,"Ext"
"Splitter",51,5.93728169369748,"Ext"
"Splitter",52,5.94236214789916,"Ext"
"Splitter",53,5.94744260210084,"Ext"
"Splitter",54,5.95252305630252,"Ext"
"Splitter",55,5.9576035105042,"Ext"
"Splitter",56,5.96268396470588,"Ext"
"Splitter",57,5.96776441890756,"Ext"
"Splitter",58,5.97284487310924,"Ext"
"Splitter",59,5.97792532731092,"Ext"
"Splitter",60,5.98300578151261,"Ext"
"Splitter",61,5.98808623571429,"Ext"
"Splitter",62,5.99316668991597,"Ext"
"Splitter",63,5.99824714411765,"Ext"
"Splitter",64,6.00332759831933,"Ext"
"Splitter",65,6.00840805252101,"Ext"
"Splitter",66,6.01348850672269,"Ext"
"Splitter",67,6.01856896092437,"Ext"
"Splitter",68,6.02364941512605,"Ext"
"Splitter",69,6.02872986932773,"Ext"
"Splitter",70,6.03381032352941,"Ext"
"Splitter",71,6.03889077773109,"Ext"
"Splitter",72,6.04397123193277,"Ext"
"Splitter",73,6.04905168613445,"Ext"
"Splitter",74,6.05413214033613,"Ext"
"Splitter",75,6.05921259453782,"Ext"
"Splitter",76,6.0642930487395,"Ext"
"Splitter",77,6.06937350294118,"Ext"
"Splitter",78,6.07445395714286,"Ext"
"Splitter",79,6.07953441134454,"Ext"
"Splitter",80,6.08461486554622,"Ext"
"Splitter",81,6.0896953197479,"Ext"
"Splitter",82,6.09477577394958,"Ext"
"Splitter",83,6.09985622815126,"Ext"
"Splitter",84,6.10493668235294,"Ext"
"Splitter",85,6.11001713655462,"Ext"
"Splitter",86,6.1150975907563,"Ext"
"Splitter",87,6.12017804495798,"Ext"
"Splitter",88,6.12525849915966,"Ext"
"Splitter",89,6.13033895336134,"Ext"
"Splitter",90,6.13541940756302,"Ext"
"Splitter",91,6.14049986176471,"Ext"
"Splitter",92,6.14558031596639,"Ext"
"Splitter",93,6.15066077016807,"Ext"
"Splitter",94,6.15574122436975,"Ext"
"Splitter",95,6.16082167857143,"Ext"
"Splitter",96,6.16590213277311,"Ext"
"Splitter",97,6.17098258697479,"Ext"
"Splitter",98,6.17606304117647,"Ext"
"Splitter",99,6.18114349537815,"Ext"
"Splitter",100,6.18622394957983,"Ext"
"Sweeper",1,5.38598142316964,"Ext"
"Sweeper",2,5.38718308071429,"Ext"
"Sweeper",3,5.38838473825893,"Ext"
"Sweeper",4,5.38958639580357,"Ext"
"Sweeper",5,5.39078805334821,"Ext"
"Sweeper",6,5.39198971089286,"Ext"
"Sweeper",7,5.3931913684375,"Ext"
"Sweeper",8,5.39439302598214,"Ext"
"Sweeper",9,5.39559468352679,"Ext"
"Sweeper",10,5.39679634107143,"Ext"
"Sweeper",11,5.39799799861607,"Ext"
"Sweeper",12,5.39919965616071,"Ext"
"Sweeper",13,5.40040131370536,"Ext"
"Sweeper",14,5.40160297125,"Ext"
"Sweeper",15,5.40280462879464,"Ext"
"Sweeper",16,5.40400628633929,"Ext"
"Sweeper",17,5.40520794388393,"Ext"
"Sweeper",18,5.40640960142857,"Ext"
"Sweeper",19,5.40761125897321,"Ext"
"Sweeper",20,5.40881291651786,"Ext"
"Sweeper",21,5.4100145740625,"Ext"
"Sweeper",22,5.41121623160714,"Ext"
"Sweeper",23,5.41241788915179,"Ext"
"Sweeper",24,5.41361954669643,"Ext"
"Sweeper",25,5.41482120424107,"Ext"
"Sweeper",26,5.41602286178571,"Ext"
"Sweeper",27,5.41722451933036,"Ext"
"Sweeper",28,5.418426176875,"Ext"
"Sweeper",29,5.41962783441964,"Ext"
"Sweeper",30,5.42082949196429,"Ext"
"Sweeper",31,5.42203114950893,"Ext"
"Sweeper",32,5.42323280705357,"Ext"
"Sweeper",33,5.42443446459821,"Ext"
"Sweeper",34,5.42563612214286,"Ext"
"Sweeper",35,5.4268377796875,"Ext"
"Sweeper",36,5.42803943723214,"Ext"
"Sweeper",37,5.42924109477679,"Ext"
"Sweeper",38,5.43044275232143,"Ext"
"Sweeper",39,5.43164440986607,"Ext"
"Sweeper",40,5.43284606741071,"Ext"
"Sweeper",41,5.43404772495536,"Ext"
"Sweeper",42,5.4352493825,"Ext"
"Sweeper",43,5.43645104004464,"Ext"
"Sweeper",44,5.43765269758929,"Ext"
"Sweeper",45,5.43885435513393,"Ext"
"Sweeper",46,5.44005601267857,"Ext"
"Sweeper",47,5.44125767022321,"Ext"
"Sweeper",48,5.44245932776786,"Ext"
"Sweeper",49,5.4436609853125,"Ext"
"Sweeper",50,5.44486264285714,"Ext"
"Sweeper",51,5.45013898009901,"Ext"
"Sweeper",52,5.45541531734088,"Ext"
"Sweeper",53,5.46069165458274,"Ext"
"Sweeper",54,5.46596799182461,"Ext"
"Sweeper",55,5.47124432906648,"Ext"
"Sweeper",56,5.47652066630835,"Ext"
"Sweeper",57,5.48179700355021,"Ext"
"Sweeper",58,5.48707334079208,"Ext"
"Sweeper",59,5.49234967803395,"Ext"
"Sweeper",60,5.49762601527581,"Ext"
"Sweeper",61,5.50290235251768,"Ext"
"Sweeper",62,5.50817868975955,"Ext"
"Sweeper",63,5.51345502700141,"Ext"
"Sweeper",64,5.51873136424328,"Ext"
"Sweeper",65,5.52400770148515,"Ext"
"Sweeper",66,5.52928403872702,"Ext"
"Sweeper",67,5.53456037596888,"Ext"
"Sweeper",68,5.53983671321075,"Ext"
"Sweeper",69,5.54511305045262,"Ext"
"Sweeper",70,5.55038938769448,"Ext"
"Sweeper",71,5.55566572493635,"Ext"
"Sweeper",72,5.56094206217822,"Ext"
"Sweeper",73,5.56621839942009,"Ext"
"Sweeper",74,5.57149473666195,"Ext"
"Sweeper",75,5.57677107390382,"Ext"
"Sweeper",76,5.58204741114569,"Ext"
"Sweeper",77,5.58732374838755,"Ext"
"Sweeper",78,5.59260008562942,"Ext"
"Sweeper",79,5.59787642287129,"Ext"
"Sweeper",80,5.60315276011315,"Ext"
"Sweeper",81,5.60842909735502,"Ext"
"Sweeper",82,5.61370543459689,"Ext"
"Sweeper",83,5.61898177183876,"Ext"
"Sweeper",84,5.62425810908062,"Ext"
"Sweeper",85,5.62953444632249,"Ext"
"Sweeper",86,5.63481078356436,"Ext"
"Sweeper",87,5.64008712080622,"Ext"
"Sweeper",88,5.64536345804809,"Ext"
"Sweeper",89,5.65063979528996,"Ext"
"Sweeper",90,5.65591613253182,"Ext"
"Sweeper",91,5.66119246977369,"Ext"
"Sweeper",92,5.66646880701556,"Ext"
"Sweeper",93,5.67174514425743,"Ext"
"Sweeper",94,5.67702148149929,"Ext"
"Sweeper",95,5.68229781874116,"Ext"
"Sweeper",96,5.68757415598303,"Ext"
"Sweeper",97,5.69285049322489,"Ext"
"Sweeper",98,5.69812683046676,"Ext"
"Sweeper",99,5.70340316770863,"Ext"
"Sweeper",100,5.70867950495049,"Ext"
"Undefined",1,5.64148238396226,"Ext"
"Undefined",2,5.64774294500786,"Ext"
"Undefined",3,5.65400350605346,"Ext"
"Undefined",4,5.66026406709906,"Ext"
"Undefined",5,5.66652462814465,"Ext"
"Undefined",6,5.67278518919025,"Ext"
"Undefined",7,5.67904575023585,"Ext"
"Undefined",8,5.68530631128145,"Ext"
"Undefined",9,5.69156687232704,"Ext"
"Undefined",10,5.69782743337264,"Ext"
"Undefined",11,5.70408799441824,"Ext"
"Undefined",12,5.71034855546384,"Ext"
"Undefined",13,5.71660911650943,"Ext"
"Undefined",14,5.72286967755503,"Ext"
"Undefined",15,5.72913023860063,"Ext"
"Undefined",16,5.73539079964623,"Ext"
"Undefined",17,5.74165136069182,"Ext"
"Undefined",18,5.74791192173742,"Ext"
"Undefined",19,5.75417248278302,"Ext"
"Undefined",20,5.76043304382862,"Ext"
"Undefined",21,5.76669360487421,"Ext"
"Undefined",22,5.77295416591981,"Ext"
"Undefined",23,5.77921472696541,"Ext"
"Undefined",24,5.78547528801101,"Ext"
"Undefined",25,5.7917358490566,"Ext"
"Undefined",26,5.79957149946934,"Ext"
"Undefined",27,5.80740714988208,"Ext"
"Undefined",28,5.81524280029481,"Ext"
"Undefined",29,5.82307845070755,"Ext"
"Undefined",30,5.83091410112028,"Ext"
"Undefined",31,5.83874975153302,"Ext"
"Undefined",32,5.84658540194576,"Ext"
"Undefined",33,5.85442105235849,"Ext"
"Undefined",34,5.86225670277123,"Ext"
"Undefined",35,5.87009235318396,"Ext"
"Undefined",36,5.8779280035967,"Ext"
"Undefined",37,5.88576365400943,"Ext"
"Undefined",38,5.89359930442217,"Ext"
"Undefined",39,5.90143495483491,"Ext"
"Undefined",40,5.90927060524764,"Ext"
"Undefined",41,5.91710625566038,"Ext"
"Undefined",42,5.92494190607311,"Ext"
"Undefined",43,5.93277755648585,"Ext"
"Undefined",44,5.94061320689859,"Ext"
"Undefined",45,5.94844885731132,"Ext"
"Undefined",46,5.95628450772406,"Ext"
"Undefined",47,5.96412015813679,"Ext"
"Undefined",48,5.97195580854953,"Ext"
"Undefined",49,5.97979145896226,"Ext"
"Undefined",50,5.987627109375,"Ext"
"Undefined",51,5.99266546136364,"Ext"
"Undefined",52,5.99770381335227,"Ext"
"Undefined",53,6.00274216534091,"Ext"
"Undefined",54,6.00778051732955,"Ext"
"Undefined",55,6.01281886931818,"Ext"
"Undefined",56,6.01785722130682,"Ext"
"Undefined",57,6.02289557329545,"Ext"
"Undefined",58,6.02793392528409,"Ext"
"Undefined",59,6.03297227727273,"Ext"
"Undefined",60,6.03801062926136,"Ext"
"Undefined",61,6.04304898125,"Ext"
"Undefined",62,6.04808733323864,"Ext"
"Undefined",63,6.05312568522727,"Ext"
"Undefined",64,6.05816403721591,"Ext"
"Undefined",65,6.06320238920455,"Ext"
"Undefined",66,6.06824074119318,"Ext"
"Undefined",67,6.07327909318182,"Ext"
"Undefined",68,6.07831744517045,"Ext"
"Undefined",69,6.08335579715909,"Ext"
"Undefined",70,6.08839414914773,"Ext"
"Undefined",71,6.09343250113636,"Ext"
"Undefined",72,6.098470853125,"Ext"
"Undefined",73,6.10350920511364,"Ext"
"Undefined",74,6.10854755710227,"Ext"
"Undefined",75,6.11358590909091,"Ext"
"Undefined",76,6.12074811717172,"Ext"
"Undefined",77,6.12791032525253,"Ext"
"Undefined",78,6.13507253333333,"Ext"
"Undefined",79,6.14223474141414,"Ext"
"Undefined",80,6.14939694949495,"Ext"
"Undefined",81,6.15655915757576,"Ext"
"Undefined",82,6.16372136565657,"Ext"
"Undefined",83,6.17088357373737,"Ext"
"Undefined",84,6.17804578181818,"Ext"
"Undefined",85,6.18520798989899,"Ext"
"Undefined",86,6.1923701979798,"Ext"
"Undefined",87,6.19953240606061,"Ext"
"Undefined",88,6.20669461414141,"Ext"
"Undefined",89,6.21385682222222,"Ext"
"Undefined",90,6.22101903030303,"Ext"
"Undefined",91,6.22818123838384,"Ext"
"Undefined",92,6.23534344646465,"Ext"
"Undefined",93,6.24250565454545,"Ext"
"Undefined",94,6.24966786262626,"Ext"
"Undefined",95,6.25683007070707,"Ext"
"Undefined",96,6.26399227878788,"Ext"
"Undefined",97,6.27115448686869,"Ext"
"Undefined",98,6.27831669494949,"Ext"
"Undefined",99,6.2854789030303,"Ext"
"Undefined",100,6.29264111111111,"Ext"
"Changeup",1,16.977538753559,"CSW"
"Changeup",2,17.4476062939404,"CSW"
"Changeup",3,19.1053626115853,"CSW"
"Changeup",4,19.759376233715,"CSW"
"Changeup",5,19.9558823529412,"CSW"
"Changeup",6,20,"CSW"
"Changeup",7,20.2450704225352,"CSW"
"Changeup",8,20.4460917552096,"CSW"
"Changeup",9,21.0078554595444,"CSW"
"Changeup",10,21.8126608337622,"CSW"
"Changeup",11,22.1210727969349,"CSW"
"Changeup",12,22.3046357615894,"CSW"
"Changeup",13,22.5545105459402,"CSW"
"Changeup",14,22.8065712771595,"CSW"
"Changeup",15,23.4340222575517,"CSW"
"Changeup",16,23.5455002513826,"CSW"
"Changeup",17,23.9235796882856,"CSW"
"Changeup",18,23.9504580582425,"CSW"
"Changeup",19,24.2722123320926,"CSW"
"Changeup",20,24.4103194103194,"CSW"
"Changeup",21,24.8522727272727,"CSW"
"Changeup",22,25.4214876033058,"CSW"
"Changeup",23,25.6470416148614,"CSW"
"Changeup",24,25.9226660288607,"CSW"
"Changeup",25,26.2706102328744,"CSW"
"Changeup",26,26.5862672631784,"CSW"
"Changeup",27,26.8275119249115,"CSW"
"Changeup",28,26.9173053650666,"CSW"
"Changeup",29,27.1594202898551,"CSW"
"Changeup",30,27.5418060200669,"CSW"
"Changeup",31,27.5820512820513,"CSW"
"Changeup",32,27.7076923076923,"CSW"
"Changeup",33,27.8887959866221,"CSW"
"Changeup",34,28.0852842809365,"CSW"
"Changeup",35,28.3499050890355,"CSW"
"Changeup",36,28.5405405405405,"CSW"
"Changeup",37,28.6340288924559,"CSW"
"Changeup",38,28.7121270825262,"CSW"
"Changeup",39,28.7701149425287,"CSW"
"Changeup",40,28.9954664757814,"CSW"
"Changeup",41,29.1366741408979,"CSW"
"Changeup",42,29.2212833980361,"CSW"
"Changeup",43,29.3302752293578,"CSW"
"Changeup",44,29.3772261198057,"CSW"
"Changeup",45,29.4428608447784,"CSW"
"Changeup",46,29.535718061674,"CSW"
"Changeup",47,29.6205714285714,"CSW"
"Changeup",48,29.7262111801242,"CSW"
"Changeup",49,29.8165113871636,"CSW"
"Changeup",50,29.8611111111111,"CSW"
"Changeup",51,30.0748525073746,"CSW"
"Changeup",52,30.4474989016507,"CSW"
"Changeup",53,30.5449172576832,"CSW"
"Changeup",54,30.7495495495496,"CSW"
"Changeup",55,30.9246591724468,"CSW"
"Changeup",56,31.2101439704134,"CSW"
"Changeup",57,31.506059446358,"CSW"
"Changeup",58,31.6741108354012,"CSW"
"Changeup",59,31.7322068612391,"CSW"
"Changeup",60,31.8095238095238,"CSW"
"Changeup",61,31.943842364532,"CSW"
"Changeup",62,32.0285461664772,"CSW"
"Changeup",63,32.0597014925373,"CSW"
"Changeup",64,32.1218905472637,"CSW"
"Changeup",65,32.3019366197183,"CSW"
"Changeup",66,32.3948878455921,"CSW"
"Changeup",67,32.4071465832029,"CSW"
"Changeup",68,32.5291005291005,"CSW"
"Changeup",69,32.5707070707071,"CSW"
"Changeup",70,32.7373737373737,"CSW"
"Changeup",71,32.8207296849088,"CSW"
"Changeup",72,32.8503198294243,"CSW"
"Changeup",73,33.152380952381,"CSW"
"Changeup",74,33.3333333333333,"CSW"
"Changeup",75,33.4788937409025,"CSW"
"Changeup",76,33.6296943231441,"CSW"
"Changeup",77,33.7602058319039,"CSW"
"Changeup",78,34.0417080436941,"CSW"
"Changeup",79,34.2532894736842,"CSW"
"Changeup",80,34.4767441860465,"CSW"
"Changeup",81,34.8867924528302,"CSW"
"Changeup",82,34.907728095115,"CSW"
"Changeup",83,34.9315068493151,"CSW"
"Changeup",84,34.9315068493151,"CSW"
"Changeup",85,35.1147723065531,"CSW"
"Changeup",86,35.4088556641748,"CSW"
"Changeup",87,35.478837794555,"CSW"
"Changeup",88,35.6219703574542,"CSW"
"Changeup",89,35.7593593593594,"CSW"
"Changeup",90,35.8503994190269,"CSW"
"Changeup",91,36.4006191950464,"CSW"
"Changeup",92,36.9957325746799,"CSW"
"Changeup",93,37.7919722696674,"CSW"
"Changeup",94,38.6934944237918,"CSW"
"Changeup",95,39.0333969465649,"CSW"
"Changeup",96,39.9378504357225,"CSW"
"Changeup",97,40.7625534453614,"CSW"
"Changeup",98,41.0729384879071,"CSW"
"Changeup",99,41.6221335992024,"CSW"
"Changeup",100,43.1372549019608,"CSW"
"Curveball",1,22.0429487179487,"CSW"
"Curveball",2,22.6470297029703,"CSW"
"Curveball",3,22.9361722580025,"CSW"
"Curveball",4,23.3092336294154,"CSW"
"Curveball",5,23.3887626523446,"CSW"
"Curveball",6,23.7197039777983,"CSW"
"Curveball",7,24.171702284451,"CSW"
"Curveball",8,24.7979139504563,"CSW"
"Curveball",9,25.8645697522816,"CSW"
"Curveball",10,26.2095141700405,"CSW"
"Curveball",11,26.7655502392345,"CSW"
"Curveball",12,27.3807380738074,"CSW"
"Curveball",13,27.7248238337347,"CSW"
"Curveball",14,27.8827936847739,"CSW"
"Curveball",15,27.9881283152311,"CSW"
"Curveball",16,28.4312742192842,"CSW"
"Curveball",17,29.3008130081301,"CSW"
"Curveball",18,29.5790424570912,"CSW"
"Curveball",19,29.6758342500917,"CSW"
"Curveball",20,29.7136740701097,"CSW"
"Curveball",21,29.7654960349571,"CSW"
"Curveball",22,29.9274963586341,"CSW"
"Curveball",23,30.1977862456904,"CSW"
"Curveball",24,30.4069264069264,"CSW"
"Curveball",25,30.6547619047619,"CSW"
"Curveball",26,31.0677464298154,"CSW"
"Curveball",27,31.3426506443748,"CSW"
"Curveball",28,31.5929855585028,"CSW"
"Curveball",29,31.9360859728507,"CSW"
"Curveball",30,32.3546412784767,"CSW"
"Curveball",31,32.3677320639238,"CSW"
"Curveball",32,32.3699421965318,"CSW"
"Curveball",33,32.5408888467734,"CSW"
"Curveball",34,32.8007388593858,"CSW"
"Curveball",35,32.8600015392904,"CSW"
"Curveball",36,33.2018779342723,"CSW"
"Curveball",37,33.3333333333333,"CSW"
"Curveball",38,33.3333333333333,"CSW"
"Curveball",39,33.3382594417077,"CSW"
"Curveball",40,33.4646962233169,"CSW"
"Curveball",41,33.6138856380807,"CSW"
"Curveball",42,33.7507862303442,"CSW"
"Curveball",43,33.8605286605287,"CSW"
"Curveball",44,33.9611523611524,"CSW"
"Curveball",45,33.9792705326686,"CSW"
"Curveball",46,34.0502012787118,"CSW"
"Curveball",47,34.1995201919232,"CSW"
"Curveball",48,34.4150339864054,"CSW"
"Curveball",49,34.5380726214187,"CSW"
"Curveball",50,34.7090744648779,"CSW"
"Curveball",51,34.9122580645161,"CSW"
"Curveball",52,35.1146666666667,"CSW"
"Curveball",53,35.1831111111111,"CSW"
"Curveball",54,35.3409620253165,"CSW"
"Curveball",55,35.457329522254,"CSW"
"Curveball",56,35.4874886946036,"CSW"
"Curveball",57,35.5107024419656,"CSW"
"Curveball",58,35.6461949265688,"CSW"
"Curveball",59,35.7367049009385,"CSW"
"Curveball",60,35.777317790609,"CSW"
"Curveball",61,35.8192613574463,"CSW"
"Curveball",62,35.8959571076656,"CSW"
"Curveball",63,35.9619417475728,"CSW"
"Curveball",64,36.2188505747126,"CSW"
"Curveball",65,36.7830195331782,"CSW"
"Curveball",66,36.804738734927,"CSW"
"Curveball",67,36.9438763917292,"CSW"
"Curveball",68,37.037037037037,"CSW"
"Curveball",69,37.0855315747402,"CSW"
"Curveball",70,37.3727684519052,"CSW"
"Curveball",71,37.6681583866765,"CSW"
"Curveball",72,37.8617829021372,"CSW"
"Curveball",73,37.9654086327783,"CSW"
"Curveball",74,38.0350021910605,"CSW"
"Curveball",75,38.3201780637438,"CSW"
"Curveball",76,38.4757216379503,"CSW"
"Curveball",77,38.7303471847455,"CSW"
"Curveball",78,39.2277086016889,"CSW"
"Curveball",79,39.38199513382,"CSW"
"Curveball",80,39.4435534025073,"CSW"
"Curveball",81,39.5547664513914,"CSW"
"Curveball",82,39.7693891176143,"CSW"
"Curveball",83,40.0799766329142,"CSW"
"Curveball",84,40.2867505867293,"CSW"
"Curveball",85,40.5513494254921,"CSW"
"Curveball",86,40.7917407356762,"CSW"
"Curveball",87,40.8443867086011,"CSW"
"Curveball",88,41.2373718752304,"CSW"
"Curveball",89,41.5548984895853,"CSW"
"Curveball",90,41.7629809196121,"CSW"
"Curveball",91,41.9809782608696,"CSW"
"Curveball",92,43.445652173913,"CSW"
"Curveball",93,43.8655303030303,"CSW"
"Curveball",94,43.9881869542887,"CSW"
"Curveball",95,44.1566562448577,"CSW"
"Curveball",96,44.6128023695903,"CSW"
"Curveball",97,46.5288707204905,"CSW"
"Curveball",98,48.4921549155908,"CSW"
"Curveball",99,50.0918303831939,"CSW"
"Curveball",100,51.0309278350515,"CSW"
"Cutter",1,18.5637495902983,"CSW"
"Cutter",2,18.6249276321231,"CSW"
"Cutter",3,18.7318014233045,"CSW"
"Cutter",4,19.1281831432736,"CSW"
"Cutter",5,19.5963302752294,"CSW"
"Cutter",6,20.1166666666667,"CSW"
"Cutter",7,20.6916666666667,"CSW"
"Cutter",8,20.8466257668712,"CSW"
"Cutter",9,21.072277607362,"CSW"
"Cutter",10,21.7733895705521,"CSW"
"Cutter",11,21.8884580291971,"CSW"
"Cutter",12,22.0064233576642,"CSW"
"Cutter",13,22.2740771637122,"CSW"
"Cutter",14,22.8079120879121,"CSW"
"Cutter",15,23.125,"CSW"
"Cutter",16,23.215291750503,"CSW"
"Cutter",17,23.2326458752515,"CSW"
"Cutter",18,23.3014538845979,"CSW"
"Cutter",19,23.4080120639916,"CSW"
"Cutter",20,23.5392079727249,"CSW"
"Cutter",21,23.5833646028768,"CSW"
"Cutter",22,23.8827201783724,"CSW"
"Cutter",23,25.0057971014493,"CSW"
"Cutter",24,25.2461898083216,"CSW"
"Cutter",25,25.2702942219071,"CSW"
"Cutter",26,25.2743707904998,"CSW"
"Cutter",27,25.388011988012,"CSW"
"Cutter",28,25.6396694214876,"CSW"
"Cutter",29,26.0332314744079,"CSW"
"Cutter",30,26.045211473019,"CSW"
"Cutter",31,26.186756302521,"CSW"
"Cutter",32,26.4308571428571,"CSW"
"Cutter",33,26.697,"CSW"
"Cutter",34,26.8876433785193,"CSW"
"Cutter",35,27.0599779644677,"CSW"
"Cutter",36,27.3022999586834,"CSW"
"Cutter",37,27.3907486305539,"CSW"
"Cutter",38,27.4763824884793,"CSW"
"Cutter",39,27.6552419354839,"CSW"
"Cutter",40,27.7631578947368,"CSW"
"Cutter",41,27.9246069719754,"CSW"
"Cutter",42,28.1745727956254,"CSW"
"Cutter",43,28.4428571428571,"CSW"
"Cutter",44,28.6112956810631,"CSW"
"Cutter",45,28.7374237176315,"CSW"
"Cutter",46,29.4999175325746,"CSW"
"Cutter",47,29.8262843798651,"CSW"
"Cutter",48,29.8926829268293,"CSW"
"Cutter",49,29.9768292682927,"CSW"
"Cutter",50,30.0485436893204,"CSW"
"Cutter",51,30.1612494723512,"CSW"
"Cutter",52,30.3942591810891,"CSW"
"Cutter",53,30.4681224410216,"CSW"
"Cutter",54,30.5179635979953,"CSW"
"Cutter",55,30.5834872065418,"CSW"
"Cutter",56,30.6800573888092,"CSW"
"Cutter",57,30.7440900562852,"CSW"
"Cutter",58,30.7712958182757,"CSW"
"Cutter",59,30.8425400103252,"CSW"
"Cutter",60,31.072509540729,"CSW"
"Cutter",61,31.3775910364146,"CSW"
"Cutter",62,31.4162464985994,"CSW"
"Cutter",63,31.4802197802198,"CSW"
"Cutter",64,31.5570558937465,"CSW"
"Cutter",65,31.6372440509131,"CSW"
"Cutter",66,31.6611510791367,"CSW"
"Cutter",67,31.7433333333333,"CSW"
"Cutter",68,31.9733333333333,"CSW"
"Cutter",69,32,"CSW"
"Cutter",70,32.0428571428571,"CSW"
"Cutter",71,32.1414285714286,"CSW"
"Cutter",72,32.5807962529274,"CSW"
"Cutter",73,32.8235229398174,"CSW"
"Cutter",74,32.8980457954994,"CSW"
"Cutter",75,33.0376529806553,"CSW"
"Cutter",76,33.5820433436532,"CSW"
"Cutter",77,34.225844461901,"CSW"
"Cutter",78,34.3071484681854,"CSW"
"Cutter",79,34.3648955223881,"CSW"
"Cutter",80,34.6252631578947,"CSW"
"Cutter",81,35.4024210526316,"CSW"
"Cutter",82,35.5326228795128,"CSW"
"Cutter",83,35.7405358571048,"CSW"
"Cutter",84,36.2601972807251,"CSW"
"Cutter",85,36.5505337665352,"CSW"
"Cutter",86,36.692891558313,"CSW"
"Cutter",87,36.7031263917342,"CSW"
"Cutter",88,36.8383361539147,"CSW"
"Cutter",89,37.1419902912621,"CSW"
"Cutter",90,37.6136363636364,"CSW"
"Cutter",91,38.3977272727273,"CSW"
"Cutter",92,38.9709090909091,"CSW"
"Cutter",93,39.8345861297539,"CSW"
"Cutter",94,41.8690827740492,"CSW"
"Cutter",95,42.3448179878143,"CSW"
"Cutter",96,42.5270805096232,"CSW"
"Cutter",97,42.9030360531309,"CSW"
"Cutter",98,43.041784989858,"CSW"
"Cutter",99,43.1443204868154,"CSW"
"Cutter",100,43.2352941176471,"CSW"
"Four-Seam",1,15.6904761904762,"CSW"
"Four-Seam",2,17.3191489361702,"CSW"
"Four-Seam",3,18.6318644067797,"CSW"
"Four-Seam",4,19.656985350416,"CSW"
"Four-Seam",5,20.318156502367,"CSW"
"Four-Seam",6,20.5289264828738,"CSW"
"Four-Seam",7,20.8812761506276,"CSW"
"Four-Seam",8,21.2652859263448,"CSW"
"Four-Seam",9,21.3955609607784,"CSW"
"Four-Seam",10,21.590174531351,"CSW"
"Four-Seam",11,21.8213166144201,"CSW"
"Four-Seam",12,22.0076555023923,"CSW"
"Four-Seam",13,22.2093254249794,"CSW"
"Four-Seam",14,22.5119925119925,"CSW"
"Four-Seam",15,22.6936848587133,"CSW"
"Four-Seam",16,22.9024691884515,"CSW"
"Four-Seam",17,23.1095986424672,"CSW"
"Four-Seam",18,23.287423797697,"CSW"
"Four-Seam",19,23.4517663043478,"CSW"
"Four-Seam",20,23.6842105263158,"CSW"
"Four-Seam",21,23.7022050952687,"CSW"
"Four-Seam",22,23.7959840718461,"CSW"
"Four-Seam",23,24.0346215286311,"CSW"
"Four-Seam",24,24.1900426509186,"CSW"
"Four-Seam",25,24.3102477477477,"CSW"
"Four-Seam",26,24.3887195121951,"CSW"
"Four-Seam",27,24.5454545454545,"CSW"
"Four-Seam",28,24.7517120560599,"CSW"
"Four-Seam",29,24.9881703470032,"CSW"
"Four-Seam",30,25.1045560847374,"CSW"
"Four-Seam",31,25.2475616752725,"CSW"
"Four-Seam",32,25.41942532503,"CSW"
"Four-Seam",33,25.503355704698,"CSW"
"Four-Seam",34,25.5842314237096,"CSW"
"Four-Seam",35,25.6767687661777,"CSW"
"Four-Seam",36,25.7142857142857,"CSW"
"Four-Seam",37,25.8223948182965,"CSW"
"Four-Seam",38,26.0113858743996,"CSW"
"Four-Seam",39,26.0983127839066,"CSW"
"Four-Seam",40,26.1538461538462,"CSW"
"Four-Seam",41,26.3353439575657,"CSW"
"Four-Seam",42,26.4200814562381,"CSW"
"Four-Seam",43,26.5814659197012,"CSW"
"Four-Seam",44,26.6341722793336,"CSW"
"Four-Seam",45,26.6733067729084,"CSW"
"Four-Seam",46,26.7415231670513,"CSW"
"Four-Seam",47,26.764475743349,"CSW"
"Four-Seam",48,26.9952901882048,"CSW"
"Four-Seam",49,27.0521308980213,"CSW"
"Four-Seam",50,27.2624897624898,"CSW"
"Four-Seam",51,27.3931580028765,"CSW"
"Four-Seam",52,27.447963800905,"CSW"
"Four-Seam",53,27.5782720273738,"CSW"
"Four-Seam",54,27.7079426365141,"CSW"
"Four-Seam",55,27.7938652938653,"CSW"
"Four-Seam",56,27.8658008658009,"CSW"
"Four-Seam",57,28.1376626562448,"CSW"
"Four-Seam",58,28.1942939689419,"CSW"
"Four-Seam",59,28.240391214825,"CSW"
"Four-Seam",60,28.3746556473829,"CSW"
"Four-Seam",61,28.5010162601626,"CSW"
"Four-Seam",62,28.6496443089431,"CSW"
"Four-Seam",63,28.7859848484848,"CSW"
"Four-Seam",64,29.0050405435021,"CSW"
"Four-Seam",65,29.1841740804207,"CSW"
"Four-Seam",66,29.3750258767027,"CSW"
"Four-Seam",67,29.5342508601814,"CSW"
"Four-Seam",68,29.8011167576385,"CSW"
"Four-Seam",69,29.9202047250896,"CSW"
"Four-Seam",70,30.0259067357513,"CSW"
"Four-Seam",71,30.0957691841435,"CSW"
"Four-Seam",72,30.2987622705933,"CSW"
"Four-Seam",73,30.4224562976244,"CSW"
"Four-Seam",74,30.5785123966942,"CSW"
"Four-Seam",75,30.6600214564446,"CSW"
"Four-Seam",76,30.8764311093565,"CSW"
"Four-Seam",77,31.0262739826469,"CSW"
"Four-Seam",78,31.235,"CSW"
"Four-Seam",79,31.4239258967284,"CSW"
"Four-Seam",80,31.5240083507307,"CSW"
"Four-Seam",81,31.73753894081,"CSW"
"Four-Seam",82,31.9404255319149,"CSW"
"Four-Seam",83,32.2362956810631,"CSW"
"Four-Seam",84,32.394194992514,"CSW"
"Four-Seam",85,32.6156746840603,"CSW"
"Four-Seam",86,33.0344147362248,"CSW"
"Four-Seam",87,33.234492856509,"CSW"
"Four-Seam",88,33.3809523809524,"CSW"
"Four-Seam",89,33.6371252811826,"CSW"
"Four-Seam",90,33.9714233376076,"CSW"
"Four-Seam",91,34.1905749678626,"CSW"
"Four-Seam",92,34.4612068965517,"CSW"
"Four-Seam",93,34.5767051103599,"CSW"
"Four-Seam",94,34.7784628403905,"CSW"
"Four-Seam",95,35.4085438209866,"CSW"
"Four-Seam",96,35.9547288211564,"CSW"
"Four-Seam",97,36.5273407986287,"CSW"
"Four-Seam",98,36.8015183298372,"CSW"
"Four-Seam",99,40.5366692131398,"CSW"
"Four-Seam",100,45.8333333333333,"CSW"
"Sinker",1,15.7393855179867,"CSW"
"Sinker",2,16.8028914418485,"CSW"
"Sinker",3,17.3795081967213,"CSW"
"Sinker",4,18.1680981595092,"CSW"
"Sinker",5,19.4145783508371,"CSW"
"Sinker",6,20.346881685042,"CSW"
"Sinker",7,20.3911785507619,"CSW"
"Sinker",8,20.5128271073105,"CSW"
"Sinker",9,20.8104756170981,"CSW"
"Sinker",10,21.0465631929047,"CSW"
"Sinker",11,21.2717770034843,"CSW"
"Sinker",12,21.6510745891277,"CSW"
"Sinker",13,22.2325020112631,"CSW"
"Sinker",14,22.7593582887701,"CSW"
"Sinker",15,23.4491978609626,"CSW"
"Sinker",16,23.6809571286142,"CSW"
"Sinker",17,23.8280602636535,"CSW"
"Sinker",18,23.8912487708948,"CSW"
"Sinker",19,23.9429884275017,"CSW"
"Sinker",20,24.0851381628081,"CSW"
"Sinker",21,24.2798196948682,"CSW"
"Sinker",22,24.3941285251965,"CSW"
"Sinker",23,24.4224827335514,"CSW"
"Sinker",24,24.5064679800704,"CSW"
"Sinker",25,24.5561508561824,"CSW"
"Sinker",26,24.719298245614,"CSW"
"Sinker",27,25.0395683453237,"CSW"
"Sinker",28,25.1817277885009,"CSW"
"Sinker",29,25.2018482774756,"CSW"
"Sinker",30,25.4042867701404,"CSW"
"Sinker",31,25.4619988706945,"CSW"
"Sinker",32,25.46888550334,"CSW"
"Sinker",33,25.5049128940864,"CSW"
"Sinker",34,25.5900577424744,"CSW"
"Sinker",35,25.6920815890265,"CSW"
"Sinker",36,25.7265520619934,"CSW"
"Sinker",37,25.8379645128892,"CSW"
"Sinker",38,25.9054916985951,"CSW"
"Sinker",39,25.9553376906318,"CSW"
"Sinker",40,26.0084033613445,"CSW"
"Sinker",41,26.0599196200219,"CSW"
"Sinker",42,26.1144164759725,"CSW"
"Sinker",43,26.3112128146453,"CSW"
"Sinker",44,26.355980861244,"CSW"
"Sinker",45,26.4235836627141,"CSW"
"Sinker",46,26.5441559795642,"CSW"
"Sinker",47,26.6291603395484,"CSW"
"Sinker",48,26.6717630964835,"CSW"
"Sinker",49,26.7575757575758,"CSW"
"Sinker",50,26.8398268398268,"CSW"
"Sinker",51,26.9914467253177,"CSW"
"Sinker",52,27.159452837893,"CSW"
"Sinker",53,27.3246105160662,"CSW"
"Sinker",54,27.4106699751861,"CSW"
"Sinker",55,27.423636882672,"CSW"
"Sinker",56,27.4500448890599,"CSW"
"Sinker",57,27.5384082702676,"CSW"
"Sinker",58,27.6319928772815,"CSW"
"Sinker",59,27.7953082472891,"CSW"
"Sinker",60,28.1662675333561,"CSW"
"Sinker",61,28.4415118243243,"CSW"
"Sinker",62,28.5591643258427,"CSW"
"Sinker",63,28.6992012995803,"CSW"
"Sinker",64,28.9184564344334,"CSW"
"Sinker",65,28.9785227867994,"CSW"
"Sinker",66,29.1115032889459,"CSW"
"Sinker",67,29.3127848925548,"CSW"
"Sinker",68,29.4117647058824,"CSW"
"Sinker",69,29.4117647058824,"CSW"
"Sinker",70,29.4477791116447,"CSW"
"Sinker",71,29.5918367346939,"CSW"
"Sinker",72,29.5918367346939,"CSW"
"Sinker",73,29.7360105332456,"CSW"
"Sinker",74,29.7784265070793,"CSW"
"Sinker",75,29.9759127789047,"CSW"
"Sinker",76,30.198149705635,"CSW"
"Sinker",77,30.245706087313,"CSW"
"Sinker",78,30.2995944646515,"CSW"
"Sinker",79,30.8101509260421,"CSW"
"Sinker",80,30.9090386219193,"CSW"
"Sinker",81,30.9795671461218,"CSW"
"Sinker",82,31.0458830923947,"CSW"
"Sinker",83,31.1315419465708,"CSW"
"Sinker",84,31.2376948677527,"CSW"
"Sinker",85,31.3246753246753,"CSW"
"Sinker",86,31.4239538239538,"CSW"
"Sinker",87,31.6286731062532,"CSW"
"Sinker",88,31.6756039875334,"CSW"
"Sinker",89,31.7303070761015,"CSW"
"Sinker",90,31.8996451596781,"CSW"
"Sinker",91,32.1550802139037,"CSW"
"Sinker",92,32.3554803216251,"CSW"
"Sinker",93,32.3736775285654,"CSW"
"Sinker",94,32.4230993583512,"CSW"
"Sinker",95,32.6741741741742,"CSW"
"Sinker",96,33.0888888888889,"CSW"
"Sinker",97,33.5187637969095,"CSW"
"Sinker",98,33.8407234342959,"CSW"
"Sinker",99,34.1610116662214,"CSW"
"Sinker",100,35.0877192982456,"CSW"
"Slider",1,21.4532629392418,"CSW"
"Slider",2,21.9359307359307,"CSW"
"Slider",3,23.3654220779221,"CSW"
"Slider",4,24.4260426042604,"CSW"
"Slider",5,24.8142660981427,"CSW"
"Slider",6,25.1770075595493,"CSW"
"Slider",7,25.632050304878,"CSW"
"Slider",8,26.0247201492537,"CSW"
"Slider",9,26.2932609937179,"CSW"
"Slider",10,26.692860350247,"CSW"
"Slider",11,26.938133640553,"CSW"
"Slider",12,27.6462789243277,"CSW"
"Slider",13,27.7819397993311,"CSW"
"Slider",14,27.9661902144035,"CSW"
"Slider",15,28.1492694484665,"CSW"
"Slider",16,28.4686615793535,"CSW"
"Slider",17,28.5714285714286,"CSW"
"Slider",18,28.5714285714286,"CSW"
"Slider",19,28.7060351475303,"CSW"
"Slider",20,28.810009761292,"CSW"
"Slider",21,28.8956949242626,"CSW"
"Slider",22,28.9470374048328,"CSW"
"Slider",23,29.085412899337,"CSW"
"Slider",24,29.3830940988836,"CSW"
"Slider",25,29.7014701470147,"CSW"
"Slider",26,29.7243981315128,"CSW"
"Slider",27,29.7663655583317,"CSW"
"Slider",28,30.1752808988764,"CSW"
"Slider",29,30.3922347732304,"CSW"
"Slider",30,30.6078360773788,"CSW"
"Slider",31,30.7102924634421,"CSW"
"Slider",32,30.7626373626374,"CSW"
"Slider",33,30.9019262391355,"CSW"
"Slider",34,31.1018907563025,"CSW"
"Slider",35,31.25,"CSW"
"Slider",36,31.3537422377165,"CSW"
"Slider",37,31.574476100777,"CSW"
"Slider",38,31.631966283028,"CSW"
"Slider",39,31.7312185478073,"CSW"
"Slider",40,31.8011894647409,"CSW"
"Slider",41,31.8289772727273,"CSW"
"Slider",42,31.8771288209607,"CSW"
"Slider",43,31.9215090291436,"CSW"
"Slider",44,32.2926955397544,"CSW"
"Slider",45,32.4032679738562,"CSW"
"Slider",46,32.4644279410182,"CSW"
"Slider",47,32.7231411042945,"CSW"
"Slider",48,32.9612473166874,"CSW"
"Slider",49,33.0716981132075,"CSW"
"Slider",50,33.2605531295488,"CSW"
"Slider",51,33.5339574016524,"CSW"
"Slider",52,33.661380280324,"CSW"
"Slider",53,33.9464831804281,"CSW"
"Slider",54,34.0712682379349,"CSW"
"Slider",55,34.1029411764706,"CSW"
"Slider",56,34.2139464183925,"CSW"
"Slider",57,34.3638426125261,"CSW"
"Slider",58,34.6421052631579,"CSW"
"Slider",59,34.7739130434783,"CSW"
"Slider",60,34.8125493291239,"CSW"
"Slider",61,34.8679511278195,"CSW"
"Slider",62,35.2941176470588,"CSW"
"Slider",63,35.4606636008505,"CSW"
"Slider",64,35.7279099405268,"CSW"
"Slider",65,35.8988128886377,"CSW"
"Slider",66,36.0929285090698,"CSW"
"Slider",67,36.374208622249,"CSW"
"Slider",68,36.5464031620553,"CSW"
"Slider",69,36.855397868964,"CSW"
"Slider",70,36.9507817023741,"CSW"
"Slider",71,37.2393939393939,"CSW"
"Slider",72,37.2965662597699,"CSW"
"Slider",73,37.3909599254427,"CSW"
"Slider",74,37.449912095946,"CSW"
"Slider",75,37.5389650872818,"CSW"
"Slider",76,37.8087214396441,"CSW"
"Slider",77,38.0749822316986,"CSW"
"Slider",78,38.1679389312977,"CSW"
"Slider",79,38.2161734740428,"CSW"
"Slider",80,38.4615384615385,"CSW"
"Slider",81,38.6575682382134,"CSW"
"Slider",82,38.801146905043,"CSW"
"Slider",83,38.8875114784206,"CSW"
"Slider",84,39.0007173601148,"CSW"
"Slider",85,39.1931637519873,"CSW"
"Slider",86,39.2675070028011,"CSW"
"Slider",87,39.6799516908213,"CSW"
"Slider",88,40.1360048573163,"CSW"
"Slider",89,40.3309111588525,"CSW"
"Slider",90,40.6038533834586,"CSW"
"Slider",91,40.9499143835616,"CSW"
"Slider",92,41.2563123899002,"CSW"
"Slider",93,41.4342105263158,"CSW"
"Slider",94,41.5406119304424,"CSW"
"Slider",95,41.9277972979661,"CSW"
"Slider",96,42.2684442299572,"CSW"
"Slider",97,42.4619607843137,"CSW"
"Slider",98,43.0494439967768,"CSW"
"Slider",99,44.1977221807319,"CSW"
"Slider",100,45.8646616541353,"CSW"
"Splitter",1,30.0627450980392,"CSW"
"Splitter",2,30.1254901960784,"CSW"
"Splitter",3,30.1882352941176,"CSW"
"Splitter",4,30.2509803921569,"CSW"
"Splitter",5,30.3137254901961,"CSW"
"Splitter",6,30.3764705882353,"CSW"
"Splitter",7,30.4392156862745,"CSW"
"Splitter",8,30.5019607843137,"CSW"
"Splitter",9,30.5647058823529,"CSW"
"Splitter",10,30.6274509803922,"CSW"
"Splitter",11,30.6901960784314,"CSW"
"Splitter",12,30.7529411764706,"CSW"
"Splitter",13,30.8156862745098,"CSW"
"Splitter",14,30.878431372549,"CSW"
"Splitter",15,30.9411764705882,"CSW"
"Splitter",16,31.0039215686275,"CSW"
"Splitter",17,31.0666666666667,"CSW"
"Splitter",18,31.1294117647059,"CSW"
"Splitter",19,31.1921568627451,"CSW"
"Splitter",20,31.2549019607843,"CSW"
"Splitter",21,31.3176470588235,"CSW"
"Splitter",22,31.3803921568627,"CSW"
"Splitter",23,31.443137254902,"CSW"
"Splitter",24,31.5058823529412,"CSW"
"Splitter",25,31.5686274509804,"CSW"
"Splitter",26,31.6313725490196,"CSW"
"Splitter",27,31.6941176470588,"CSW"
"Splitter",28,31.756862745098,"CSW"
"Splitter",29,31.8196078431373,"CSW"
"Splitter",30,31.8823529411765,"CSW"
"Splitter",31,31.9450980392157,"CSW"
"Splitter",32,32.0078431372549,"CSW"
"Splitter",33,32.0705882352941,"CSW"
"Splitter",34,32.1333333333333,"CSW"
"Splitter",35,32.1960784313725,"CSW"
"Splitter",36,32.2588235294118,"CSW"
"Splitter",37,32.321568627451,"CSW"
"Splitter",38,32.3843137254902,"CSW"
"Splitter",39,32.4470588235294,"CSW"
"Splitter",40,32.5098039215686,"CSW"
"Splitter",41,32.5725490196078,"CSW"
"Splitter",42,32.6352941176471,"CSW"
"Splitter",43,32.6980392156863,"CSW"
"Splitter",44,32.7607843137255,"CSW"
"Splitter",45,32.8235294117647,"CSW"
"Splitter",46,32.8862745098039,"CSW"
"Splitter",47,32.9490196078431,"CSW"
"Splitter",48,33.0117647058824,"CSW"
"Splitter",49,33.0745098039216,"CSW"
"Splitter",50,33.1372549019608,"CSW"
"Splitter",51,33.2,"CSW"
"Splitter",52,33.2627450980392,"CSW"
"Splitter",53,33.3254901960784,"CSW"
"Splitter",54,33.3882352941176,"CSW"
"Splitter",55,33.4509803921569,"CSW"
"Splitter",56,33.5137254901961,"CSW"
"Splitter",57,33.5764705882353,"CSW"
"Splitter",58,33.6392156862745,"CSW"
"Splitter",59,33.7019607843137,"CSW"
"Splitter",60,33.7647058823529,"CSW"
"Splitter",61,33.8274509803922,"CSW"
"Splitter",62,33.8901960784314,"CSW"
"Splitter",63,33.9529411764706,"CSW"
"Splitter",64,34.0156862745098,"CSW"
"Splitter",65,34.078431372549,"CSW"
"Splitter",66,34.1411764705882,"CSW"
"Splitter",67,34.2039215686275,"CSW"
"Splitter",68,34.2666666666667,"CSW"
"Splitter",69,34.3294117647059,"CSW"
"Splitter",70,34.3921568627451,"CSW"
"Splitter",71,34.4549019607843,"CSW"
"Splitter",72,34.5176470588235,"CSW"
"Splitter",73,34.5803921568627,"CSW"
"Splitter",74,34.643137254902,"CSW"
"Splitter",75,34.7058823529412,"CSW"
"Splitter",76,34.7686274509804,"CSW"
"Splitter",77,34.8313725490196,"CSW"
"Splitter",78,34.8941176470588,"CSW"
"Splitter",79,34.956862745098,"CSW"
"Splitter",80,35.0196078431373,"CSW"
"Splitter",81,35.0823529411765,"CSW"
"Splitter",82,35.1450980392157,"CSW"
"Splitter",83,35.2078431372549,"CSW"
"Splitter",84,35.2705882352941,"CSW"
"Splitter",85,35.3333333333333,"CSW"
"Splitter",86,35.3960784313726,"CSW"
"Splitter",87,35.4588235294118,"CSW"
"Splitter",88,35.521568627451,"CSW"
"Splitter",89,35.5843137254902,"CSW"
"Splitter",90,35.6470588235294,"CSW"
"Splitter",91,35.7098039215686,"CSW"
"Splitter",92,35.7725490196078,"CSW"
"Splitter",93,35.8352941176471,"CSW"
"Splitter",94,35.8980392156863,"CSW"
"Splitter",95,35.9607843137255,"CSW"
"Splitter",96,36.0235294117647,"CSW"
"Splitter",97,36.0862745098039,"CSW"
"Splitter",98,36.1490196078431,"CSW"
"Splitter",99,36.2117647058824,"CSW"
"Splitter",100,36.2745098039216,"CSW"
"Sweeper",1,20.4776785714286,"CSW"
"Sweeper",2,20.6428571428571,"CSW"
"Sweeper",3,20.8080357142857,"CSW"
"Sweeper",4,20.9732142857143,"CSW"
"Sweeper",5,21.1383928571429,"CSW"
"Sweeper",6,21.3035714285714,"CSW"
"Sweeper",7,21.46875,"CSW"
"Sweeper",8,21.6339285714286,"CSW"
"Sweeper",9,21.7991071428571,"CSW"
"Sweeper",10,21.9642857142857,"CSW"
"Sweeper",11,22.1294642857143,"CSW"
"Sweeper",12,22.2946428571429,"CSW"
"Sweeper",13,22.4598214285714,"CSW"
"Sweeper",14,22.625,"CSW"
"Sweeper",15,22.7901785714286,"CSW"
"Sweeper",16,22.9553571428571,"CSW"
"Sweeper",17,23.1205357142857,"CSW"
"Sweeper",18,23.2857142857143,"CSW"
"Sweeper",19,23.4508928571429,"CSW"
"Sweeper",20,23.6160714285714,"CSW"
"Sweeper",21,23.78125,"CSW"
"Sweeper",22,23.9464285714286,"CSW"
"Sweeper",23,24.1116071428571,"CSW"
"Sweeper",24,24.2767857142857,"CSW"
"Sweeper",25,24.4419642857143,"CSW"
"Sweeper",26,24.6071428571429,"CSW"
"Sweeper",27,24.7723214285714,"CSW"
"Sweeper",28,24.9375,"CSW"
"Sweeper",29,25.1026785714286,"CSW"
"Sweeper",30,25.2678571428571,"CSW"
"Sweeper",31,25.4330357142857,"CSW"
"Sweeper",32,25.5982142857143,"CSW"
"Sweeper",33,25.7633928571429,"CSW"
"Sweeper",34,25.9285714285714,"CSW"
"Sweeper",35,26.09375,"CSW"
"Sweeper",36,26.2589285714286,"CSW"
"Sweeper",37,26.4241071428571,"CSW"
"Sweeper",38,26.5892857142857,"CSW"
"Sweeper",39,26.7544642857143,"CSW"
"Sweeper",40,26.9196428571429,"CSW"
"Sweeper",41,27.0848214285714,"CSW"
"Sweeper",42,27.25,"CSW"
"Sweeper",43,27.4151785714286,"CSW"
"Sweeper",44,27.5803571428571,"CSW"
"Sweeper",45,27.7455357142857,"CSW"
"Sweeper",46,27.9107142857143,"CSW"
"Sweeper",47,28.0758928571429,"CSW"
"Sweeper",48,28.2410714285714,"CSW"
"Sweeper",49,28.40625,"CSW"
"Sweeper",50,28.5714285714286,"CSW"
"Sweeper",51,28.6138613861386,"CSW"
"Sweeper",52,28.6562942008487,"CSW"
"Sweeper",53,28.6987270155587,"CSW"
"Sweeper",54,28.7411598302687,"CSW"
"Sweeper",55,28.7835926449788,"CSW"
"Sweeper",56,28.8260254596888,"CSW"
"Sweeper",57,28.8684582743989,"CSW"
"Sweeper",58,28.9108910891089,"CSW"
"Sweeper",59,28.9533239038189,"CSW"
"Sweeper",60,28.995756718529,"CSW"
"Sweeper",61,29.038189533239,"CSW"
"Sweeper",62,29.0806223479491,"CSW"
"Sweeper",63,29.1230551626591,"CSW"
"Sweeper",64,29.1654879773692,"CSW"
"Sweeper",65,29.2079207920792,"CSW"
"Sweeper",66,29.2503536067893,"CSW"
"Sweeper",67,29.2927864214993,"CSW"
"Sweeper",68,29.3352192362093,"CSW"
"Sweeper",69,29.3776520509194,"CSW"
"Sweeper",70,29.4200848656294,"CSW"
"Sweeper",71,29.4625176803395,"CSW"
"Sweeper",72,29.5049504950495,"CSW"
"Sweeper",73,29.5473833097595,"CSW"
"Sweeper",74,29.5898161244696,"CSW"
"Sweeper",75,29.6322489391796,"CSW"
"Sweeper",76,29.6746817538897,"CSW"
"Sweeper",77,29.7171145685997,"CSW"
"Sweeper",78,29.7595473833098,"CSW"
"Sweeper",79,29.8019801980198,"CSW"
"Sweeper",80,29.8444130127298,"CSW"
"Sweeper",81,29.8868458274399,"CSW"
"Sweeper",82,29.9292786421499,"CSW"
"Sweeper",83,29.97171145686,"CSW"
"Sweeper",84,30.01414427157,"CSW"
"Sweeper",85,30.0565770862801,"CSW"
"Sweeper",86,30.0990099009901,"CSW"
"Sweeper",87,30.1414427157001,"CSW"
"Sweeper",88,30.1838755304102,"CSW"
"Sweeper",89,30.2263083451202,"CSW"
"Sweeper",90,30.2687411598303,"CSW"
"Sweeper",91,30.3111739745403,"CSW"
"Sweeper",92,30.3536067892503,"CSW"
"Sweeper",93,30.3960396039604,"CSW"
"Sweeper",94,30.4384724186704,"CSW"
"Sweeper",95,30.4809052333805,"CSW"
"Sweeper",96,30.5233380480905,"CSW"
"Sweeper",97,30.5657708628006,"CSW"
"Sweeper",98,30.6082036775106,"CSW"
"Sweeper",99,30.6506364922207,"CSW"
"Sweeper",100,30.6930693069307,"CSW"
"Undefined",1,0,"CSW"
"Undefined",2,0,"CSW"
"Undefined",3,0,"CSW"
"Undefined",4,0,"CSW"
"Undefined",5,0,"CSW"
"Undefined",6,0,"CSW"
"Undefined",7,0,"CSW"
"Undefined",8,0,"CSW"
"Undefined",9,0,"CSW"
"Undefined",10,0,"CSW"
"Undefined",11,0,"CSW"
"Undefined",12,0,"CSW"
"Undefined",13,0,"CSW"
"Undefined",14,0,"CSW"
"Undefined",15,0,"CSW"
"Undefined",16,0,"CSW"
"Undefined",17,0,"CSW"
"Undefined",18,0,"CSW"
"Undefined",19,0,"CSW"
"Undefined",20,0,"CSW"
"Undefined",21,0,"CSW"
"Undefined",22,0,"CSW"
"Undefined",23,0,"CSW"
"Undefined",24,0,"CSW"
"Undefined",25,0,"CSW"
"Undefined",26,0,"CSW"
"Undefined",27,0,"CSW"
"Undefined",28,0,"CSW"
"Undefined",29,0,"CSW"
"Undefined",30,0,"CSW"
"Undefined",31,0,"CSW"
"Undefined",32,0,"CSW"
"Undefined",33,0,"CSW"
"Undefined",34,0,"CSW"
"Undefined",35,0,"CSW"
"Undefined",36,0,"CSW"
"Undefined",37,0,"CSW"
"Undefined",38,0,"CSW"
"Undefined",39,0,"CSW"
"Undefined",40,0,"CSW"
"Undefined",41,0,"CSW"
"Undefined",42,0,"CSW"
"Undefined",43,0,"CSW"
"Undefined",44,0,"CSW"
"Undefined",45,0,"CSW"
"Undefined",46,0,"CSW"
"Undefined",47,0,"CSW"
"Undefined",48,0,"CSW"
"Undefined",49,0,"CSW"
"Undefined",50,0,"CSW"
"Undefined",51,0,"CSW"
"Undefined",52,0,"CSW"
"Undefined",53,0,"CSW"
"Undefined",54,0,"CSW"
"Undefined",55,0,"CSW"
"Undefined",56,0,"CSW"
"Undefined",57,0,"CSW"
"Undefined",58,0,"CSW"
"Undefined",59,0,"CSW"
"Undefined",60,0,"CSW"
"Undefined",61,0,"CSW"
"Undefined",62,0,"CSW"
"Undefined",63,0,"CSW"
"Undefined",64,0,"CSW"
"Undefined",65,0,"CSW"
"Undefined",66,0,"CSW"
"Undefined",67,0,"CSW"
"Undefined",68,0,"CSW"
"Undefined",69,0,"CSW"
"Undefined",70,0,"CSW"
"Undefined",71,0,"CSW"
"Undefined",72,0,"CSW"
"Undefined",73,0,"CSW"
"Undefined",74,0,"CSW"
"Undefined",75,0,"CSW"
"Undefined",76,1.10476190476191,"CSW"
"Undefined",77,2.20952380952381,"CSW"
"Undefined",78,3.31428571428572,"CSW"
"Undefined",79,4.41904761904762,"CSW"
"Undefined",80,5.52380952380953,"CSW"
"Undefined",81,6.62857142857144,"CSW"
"Undefined",82,7.73333333333334,"CSW"
"Undefined",83,8.83809523809525,"CSW"
"Undefined",84,9.94285714285715,"CSW"
"Undefined",85,11.0476190476191,"CSW"
"Undefined",86,12.1523809523809,"CSW"
"Undefined",87,13.2571428571429,"CSW"
"Undefined",88,14.3619047619047,"CSW"
"Undefined",89,15.4666666666667,"CSW"
"Undefined",90,16.5714285714286,"CSW"
"Undefined",91,17.6761904761905,"CSW"
"Undefined",92,18.7809523809524,"CSW"
"Undefined",93,19.8857142857143,"CSW"
"Undefined",94,20.9904761904762,"CSW"
"Undefined",95,22.0952380952381,"CSW"
"Undefined",96,23.2,"CSW"
"Undefined",97,24.3047619047619,"CSW"
"Undefined",98,25.4095238095238,"CSW"
"Undefined",99,26.5142857142857,"CSW"
"Undefined",100,27.6190476190476,"CSW"
"Changeup",1,17.9593301435407,"Whiff"
"Changeup",2,18.6084848484848,"Whiff"
"Changeup",3,19.270447761194,"Whiff"
"Changeup",4,19.5852878464819,"Whiff"
"Changeup",5,19.6807359307359,"Whiff"
"Changeup",6,20.152133580705,"Whiff"
"Changeup",7,20.5126050420168,"Whiff"
"Changeup",8,20.7855787476281,"Whiff"
"Changeup",9,21.7376749847839,"Whiff"
"Changeup",10,22.8156748911466,"Whiff"
"Changeup",11,23.5128205128205,"Whiff"
"Changeup",12,24.4370122630992,"Whiff"
"Changeup",13,24.6459627329193,"Whiff"
"Changeup",14,24.7272727272727,"Whiff"
"Changeup",15,25.0581395348837,"Whiff"
"Changeup",16,25.5951765719208,"Whiff"
"Changeup",17,25.9190353143841,"Whiff"
"Changeup",18,27.1649831649832,"Whiff"
"Changeup",19,27.3988269794721,"Whiff"
"Changeup",20,27.6525456665371,"Whiff"
"Changeup",21,27.760374832664,"Whiff"
"Changeup",22,27.9766081871345,"Whiff"
"Changeup",23,28.5777777777778,"Whiff"
"Changeup",24,28.9429951690821,"Whiff"
"Changeup",25,28.9897950433067,"Whiff"
"Changeup",26,29.098224852071,"Whiff"
"Changeup",27,29.4564102564103,"Whiff"
"Changeup",28,29.9410791128765,"Whiff"
"Changeup",29,30.1937893081761,"Whiff"
"Changeup",30,30.3484848484848,"Whiff"
"Changeup",31,30.9198463508323,"Whiff"
"Changeup",32,30.9898008742108,"Whiff"
"Changeup",33,31.0406587750901,"Whiff"
"Changeup",34,31.3309315491508,"Whiff"
"Changeup",35,31.4904927417706,"Whiff"
"Changeup",36,31.8496065287088,"Whiff"
"Changeup",37,31.9812765957447,"Whiff"
"Changeup",38,32.3113513513513,"Whiff"
"Changeup",39,32.7682034976153,"Whiff"
"Changeup",40,33.4264705882353,"Whiff"
"Changeup",41,33.9806962025316,"Whiff"
"Changeup",42,34.2721518987342,"Whiff"
"Changeup",43,34.8125,"Whiff"
"Changeup",44,35.4666666666667,"Whiff"
"Changeup",45,35.6701388888889,"Whiff"
"Changeup",46,35.968237704918,"Whiff"
"Changeup",47,36.0910118711136,"Whiff"
"Changeup",48,36.2257053291536,"Whiff"
"Changeup",49,36.3898181818182,"Whiff"
"Changeup",50,36.8,"Whiff"
"Changeup",51,37.3288791208791,"Whiff"
"Changeup",52,37.6910636533278,"Whiff"
"Changeup",53,37.7702306079665,"Whiff"
"Changeup",54,37.8234234234234,"Whiff"
"Changeup",55,38.2744282744283,"Whiff"
"Changeup",56,39.2254641909814,"Whiff"
"Changeup",57,39.6962683042041,"Whiff"
"Changeup",58,39.8684931506849,"Whiff"
"Changeup",59,40.1121951219512,"Whiff"
"Changeup",60,40.2657444484893,"Whiff"
"Changeup",61,40.306692344728,"Whiff"
"Changeup",62,40.4220885729907,"Whiff"
"Changeup",63,40.7645278450363,"Whiff"
"Changeup",64,41.1262626262626,"Whiff"
"Changeup",65,41.4466403162055,"Whiff"
"Changeup",66,41.7513833992095,"Whiff"
"Changeup",67,42.0393280632411,"Whiff"
"Changeup",68,42.2368758002561,"Whiff"
"Changeup",69,42.9047402695744,"Whiff"
"Changeup",70,43.2413257953664,"Whiff"
"Changeup",71,43.7922147173836,"Whiff"
"Changeup",72,43.9889655172414,"Whiff"
"Changeup",73,44.3381818181818,"Whiff"
"Changeup",74,44.5504950495049,"Whiff"
"Changeup",75,44.7772277227723,"Whiff"
"Changeup",76,45.153488372093,"Whiff"
"Changeup",77,45.3890063424947,"Whiff"
"Changeup",78,45.5976154992548,"Whiff"
"Changeup",79,45.9016393442623,"Whiff"
"Changeup",80,45.9369977499196,"Whiff"
"Changeup",81,46.1089324618736,"Whiff"
"Changeup",82,46.3097643097643,"Whiff"
"Changeup",83,46.4686868686869,"Whiff"
"Changeup",84,46.6585858585859,"Whiff"
"Changeup",85,46.763440860215,"Whiff"
"Changeup",86,46.8352223190933,"Whiff"
"Changeup",87,47.2536747273589,"Whiff"
"Changeup",88,47.5887392900857,"Whiff"
"Changeup",89,48.9611820248295,"Whiff"
"Changeup",90,49.6560756730536,"Whiff"
"Changeup",91,49.8516129032258,"Whiff"
"Changeup",92,50,"Whiff"
"Changeup",93,50.3333333333333,"Whiff"
"Changeup",94,51.0373482726424,"Whiff"
"Changeup",95,51.9117647058824,"Whiff"
"Changeup",96,53.0352941176471,"Whiff"
"Changeup",97,53.447619047619,"Whiff"
"Changeup",98,54.0836127878381,"Whiff"
"Changeup",99,55.2338028169014,"Whiff"
"Changeup",100,60,"Whiff"
"Curveball",1,13.6502192982456,"Whiff"
"Curveball",2,15.6024509803922,"Whiff"
"Curveball",3,17.0010695187166,"Whiff"
"Curveball",4,18.1939393939394,"Whiff"
"Curveball",5,18.3106060606061,"Whiff"
"Curveball",6,19.3666666666667,"Whiff"
"Curveball",7,21.5888888888889,"Whiff"
"Curveball",8,24.2222222222222,"Whiff"
"Curveball",9,24.9351851851852,"Whiff"
"Curveball",10,25.5898876404494,"Whiff"
"Curveball",11,26.2299625468165,"Whiff"
"Curveball",12,26.6666666666667,"Whiff"
"Curveball",13,26.6708333333333,"Whiff"
"Curveball",14,26.9916666666667,"Whiff"
"Curveball",15,27.4652777777778,"Whiff"
"Curveball",16,27.7777777777778,"Whiff"
"Curveball",17,27.8277777777778,"Whiff"
"Curveball",18,28.2555555555556,"Whiff"
"Curveball",19,28.4833333333333,"Whiff"
"Curveball",20,28.5714285714286,"Whiff"
"Curveball",21,28.5714285714286,"Whiff"
"Curveball",22,28.5714285714286,"Whiff"
"Curveball",23,29.4346504559271,"Whiff"
"Curveball",24,29.8051511758119,"Whiff"
"Curveball",25,29.8396854204477,"Whiff"
"Curveball",26,29.8873563218391,"Whiff"
"Curveball",27,29.9758620689655,"Whiff"
"Curveball",28,30.3111111111111,"Whiff"
"Curveball",29,30.6574074074074,"Whiff"
"Curveball",30,30.8730158730159,"Whiff"
"Curveball",31,30.9409171075838,"Whiff"
"Curveball",32,31.034749034749,"Whiff"
"Curveball",33,31.1503378378378,"Whiff"
"Curveball",34,31.3092105263158,"Whiff"
"Curveball",35,31.5625,"Whiff"
"Curveball",36,31.6713735558408,"Whiff"
"Curveball",37,32.1242200794101,"Whiff"
"Curveball",38,32.5712841253792,"Whiff"
"Curveball",39,32.6131934032984,"Whiff"
"Curveball",40,32.7286356821589,"Whiff"
"Curveball",41,33.0862068965517,"Whiff"
"Curveball",42,33.6315789473684,"Whiff"
"Curveball",43,34.2234878240377,"Whiff"
"Curveball",44,34.3142183817753,"Whiff"
"Curveball",45,35.1260364842454,"Whiff"
"Curveball",46,35.5713747645951,"Whiff"
"Curveball",47,35.6162227602906,"Whiff"
"Curveball",48,35.7094430992736,"Whiff"
"Curveball",49,35.7142857142857,"Whiff"
"Curveball",50,36.4617940199336,"Whiff"
"Curveball",51,37.3274965800274,"Whiff"
"Curveball",52,37.6522875816993,"Whiff"
"Curveball",53,37.7529411764706,"Whiff"
"Curveball",54,38.2526315789474,"Whiff"
"Curveball",55,38.6104465709729,"Whiff"
"Curveball",56,38.6829268292683,"Whiff"
"Curveball",57,38.9817073170732,"Whiff"
"Curveball",58,39.4407064760303,"Whiff"
"Curveball",59,39.6669403393541,"Whiff"
"Curveball",60,39.8311381290105,"Whiff"
"Curveball",61,40.403242147923,"Whiff"
"Curveball",62,40.5396238051187,"Whiff"
"Curveball",63,40.7476943346509,"Whiff"
"Curveball",64,40.9656565656566,"Whiff"
"Curveball",65,41.1464646464647,"Whiff"
"Curveball",66,41.6909090909091,"Whiff"
"Curveball",67,42.1454545454545,"Whiff"
"Curveball",68,42.547215496368,"Whiff"
"Curveball",69,42.8935574229692,"Whiff"
"Curveball",70,43.109243697479,"Whiff"
"Curveball",71,43.1671122994652,"Whiff"
"Curveball",72,43.1818181818182,"Whiff"
"Curveball",73,43.3927061310782,"Whiff"
"Curveball",74,44.1659619450317,"Whiff"
"Curveball",75,44.7199810156621,"Whiff"
"Curveball",76,45.2703186537773,"Whiff"
"Curveball",77,45.6250953470633,"Whiff"
"Curveball",78,45.7323205866946,"Whiff"
"Curveball",79,46.7608695652174,"Whiff"
"Curveball",80,47.5346765212109,"Whiff"
"Curveball",81,47.9739389426657,"Whiff"
"Curveball",82,48.1257092972501,"Whiff"
"Curveball",83,48.2601484068093,"Whiff"
"Curveball",84,48.3515016685206,"Whiff"
"Curveball",85,48.4879032258064,"Whiff"
"Curveball",86,48.6483739837398,"Whiff"
"Curveball",87,48.7787940379404,"Whiff"
"Curveball",88,48.8235961429382,"Whiff"
"Curveball",89,49.453488372093,"Whiff"
"Curveball",90,50.9036144578313,"Whiff"
"Curveball",91,53.190093708166,"Whiff"
"Curveball",92,55.1485943775101,"Whiff"
"Curveball",93,56.2882882882883,"Whiff"
"Curveball",94,57.9891891891892,"Whiff"
"Curveball",95,60.3243243243243,"Whiff"
"Curveball",96,61.9891891891892,"Whiff"
"Curveball",97,62.8492176386913,"Whiff"
"Curveball",98,63.1992802519118,"Whiff"
"Curveball",99,63.7008547008547,"Whiff"
"Curveball",100,65.2173913043478,"Whiff"
"Cutter",1,9.5271186440678,"Whiff"
"Cutter",2,10.2,"Whiff"
"Cutter",3,10.5849282296651,"Whiff"
"Cutter",4,11.1626794258373,"Whiff"
"Cutter",5,11.65,"Whiff"
"Cutter",6,12.2869421487603,"Whiff"
"Cutter",7,13.7011570247934,"Whiff"
"Cutter",8,14.3535577504535,"Whiff"
"Cutter",9,14.7643654402646,"Whiff"
"Cutter",10,15.1922281934684,"Whiff"
"Cutter",11,15.4320150659134,"Whiff"
"Cutter",12,15.7,"Whiff"
"Cutter",13,16.0559523809524,"Whiff"
"Cutter",14,16.0849753694581,"Whiff"
"Cutter",15,16.1974750329753,"Whiff"
"Cutter",16,16.4043715846995,"Whiff"
"Cutter",17,16.5928961748634,"Whiff"
"Cutter",18,16.952380952381,"Whiff"
"Cutter",19,17.6189556903843,"Whiff"
"Cutter",20,19.3252436109579,"Whiff"
"Cutter",21,19.9081081081081,"Whiff"
"Cutter",22,20,"Whiff"
"Cutter",23,20,"Whiff"
"Cutter",24,20.422641509434,"Whiff"
"Cutter",25,20.7640575378293,"Whiff"
"Cutter",26,20.7898374743135,"Whiff"
"Cutter",27,20.8180693069307,"Whiff"
"Cutter",28,20.9545454545455,"Whiff"
"Cutter",29,21.2151898734177,"Whiff"
"Cutter",30,21.4269275028769,"Whiff"
"Cutter",31,21.657832278481,"Whiff"
"Cutter",32,21.9027777777778,"Whiff"
"Cutter",33,22.1423611111111,"Whiff"
"Cutter",34,22.4810126582278,"Whiff"
"Cutter",35,22.8717615047912,"Whiff"
"Cutter",36,23.2717378445522,"Whiff"
"Cutter",37,23.5085811384877,"Whiff"
"Cutter",38,23.6640864086409,"Whiff"
"Cutter",39,23.7510351035104,"Whiff"
"Cutter",40,24.1716171617162,"Whiff"
"Cutter",41,24.4687631027254,"Whiff"
"Cutter",42,24.5266247379455,"Whiff"
"Cutter",43,24.5283018867925,"Whiff"
"Cutter",44,24.5402184707051,"Whiff"
"Cutter",45,24.6060606060606,"Whiff"
"Cutter",46,25.2223285486443,"Whiff"
"Cutter",47,25.4698752228164,"Whiff"
"Cutter",48,25.5513725490196,"Whiff"
"Cutter",49,25.903137254902,"Whiff"
"Cutter",50,26.1578947368421,"Whiff"
"Cutter",51,26.4202670856245,"Whiff"
"Cutter",52,26.7996857816182,"Whiff"
"Cutter",53,27.4374847076095,"Whiff"
"Cutter",54,27.9562841530055,"Whiff"
"Cutter",55,28.1883144178226,"Whiff"
"Cutter",56,28.2408026755853,"Whiff"
"Cutter",57,28.2929915639195,"Whiff"
"Cutter",58,28.3688225538972,"Whiff"
"Cutter",59,28.734991708126,"Whiff"
"Cutter",60,28.9275362318841,"Whiff"
"Cutter",61,29.0018115942029,"Whiff"
"Cutter",62,29.1268115942029,"Whiff"
"Cutter",63,29.3664965986395,"Whiff"
"Cutter",64,29.7603686635945,"Whiff"
"Cutter",65,30.4871626069783,"Whiff"
"Cutter",66,30.712158808933,"Whiff"
"Cutter",67,30.9707887049659,"Whiff"
"Cutter",68,31.5754625121714,"Whiff"
"Cutter",69,31.6584388185654,"Whiff"
"Cutter",70,31.7121212121212,"Whiff"
"Cutter",71,31.8166666666667,"Whiff"
"Cutter",72,31.862977602108,"Whiff"
"Cutter",73,32.0575447570332,"Whiff"
"Cutter",74,32.3562091503268,"Whiff"
"Cutter",75,32.3937908496732,"Whiff"
"Cutter",76,32.4184184184184,"Whiff"
"Cutter",77,32.6552406064601,"Whiff"
"Cutter",78,33.8378378378378,"Whiff"
"Cutter",79,34.3179142136249,"Whiff"
"Cutter",80,34.8325837081459,"Whiff"
"Cutter",81,36.0394802598701,"Whiff"
"Cutter",82,37.7729468599034,"Whiff"
"Cutter",83,39.095785440613,"Whiff"
"Cutter",84,39.6245210727969,"Whiff"
"Cutter",85,39.8793103448276,"Whiff"
"Cutter",86,40.4975609756098,"Whiff"
"Cutter",87,41.4762689518787,"Whiff"
"Cutter",88,41.7719182597231,"Whiff"
"Cutter",89,42.1791791791792,"Whiff"
"Cutter",90,42.6410256410256,"Whiff"
"Cutter",91,42.9752136752137,"Whiff"
"Cutter",92,43.2192771084337,"Whiff"
"Cutter",93,44,"Whiff"
"Cutter",94,46.5428773919206,"Whiff"
"Cutter",95,47.1198668146504,"Whiff"
"Cutter",96,48.0595829195631,"Whiff"
"Cutter",97,50.617676266137,"Whiff"
"Cutter",98,50.9182389937107,"Whiff"
"Cutter",99,50.980730630269,"Whiff"
"Cutter",100,51.063829787234,"Whiff"
"Four-Seam",1,5.6184012066365,"Whiff"
"Four-Seam",2,6.30124777183601,"Whiff"
"Four-Seam",3,7.01550387596899,"Whiff"
"Four-Seam",4,7.44117647058824,"Whiff"
"Four-Seam",5,8.0071754729289,"Whiff"
"Four-Seam",6,8.47327249022164,"Whiff"
"Four-Seam",7,8.96167736757624,"Whiff"
"Four-Seam",8,9.40476190476191,"Whiff"
"Four-Seam",9,9.88958883695726,"Whiff"
"Four-Seam",10,10.5702904886816,"Whiff"
"Four-Seam",11,10.8754940711462,"Whiff"
"Four-Seam",12,11.2903225806452,"Whiff"
"Four-Seam",13,11.5220017256255,"Whiff"
"Four-Seam",14,11.8835454974069,"Whiff"
"Four-Seam",15,12.1212121212121,"Whiff"
"Four-Seam",16,12.2448979591837,"Whiff"
"Four-Seam",17,12.5,"Whiff"
"Four-Seam",18,12.5921052631579,"Whiff"
"Four-Seam",19,13.1147540983607,"Whiff"
"Four-Seam",20,13.3333333333333,"Whiff"
"Four-Seam",21,13.3333333333333,"Whiff"
"Four-Seam",22,13.470695970696,"Whiff"
"Four-Seam",23,13.6325115562404,"Whiff"
"Four-Seam",24,13.8736842105263,"Whiff"
"Four-Seam",25,14.1280583029672,"Whiff"
"Four-Seam",26,14.472049689441,"Whiff"
"Four-Seam",27,14.8936170212766,"Whiff"
"Four-Seam",28,15.0544654318724,"Whiff"
"Four-Seam",29,15.174512987013,"Whiff"
"Four-Seam",30,15.2768998881704,"Whiff"
"Four-Seam",31,15.4045092838196,"Whiff"
"Four-Seam",32,15.7744360902256,"Whiff"
"Four-Seam",33,15.8892496392496,"Whiff"
"Four-Seam",34,15.9406593406593,"Whiff"
"Four-Seam",35,16.1764705882353,"Whiff"
"Four-Seam",36,16.3427843262185,"Whiff"
"Four-Seam",37,16.5137614678899,"Whiff"
"Four-Seam",38,16.6666666666667,"Whiff"
"Four-Seam",39,16.9230769230769,"Whiff"
"Four-Seam",40,17.0212765957447,"Whiff"
"Four-Seam",41,17.1428571428571,"Whiff"
"Four-Seam",42,17.2235576923077,"Whiff"
"Four-Seam",43,17.3884057971014,"Whiff"
"Four-Seam",44,17.7254901960784,"Whiff"
"Four-Seam",45,17.8571428571429,"Whiff"
"Four-Seam",46,18.0319851969337,"Whiff"
"Four-Seam",47,18.2064487236901,"Whiff"
"Four-Seam",48,18.4495892457058,"Whiff"
"Four-Seam",49,18.8670731707317,"Whiff"
"Four-Seam",50,19.0065681444992,"Whiff"
"Four-Seam",51,19.2820938928126,"Whiff"
"Four-Seam",52,19.4029850746269,"Whiff"
"Four-Seam",53,19.4947735191638,"Whiff"
"Four-Seam",54,19.7687196524406,"Whiff"
"Four-Seam",55,20,"Whiff"
"Four-Seam",56,20.1353928299008,"Whiff"
"Four-Seam",57,20.2909873188406,"Whiff"
"Four-Seam",58,20.3361892344943,"Whiff"
"Four-Seam",59,20.4545454545455,"Whiff"
"Four-Seam",60,20.6349206349206,"Whiff"
"Four-Seam",61,20.8058176100629,"Whiff"
"Four-Seam",62,20.9414853713428,"Whiff"
"Four-Seam",63,21.0526315789474,"Whiff"
"Four-Seam",64,21.2484237074401,"Whiff"
"Four-Seam",65,21.4780390012757,"Whiff"
"Four-Seam",66,21.7726350948348,"Whiff"
"Four-Seam",67,21.9623940677966,"Whiff"
"Four-Seam",68,22.2222222222222,"Whiff"
"Four-Seam",69,22.4083674945744,"Whiff"
"Four-Seam",70,22.6272873802977,"Whiff"
"Four-Seam",71,22.8571428571429,"Whiff"
"Four-Seam",72,23.0497737556561,"Whiff"
"Four-Seam",73,23.5294117647059,"Whiff"
"Four-Seam",74,23.9161053276179,"Whiff"
"Four-Seam",75,24.0740740740741,"Whiff"
"Four-Seam",76,24.2003395585739,"Whiff"
"Four-Seam",77,24.3793306796403,"Whiff"
"Four-Seam",78,24.8066735466116,"Whiff"
"Four-Seam",79,25,"Whiff"
"Four-Seam",80,25,"Whiff"
"Four-Seam",81,25.4777183600713,"Whiff"
"Four-Seam",82,25.6806767116045,"Whiff"
"Four-Seam",83,25.860045329448,"Whiff"
"Four-Seam",84,26.2749105774144,"Whiff"
"Four-Seam",85,26.6033755274262,"Whiff"
"Four-Seam",86,26.8562698319426,"Whiff"
"Four-Seam",87,27.2222222222222,"Whiff"
"Four-Seam",88,27.4370987332986,"Whiff"
"Four-Seam",89,27.6485693323551,"Whiff"
"Four-Seam",90,28.5281385281385,"Whiff"
"Four-Seam",91,29.1022727272727,"Whiff"
"Four-Seam",92,29.982905982906,"Whiff"
"Four-Seam",93,31.3154069767442,"Whiff"
"Four-Seam",94,31.9703389830509,"Whiff"
"Four-Seam",95,33.3333333333333,"Whiff"
"Four-Seam",96,33.9074863055387,"Whiff"
"Four-Seam",97,35.383275261324,"Whiff"
"Four-Seam",98,37.3273631840796,"Whiff"
"Four-Seam",99,39.1771561771562,"Whiff"
"Four-Seam",100,46.6666666666667,"Whiff"
"Sinker",1,4.15867579908676,"Whiff"
"Sinker",2,4.23049645390071,"Whiff"
"Sinker",3,4.54913880445795,"Whiff"
"Sinker",4,5.30666666666667,"Whiff"
"Sinker",5,6.04615384615385,"Whiff"
"Sinker",6,6.37677793904209,"Whiff"
"Sinker",7,7.55622641509434,"Whiff"
"Sinker",8,7.94566037735849,"Whiff"
"Sinker",9,8.1455737704918,"Whiff"
"Sinker",10,8.36343428730203,"Whiff"
"Sinker",11,8.6956741715153,"Whiff"
"Sinker",12,8.99864314789688,"Whiff"
"Sinker",13,9.12121212121212,"Whiff"
"Sinker",14,9.26624737945493,"Whiff"
"Sinker",15,9.41649196366177,"Whiff"
"Sinker",16,9.7395607794618,"Whiff"
"Sinker",17,9.8864652486113,"Whiff"
"Sinker",18,9.95702479338843,"Whiff"
"Sinker",19,10,"Whiff"
"Sinker",20,10.0224719101124,"Whiff"
"Sinker",21,10.1167290886392,"Whiff"
"Sinker",22,10.1793591344153,"Whiff"
"Sinker",23,10.3657407407407,"Whiff"
"Sinker",24,10.4596774193548,"Whiff"
"Sinker",25,10.5990783410138,"Whiff"
"Sinker",26,10.7490347490347,"Whiff"
"Sinker",27,10.8108108108108,"Whiff"
"Sinker",28,10.8155111633373,"Whiff"
"Sinker",29,10.8660399529965,"Whiff"
"Sinker",30,11.2648221343874,"Whiff"
"Sinker",31,11.4064935064935,"Whiff"
"Sinker",32,11.6033613445378,"Whiff"
"Sinker",33,11.7647058823529,"Whiff"
"Sinker",34,11.7647058823529,"Whiff"
"Sinker",35,11.7787114845938,"Whiff"
"Sinker",36,11.8991596638655,"Whiff"
"Sinker",37,11.9047619047619,"Whiff"
"Sinker",38,11.9047619047619,"Whiff"
"Sinker",39,11.9377289377289,"Whiff"
"Sinker",40,12.0774463631606,"Whiff"
"Sinker",41,12.3427778878542,"Whiff"
"Sinker",42,12.6340688437776,"Whiff"
"Sinker",43,12.7251544571933,"Whiff"
"Sinker",44,13.0270178419711,"Whiff"
"Sinker",45,13.1055615137123,"Whiff"
"Sinker",46,13.1147540983607,"Whiff"
"Sinker",47,13.1217088922007,"Whiff"
"Sinker",48,13.1387559808612,"Whiff"
"Sinker",49,13.1687306501548,"Whiff"
"Sinker",50,13.2352941176471,"Whiff"
"Sinker",51,13.3599834299917,"Whiff"
"Sinker",52,13.6288318144159,"Whiff"
"Sinker",53,13.7317388493859,"Whiff"
"Sinker",54,13.9187227866473,"Whiff"
"Sinker",55,14.2806603773585,"Whiff"
"Sinker",56,14.6301652892562,"Whiff"
"Sinker",57,14.8823098650486,"Whiff"
"Sinker",58,15.1522125745371,"Whiff"
"Sinker",59,15.2470770122717,"Whiff"
"Sinker",60,15.4818702290076,"Whiff"
"Sinker",61,15.7006578947368,"Whiff"
"Sinker",62,15.8981324278438,"Whiff"
"Sinker",63,16.1560390097524,"Whiff"
"Sinker",64,16.2846233946546,"Whiff"
"Sinker",65,16.4040263797293,"Whiff"
"Sinker",66,16.6069651741294,"Whiff"
"Sinker",67,17.0229885057471,"Whiff"
"Sinker",68,17.2804778713006,"Whiff"
"Sinker",69,17.5530708661417,"Whiff"
"Sinker",70,18.0363636363636,"Whiff"
"Sinker",71,18.1818181818182,"Whiff"
"Sinker",72,18.1818181818182,"Whiff"
"Sinker",73,18.2335766423358,"Whiff"
"Sinker",74,18.2682677968762,"Whiff"
"Sinker",75,18.560074801309,"Whiff"
"Sinker",76,18.9151138716356,"Whiff"
"Sinker",77,19.0593900481541,"Whiff"
"Sinker",78,19.1049486014822,"Whiff"
"Sinker",79,19.1460674157303,"Whiff"
"Sinker",80,19.1489361702128,"Whiff"
"Sinker",81,19.20294599018,"Whiff"
"Sinker",82,19.2721485411141,"Whiff"
"Sinker",83,19.4233941852603,"Whiff"
"Sinker",84,19.6427015250545,"Whiff"
"Sinker",85,19.7777777777778,"Whiff"
"Sinker",86,19.9901234567901,"Whiff"
"Sinker",87,20,"Whiff"
"Sinker",88,20.2775510204082,"Whiff"
"Sinker",89,20.5601688951443,"Whiff"
"Sinker",90,21.2558983666062,"Whiff"
"Sinker",91,22.3251078515962,"Whiff"
"Sinker",92,22.9967213114754,"Whiff"
"Sinker",93,23.3256830601093,"Whiff"
"Sinker",94,24.1156862745098,"Whiff"
"Sinker",95,24.2794117647059,"Whiff"
"Sinker",96,25.2042328042328,"Whiff"
"Sinker",97,26.1546840958606,"Whiff"
"Sinker",98,26.4873949579832,"Whiff"
"Sinker",99,26.6958446029014,"Whiff"
"Sinker",100,27.710843373494,"Whiff"
"Slider",1,15.9833333333333,"Whiff"
"Slider",2,17.54114490161,"Whiff"
"Slider",3,18.7165697674419,"Whiff"
"Slider",4,18.9356943150047,"Whiff"
"Slider",5,19.948275862069,"Whiff"
"Slider",6,20.5132275132275,"Whiff"
"Slider",7,20.6687988628287,"Whiff"
"Slider",8,20.9618573797678,"Whiff"
"Slider",9,21.6251748251748,"Whiff"
"Slider",10,22.3542319749216,"Whiff"
"Slider",11,22.624418188328,"Whiff"
"Slider",12,22.981288981289,"Whiff"
"Slider",13,23.0769230769231,"Whiff"
"Slider",14,23.2037142857143,"Whiff"
"Slider",15,23.249584717608,"Whiff"
"Slider",16,24.3199436222692,"Whiff"
"Slider",17,24.6678082191781,"Whiff"
"Slider",18,25,"Whiff"
"Slider",19,25.4089466089466,"Whiff"
"Slider",20,25.4830659536542,"Whiff"
"Slider",21,25.8823529411765,"Whiff"
"Slider",22,26.974358974359,"Whiff"
"Slider",23,27.1349637681159,"Whiff"
"Slider",24,27.3870967741936,"Whiff"
"Slider",25,27.4430740037951,"Whiff"
"Slider",26,27.6513409961686,"Whiff"
"Slider",27,27.8979328165375,"Whiff"
"Slider",28,28.1749250573091,"Whiff"
"Slider",29,28.7923832923833,"Whiff"
"Slider",30,28.9118065433855,"Whiff"
"Slider",31,29.1961382113821,"Whiff"
"Slider",32,29.2682926829268,"Whiff"
"Slider",33,29.3103448275862,"Whiff"
"Slider",34,29.6631726065688,"Whiff"
"Slider",35,30.188679245283,"Whiff"
"Slider",36,30.5633986928105,"Whiff"
"Slider",37,30.6081632653061,"Whiff"
"Slider",38,31.4415584415584,"Whiff"
"Slider",39,31.8185840707965,"Whiff"
"Slider",40,31.8922990020712,"Whiff"
"Slider",41,32.2864396654719,"Whiff"
"Slider",42,32.5031236055332,"Whiff"
"Slider",43,33.0333333333333,"Whiff"
"Slider",44,33.3333333333333,"Whiff"
"Slider",45,33.3333333333333,"Whiff"
"Slider",46,33.4051282051282,"Whiff"
"Slider",47,33.9309143686502,"Whiff"
"Slider",48,34.0468292682927,"Whiff"
"Slider",49,34.3119767018566,"Whiff"
"Slider",50,34.8331988162497,"Whiff"
"Slider",51,35.0058441558442,"Whiff"
"Slider",52,35.1126711126711,"Whiff"
"Slider",53,35.4838709677419,"Whiff"
"Slider",54,35.4838709677419,"Whiff"
"Slider",55,35.7094017094017,"Whiff"
"Slider",56,36.2460233297985,"Whiff"
"Slider",57,36.7471116816431,"Whiff"
"Slider",58,37.1912087912088,"Whiff"
"Slider",59,37.582772066643,"Whiff"
"Slider",60,37.6825749167592,"Whiff"
"Slider",61,37.9290826284971,"Whiff"
"Slider",62,38.0252173913044,"Whiff"
"Slider",63,38.1357142857143,"Whiff"
"Slider",64,38.5636363636364,"Whiff"
"Slider",65,38.6721949221949,"Whiff"
"Slider",66,38.7493243243243,"Whiff"
"Slider",67,39.1565656565657,"Whiff"
"Slider",68,39.5919540229885,"Whiff"
"Slider",69,39.9,"Whiff"
"Slider",70,40,"Whiff"
"Slider",71,40,"Whiff"
"Slider",72,40,"Whiff"
"Slider",73,40.2192470837752,"Whiff"
"Slider",74,40.2799417546414,"Whiff"
"Slider",75,40.3429455848811,"Whiff"
"Slider",76,40.4991292232672,"Whiff"
"Slider",77,40.5768581081081,"Whiff"
"Slider",78,41.1796078431372,"Whiff"
"Slider",79,41.5366666666667,"Whiff"
"Slider",80,41.7647058823529,"Whiff"
"Slider",81,42.327517447657,"Whiff"
"Slider",82,42.8333333333333,"Whiff"
"Slider",83,43.4125386996904,"Whiff"
"Slider",84,43.9450381679389,"Whiff"
"Slider",85,44.9625993454885,"Whiff"
"Slider",86,45.2181259600614,"Whiff"
"Slider",87,45.7139920045688,"Whiff"
"Slider",88,46.2205882352941,"Whiff"
"Slider",89,46.4285714285714,"Whiff"
"Slider",90,46.9003868471954,"Whiff"
"Slider",91,47.7272727272727,"Whiff"
"Slider",92,47.7696827262045,"Whiff"
"Slider",93,47.9773913043478,"Whiff"
"Slider",94,49.256880733945,"Whiff"
"Slider",95,50.755973364669,"Whiff"
"Slider",96,51.3878949371907,"Whiff"
"Slider",97,52.254033290653,"Whiff"
"Slider",98,54.8695498676081,"Whiff"
"Slider",99,56.9023214637025,"Whiff"
"Slider",100,60,"Whiff"
"Splitter",1,38.7297570850202,"Whiff"
"Splitter",2,38.8630229419703,"Whiff"
"Splitter",3,38.9962887989204,"Whiff"
"Splitter",4,39.1295546558704,"Whiff"
"Splitter",5,39.2628205128205,"Whiff"
"Splitter",6,39.3960863697706,"Whiff"
"Splitter",7,39.5293522267206,"Whiff"
"Splitter",8,39.6626180836707,"Whiff"
"Splitter",9,39.7958839406208,"Whiff"
"Splitter",10,39.9291497975708,"Whiff"
"Splitter",11,40.0624156545209,"Whiff"
"Splitter",12,40.195681511471,"Whiff"
"Splitter",13,40.328947368421,"Whiff"
"Splitter",14,40.4622132253711,"Whiff"
"Splitter",15,40.5954790823212,"Whiff"
"Splitter",16,40.7287449392713,"Whiff"
"Splitter",17,40.8620107962213,"Whiff"
"Splitter",18,40.9952766531714,"Whiff"
"Splitter",19,41.1285425101214,"Whiff"
"Splitter",20,41.2618083670715,"Whiff"
"Splitter",21,41.3950742240216,"Whiff"
"Splitter",22,41.5283400809717,"Whiff"
"Splitter",23,41.6616059379217,"Whiff"
"Splitter",24,41.7948717948718,"Whiff"
"Splitter",25,41.9281376518219,"Whiff"
"Splitter",26,42.0614035087719,"Whiff"
"Splitter",27,42.194669365722,"Whiff"
"Splitter",28,42.3279352226721,"Whiff"
"Splitter",29,42.4612010796221,"Whiff"
"Splitter",30,42.5944669365722,"Whiff"
"Splitter",31,42.7277327935223,"Whiff"
"Splitter",32,42.8609986504723,"Whiff"
"Splitter",33,42.9942645074224,"Whiff"
"Splitter",34,43.1275303643725,"Whiff"
"Splitter",35,43.2607962213225,"Whiff"
"Splitter",36,43.3940620782726,"Whiff"
"Splitter",37,43.5273279352227,"Whiff"
"Splitter",38,43.6605937921727,"Whiff"
"Splitter",39,43.7938596491228,"Whiff"
"Splitter",40,43.9271255060729,"Whiff"
"Splitter",41,44.0603913630229,"Whiff"
"Splitter",42,44.193657219973,"Whiff"
"Splitter",43,44.3269230769231,"Whiff"
"Splitter",44,44.4601889338731,"Whiff"
"Splitter",45,44.5934547908232,"Whiff"
"Splitter",46,44.7267206477733,"Whiff"
"Splitter",47,44.8599865047233,"Whiff"
"Splitter",48,44.9932523616734,"Whiff"
"Splitter",49,45.1265182186235,"Whiff"
"Splitter",50,45.2597840755735,"Whiff"
"Splitter",51,45.3930499325236,"Whiff"
"Splitter",52,45.5263157894737,"Whiff"
"Splitter",53,45.6595816464238,"Whiff"
"Splitter",54,45.7928475033738,"Whiff"
"Splitter",55,45.9261133603239,"Whiff"
"Splitter",56,46.059379217274,"Whiff"
"Splitter",57,46.192645074224,"Whiff"
"Splitter",58,46.3259109311741,"Whiff"
"Splitter",59,46.4591767881242,"Whiff"
"Splitter",60,46.5924426450742,"Whiff"
"Splitter",61,46.7257085020243,"Whiff"
"Splitter",62,46.8589743589744,"Whiff"
"Splitter",63,46.9922402159244,"Whiff"
"Splitter",64,47.1255060728745,"Whiff"
"Splitter",65,47.2587719298246,"Whiff"
"Splitter",66,47.3920377867746,"Whiff"
"Splitter",67,47.5253036437247,"Whiff"
"Splitter",68,47.6585695006748,"Whiff"
"Splitter",69,47.7918353576248,"Whiff"
"Splitter",70,47.9251012145749,"Whiff"
"Splitter",71,48.058367071525,"Whiff"
"Splitter",72,48.191632928475,"Whiff"
"Splitter",73,48.3248987854251,"Whiff"
"Splitter",74,48.4581646423752,"Whiff"
"Splitter",75,48.5914304993252,"Whiff"
"Splitter",76,48.7246963562753,"Whiff"
"Splitter",77,48.8579622132254,"Whiff"
"Splitter",78,48.9912280701754,"Whiff"
"Splitter",79,49.1244939271255,"Whiff"
"Splitter",80,49.2577597840756,"Whiff"
"Splitter",81,49.3910256410256,"Whiff"
"Splitter",82,49.5242914979757,"Whiff"
"Splitter",83,49.6575573549258,"Whiff"
"Splitter",84,49.7908232118758,"Whiff"
"Splitter",85,49.9240890688259,"Whiff"
"Splitter",86,50.057354925776,"Whiff"
"Splitter",87,50.1906207827261,"Whiff"
"Splitter",88,50.3238866396761,"Whiff"
"Splitter",89,50.4571524966262,"Whiff"
"Splitter",90,50.5904183535762,"Whiff"
"Splitter",91,50.7236842105263,"Whiff"
"Splitter",92,50.8569500674764,"Whiff"
"Splitter",93,50.9902159244265,"Whiff"
"Splitter",94,51.1234817813765,"Whiff"
"Splitter",95,51.2567476383266,"Whiff"
"Splitter",96,51.3900134952767,"Whiff"
"Splitter",97,51.5232793522267,"Whiff"
"Splitter",98,51.6565452091768,"Whiff"
"Splitter",99,51.7898110661269,"Whiff"
"Splitter",100,51.9230769230769,"Whiff"
"Sweeper",1,22.5977822580645,"Whiff"
"Sweeper",2,22.6149193548387,"Whiff"
"Sweeper",3,22.6320564516129,"Whiff"
"Sweeper",4,22.6491935483871,"Whiff"
"Sweeper",5,22.6663306451613,"Whiff"
"Sweeper",6,22.6834677419355,"Whiff"
"Sweeper",7,22.7006048387097,"Whiff"
"Sweeper",8,22.7177419354839,"Whiff"
"Sweeper",9,22.7348790322581,"Whiff"
"Sweeper",10,22.7520161290323,"Whiff"
"Sweeper",11,22.7691532258065,"Whiff"
"Sweeper",12,22.7862903225806,"Whiff"
"Sweeper",13,22.8034274193548,"Whiff"
"Sweeper",14,22.820564516129,"Whiff"
"Sweeper",15,22.8377016129032,"Whiff"
"Sweeper",16,22.8548387096774,"Whiff"
"Sweeper",17,22.8719758064516,"Whiff"
"Sweeper",18,22.8891129032258,"Whiff"
"Sweeper",19,22.90625,"Whiff"
"Sweeper",20,22.9233870967742,"Whiff"
"Sweeper",21,22.9405241935484,"Whiff"
"Sweeper",22,22.9576612903226,"Whiff"
"Sweeper",23,22.9747983870968,"Whiff"
"Sweeper",24,22.991935483871,"Whiff"
"Sweeper",25,23.0090725806452,"Whiff"
"Sweeper",26,23.0262096774194,"Whiff"
"Sweeper",27,23.0433467741935,"Whiff"
"Sweeper",28,23.0604838709677,"Whiff"
"Sweeper",29,23.0776209677419,"Whiff"
"Sweeper",30,23.0947580645161,"Whiff"
"Sweeper",31,23.1118951612903,"Whiff"
"Sweeper",32,23.1290322580645,"Whiff"
"Sweeper",33,23.1461693548387,"Whiff"
"Sweeper",34,23.1633064516129,"Whiff"
"Sweeper",35,23.1804435483871,"Whiff"
"Sweeper",36,23.1975806451613,"Whiff"
"Sweeper",37,23.2147177419355,"Whiff"
"Sweeper",38,23.2318548387097,"Whiff"
"Sweeper",39,23.2489919354839,"Whiff"
"Sweeper",40,23.2661290322581,"Whiff"
"Sweeper",41,23.2832661290323,"Whiff"
"Sweeper",42,23.3004032258065,"Whiff"
"Sweeper",43,23.3175403225806,"Whiff"
"Sweeper",44,23.3346774193548,"Whiff"
"Sweeper",45,23.351814516129,"Whiff"
"Sweeper",46,23.3689516129032,"Whiff"
"Sweeper",47,23.3860887096774,"Whiff"
"Sweeper",48,23.4032258064516,"Whiff"
"Sweeper",49,23.4203629032258,"Whiff"
"Sweeper",50,23.4375,"Whiff"
"Sweeper",51,23.6479952830189,"Whiff"
"Sweeper",52,23.8584905660377,"Whiff"
"Sweeper",53,24.0689858490566,"Whiff"
"Sweeper",54,24.2794811320755,"Whiff"
"Sweeper",55,24.4899764150943,"Whiff"
"Sweeper",56,24.7004716981132,"Whiff"
"Sweeper",57,24.9109669811321,"Whiff"
"Sweeper",58,25.1214622641509,"Whiff"
"Sweeper",59,25.3319575471698,"Whiff"
"Sweeper",60,25.5424528301887,"Whiff"
"Sweeper",61,25.7529481132075,"Whiff"
"Sweeper",62,25.9634433962264,"Whiff"
"Sweeper",63,26.1739386792453,"Whiff"
"Sweeper",64,26.3844339622642,"Whiff"
"Sweeper",65,26.594929245283,"Whiff"
"Sweeper",66,26.8054245283019,"Whiff"
"Sweeper",67,27.0159198113208,"Whiff"
"Sweeper",68,27.2264150943396,"Whiff"
"Sweeper",69,27.4369103773585,"Whiff"
"Sweeper",70,27.6474056603774,"Whiff"
"Sweeper",71,27.8579009433962,"Whiff"
"Sweeper",72,28.0683962264151,"Whiff"
"Sweeper",73,28.278891509434,"Whiff"
"Sweeper",74,28.4893867924528,"Whiff"
"Sweeper",75,28.6998820754717,"Whiff"
"Sweeper",76,28.9103773584906,"Whiff"
"Sweeper",77,29.1208726415094,"Whiff"
"Sweeper",78,29.3313679245283,"Whiff"
"Sweeper",79,29.5418632075472,"Whiff"
"Sweeper",80,29.752358490566,"Whiff"
"Sweeper",81,29.9628537735849,"Whiff"
"Sweeper",82,30.1733490566038,"Whiff"
"Sweeper",83,30.3838443396226,"Whiff"
"Sweeper",84,30.5943396226415,"Whiff"
"Sweeper",85,30.8048349056604,"Whiff"
"Sweeper",86,31.0153301886792,"Whiff"
"Sweeper",87,31.2258254716981,"Whiff"
"Sweeper",88,31.436320754717,"Whiff"
"Sweeper",89,31.6468160377359,"Whiff"
"Sweeper",90,31.8573113207547,"Whiff"
"Sweeper",91,32.0678066037736,"Whiff"
"Sweeper",92,32.2783018867924,"Whiff"
"Sweeper",93,32.4887971698113,"Whiff"
"Sweeper",94,32.6992924528302,"Whiff"
"Sweeper",95,32.9097877358491,"Whiff"
"Sweeper",96,33.1202830188679,"Whiff"
"Sweeper",97,33.3307783018868,"Whiff"
"Sweeper",98,33.5412735849057,"Whiff"
"Sweeper",99,33.7517688679245,"Whiff"
"Sweeper",100,33.9622641509434,"Whiff"
"Undefined",1,0,"Whiff"
"Undefined",2,0,"Whiff"
"Undefined",3,0,"Whiff"
"Undefined",4,0,"Whiff"
"Undefined",5,0,"Whiff"
"Undefined",6,0,"Whiff"
"Undefined",7,0,"Whiff"
"Undefined",8,0,"Whiff"
"Undefined",9,0,"Whiff"
"Undefined",10,0,"Whiff"
"Undefined",11,0,"Whiff"
"Undefined",12,0,"Whiff"
"Undefined",13,0,"Whiff"
"Undefined",14,0,"Whiff"
"Undefined",15,0,"Whiff"
"Undefined",16,0,"Whiff"
"Undefined",17,0,"Whiff"
"Undefined",18,0,"Whiff"
"Undefined",19,0,"Whiff"
"Undefined",20,0,"Whiff"
"Undefined",21,0,"Whiff"
"Undefined",22,0,"Whiff"
"Undefined",23,0,"Whiff"
"Undefined",24,0,"Whiff"
"Undefined",25,0,"Whiff"
"Undefined",26,0,"Whiff"
"Undefined",27,0,"Whiff"
"Undefined",28,0,"Whiff"
"Undefined",29,0,"Whiff"
"Undefined",30,0,"Whiff"
"Undefined",31,0,"Whiff"
"Undefined",32,0,"Whiff"
"Undefined",33,0,"Whiff"
"Undefined",34,0,"Whiff"
"Undefined",35,0,"Whiff"
"Undefined",36,0,"Whiff"
"Undefined",37,0,"Whiff"
"Undefined",38,0,"Whiff"
"Undefined",39,0,"Whiff"
"Undefined",40,0,"Whiff"
"Undefined",41,0,"Whiff"
"Undefined",42,0,"Whiff"
"Undefined",43,0,"Whiff"
"Undefined",44,0,"Whiff"
"Undefined",45,0,"Whiff"
"Undefined",46,0,"Whiff"
"Undefined",47,0,"Whiff"
"Undefined",48,0,"Whiff"
"Undefined",49,0,"Whiff"
"Undefined",50,0,"Whiff"
"Undefined",51,0,"Whiff"
"Undefined",52,0,"Whiff"
"Undefined",53,0,"Whiff"
"Undefined",54,0,"Whiff"
"Undefined",55,0,"Whiff"
"Undefined",56,0,"Whiff"
"Undefined",57,0,"Whiff"
"Undefined",58,0,"Whiff"
"Undefined",59,0,"Whiff"
"Undefined",60,0,"Whiff"
"Undefined",61,0,"Whiff"
"Undefined",62,0,"Whiff"
"Undefined",63,0,"Whiff"
"Undefined",64,0,"Whiff"
"Undefined",65,0,"Whiff"
"Undefined",66,0,"Whiff"
"Undefined",67,0,"Whiff"
"Undefined",68,0,"Whiff"
"Undefined",69,0,"Whiff"
"Undefined",70,0,"Whiff"
"Undefined",71,0,"Whiff"
"Undefined",72,0,"Whiff"
"Undefined",73,0,"Whiff"
"Undefined",74,0,"Whiff"
"Undefined",75,0,"Whiff"
"Undefined",76,1,"Whiff"
"Undefined",77,2,"Whiff"
"Undefined",78,3,"Whiff"
"Undefined",79,4,"Whiff"
"Undefined",80,5,"Whiff"
"Undefined",81,6.00000000000001,"Whiff"
"Undefined",82,7.00000000000001,"Whiff"
"Undefined",83,8.00000000000001,"Whiff"
"Undefined",84,9.00000000000001,"Whiff"
"Undefined",85,10,"Whiff"
"Undefined",86,11,"Whiff"
"Undefined",87,12,"Whiff"
"Undefined",88,13,"Whiff"
"Undefined",89,14,"Whiff"
"Undefined",90,15,"Whiff"
"Undefined",91,16,"Whiff"
"Undefined",92,17,"Whiff"
"Undefined",93,18,"Whiff"
"Undefined",94,19,"Whiff"
"Undefined",95,20,"Whiff"
"Undefined",96,21,"Whiff"
"Undefined",97,22,"Whiff"
"Undefined",98,23,"Whiff"
"Undefined",99,24,"Whiff"
"Undefined",100,25,"Whiff"
"Changeup",1,19.0944580944581,"Chase"
"Changeup",2,20.3852220838522,"Chase"
"Changeup",3,21.6361301369863,"Chase"
"Changeup",4,21.9469696969697,"Chase"
"Changeup",5,22.2379679144385,"Chase"
"Changeup",6,22.8763271162123,"Chase"
"Changeup",7,23.6810744056808,"Chase"
"Changeup",8,24.1656630207693,"Chase"
"Changeup",9,24.3263083116268,"Chase"
"Changeup",10,24.7607286199444,"Chase"
"Changeup",11,25.5581758279868,"Chase"
"Changeup",12,26.1514907332796,"Chase"
"Changeup",13,26.4981226533166,"Chase"
"Changeup",14,26.6331084587442,"Chase"
"Changeup",15,26.8429706768978,"Chase"
"Changeup",16,26.9785495403473,"Chase"
"Changeup",17,27.2665985699694,"Chase"
"Changeup",18,27.4565434565435,"Chase"
"Changeup",19,27.5273132664437,"Chase"
"Changeup",20,27.6501035196687,"Chase"
"Changeup",21,27.831043956044,"Chase"
"Changeup",22,27.9230769230769,"Chase"
"Changeup",23,28.104826546003,"Chase"
"Changeup",24,28.5977564102564,"Chase"
"Changeup",25,29.0364583333333,"Chase"
"Changeup",26,29.2298850574713,"Chase"
"Changeup",27,29.3724137931034,"Chase"
"Changeup",28,29.4897243107769,"Chase"
"Changeup",29,29.5663690476191,"Chase"
"Changeup",30,29.75,"Chase"
"Changeup",31,30,"Chase"
"Changeup",32,30.0150943396226,"Chase"
"Changeup",33,30.1904102475333,"Chase"
"Changeup",34,30.2717673532976,"Chase"
"Changeup",35,30.4188272836059,"Chase"
"Changeup",36,30.5184201792234,"Chase"
"Changeup",37,30.6375572519084,"Chase"
"Changeup",38,31.3235087719298,"Chase"
"Changeup",39,31.608636977058,"Chase"
"Changeup",40,31.8803418803419,"Chase"
"Changeup",41,32.1007326007326,"Chase"
"Changeup",42,32.1428571428571,"Chase"
"Changeup",43,32.2644787644788,"Chase"
"Changeup",44,32.4567567567568,"Chase"
"Changeup",45,32.6184210526316,"Chase"
"Changeup",46,33,"Chase"
"Changeup",47,33.4112554112554,"Chase"
"Changeup",48,33.778801843318,"Chase"
"Changeup",49,33.871767528659,"Chase"
"Changeup",50,33.8842975206612,"Chase"
"Changeup",51,33.8974646309007,"Chase"
"Changeup",52,34.0677966101695,"Chase"
"Changeup",53,34.1462646264626,"Chase"
"Changeup",54,34.3420198019802,"Chase"
"Changeup",55,34.4183606557377,"Chase"
"Changeup",56,34.5168994130743,"Chase"
"Changeup",57,34.6574074074074,"Chase"
"Changeup",58,34.7738095238095,"Chase"
"Changeup",59,34.8500830564784,"Chase"
"Changeup",60,34.9139723955379,"Chase"
"Changeup",61,35.1990448575814,"Chase"
"Changeup",62,35.6783216783217,"Chase"
"Changeup",63,35.7377398720682,"Chase"
"Changeup",64,35.8673300165838,"Chase"
"Changeup",65,36.1567164179104,"Chase"
"Changeup",66,36.5883485796822,"Chase"
"Changeup",67,37.0861819932595,"Chase"
"Changeup",68,37.4677419354839,"Chase"
"Changeup",69,37.5,"Chase"
"Changeup",70,37.5990099009901,"Chase"
"Changeup",71,37.972654408298,"Chase"
"Changeup",72,38.1541125541126,"Chase"
"Changeup",73,38.3552447552448,"Chase"
"Changeup",74,38.7008547008547,"Chase"
"Changeup",75,38.9181286549708,"Chase"
"Changeup",76,38.9812580231065,"Chase"
"Changeup",77,39.0522648083624,"Chase"
"Changeup",78,39.1082052958483,"Chase"
"Changeup",79,39.228126677402,"Chase"
"Changeup",80,39.5414462081129,"Chase"
"Changeup",81,39.7010582010582,"Chase"
"Changeup",82,39.8148148148148,"Chase"
"Changeup",83,39.8185185185185,"Chase"
"Changeup",84,39.9925925925926,"Chase"
"Changeup",85,40.1363636363636,"Chase"
"Changeup",86,40.2749886928991,"Chase"
"Changeup",87,40.6434494195688,"Chase"
"Changeup",88,41.2005108556833,"Chase"
"Changeup",89,41.484350132626,"Chase"
"Changeup",90,41.6153846153846,"Chase"
"Changeup",91,41.8333333333333,"Chase"
"Changeup",92,42.0376868096166,"Chase"
"Changeup",93,42.7960526315789,"Chase"
"Changeup",94,44.3636363636364,"Chase"
"Changeup",95,45.6463068181818,"Chase"
"Changeup",96,46.13125,"Chase"
"Changeup",97,46.3625,"Chase"
"Changeup",98,46.9813432835821,"Chase"
"Changeup",99,47.8602282704126,"Chase"
"Changeup",100,49.4117647058824,"Chase"
"Curveball",1,14.2764876632801,"Chase"
"Curveball",2,15.2510885341074,"Chase"
"Curveball",3,15.4591346153846,"Chase"
"Curveball",4,15.7083333333333,"Chase"
"Curveball",5,16.5104166666667,"Chase"
"Curveball",6,16.9751243781094,"Chase"
"Curveball",7,17.389504092441,"Chase"
"Curveball",8,17.7750206782465,"Chase"
"Curveball",9,17.9342431761787,"Chase"
"Curveball",10,18.6604774535809,"Chase"
"Curveball",11,18.9757747708424,"Chase"
"Curveball",12,19.0870961647459,"Chase"
"Curveball",13,19.4052169061236,"Chase"
"Curveball",14,19.5770679313712,"Chase"
"Curveball",15,19.8317757009346,"Chase"
"Curveball",16,20,"Chase"
"Curveball",17,20,"Chase"
"Curveball",18,20,"Chase"
"Curveball",19,20.3036144578313,"Chase"
"Curveball",20,20.5083347086978,"Chase"
"Curveball",21,20.6129340554317,"Chase"
"Curveball",22,20.9072953169799,"Chase"
"Curveball",23,21.1303735024665,"Chase"
"Curveball",24,21.2430689877498,"Chase"
"Curveball",25,21.3145896656535,"Chase"
"Curveball",26,21.4333333333333,"Chase"
"Curveball",27,21.6166666666667,"Chase"
"Curveball",28,22.0850574712644,"Chase"
"Curveball",29,22.5498500749625,"Chase"
"Curveball",30,22.8385602280827,"Chase"
"Curveball",31,22.9346044191019,"Chase"
"Curveball",32,23.031525851198,"Chase"
"Curveball",33,23.1406371406371,"Chase"
"Curveball",34,23.250505050505,"Chase"
"Curveball",35,23.3282828282828,"Chase"
"Curveball",36,23.3557632398754,"Chase"
"Curveball",37,23.582554517134,"Chase"
"Curveball",38,23.9746031746032,"Chase"
"Curveball",39,24.4451536643026,"Chase"
"Curveball",40,24.4633569739953,"Chase"
"Curveball",41,24.5520458265139,"Chase"
"Curveball",42,24.6357642357642,"Chase"
"Curveball",43,24.682688445575,"Chase"
"Curveball",44,24.7342348373276,"Chase"
"Curveball",45,24.909793814433,"Chase"
"Curveball",46,25,"Chase"
"Curveball",47,25.0545977011494,"Chase"
"Curveball",48,25.2758620689655,"Chase"
"Curveball",49,25.3085988651244,"Chase"
"Curveball",50,25.3248945147679,"Chase"
"Curveball",51,25.476091954023,"Chase"
"Curveball",52,25.8767665347654,"Chase"
"Curveball",53,26.1596947427925,"Chase"
"Curveball",54,26.3552364178296,"Chase"
"Curveball",55,26.613159567705,"Chase"
"Curveball",56,26.965034965035,"Chase"
"Curveball",57,27.2342657342657,"Chase"
"Curveball",58,27.2727272727273,"Chase"
"Curveball",59,27.3419147224457,"Chase"
"Curveball",60,27.4541490316788,"Chase"
"Curveball",61,27.5331537770938,"Chase"
"Curveball",62,27.7149758454106,"Chase"
"Curveball",63,27.9548611111111,"Chase"
"Curveball",64,28.2222222222222,"Chase"
"Curveball",65,28.4880050505051,"Chase"
"Curveball",66,28.7310606060606,"Chase"
"Curveball",67,28.7878787878788,"Chase"
"Curveball",68,28.8374655647383,"Chase"
"Curveball",69,28.9756340837846,"Chase"
"Curveball",70,29.2718723282987,"Chase"
"Curveball",71,29.3782961460446,"Chase"
"Curveball",72,29.4705882352941,"Chase"
"Curveball",73,29.6040669856459,"Chase"
"Curveball",74,29.8189792663477,"Chase"
"Curveball",75,29.9561403508772,"Chase"
"Curveball",76,30.0504854368932,"Chase"
"Curveball",77,30.2666593115622,"Chase"
"Curveball",78,30.6954545454545,"Chase"
"Curveball",79,30.8704545454545,"Chase"
"Curveball",80,31.5125725338491,"Chase"
"Curveball",81,31.9871169236775,"Chase"
"Curveball",82,32.1964970809008,"Chase"
"Curveball",83,32.6717264386989,"Chase"
"Curveball",84,33.1393939393939,"Chase"
"Curveball",85,33.421568627451,"Chase"
"Curveball",86,33.5567873303167,"Chase"
"Curveball",87,33.6526018099548,"Chase"
"Curveball",88,34.7435897435897,"Chase"
"Curveball",89,35.1285907075381,"Chase"
"Curveball",90,35.3003161222339,"Chase"
"Curveball",91,35.67413512886,"Chase"
"Curveball",92,36.3087996285117,"Chase"
"Curveball",93,37.0868644067797,"Chase"
"Curveball",94,37.6637931034483,"Chase"
"Curveball",95,38.2707910750507,"Chase"
"Curveball",96,40.0148749154834,"Chase"
"Curveball",97,40.5492798889467,"Chase"
"Curveball",98,42.3965020683877,"Chase"
"Curveball",99,44.8090976331361,"Chase"
"Curveball",100,46.25,"Chase"
"Cutter",1,14.781045751634,"Chase"
"Cutter",2,15.292328042328,"Chase"
"Cutter",3,16.1282467532468,"Chase"
"Cutter",4,16.6883116883117,"Chase"
"Cutter",5,17.3214285714286,"Chase"
"Cutter",6,17.9025974025974,"Chase"
"Cutter",7,18.1266233766234,"Chase"
"Cutter",8,18.3569023569024,"Chase"
"Cutter",9,18.6941457586619,"Chase"
"Cutter",10,19.2712066905615,"Chase"
"Cutter",11,19.5420412480169,"Chase"
"Cutter",12,19.7639344262295,"Chase"
"Cutter",13,19.9901639344262,"Chase"
"Cutter",14,20.2237288135593,"Chase"
"Cutter",15,20.389013681846,"Chase"
"Cutter",16,20.5362138208004,"Chase"
"Cutter",17,21.4726492175599,"Chase"
"Cutter",18,22.1505376344086,"Chase"
"Cutter",19,22.6474988312295,"Chase"
"Cutter",20,23.0668536699392,"Chase"
"Cutter",21,23.2806324110672,"Chase"
"Cutter",22,23.3910533910534,"Chase"
"Cutter",23,23.4463684463684,"Chase"
"Cutter",24,23.4974582425563,"Chase"
"Cutter",25,23.7076648841355,"Chase"
"Cutter",26,24.1996434937611,"Chase"
"Cutter",27,24.3355506282336,"Chase"
"Cutter",28,24.4344224574321,"Chase"
"Cutter",29,24.5286329030122,"Chase"
"Cutter",30,24.5514730221781,"Chase"
"Cutter",31,24.5911517925248,"Chase"
"Cutter",32,24.6965174129353,"Chase"
"Cutter",33,25.2039800995025,"Chase"
"Cutter",34,25.5300639658849,"Chase"
"Cutter",35,25.7502726281352,"Chase"
"Cutter",36,25.915812431843,"Chase"
"Cutter",37,26.0794256633951,"Chase"
"Cutter",38,26.2398921832884,"Chase"
"Cutter",39,26.3948787061995,"Chase"
"Cutter",40,26.4483906770255,"Chase"
"Cutter",41,26.4879951980792,"Chase"
"Cutter",42,26.5294117647059,"Chase"
"Cutter",43,26.5652286230948,"Chase"
"Cutter",44,26.6555153707052,"Chase"
"Cutter",45,26.8023607748184,"Chase"
"Cutter",46,27.0320823244552,"Chase"
"Cutter",47,27.1848998459168,"Chase"
"Cutter",48,27.2727272727273,"Chase"
"Cutter",49,27.2727272727273,"Chase"
"Cutter",50,27.3618538324421,"Chase"
"Cutter",51,27.4942226890756,"Chase"
"Cutter",52,27.6512605042017,"Chase"
"Cutter",53,27.735119047619,"Chase"
"Cutter",54,27.8355555555556,"Chase"
"Cutter",55,27.9888888888889,"Chase"
"Cutter",56,28.1669565217391,"Chase"
"Cutter",57,28.2996474735605,"Chase"
"Cutter",58,28.3822393822394,"Chase"
"Cutter",59,28.515444015444,"Chase"
"Cutter",60,28.6580086580087,"Chase"
"Cutter",61,28.8098729227762,"Chase"
"Cutter",62,28.9784946236559,"Chase"
"Cutter",63,29.0452164323132,"Chase"
"Cutter",64,29.1426507764536,"Chase"
"Cutter",65,29.4998194293969,"Chase"
"Cutter",66,29.6368838028169,"Chase"
"Cutter",67,29.759375,"Chase"
"Cutter",68,29.975,"Chase"
"Cutter",69,30.0734939759036,"Chase"
"Cutter",70,30.2368797222789,"Chase"
"Cutter",71,30.5045946497856,"Chase"
"Cutter",72,30.5404896421846,"Chase"
"Cutter",73,30.8785714285714,"Chase"
"Cutter",74,31.4375939849624,"Chase"
"Cutter",75,31.5413533834586,"Chase"
"Cutter",76,32.3508771929825,"Chase"
"Cutter",77,33.3820224719101,"Chase"
"Cutter",78,33.6404494382022,"Chase"
"Cutter",79,34.0025682182986,"Chase"
"Cutter",80,34.2857142857143,"Chase"
"Cutter",81,34.2857142857143,"Chase"
"Cutter",82,34.305325443787,"Chase"
"Cutter",83,34.5946078213285,"Chase"
"Cutter",84,35.297593095164,"Chase"
"Cutter",85,35.5293405928615,"Chase"
"Cutter",86,35.7059206245934,"Chase"
"Cutter",87,35.8644939965695,"Chase"
"Cutter",88,36.2195540308748,"Chase"
"Cutter",89,36.6642228739003,"Chase"
"Cutter",90,37.3870967741936,"Chase"
"Cutter",91,39.3903225806452,"Chase"
"Cutter",92,40.0755905511811,"Chase"
"Cutter",93,40.1721720760515,"Chase"
"Cutter",94,40.2318033416555,"Chase"
"Cutter",95,40.609756097561,"Chase"
"Cutter",96,42,"Chase"
"Cutter",97,45.1363636363636,"Chase"
"Cutter",98,46.1347962382445,"Chase"
"Cutter",99,46.6313279530448,"Chase"
"Cutter",100,46.8085106382979,"Chase"
"Four-Seam",1,10.3739364084192,"Chase"
"Four-Seam",2,11.6223776223776,"Chase"
"Four-Seam",3,12.2701149425287,"Chase"
"Four-Seam",4,13.0799220272904,"Chase"
"Four-Seam",5,14.3480066445183,"Chase"
"Four-Seam",6,14.9953271028037,"Chase"
"Four-Seam",7,15.5198412698413,"Chase"
"Four-Seam",8,15.7609094242758,"Chase"
"Four-Seam",9,16.1290322580645,"Chase"
"Four-Seam",10,16.405676535356,"Chase"
"Four-Seam",11,16.6666666666667,"Chase"
"Four-Seam",12,16.9612590799031,"Chase"
"Four-Seam",13,17.230222734255,"Chase"
"Four-Seam",14,17.5043859649123,"Chase"
"Four-Seam",15,17.7335349462366,"Chase"
"Four-Seam",16,17.9489615854486,"Chase"
"Four-Seam",17,18.0899419729207,"Chase"
"Four-Seam",18,18.3676470588235,"Chase"
"Four-Seam",19,18.5318823978618,"Chase"
"Four-Seam",20,18.75,"Chase"
"Four-Seam",21,18.9655172413793,"Chase"
"Four-Seam",22,19.1938883034773,"Chase"
"Four-Seam",23,19.3785946486622,"Chase"
"Four-Seam",24,19.4995248653785,"Chase"
"Four-Seam",25,19.6783407848982,"Chase"
"Four-Seam",26,19.741924553874,"Chase"
"Four-Seam",27,19.8541172985782,"Chase"
"Four-Seam",28,20.070796460177,"Chase"
"Four-Seam",29,20.5929199569275,"Chase"
"Four-Seam",30,20.6622879036672,"Chase"
"Four-Seam",31,20.9725158562368,"Chase"
"Four-Seam",32,21.4095238095238,"Chase"
"Four-Seam",33,21.4933602547177,"Chase"
"Four-Seam",34,21.6962901109388,"Chase"
"Four-Seam",35,21.7948717948718,"Chase"
"Four-Seam",36,21.8644816250429,"Chase"
"Four-Seam",37,22.0588235294118,"Chase"
"Four-Seam",38,22.1834625322997,"Chase"
"Four-Seam",39,22.3794736842105,"Chase"
"Four-Seam",40,22.5806451612903,"Chase"
"Four-Seam",41,22.6860434895608,"Chase"
"Four-Seam",42,22.940291773199,"Chase"
"Four-Seam",43,22.972972972973,"Chase"
"Four-Seam",44,23.0566801619433,"Chase"
"Four-Seam",45,23.1076923076923,"Chase"
"Four-Seam",46,23.2996409096954,"Chase"
"Four-Seam",47,23.3333333333333,"Chase"
"Four-Seam",48,23.604766633565,"Chase"
"Four-Seam",49,23.728813559322,"Chase"
"Four-Seam",50,23.8436067244014,"Chase"
"Four-Seam",51,23.9610745614035,"Chase"
"Four-Seam",52,24.1223749027742,"Chase"
"Four-Seam",53,24.2057942057942,"Chase"
"Four-Seam",54,24.3261024182077,"Chase"
"Four-Seam",55,24.4115144639818,"Chase"
"Four-Seam",56,24.553046705846,"Chase"
"Four-Seam",57,24.6753246753247,"Chase"
"Four-Seam",58,24.9509803921569,"Chase"
"Four-Seam",59,25,"Chase"
"Four-Seam",60,25,"Chase"
"Four-Seam",61,25.2230073702606,"Chase"
"Four-Seam",62,25.6695198026984,"Chase"
"Four-Seam",63,25.8592880978865,"Chase"
"Four-Seam",64,25.9259259259259,"Chase"
"Four-Seam",65,26.0340909090909,"Chase"
"Four-Seam",66,26.1667864845435,"Chase"
"Four-Seam",67,26.3509627406852,"Chase"
"Four-Seam",68,26.4705882352941,"Chase"
"Four-Seam",69,26.5553977272727,"Chase"
"Four-Seam",70,26.7423506556581,"Chase"
"Four-Seam",71,26.8956043956044,"Chase"
"Four-Seam",72,26.9805600142679,"Chase"
"Four-Seam",73,27.062804068996,"Chase"
"Four-Seam",74,27.2813036020583,"Chase"
"Four-Seam",75,27.5149190110827,"Chase"
"Four-Seam",76,27.7091346153846,"Chase"
"Four-Seam",77,27.9285903550609,"Chase"
"Four-Seam",78,28,"Chase"
"Four-Seam",79,28.2628977103776,"Chase"
"Four-Seam",80,28.5714285714286,"Chase"
"Four-Seam",81,28.7191445260976,"Chase"
"Four-Seam",82,28.8233376792699,"Chase"
"Four-Seam",83,29.0904452690167,"Chase"
"Four-Seam",84,29.3021276595745,"Chase"
"Four-Seam",85,29.584414381023,"Chase"
"Four-Seam",86,29.9174989144594,"Chase"
"Four-Seam",87,30.1245716733295,"Chase"
"Four-Seam",88,30.3098399727613,"Chase"
"Four-Seam",89,30.5187969924812,"Chase"
"Four-Seam",90,30.7486631016043,"Chase"
"Four-Seam",91,31.1629098360656,"Chase"
"Four-Seam",92,31.4371960422606,"Chase"
"Four-Seam",93,31.9773195876289,"Chase"
"Four-Seam",94,32.5615848406546,"Chase"
"Four-Seam",95,32.6875476009139,"Chase"
"Four-Seam",96,33.1205673758865,"Chase"
"Four-Seam",97,34.8607209737828,"Chase"
"Four-Seam",98,35.9101567320745,"Chase"
"Four-Seam",99,38.6835443037975,"Chase"
"Four-Seam",100,45.1612903225806,"Chase"
"Sinker",1,12.3310276679842,"Chase"
"Sinker",2,13.2521739130435,"Chase"
"Sinker",3,13.6555555555556,"Chase"
"Sinker",4,14.1777777777778,"Chase"
"Sinker",5,14.6262626262626,"Chase"
"Sinker",6,14.8851224105461,"Chase"
"Sinker",7,15.2568448500652,"Chase"
"Sinker",8,15.3689700130378,"Chase"
"Sinker",9,15.3846153846154,"Chase"
"Sinker",10,15.556831228473,"Chase"
"Sinker",11,15.678372841674,"Chase"
"Sinker",12,15.6862745098039,"Chase"
"Sinker",13,15.8015206082433,"Chase"
"Sinker",14,16.3346264125485,"Chase"
"Sinker",15,16.5086861190757,"Chase"
"Sinker",16,16.8120125712955,"Chase"
"Sinker",17,17.1121903836814,"Chase"
"Sinker",18,17.3865698729583,"Chase"
"Sinker",19,17.5438596491228,"Chase"
"Sinker",20,17.5906432748538,"Chase"
"Sinker",21,17.8078853046595,"Chase"
"Sinker",22,18.2394265232975,"Chase"
"Sinker",23,18.4659498207885,"Chase"
"Sinker",24,18.583908045977,"Chase"
"Sinker",25,18.7259292431706,"Chase"
"Sinker",26,18.9090909090909,"Chase"
"Sinker",27,19.0811428571429,"Chase"
"Sinker",28,19.2392895752896,"Chase"
"Sinker",29,19.6616525096525,"Chase"
"Sinker",30,19.9382239382239,"Chase"
"Sinker",31,20.161963190184,"Chase"
"Sinker",32,20.3541550474066,"Chase"
"Sinker",33,20.4649507119387,"Chase"
"Sinker",34,20.566265060241,"Chase"
"Sinker",35,20.8379120879121,"Chase"
"Sinker",36,20.8772893772894,"Chase"
"Sinker",37,20.9517901453385,"Chase"
"Sinker",38,20.9812823576264,"Chase"
"Sinker",39,21.0227420402859,"Chase"
"Sinker",40,21.1164274322169,"Chase"
"Sinker",41,21.2121212121212,"Chase"
"Sinker",42,21.2222222222222,"Chase"
"Sinker",43,21.2946127946128,"Chase"
"Sinker",44,21.6931216931217,"Chase"
"Sinker",45,21.8964659034345,"Chase"
"Sinker",46,22.1029810298103,"Chase"
"Sinker",47,22.5488888888889,"Chase"
"Sinker",48,23,"Chase"
"Sinker",49,23.0657142857143,"Chase"
"Sinker",50,23.469387755102,"Chase"
"Sinker",51,23.577849117175,"Chase"
"Sinker",52,23.6593731519811,"Chase"
"Sinker",53,23.7781376518219,"Chase"
"Sinker",54,23.8755852842809,"Chase"
"Sinker",55,24.1304347826087,"Chase"
"Sinker",56,24.695652173913,"Chase"
"Sinker",57,25,"Chase"
"Sinker",58,25,"Chase"
"Sinker",59,25.1057142857143,"Chase"
"Sinker",60,25.202773925104,"Chase"
"Sinker",61,25.2766375814182,"Chase"
"Sinker",62,25.4071898734177,"Chase"
"Sinker",63,25.6471724137931,"Chase"
"Sinker",64,25.8802177858439,"Chase"
"Sinker",65,26.2704174228675,"Chase"
"Sinker",66,26.3467972256222,"Chase"
"Sinker",67,26.3671522276173,"Chase"
"Sinker",68,26.8051948051948,"Chase"
"Sinker",69,27.3197969543147,"Chase"
"Sinker",70,27.4335211661156,"Chase"
"Sinker",71,27.5294543698696,"Chase"
"Sinker",72,27.6228874939643,"Chase"
"Sinker",73,27.6789473684211,"Chase"
"Sinker",74,27.8296958855098,"Chase"
"Sinker",75,27.953488372093,"Chase"
"Sinker",76,28.0323595505618,"Chase"
"Sinker",77,28.1072954581421,"Chase"
"Sinker",78,28.1763625229639,"Chase"
"Sinker",79,28.2553582363748,"Chase"
"Sinker",80,28.2608695652174,"Chase"
"Sinker",81,28.6086956521739,"Chase"
"Sinker",82,28.8981818181818,"Chase"
"Sinker",83,29.2194366197183,"Chase"
"Sinker",84,29.6788732394366,"Chase"
"Sinker",85,30.0088495575221,"Chase"
"Sinker",86,30.0849557522124,"Chase"
"Sinker",87,30.5449614616043,"Chase"
"Sinker",88,30.7295285359802,"Chase"
"Sinker",89,30.9124668435013,"Chase"
"Sinker",90,31.4362236357549,"Chase"
"Sinker",91,32.1948489751888,"Chase"
"Sinker",92,32.8318112633181,"Chase"
"Sinker",93,34.2144216133942,"Chase"
"Sinker",94,34.4449692961738,"Chase"
"Sinker",95,34.4827586206897,"Chase"
"Sinker",96,34.7724137931035,"Chase"
"Sinker",97,35.9610169491525,"Chase"
"Sinker",98,37.6544751709783,"Chase"
"Sinker",99,38.7929824561404,"Chase"
"Sinker",100,40,"Chase"
"Slider",1,15.976231884058,"Chase"
"Slider",2,18.2090909090909,"Chase"
"Slider",3,18.4759259259259,"Chase"
"Slider",4,19.1257381889764,"Chase"
"Slider",5,19.5635190217391,"Chase"
"Slider",6,20,"Chase"
"Slider",7,20.7083333333333,"Chase"
"Slider",8,20.8333333333333,"Chase"
"Slider",9,21.488416988417,"Chase"
"Slider",10,21.6802344513188,"Chase"
"Slider",11,21.8745809732979,"Chase"
"Slider",12,22.0225971211887,"Chase"
"Slider",13,22.6324960069697,"Chase"
"Slider",14,23.0114942528736,"Chase"
"Slider",15,23.0769230769231,"Chase"
"Slider",16,23.4169566013551,"Chase"
"Slider",17,23.649494949495,"Chase"
"Slider",18,24.1784511784512,"Chase"
"Slider",19,24.396199659671,"Chase"
"Slider",20,24.4755576649264,"Chase"
"Slider",21,24.6164383561644,"Chase"
"Slider",22,24.6749688667497,"Chase"
"Slider",23,25,"Chase"
"Slider",24,25.0373831775701,"Chase"
"Slider",25,25.2404500499047,"Chase"
"Slider",26,25.322194092827,"Chase"
"Slider",27,25.3703482587065,"Chase"
"Slider",28,25.3909645909646,"Chase"
"Slider",29,25.4947851481018,"Chase"
"Slider",30,25.5665512122712,"Chase"
"Slider",31,25.79376114082,"Chase"
"Slider",32,25.920697167756,"Chase"
"Slider",33,26.0168601437258,"Chase"
"Slider",34,26.1374125874126,"Chase"
"Slider",35,26.2591093117409,"Chase"
"Slider",36,26.4353023909986,"Chase"
"Slider",37,26.6523206751055,"Chase"
"Slider",38,26.9456171735241,"Chase"
"Slider",39,27.0004918032787,"Chase"
"Slider",40,27.1053864168618,"Chase"
"Slider",41,27.1818181818182,"Chase"
"Slider",42,27.2727272727273,"Chase"
"Slider",43,27.6856725146199,"Chase"
"Slider",44,27.845288326301,"Chase"
"Slider",45,28.0187348912168,"Chase"
"Slider",46,28.1510693792384,"Chase"
"Slider",47,28.3071263401303,"Chase"
"Slider",48,28.5714285714286,"Chase"
"Slider",49,28.6917989417989,"Chase"
"Slider",50,28.8383838383838,"Chase"
"Slider",51,28.9508009153318,"Chase"
"Slider",52,28.9855072463768,"Chase"
"Slider",53,29.1666666666667,"Chase"
"Slider",54,29.2217948717949,"Chase"
"Slider",55,29.2872161480235,"Chase"
"Slider",56,29.3168784029038,"Chase"
"Slider",57,29.5313501144165,"Chase"
"Slider",58,29.61925,"Chase"
"Slider",59,29.8354301948052,"Chase"
"Slider",60,29.9527559055118,"Chase"
"Slider",61,30,"Chase"
"Slider",62,30.0623655913978,"Chase"
"Slider",63,30.1097292395388,"Chase"
"Slider",64,30.1723118890657,"Chase"
"Slider",65,30.4190841276419,"Chase"
"Slider",66,30.7655966081163,"Chase"
"Slider",67,31.0242252291576,"Chase"
"Slider",68,31.2590361445783,"Chase"
"Slider",69,31.3380686926812,"Chase"
"Slider",70,31.6893534273214,"Chase"
"Slider",71,32.3529411764706,"Chase"
"Slider",72,32.3936507936508,"Chase"
"Slider",73,32.675446789962,"Chase"
"Slider",74,32.7911386463907,"Chase"
"Slider",75,32.8665413533835,"Chase"
"Slider",76,33.0477732793522,"Chase"
"Slider",77,33.3333333333333,"Chase"
"Slider",78,33.3333333333333,"Chase"
"Slider",79,33.3333333333333,"Chase"
"Slider",80,33.4166666666667,"Chase"
"Slider",81,34.7375,"Chase"
"Slider",82,35.6325793777211,"Chase"
"Slider",83,35.7126245847176,"Chase"
"Slider",84,35.8168498168498,"Chase"
"Slider",85,36.6370665700133,"Chase"
"Slider",86,37.2336697771853,"Chase"
"Slider",87,37.5352564102564,"Chase"
"Slider",88,37.7471362201653,"Chase"
"Slider",89,37.9473180076628,"Chase"
"Slider",90,38.0952380952381,"Chase"
"Slider",91,38.1918767507003,"Chase"
"Slider",92,38.3713554987212,"Chase"
"Slider",93,38.7026294388723,"Chase"
"Slider",94,39.4154209284029,"Chase"
"Slider",95,40.5607576080017,"Chase"
"Slider",96,41.2229161010046,"Chase"
"Slider",97,42.1943663812823,"Chase"
"Slider",98,43.8139148986606,"Chase"
"Slider",99,44.4087221095335,"Chase"
"Slider",100,47.4452554744526,"Chase"
"Splitter",1,30.04375,"Chase"
"Splitter",2,30.0875,"Chase"
"Splitter",3,30.13125,"Chase"
"Splitter",4,30.175,"Chase"
"Splitter",5,30.21875,"Chase"
"Splitter",6,30.2625,"Chase"
"Splitter",7,30.30625,"Chase"
"Splitter",8,30.35,"Chase"
"Splitter",9,30.39375,"Chase"
"Splitter",10,30.4375,"Chase"
"Splitter",11,30.48125,"Chase"
"Splitter",12,30.525,"Chase"
"Splitter",13,30.56875,"Chase"
"Splitter",14,30.6125,"Chase"
"Splitter",15,30.65625,"Chase"
"Splitter",16,30.7,"Chase"
"Splitter",17,30.74375,"Chase"
"Splitter",18,30.7875,"Chase"
"Splitter",19,30.83125,"Chase"
"Splitter",20,30.875,"Chase"
"Splitter",21,30.91875,"Chase"
"Splitter",22,30.9625,"Chase"
"Splitter",23,31.00625,"Chase"
"Splitter",24,31.05,"Chase"
"Splitter",25,31.09375,"Chase"
"Splitter",26,31.1375,"Chase"
"Splitter",27,31.18125,"Chase"
"Splitter",28,31.225,"Chase"
"Splitter",29,31.26875,"Chase"
"Splitter",30,31.3125,"Chase"
"Splitter",31,31.35625,"Chase"
"Splitter",32,31.4,"Chase"
"Splitter",33,31.44375,"Chase"
"Splitter",34,31.4875,"Chase"
"Splitter",35,31.53125,"Chase"
"Splitter",36,31.575,"Chase"
"Splitter",37,31.61875,"Chase"
"Splitter",38,31.6625,"Chase"
"Splitter",39,31.70625,"Chase"
"Splitter",40,31.75,"Chase"
"Splitter",41,31.79375,"Chase"
"Splitter",42,31.8375,"Chase"
"Splitter",43,31.88125,"Chase"
"Splitter",44,31.925,"Chase"
"Splitter",45,31.96875,"Chase"
"Splitter",46,32.0125,"Chase"
"Splitter",47,32.05625,"Chase"
"Splitter",48,32.1,"Chase"
"Splitter",49,32.14375,"Chase"
"Splitter",50,32.1875,"Chase"
"Splitter",51,32.23125,"Chase"
"Splitter",52,32.275,"Chase"
"Splitter",53,32.31875,"Chase"
"Splitter",54,32.3625,"Chase"
"Splitter",55,32.40625,"Chase"
"Splitter",56,32.45,"Chase"
"Splitter",57,32.49375,"Chase"
"Splitter",58,32.5375,"Chase"
"Splitter",59,32.58125,"Chase"
"Splitter",60,32.625,"Chase"
"Splitter",61,32.66875,"Chase"
"Splitter",62,32.7125,"Chase"
"Splitter",63,32.75625,"Chase"
"Splitter",64,32.8,"Chase"
"Splitter",65,32.84375,"Chase"
"Splitter",66,32.8875,"Chase"
"Splitter",67,32.93125,"Chase"
"Splitter",68,32.975,"Chase"
"Splitter",69,33.01875,"Chase"
"Splitter",70,33.0625,"Chase"
"Splitter",71,33.10625,"Chase"
"Splitter",72,33.15,"Chase"
"Splitter",73,33.19375,"Chase"
"Splitter",74,33.2375,"Chase"
"Splitter",75,33.28125,"Chase"
"Splitter",76,33.325,"Chase"
"Splitter",77,33.36875,"Chase"
"Splitter",78,33.4125,"Chase"
"Splitter",79,33.45625,"Chase"
"Splitter",80,33.5,"Chase"
"Splitter",81,33.54375,"Chase"
"Splitter",82,33.5875,"Chase"
"Splitter",83,33.63125,"Chase"
"Splitter",84,33.675,"Chase"
"Splitter",85,33.71875,"Chase"
"Splitter",86,33.7625,"Chase"
"Splitter",87,33.80625,"Chase"
"Splitter",88,33.85,"Chase"
"Splitter",89,33.89375,"Chase"
"Splitter",90,33.9375,"Chase"
"Splitter",91,33.98125,"Chase"
"Splitter",92,34.025,"Chase"
"Splitter",93,34.06875,"Chase"
"Splitter",94,34.1125,"Chase"
"Splitter",95,34.15625,"Chase"
"Splitter",96,34.2,"Chase"
"Splitter",97,34.24375,"Chase"
"Splitter",98,34.2875,"Chase"
"Splitter",99,34.33125,"Chase"
"Splitter",100,34.375,"Chase"
"Sweeper",1,26.3535762483131,"Chase"
"Sweeper",2,26.391363022942,"Chase"
"Sweeper",3,26.4291497975708,"Chase"
"Sweeper",4,26.4669365721997,"Chase"
"Sweeper",5,26.5047233468286,"Chase"
"Sweeper",6,26.5425101214575,"Chase"
"Sweeper",7,26.5802968960864,"Chase"
"Sweeper",8,26.6180836707152,"Chase"
"Sweeper",9,26.6558704453441,"Chase"
"Sweeper",10,26.693657219973,"Chase"
"Sweeper",11,26.7314439946019,"Chase"
"Sweeper",12,26.7692307692308,"Chase"
"Sweeper",13,26.8070175438596,"Chase"
"Sweeper",14,26.8448043184885,"Chase"
"Sweeper",15,26.8825910931174,"Chase"
"Sweeper",16,26.9203778677463,"Chase"
"Sweeper",17,26.9581646423752,"Chase"
"Sweeper",18,26.995951417004,"Chase"
"Sweeper",19,27.0337381916329,"Chase"
"Sweeper",20,27.0715249662618,"Chase"
"Sweeper",21,27.1093117408907,"Chase"
"Sweeper",22,27.1470985155196,"Chase"
"Sweeper",23,27.1848852901484,"Chase"
"Sweeper",24,27.2226720647773,"Chase"
"Sweeper",25,27.2604588394062,"Chase"
"Sweeper",26,27.2982456140351,"Chase"
"Sweeper",27,27.336032388664,"Chase"
"Sweeper",28,27.3738191632928,"Chase"
"Sweeper",29,27.4116059379217,"Chase"
"Sweeper",30,27.4493927125506,"Chase"
"Sweeper",31,27.4871794871795,"Chase"
"Sweeper",32,27.5249662618084,"Chase"
"Sweeper",33,27.5627530364372,"Chase"
"Sweeper",34,27.6005398110661,"Chase"
"Sweeper",35,27.638326585695,"Chase"
"Sweeper",36,27.6761133603239,"Chase"
"Sweeper",37,27.7139001349528,"Chase"
"Sweeper",38,27.7516869095816,"Chase"
"Sweeper",39,27.7894736842105,"Chase"
"Sweeper",40,27.8272604588394,"Chase"
"Sweeper",41,27.8650472334683,"Chase"
"Sweeper",42,27.9028340080972,"Chase"
"Sweeper",43,27.940620782726,"Chase"
"Sweeper",44,27.9784075573549,"Chase"
"Sweeper",45,28.0161943319838,"Chase"
"Sweeper",46,28.0539811066127,"Chase"
"Sweeper",47,28.0917678812416,"Chase"
"Sweeper",48,28.1295546558704,"Chase"
"Sweeper",49,28.1673414304993,"Chase"
"Sweeper",50,28.2051282051282,"Chase"
"Sweeper",51,28.3623371164355,"Chase"
"Sweeper",52,28.5195460277427,"Chase"
"Sweeper",53,28.67675493905,"Chase"
"Sweeper",54,28.8339638503573,"Chase"
"Sweeper",55,28.9911727616646,"Chase"
"Sweeper",56,29.1483816729718,"Chase"
"Sweeper",57,29.3055905842791,"Chase"
"Sweeper",58,29.4627994955864,"Chase"
"Sweeper",59,29.6200084068936,"Chase"
"Sweeper",60,29.7772173182009,"Chase"
"Sweeper",61,29.9344262295082,"Chase"
"Sweeper",62,30.0916351408155,"Chase"
"Sweeper",63,30.2488440521227,"Chase"
"Sweeper",64,30.40605296343,"Chase"
"Sweeper",65,30.5632618747373,"Chase"
"Sweeper",66,30.7204707860446,"Chase"
"Sweeper",67,30.8776796973518,"Chase"
"Sweeper",68,31.0348886086591,"Chase"
"Sweeper",69,31.1920975199664,"Chase"
"Sweeper",70,31.3493064312736,"Chase"
"Sweeper",71,31.5065153425809,"Chase"
"Sweeper",72,31.6637242538882,"Chase"
"Sweeper",73,31.8209331651955,"Chase"
"Sweeper",74,31.9781420765027,"Chase"
"Sweeper",75,32.13535098781,"Chase"
"Sweeper",76,32.2925598991173,"Chase"
"Sweeper",77,32.4497688104245,"Chase"
"Sweeper",78,32.6069777217318,"Chase"
"Sweeper",79,32.7641866330391,"Chase"
"Sweeper",80,32.9213955443464,"Chase"
"Sweeper",81,33.0786044556536,"Chase"
"Sweeper",82,33.2358133669609,"Chase"
"Sweeper",83,33.3930222782682,"Chase"
"Sweeper",84,33.5502311895754,"Chase"
"Sweeper",85,33.7074401008827,"Chase"
"Sweeper",86,33.86464901219,"Chase"
"Sweeper",87,34.0218579234973,"Chase"
"Sweeper",88,34.1790668348045,"Chase"
"Sweeper",89,34.3362757461118,"Chase"
"Sweeper",90,34.4934846574191,"Chase"
"Sweeper",91,34.6506935687264,"Chase"
"Sweeper",92,34.8079024800336,"Chase"
"Sweeper",93,34.9651113913409,"Chase"
"Sweeper",94,35.1223203026482,"Chase"
"Sweeper",95,35.2795292139554,"Chase"
"Sweeper",96,35.4367381252627,"Chase"
"Sweeper",97,35.59394703657,"Chase"
"Sweeper",98,35.7511559478773,"Chase"
"Sweeper",99,35.9083648591845,"Chase"
"Sweeper",100,36.0655737704918,"Chase"
"Undefined",1,0,"Chase"
"Undefined",2,0,"Chase"
"Undefined",3,0,"Chase"
"Undefined",4,0,"Chase"
"Undefined",5,0,"Chase"
"Undefined",6,0,"Chase"
"Undefined",7,0,"Chase"
"Undefined",8,0,"Chase"
"Undefined",9,0,"Chase"
"Undefined",10,0,"Chase"
"Undefined",11,0,"Chase"
"Undefined",12,0,"Chase"
"Undefined",13,0,"Chase"
"Undefined",14,0,"Chase"
"Undefined",15,0,"Chase"
"Undefined",16,0,"Chase"
"Undefined",17,0,"Chase"
"Undefined",18,0,"Chase"
"Undefined",19,0,"Chase"
"Undefined",20,0,"Chase"
"Undefined",21,0,"Chase"
"Undefined",22,0,"Chase"
"Undefined",23,0,"Chase"
"Undefined",24,0,"Chase"
"Undefined",25,0,"Chase"
"Undefined",26,0,"Chase"
"Undefined",27,0,"Chase"
"Undefined",28,0,"Chase"
"Undefined",29,0,"Chase"
"Undefined",30,0,"Chase"
"Undefined",31,0,"Chase"
"Undefined",32,0,"Chase"
"Undefined",33,0,"Chase"
"Undefined",34,0,"Chase"
"Undefined",35,0,"Chase"
"Undefined",36,0,"Chase"
"Undefined",37,0,"Chase"
"Undefined",38,0,"Chase"
"Undefined",39,0,"Chase"
"Undefined",40,0,"Chase"
"Undefined",41,0,"Chase"
"Undefined",42,0,"Chase"
"Undefined",43,0,"Chase"
"Undefined",44,0,"Chase"
"Undefined",45,0,"Chase"
"Undefined",46,0,"Chase"
"Undefined",47,0,"Chase"
"Undefined",48,0,"Chase"
"Undefined",49,0,"Chase"
"Undefined",50,0,"Chase"
"Undefined",51,0,"Chase"
"Undefined",52,0,"Chase"
"Undefined",53,0,"Chase"
"Undefined",54,0,"Chase"
"Undefined",55,0,"Chase"
"Undefined",56,0,"Chase"
"Undefined",57,0,"Chase"
"Undefined",58,0,"Chase"
"Undefined",59,0,"Chase"
"Undefined",60,0,"Chase"
"Undefined",61,0,"Chase"
"Undefined",62,0,"Chase"
"Undefined",63,0,"Chase"
"Undefined",64,0,"Chase"
"Undefined",65,0,"Chase"
"Undefined",66,0,"Chase"
"Undefined",67,0,"Chase"
"Undefined",68,0,"Chase"
"Undefined",69,0,"Chase"
"Undefined",70,0,"Chase"
"Undefined",71,0,"Chase"
"Undefined",72,0,"Chase"
"Undefined",73,0,"Chase"
"Undefined",74,0,"Chase"
"Undefined",75,0,"Chase"
"Undefined",76,1.08108108108108,"Chase"
"Undefined",77,2.16216216216216,"Chase"
"Undefined",78,3.24324324324325,"Chase"
"Undefined",79,4.32432432432433,"Chase"
"Undefined",80,5.40540540540541,"Chase"
"Undefined",81,6.48648648648649,"Chase"
"Undefined",82,7.56756756756757,"Chase"
"Undefined",83,8.64864864864866,"Chase"
"Undefined",84,9.72972972972974,"Chase"
"Undefined",85,10.8108108108108,"Chase"
"Undefined",86,11.8918918918919,"Chase"
"Undefined",87,12.972972972973,"Chase"
"Undefined",88,14.054054054054,"Chase"
"Undefined",89,15.1351351351351,"Chase"
"Undefined",90,16.2162162162162,"Chase"
"Undefined",91,17.2972972972973,"Chase"
"Undefined",92,18.3783783783784,"Chase"
"Undefined",93,19.4594594594595,"Chase"
"Undefined",94,20.5405405405405,"Chase"
"Undefined",95,21.6216216216216,"Chase"
"Undefined",96,22.7027027027027,"Chase"
"Undefined",97,23.7837837837838,"Chase"
"Undefined",98,24.8648648648649,"Chase"
"Undefined",99,25.9459459459459,"Chase"
"Undefined",100,27.027027027027,"Chase"
