PitchNo,Date,Time,PAofInning,PitchofPA,Pitcher,PitcherId,PitcherThrows,PitcherTeam,Batter,BatterId,BatterSide,BatterTeam,PitcherSet,Inning,Top/Bottom,Outs,Balls,Strikes,TaggedPitchType,AutoPitchType,PitchCall,KorBB,TaggedHitType,PlayResult,OutsOnPlay,RunsScored,Notes,RelSpeed,VertRelAngle,HorzRelAngle,SpinRate,SpinAxis,Tilt,RelHeight,RelSide,Extension,VertBreak,InducedVertBreak,HorzBreak,PlateLocHeight,PlateLocSide,ZoneSpeed,VertApprAngle,HorzApprAngle,ZoneTime,ExitSpeed,Angle,Direction,HitSpinRate,PositionAt110X,PositionAt110Y,PositionAt110Z,Distance,LastTrackedDistance,Bearing,HangTime,pfxx,pfxz,x0,y0,z0,vx0,vy0,vz0,ax0,ay0,az0,HomeTeam,AwayTeam,Stadium,Level,League,GameID,PitchUID,EffectiveVelo,MaxHeight,MeasuredDuration,SpeedDrop,PitchLastMeasuredX,PitchLastMeasuredY,PitchLastMeasuredZ,ContactPositionX,ContactPositionY,ContactPositionZ,GameUID,UTCDate,UTCTime,LocalDateTime,UTCDateTime,AutoHitType,System,HomeTeamForeignID,AwayTeamForeignID,GameForeignID,Catcher,CatcherId,CatcherThrows,CatcherTeam,PlayID,PitchTrajectoryXc0,PitchTrajectoryXc1,PitchTrajectoryXc2,PitchTrajectoryYc0,PitchTrajectoryYc1,PitchTrajectoryYc2,PitchTrajectoryZc0,PitchTrajectoryZc1,PitchTrajectoryZc2,HitSpinAxis,HitTrajectoryXc0,HitTrajectoryXc1,HitTrajectoryXc2,HitTrajectoryXc3,HitTrajectoryXc4,HitTrajectoryXc5,HitTrajectoryXc6,HitTrajectoryXc7,HitTrajectoryXc8,HitTrajectoryYc0,HitTrajectoryYc1,HitTrajectoryYc2,HitTrajectoryYc3,HitTrajectoryYc4,HitTrajectoryYc5,HitTrajectoryYc6,HitTrajectoryYc7,HitTrajectoryYc8,HitTrajectoryZc0,HitTrajectoryZc1,HitTrajectoryZc2,HitTrajectoryZc3,HitTrajectoryZc4,HitTrajectoryZc5,HitTrajectoryZc6,HitTrajectoryZc7,HitTrajectoryZc8,ThrowSpeed,PopTime,ExchangeTime,TimeToBase,CatchPositionX,CatchPositionY,CatchPositionZ,ThrowPositionX,ThrowPositionY,ThrowPositionZ,BasePositionX,BasePositionY,BasePositionZ,ThrowTrajectoryXc0,ThrowTrajectoryXc1,ThrowTrajectoryXc2,ThrowTrajectoryYc0,ThrowTrajectoryYc1,ThrowTrajectoryYc2,ThrowTrajectoryZc0,ThrowTrajectoryZc1,ThrowTrajectoryZc2,PitchReleaseConfidence,PitchLocationConfidence,PitchMovementConfidence,HitLaunchConfidence,HitLandingConfidence,CatcherThrowCatchConfidence,CatcherThrowReleaseConfidence,CatcherThrowLocationConfidence,SpinAxis3dTransverseAngle,SpinAxis3dLongitudinalAngle,SpinAxis3dActiveSpinRate,SpinAxis3dSpinEfficiency,SpinAxis3dTilt,SpinAxis3dVectorX,SpinAxis3dVectorY,SpinAxis3dVectorZ,SpinAxis3dSeamOrientationRotationX,SpinAxis3dSeamOrientationRotationY,SpinAxis3dSeamOrientationRotationZ,SpinAxis3dSeamOrientationBallAngleHorizontalAmb1,SpinAxis3dSeamOrientationBallAngleVerticalAmb1,SpinAxis3dSeamOrientationBallXAmb1,SpinAxis3dSeamOrientationBallYAmb1,SpinAxis3dSeamOrientationBallZAmb1,SpinAxis3dSeamOrientationBallAngleHorizontalAmb2,SpinAxis3dSeamOrientationBallAngleVerticalAmb2,SpinAxis3dSeamOrientationBallXAmb2,SpinAxis3dSeamOrientationBallYAmb2,SpinAxis3dSeamOrientationBallZAmb2,SpinAxis3dSeamOrientationBallAngleHorizontalAmb3,SpinAxis3dSeamOrientationBallAngleVerticalAmb3,SpinAxis3dSeamOrientationBallXAmb3,SpinAxis3dSeamOrientationBallYAmb3,SpinAxis3dSeamOrientationBallZAmb3,SpinAxis3dSeamOrientationBallAngleHorizontalAmb4,SpinAxis3dSeamOrientationBallAngleVerticalAmb4,SpinAxis3dSeamOrientationBallXAmb4,SpinAxis3dSeamOrientationBallYAmb4,SpinAxis3dSeamOrientationBallZAmb4
1,2025-09-03,11:33:53,1,1,"Tovar, Jesus",821349,Left,TEX_BOB,"Tovar, Jesus",821349,Right,TEX_BOB,Undefined,1,Top,0,0,0,Fastball,Sinker,BallCalled,Undefined,Undefined,Undefined,0,0,NA,87.8076,-0.567485,2.096448,1954.617768,137.329717,10:30:00,5.95523,-2.4416,5.78954,-22.4793,14.42828,-12.06855,3.55365,-1.4961,79.10581,-4.816757,-0.064313,0.437249,NA,NA,NA,NA,NA,NA,NA,NA,NA,NA,NA,6.77241,7.9126,2.27594,50,5.89519,-4.13287,-127.26376,-1.96564,10.94445,29.68177,-19.38702,TEX_BOB,TEX_BOB,TexasStateUniversity,TeamExclusive,Team,20250903-TexasStateUniversity-Private-2,c797bf50-88e3-11f0-b3c0-9d9a300a2491,86.20355,NA,NA,8.70179,NA,NA,NA,NA,NA,NA,f59475ce-8e80-40be-9121-5d6cd58cf45c,2025-09-03,16:33:53,2025-09-03T16:33:53Z,2025-09-03T16:33:53Z,NA,v3,471452,471452,NA,"Collier, Ian",822899,Right,TEX_BOB,9b5a3b35-222c-4cb0-bcbd-b8f232d7e6a5,54.70786,-128.35708,14.84089,5.95444,-1.25152,-9.69351,2.43559,-4.53601,5.47223,NA,NA,NA,NA,NA,NA,NA,NA,NA,NA,NA,NA,NA,NA,NA,NA,NA,NA,NA,NA,NA,NA,NA,NA,NA,NA,NA,NA,NA,NA,NA,NA,NA,NA,NA,NA,NA,NA,NA,NA,NA,NA,NA,NA,NA,NA,NA,NA,NA,NA,High,High,High,NA,NA,NA,NA,NA,126.416829,-17.346304,1865.722065,0.95452,10:15:00,0.311059,0.771036,-0.555649,18.613188,-51.812818,36.215399,179.998502,-7.392769,2.6E-05,-0.12867,-0.991687,7.392769,-0.001485,0.12867,-2.6E-05,0.991687,-7.392769,0.001485,-0.12867,2.6E-05,0.991687,-179.998502,7.392769,-2.6E-05,0.12867,-0.991687
2,2025-09-03,11:34:06,1,2,"Tovar, Jesus",821349,Left,TEX_BOB,"Tovar, Jesus",821349,Right,TEX_BOB,Undefined,1,Top,0,1,0,Fastball,Four-Seam,BallCalled,Undefined,Undefined,Undefined,0,0,NA,88.90307,-0.315131,3.900319,1937.660328,144.138481,10:45:00,5.99585,-2.14088,5.28519,-22.10541,14.66938,-9.64351,3.8571,0.724,80.05804,-4.45495,2.195123,0.436462,NA,NA,NA,NA,NA,NA,NA,NA,NA,NA,NA,6.00063,7.80327,1.7919,50,5.95139,-8.31127,-128.53547,-1.46767,9.91354,29.74555,-19.28242,TEX_BOB,TEX_BOB,TexasStateUniversity,TeamExclusive,Team,20250903-TexasStateUniversity-Private-2,cf8132f0-88e3-11f0-b3c0-9d9a300a2491,86.35907,NA,NA,8.84503,NA,NA,NA,NA,NA,NA,f59475ce-8e80-40be-9121-5d6cd58cf45c,2025-09-03,16:34:06,2025-09-03T16:34:06Z,2025-09-03T16:34:06Z,NA,v3,471452,471452,NA,"Collier, Ian",822899,Right,TEX_BOB,5625a582-b6f8-427e-8eff-ccc2a817e25c,55.2115,-129.73591,14.87278,5.99492,-0.68949,-9.64121,2.13539,-8.71135,4.95677,NA,NA,NA,NA,NA,NA,NA,NA,NA,NA,NA,NA,NA,NA,NA,NA,NA,NA,NA,NA,NA,NA,NA,NA,NA,NA,NA,NA,NA,NA,NA,NA,NA,NA,NA,NA,NA,NA,NA,NA,NA,NA,NA,NA,NA,NA,NA,NA,NA,NA,High,High,High,NA,NA,NA,NA,NA,127.90538,-17.970163,1843.136039,0.951217,10:15:00,0.343435,0.752221,-0.562331,21.078751,-49.721975,41.106644,176.650991,-1.089121,0.058407,-0.019008,-0.998112,1.090983,-3.348403,0.019008,-0.058407,0.998112,-1.090983,3.348403,-0.019008,0.058407,0.998112,-176.650991,1.089121,-0.058407,0.019008,-0.998112
3,2025-09-03,11:34:20,1,3,"Tovar, Jesus",821349,Left,TEX_BOB,"Tovar, Jesus",821349,Right,TEX_BOB,Undefined,1,Top,0,2,0,Fastball,Sinker,BallCalled,Undefined,Undefined,Undefined,0,0,NA,89.41207,-1.335316,2.258518,2015.835066,136.718615,10:30:00,5.99511,-2.38625,5.72623,-19.60977,16.19064,-13.9895,3.11604,-1.44734,80.33326,-5.063505,-0.243116,0.430641,NA,NA,NA,NA,NA,NA,NA,NA,NA,NA,NA,7.82831,9.04489,2.20629,50,5.87176,-4.48798,-129.51218,-3.6267,13.06009,31.52915,-17.08428,TEX_BOB,TEX_BOB,TexasStateUniversity,TeamExclusive,Team,20250903-TexasStateUniversity-Private-2,d8526e80-88e3-11f0-b3c0-9d9a300a2491,87.52631,NA,NA,9.07881,NA,NA,NA,NA,NA,NA,f59475ce-8e80-40be-9121-5d6cd58cf45c,2025-09-03,16:34:20,2025-09-03T16:34:20Z,2025-09-03T16:34:20Z,NA,v3,471452,471452,NA,"Collier, Ian",822899,Right,TEX_BOB,029034b7-ca2e-4567-84c4-f08af39c004a,54.77177,-130.66868,15.76457,5.9933,-3.00004,-8.54214,2.37969,-4.96702,6.53004,NA,NA,NA,NA,NA,NA,NA,NA,NA,NA,NA,NA,NA,NA,NA,NA,NA,NA,NA,NA,NA,NA,NA,NA,NA,NA,NA,NA,NA,NA,NA,NA,NA,NA,NA,NA,NA,NA,NA,NA,NA,NA,NA,NA,NA,NA,NA,NA,NA,NA,High,High,High,NA,NA,NA,NA,NA,126.895185,-11.613699,1974.565166,0.979527,10:15:00,0.206035,0.787841,-0.580393,17.828968,-45.490472,42.140389,176.315234,8.674692,0.063532,0.150824,-0.986517,8.692388,3.642557,0.150824,0.063532,0.986517,-8.692388,-3.642557,-0.150824,-0.063532,0.986517,-176.315234,-8.674692,-0.063532,-0.150824,-0.986517
4,2025-09-03,11:34:33,1,4,"Tovar, Jesus",821349,Left,TEX_BOB,"Tovar, Jesus",821349,Right,TEX_BOB,Undefined,1,Top,0,3,0,Curveball,Slider,BallIntentional,Walk,Undefined,Undefined,0,0,NA,78.40799,0.208302,3.41029,2263.596142,311.076649,4:15:00,5.80753,-2.40952,5.03588,-51.43034,-3.70528,6.17067,1.71855,1.32599,71.33054,-9.085108,4.498627,0.497215,NA,NA,NA,NA,NA,NA,NA,NA,NA,NA,NA,-1.95662,-1.3928,2.07822,50,5.78643,-7.01543,-113.43374,-1.436,-2.51136,23.63443,-33.96172,TEX_BOB,TEX_BOB,TexasStateUniversity,TeamExclusive,Team,20250903-TexasStateUniversity-Private-2,dfefe500-88e3-11f0-b3c0-9d9a300a2491,75.80706,NA,NA,7.07745,NA,NA,NA,NA,NA,NA,f59475ce-8e80-40be-9121-5d6cd58cf45c,2025-09-03,16:34:33,2025-09-03T16:34:33Z,2025-09-03T16:34:33Z,NA,v3,471452,471452,NA,"Collier, Ian",822899,Right,TEX_BOB,c62e018c-84b5-4db3-ad25-b75c65ff5e36,55.46436,-114.56661,11.81721,5.81625,0.19188,-16.98086,2.4116,-6.89505,-1.25568,NA,NA,NA,NA,NA,NA,NA,NA,NA,NA,NA,NA,NA,NA,NA,NA,NA,NA,NA,NA,NA,NA,NA,NA,NA,NA,NA,NA,NA,NA,NA,NA,NA,NA,NA,NA,NA,NA,NA,NA,NA,NA,NA,NA,NA,NA,NA,NA,NA,NA,High,High,High,NA,NA,NA,NA,NA,323.639262,-70.528401,754.546128,0.33334,4:45:00,0.924446,-0.201052,0.324003,-88.319049,12.10676,27.509148,132.612265,-29.116494,0.642952,-0.486587,-0.591478,39.442843,-40.01226,0.486587,-0.642952,0.591478,-39.442843,40.01226,-0.486587,0.642952,0.591478,-132.612265,29.116494,-0.642952,0.486587,-0.591478
5,2025-09-03,11:34:47,2,1,"Tovar, Jesus",821349,Left,TEX_BOB,"Tovar, Jesus",821349,Right,TEX_BOB,Undefined,1,Top,0,0,0,Curveball,Curveball,StrikeCalled,Undefined,Undefined,Undefined,0,0,NA,76.67578,1.323864,1.552783,2051.013825,302.81996,4:00:00,5.7686,-2.41194,5.49213,-53.53534,-4.86445,10.05544,2.54648,-0.121,70.0044,-8.444089,3.344923,0.502118,NA,NA,NA,NA,NA,NA,NA,NA,NA,NA,NA,-4.58217,-2.35236,2.26899,50,5.84848,-3.40275,-111.22448,0.79135,-5.68254,21.81322,-35.09132,TEX_BOB,TEX_BOB,TexasStateUniversity,TeamExclusive,Team,20250903-TexasStateUniversity-Private-2,e82f40d0-88e3-11f0-b3c0-9d9a300a2491,75.06686,NA,NA,6.67138,NA,NA,NA,NA,NA,NA,f59475ce-8e80-40be-9121-5d6cd58cf45c,2025-09-03,16:34:47,2025-09-03T16:34:47Z,2025-09-03T16:34:47Z,NA,v3,471452,471452,NA,"Collier, Ian",822899,Right,TEX_BOB,22b9382c-3edd-49d2-8e56-b1dbad016ff4,55.00969,-112.20267,10.90661,5.77771,2.36499,-17.54566,2.41587,-3.14792,-2.84127,NA,NA,NA,NA,NA,NA,NA,NA,NA,NA,NA,NA,NA,NA,NA,NA,NA,NA,NA,NA,NA,NA,NA,NA,NA,NA,NA,NA,NA,NA,NA,NA,NA,NA,NA,NA,NA,NA,NA,NA,NA,NA,NA,NA,NA,NA,NA,NA,NA,NA,High,High,High,NA,NA,NA,NA,NA,314.785833,-68.354428,756.545081,0.368864,4:30:00,0.915806,-0.283204,0.28477,-69.43973,-15.075278,26.65951,128.405009,-18.801214,0.741826,-0.322286,-0.58807,28.724506,-47.887202,0.322286,-0.741826,0.58807,-28.724506,47.887202,-0.322286,0.741826,0.58807,-128.405009,18.801214,-0.741826,0.322286,-0.58807
6,2025-09-03,11:35:01,2,2,"Tovar, Jesus",821349,Left,TEX_BOB,"Tovar, Jesus",821349,Right,TEX_BOB,Undefined,1,Top,0,0,1,Curveball,Curveball,BallCalled,Undefined,Undefined,Undefined,0,0,NA,76.2623,-0.453148,2.659711,2224.673747,303.352165,4:00:00,5.84103,-2.33935,5.30043,-57.09625,-7.20205,13.54831,0.65711,1.28853,69.78124,-10.763103,5.066694,0.508389,NA,NA,NA,NA,NA,NA,NA,NA,NA,NA,NA,-5.985,-3.06792,2.08697,50,5.75787,-5.648,-110.50735,-2.79287,-7.27603,22.79231,-35.90375,TEX_BOB,TEX_BOB,TexasStateUniversity,TeamExclusive,Team,20250903-TexasStateUniversity-Private-2,f099a440-88e3-11f0-b3c0-9d9a300a2491,74.14089,NA,NA,6.48105,NA,NA,NA,NA,NA,NA,f59475ce-8e80-40be-9121-5d6cd58cf45c,2025-09-03,16:35:01,2025-09-03T16:35:01Z,2025-09-03T16:35:01Z,NA,v3,471452,471452,NA,"Collier, Ian",822899,Right,TEX_BOB,a0449e29-cfb6-4f40-b9ec-c5800456d050,55.20297,-111.57531,11.39616,5.84932,-1.11056,-17.95187,2.34362,-5.30707,-3.63802,NA,NA,NA,NA,NA,NA,NA,NA,NA,NA,NA,NA,NA,NA,NA,NA,NA,NA,NA,NA,NA,NA,NA,NA,NA,NA,NA,NA,NA,NA,NA,NA,NA,NA,NA,NA,NA,NA,NA,NA,NA,NA,NA,NA,NA,NA,NA,NA,NA,NA,High,High,High,NA,NA,NA,NA,NA,321.595657,-63.098954,1006.55585,0.452451,4:45:00,0.876568,-0.274004,0.395664,-79.556584,-9.493471,32.286312,134.261832,-24.44662,0.651952,-0.413845,-0.635366,33.078176,-40.688959,0.413845,-0.651952,0.635366,-33.078176,40.688959,-0.413845,0.651952,0.635366,-134.261832,24.44662,-0.651952,0.413845,-0.635366
7,2025-09-03,11:35:20,2,3,"Tovar, Jesus",821349,Left,TEX_BOB,"Tovar, Jesus",821349,Right,TEX_BOB,Undefined,1,Top,0,1,1,Fastball,Sinker,BallCalled,Undefined,Undefined,Undefined,0,0,NA,87.26805,-1.751399,1.37416,2067.015091,129.841392,10:15:00,5.96489,-2.50619,5.73475,-23.56029,13.76607,-14.91804,2.36954,-2.46941,79.04861,-6.170839,-1.29673,0.439723,NA,NA,NA,NA,NA,NA,NA,NA,NA,NA,NA,7.99217,7.93508,2.40085,50,5.80463,-2.3956,-126.53151,-4.6257,12.80501,28.64269,-19.46048,TEX_BOB,TEX_BOB,TexasStateUniversity,TeamExclusive,Team,20250903-TexasStateUniversity-Private-2,fba20b20-88e3-11f0-b3c0-9d9a300a2491,85.71859,NA,NA,8.21944,NA,NA,NA,NA,NA,NA,f59475ce-8e80-40be-9121-5d6cd58cf45c,2025-09-03,16:35:20,2025-09-03T16:35:20Z,2025-09-03T16:35:20Z,NA,v3,471452,471452,NA,"Collier, Ian",822899,Right,TEX_BOB,ff0f6cb0-4fe2-48f2-b50d-7ac386d2f94f,54.76429,-127.60544,14.32135,5.96438,-3.89605,-9.73024,2.49967,-2.87571,6.40251,NA,NA,NA,NA,NA,NA,NA,NA,NA,NA,NA,NA,NA,NA,NA,NA,NA,NA,NA,NA,NA,NA,NA,NA,NA,NA,NA,NA,NA,NA,NA,NA,NA,NA,NA,NA,NA,NA,NA,NA,NA,NA,NA,NA,NA,NA,NA,NA,NA,NA,High,High,High,NA,NA,NA,NA,NA,128.21021,-15.222617,1994.489574,0.964913,10:15:00,0.25352,0.765848,-0.590936,26.909474,-54.868124,38.793674,174.631335,0.781001,0.093555,0.013631,-0.995521,0.784442,5.368165,0.013631,0.093555,0.995521,-0.784442,-5.368165,-0.013631,-0.093555,0.995521,-174.631335,-0.781001,-0.093555,-0.013631,-0.995521
8,2025-09-03,11:35:38,2,4,"Tovar, Jesus",821349,Left,TEX_BOB,"Tovar, Jesus",821349,Right,TEX_BOB,Undefined,1,Top,0,2,1,Fastball,Sinker,BallCalled,Undefined,Undefined,Undefined,0,0,NA,88.48646,-2.542533,4.269594,1964.782825,122.434759,10:00:00,5.98841,-2.27808,5.38631,-25.10364,11.55894,-16.26969,1.505,0.37563,80.80199,-7.176605,1.384829,0.435796,NA,NA,NA,NA,NA,NA,NA,NA,NA,NA,NA,9.35493,6.89122,1.90743,50,5.74284,-8.82434,-127.98218,-6.59103,15.49152,26.80177,-20.76238,TEX_BOB,TEX_BOB,TexasStateUniversity,TeamExclusive,Team,20250903-TexasStateUniversity-Private-2,067ece20-88e4-11f0-b3c0-9d9a300a2491,86.49109,NA,NA,7.68447,NA,NA,NA,NA,NA,NA,f59475ce-8e80-40be-9121-5d6cd58cf45c,2025-09-03,16:35:38,2025-09-03T16:35:38Z,2025-09-03T16:35:38Z,NA,v3,471452,471452,NA,"Collier, Ian",822899,Right,TEX_BOB,e0cf9b65-8889-42c8-98d0-bbba22bd753f,55.11431,-129.04876,13.40088,5.98869,-5.76478,-10.38119,2.27087,-9.44083,7.74576,NA,NA,NA,NA,NA,NA,NA,NA,NA,NA,NA,NA,NA,NA,NA,NA,NA,NA,NA,NA,NA,NA,NA,NA,NA,NA,NA,NA,NA,NA,NA,NA,NA,NA,NA,NA,NA,NA,NA,NA,NA,NA,NA,NA,NA,NA,NA,NA,NA,NA,High,High,High,NA,NA,NA,NA,NA,127.45181,-17.378535,1875.094992,0.954352,10:15:00,0.307251,0.770131,-0.559013,18.414477,-44.35356,43.768176,171.425587,1.887491,0.149013,0.032937,-0.988287,1.90881,8.569725,0.032937,0.149013,0.988287,-1.90881,-8.569725,-0.032937,-0.149013,0.988287,-171.425587,-1.887491,-0.149013,-0.032937,-0.988287
9,2025-09-03,11:35:51,2,5,"Tovar, Jesus",821349,Left,TEX_BOB,"Tovar, Jesus",821349,Right,TEX_BOB,Undefined,1,Top,0,3,1,Curveball,Curveball,InPlay,Undefined,GroundBall,Single,0,0,NA,74.75131,-0.766854,2.331939,2030.366453,301.352495,4:00:00,5.91362,-2.38749,4.56331,-58.05641,-4.6424,10.7063,0.34511,0.72526,68.34668,-11.121772,4.210395,0.526016,NA,NA,NA,NA,NA,NA,NA,NA,NA,NA,NA,-4.50323,-1.55063,2.13462,50,5.77937,-4.83863,-108.16768,-3.53988,-5.24798,21.74844,-33.98111,TEX_BOB,TEX_BOB,TexasStateUniversity,TeamExclusive,Team,20250903-TexasStateUniversity-Private-2,0eb26a20-88e4-11f0-b3c0-9d9a300a2491,71.65643,NA,NA,6.40463,NA,NA,NA,NA,NA,NA,f59475ce-8e80-40be-9121-5d6cd58cf45c,2025-09-03,16:35:51,2025-09-03T16:35:51Z,2025-09-03T16:35:51Z,NA,v3,471452,471452,NA,"Collier, Ian",822899,Right,TEX_BOB,7a118ad0-ebd9-44be-bff7-953183c773bd,55.93876,-109.35523,10.87422,5.922,-1.68439,-16.99056,2.391,-4.55207,-2.62399,NA,NA,NA,NA,NA,NA,NA,NA,NA,NA,NA,NA,NA,NA,NA,NA,NA,NA,NA,NA,NA,NA,NA,NA,NA,NA,NA,NA,NA,NA,NA,NA,NA,NA,NA,NA,NA,NA,NA,NA,NA,NA,NA,NA,NA,NA,NA,NA,NA,NA,High,High,High,NA,NA,NA,NA,NA,323.001891,-62.407072,940.438632,0.463187,4:45:00,0.874123,-0.266854,0.40583,20.239883,-45.133475,65.426078,122.72808,-21.887482,0.780607,-0.372785,-0.501681,36.614994,-51.316185,0.372785,-0.780607,0.501681,-36.614994,51.316185,-0.372785,0.780607,0.501681,-122.72808,21.887482,-0.780607,0.372785,-0.501681
10,2025-09-03,11:36:06,3,1,"Tovar, Jesus",821349,Left,TEX_BOB,"Tovar, Jesus",821349,Right,TEX_BOB,Undefined,1,Top,0,0,0,Curveball,Curveball,StrikeCalled,Undefined,Undefined,Undefined,0,0,NA,77.32126,0.818058,1.741649,2014.665749,302.10871,4:00:00,5.89108,-2.46358,5.0827,-54.67637,-5.63851,11.79674,2.10626,0.16175,70.10783,-9.088314,3.828942,0.504008,NA,NA,NA,NA,NA,NA,NA,NA,NA,NA,NA,-5.2565,-2.51894,2.28893,50,5.92576,-3.8888,-111.97935,-0.34149,-6.54901,23.76448,-35.31237,TEX_BOB,TEX_BOB,TexasStateUniversity,TeamExclusive,Team,20250903-TexasStateUniversity-Private-2,17211350-88e4-11f0-b3c0-9d9a300a2491,74.78545,NA,NA,7.21343,NA,NA,NA,NA,NA,NA,f59475ce-8e80-40be-9121-5d6cd58cf45c,2025-09-03,16:36:06,2025-09-03T16:36:06Z,2025-09-03T16:36:06Z,NA,v3,471452,471452,NA,"Collier, Ian",822899,Right,TEX_BOB,79c0ca5d-ed39-43f0-918e-0534675feb8b,55.41779,-113.12328,11.88224,5.90129,1.35831,-17.65618,2.46853,-3.57355,-3.2745,NA,NA,NA,NA,NA,NA,NA,NA,NA,NA,NA,NA,NA,NA,NA,NA,NA,NA,NA,NA,NA,NA,NA,NA,NA,NA,NA,NA,NA,NA,NA,NA,NA,NA,NA,NA,NA,NA,NA,NA,NA,NA,NA,NA,NA,NA,NA,NA,NA,NA,High,High,High,NA,NA,NA,NA,NA,324.44803,-65.171429,845.967621,0.419905,4:45:00,0.893189,-0.257083,0.368947,-116.061511,11.167137,12.199251,130.445784,-15.920908,0.731828,-0.27431,-0.623844,23.735555,-47.039896,0.27431,-0.731828,0.623844,-23.735555,47.039896,-0.27431,0.731828,0.623844,-130.445784,15.920908,-0.731828,0.27431,-0.623844
11,2025-09-03,11:36:17,3,2,"Tovar, Jesus",821349,Left,TEX_BOB,"Tovar, Jesus",821349,Right,TEX_BOB,Undefined,1,Top,0,0,1,Curveball,Curveball,StrikeCalled,Undefined,Undefined,Undefined,0,0,NA,77.25103,0.839087,1.426407,2143.708851,325.090713,4:45:00,5.96699,-2.40808,5.32146,-52.874,-4.78445,4.43213,2.34859,-0.69981,70.75626,-8.766789,2.214521,0.499111,NA,NA,NA,NA,NA,NA,NA,NA,NA,NA,NA,-1.7898,-2.13264,2.27563,50,6.00492,-2.96674,-112.07894,-0.1775,-2.26229,21.44978,-34.86965,TEX_BOB,TEX_BOB,TexasStateUniversity,TeamExclusive,Team,20250903-TexasStateUniversity-Private-2,1de93870-88e4-11f0-b3c0-9d9a300a2491,75.51921,NA,NA,6.49477,NA,NA,NA,NA,NA,NA,f59475ce-8e80-40be-9121-5d6cd58cf45c,2025-09-03,16:36:17,2025-09-03T16:36:17Z,2025-09-03T16:36:17Z,NA,v3,471452,471452,NA,"Collier, Ian",822899,Right,TEX_BOB,df809f29-448a-4c2d-b7af-dd42a7dbe7b8,55.1801,-113.06596,10.72489,5.97617,1.42705,-17.43482,2.40975,-2.86263,-1.13115,NA,NA,NA,NA,NA,NA,NA,NA,NA,NA,NA,NA,NA,NA,NA,NA,NA,NA,NA,NA,NA,NA,NA,NA,NA,NA,NA,NA,NA,NA,NA,NA,NA,NA,NA,NA,NA,NA,NA,NA,NA,NA,NA,NA,NA,NA,NA,NA,NA,NA,High,High,High,NA,NA,NA,NA,NA,323.135478,-65.502269,888.904317,0.414657,4:45:00,0.897698,-0.262063,0.354205,-113.013052,18.958556,9.081794,131.556318,-23.848434,0.684413,-0.404319,-0.606717,33.679628,-43.189422,0.404319,-0.684413,0.606717,-33.679628,43.189422,-0.404319,0.684413,0.606717,-131.556318,23.848434,-0.684413,0.404319,-0.606717
12,2025-09-03,11:36:32,3,3,"Tovar, Jesus",821349,Left,TEX_BOB,"Tovar, Jesus",821349,Right,TEX_BOB,Undefined,1,Top,0,0,2,Fastball,Sinker,BallCalled,Undefined,Undefined,Undefined,3,0,NA,89.37598,-3.13895,2.860288,2090.277281,129.836164,10:15:00,6.066,-2.19751,5.66067,-20.65422,14.8917,-16.4178,1.41097,-0.89606,81.53626,-7.000975,-0.071942,0.429108,NA,NA,NA,NA,NA,NA,NA,NA,NA,NA,NA,9.16217,8.82209,1.96592,50,5.78689,-5.75248,-129.44141,-7.78271,15.4875,27.94873,-17.26145,TEX_BOB,TEX_BOB,TexasStateUniversity,TeamExclusive,Team,20250903-TexasStateUniversity-Private-2,26fde5a0-88e4-11f0-b3c0-9d9a300a2491,87.83911,NA,NA,7.83972,NA,NA,NA,NA,NA,NA,f59475ce-8e80-40be-9121-5d6cd58cf45c,2025-09-03,16:36:32,2025-09-03T16:36:32Z,2025-09-03T16:36:32Z,NA,v3,471452,471452,NA,"Collier, Ian",822899,Right,TEX_BOB,3ed8d088-71e4-4baf-a7c9-22a11ea72bf8,54.84032,-130.48233,13.97436,6.06477,-7.13982,-8.63073,2.19091,-6.3293,7.74375,NA,NA,NA,NA,NA,NA,NA,NA,NA,NA,NA,NA,NA,NA,NA,NA,NA,NA,NA,NA,NA,NA,NA,NA,NA,NA,NA,NA,NA,NA,NA,NA,NA,NA,NA,NA,NA,NA,NA,NA,NA,NA,NA,NA,NA,NA,NA,NA,NA,NA,High,High,High,NA,NA,NA,NA,NA,126.731437,-16.877342,2000.245834,0.956928,10:15:00,0.276143,0.781675,-0.559222,-2.109491,-54.573299,65.396456,178.665396,6.3746,0.023147,0.111028,-0.993548,6.376316,1.326351,0.111028,0.023147,0.993548,-6.376316,-1.326351,-0.111028,-0.023147,0.993548,-178.665396,-6.3746,-0.023147,-0.111028,-0.993548
,,,,,,,,,,,,,,,,,,,,,,,,,,,,,,,,,,,,,,,,,,,,,,,,,,,,,,,,,,,,,,,,,,,,,,,,,,,,,,,,,,,,,,,,,,,,,,,,,,,,,,,,,,,,,,,,,,,,,,,,,,,,,,,,,,,,,,,,,,,,,,,,,,,,,,,,,,,,,,,,,,,,,,,,,,,,,,,,,,,,,,,,,,,,,,,,,,,,,
,,,,,,,,,,,,,,,,,,,,,,,,,,,,,,,,,,,,,,,,,,,,,,,,,,,,,,,,,,,,,,,,,,,,,,,,,,,,,,,,,,,,,,,,,,,,,,,,,,,,,,,,,,,,,,,,,,,,,,,,,,,,,,,,,,,,,,,,,,,,,,,,,,,,,,,,,,,,,,,,,,,,,,,,,,,,,,,,,,,,,,,,,,,,,,,,,,,,,
,,,,,,,,,,,,,,,,,,,,,,,,,,,,,,,,,,,,,,,,,,,,,,,,,,,,,,,,,,,,,,,,,,,,,,,,,,,,,,,,,,,,,,,,,,,,,,,,,,,,,,,,,,,,,,,,,,,,,,,,,,,,,,,,,,,,,,,,,,,,,,,,,,,,,,,,,,,,,,,,,,,,,,,,,,,,,,,,,,,,,,,,,,,,,,,,,,,,,
,,,,,,,,,,,,,,,,,,,,,,,,,,,,,,,,,,,,,,,,,,,,,,,,,,,,,,,,,,,,,,,,,,,,,,,,,,,,,,,,,,,,,,,,,,,,,,,,,,,,,,,,,,,,,,,,,,,,,,,,,,,,,,,,,,,,,,,,,,,,,,,,,,,,,,,,,,,,,,,,,,,,,,,,,,,,,,,,,,,,,,,,,,,,,,,,,,,,,
,,,,,,,,,,,,,,,,,,,,,,,,,,,,,,,,,,,,,,,,,,,,,,,,,,,,,,,,,,,,,,,,,,,,,,,,,,,,,,,,,,,,,,,,,,,,,,,,,,,,,,,,,,,,,,,,,,,,,,,,,,,,,,,,,,,,,,,,,,,,,,,,,,,,,,,,,,,,,,,,,,,,,,,,,,,,,,,,,,,,,,,,,,,,,,,,,,,,,
,,,,,,,,,,,,,,,,,,,,,,,,,,,,,,,,,,,,,,,,,,,,,,,,,,,,,,,,,,,,,,,,,,,,,,,,,,,,,,,,,,,,,,,,,,,,,,,,,,,,,,,,,,,,,,,,,,,,,,,,,,,,,,,,,,,,,,,,,,,,,,,,,,,,,,,,,,,,,,,,,,,,,,,,,,,,,,,,,,,,,,,,,,,,,,,,,,,,,
,,,,,,,,,,,,,,,,,,,,,,,,,,,,,,,,,,,,,,,,,,,,,,,,,,,,,,,,,,,,,,,,,,,,,,,,,,,,,,,,,,,,,,,,,,,,,,,,,,,,,,,,,,,,,,,,,,,,,,,,,,,,,,,,,,,,,,,,,,,,,,,,,,,,,,,,,,,,,,,,,,,,,,,,,,,,,,,,,,,,,,,,,,,,,,,,,,,,,
,,,,,,,,,,,,,,,,,,,,,,,,,,,,,,,,,,,,,,,,,,,,,,,,,,,,,,,,,,,,,,,,,,,,,,,,,,,,,,,,,,,,,,,,,,,,,,,,,,,,,,,,,,,,,,,,,,,,,,,,,,,,,,,,,,,,,,,,,,,,,,,,,,,,,,,,,,,,,,,,,,,,,,,,,,,,,,,,,,,,,,,,,,,,,,,,,,,,,
,,,,,,,,,,,,,,,,,,,,,,,,,,,,,,,,,,,,,,,,,,,,,,,,,,,,,,,,,,,,,,,,,,,,,,,,,,,,,,,,,,,,,,,,,,,,,,,,,,,,,,,,,,,,,,,,,,,,,,,,,,,,,,,,,,,,,,,,,,,,,,,,,,,,,,,,,,,,,,,,,,,,,,,,,,,,,,,,,,,,,,,,,,,,,,,,,,,,,
,,,,,,,,,,,,,,,,,,,,,,,,,,,,,,,,,,,,,,,,,,,,,,,,,,,,,,,,,,,,,,,,,,,,,,,,,,,,,,,,,,,,,,,,,,,,,,,,,,,,,,,,,,,,,,,,,,,,,,,,,,,,,,,,,,,,,,,,,,,,,,,,,,,,,,,,,,,,,,,,,,,,,,,,,,,,,,,,,,,,,,,,,,,,,,,,,,,,,
,,,,,,,,,,,,,,,,,,,,,,,,,,,,,,,,,,,,,,,,,,,,,,,,,,,,,,,,,,,,,,,,,,,,,,,,,,,,,,,,,,,,,,,,,,,,,,,,,,,,,,,,,,,,,,,,,,,,,,,,,,,,,,,,,,,,,,,,,,,,,,,,,,,,,,,,,,,,,,,,,,,,,,,,,,,,,,,,,,,,,,,,,,,,,,,,,,,,,
,,,,,,,,,,,,,,,,,,,,,,,,,,,,,,,,,,,,,,,,,,,,,,,,,,,,,,,,,,,,,,,,,,,,,,,,,,,,,,,,,,,,,,,,,,,,,,,,,,,,,,,,,,,,,,,,,,,,,,,,,,,,,,,,,,,,,,,,,,,,,,,,,,,,,,,,,,,,,,,,,,,,,,,,,,,,,,,,,,,,,,,,,,,,,,,,,,,,,
25,2025-09-03,11:45:23,1,1,"Tovar, Jesus",821349,Left,TEX_BOB,"Tovar, Jesus",821349,Right,TEX_BOB,Undefined,2,Top,0,0,0,Sinker,Changeup,BallCalled,Undefined,Undefined,Undefined,0,0,NA,86.98028,0.926303,2.838324,1984.714272,87.477133,9:00:00,5.71471,-2.78989,5.66592,-37.51809,0.7089,-17.9454,3.45309,-1.63653,77.61458,-6.025556,-0.367022,0.444996,NA,NA,NA,NA,NA,NA,NA,NA,NA,NA,NA,9.99721,0.52118,2.56092,50,5.77003,-5.44073,-125.86144,0.67632,15.62349,31.67277,-31.35955,TEX_BOB,TEX_BOB,TexasStateUniversity,TeamExclusive,Team,20250903-TexasStateUniversity-Private-2,636d9660-88e5-11f0-b3c0-9d9a300a2491,84.7028,NA,NA,9.3657,NA,NA,NA,NA,NA,NA,f59475ce-8e80-40be-9121-5d6cd58cf45c,2025-09-03,16:45:23,2025-09-03T16:45:23Z,2025-09-03T16:45:23Z,NA,v3,471452,471452,NA,"Collier, Ian",822899,Right,TEX_BOB,c91ac4a9-dc6f-4b9b-bc3f-b92936397964,54.83161,-127.07149,15.83638,5.7213,1.8744,-15.67978,2.78018,-6.03762,7.81174,NA,NA,NA,NA,NA,NA,NA,NA,NA,NA,NA,NA,NA,NA,NA,NA,NA,NA,NA,NA,NA,NA,NA,NA,NA,NA,NA,NA,NA,NA,NA,NA,NA,NA,NA,NA,NA,NA,NA,NA,NA,NA,NA,NA,NA,NA,NA,NA,NA,NA,High,High,High,NA,NA,NA,NA,NA,118.328028,-30.512773,1709.863095,0.861516,10:00:00,0.539529,0.750038,-0.382559,-67.881038,24.78737,64.499647,98.03461,-5.329179,0.985904,-0.092878,-0.139167,33.718449,-80.368354,0.092878,-0.985904,0.139167,-33.718449,80.368354,-0.092878,0.985904,0.139167,-98.03461,5.329179,-0.985904,0.092878,-0.139167
26,2025-09-03,11:45:38,1,2,"Tovar, Jesus",821349,Left,TEX_BOB,"Tovar, Jesus",821349,Right,TEX_BOB,Undefined,2,Top,0,1,0,Sinker,Changeup,BallCalled,Undefined,Undefined,Undefined,0,0,NA,86.66368,0.316039,1.470151,2007.452979,111.052529,9:45:00,5.59723,-2.87344,5.54495,-30.85699,7.49241,-15.78355,3.32128,-2.81446,77.8875,-5.421299,-1.345078,0.445708,NA,NA,NA,NA,NA,NA,NA,NA,NA,NA,NA,8.40512,4.10087,2.75659,50,5.60458,-2.52548,-125.57683,-0.3888,13.17339,29.8154,-25.74673,TEX_BOB,TEX_BOB,TexasStateUniversity,TeamExclusive,Team,20250903-TexasStateUniversity-Private-2,6bf9d9b0-88e5-11f0-b3c0-9d9a300a2491,84.56749,NA,NA,8.77619,NA,NA,NA,NA,NA,NA,f59475ce-8e80-40be-9121-5d6cd58cf45c,2025-09-03,16:45:38,2025-09-03T16:45:38Z,2025-09-03T16:45:38Z,NA,v3,471452,471452,NA,"Collier, Ian",822899,Right,TEX_BOB,8af5bbcc-980d-4b15-a6f4-9ee1d751a049,54.95306,-126.74737,14.9077,5.6,0.622,-12.87336,2.8659,-3.04266,6.5867,NA,NA,NA,NA,NA,NA,NA,NA,NA,NA,NA,NA,NA,NA,NA,NA,NA,NA,NA,NA,NA,NA,NA,NA,NA,NA,NA,NA,NA,NA,NA,NA,NA,NA,NA,NA,NA,NA,NA,NA,NA,NA,NA,NA,NA,NA,NA,NA,NA,NA,High,High,High,NA,NA,NA,NA,NA,118.346659,-20.997581,1874.149176,0.933596,10:00:00,0.374109,0.81966,-0.433821,-66.932085,32.734919,70.623869,91.585328,-8.180806,0.989445,-0.142297,-0.027384,79.106997,-81.668028,0.142297,-0.989445,0.027384,-79.106997,81.668028,-0.142297,0.989445,0.027384,-91.585328,8.180806,-0.989445,0.142297,-0.027384
27,2025-09-03,11:45:51,1,3,"Tovar, Jesus",821349,Left,TEX_BOB,"Tovar, Jesus",821349,Right,TEX_BOB,Undefined,2,Top,0,2,0,Sinker,Changeup,BallCalled,Undefined,Undefined,Undefined,0,0,NA,87.68194,-0.185907,2.122566,1901.484524,99.156955,9:15:00,5.70621,-2.73902,5.5223,-33.10801,4.56418,-19.35273,2.77327,-2.3663,78.56346,-6.31875,-1.328507,0.441756,NA,NA,NA,NA,NA,NA,NA,NA,NA,NA,NA,10.41536,2.80866,2.56721,50,5.66835,-3.83279,-126.96524,-1.61616,16.61262,31.53586,-27.6942,TEX_BOB,TEX_BOB,TexasStateUniversity,TeamExclusive,Team,20250903-TexasStateUniversity-Private-2,7439f8d0-88e5-11f0-b3c0-9d9a300a2491,85.3242,NA,NA,9.11848,NA,NA,NA,NA,NA,NA,f59475ce-8e80-40be-9121-5d6cd58cf45c,2025-09-03,16:45:51,2025-09-03T16:45:51Z,2025-09-03T16:45:51Z,NA,v3,471452,471452,NA,"Collier, Ian",822899,Right,TEX_BOB,3a08f26d-6bcf-41b0-b31b-7e96192575d1,54.97576,-128.19517,15.76793,5.71032,-0.53606,-13.8471,2.72933,-4.4807,8.30631,NA,NA,NA,NA,NA,NA,NA,NA,NA,NA,NA,NA,NA,NA,NA,NA,NA,NA,NA,NA,NA,NA,NA,NA,NA,NA,NA,NA,NA,NA,NA,NA,NA,NA,NA,NA,NA,NA,NA,NA,NA,NA,NA,NA,NA,NA,NA,NA,NA,NA,High,High,High,NA,NA,NA,NA,NA,119.259135,-23.991105,1737.212597,0.913609,10:00:00,0.420268,0.798364,-0.431266,-61.538717,26.800619,68.897278,94.783708,-3.832593,0.994288,-0.066841,-0.083208,38.775132,-83.873135,0.066841,-0.994288,0.083208,-38.775132,83.873135,-0.066841,0.994288,0.083208,-94.783708,3.832593,-0.994288,0.066841,-0.083208
28,2025-09-03,11:46:10,1,4,"Tovar, Jesus",821349,Left,TEX_BOB,"Tovar, Jesus",821349,Right,TEX_BOB,Undefined,2,Top,0,3,0,Splitter,Changeup,BallCalled,Walk,Undefined,Undefined,0,0,NA,81.73334,-1.31212,1.734906,872.329719,147.785401,11:00:00,5.89137,-2.69191,6.15043,-35.62734,6.55382,-3.14429,1.70925,-1.35037,73.82216,-7.962907,1.167248,0.467445,NA,NA,NA,NA,NA,NA,NA,NA,NA,NA,NA,2.20071,4.29886,2.56143,50,5.77356,-3.46891,-118.50017,-3.79642,3.06788,26.78476,-26.1812,TEX_BOB,TEX_BOB,TexasStateUniversity,TeamExclusive,Team,20250903-TexasStateUniversity-Private-2,7f0d6d00-88e5-11f0-b3c0-9d9a300a2491,80.63499,NA,NA,7.91118,NA,NA,NA,NA,NA,NA,f59475ce-8e80-40be-9121-5d6cd58cf45c,2025-09-03,16:46:10,2025-09-03T16:46:10Z,2025-09-03T16:46:10Z,NA,v3,471452,471452,NA,"Collier, Ian",822899,Right,TEX_BOB,d00c3e64-f47a-48d1-bf71-ddd46b1a7f27,54.34742,-119.47878,13.39238,5.8948,-2.83986,-13.0906,2.69022,-3.581,1.53394,NA,NA,NA,NA,NA,NA,NA,NA,NA,NA,NA,NA,NA,NA,NA,NA,NA,NA,NA,NA,NA,NA,NA,NA,NA,NA,NA,NA,NA,NA,NA,NA,NA,NA,NA,NA,NA,NA,NA,NA,NA,NA,NA,NA,NA,NA,NA,NA,NA,NA,High,High,High,NA,NA,NA,NA,NA,107.405443,-8.755332,862.164766,0.988347,9:30:00,0.139471,0.946331,-0.291557,65.237967,-43.076993,86.753148,119.743852,-55.112755,0.496608,-0.820279,-0.283764,70.917641,-29.775859,0.820279,-0.496608,0.283764,-70.917641,29.775859,-0.820279,0.496608,0.283764,-119.743852,55.112755,-0.496608,0.820279,-0.283764
29,2025-09-03,11:46:23,2,1,"Tovar, Jesus",821349,Left,TEX_BOB,"Tovar, Jesus",821349,Right,TEX_BOB,Undefined,2,Top,0,0,0,Splitter,Changeup,BallCalled,Undefined,Undefined,Undefined,0,0,NA,81.61259,-0.300807,1.324751,1014.294539,42.604504,7:30:00,5.8703,-2.62706,5.98019,-46.42251,-3.7287,-4.90729,1.72284,-1.80777,73.5889,-8.875874,0.440472,0.470277,NA,NA,NA,NA,NA,NA,NA,NA,NA,NA,NA,2.96669,-1.295,2.52496,50,5.82147,-2.54354,-118.33883,-2.15219,4.10726,27.57146,-33.9669,TEX_BOB,TEX_BOB,TexasStateUniversity,TeamExclusive,Team,20250903-TexasStateUniversity-Private-2,874a57d0-88e5-11f0-b3c0-9d9a300a2491,80.14943,NA,NA,8.02369,NA,NA,NA,NA,NA,NA,f59475ce-8e80-40be-9121-5d6cd58cf45c,2025-09-03,16:46:23,2025-09-03T16:46:23Z,2025-09-03T16:46:23Z,NA,v3,471452,471452,NA,"Collier, Ian",822899,Right,TEX_BOB,77562db5-4c84-4e5e-adbc-defc32c8790e,54.51872,-119.38699,13.78573,5.87874,-0.86089,-16.98345,2.62462,-2.69968,2.05363,NA,NA,NA,NA,NA,NA,NA,NA,NA,NA,NA,NA,NA,NA,NA,NA,NA,NA,NA,NA,NA,NA,NA,NA,NA,NA,NA,NA,NA,NA,NA,NA,NA,NA,NA,NA,NA,NA,NA,NA,NA,NA,NA,NA,NA,NA,NA,NA,NA,NA,High,High,High,NA,NA,NA,NA,NA,110.363657,-18.206136,963.517531,0.949939,9:45:00,0.315317,0.892198,-0.323354,68.904324,-44.438184,87.927488,96.357732,-65.104917,0.418369,-0.90708,-0.046615,87.058141,-24.731661,0.90708,-0.418369,0.046615,-87.058141,24.731661,-0.90708,0.418369,0.046615,-96.357732,65.104917,-0.418369,0.90708,-0.046615
30,2025-09-03,11:46:42,2,2,"Tovar, Jesus",821349,Left,TEX_BOB,"Tovar, Jesus",821349,Right,TEX_BOB,Undefined,2,Top,0,1,0,Splitter,Changeup,BallCalled,Undefined,Undefined,Undefined,0,0,NA,81.81055,-2.146864,2.792889,1026.111878,108.815296,9:45:00,5.80443,-2.51986,5.70857,-39.66758,3.05902,-4.49866,0.4952,-0.29049,74.41188,-9.42498,1.987503,0.470458,NA,NA,NA,NA,NA,NA,NA,NA,NA,NA,NA,3.20725,2.65528,2.28859,50,5.59964,-5.60392,-118.4768,-5.75749,4.48854,25.88583,-28.45802,TEX_BOB,TEX_BOB,TexasStateUniversity,TeamExclusive,Team,20250903-TexasStateUniversity-Private-2,92638790-88e5-11f0-b3c0-9d9a300a2491,80.11865,NA,NA,7.39866,NA,NA,NA,NA,NA,NA,f59475ce-8e80-40be-9121-5d6cd58cf45c,2025-09-03,16:46:42,2025-09-03T16:46:42Z,2025-09-03T16:46:42Z,NA,v3,471452,471452,NA,"Collier, Ian",822899,Right,TEX_BOB,c39e4177-c99f-43fb-89b9-a05118866e7e,54.79212,-119.51924,12.94292,5.80842,-4.61147,-14.22901,2.5179,-5.78467,2.24427,NA,NA,NA,NA,NA,NA,NA,NA,NA,NA,NA,NA,NA,NA,NA,NA,NA,NA,NA,NA,NA,NA,NA,NA,NA,NA,NA,NA,NA,NA,NA,NA,NA,NA,NA,NA,NA,NA,NA,NA,NA,NA,NA,NA,NA,NA,NA,NA,NA,NA,High,High,High,NA,NA,NA,NA,NA,112.42722,-21.114225,957.222961,0.932864,9:45:00,0.344625,0.875196,-0.339508,-52.374685,44.447612,-83.386368,113.135565,-67.32157,0.354551,-0.922683,-0.151489,80.67618,-20.765942,0.922683,-0.354551,0.151489,-80.67618,20.765942,-0.922683,0.354551,0.151489,-113.135565,67.32157,-0.354551,0.922683,-0.151489
31,2025-09-03,11:46:58,2,3,"Tovar, Jesus",821349,Left,TEX_BOB,"Tovar, Jesus",821349,Right,TEX_BOB,Undefined,2,Top,0,2,0,Sinker,Sinker,BallCalled,Undefined,Undefined,Undefined,0,0,NA,87.68778,-0.156345,1.454489,1889.857048,113.84811,9:45:00,5.84501,-2.71114,5.85778,-28.28293,8.46048,-16.25619,3.3428,-2.71414,79.40104,-5.438192,-1.462271,0.436276,NA,NA,NA,NA,NA,NA,NA,NA,NA,NA,NA,8.71414,4.75744,2.60236,50,5.81603,-2.53639,-127.2382,-1.2941,14.1233,28.8759,-24.46347,TEX_BOB,TEX_BOB,TexasStateUniversity,TeamExclusive,Team,20250903-TexasStateUniversity-Private-2,9c131530-88e5-11f0-b3c0-9d9a300a2491,86.39592,NA,NA,8.28673,NA,NA,NA,NA,NA,NA,f59475ce-8e80-40be-9121-5d6cd58cf45c,2025-09-03,16:46:58,2025-09-03T16:46:58Z,2025-09-03T16:46:58Z,NA,v3,471452,471452,NA,"Collier, Ian",822899,Right,TEX_BOB,f46023b6-8f1f-46af-9605-128bbb0e62bd,54.64162,-128.28726,14.43795,5.8469,-0.40534,-12.23174,2.70382,-3.04949,7.06165,NA,NA,NA,NA,NA,NA,NA,NA,NA,NA,NA,NA,NA,NA,NA,NA,NA,NA,NA,NA,NA,NA,NA,NA,NA,NA,NA,NA,NA,NA,NA,NA,NA,NA,NA,NA,NA,NA,NA,NA,NA,NA,NA,NA,NA,NA,NA,NA,NA,NA,High,High,High,NA,NA,NA,NA,NA,123.319914,-21.332492,1760.373644,0.931485,10:00:00,0.374526,0.779354,-0.502332,-53.222103,33.180473,71.826621,93.55077,-6.128281,0.992377,-0.106755,-0.061579,60.022504,-82.920758,0.106755,-0.992377,0.061579,-60.022504,82.920758,-0.106755,0.992377,0.061579,-93.55077,6.128281,-0.992377,0.106755,-0.061579
32,2025-09-03,11:47:15,2,4,"Tovar, Jesus",821349,Left,TEX_BOB,"Tovar, Jesus",821349,Right,TEX_BOB,Undefined,2,Top,0,3,0,Sinker,Sinker,BallCalled,Walk,Undefined,Undefined,0,0,NA,87.89443,-0.087675,2.72571,1911.280153,116.130759,9:45:00,5.69997,-2.71713,5.57452,-26.71942,10.61119,-18.76399,3.39137,-1.73289,78.80697,-5.088671,-0.619479,0.439748,NA,NA,NA,NA,NA,NA,NA,NA,NA,NA,NA,10.33875,5.79603,2.49464,50,5.67532,-5.22053,-127.26057,-1.10888,16.62412,30.86743,-22.85436,TEX_BOB,TEX_BOB,TexasStateUniversity,TeamExclusive,Team,20250903-TexasStateUniversity-Private-2,a5a11110-88e5-11f0-b3c0-9d9a300a2491,85.71375,NA,NA,9.08746,NA,NA,NA,NA,NA,NA,f59475ce-8e80-40be-9121-5d6cd58cf45c,2025-09-03,16:47:15,2025-09-03T16:47:15Z,2025-09-03T16:47:15Z,NA,v3,471452,471452,NA,"Collier, Ian",822899,Right,TEX_BOB,3e10256b-92e9-4314-8177-a6835a8dbacd,54.92366,-128.44927,15.43371,5.70107,-0.22877,-11.42718,2.70801,-5.86073,8.31206,NA,NA,NA,NA,NA,NA,NA,NA,NA,NA,NA,NA,NA,NA,NA,NA,NA,NA,NA,NA,NA,NA,NA,NA,NA,NA,NA,NA,NA,NA,NA,NA,NA,NA,NA,NA,NA,NA,NA,NA,NA,NA,NA,NA,NA,NA,NA,NA,NA,NA,High,High,High,NA,NA,NA,NA,NA,120.266753,-21.138839,1782.668749,0.932709,10:00:00,0.381345,0.806121,-0.452487,-61.16059,26.113634,69.341224,94.077847,-1.230336,0.997238,-0.021472,-0.071095,16.805026,-85.740891,0.021472,-0.997238,0.071095,-16.805026,85.740891,-0.021472,0.997238,0.071095,-94.077847,1.230336,-0.997238,0.021472,-0.071095
33,2025-09-03,11:47:29,3,1,"Tovar, Jesus",821349,Left,TEX_BOB,"Tovar, Jesus",821349,Right,TEX_BOB,Undefined,2,Top,0,0,0,Splitter,Changeup,BallCalled,Undefined,Undefined,Undefined,0,0,NA,81.80205,-1.603088,2.064338,894.934693,129.809453,10:15:00,5.79455,-2.51497,5.93905,-35.8951,6.28008,-5.76496,1.31476,-1.07947,74.4222,-8.252739,1.027682,0.467412,NA,NA,NA,NA,NA,NA,NA,NA,NA,NA,NA,3.60567,4.15921,2.35349,50,5.6465,-4.05295,-118.61975,-4.45333,5.07482,25.26784,-26.32015,TEX_BOB,TEX_BOB,TexasStateUniversity,TeamExclusive,Team,20250903-TexasStateUniversity-Private-2,ae6c5930-88e5-11f0-b3c0-9d9a300a2491,80.64072,NA,NA,7.37985,NA,NA,NA,NA,NA,NA,f59475ce-8e80-40be-9121-5d6cd58cf45c,2025-09-03,16:47:29,2025-09-03T16:47:29Z,2025-09-03T16:47:29Z,NA,v3,471452,471452,NA,"Collier, Ian",822899,Right,TEX_BOB,3c41be8c-ff1e-4810-9ad7-0a627389d696,54.56058,-119.58728,12.63392,5.79773,-3.44551,-13.16008,2.5124,-4.24726,2.53741,NA,NA,NA,NA,NA,NA,NA,NA,NA,NA,NA,NA,NA,NA,NA,NA,NA,NA,NA,NA,NA,NA,NA,NA,NA,NA,NA,NA,NA,NA,NA,NA,NA,NA,NA,NA,NA,NA,NA,NA,NA,NA,NA,NA,NA,NA,NA,NA,NA,NA,High,High,High,NA,NA,NA,NA,NA,112.617065,-6.677353,888.864071,0.993217,9:45:00,0.104284,0.919728,-0.378451,-61.56222,42.621944,-84.833738,122.435275,-60.896864,0.410506,-0.873746,-0.26087,73.376211,-24.23665,0.873746,-0.410506,0.26087,-73.376211,24.23665,-0.873746,0.410506,0.26087,-122.435275,60.896864,-0.410506,0.873746,-0.26087
34,2025-09-03,11:47:48,3,2,"Tovar, Jesus",821349,Left,TEX_BOB,"Tovar, Jesus",821349,Right,TEX_BOB,Undefined,2,Top,0,1,0,Splitter,Changeup,BallCalled,Undefined,Undefined,Undefined,0,0,NA,81.14027,-1.009651,2.298692,821.909426,102.097564,9:30:00,5.89936,-2.57241,6.05105,-40.15585,2.62386,-5.15768,1.61751,-0.87308,73.68405,-8.44806,1.369396,0.47075,NA,NA,NA,NA,NA,NA,NA,NA,NA,NA,NA,3.39803,2.12138,2.3962,50,5.7994,-4.52833,-117.67511,-3.33255,4.69277,25.47737,-29.24438,TEX_BOB,TEX_BOB,TexasStateUniversity,TeamExclusive,Team,20250903-TexasStateUniversity-Private-2,b9a32310-88e5-11f0-b3c0-9d9a300a2491,80.0689,NA,NA,7.45622,NA,NA,NA,NA,NA,NA,f59475ce-8e80-40be-9121-5d6cd58cf45c,2025-09-03,16:47:48,2025-09-03T16:47:48Z,2025-09-03T16:47:48Z,NA,v3,471452,471452,NA,"Collier, Ian",822899,Right,TEX_BOB,376f0175-bb1c-4427-9d42-9c277e586cc3,54.44881,-118.63439,12.73869,5.90415,-2.23143,-14.62219,2.57003,-4.70502,2.34638,NA,NA,NA,NA,NA,NA,NA,NA,NA,NA,NA,NA,NA,NA,NA,NA,NA,NA,NA,NA,NA,NA,NA,NA,NA,NA,NA,NA,NA,NA,NA,NA,NA,NA,NA,NA,NA,NA,NA,NA,NA,NA,NA,NA,NA,NA,NA,NA,NA,NA,High,High,High,NA,NA,NA,NA,NA,111.307827,-4.540679,819.329763,0.996861,9:45:00,0.077268,0.929968,-0.359428,-55.528023,43.227301,-83.124756,129.577683,-56.978218,0.420032,-0.838463,-0.347206,67.505676,-24.836639,0.838463,-0.420032,0.347206,-67.505676,24.836639,-0.838463,0.420032,0.347206,-129.577683,56.978218,-0.420032,0.838463,-0.347206
35,2025-09-03,11:48:02,3,3,"Tovar, Jesus",821349,Left,TEX_BOB,"Tovar, Jesus",821349,Right,TEX_BOB,Undefined,2,Top,0,2,0,Sinker,Changeup,InPlay,Undefined,GroundBall,Out,3,0,NA,86.6361,-0.659466,2.011893,1773.287445,106.734147,9:30:00,5.8573,-2.59579,5.56531,-31.14911,7.3954,-19.64918,2.64505,-2.35289,77.62193,-6.451577,-1.495092,0.446841,NA,NA,NA,NA,NA,NA,NA,NA,NA,NA,NA,10.53949,4.41099,2.43505,50,5.78038,-3.53424,-125.44595,-2.53399,16.40309,30.89249,-25.30901,TEX_BOB,TEX_BOB,TexasStateUniversity,TeamExclusive,Team,20250903-TexasStateUniversity-Private-2,c2006720-88e5-11f0-b3c0-9d9a300a2491,84.35321,NA,NA,9.01418,NA,NA,NA,NA,NA,NA,f59475ce-8e80-40be-9121-5d6cd58cf45c,2025-09-03,16:48:02,2025-09-03T16:48:02Z,2025-09-03T16:48:02Z,NA,v3,471452,471452,NA,"Collier, Ian",822899,Right,TEX_BOB,dd5c0db7-a772-4c8a-a38a-ee3caf5458e2,54.9323,-126.65476,15.44625,5.86016,-1.54366,-12.6545,2.5859,-4.17609,8.20155,NA,NA,NA,NA,NA,NA,NA,NA,NA,NA,NA,NA,NA,NA,NA,NA,NA,NA,NA,NA,NA,NA,NA,NA,NA,NA,NA,NA,NA,NA,NA,NA,NA,NA,NA,NA,NA,NA,NA,NA,NA,NA,NA,NA,NA,NA,NA,NA,NA,NA,High,High,High,NA,NA,NA,NA,NA,122.283796,-21.269411,1652.500019,0.931885,10:00:00,0.370918,0.791951,-0.485009,-61.673583,30.397217,72.640062,95.417406,-4.207143,0.992851,-0.073363,-0.094156,37.924171,-83.144671,0.073363,-0.992851,0.094156,-37.924171,83.144671,-0.073363,0.992851,0.094156,-95.417406,4.207143,-0.992851,0.073363,-0.094156
,,,,,,,,,,,,,,,,,,,,,,,,,,,,,,,,,,,,,,,,,,,,,,,,,,,,,,,,,,,,,,,,,,,,,,,,,,,,,,,,,,,,,,,,,,,,,,,,,,,,,,,,,,,,,,,,,,,,,,,,,,,,,,,,,,,,,,,,,,,,,,,,,,,,,,,,,,,,,,,,,,,,,,,,,,,,,,,,,,,,,,,,,,,,,,,,,,,,,
,,,,,,,,,,,,,,,,,,,,,,,,,,,,,,,,,,,,,,,,,,,,,,,,,,,,,,,,,,,,,,,,,,,,,,,,,,,,,,,,,,,,,,,,,,,,,,,,,,,,,,,,,,,,,,,,,,,,,,,,,,,,,,,,,,,,,,,,,,,,,,,,,,,,,,,,,,,,,,,,,,,,,,,,,,,,,,,,,,,,,,,,,,,,,,,,,,,,,
,,,,,,,,,,,,,,,,,,,,,,,,,,,,,,,,,,,,,,,,,,,,,,,,,,,,,,,,,,,,,,,,,,,,,,,,,,,,,,,,,,,,,,,,,,,,,,,,,,,,,,,,,,,,,,,,,,,,,,,,,,,,,,,,,,,,,,,,,,,,,,,,,,,,,,,,,,,,,,,,,,,,,,,,,,,,,,,,,,,,,,,,,,,,,,,,,,,,,
,,,,,,,,,,,,,,,,,,,,,,,,,,,,,,,,,,,,,,,,,,,,,,,,,,,,,,,,,,,,,,,,,,,,,,,,,,,,,,,,,,,,,,,,,,,,,,,,,,,,,,,,,,,,,,,,,,,,,,,,,,,,,,,,,,,,,,,,,,,,,,,,,,,,,,,,,,,,,,,,,,,,,,,,,,,,,,,,,,,,,,,,,,,,,,,,,,,,,
,,,,,,,,,,,,,,,,,,,,,,,,,,,,,,,,,,,,,,,,,,,,,,,,,,,,,,,,,,,,,,,,,,,,,,,,,,,,,,,,,,,,,,,,,,,,,,,,,,,,,,,,,,,,,,,,,,,,,,,,,,,,,,,,,,,,,,,,,,,,,,,,,,,,,,,,,,,,,,,,,,,,,,,,,,,,,,,,,,,,,,,,,,,,,,,,,,,,,
,,,,,,,,,,,,,,,,,,,,,,,,,,,,,,,,,,,,,,,,,,,,,,,,,,,,,,,,,,,,,,,,,,,,,,,,,,,,,,,,,,,,,,,,,,,,,,,,,,,,,,,,,,,,,,,,,,,,,,,,,,,,,,,,,,,,,,,,,,,,,,,,,,,,,,,,,,,,,,,,,,,,,,,,,,,,,,,,,,,,,,,,,,,,,,,,,,,,,
,,,,,,,,,,,,,,,,,,,,,,,,,,,,,,,,,,,,,,,,,,,,,,,,,,,,,,,,,,,,,,,,,,,,,,,,,,,,,,,,,,,,,,,,,,,,,,,,,,,,,,,,,,,,,,,,,,,,,,,,,,,,,,,,,,,,,,,,,,,,,,,,,,,,,,,,,,,,,,,,,,,,,,,,,,,,,,,,,,,,,,,,,,,,,,,,,,,,,
,,,,,,,,,,,,,,,,,,,,,,,,,,,,,,,,,,,,,,,,,,,,,,,,,,,,,,,,,,,,,,,,,,,,,,,,,,,,,,,,,,,,,,,,,,,,,,,,,,,,,,,,,,,,,,,,,,,,,,,,,,,,,,,,,,,,,,,,,,,,,,,,,,,,,,,,,,,,,,,,,,,,,,,,,,,,,,,,,,,,,,,,,,,,,,,,,,,,,
,,,,,,,,,,,,,,,,,,,,,,,,,,,,,,,,,,,,,,,,,,,,,,,,,,,,,,,,,,,,,,,,,,,,,,,,,,,,,,,,,,,,,,,,,,,,,,,,,,,,,,,,,,,,,,,,,,,,,,,,,,,,,,,,,,,,,,,,,,,,,,,,,,,,,,,,,,,,,,,,,,,,,,,,,,,,,,,,,,,,,,,,,,,,,,,,,,,,,
,,,,,,,,,,,,,,,,,,,,,,,,,,,,,,,,,,,,,,,,,,,,,,,,,,,,,,,,,,,,,,,,,,,,,,,,,,,,,,,,,,,,,,,,,,,,,,,,,,,,,,,,,,,,,,,,,,,,,,,,,,,,,,,,,,,,,,,,,,,,,,,,,,,,,,,,,,,,,,,,,,,,,,,,,,,,,,,,,,,,,,,,,,,,,,,,,,,,,
,,,,,,,,,,,,,,,,,,,,,,,,,,,,,,,,,,,,,,,,,,,,,,,,,,,,,,,,,,,,,,,,,,,,,,,,,,,,,,,,,,,,,,,,,,,,,,,,,,,,,,,,,,,,,,,,,,,,,,,,,,,,,,,,,,,,,,,,,,,,,,,,,,,,,,,,,,,,,,,,,,,,,,,,,,,,,,,,,,,,,,,,,,,,,,,,,,,,,
47,2025-09-03,12:02:21,1,1,"Canalichio, Will",NA,Left,TEX_BOB,"Canalichio, Will",NA,Right,TEX_BOB,Undefined,3,Top,0,0,0,Fastball,Four-Seam,BallCalled,Undefined,Undefined,Undefined,0,0,NA,92.32858,-3.970914,2.657641,2189.98291,167.590604,11:30:00,6.25336,-1.40479,6.12146,-13.02028,19.75977,-4.10473,1.48732,0.71194,84.16792,-6.480301,1.918973,0.412075,NA,NA,NA,NA,NA,NA,NA,NA,NA,NA,NA,2.88445,11.67808,1.20321,50,5.94156,-6.03062,-133.6865,-9.62328,5.20016,29.84576,-11.12034,TEX_BOB,TEX_BOB,TexasStateUniversity,TeamExclusive,Team,20250903-TexasStateUniversity-Private-2,c21eb2a0-88e7-11f0-b3c0-9d9a300a2491,91.46985,NA,NA,8.16065,NA,NA,NA,NA,NA,NA,f59475ce-8e80-40be-9121-5d6cd58cf45c,2025-09-03,17:02:21,2025-09-03T17:02:21Z,2025-09-03T17:02:21Z,NA,v3,471452,471452,NA,"Collier, Ian",822899,Right,TEX_BOB,7c1e9c34-33b4-4bb3-b6ff-071f7937e541,54.37844,-134.66044,14.92288,6.24967,-9.2604,-5.56017,1.40278,-6.20032,2.60008,NA,NA,NA,NA,NA,NA,NA,NA,NA,NA,NA,NA,NA,NA,NA,NA,NA,NA,NA,NA,NA,NA,NA,NA,NA,NA,NA,NA,NA,NA,NA,NA,NA,NA,NA,NA,NA,NA,NA,NA,NA,NA,NA,NA,NA,NA,NA,NA,NA,NA,High,High,High,NA,NA,NA,NA,NA,161.751128,-33.236579,1831.733611,0.836415,11:30:00,0.564907,0.299246,-0.768981,-20.410404,-49.653826,50.600155,168.166851,-5.685725,0.204053,-0.099072,-0.973934,5.808341,-11.774097,0.099072,-0.204053,0.973934,-5.808341,11.774097,-0.099072,0.204053,0.973934,-168.166851,5.685725,-0.204053,0.099072,-0.973934
48,2025-09-03,12:02:37,1,2,"Canalichio, Will",NA,Left,TEX_BOB,"Canalichio, Will",NA,Right,TEX_BOB,Undefined,3,Top,0,1,0,Fastball,Four-Seam,StrikeCalled,Undefined,Undefined,Undefined,0,0,NA,93.52325,-2.946349,1.891298,2258.343011,176.914092,12:00:00,6.36697,-1.49491,6.11376,-11.87776,20.06619,-1.02307,2.64893,0.16926,84.96331,-5.259147,1.707094,0.406786,NA,NA,NA,NA,NA,NA,NA,NA,NA,NA,NA,1.08925,11.5467,1.3503,50,6.13429,-4.43294,-135.59144,-7.27223,2.01423,31.50213,-10.82187,TEX_BOB,TEX_BOB,TexasStateUniversity,TeamExclusive,Team,20250903-TexasStateUniversity-Private-2,cbbefe00-88e7-11f0-b3c0-9d9a300a2491,92.65923,NA,NA,8.55994,NA,NA,NA,NA,NA,NA,f59475ce-8e80-40be-9121-5d6cd58cf45c,2025-09-03,17:02:37,2025-09-03T17:02:37Z,2025-09-03T17:02:37Z,NA,v3,471452,471452,NA,"Collier, Ian",822899,Right,TEX_BOB,c3211d17-b32d-4f46-8eb5-5d37ddea4739,54.38559,-136.60655,15.75107,6.36301,-6.92351,-5.41094,1.49419,-4.49785,1.00712,NA,NA,NA,NA,NA,NA,NA,NA,NA,NA,NA,NA,NA,NA,NA,NA,NA,NA,NA,NA,NA,NA,NA,NA,NA,NA,NA,NA,NA,NA,NA,NA,NA,NA,NA,NA,NA,NA,NA,NA,NA,NA,NA,NA,NA,NA,NA,NA,NA,NA,High,High,High,NA,NA,NA,NA,NA,166.604386,-37.1218,1800.699645,0.797354,11:30:00,0.618495,0.215503,-0.75566,43.343687,-5.194818,-55.750334,174.183062,-3.824438,0.101125,-0.066699,-0.992635,3.844174,-5.80394,0.066699,-0.101125,0.992635,-3.844174,5.80394,-0.066699,0.101125,0.992635,-174.183062,3.824438,-0.101125,0.066699,-0.992635
49,2025-09-03,12:02:54,1,3,"Canalichio, Will",NA,Left,TEX_BOB,"Canalichio, Will",NA,Right,TEX_BOB,Undefined,3,Top,0,1,1,Fastball,Four-Seam,BallCalled,Undefined,Undefined,Undefined,0,0,NA,92.67972,-2.728957,1.171714,2397.016196,159.028627,11:15:00,6.35183,-1.61134,6.57071,-10.76961,21.28899,-7.72544,2.95038,-1.18089,83.82959,-4.873302,-0.232334,0.407515,NA,NA,NA,NA,NA,NA,NA,NA,NA,NA,NA,4.39,12.32083,1.53357,50,6.15887,-2.43183,-134.48152,-6.6066,7.94788,32.26667,-9.86781,TEX_BOB,TEX_BOB,TexasStateUniversity,TeamExclusive,Team,20250903-TexasStateUniversity-Private-2,d576f010-88e7-11f0-b3c0-9d9a300a2491,92.49338,NA,NA,8.85013,NA,NA,NA,NA,NA,NA,f59475ce-8e80-40be-9121-5d6cd58cf45c,2025-09-03,17:02:54,2025-09-03T17:02:54Z,2025-09-03T17:02:54Z,NA,v3,471452,471452,NA,"Collier, Ian",822899,Right,TEX_BOB,138fbc43-d233-4532-8af6-0d76128b0bc6,53.92774,-135.42064,16.13333,6.34698,-6.3194,-4.9339,1.60771,-2.66315,3.97394,NA,NA,NA,NA,NA,NA,NA,NA,NA,NA,NA,NA,NA,NA,NA,NA,NA,NA,NA,NA,NA,NA,NA,NA,NA,NA,NA,NA,NA,NA,NA,NA,NA,NA,NA,NA,NA,NA,NA,NA,NA,NA,NA,NA,NA,NA,NA,NA,NA,NA,High,High,High,NA,NA,NA,NA,NA,164.492961,-35.162165,1959.621534,0.817525,11:30:00,0.580824,0.245742,-0.776051,-5.962945,-50.506941,27.446508,168.498182,-3.008136,0.199124,-0.052478,-0.978568,3.069665,-11.485753,0.052478,-0.199124,0.978568,-3.069665,11.485753,-0.052478,0.199124,0.978568,-168.498182,3.008136,-0.199124,0.052478,-0.978568
50,2025-09-03,12:03:11,1,4,"Canalichio, Will",NA,Left,TEX_BOB,"Canalichio, Will",NA,Right,TEX_BOB,Undefined,3,Top,0,2,1,Slider,Slider,BallCalled,Undefined,Undefined,Undefined,0,0,NA,82.45516,0.277938,2.431638,2515.830618,202.070932,12:45:00,6.12803,-1.80552,5.44991,-30.15813,11.70694,4.21107,3.87531,0.82336,75.40018,-5.297963,3.179858,0.46569,NA,NA,NA,NA,NA,NA,NA,NA,NA,NA,NA,-1.43504,6.22004,1.58771,50,6.13207,-5.2528,-119.58612,-0.42002,-2.07671,23.20272,-23.17269,TEX_BOB,TEX_BOB,TexasStateUniversity,TeamExclusive,Team,20250903-TexasStateUniversity-Private-2,df7ab830-88e7-11f0-b3c0-9d9a300a2491,80.93882,NA,NA,7.05498,NA,NA,NA,NA,NA,NA,f59475ce-8e80-40be-9121-5d6cd58cf45c,2025-09-03,17:03:11,2025-09-03T17:03:11Z,2025-09-03T17:03:11Z,NA,v3,471452,471452,NA,"Collier, Ian",822899,Right,TEX_BOB,78af961a-2721-4f94-8e19-929437d8769d,55.04947,-120.56186,11.60136,6.12924,0.55447,-11.58635,1.80677,-5.16546,-1.03836,NA,NA,NA,NA,NA,NA,NA,NA,NA,NA,NA,NA,NA,NA,NA,NA,NA,NA,NA,NA,NA,NA,NA,NA,NA,NA,NA,NA,NA,NA,NA,NA,NA,NA,NA,NA,NA,NA,NA,NA,NA,NA,NA,NA,NA,NA,NA,NA,NA,NA,High,High,High,NA,NA,NA,NA,NA,261.932651,-77.326784,551.948445,0.21939,2:45:00,0.975001,-0.221949,0.010588,-19.451248,-24.948064,-59.756967,91.760849,51.393283,0.623677,0.781447,-0.019173,88.594498,38.585117,0.781447,0.623677,0.019173,-88.594498,-38.585117,-0.781447,-0.623677,0.019173,-91.760849,-51.393283,-0.623677,-0.781447,-0.019173
51,2025-09-03,12:03:26,1,5,"Canalichio, Will",NA,Left,TEX_BOB,"Canalichio, Will",NA,Right,TEX_BOB,Undefined,3,Top,0,3,1,Slider,Cutter,BallCalled,Walk,Undefined,Undefined,0,0,NA,83.33822,-0.253469,3.643049,2361.596798,172.547488,11:45:00,6.1735,-1.83123,5.8902,-28.56411,12.00646,-1.39417,3.55732,1.43991,75.86737,-5.587682,3.393704,0.458434,NA,NA,NA,NA,NA,NA,NA,NA,NA,NA,NA,1.7774,6.63111,1.53793,50,6.13675,-7.63097,-120.74109,-1.41927,2.60985,24.67891,-22.43726,TEX_BOB,TEX_BOB,TexasStateUniversity,TeamExclusive,Team,20250903-TexasStateUniversity-Private-2,e885ef80-88e7-11f0-b3c0-9d9a300a2491,82.21995,NA,NA,7.47084,NA,NA,NA,NA,NA,NA,f59475ce-8e80-40be-9121-5d6cd58cf45c,2025-09-03,17:03:26,2025-09-03T17:03:26Z,2025-09-03T17:03:26Z,NA,v3,471452,471452,NA,"Collier, Ian",822899,Right,TEX_BOB,58760d4e-f381-4954-aa71-67300cbb44ed,54.6076,-121.67921,12.33946,6.17449,-0.56636,-11.21863,1.8299,-7.73018,1.30492,NA,NA,NA,NA,NA,NA,NA,NA,NA,NA,NA,NA,NA,NA,NA,NA,NA,NA,NA,NA,NA,NA,NA,NA,NA,NA,NA,NA,NA,NA,NA,NA,NA,NA,NA,NA,NA,NA,NA,NA,NA,NA,NA,NA,NA,NA,NA,NA,NA,NA,High,High,High,NA,NA,NA,NA,NA,218.740894,-78.736414,461.273897,0.195323,1:15:00,0.988968,-0.117893,-0.089691,-27.310879,-19.611066,-58.688537,96.983357,33.28418,0.829757,0.548792,-0.101637,79.507655,56.073822,0.548792,0.829757,0.101637,-79.507655,-56.073822,-0.548792,-0.829757,0.101637,-96.983357,-33.28418,-0.829757,-0.548792,-0.101637
52,2025-09-03,12:03:45,2,1,"Canalichio, Will",NA,Left,TEX_BOB,"Canalichio, Will",NA,Right,TEX_BOB,Undefined,3,Top,0,0,0,Slider,Slider,BallCalled,Undefined,Undefined,Undefined,0,0,NA,83.70001,-1.269289,4.30603,2414.217281,160.022112,11:15:00,6.07442,-1.95852,5.87616,-31.01321,9.6465,-2.97453,2.30755,1.80058,75.73564,-7.04096,3.774517,0.458937,NA,NA,NA,NA,NA,NA,NA,NA,NA,NA,NA,2.88819,5.78481,1.61136,50,5.95384,-8.99281,-121.04334,-3.67377,4.22404,26.76254,-23.7137,TEX_BOB,TEX_BOB,TexasStateUniversity,TeamExclusive,Team,20250903-TexasStateUniversity-Private-2,f3db16d0-88e7-11f0-b3c0-9d9a300a2491,82.12981,NA,NA,7.96437,NA,NA,NA,NA,NA,NA,f59475ce-8e80-40be-9121-5d6cd58cf45c,2025-09-03,17:03:45,2025-09-03T17:03:45Z,2025-09-03T17:03:45Z,NA,v3,471452,471452,NA,"Collier, Ian",822899,Right,TEX_BOB,34e36cce-1e61-4486-965e-3a6c788067d4,54.62114,-122.06079,13.38127,6.07637,-2.77223,-11.85685,1.9563,-9.1534,2.11202,NA,NA,NA,NA,NA,NA,NA,NA,NA,NA,NA,NA,NA,NA,NA,NA,NA,NA,NA,NA,NA,NA,NA,NA,NA,NA,NA,NA,NA,NA,NA,NA,NA,NA,NA,NA,NA,NA,NA,NA,NA,NA,NA,NA,NA,NA,NA,NA,NA,NA,High,High,High,NA,NA,NA,NA,NA,190.806904,-74.537491,643.649082,0.266608,12:15:00,0.981616,-0.028627,-0.188709,-28.035659,-4.523878,-41.851066,96.759111,47.136912,0.675521,0.732981,-0.080062,83.766407,42.494614,0.732981,0.675521,0.080062,-83.766407,-42.494614,-0.732981,-0.675521,0.080062,-96.759111,-47.136912,-0.675521,-0.732981,-0.080062
53,2025-09-03,12:04:07,2,2,"Canalichio, Will",NA,Left,TEX_BOB,"Canalichio, Will",NA,Right,TEX_BOB,Undefined,3,Top,0,1,0,Fastball,Four-Seam,BallCalled,Undefined,Undefined,Undefined,0,0,NA,92.33966,-4.321196,1.877686,2168.268103,164.12559,11:30:00,6.31788,-1.4968,5.78237,-14.75261,18.29655,-4.89855,1.05811,-0.15733,84.60631,-7.11082,1.000677,0.413763,NA,NA,NA,NA,NA,NA,NA,NA,NA,NA,NA,3.02819,10.86713,1.34489,50,5.9518,-4.17045,-133.7212,-10.55575,5.48722,28.6293,-12.48224,TEX_BOB,TEX_BOB,TexasStateUniversity,TeamExclusive,Team,20250903-TexasStateUniversity-Private-2,0114dca0-88e8-11f0-b3c0-9d9a300a2491,91.09672,NA,NA,7.73335,NA,NA,NA,NA,NA,NA,f59475ce-8e80-40be-9121-5d6cd58cf45c,2025-09-03,17:04:07,2025-09-03T17:04:07Z,2025-09-03T17:04:07Z,NA,v3,471452,471452,NA,"Collier, Ian",822899,Right,TEX_BOB,200f8768-b3cb-4b1f-9744-790ee16871ec,54.71896,-134.72773,14.31465,6.3152,-10.11691,-6.24112,1.4949,-4.36337,2.74361,NA,NA,NA,NA,NA,NA,NA,NA,NA,NA,NA,NA,NA,NA,NA,NA,NA,NA,NA,NA,NA,NA,NA,NA,NA,NA,NA,NA,NA,NA,NA,NA,NA,NA,NA,NA,NA,NA,NA,NA,NA,NA,NA,NA,NA,NA,NA,NA,NA,NA,High,High,High,NA,NA,NA,NA,NA,171.024834,-38.862121,1688.339587,0.778658,11:45:00,0.641382,0.168407,-0.748511,-34.751828,-38.537587,73.347854,168.658335,0.459287,0.196653,0.008016,-0.98044,0.468435,11.341296,0.008016,0.196653,0.98044,-0.468435,-11.341296,-0.008016,-0.196653,0.98044,-168.658335,-0.459287,-0.196653,-0.008016,-0.98044
54,2025-09-03,12:04:27,2,3,"Canalichio, Will",NA,Left,TEX_BOB,"Canalichio, Will",NA,Right,TEX_BOB,Undefined,3,Top,0,2,0,Fastball,Four-Seam,StrikeCalled,Undefined,Undefined,Undefined,0,0,NA,93.75539,-2.737406,1.391599,2144.820441,176.353574,12:00:00,6.40381,-1.55221,6.13897,-13.47076,17.96918,-1.08284,2.74864,-0.35607,85.96917,-5.318001,1.196415,0.403564,NA,NA,NA,NA,NA,NA,NA,NA,NA,NA,NA,0.93354,10.32028,1.4466,50,6.18764,-3.2601,-136.1171,-6.88036,1.75665,29.04523,-12.75412,TEX_BOB,TEX_BOB,TexasStateUniversity,TeamExclusive,Team,20250903-TexasStateUniversity-Private-2,0ce52760-88e8-11f0-b3c0-9d9a300a2491,93.39898,NA,NA,7.78622,NA,NA,NA,NA,NA,NA,f59475ce-8e80-40be-9121-5d6cd58cf45c,2025-09-03,17:04:27,2025-09-03T17:04:27Z,2025-09-03T17:04:27Z,NA,v3,471452,471452,NA,"Collier, Ian",822899,Right,TEX_BOB,03a92dc3-4414-429e-a0f1-be0b19fe1744,54.36155,-137.04463,14.52261,6.40085,-6.47308,-6.37706,1.5516,-3.3162,0.87833,NA,NA,NA,NA,NA,NA,NA,NA,NA,NA,NA,NA,NA,NA,NA,NA,NA,NA,NA,NA,NA,NA,NA,NA,NA,NA,NA,NA,NA,NA,NA,NA,NA,NA,NA,NA,NA,NA,NA,NA,NA,NA,NA,NA,NA,NA,NA,NA,NA,NA,High,High,High,NA,NA,NA,NA,NA,166.57603,-33.425905,1790.064753,0.834599,11:30:00,0.560531,0.219843,-0.798419,-5.184955,-44.58336,24.787367,172.399216,-3.119963,0.132074,-0.054427,-0.989745,3.147563,-7.589451,0.054427,-0.132074,0.989745,-3.147563,7.589451,-0.054427,0.132074,0.989745,-172.399216,3.119963,-0.132074,0.054427,-0.989745
55,2025-09-03,12:04:44,2,4,"Canalichio, Will",NA,Left,TEX_BOB,"Canalichio, Will",NA,Right,TEX_BOB,Undefined,3,Top,0,2,1,Curveball,Curveball,BallCalled,Undefined,Undefined,Undefined,0,0,NA,71.52506,-0.316356,0.486931,2219.943643,317.723492,4:30:00,6.01464,-1.55588,4.87486,-70.85614,-13.26516,13.88705,-0.18941,0.06215,65.70858,-12.971405,2.947568,0.546196,NA,NA,NA,NA,NA,NA,NA,NA,NA,NA,NA,-6.78343,-6.06819,1.49539,50,5.92269,-1.39638,-103.70804,-2.94426,-7.2498,20.36542,-38.65941,TEX_BOB,TEX_BOB,TexasStateUniversity,TeamExclusive,Team,20250903-TexasStateUniversity-Private-2,170b92b0-88e8-11f0-b3c0-9d9a300a2491,69.00898,NA,NA,5.81648,NA,NA,NA,NA,NA,NA,f59475ce-8e80-40be-9121-5d6cd58cf45c,2025-09-03,17:04:44,2025-09-03T17:04:44Z,2025-09-03T17:04:44Z,NA,v3,471452,471452,NA,"Collier, Ian",822899,Right,TEX_BOB,138de4be-b4d2-47ef-b9b9-24f52d58222c,55.63065,-104.80791,10.18271,6.02532,-0.85638,-19.32971,1.56023,-1.00484,-3.6249,NA,NA,NA,NA,NA,NA,NA,NA,NA,NA,NA,NA,NA,NA,NA,NA,NA,NA,NA,NA,NA,NA,NA,NA,NA,NA,NA,NA,NA,NA,NA,NA,NA,NA,NA,NA,NA,NA,NA,NA,NA,NA,NA,NA,NA,NA,NA,NA,NA,NA,High,High,High,NA,NA,NA,NA,NA,335.694422,-28.017496,1959.775557,0.882804,5:15:00,0.464886,-0.360766,0.808535,96.297389,21.155953,-35.60884,107.995163,74.329479,0.256892,0.962831,-0.083445,85.04674,14.885739,0.962831,0.256892,0.083445,-85.04674,-14.885739,-0.962831,-0.256892,0.083445,-107.995163,-74.329479,-0.256892,-0.962831,-0.083445
56,2025-09-03,12:05:03,2,5,"Canalichio, Will",NA,Left,TEX_BOB,"Canalichio, Will",NA,Right,TEX_BOB,Undefined,3,Top,0,3,1,Curveball,Curveball,BallCalled,Walk,Undefined,Undefined,0,0,NA,72.33362,0.213416,0.639713,2160.66097,323.649889,4:45:00,6.07794,-1.63291,5.22614,-67.44374,-12.34461,10.40099,0.65829,-0.16471,66.75967,-11.922004,2.492385,0.534249,NA,NA,NA,NA,NA,NA,NA,NA,NA,NA,NA,-5.06032,-5.86642,1.56565,50,6.04632,-1.54817,-105.02755,-1.79845,-5.5967,19.42143,-38.66227,TEX_BOB,TEX_BOB,TexasStateUniversity,TeamExclusive,Team,20250903-TexasStateUniversity-Private-2,22aeb2f0-88e8-11f0-b3c0-9d9a300a2491,70.55221,NA,NA,5.57394,NA,NA,NA,NA,NA,NA,f59475ce-8e80-40be-9121-5d6cd58cf45c,2025-09-03,17:05:03,2025-09-03T17:05:03Z,2025-09-03T17:05:03Z,NA,v3,471452,471452,NA,"Collier, Ian",822899,Right,TEX_BOB,f8b13238-46df-4ff4-a643-2264048b53a9,55.27968,-105.99936,9.71072,6.08791,0.13613,-19.33114,1.63611,-1.26813,-2.79835,NA,NA,NA,NA,NA,NA,NA,NA,NA,NA,NA,NA,NA,NA,NA,NA,NA,NA,NA,NA,NA,NA,NA,NA,NA,NA,NA,NA,NA,NA,NA,NA,NA,NA,NA,NA,NA,NA,NA,NA,NA,NA,NA,NA,NA,NA,NA,NA,NA,NA,High,High,High,NA,NA,NA,NA,NA,337.687803,-32.022103,1831.902591,0.847844,5:15:00,0.520253,-0.323859,0.790222,-7.113807,-53.767255,-72.838879,110.228834,65.664745,0.386658,0.91115,-0.142483,81.112207,22.746705,0.91115,0.386658,0.142483,-81.112207,-22.746705,-0.91115,-0.386658,0.142483,-110.228834,-65.664745,-0.386658,-0.91115,-0.142483
57,2025-09-03,12:05:24,3,1,"Canalichio, Will",NA,Left,TEX_BOB,"Canalichio, Will",NA,Right,TEX_BOB,Undefined,3,Top,0,0,0,Curveball,Curveball,BallCalled,Undefined,Undefined,Undefined,0,0,NA,71.15232,-2.112865,1.92512,2157.820408,334.898067,5:15:00,6.09923,-1.73179,5.55609,-70.65772,-13.82202,7.38512,-1.76515,0.68311,65.86786,-14.783464,3.252474,0.542603,NA,NA,NA,NA,NA,NA,NA,NA,NA,NA,NA,-3.18906,-6.13087,1.56008,50,5.86859,-3.71098,-103.18254,-5.92212,-3.37078,20.30285,-38.65424,TEX_BOB,TEX_BOB,TexasStateUniversity,TeamExclusive,Team,20250903-TexasStateUniversity-Private-2,2ee07ea0-88e8-11f0-b3c0-9d9a300a2491,69.46599,NA,NA,5.28446,NA,NA,NA,NA,NA,NA,f59475ce-8e80-40be-9121-5d6cd58cf45c,2025-09-03,17:05:24,2025-09-03T17:05:24Z,2025-09-03T17:05:24Z,NA,v3,471452,471452,NA,"Collier, Ian",822899,Right,TEX_BOB,e73a67c8-4749-4062-b4b2-3ed155a7cf7e,54.95025,-104.15203,10.15142,6.10731,-4.07633,-19.32712,1.73344,-3.55002,-1.68539,NA,NA,NA,NA,NA,NA,NA,NA,NA,NA,NA,NA,NA,NA,NA,NA,NA,NA,NA,NA,NA,NA,NA,NA,NA,NA,NA,NA,NA,NA,NA,NA,NA,NA,NA,NA,NA,NA,NA,NA,NA,NA,NA,NA,NA,NA,NA,NA,NA,NA,High,High,High,NA,NA,NA,NA,NA,335.355187,-33.915986,1790.681596,0.829857,5:15:00,0.544695,-0.325237,0.773,-7.344673,-29.951576,-50.807152,157.180142,64.515249,0.166874,0.9027,-0.396593,66.282147,9.606124,0.9027,0.166874,0.396593,-66.282147,-9.606124,-0.9027,-0.166874,0.396593,-157.180142,-64.515249,-0.166874,-0.9027,-0.396593
58,2025-09-03,12:05:46,3,2,"Canalichio, Will",NA,Left,TEX_BOB,"Canalichio, Will",NA,Right,TEX_BOB,Undefined,3,Top,0,1,0,Fastball,Four-Seam,BallCalled,Undefined,Undefined,Undefined,3,0,NA,90.39042,-3.502722,2.803603,2188.260413,181.311507,12:00:00,6.18865,-1.4898,5.91116,-19.59718,14.42166,0.30744,1.29642,1.14016,83.62633,-7.147335,2.858714,0.419789,NA,NA,NA,NA,NA,NA,NA,NA,NA,NA,NA,0.54492,8.59642,1.26446,50,5.89561,-6.43142,-131.06943,-8.66147,0.95698,25.21804,-17.07672,TEX_BOB,TEX_BOB,TexasStateUniversity,TeamExclusive,Team,20250903-TexasStateUniversity-Private-2,3c1d0390-88e8-11f0-b3c0-9d9a300a2491,89.78902,NA,NA,6.76408,NA,NA,NA,NA,NA,NA,f59475ce-8e80-40be-9121-5d6cd58cf45c,2025-09-03,17:05:46,2025-09-03T17:05:46Z,2025-09-03T17:05:46Z,NA,v3,471452,471452,NA,"Collier, Ian",822899,Right,TEX_BOB,e16b7ca8-0a33-46b4-920c-6a5f08704b60,54.59084,-131.94976,12.60902,6.18757,-8.06534,-8.53836,1.48956,-6.46483,0.47849,NA,NA,NA,NA,NA,NA,NA,NA,NA,NA,NA,NA,NA,NA,NA,NA,NA,NA,NA,NA,NA,NA,NA,NA,NA,NA,NA,NA,NA,NA,NA,NA,NA,NA,NA,NA,NA,NA,NA,NA,NA,NA,NA,NA,NA,NA,NA,NA,NA,NA,High,High,High,NA,NA,NA,NA,NA,172.109207,-43.659948,1583.096815,0.72345,11:45:00,0.717252,0.141313,-0.682334,-39.254956,-54.076175,71.125783,160.227067,2.840142,0.337878,0.04955,-0.939885,3.017767,19.747635,0.04955,0.337878,0.939885,-3.017767,-19.747635,-0.04955,-0.337878,0.939885,-160.227067,-2.840142,-0.337878,-0.04955,-0.939885
,,,,,,,,,,,,,,,,,,,,,,,,,,,,,,,,,,,,,,,,,,,,,,,,,,,,,,,,,,,,,,,,,,,,,,,,,,,,,,,,,,,,,,,,,,,,,,,,,,,,,,,,,,,,,,,,,,,,,,,,,,,,,,,,,,,,,,,,,,,,,,,,,,,,,,,,,,,,,,,,,,,,,,,,,,,,,,,,,,,,,,,,,,,,,,,,,,,,,
,,,,,,,,,,,,,,,,,,,,,,,,,,,,,,,,,,,,,,,,,,,,,,,,,,,,,,,,,,,,,,,,,,,,,,,,,,,,,,,,,,,,,,,,,,,,,,,,,,,,,,,,,,,,,,,,,,,,,,,,,,,,,,,,,,,,,,,,,,,,,,,,,,,,,,,,,,,,,,,,,,,,,,,,,,,,,,,,,,,,,,,,,,,,,,,,,,,,,
,,,,,,,,,,,,,,,,,,,,,,,,,,,,,,,,,,,,,,,,,,,,,,,,,,,,,,,,,,,,,,,,,,,,,,,,,,,,,,,,,,,,,,,,,,,,,,,,,,,,,,,,,,,,,,,,,,,,,,,,,,,,,,,,,,,,,,,,,,,,,,,,,,,,,,,,,,,,,,,,,,,,,,,,,,,,,,,,,,,,,,,,,,,,,,,,,,,,,
,,,,,,,,,,,,,,,,,,,,,,,,,,,,,,,,,,,,,,,,,,,,,,,,,,,,,,,,,,,,,,,,,,,,,,,,,,,,,,,,,,,,,,,,,,,,,,,,,,,,,,,,,,,,,,,,,,,,,,,,,,,,,,,,,,,,,,,,,,,,,,,,,,,,,,,,,,,,,,,,,,,,,,,,,,,,,,,,,,,,,,,,,,,,,,,,,,,,,
,,,,,,,,,,,,,,,,,,,,,,,,,,,,,,,,,,,,,,,,,,,,,,,,,,,,,,,,,,,,,,,,,,,,,,,,,,,,,,,,,,,,,,,,,,,,,,,,,,,,,,,,,,,,,,,,,,,,,,,,,,,,,,,,,,,,,,,,,,,,,,,,,,,,,,,,,,,,,,,,,,,,,,,,,,,,,,,,,,,,,,,,,,,,,,,,,,,,,
,,,,,,,,,,,,,,,,,,,,,,,,,,,,,,,,,,,,,,,,,,,,,,,,,,,,,,,,,,,,,,,,,,,,,,,,,,,,,,,,,,,,,,,,,,,,,,,,,,,,,,,,,,,,,,,,,,,,,,,,,,,,,,,,,,,,,,,,,,,,,,,,,,,,,,,,,,,,,,,,,,,,,,,,,,,,,,,,,,,,,,,,,,,,,,,,,,,,,
,,,,,,,,,,,,,,,,,,,,,,,,,,,,,,,,,,,,,,,,,,,,,,,,,,,,,,,,,,,,,,,,,,,,,,,,,,,,,,,,,,,,,,,,,,,,,,,,,,,,,,,,,,,,,,,,,,,,,,,,,,,,,,,,,,,,,,,,,,,,,,,,,,,,,,,,,,,,,,,,,,,,,,,,,,,,,,,,,,,,,,,,,,,,,,,,,,,,,
,,,,,,,,,,,,,,,,,,,,,,,,,,,,,,,,,,,,,,,,,,,,,,,,,,,,,,,,,,,,,,,,,,,,,,,,,,,,,,,,,,,,,,,,,,,,,,,,,,,,,,,,,,,,,,,,,,,,,,,,,,,,,,,,,,,,,,,,,,,,,,,,,,,,,,,,,,,,,,,,,,,,,,,,,,,,,,,,,,,,,,,,,,,,,,,,,,,,,
,,,,,,,,,,,,,,,,,,,,,,,,,,,,,,,,,,,,,,,,,,,,,,,,,,,,,,,,,,,,,,,,,,,,,,,,,,,,,,,,,,,,,,,,,,,,,,,,,,,,,,,,,,,,,,,,,,,,,,,,,,,,,,,,,,,,,,,,,,,,,,,,,,,,,,,,,,,,,,,,,,,,,,,,,,,,,,,,,,,,,,,,,,,,,,,,,,,,,
,,,,,,,,,,,,,,,,,,,,,,,,,,,,,,,,,,,,,,,,,,,,,,,,,,,,,,,,,,,,,,,,,,,,,,,,,,,,,,,,,,,,,,,,,,,,,,,,,,,,,,,,,,,,,,,,,,,,,,,,,,,,,,,,,,,,,,,,,,,,,,,,,,,,,,,,,,,,,,,,,,,,,,,,,,,,,,,,,,,,,,,,,,,,,,,,,,,,,
,,,,,,,,,,,,,,,,,,,,,,,,,,,,,,,,,,,,,,,,,,,,,,,,,,,,,,,,,,,,,,,,,,,,,,,,,,,,,,,,,,,,,,,,,,,,,,,,,,,,,,,,,,,,,,,,,,,,,,,,,,,,,,,,,,,,,,,,,,,,,,,,,,,,,,,,,,,,,,,,,,,,,,,,,,,,,,,,,,,,,,,,,,,,,,,,,,,,,
70,2025-09-03,12:15:36,1,1,"Canalichio, Will",NA,Right,TEX_BOB,"Canalichio, Will",NA,Right,TEX_BOB,Undefined,4,Top,0,0,0,Fastball,Four-Seam,StrikeCalled,Undefined,Undefined,Undefined,0,0,NA,91.2845,-3.00514,1.144491,2108.980839,165.600022,11:30:00,6.37358,-1.20516,6.31875,-13.01847,20.0869,-4.87831,2.51767,-0.55739,83.31527,-5.530148,0.262026,0.414115,NA,NA,NA,NA,NA,NA,NA,NA,NA,NA,NA,2.85772,11.62571,1.12363,50,6.14705,-2.44631,-132.48509,-7.26758,5.067,28.93675,-11.56048,TEX_BOB,TEX_BOB,TexasStateUniversity,TeamExclusive,Team,20250903-TexasStateUniversity-Private-2,9b9d2510-88e9-11f0-b3c0-9d9a300a2491,91.01932,NA,NA,7.96923,NA,NA,NA,NA,NA,NA,f59475ce-8e80-40be-9121-5d6cd58cf45c,2025-09-03,17:15:36,2025-09-03T17:15:36Z,2025-09-03T17:15:36Z,NA,v3,471452,471452,NA,"Collier, Ian",822899,Right,TEX_BOB,fe43b448-48f3-400f-90d8-af5652767f1f,54.18124,-133.39521,14.46838,6.36991,-6.90398,-5.78024,1.20308,-2.60567,2.5335,NA,NA,NA,NA,NA,NA,NA,NA,NA,NA,NA,NA,NA,NA,NA,NA,NA,NA,NA,NA,NA,NA,NA,NA,NA,NA,NA,NA,NA,NA,NA,NA,NA,NA,NA,NA,NA,NA,NA,NA,NA,NA,NA,NA,NA,NA,NA,NA,NA,NA,High,High,High,NA,NA,NA,NA,NA,173.904492,-40.568117,1602.052127,0.759633,11:45:00,0.660187,0.114647,-0.7423,-23.890804,-50.992876,42.583222,167.1494,-2.032174,0.22227,-0.035461,-0.97434,2.084335,-12.842379,0.035461,-0.22227,0.97434,-2.084335,12.842379,-0.035461,0.22227,0.97434,-167.1494,2.032174,-0.22227,0.035461,-0.97434
71,2025-09-03,12:15:50,1,2,"Canalichio, Will",NA,Right,TEX_BOB,"Canalichio, Will",NA,Right,TEX_BOB,Undefined,4,Top,0,0,1,Fastball,Four-Seam,BallCalled,Undefined,Undefined,Undefined,0,0,NA,91.14957,-2.006262,1.458222,2260.711913,170.762826,11:45:00,6.45443,-1.42396,6.20411,-13.42678,20.01785,-3.07166,3.48224,-0.33359,82.79961,-4.61552,0.903961,0.416231,NA,NA,NA,NA,NA,NA,NA,NA,NA,NA,NA,2.01543,11.27796,1.31582,50,6.29659,-3.23795,-132.28561,-4.96265,3.54851,29.90519,-12.31731,TEX_BOB,TEX_BOB,TexasStateUniversity,TeamExclusive,Team,20250903-TexasStateUniversity-Private-2,a4309450-88e9-11f0-b3c0-9d9a300a2491,90.55655,NA,NA,8.34996,NA,NA,NA,NA,NA,NA,f59475ce-8e80-40be-9121-5d6cd58cf45c,2025-09-03,17:15:50,2025-09-03T17:15:50Z,2025-09-03T17:15:50Z,NA,v3,471452,471452,NA,"Collier, Ian",822899,Right,TEX_BOB,c8075330-1a09-4de0-95ef-bfcfebe7c959,54.29478,-133.25298,14.9526,6.45068,-4.56422,-6.15866,1.42242,-3.35274,1.77426,NA,NA,NA,NA,NA,NA,NA,NA,NA,NA,NA,NA,NA,NA,NA,NA,NA,NA,NA,NA,NA,NA,NA,NA,NA,NA,NA,NA,NA,NA,NA,NA,NA,NA,NA,NA,NA,NA,NA,NA,NA,NA,NA,NA,NA,NA,NA,NA,NA,NA,High,High,High,NA,NA,NA,NA,NA,169.618691,-35.209236,1847.119114,0.817052,11:45:00,0.591323,0.167326,-0.788885,-5.304225,-45.812838,16.383929,172.050283,-4.89489,0.1378,-0.085328,-0.986778,4.942154,-7.920538,0.085328,-0.1378,0.986778,-4.942154,7.920538,-0.085328,0.1378,0.986778,-172.050283,4.89489,-0.1378,0.085328,-0.986778
72,2025-09-03,12:16:12,1,3,"Canalichio, Will",NA,Right,TEX_BOB,"Canalichio, Will",NA,Right,TEX_BOB,Undefined,4,Top,0,1,1,Fastball,Four-Seam,StrikeCalled,Undefined,Undefined,Undefined,0,0,NA,92.02252,-2.732769,1.022504,2165.544272,178.010259,12:00:00,6.37681,-1.33397,6.22174,-14.66017,17.8441,-0.58504,2.63111,-0.43909,84.46779,-5.534351,0.916854,0.410338,NA,NA,NA,NA,NA,NA,NA,NA,NA,NA,NA,0.57823,10.30213,1.25773,50,6.16465,-2.36123,-133.65067,-6.78274,1.04935,27.91467,-13.47844,TEX_BOB,TEX_BOB,TexasStateUniversity,TeamExclusive,Team,20250903-TexasStateUniversity-Private-2,b1844ac0-88e9-11f0-b3c0-9d9a300a2491,91.8571,NA,NA,7.55473,NA,NA,NA,NA,NA,NA,f59475ce-8e80-40be-9121-5d6cd58cf45c,2025-09-03,17:16:12,2025-09-03T17:16:12Z,2025-09-03T17:16:12Z,NA,v3,471452,471452,NA,"Collier, Ian",822899,Right,TEX_BOB,f222c989-fa2e-4bfb-9659-02a0e6c3d629,54.27932,-134.54149,13.95733,6.37424,-6.35261,-6.73922,1.33362,-2.39471,0.52468,NA,NA,NA,NA,NA,NA,NA,NA,NA,NA,NA,NA,NA,NA,NA,NA,NA,NA,NA,NA,NA,NA,NA,NA,NA,NA,NA,NA,NA,NA,NA,NA,NA,NA,NA,NA,NA,NA,NA,NA,NA,NA,NA,NA,NA,NA,NA,NA,NA,NA,High,High,High,NA,NA,NA,NA,NA,172.237545,-41.100172,1631.870617,0.753561,11:45:00,0.664998,0.133007,-0.734906,-25.304617,-51.747975,39.768012,167.915267,-5.879505,0.208257,-0.102437,-0.972695,6.011788,-12.020209,0.102437,-0.208257,0.972695,-6.011788,12.020209,-0.102437,0.208257,0.972695,-167.915267,5.879505,-0.208257,0.102437,-0.972695
73,2025-09-03,12:16:34,1,4,"Canalichio, Will",NA,Right,TEX_BOB,"Canalichio, Will",NA,Right,TEX_BOB,Undefined,4,Top,0,1,2,Changeup,Changeup,BallCalled,Undefined,Undefined,Undefined,0,0,NA,83.28187,-3.404691,1.880232,1232.055715,163.719367,11:30:00,6.05131,-1.58719,5.80804,-23.90978,16.80233,-4.50618,0.88708,-0.21349,76.14736,-7.869474,1.072543,0.459233,NA,NA,NA,NA,NA,NA,NA,NA,NA,NA,NA,2.86658,9.99501,1.43566,50,5.75739,-3.7855,-120.67064,-7.89822,4.20645,24.53432,-17.50722,TEX_BOB,TEX_BOB,TexasStateUniversity,TeamExclusive,Team,20250903-TexasStateUniversity-Private-2,be885a90-88e9-11f0-b3c0-9d9a300a2491,82.07691,NA,NA,7.13451,NA,NA,NA,NA,NA,NA,f59475ce-8e80-40be-9121-5d6cd58cf45c,2025-09-03,17:16:34,2025-09-03T17:16:34Z,2025-09-03T17:16:34Z,NA,v3,471452,471452,NA,"Collier, Ian",822899,Right,TEX_BOB,45149faf-6baa-4dae-a758-983f67d2e009,54.69272,-121.62101,12.26716,6.0502,-7.22006,-8.75361,1.58545,-3.94844,2.10323,NA,NA,NA,NA,NA,NA,NA,NA,NA,NA,NA,NA,NA,NA,NA,NA,NA,NA,NA,NA,NA,NA,NA,NA,NA,NA,NA,NA,NA,NA,NA,NA,NA,NA,NA,NA,NA,NA,NA,NA,NA,NA,NA,NA,NA,NA,NA,NA,NA,NA,High,High,High,NA,NA,NA,NA,NA,163.04945,-31.459322,1050.956959,0.853011,11:30:00,0.532702,0.279247,-0.798905,-73.176662,-31.364682,-5.437604,92.342522,0.820157,0.999062,0.014314,-0.040869,19.302225,87.518127,0.014314,0.999062,0.040869,-19.302225,-87.518127,-0.014314,-0.999062,0.040869,-92.342522,-0.820157,-0.999062,-0.014314,-0.040869
74,2025-09-03,12:16:51,1,5,"Canalichio, Will",NA,Right,TEX_BOB,"Canalichio, Will",NA,Right,TEX_BOB,Undefined,4,Top,0,2,2,Changeup,Changeup,BallCalled,Undefined,Undefined,Undefined,0,0,NA,82.02207,-3.26263,2.593588,2148.860325,136.366784,10:30:00,5.95882,-1.60042,6.26197,-30.15321,10.8715,-9.13162,0.43136,0.03169,75.61434,-8.862933,0.942313,0.460993,NA,NA,NA,NA,NA,NA,NA,NA,NA,NA,NA,5.53036,6.9265,1.41266,50,5.70153,-5.06931,-118.99238,-7.66001,7.9333,22.72258,-22.23796,TEX_BOB,TEX_BOB,TexasStateUniversity,TeamExclusive,Team,20250903-TexasStateUniversity-Private-2,c8939cc0-88e9-11f0-b3c0-9d9a300a2491,81.76363,NA,NA,6.40773,NA,NA,NA,NA,NA,NA,f59475ce-8e80-40be-9121-5d6cd58cf45c,2025-09-03,17:16:51,2025-09-03T17:16:51Z,2025-09-03T17:16:51Z,NA,v3,471452,471452,NA,"Collier, Ian",822899,Right,TEX_BOB,d0d752cb-6bb0-49af-bece-cb15503bbf12,54.24116,-119.79953,11.36129,5.9596,-6.87007,-11.11898,1.59774,-5.35112,3.96665,NA,NA,NA,NA,NA,NA,NA,NA,NA,NA,NA,NA,NA,NA,NA,NA,NA,NA,NA,NA,NA,NA,NA,NA,NA,NA,NA,NA,NA,NA,NA,NA,NA,NA,NA,NA,NA,NA,NA,NA,NA,NA,NA,NA,NA,NA,NA,NA,NA,NA,High,High,High,NA,NA,NA,NA,NA,157.275184,-27.249661,1910.379491,0.88902,11:15:00,0.474239,0.368935,-0.799365,-79.095632,-37.138386,-14.572564,108.113167,-10.962797,0.9331,-0.190172,-0.305221,31.925437,-68.923248,0.190172,-0.9331,0.305221,-31.925437,68.923248,-0.190172,0.9331,0.305221,-108.113167,10.962797,-0.9331,0.190172,-0.305221
75,2025-09-03,12:17:11,1,6,"Canalichio, Will",NA,Right,TEX_BOB,"Canalichio, Will",NA,Right,TEX_BOB,Undefined,4,Top,0,3,2,Changeup,Slider,BallCalled,Walk,Undefined,Undefined,0,0,NA,82.3145,-0.934348,-1.139809,1095.940011,141.362071,10:45:00,6.15035,-1.73671,6.16672,-30.14557,10.39819,-7.35811,2.7749,-3.40289,75.98253,-6.546875,-2.467583,0.458283,NA,NA,NA,NA,NA,NA,NA,NA,NA,NA,NA,3.50666,6.00701,1.82672,50,6.06407,2.65597,-119.67971,-2.85022,5.1154,21.84641,-23.41125,TEX_BOB,TEX_BOB,TexasStateUniversity,TeamExclusive,Team,20250903-TexasStateUniversity-Private-2,d459fc70-88e9-11f0-b3c0-9d9a300a2491,82.24716,NA,NA,6.33197,NA,NA,NA,NA,NA,NA,f59475ce-8e80-40be-9121-5d6cd58cf45c,2025-09-03,17:17:11,2025-09-03T17:17:11Z,2025-09-03T17:17:11Z,NA,v3,471452,471452,NA,"Collier, Ian",822899,Right,TEX_BOB,da30c8b6-914d-4a33-b04b-5c3705461163,54.3343,-120.46829,10.92321,6.1517,-2.00514,-11.70562,1.73418,2.47132,2.5577,NA,NA,NA,NA,NA,NA,NA,NA,NA,NA,NA,NA,NA,NA,NA,NA,NA,NA,NA,NA,NA,NA,NA,NA,NA,NA,NA,NA,NA,NA,NA,NA,NA,NA,NA,NA,NA,NA,NA,NA,NA,NA,NA,NA,NA,NA,NA,NA,NA,NA,High,High,High,NA,NA,NA,NA,NA,153.275775,-26.349008,982.079644,0.896107,11:00:00,0.4212,0.41016,-0.808925,-76.076601,-43.022103,7.679017,97.032386,-11.920862,0.971073,-0.20656,-0.11979,59.889393,-76.185333,0.20656,-0.971073,0.11979,-59.889393,76.185333,-0.20656,0.971073,0.11979,-97.032386,11.920862,-0.971073,0.20656,-0.11979
76,2025-09-03,12:17:37,2,1,"Canalichio, Will",NA,Right,TEX_BOB,"Canalichio, Will",NA,Right,TEX_BOB,Undefined,4,Top,0,0,0,Fastball,Four-Seam,BallCalled,Undefined,Undefined,Undefined,0,0,NA,89.6439,-2.801378,2.541479,2099.406554,183.257034,12:00:00,6.18502,-1.47687,6.02508,-20.1371,14.46859,0.76213,1.90767,0.9421,82.36204,-6.574562,2.678436,0.423395,NA,NA,NA,NA,NA,NA,NA,NA,NA,NA,NA,0.29571,8.54288,1.27743,50,5.95439,-5.80295,-130.0288,-6.99181,0.50751,26.62415,-17.51145,TEX_BOB,TEX_BOB,TexasStateUniversity,TeamExclusive,Team,20250903-TexasStateUniversity-Private-2,e4000750-88e9-11f0-b3c0-9d9a300a2491,89.02439,NA,NA,7.28186,NA,NA,NA,NA,NA,NA,f59475ce-8e80-40be-9121-5d6cd58cf45c,2025-09-03,17:17:37,2025-09-03T17:17:37Z,2025-09-03T17:17:37Z,NA,v3,471452,471452,NA,"Collier, Ian",822899,Right,TEX_BOB,cbd03341-eced-48dc-ada8-f3d6dd753402,54.47574,-130.94203,13.31208,6.18391,-6.39116,-8.75573,1.47678,-5.82036,0.25376,NA,NA,NA,NA,NA,NA,NA,NA,NA,NA,NA,NA,NA,NA,NA,NA,NA,NA,NA,NA,NA,NA,NA,NA,NA,NA,NA,NA,NA,NA,NA,NA,NA,NA,NA,NA,NA,NA,NA,NA,NA,NA,NA,NA,NA,NA,NA,NA,NA,NA,High,High,High,NA,NA,NA,NA,NA,171.255182,-45.180154,1479.829592,0.70488,11:45:00,0.733443,0.141705,-0.664817,-29.414295,-62.991315,50.891966,160.586667,1.09647,0.33232,0.019136,-0.942973,1.16255,19.409636,0.019136,0.33232,0.942973,-1.16255,-19.409636,-0.019136,-0.33232,0.942973,-160.586667,-1.09647,-0.33232,-0.019136,-0.942973
77,2025-09-03,12:17:58,2,2,"Canalichio, Will",NA,Right,TEX_BOB,"Canalichio, Will",NA,Right,TEX_BOB,Undefined,4,Top,0,1,0,Fastball,Four-Seam,StrikeCalled,Undefined,Undefined,Undefined,0,0,NA,90.62147,-2.800574,2.034779,2079.574224,173.733572,11:45:00,6.17952,-1.31788,6.28046,-15.38501,18.06572,-1.87079,2.31235,0.40255,83.26126,-5.737072,1.696841,0.416269,NA,NA,NA,NA,NA,NA,NA,NA,NA,NA,NA,1.51154,10.44886,1.16851,50,5.96481,-4.59816,-131.55951,-6.8528,2.66051,26.78996,-13.78281,TEX_BOB,TEX_BOB,TexasStateUniversity,TeamExclusive,Team,20250903-TexasStateUniversity-Private-2,f0879420-88e9-11f0-b3c0-9d9a300a2491,90.54824,NA,NA,7.36021,NA,NA,NA,NA,NA,NA,f59475ce-8e80-40be-9121-5d6cd58cf45c,2025-09-03,17:17:58,2025-09-03T17:17:58Z,2025-09-03T17:17:58Z,NA,v3,471452,471452,NA,"Collier, Ian",822899,Right,TEX_BOB,cf41e6e1-9844-46c4-9c4f-02214f72ade1,54.22023,-132.4161,13.39498,6.17688,-6.4121,-6.8914,1.31689,-4.68323,1.33026,NA,NA,NA,NA,NA,NA,NA,NA,NA,NA,NA,NA,NA,NA,NA,NA,NA,NA,NA,NA,NA,NA,NA,NA,NA,NA,NA,NA,NA,NA,NA,NA,NA,NA,NA,NA,NA,NA,NA,NA,NA,NA,NA,NA,NA,NA,NA,NA,NA,NA,High,High,High,NA,NA,NA,NA,NA,172.402989,-42.368647,1536.439794,0.738824,11:45:00,0.693902,0.130486,-0.708148,-29.9369,-52.642221,47.07915,167.357723,-4.393501,0.21822,-0.076606,-0.972888,4.502222,-12.604515,0.076606,-0.21822,0.972888,-4.502222,12.604515,-0.076606,0.21822,0.972888,-167.357723,4.393501,-0.21822,0.076606,-0.972888
78,2025-09-03,12:18:24,2,3,"Canalichio, Will",NA,Right,TEX_BOB,"Canalichio, Will",NA,Right,TEX_BOB,Undefined,4,Top,0,1,1,Changeup,Changeup,BallCalled,Undefined,Undefined,Undefined,0,0,NA,85.26902,-2.797061,2.594938,1522.596443,131.760328,10:30:00,6.00999,-1.67366,6.23074,-25.57868,12.1589,-12.36583,1.29314,-0.3084,78.84969,-7.56433,0.361244,0.442139,NA,NA,NA,NA,NA,NA,NA,NA,NA,NA,NA,7.1015,7.37756,1.48581,50,5.7879,-5.14468,-123.80519,-6.8175,11.10944,22.8847,-20.63271,TEX_BOB,TEX_BOB,TexasStateUniversity,TeamExclusive,Team,20250903-TexasStateUniversity-Private-2,ffe376a0-88e9-11f0-b3c0-9d9a300a2491,85.25027,NA,NA,6.41934,NA,NA,NA,NA,NA,NA,f59475ce-8e80-40be-9121-5d6cd58cf45c,2025-09-03,17:18:24,2025-09-03T17:18:24Z,2025-09-03T17:18:24Z,NA,v3,471452,471452,NA,"Collier, Ian",822899,Right,TEX_BOB,a787f19a-73df-4d38-9507-6e7cec49b039,54.27174,-124.59229,11.44235,6.01018,-6.10785,-10.31636,1.66933,-5.52678,5.55472,NA,NA,NA,NA,NA,NA,NA,NA,NA,NA,NA,NA,NA,NA,NA,NA,NA,NA,NA,NA,NA,NA,NA,NA,NA,NA,NA,NA,NA,NA,NA,NA,NA,NA,NA,NA,NA,NA,NA,NA,NA,NA,NA,NA,NA,NA,NA,NA,NA,NA,High,High,High,NA,NA,NA,NA,NA,155.806512,-27.352277,1352.367707,0.888198,11:15:00,0.477379,0.385988,-0.789381,-57.676265,-27.866316,-32.217631,94.005894,-11.192464,0.978584,-0.194105,-0.06853,70.55402,-78.12087,0.194105,-0.978584,0.06853,-70.55402,78.12087,-0.194105,0.978584,0.06853,-94.005894,11.192464,-0.978584,0.194105,-0.06853
79,2025-09-03,12:18:42,2,4,"Canalichio, Will",NA,Right,TEX_BOB,"Canalichio, Will",NA,Right,TEX_BOB,Undefined,4,Top,0,2,1,Changeup,Changeup,BallCalled,Undefined,Undefined,Undefined,0,0,NA,84.42638,-5.034991,2.568849,1466.129722,139.301536,10:45:00,5.95751,-1.78139,5.92941,-24.56993,15.10914,-11.81457,-0.77856,-0.38078,77.24281,-9.5968,0.445855,0.453369,NA,NA,NA,NA,NA,NA,NA,NA,NA,NA,NA,6.93414,9.67713,1.58305,50,5.53979,-5.02886,-122.06459,-11.50546,10.38727,25.62845,-17.6778,TEX_BOB,TEX_BOB,TexasStateUniversity,TeamExclusive,Team,20250903-TexasStateUniversity-Private-2,0ad8a3a0-88ea-11f0-b3c0-9d9a300a2491,83.13846,NA,NA,7.18357,NA,NA,NA,NA,NA,NA,f59475ce-8e80-40be-9121-5d6cd58cf45c,2025-09-03,17:18:42,2025-09-03T17:18:42Z,2025-09-03T17:18:42Z,NA,v3,471452,471452,NA,"Collier, Ian",822899,Right,TEX_BOB,eca48c1e-666b-494d-b08c-9a01de4e59f9,54.57332,-123.02104,12.81423,5.95686,-10.84572,-8.8389,1.77796,-5.41652,5.19364,NA,NA,NA,NA,NA,NA,NA,NA,NA,NA,NA,NA,NA,NA,NA,NA,NA,NA,NA,NA,NA,NA,NA,NA,NA,NA,NA,NA,NA,NA,NA,NA,NA,NA,NA,NA,NA,NA,NA,NA,NA,NA,NA,NA,NA,NA,NA,NA,NA,NA,High,High,High,NA,NA,NA,NA,NA,157.557756,-34.288325,1211.335595,0.826213,11:15:00,0.567192,0.363634,-0.738961,-57.379674,-20.442061,-25.763863,92.498428,4.14283,0.996439,0.072243,-0.043478,58.959184,85.163234,0.072243,0.996439,0.043478,-58.959184,-85.163234,-0.072243,-0.996439,0.043478,-92.498428,-4.14283,-0.996439,-0.072243,-0.043478
80,2025-09-03,12:19:07,2,5,"Canalichio, Will",NA,Right,TEX_BOB,"Canalichio, Will",NA,Right,TEX_BOB,Undefined,4,Top,0,3,1,Fastball,Four-Seam,BallCalled,Walk,Undefined,Undefined,3,0,NA,89.85647,-4.587568,3.376898,2099.232137,181.095853,12:00:00,6.3336,-1.05981,6.95798,-17.45564,15.7465,0.28244,0.68844,2.03999,83.17786,-7.898933,3.42849,0.414719,NA,NA,NA,NA,NA,NA,NA,NA,NA,NA,NA,0.70906,9.89071,0.85019,50,6.04171,-7.6945,-130.23058,-10.89376,1.22781,25.23052,-15.04744,TEX_BOB,TEX_BOB,TexasStateUniversity,TeamExclusive,Team,20250903-TexasStateUniversity-Private-2,1978fe50-88ea-11f0-b3c0-9d9a300a2491,90.8866,NA,NA,6.67861,NA,NA,NA,NA,NA,NA,f59475ce-8e80-40be-9121-5d6cd58cf45c,2025-09-03,17:19:07,2025-09-03T17:19:07Z,2025-09-03T17:19:07Z,NA,v3,471452,471452,NA,"Collier, Ian",822899,Right,TEX_BOB,fa4dda0f-7c9d-4c8a-bd08-9e2401f95386,53.54372,-130.91532,12.61526,6.33182,-10.48537,-7.52372,1.05948,-7.72783,0.6139,NA,NA,NA,NA,NA,NA,NA,NA,NA,NA,NA,NA,NA,NA,NA,NA,NA,NA,NA,NA,NA,NA,NA,NA,NA,NA,NA,NA,NA,NA,NA,NA,NA,NA,NA,NA,NA,NA,NA,NA,NA,NA,NA,NA,NA,NA,NA,NA,NA,NA,High,High,High,NA,NA,NA,NA,NA,171.427372,-41.652661,1568.520116,0.747188,11:45:00,0.695961,0.164179,-0.699059,-24.05494,-57.580993,46.150967,164.46133,-0.279797,0.267885,-0.004883,-0.963438,0.290412,-15.53848,0.004883,-0.267885,0.963438,-0.290412,15.53848,-0.004883,0.267885,0.963438,-164.46133,0.279797,-0.267885,0.004883,-0.963438
,,,,,,,,,,,,,,,,,,,,,,,,,,,,,,,,,,,,,,,,,,,,,,,,,,,,,,,,,,,,,,,,,,,,,,,,,,,,,,,,,,,,,,,,,,,,,,,,,,,,,,,,,,,,,,,,,,,,,,,,,,,,,,,,,,,,,,,,,,,,,,,,,,,,,,,,,,,,,,,,,,,,,,,,,,,,,,,,,,,,,,,,,,,,,,,,,,,,,
,,,,,,,,,,,,,,,,,,,,,,,,,,,,,,,,,,,,,,,,,,,,,,,,,,,,,,,,,,,,,,,,,,,,,,,,,,,,,,,,,,,,,,,,,,,,,,,,,,,,,,,,,,,,,,,,,,,,,,,,,,,,,,,,,,,,,,,,,,,,,,,,,,,,,,,,,,,,,,,,,,,,,,,,,,,,,,,,,,,,,,,,,,,,,,,,,,,,,
,,,,,,,,,,,,,,,,,,,,,,,,,,,,,,,,,,,,,,,,,,,,,,,,,,,,,,,,,,,,,,,,,,,,,,,,,,,,,,,,,,,,,,,,,,,,,,,,,,,,,,,,,,,,,,,,,,,,,,,,,,,,,,,,,,,,,,,,,,,,,,,,,,,,,,,,,,,,,,,,,,,,,,,,,,,,,,,,,,,,,,,,,,,,,,,,,,,,,
,,,,,,,,,,,,,,,,,,,,,,,,,,,,,,,,,,,,,,,,,,,,,,,,,,,,,,,,,,,,,,,,,,,,,,,,,,,,,,,,,,,,,,,,,,,,,,,,,,,,,,,,,,,,,,,,,,,,,,,,,,,,,,,,,,,,,,,,,,,,,,,,,,,,,,,,,,,,,,,,,,,,,,,,,,,,,,,,,,,,,,,,,,,,,,,,,,,,,
,,,,,,,,,,,,,,,,,,,,,,,,,,,,,,,,,,,,,,,,,,,,,,,,,,,,,,,,,,,,,,,,,,,,,,,,,,,,,,,,,,,,,,,,,,,,,,,,,,,,,,,,,,,,,,,,,,,,,,,,,,,,,,,,,,,,,,,,,,,,,,,,,,,,,,,,,,,,,,,,,,,,,,,,,,,,,,,,,,,,,,,,,,,,,,,,,,,,,
,,,,,,,,,,,,,,,,,,,,,,,,,,,,,,,,,,,,,,,,,,,,,,,,,,,,,,,,,,,,,,,,,,,,,,,,,,,,,,,,,,,,,,,,,,,,,,,,,,,,,,,,,,,,,,,,,,,,,,,,,,,,,,,,,,,,,,,,,,,,,,,,,,,,,,,,,,,,,,,,,,,,,,,,,,,,,,,,,,,,,,,,,,,,,,,,,,,,,
,,,,,,,,,,,,,,,,,,,,,,,,,,,,,,,,,,,,,,,,,,,,,,,,,,,,,,,,,,,,,,,,,,,,,,,,,,,,,,,,,,,,,,,,,,,,,,,,,,,,,,,,,,,,,,,,,,,,,,,,,,,,,,,,,,,,,,,,,,,,,,,,,,,,,,,,,,,,,,,,,,,,,,,,,,,,,,,,,,,,,,,,,,,,,,,,,,,,,
,,,,,,,,,,,,,,,,,,,,,,,,,,,,,,,,,,,,,,,,,,,,,,,,,,,,,,,,,,,,,,,,,,,,,,,,,,,,,,,,,,,,,,,,,,,,,,,,,,,,,,,,,,,,,,,,,,,,,,,,,,,,,,,,,,,,,,,,,,,,,,,,,,,,,,,,,,,,,,,,,,,,,,,,,,,,,,,,,,,,,,,,,,,,,,,,,,,,,
,,,,,,,,,,,,,,,,,,,,,,,,,,,,,,,,,,,,,,,,,,,,,,,,,,,,,,,,,,,,,,,,,,,,,,,,,,,,,,,,,,,,,,,,,,,,,,,,,,,,,,,,,,,,,,,,,,,,,,,,,,,,,,,,,,,,,,,,,,,,,,,,,,,,,,,,,,,,,,,,,,,,,,,,,,,,,,,,,,,,,,,,,,,,,,,,,,,,,
,,,,,,,,,,,,,,,,,,,,,,,,,,,,,,,,,,,,,,,,,,,,,,,,,,,,,,,,,,,,,,,,,,,,,,,,,,,,,,,,,,,,,,,,,,,,,,,,,,,,,,,,,,,,,,,,,,,,,,,,,,,,,,,,,,,,,,,,,,,,,,,,,,,,,,,,,,,,,,,,,,,,,,,,,,,,,,,,,,,,,,,,,,,,,,,,,,,,,
,,,,,,,,,,,,,,,,,,,,,,,,,,,,,,,,,,,,,,,,,,,,,,,,,,,,,,,,,,,,,,,,,,,,,,,,,,,,,,,,,,,,,,,,,,,,,,,,,,,,,,,,,,,,,,,,,,,,,,,,,,,,,,,,,,,,,,,,,,,,,,,,,,,,,,,,,,,,,,,,,,,,,,,,,,,,,,,,,,,,,,,,,,,,,,,,,,,,,
,,,,,,,,,,,,,,,,,,,,,,,,,,,,,,,,,,,,,,,,,,,,,,,,,,,,,,,,,,,,,,,,,,,,,,,,,,,,,,,,,,,,,,,,,,,,,,,,,,,,,,,,,,,,,,,,,,,,,,,,,,,,,,,,,,,,,,,,,,,,,,,,,,,,,,,,,,,,,,,,,,,,,,,,,,,,,,,,,,,,,,,,,,,,,,,,,,,,,
,,,,,,,,,,,,,,,,,,,,,,,,,,,,,,,,,,,,,,,,,,,,,,,,,,,,,,,,,,,,,,,,,,,,,,,,,,,,,,,,,,,,,,,,,,,,,,,,,,,,,,,,,,,,,,,,,,,,,,,,,,,,,,,,,,,,,,,,,,,,,,,,,,,,,,,,,,,,,,,,,,,,,,,,,,,,,,,,,,,,,,,,,,,,,,,,,,,,,
,,,,,,,,,,,,,,,,,,,,,,,,,,,,,,,,,,,,,,,,,,,,,,,,,,,,,,,,,,,,,,,,,,,,,,,,,,,,,,,,,,,,,,,,,,,,,,,,,,,,,,,,,,,,,,,,,,,,,,,,,,,,,,,,,,,,,,,,,,,,,,,,,,,,,,,,,,,,,,,,,,,,,,,,,,,,,,,,,,,,,,,,,,,,,,,,,,,,,
,,,,,,,,,,,,,,,,,,,,,,,,,,,,,,,,,,,,,,,,,,,,,,,,,,,,,,,,,,,,,,,,,,,,,,,,,,,,,,,,,,,,,,,,,,,,,,,,,,,,,,,,,,,,,,,,,,,,,,,,,,,,,,,,,,,,,,,,,,,,,,,,,,,,,,,,,,,,,,,,,,,,,,,,,,,,,,,,,,,,,,,,,,,,,,,,,,,,,
,,,,,,,,,,,,,,,,,,,,,,,,,,,,,,,,,,,,,,,,,,,,,,,,,,,,,,,,,,,,,,,,,,,,,,,,,,,,,,,,,,,,,,,,,,,,,,,,,,,,,,,,,,,,,,,,,,,,,,,,,,,,,,,,,,,,,,,,,,,,,,,,,,,,,,,,,,,,,,,,,,,,,,,,,,,,,,,,,,,,,,,,,,,,,,,,,,,,,
,,,,,,,,,,,,,,,,,,,,,,,,,,,,,,,,,,,,,,,,,,,,,,,,,,,,,,,,,,,,,,,,,,,,,,,,,,,,,,,,,,,,,,,,,,,,,,,,,,,,,,,,,,,,,,,,,,,,,,,,,,,,,,,,,,,,,,,,,,,,,,,,,,,,,,,,,,,,,,,,,,,,,,,,,,,,,,,,,,,,,,,,,,,,,,,,,,,,,
,,,,,,,,,,,,,,,,,,,,,,,,,,,,,,,,,,,,,,,,,,,,,,,,,,,,,,,,,,,,,,,,,,,,,,,,,,,,,,,,,,,,,,,,,,,,,,,,,,,,,,,,,,,,,,,,,,,,,,,,,,,,,,,,,,,,,,,,,,,,,,,,,,,,,,,,,,,,,,,,,,,,,,,,,,,,,,,,,,,,,,,,,,,,,,,,,,,,,
,,,,,,,,,,,,,,,,,,,,,,,,,,,,,,,,,,,,,,,,,,,,,,,,,,,,,,,,,,,,,,,,,,,,,,,,,,,,,,,,,,,,,,,,,,,,,,,,,,,,,,,,,,,,,,,,,,,,,,,,,,,,,,,,,,,,,,,,,,,,,,,,,,,,,,,,,,,,,,,,,,,,,,,,,,,,,,,,,,,,,,,,,,,,,,,,,,,,,
,,,,,,,,,,,,,,,,,,,,,,,,,,,,,,,,,,,,,,,,,,,,,,,,,,,,,,,,,,,,,,,,,,,,,,,,,,,,,,,,,,,,,,,,,,,,,,,,,,,,,,,,,,,,,,,,,,,,,,,,,,,,,,,,,,,,,,,,,,,,,,,,,,,,,,,,,,,,,,,,,,,,,,,,,,,,,,,,,,,,,,,,,,,,,,,,,,,,,
,,,,,,,,,,,,,,,,,,,,,,,,,,,,,,,,,,,,,,,,,,,,,,,,,,,,,,,,,,,,,,,,,,,,,,,,,,,,,,,,,,,,,,,,,,,,,,,,,,,,,,,,,,,,,,,,,,,,,,,,,,,,,,,,,,,,,,,,,,,,,,,,,,,,,,,,,,,,,,,,,,,,,,,,,,,,,,,,,,,,,,,,,,,,,,,,,,,,,
,,,,,,,,,,,,,,,,,,,,,,,,,,,,,,,,,,,,,,,,,,,,,,,,,,,,,,,,,,,,,,,,,,,,,,,,,,,,,,,,,,,,,,,,,,,,,,,,,,,,,,,,,,,,,,,,,,,,,,,,,,,,,,,,,,,,,,,,,,,,,,,,,,,,,,,,,,,,,,,,,,,,,,,,,,,,,,,,,,,,,,,,,,,,,,,,,,,,,
,,,,,,,,,,,,,,,,,,,,,,,,,,,,,,,,,,,,,,,,,,,,,,,,,,,,,,,,,,,,,,,,,,,,,,,,,,,,,,,,,,,,,,,,,,,,,,,,,,,,,,,,,,,,,,,,,,,,,,,,,,,,,,,,,,,,,,,,,,,,,,,,,,,,,,,,,,,,,,,,,,,,,,,,,,,,,,,,,,,,,,,,,,,,,,,,,,,,,
,,,,,,,,,,,,,,,,,,,,,,,,,,,,,,,,,,,,,,,,,,,,,,,,,,,,,,,,,,,,,,,,,,,,,,,,,,,,,,,,,,,,,,,,,,,,,,,,,,,,,,,,,,,,,,,,,,,,,,,,,,,,,,,,,,,,,,,,,,,,,,,,,,,,,,,,,,,,,,,,,,,,,,,,,,,,,,,,,,,,,,,,,,,,,,,,,,,,,
,,,,,,,,,,,,,,,,,,,,,,,,,,,,,,,,,,,,,,,,,,,,,,,,,,,,,,,,,,,,,,,,,,,,,,,,,,,,,,,,,,,,,,,,,,,,,,,,,,,,,,,,,,,,,,,,,,,,,,,,,,,,,,,,,,,,,,,,,,,,,,,,,,,,,,,,,,,,,,,,,,,,,,,,,,,,,,,,,,,,,,,,,,,,,,,,,,,,,
,,,,,,,,,,,,,,,,,,,,,,,,,,,,,,,,,,,,,,,,,,,,,,,,,,,,,,,,,,,,,,,,,,,,,,,,,,,,,,,,,,,,,,,,,,,,,,,,,,,,,,,,,,,,,,,,,,,,,,,,,,,,,,,,,,,,,,,,,,,,,,,,,,,,,,,,,,,,,,,,,,,,,,,,,,,,,,,,,,,,,,,,,,,,,,,,,,,,,
,,,,,,,,,,,,,,,,,,,,,,,,,,,,,,,,,,,,,,,,,,,,,,,,,,,,,,,,,,,,,,,,,,,,,,,,,,,,,,,,,,,,,,,,,,,,,,,,,,,,,,,,,,,,,,,,,,,,,,,,,,,,,,,,,,,,,,,,,,,,,,,,,,,,,,,,,,,,,,,,,,,,,,,,,,,,,,,,,,,,,,,,,,,,,,,,,,,,,
,,,,,,,,,,,,,,,,,,,,,,,,,,,,,,,,,,,,,,,,,,,,,,,,,,,,,,,,,,,,,,,,,,,,,,,,,,,,,,,,,,,,,,,,,,,,,,,,,,,,,,,,,,,,,,,,,,,,,,,,,,,,,,,,,,,,,,,,,,,,,,,,,,,,,,,,,,,,,,,,,,,,,,,,,,,,,,,,,,,,,,,,,,,,,,,,,,,,,
,,,,,,,,,,,,,,,,,,,,,,,,,,,,,,,,,,,,,,,,,,,,,,,,,,,,,,,,,,,,,,,,,,,,,,,,,,,,,,,,,,,,,,,,,,,,,,,,,,,,,,,,,,,,,,,,,,,,,,,,,,,,,,,,,,,,,,,,,,,,,,,,,,,,,,,,,,,,,,,,,,,,,,,,,,,,,,,,,,,,,,,,,,,,,,,,,,,,,
,,,,,,,,,,,,,,,,,,,,,,,,,,,,,,,,,,,,,,,,,,,,,,,,,,,,,,,,,,,,,,,,,,,,,,,,,,,,,,,,,,,,,,,,,,,,,,,,,,,,,,,,,,,,,,,,,,,,,,,,,,,,,,,,,,,,,,,,,,,,,,,,,,,,,,,,,,,,,,,,,,,,,,,,,,,,,,,,,,,,,,,,,,,,,,,,,,,,,
,,,,,,,,,,,,,,,,,,,,,,,,,,,,,,,,,,,,,,,,,,,,,,,,,,,,,,,,,,,,,,,,,,,,,,,,,,,,,,,,,,,,,,,,,,,,,,,,,,,,,,,,,,,,,,,,,,,,,,,,,,,,,,,,,,,,,,,,,,,,,,,,,,,,,,,,,,,,,,,,,,,,,,,,,,,,,,,,,,,,,,,,,,,,,,,,,,,,,
,,,,,,,,,,,,,,,,,,,,,,,,,,,,,,,,,,,,,,,,,,,,,,,,,,,,,,,,,,,,,,,,,,,,,,,,,,,,,,,,,,,,,,,,,,,,,,,,,,,,,,,,,,,,,,,,,,,,,,,,,,,,,,,,,,,,,,,,,,,,,,,,,,,,,,,,,,,,,,,,,,,,,,,,,,,,,,,,,,,,,,,,,,,,,,,,,,,,,
,,,,,,,,,,,,,,,,,,,,,,,,,,,,,,,,,,,,,,,,,,,,,,,,,,,,,,,,,,,,,,,,,,,,,,,,,,,,,,,,,,,,,,,,,,,,,,,,,,,,,,,,,,,,,,,,,,,,,,,,,,,,,,,,,,,,,,,,,,,,,,,,,,,,,,,,,,,,,,,,,,,,,,,,,,,,,,,,,,,,,,,,,,,,,,,,,,,,,
,,,,,,,,,,,,,,,,,,,,,,,,,,,,,,,,,,,,,,,,,,,,,,,,,,,,,,,,,,,,,,,,,,,,,,,,,,,,,,,,,,,,,,,,,,,,,,,,,,,,,,,,,,,,,,,,,,,,,,,,,,,,,,,,,,,,,,,,,,,,,,,,,,,,,,,,,,,,,,,,,,,,,,,,,,,,,,,,,,,,,,,,,,,,,,,,,,,,,
,,,,,,,,,,,,,,,,,,,,,,,,,,,,,,,,,,,,,,,,,,,,,,,,,,,,,,,,,,,,,,,,,,,,,,,,,,,,,,,,,,,,,,,,,,,,,,,,,,,,,,,,,,,,,,,,,,,,,,,,,,,,,,,,,,,,,,,,,,,,,,,,,,,,,,,,,,,,,,,,,,,,,,,,,,,,,,,,,,,,,,,,,,,,,,,,,,,,,
,,,,,,,,,,,,,,,,,,,,,,,,,,,,,,,,,,,,,,,,,,,,,,,,,,,,,,,,,,,,,,,,,,,,,,,,,,,,,,,,,,,,,,,,,,,,,,,,,,,,,,,,,,,,,,,,,,,,,,,,,,,,,,,,,,,,,,,,,,,,,,,,,,,,,,,,,,,,,,,,,,,,,,,,,,,,,,,,,,,,,,,,,,,,,,,,,,,,,
,,,,,,,,,,,,,,,,,,,,,,,,,,,,,,,,,,,,,,,,,,,,,,,,,,,,,,,,,,,,,,,,,,,,,,,,,,,,,,,,,,,,,,,,,,,,,,,,,,,,,,,,,,,,,,,,,,,,,,,,,,,,,,,,,,,,,,,,,,,,,,,,,,,,,,,,,,,,,,,,,,,,,,,,,,,,,,,,,,,,,,,,,,,,,,,,,,,,,
,,,,,,,,,,,,,,,,,,,,,,,,,,,,,,,,,,,,,,,,,,,,,,,,,,,,,,,,,,,,,,,,,,,,,,,,,,,,,,,,,,,,,,,,,,,,,,,,,,,,,,,,,,,,,,,,,,,,,,,,,,,,,,,,,,,,,,,,,,,,,,,,,,,,,,,,,,,,,,,,,,,,,,,,,,,,,,,,,,,,,,,,,,,,,,,,,,,,,
,,,,,,,,,,,,,,,,,,,,,,,,,,,,,,,,,,,,,,,,,,,,,,,,,,,,,,,,,,,,,,,,,,,,,,,,,,,,,,,,,,,,,,,,,,,,,,,,,,,,,,,,,,,,,,,,,,,,,,,,,,,,,,,,,,,,,,,,,,,,,,,,,,,,,,,,,,,,,,,,,,,,,,,,,,,,,,,,,,,,,,,,,,,,,,,,,,,,,
,,,,,,,,,,,,,,,,,,,,,,,,,,,,,,,,,,,,,,,,,,,,,,,,,,,,,,,,,,,,,,,,,,,,,,,,,,,,,,,,,,,,,,,,,,,,,,,,,,,,,,,,,,,,,,,,,,,,,,,,,,,,,,,,,,,,,,,,,,,,,,,,,,,,,,,,,,,,,,,,,,,,,,,,,,,,,,,,,,,,,,,,,,,,,,,,,,,,,
,,,,,,,,,,,,,,,,,,,,,,,,,,,,,,,,,,,,,,,,,,,,,,,,,,,,,,,,,,,,,,,,,,,,,,,,,,,,,,,,,,,,,,,,,,,,,,,,,,,,,,,,,,,,,,,,,,,,,,,,,,,,,,,,,,,,,,,,,,,,,,,,,,,,,,,,,,,,,,,,,,,,,,,,,,,,,,,,,,,,,,,,,,,,,,,,,,,,,
,,,,,,,,,,,,,,,,,,,,,,,,,,,,,,,,,,,,,,,,,,,,,,,,,,,,,,,,,,,,,,,,,,,,,,,,,,,,,,,,,,,,,,,,,,,,,,,,,,,,,,,,,,,,,,,,,,,,,,,,,,,,,,,,,,,,,,,,,,,,,,,,,,,,,,,,,,,,,,,,,,,,,,,,,,,,,,,,,,,,,,,,,,,,,,,,,,,,,
,,,,,,,,,,,,,,,,,,,,,,,,,,,,,,,,,,,,,,,,,,,,,,,,,,,,,,,,,,,,,,,,,,,,,,,,,,,,,,,,,,,,,,,,,,,,,,,,,,,,,,,,,,,,,,,,,,,,,,,,,,,,,,,,,,,,,,,,,,,,,,,,,,,,,,,,,,,,,,,,,,,,,,,,,,,,,,,,,,,,,,,,,,,,,,,,,,,,,
,,,,,,,,,,,,,,,,,,,,,,,,,,,,,,,,,,,,,,,,,,,,,,,,,,,,,,,,,,,,,,,,,,,,,,,,,,,,,,,,,,,,,,,,,,,,,,,,,,,,,,,,,,,,,,,,,,,,,,,,,,,,,,,,,,,,,,,,,,,,,,,,,,,,,,,,,,,,,,,,,,,,,,,,,,,,,,,,,,,,,,,,,,,,,,,,,,,,,
,,,,,,,,,,,,,,,,,,,,,,,,,,,,,,,,,,,,,,,,,,,,,,,,,,,,,,,,,,,,,,,,,,,,,,,,,,,,,,,,,,,,,,,,,,,,,,,,,,,,,,,,,,,,,,,,,,,,,,,,,,,,,,,,,,,,,,,,,,,,,,,,,,,,,,,,,,,,,,,,,,,,,,,,,,,,,,,,,,,,,,,,,,,,,,,,,,,,,
,,,,,,,,,,,,,,,,,,,,,,,,,,,,,,,,,,,,,,,,,,,,,,,,,,,,,,,,,,,,,,,,,,,,,,,,,,,,,,,,,,,,,,,,,,,,,,,,,,,,,,,,,,,,,,,,,,,,,,,,,,,,,,,,,,,,,,,,,,,,,,,,,,,,,,,,,,,,,,,,,,,,,,,,,,,,,,,,,,,,,,,,,,,,,,,,,,,,,
,,,,,,,,,,,,,,,,,,,,,,,,,,,,,,,,,,,,,,,,,,,,,,,,,,,,,,,,,,,,,,,,,,,,,,,,,,,,,,,,,,,,,,,,,,,,,,,,,,,,,,,,,,,,,,,,,,,,,,,,,,,,,,,,,,,,,,,,,,,,,,,,,,,,,,,,,,,,,,,,,,,,,,,,,,,,,,,,,,,,,,,,,,,,,,,,,,,,,
,,,,,,,,,,,,,,,,,,,,,,,,,,,,,,,,,,,,,,,,,,,,,,,,,,,,,,,,,,,,,,,,,,,,,,,,,,,,,,,,,,,,,,,,,,,,,,,,,,,,,,,,,,,,,,,,,,,,,,,,,,,,,,,,,,,,,,,,,,,,,,,,,,,,,,,,,,,,,,,,,,,,,,,,,,,,,,,,,,,,,,,,,,,,,,,,,,,,,
,,,,,,,,,,,,,,,,,,,,,,,,,,,,,,,,,,,,,,,,,,,,,,,,,,,,,,,,,,,,,,,,,,,,,,,,,,,,,,,,,,,,,,,,,,,,,,,,,,,,,,,,,,,,,,,,,,,,,,,,,,,,,,,,,,,,,,,,,,,,,,,,,,,,,,,,,,,,,,,,,,,,,,,,,,,,,,,,,,,,,,,,,,,,,,,,,,,,,
,,,,,,,,,,,,,,,,,,,,,,,,,,,,,,,,,,,,,,,,,,,,,,,,,,,,,,,,,,,,,,,,,,,,,,,,,,,,,,,,,,,,,,,,,,,,,,,,,,,,,,,,,,,,,,,,,,,,,,,,,,,,,,,,,,,,,,,,,,,,,,,,,,,,,,,,,,,,,,,,,,,,,,,,,,,,,,,,,,,,,,,,,,,,,,,,,,,,,
,,,,,,,,,,,,,,,,,,,,,,,,,,,,,,,,,,,,,,,,,,,,,,,,,,,,,,,,,,,,,,,,,,,,,,,,,,,,,,,,,,,,,,,,,,,,,,,,,,,,,,,,,,,,,,,,,,,,,,,,,,,,,,,,,,,,,,,,,,,,,,,,,,,,,,,,,,,,,,,,,,,,,,,,,,,,,,,,,,,,,,,,,,,,,,,,,,,,,
,,,,,,,,,,,,,,,,,,,,,,,,,,,,,,,,,,,,,,,,,,,,,,,,,,,,,,,,,,,,,,,,,,,,,,,,,,,,,,,,,,,,,,,,,,,,,,,,,,,,,,,,,,,,,,,,,,,,,,,,,,,,,,,,,,,,,,,,,,,,,,,,,,,,,,,,,,,,,,,,,,,,,,,,,,,,,,,,,,,,,,,,,,,,,,,,,,,,,
,,,,,,,,,,,,,,,,,,,,,,,,,,,,,,,,,,,,,,,,,,,,,,,,,,,,,,,,,,,,,,,,,,,,,,,,,,,,,,,,,,,,,,,,,,,,,,,,,,,,,,,,,,,,,,,,,,,,,,,,,,,,,,,,,,,,,,,,,,,,,,,,,,,,,,,,,,,,,,,,,,,,,,,,,,,,,,,,,,,,,,,,,,,,,,,,,,,,,
,,,,,,,,,,,,,,,,,,,,,,,,,,,,,,,,,,,,,,,,,,,,,,,,,,,,,,,,,,,,,,,,,,,,,,,,,,,,,,,,,,,,,,,,,,,,,,,,,,,,,,,,,,,,,,,,,,,,,,,,,,,,,,,,,,,,,,,,,,,,,,,,,,,,,,,,,,,,,,,,,,,,,,,,,,,,,,,,,,,,,,,,,,,,,,,,,,,,,
,,,,,,,,,,,,,,,,,,,,,,,,,,,,,,,,,,,,,,,,,,,,,,,,,,,,,,,,,,,,,,,,,,,,,,,,,,,,,,,,,,,,,,,,,,,,,,,,,,,,,,,,,,,,,,,,,,,,,,,,,,,,,,,,,,,,,,,,,,,,,,,,,,,,,,,,,,,,,,,,,,,,,,,,,,,,,,,,,,,,,,,,,,,,,,,,,,,,,
,,,,,,,,,,,,,,,,,,,,,,,,,,,,,,,,,,,,,,,,,,,,,,,,,,,,,,,,,,,,,,,,,,,,,,,,,,,,,,,,,,,,,,,,,,,,,,,,,,,,,,,,,,,,,,,,,,,,,,,,,,,,,,,,,,,,,,,,,,,,,,,,,,,,,,,,,,,,,,,,,,,,,,,,,,,,,,,,,,,,,,,,,,,,,,,,,,,,,
,,,,,,,,,,,,,,,,,,,,,,,,,,,,,,,,,,,,,,,,,,,,,,,,,,,,,,,,,,,,,,,,,,,,,,,,,,,,,,,,,,,,,,,,,,,,,,,,,,,,,,,,,,,,,,,,,,,,,,,,,,,,,,,,,,,,,,,,,,,,,,,,,,,,,,,,,,,,,,,,,,,,,,,,,,,,,,,,,,,,,,,,,,,,,,,,,,,,,
,,,,,,,,,,,,,,,,,,,,,,,,,,,,,,,,,,,,,,,,,,,,,,,,,,,,,,,,,,,,,,,,,,,,,,,,,,,,,,,,,,,,,,,,,,,,,,,,,,,,,,,,,,,,,,,,,,,,,,,,,,,,,,,,,,,,,,,,,,,,,,,,,,,,,,,,,,,,,,,,,,,,,,,,,,,,,,,,,,,,,,,,,,,,,,,,,,,,,
,,,,,,,,,,,,,,,,,,,,,,,,,,,,,,,,,,,,,,,,,,,,,,,,,,,,,,,,,,,,,,,,,,,,,,,,,,,,,,,,,,,,,,,,,,,,,,,,,,,,,,,,,,,,,,,,,,,,,,,,,,,,,,,,,,,,,,,,,,,,,,,,,,,,,,,,,,,,,,,,,,,,,,,,,,,,,,,,,,,,,,,,,,,,,,,,,,,,,
,,,,,,,,,,,,,,,,,,,,,,,,,,,,,,,,,,,,,,,,,,,,,,,,,,,,,,,,,,,,,,,,,,,,,,,,,,,,,,,,,,,,,,,,,,,,,,,,,,,,,,,,,,,,,,,,,,,,,,,,,,,,,,,,,,,,,,,,,,,,,,,,,,,,,,,,,,,,,,,,,,,,,,,,,,,,,,,,,,,,,,,,,,,,,,,,,,,,,
,,,,,,,,,,,,,,,,,,,,,,,,,,,,,,,,,,,,,,,,,,,,,,,,,,,,,,,,,,,,,,,,,,,,,,,,,,,,,,,,,,,,,,,,,,,,,,,,,,,,,,,,,,,,,,,,,,,,,,,,,,,,,,,,,,,,,,,,,,,,,,,,,,,,,,,,,,,,,,,,,,,,,,,,,,,,,,,,,,,,,,,,,,,,,,,,,,,,,
,,,,,,,,,,,,,,,,,,,,,,,,,,,,,,,,,,,,,,,,,,,,,,,,,,,,,,,,,,,,,,,,,,,,,,,,,,,,,,,,,,,,,,,,,,,,,,,,,,,,,,,,,,,,,,,,,,,,,,,,,,,,,,,,,,,,,,,,,,,,,,,,,,,,,,,,,,,,,,,,,,,,,,,,,,,,,,,,,,,,,,,,,,,,,,,,,,,,,
,,,,,,,,,,,,,,,,,,,,,,,,,,,,,,,,,,,,,,,,,,,,,,,,,,,,,,,,,,,,,,,,,,,,,,,,,,,,,,,,,,,,,,,,,,,,,,,,,,,,,,,,,,,,,,,,,,,,,,,,,,,,,,,,,,,,,,,,,,,,,,,,,,,,,,,,,,,,,,,,,,,,,,,,,,,,,,,,,,,,,,,,,,,,,,,,,,,,,
,,,,,,,,,,,,,,,,,,,,,,,,,,,,,,,,,,,,,,,,,,,,,,,,,,,,,,,,,,,,,,,,,,,,,,,,,,,,,,,,,,,,,,,,,,,,,,,,,,,,,,,,,,,,,,,,,,,,,,,,,,,,,,,,,,,,,,,,,,,,,,,,,,,,,,,,,,,,,,,,,,,,,,,,,,,,,,,,,,,,,,,,,,,,,,,,,,,,,
,,,,,,,,,,,,,,,,,,,,,,,,,,,,,,,,,,,,,,,,,,,,,,,,,,,,,,,,,,,,,,,,,,,,,,,,,,,,,,,,,,,,,,,,,,,,,,,,,,,,,,,,,,,,,,,,,,,,,,,,,,,,,,,,,,,,,,,,,,,,,,,,,,,,,,,,,,,,,,,,,,,,,,,,,,,,,,,,,,,,,,,,,,,,,,,,,,,,,
,,,,,,,,,,,,,,,,,,,,,,,,,,,,,,,,,,,,,,,,,,,,,,,,,,,,,,,,,,,,,,,,,,,,,,,,,,,,,,,,,,,,,,,,,,,,,,,,,,,,,,,,,,,,,,,,,,,,,,,,,,,,,,,,,,,,,,,,,,,,,,,,,,,,,,,,,,,,,,,,,,,,,,,,,,,,,,,,,,,,,,,,,,,,,,,,,,,,,
,,,,,,,,,,,,,,,,,,,,,,,,,,,,,,,,,,,,,,,,,,,,,,,,,,,,,,,,,,,,,,,,,,,,,,,,,,,,,,,,,,,,,,,,,,,,,,,,,,,,,,,,,,,,,,,,,,,,,,,,,,,,,,,,,,,,,,,,,,,,,,,,,,,,,,,,,,,,,,,,,,,,,,,,,,,,,,,,,,,,,,,,,,,,,,,,,,,,,
,,,,,,,,,,,,,,,,,,,,,,,,,,,,,,,,,,,,,,,,,,,,,,,,,,,,,,,,,,,,,,,,,,,,,,,,,,,,,,,,,,,,,,,,,,,,,,,,,,,,,,,,,,,,,,,,,,,,,,,,,,,,,,,,,,,,,,,,,,,,,,,,,,,,,,,,,,,,,,,,,,,,,,,,,,,,,,,,,,,,,,,,,,,,,,,,,,,,,
,,,,,,,,,,,,,,,,,,,,,,,,,,,,,,,,,,,,,,,,,,,,,,,,,,,,,,,,,,,,,,,,,,,,,,,,,,,,,,,,,,,,,,,,,,,,,,,,,,,,,,,,,,,,,,,,,,,,,,,,,,,,,,,,,,,,,,,,,,,,,,,,,,,,,,,,,,,,,,,,,,,,,,,,,,,,,,,,,,,,,,,,,,,,,,,,,,,,,
,,,,,,,,,,,,,,,,,,,,,,,,,,,,,,,,,,,,,,,,,,,,,,,,,,,,,,,,,,,,,,,,,,,,,,,,,,,,,,,,,,,,,,,,,,,,,,,,,,,,,,,,,,,,,,,,,,,,,,,,,,,,,,,,,,,,,,,,,,,,,,,,,,,,,,,,,,,,,,,,,,,,,,,,,,,,,,,,,,,,,,,,,,,,,,,,,,,,,
,,,,,,,,,,,,,,,,,,,,,,,,,,,,,,,,,,,,,,,,,,,,,,,,,,,,,,,,,,,,,,,,,,,,,,,,,,,,,,,,,,,,,,,,,,,,,,,,,,,,,,,,,,,,,,,,,,,,,,,,,,,,,,,,,,,,,,,,,,,,,,,,,,,,,,,,,,,,,,,,,,,,,,,,,,,,,,,,,,,,,,,,,,,,,,,,,,,,,
,,,,,,,,,,,,,,,,,,,,,,,,,,,,,,,,,,,,,,,,,,,,,,,,,,,,,,,,,,,,,,,,,,,,,,,,,,,,,,,,,,,,,,,,,,,,,,,,,,,,,,,,,,,,,,,,,,,,,,,,,,,,,,,,,,,,,,,,,,,,,,,,,,,,,,,,,,,,,,,,,,,,,,,,,,,,,,,,,,,,,,,,,,,,,,,,,,,,,
,,,,,,,,,,,,,,,,,,,,,,,,,,,,,,,,,,,,,,,,,,,,,,,,,,,,,,,,,,,,,,,,,,,,,,,,,,,,,,,,,,,,,,,,,,,,,,,,,,,,,,,,,,,,,,,,,,,,,,,,,,,,,,,,,,,,,,,,,,,,,,,,,,,,,,,,,,,,,,,,,,,,,,,,,,,,,,,,,,,,,,,,,,,,,,,,,,,,,
,,,,,,,,,,,,,,,,,,,,,,,,,,,,,,,,,,,,,,,,,,,,,,,,,,,,,,,,,,,,,,,,,,,,,,,,,,,,,,,,,,,,,,,,,,,,,,,,,,,,,,,,,,,,,,,,,,,,,,,,,,,,,,,,,,,,,,,,,,,,,,,,,,,,,,,,,,,,,,,,,,,,,,,,,,,,,,,,,,,,,,,,,,,,,,,,,,,,,
,,,,,,,,,,,,,,,,,,,,,,,,,,,,,,,,,,,,,,,,,,,,,,,,,,,,,,,,,,,,,,,,,,,,,,,,,,,,,,,,,,,,,,,,,,,,,,,,,,,,,,,,,,,,,,,,,,,,,,,,,,,,,,,,,,,,,,,,,,,,,,,,,,,,,,,,,,,,,,,,,,,,,,,,,,,,,,,,,,,,,,,,,,,,,,,,,,,,,
,,,,,,,,,,,,,,,,,,,,,,,,,,,,,,,,,,,,,,,,,,,,,,,,,,,,,,,,,,,,,,,,,,,,,,,,,,,,,,,,,,,,,,,,,,,,,,,,,,,,,,,,,,,,,,,,,,,,,,,,,,,,,,,,,,,,,,,,,,,,,,,,,,,,,,,,,,,,,,,,,,,,,,,,,,,,,,,,,,,,,,,,,,,,,,,,,,,,,
,,,,,,,,,,,,,,,,,,,,,,,,,,,,,,,,,,,,,,,,,,,,,,,,,,,,,,,,,,,,,,,,,,,,,,,,,,,,,,,,,,,,,,,,,,,,,,,,,,,,,,,,,,,,,,,,,,,,,,,,,,,,,,,,,,,,,,,,,,,,,,,,,,,,,,,,,,,,,,,,,,,,,,,,,,,,,,,,,,,,,,,,,,,,,,,,,,,,,
,,,,,,,,,,,,,,,,,,,,,,,,,,,,,,,,,,,,,,,,,,,,,,,,,,,,,,,,,,,,,,,,,,,,,,,,,,,,,,,,,,,,,,,,,,,,,,,,,,,,,,,,,,,,,,,,,,,,,,,,,,,,,,,,,,,,,,,,,,,,,,,,,,,,,,,,,,,,,,,,,,,,,,,,,,,,,,,,,,,,,,,,,,,,,,,,,,,,,
,,,,,,,,,,,,,,,,,,,,,,,,,,,,,,,,,,,,,,,,,,,,,,,,,,,,,,,,,,,,,,,,,,,,,,,,,,,,,,,,,,,,,,,,,,,,,,,,,,,,,,,,,,,,,,,,,,,,,,,,,,,,,,,,,,,,,,,,,,,,,,,,,,,,,,,,,,,,,,,,,,,,,,,,,,,,,,,,,,,,,,,,,,,,,,,,,,,,,
,,,,,,,,,,,,,,,,,,,,,,,,,,,,,,,,,,,,,,,,,,,,,,,,,,,,,,,,,,,,,,,,,,,,,,,,,,,,,,,,,,,,,,,,,,,,,,,,,,,,,,,,,,,,,,,,,,,,,,,,,,,,,,,,,,,,,,,,,,,,,,,,,,,,,,,,,,,,,,,,,,,,,,,,,,,,,,,,,,,,,,,,,,,,,,,,,,,,,
,,,,,,,,,,,,,,,,,,,,,,,,,,,,,,,,,,,,,,,,,,,,,,,,,,,,,,,,,,,,,,,,,,,,,,,,,,,,,,,,,,,,,,,,,,,,,,,,,,,,,,,,,,,,,,,,,,,,,,,,,,,,,,,,,,,,,,,,,,,,,,,,,,,,,,,,,,,,,,,,,,,,,,,,,,,,,,,,,,,,,,,,,,,,,,,,,,,,,
,,,,,,,,,,,,,,,,,,,,,,,,,,,,,,,,,,,,,,,,,,,,,,,,,,,,,,,,,,,,,,,,,,,,,,,,,,,,,,,,,,,,,,,,,,,,,,,,,,,,,,,,,,,,,,,,,,,,,,,,,,,,,,,,,,,,,,,,,,,,,,,,,,,,,,,,,,,,,,,,,,,,,,,,,,,,,,,,,,,,,,,,,,,,,,,,,,,,,
,,,,,,,,,,,,,,,,,,,,,,,,,,,,,,,,,,,,,,,,,,,,,,,,,,,,,,,,,,,,,,,,,,,,,,,,,,,,,,,,,,,,,,,,,,,,,,,,,,,,,,,,,,,,,,,,,,,,,,,,,,,,,,,,,,,,,,,,,,,,,,,,,,,,,,,,,,,,,,,,,,,,,,,,,,,,,,,,,,,,,,,,,,,,,,,,,,,,,
,,,,,,,,,,,,,,,,,,,,,,,,,,,,,,,,,,,,,,,,,,,,,,,,,,,,,,,,,,,,,,,,,,,,,,,,,,,,,,,,,,,,,,,,,,,,,,,,,,,,,,,,,,,,,,,,,,,,,,,,,,,,,,,,,,,,,,,,,,,,,,,,,,,,,,,,,,,,,,,,,,,,,,,,,,,,,,,,,,,,,,,,,,,,,,,,,,,,,
,,,,,,,,,,,,,,,,,,,,,,,,,,,,,,,,,,,,,,,,,,,,,,,,,,,,,,,,,,,,,,,,,,,,,,,,,,,,,,,,,,,,,,,,,,,,,,,,,,,,,,,,,,,,,,,,,,,,,,,,,,,,,,,,,,,,,,,,,,,,,,,,,,,,,,,,,,,,,,,,,,,,,,,,,,,,,,,,,,,,,,,,,,,,,,,,,,,,,
,,,,,,,,,,,,,,,,,,,,,,,,,,,,,,,,,,,,,,,,,,,,,,,,,,,,,,,,,,,,,,,,,,,,,,,,,,,,,,,,,,,,,,,,,,,,,,,,,,,,,,,,,,,,,,,,,,,,,,,,,,,,,,,,,,,,,,,,,,,,,,,,,,,,,,,,,,,,,,,,,,,,,,,,,,,,,,,,,,,,,,,,,,,,,,,,,,,,,
,,,,,,,,,,,,,,,,,,,,,,,,,,,,,,,,,,,,,,,,,,,,,,,,,,,,,,,,,,,,,,,,,,,,,,,,,,,,,,,,,,,,,,,,,,,,,,,,,,,,,,,,,,,,,,,,,,,,,,,,,,,,,,,,,,,,,,,,,,,,,,,,,,,,,,,,,,,,,,,,,,,,,,,,,,,,,,,,,,,,,,,,,,,,,,,,,,,,,
,,,,,,,,,,,,,,,,,,,,,,,,,,,,,,,,,,,,,,,,,,,,,,,,,,,,,,,,,,,,,,,,,,,,,,,,,,,,,,,,,,,,,,,,,,,,,,,,,,,,,,,,,,,,,,,,,,,,,,,,,,,,,,,,,,,,,,,,,,,,,,,,,,,,,,,,,,,,,,,,,,,,,,,,,,,,,,,,,,,,,,,,,,,,,,,,,,,,,
,,,,,,,,,,,,,,,,,,,,,,,,,,,,,,,,,,,,,,,,,,,,,,,,,,,,,,,,,,,,,,,,,,,,,,,,,,,,,,,,,,,,,,,,,,,,,,,,,,,,,,,,,,,,,,,,,,,,,,,,,,,,,,,,,,,,,,,,,,,,,,,,,,,,,,,,,,,,,,,,,,,,,,,,,,,,,,,,,,,,,,,,,,,,,,,,,,,,,
,,,,,,,,,,,,,,,,,,,,,,,,,,,,,,,,,,,,,,,,,,,,,,,,,,,,,,,,,,,,,,,,,,,,,,,,,,,,,,,,,,,,,,,,,,,,,,,,,,,,,,,,,,,,,,,,,,,,,,,,,,,,,,,,,,,,,,,,,,,,,,,,,,,,,,,,,,,,,,,,,,,,,,,,,,,,,,,,,,,,,,,,,,,,,,,,,,,,,
,,,,,,,,,,,,,,,,,,,,,,,,,,,,,,,,,,,,,,,,,,,,,,,,,,,,,,,,,,,,,,,,,,,,,,,,,,,,,,,,,,,,,,,,,,,,,,,,,,,,,,,,,,,,,,,,,,,,,,,,,,,,,,,,,,,,,,,,,,,,,,,,,,,,,,,,,,,,,,,,,,,,,,,,,,,,,,,,,,,,,,,,,,,,,,,,,,,,,
,,,,,,,,,,,,,,,,,,,,,,,,,,,,,,,,,,,,,,,,,,,,,,,,,,,,,,,,,,,,,,,,,,,,,,,,,,,,,,,,,,,,,,,,,,,,,,,,,,,,,,,,,,,,,,,,,,,,,,,,,,,,,,,,,,,,,,,,,,,,,,,,,,,,,,,,,,,,,,,,,,,,,,,,,,,,,,,,,,,,,,,,,,,,,,,,,,,,,
,,,,,,,,,,,,,,,,,,,,,,,,,,,,,,,,,,,,,,,,,,,,,,,,,,,,,,,,,,,,,,,,,,,,,,,,,,,,,,,,,,,,,,,,,,,,,,,,,,,,,,,,,,,,,,,,,,,,,,,,,,,,,,,,,,,,,,,,,,,,,,,,,,,,,,,,,,,,,,,,,,,,,,,,,,,,,,,,,,,,,,,,,,,,,,,,,,,,,
,,,,,,,,,,,,,,,,,,,,,,,,,,,,,,,,,,,,,,,,,,,,,,,,,,,,,,,,,,,,,,,,,,,,,,,,,,,,,,,,,,,,,,,,,,,,,,,,,,,,,,,,,,,,,,,,,,,,,,,,,,,,,,,,,,,,,,,,,,,,,,,,,,,,,,,,,,,,,,,,,,,,,,,,,,,,,,,,,,,,,,,,,,,,,,,,,,,,,
,,,,,,,,,,,,,,,,,,,,,,,,,,,,,,,,,,,,,,,,,,,,,,,,,,,,,,,,,,,,,,,,,,,,,,,,,,,,,,,,,,,,,,,,,,,,,,,,,,,,,,,,,,,,,,,,,,,,,,,,,,,,,,,,,,,,,,,,,,,,,,,,,,,,,,,,,,,,,,,,,,,,,,,,,,,,,,,,,,,,,,,,,,,,,,,,,,,,,
,,,,,,,,,,,,,,,,,,,,,,,,,,,,,,,,,,,,,,,,,,,,,,,,,,,,,,,,,,,,,,,,,,,,,,,,,,,,,,,,,,,,,,,,,,,,,,,,,,,,,,,,,,,,,,,,,,,,,,,,,,,,,,,,,,,,,,,,,,,,,,,,,,,,,,,,,,,,,,,,,,,,,,,,,,,,,,,,,,,,,,,,,,,,,,,,,,,,,
,,,,,,,,,,,,,,,,,,,,,,,,,,,,,,,,,,,,,,,,,,,,,,,,,,,,,,,,,,,,,,,,,,,,,,,,,,,,,,,,,,,,,,,,,,,,,,,,,,,,,,,,,,,,,,,,,,,,,,,,,,,,,,,,,,,,,,,,,,,,,,,,,,,,,,,,,,,,,,,,,,,,,,,,,,,,,,,,,,,,,,,,,,,,,,,,,,,,,
,,,,,,,,,,,,,,,,,,,,,,,,,,,,,,,,,,,,,,,,,,,,,,,,,,,,,,,,,,,,,,,,,,,,,,,,,,,,,,,,,,,,,,,,,,,,,,,,,,,,,,,,,,,,,,,,,,,,,,,,,,,,,,,,,,,,,,,,,,,,,,,,,,,,,,,,,,,,,,,,,,,,,,,,,,,,,,,,,,,,,,,,,,,,,,,,,,,,,
,,,,,,,,,,,,,,,,,,,,,,,,,,,,,,,,,,,,,,,,,,,,,,,,,,,,,,,,,,,,,,,,,,,,,,,,,,,,,,,,,,,,,,,,,,,,,,,,,,,,,,,,,,,,,,,,,,,,,,,,,,,,,,,,,,,,,,,,,,,,,,,,,,,,,,,,,,,,,,,,,,,,,,,,,,,,,,,,,,,,,,,,,,,,,,,,,,,,,
,,,,,,,,,,,,,,,,,,,,,,,,,,,,,,,,,,,,,,,,,,,,,,,,,,,,,,,,,,,,,,,,,,,,,,,,,,,,,,,,,,,,,,,,,,,,,,,,,,,,,,,,,,,,,,,,,,,,,,,,,,,,,,,,,,,,,,,,,,,,,,,,,,,,,,,,,,,,,,,,,,,,,,,,,,,,,,,,,,,,,,,,,,,,,,,,,,,,,
,,,,,,,,,,,,,,,,,,,,,,,,,,,,,,,,,,,,,,,,,,,,,,,,,,,,,,,,,,,,,,,,,,,,,,,,,,,,,,,,,,,,,,,,,,,,,,,,,,,,,,,,,,,,,,,,,,,,,,,,,,,,,,,,,,,,,,,,,,,,,,,,,,,,,,,,,,,,,,,,,,,,,,,,,,,,,,,,,,,,,,,,,,,,,,,,,,,,,
,,,,,,,,,,,,,,,,,,,,,,,,,,,,,,,,,,,,,,,,,,,,,,,,,,,,,,,,,,,,,,,,,,,,,,,,,,,,,,,,,,,,,,,,,,,,,,,,,,,,,,,,,,,,,,,,,,,,,,,,,,,,,,,,,,,,,,,,,,,,,,,,,,,,,,,,,,,,,,,,,,,,,,,,,,,,,,,,,,,,,,,,,,,,,,,,,,,,,
,,,,,,,,,,,,,,,,,,,,,,,,,,,,,,,,,,,,,,,,,,,,,,,,,,,,,,,,,,,,,,,,,,,,,,,,,,,,,,,,,,,,,,,,,,,,,,,,,,,,,,,,,,,,,,,,,,,,,,,,,,,,,,,,,,,,,,,,,,,,,,,,,,,,,,,,,,,,,,,,,,,,,,,,,,,,,,,,,,,,,,,,,,,,,,,,,,,,,
,,,,,,,,,,,,,,,,,,,,,,,,,,,,,,,,,,,,,,,,,,,,,,,,,,,,,,,,,,,,,,,,,,,,,,,,,,,,,,,,,,,,,,,,,,,,,,,,,,,,,,,,,,,,,,,,,,,,,,,,,,,,,,,,,,,,,,,,,,,,,,,,,,,,,,,,,,,,,,,,,,,,,,,,,,,,,,,,,,,,,,,,,,,,,,,,,,,,,
,,,,,,,,,,,,,,,,,,,,,,,,,,,,,,,,,,,,,,,,,,,,,,,,,,,,,,,,,,,,,,,,,,,,,,,,,,,,,,,,,,,,,,,,,,,,,,,,,,,,,,,,,,,,,,,,,,,,,,,,,,,,,,,,,,,,,,,,,,,,,,,,,,,,,,,,,,,,,,,,,,,,,,,,,,,,,,,,,,,,,,,,,,,,,,,,,,,,,
,,,,,,,,,,,,,,,,,,,,,,,,,,,,,,,,,,,,,,,,,,,,,,,,,,,,,,,,,,,,,,,,,,,,,,,,,,,,,,,,,,,,,,,,,,,,,,,,,,,,,,,,,,,,,,,,,,,,,,,,,,,,,,,,,,,,,,,,,,,,,,,,,,,,,,,,,,,,,,,,,,,,,,,,,,,,,,,,,,,,,,,,,,,,,,,,,,,,,
,,,,,,,,,,,,,,,,,,,,,,,,,,,,,,,,,,,,,,,,,,,,,,,,,,,,,,,,,,,,,,,,,,,,,,,,,,,,,,,,,,,,,,,,,,,,,,,,,,,,,,,,,,,,,,,,,,,,,,,,,,,,,,,,,,,,,,,,,,,,,,,,,,,,,,,,,,,,,,,,,,,,,,,,,,,,,,,,,,,,,,,,,,,,,,,,,,,,,
,,,,,,,,,,,,,,,,,,,,,,,,,,,,,,,,,,,,,,,,,,,,,,,,,,,,,,,,,,,,,,,,,,,,,,,,,,,,,,,,,,,,,,,,,,,,,,,,,,,,,,,,,,,,,,,,,,,,,,,,,,,,,,,,,,,,,,,,,,,,,,,,,,,,,,,,,,,,,,,,,,,,,,,,,,,,,,,,,,,,,,,,,,,,,,,,,,,,,
,,,,,,,,,,,,,,,,,,,,,,,,,,,,,,,,,,,,,,,,,,,,,,,,,,,,,,,,,,,,,,,,,,,,,,,,,,,,,,,,,,,,,,,,,,,,,,,,,,,,,,,,,,,,,,,,,,,,,,,,,,,,,,,,,,,,,,,,,,,,,,,,,,,,,,,,,,,,,,,,,,,,,,,,,,,,,,,,,,,,,,,,,,,,,,,,,,,,,
,,,,,,,,,,,,,,,,,,,,,,,,,,,,,,,,,,,,,,,,,,,,,,,,,,,,,,,,,,,,,,,,,,,,,,,,,,,,,,,,,,,,,,,,,,,,,,,,,,,,,,,,,,,,,,,,,,,,,,,,,,,,,,,,,,,,,,,,,,,,,,,,,,,,,,,,,,,,,,,,,,,,,,,,,,,,,,,,,,,,,,,,,,,,,,,,,,,,,
,,,,,,,,,,,,,,,,,,,,,,,,,,,,,,,,,,,,,,,,,,,,,,,,,,,,,,,,,,,,,,,,,,,,,,,,,,,,,,,,,,,,,,,,,,,,,,,,,,,,,,,,,,,,,,,,,,,,,,,,,,,,,,,,,,,,,,,,,,,,,,,,,,,,,,,,,,,,,,,,,,,,,,,,,,,,,,,,,,,,,,,,,,,,,,,,,,,,,
,,,,,,,,,,,,,,,,,,,,,,,,,,,,,,,,,,,,,,,,,,,,,,,,,,,,,,,,,,,,,,,,,,,,,,,,,,,,,,,,,,,,,,,,,,,,,,,,,,,,,,,,,,,,,,,,,,,,,,,,,,,,,,,,,,,,,,,,,,,,,,,,,,,,,,,,,,,,,,,,,,,,,,,,,,,,,,,,,,,,,,,,,,,,,,,,,,,,,
,,,,,,,,,,,,,,,,,,,,,,,,,,,,,,,,,,,,,,,,,,,,,,,,,,,,,,,,,,,,,,,,,,,,,,,,,,,,,,,,,,,,,,,,,,,,,,,,,,,,,,,,,,,,,,,,,,,,,,,,,,,,,,,,,,,,,,,,,,,,,,,,,,,,,,,,,,,,,,,,,,,,,,,,,,,,,,,,,,,,,,,,,,,,,,,,,,,,,
,,,,,,,,,,,,,,,,,,,,,,,,,,,,,,,,,,,,,,,,,,,,,,,,,,,,,,,,,,,,,,,,,,,,,,,,,,,,,,,,,,,,,,,,,,,,,,,,,,,,,,,,,,,,,,,,,,,,,,,,,,,,,,,,,,,,,,,,,,,,,,,,,,,,,,,,,,,,,,,,,,,,,,,,,,,,,,,,,,,,,,,,,,,,,,,,,,,,,
,,,,,,,,,,,,,,,,,,,,,,,,,,,,,,,,,,,,,,,,,,,,,,,,,,,,,,,,,,,,,,,,,,,,,,,,,,,,,,,,,,,,,,,,,,,,,,,,,,,,,,,,,,,,,,,,,,,,,,,,,,,,,,,,,,,,,,,,,,,,,,,,,,,,,,,,,,,,,,,,,,,,,,,,,,,,,,,,,,,,,,,,,,,,,,,,,,,,,
,,,,,,,,,,,,,,,,,,,,,,,,,,,,,,,,,,,,,,,,,,,,,,,,,,,,,,,,,,,,,,,,,,,,,,,,,,,,,,,,,,,,,,,,,,,,,,,,,,,,,,,,,,,,,,,,,,,,,,,,,,,,,,,,,,,,,,,,,,,,,,,,,,,,,,,,,,,,,,,,,,,,,,,,,,,,,,,,,,,,,,,,,,,,,,,,,,,,,
,,,,,,,,,,,,,,,,,,,,,,,,,,,,,,,,,,,,,,,,,,,,,,,,,,,,,,,,,,,,,,,,,,,,,,,,,,,,,,,,,,,,,,,,,,,,,,,,,,,,,,,,,,,,,,,,,,,,,,,,,,,,,,,,,,,,,,,,,,,,,,,,,,,,,,,,,,,,,,,,,,,,,,,,,,,,,,,,,,,,,,,,,,,,,,,,,,,,,
,,,,,,,,,,,,,,,,,,,,,,,,,,,,,,,,,,,,,,,,,,,,,,,,,,,,,,,,,,,,,,,,,,,,,,,,,,,,,,,,,,,,,,,,,,,,,,,,,,,,,,,,,,,,,,,,,,,,,,,,,,,,,,,,,,,,,,,,,,,,,,,,,,,,,,,,,,,,,,,,,,,,,,,,,,,,,,,,,,,,,,,,,,,,,,,,,,,,,
37,2025-09-04,13:21:40,1,1,"Targac, Titan",NA,Left,TEX_BOB,"Targac, Titan",NA,Right,TEX_BOB,Undefined,2,Top,0,0,0,Changeup,Changeup,BallCalled,Undefined,Undefined,Undefined,0,0,NA,74.72383,2.361185,-0.61939,1569.379485,176.682368,12:00:00,6.75816,-0.82787,4.54007,-32.04502,20.24883,-1.08665,6.33727,-1.50818,68.6508,-3.502465,-0.809374,0.520471,NA,NA,NA,NA,NA,NA,NA,NA,NA,NA,NA,0.37386,9.72252,0.89349,50,6.97498,1.21574,-108.31146,3.40659,0.44853,17.15562,-20.50955,TEX_BOB,TEX_BOB,TexasStateUniversity,TeamExclusive,Team,20250904-TexasStateUniversity-Private-2,00ed3d10-89bc-11f0-bdb0-296263ec2188,72.41982,NA,NA,6.07303,NA,NA,NA,NA,NA,NA,dd4fc66f-459e-498e-840e-b45b4dbcc9bc,2025-09-04,18:21:40,2025-09-04T18:21:40Z,2025-09-04T18:21:40Z,NA,v3,471452,471452,NA,"Collier, Ian",822899,Right,TEX_BOB,6820c64e-e008-451d-9346-3ef70284fb7a,55.95881,-109.25121,8.57781,6.7576,4.53006,-10.25478,0.82757,1.19117,0.22427,NA,NA,NA,NA,NA,NA,NA,NA,NA,NA,NA,NA,NA,NA,NA,NA,NA,NA,NA,NA,NA,NA,NA,NA,NA,NA,NA,NA,NA,NA,NA,NA,NA,NA,NA,NA,NA,NA,NA,NA,NA,NA,NA,NA,NA,NA,NA,NA,NA,NA,High,High,High,NA,NA,NA,NA,NA,159.443198,-11.61743,1537.229231,0.979514,11:15:00,0.205448,0.335354,-0.919418,3.523214,-29.291767,36.320162,172.354953,-5.05476,0.132518,-0.088108,-0.987257,5.099856,-7.615138,0.088108,-0.132518,0.987257,-5.099856,7.615138,-0.088108,0.132518,0.987257,-172.354953,5.05476,-0.132518,0.088108,-0.987257
38,2025-09-04,13:23:40,1,2,"Targac, Titan",NA,Left,TEX_BOB,"Targac, Titan",NA,Right,TEX_BOB,Undefined,2,Top,0,0,0,Fastball,Changeup,Undefined,Undefined,Undefined,Undefined,0,0,NA,86.51425,-0.745832,-0.083257,1691.731856,173.546039,11:45:00,6.01151,-0.3603,5.50123,-20.89808,16.88257,-1.77693,3.57235,-0.58625,79.21912,-4.659805,-0.3999,0.442391,NA,NA,NA,NA,NA,NA,NA,NA,NA,NA,NA,0.87453,9.07973,0.36881,50,5.93246,0.25874,-125.63094,-2.30752,1.40083,24.91395,-17.63003,TEX_BOB,TEX_BOB,TexasStateUniversity,TeamExclusive,Team,20250904-TexasStateUniversity-Private-2,48574060-89bc-11f0-bdb0-296263ec2188,85.20163,NA,NA,7.29513,NA,NA,NA,NA,NA,NA,dd4fc66f-459e-498e-840e-b45b4dbcc9bc,2025-09-04,18:23:40,2025-09-04T18:23:40Z,2025-09-04T18:23:40Z,NA,v3,471452,471452,NA,"Collier, Ian",822899,Right,TEX_BOB,33b96014-74b3-4eb3-a1a7-5043aa4512b1,54.99889,-126.61839,12.45698,6.01007,-1.60877,-8.81502,0.35965,0.20322,0.70041,NA,NA,NA,NA,NA,NA,NA,NA,NA,NA,NA,NA,NA,NA,NA,NA,NA,NA,NA,NA,NA,NA,NA,NA,NA,NA,NA,NA,NA,NA,NA,NA,NA,NA,NA,NA,NA,NA,NA,NA,NA,NA,NA,NA,NA,NA,NA,NA,NA,NA,High,High,High,NA,NA,NA,NA,NA,163.323042,-17.682879,1611.801398,0.952752,11:30:00,0.298837,0.277347,-0.913113,2.261343,-29.92146,50.090349,173.938182,5.186063,0.105169,0.09039,-0.990338,5.215064,6.036911,0.09039,0.105169,0.990338,-5.215064,-6.036911,-0.09039,-0.105169,0.990338,-173.938182,-5.186063,-0.105169,-0.09039,-0.990338
39,2025-09-04,13:23:52,1,3,"Targac, Titan",NA,Left,TEX_BOB,"Targac, Titan",NA,Right,TEX_BOB,Undefined,2,Top,0,0,0,Fastball,Four-Seam,StrikeCalled,Undefined,Undefined,Undefined,0,0,NA,87.59362,-1.914613,0.661602,1860.836383,162.749414,11:30:00,5.8746,-0.22394,6.03472,-17.26997,18.75962,-5.48599,2.66167,-0.06842,80.51746,-5.19359,-0.325816,0.432017,NA,NA,NA,NA,NA,NA,NA,NA,NA,NA,NA,2.99898,10.50288,0.17521,50,5.71555,-1.24794,-127.28113,-4.73939,4.94562,24.838,-14.85381,TEX_BOB,TEX_BOB,TexasStateUniversity,TeamExclusive,Team,20250904-TexasStateUniversity-Private-2,4f990250-89bc-11f0-bdb0-296263ec2188,87.24753,NA,NA,7.07616,NA,NA,NA,NA,NA,NA,dd4fc66f-459e-498e-840e-b45b4dbcc9bc,2025-09-04,18:23:52,2025-09-04T18:23:52Z,2025-09-04T18:23:52Z,NA,v3,471452,471452,NA,"Collier, Ian",822899,Right,TEX_BOB,3d599f0e-e8b0-4724-a230-25387454f0e9,54.46615,-128.1497,12.419,5.8722,-4.21996,-7.42691,0.22188,-1.42088,2.47281,NA,NA,NA,NA,NA,NA,NA,NA,NA,NA,NA,NA,NA,NA,NA,NA,NA,NA,NA,NA,NA,NA,NA,NA,NA,NA,NA,NA,NA,NA,NA,NA,NA,NA,NA,NA,NA,NA,NA,NA,NA,NA,NA,NA,NA,NA,NA,NA,NA,NA,High,High,High,NA,NA,NA,NA,NA,165.470337,-18.623012,1763.403414,0.94764,11:30:00,0.32179,0.248282,-0.913678,8.814319,-30.949391,23.008239,172.382091,2.851446,0.132402,0.049747,-0.989947,2.876794,7.608421,0.049747,0.132402,0.989947,-2.876794,-7.608421,-0.049747,-0.132402,0.989947,-172.382091,-2.851446,-0.132402,-0.049747,-0.989947
40,2025-09-04,13:24:06,1,4,"Targac, Titan",NA,Left,TEX_BOB,"Targac, Titan",NA,Right,TEX_BOB,Undefined,2,Top,0,0,1,Curveball,Changeup,BallCalled,Undefined,Undefined,Undefined,0,0,NA,73.59017,3.849857,-0.629184,1962.97805,344.64053,5:30:00,5.89795,-0.13918,4.74544,-70.0109,-16.22839,4.89555,3.72115,-0.32804,67.80356,-8.679733,0.231314,0.527827,NA,NA,NA,NA,NA,NA,NA,NA,NA,NA,NA,-2.56603,-8.49697,0.19788,50,6.22282,0.97613,-106.68633,4.66495,-2.96803,17.7387,-42.00224,TEX_BOB,TEX_BOB,TexasStateUniversity,TeamExclusive,Team,20250904-TexasStateUniversity-Private-2,57d5c610-89bc-11f0-bdb0-296263ec2188,71.41056,NA,NA,5.78661,NA,NA,NA,NA,NA,NA,dd4fc66f-459e-498e-840e-b45b4dbcc9bc,2025-09-04,18:24:06,2025-09-04T18:24:06Z,2025-09-04T18:24:06Z,NA,v3,471452,471452,NA,"Collier, Ian",822899,Right,TEX_BOB,f9babd20-e3c5-4fbf-9513-43919e0b329f,55.76182,-107.64009,8.86935,5.91129,6.92327,-21.00112,0.14111,1.13571,-1.48402,NA,NA,NA,NA,NA,NA,NA,NA,NA,NA,NA,NA,NA,NA,NA,NA,NA,NA,NA,NA,NA,NA,NA,NA,NA,NA,NA,NA,NA,NA,NA,NA,NA,NA,NA,NA,NA,NA,NA,NA,NA,NA,NA,NA,NA,NA,NA,NA,NA,NA,High,High,High,NA,NA,NA,NA,NA,358.023346,-30.012058,1699.782267,0.86592,6:00:00,0.506521,-0.063383,0.859895,27.343945,25.545916,-2.30889,155.116925,5.02407,0.419151,0.087574,-0.903683,5.535143,24.781015,0.087574,0.419151,0.903683,-5.535143,-24.781015,-0.087574,-0.419151,0.903683,-155.116925,-5.02407,-0.419151,-0.087574,-0.903683
41,2025-09-04,13:24:19,1,5,"Targac, Titan",NA,Left,TEX_BOB,"Targac, Titan",NA,Right,TEX_BOB,Undefined,2,Top,0,1,1,Curveball,Curveball,StrikeCalled,Undefined,Undefined,Undefined,0,0,NA,73.10381,2.059385,0.45421,2017.306106,332.246507,5:00:00,5.76764,-0.43022,5.03396,-69.53094,-15.71556,9.10205,1.91732,0.75683,67.7587,-10.418935,2.066481,0.527989,NA,NA,NA,NA,NA,NA,NA,NA,NA,NA,NA,-4.40859,-7.93839,0.37911,50,5.9078,-1.18634,-106.19159,1.44162,-5.04192,17.91786,-41.25292,TEX_BOB,TEX_BOB,TexasStateUniversity,TeamExclusive,Team,20250904-TexasStateUniversity-Private-2,5fd22570-89bc-11f0-bdb0-296263ec2188,71.38874,NA,NA,5.34511,NA,NA,NA,NA,NA,NA,dd4fc66f-459e-498e-840e-b45b4dbcc9bc,2025-09-04,18:24:19,2025-09-04T18:24:19Z,2025-09-04T18:24:19Z,NA,v3,471452,471452,NA,"Collier, Ian",822899,Right,TEX_BOB,24e1f1be-3872-48f9-9613-8ca694220983,55.47361,-107.11118,8.95893,5.77948,3.55882,-20.62646,0.43336,-0.92758,-2.52096,NA,NA,NA,NA,NA,NA,NA,NA,NA,NA,NA,NA,NA,NA,NA,NA,NA,NA,NA,NA,NA,NA,NA,NA,NA,NA,NA,NA,NA,NA,NA,NA,NA,NA,NA,NA,NA,NA,NA,NA,NA,NA,NA,NA,NA,NA,NA,NA,NA,NA,High,High,High,NA,NA,NA,NA,NA,352.934797,-29.331788,1758.682675,0.871798,5:45:00,0.478823,-0.124764,0.869001,47.14171,13.527542,49.006389,159.166919,0.579532,0.355628,0.010115,-0.934573,0.620069,20.831965,0.010115,0.355628,0.934573,-0.620069,-20.831965,-0.010115,-0.355628,0.934573,-159.166919,-0.579532,-0.355628,-0.010115,-0.934573
42,2025-09-04,13:24:41,1,6,"Targac, Titan",NA,Left,TEX_BOB,"Targac, Titan",NA,Right,TEX_BOB,Undefined,2,Top,0,1,2,Cutter,Four-Seam,StrikeCalled,Strikeout,Undefined,Undefined,0,0,NA,84.58088,-1.449568,0.621205,1868.403745,185.710611,12:15:00,5.91611,-0.39502,5.76669,-20.28816,18.67615,1.75154,2.87594,0.32912,77.892,-5.26233,0.934841,0.449268,NA,NA,NA,NA,NA,NA,NA,NA,NA,NA,NA,-0.73409,10.25969,0.34252,50,5.78382,-1.40307,-122.89833,-3.71144,-1.13077,22.72522,-16.37025,TEX_BOB,TEX_BOB,TexasStateUniversity,TeamExclusive,Team,20250904-TexasStateUniversity-Private-2,6cfa3800-89bc-11f0-bdb0-296263ec2188,83.89753,NA,NA,6.68888,NA,NA,NA,NA,NA,NA,dd4fc66f-459e-498e-840e-b45b4dbcc9bc,2025-09-04,18:24:41,2025-09-04T18:24:41Z,2025-09-04T18:24:41Z,NA,v3,471452,471452,NA,"Collier, Ian",822899,Right,TEX_BOB,a95d53ab-69d9-4a61-b0df-bb792925fddc,54.7341,-123.77062,11.36261,5.91422,-3.08308,-8.18512,0.39554,-1.35967,-0.56538,NA,NA,NA,NA,NA,NA,NA,NA,NA,NA,NA,NA,NA,NA,NA,NA,NA,NA,NA,NA,NA,NA,NA,NA,NA,NA,NA,NA,NA,NA,NA,NA,NA,NA,NA,NA,NA,NA,NA,NA,NA,NA,NA,NA,NA,NA,NA,NA,NA,NA,High,High,High,NA,NA,NA,NA,NA,177.942636,-57.076032,1015.525315,0.543526,12:00:00,0.84447,0.040741,-0.534051,-16.544919,36.784232,-65.789459,90.865299,55.408327,0.567659,0.823219,-0.008574,89.4033,34.587167,0.823219,0.567659,0.008574,-89.4033,-34.587167,-0.823219,-0.567659,0.008574,-90.865299,-55.408327,-0.567659,-0.823219,-0.008574
43,2025-09-04,13:24:55,2,1,"Targac, Titan",NA,Left,TEX_BOB,"Targac, Titan",NA,Right,TEX_BOB,Undefined,2,Top,1,0,0,Cutter,Cutter,StrikeCalled,Undefined,Undefined,Undefined,0,0,NA,84.26928,-1.383862,-0.626884,1799.296148,179.26846,12:00:00,5.95775,-0.1713,5.81963,-19.87367,19.25918,-0.23118,3.01459,-0.77345,77.66523,-5.126137,-0.668321,0.450238,NA,NA,NA,NA,NA,NA,NA,NA,NA,NA,NA,-0.04134,10.55445,0.22274,50,5.83265,1.34923,-122.46914,-3.53506,-0.0633,22.3281,-16.0127,TEX_BOB,TEX_BOB,TexasStateUniversity,TeamExclusive,Team,20250904-TexasStateUniversity-Private-2,751fca40-89bc-11f0-bdb0-296263ec2188,83.71671,NA,NA,6.60406,NA,NA,NA,NA,NA,NA,dd4fc66f-459e-498e-840e-b45b4dbcc9bc,2025-09-04,18:24:55,2025-09-04T18:24:55Z,2025-09-04T18:24:55Z,NA,v3,471452,471452,NA,"Collier, Ian",822899,Right,TEX_BOB,038ef926-e188-4af2-bd03-5bcf807f365d,54.6812,-123.31965,11.16405,5.95569,-2.92512,-8.00635,0.1713,1.35163,-0.03165,NA,NA,NA,NA,NA,NA,NA,NA,NA,NA,NA,NA,NA,NA,NA,NA,NA,NA,NA,NA,NA,NA,NA,NA,NA,NA,NA,NA,NA,NA,NA,NA,NA,NA,NA,NA,NA,NA,NA,NA,NA,NA,NA,NA,NA,NA,NA,NA,NA,NA,High,High,High,NA,NA,NA,NA,NA,179.969742,-55.262128,1025.280029,0.569823,12:00:00,0.815237,0.020147,-0.578777,-17.32346,37.645175,-64.644137,92.086523,51.98995,0.615391,0.787903,-0.02242,88.370041,37.980366,0.787903,0.615391,0.02242,-88.370041,-37.980366,-0.787903,-0.615391,0.02242,-92.086523,-51.98995,-0.615391,-0.787903,-0.02242
44,2025-09-04,13:25:11,2,2,"Targac, Titan",NA,Left,TEX_BOB,"Targac, Titan",NA,Right,TEX_BOB,Undefined,2,Top,1,0,1,Cutter,Four-Seam,StrikeCalled,Undefined,Undefined,Undefined,0,0,NA,82.11163,-1.648927,1.857382,1970.25815,181.557981,12:00:00,5.96311,-0.51042,5.53886,-24.03517,17.93485,0.45181,2.41772,1.2639,75.32454,-6.129814,1.937889,0.466274,NA,NA,NA,NA,NA,NA,NA,NA,NA,NA,NA,0.27811,9.92158,0.34894,50,5.80422,-3.8816,-119.13472,-4.17051,0.4004,22.5044,-17.88933,TEX_BOB,TEX_BOB,TexasStateUniversity,TeamExclusive,Team,20250904-TexasStateUniversity-Private-2,7eef8a10-89bc-11f0-bdb0-296263ec2188,80.83756,NA,NA,6.78709,NA,NA,NA,NA,NA,NA,dd4fc66f-459e-498e-840e-b45b4dbcc9bc,2025-09-04,18:25:11,2025-09-04T18:25:11Z,2025-09-04T18:25:11Z,NA,v3,471452,471452,NA,"Collier, Ian",822899,Right,TEX_BOB,bc09f0d0-3dda-4f06-a4d9-3fe85e5fbe2a,54.9612,-120.06823,11.2522,5.96183,-3.42844,-8.94467,0.5103,-3.89821,0.2002,NA,NA,NA,NA,NA,NA,NA,NA,NA,NA,NA,NA,NA,NA,NA,NA,NA,NA,NA,NA,NA,NA,NA,NA,NA,NA,NA,NA,NA,NA,NA,NA,NA,NA,NA,NA,NA,NA,NA,NA,NA,NA,NA,NA,NA,NA,NA,NA,NA,NA,High,High,High,NA,NA,NA,NA,NA,185.76818,-64.539601,846.98866,0.429887,12:15:00,0.91714,-0.017207,-0.398194,-24.291959,22.709236,-58.14634,101.453956,37.839511,0.774004,0.613452,-0.156825,75.659804,50.714849,0.613452,0.774004,0.156825,-75.659804,-50.714849,-0.613452,-0.774004,0.156825,-101.453956,-37.839511,-0.774004,-0.613452,-0.156825
45,2025-09-04,13:25:26,2,3,"Targac, Titan",NA,Left,TEX_BOB,"Targac, Titan",NA,Right,TEX_BOB,Undefined,2,Top,1,0,2,Fastball,Four-Seam,BallCalled,Undefined,Undefined,Undefined,3,0,NA,88.8786,-4.198327,1.532082,1969.718802,170.379638,11:45:00,5.85536,-0.00877,6.06394,-15.08154,19.83674,-3.18902,0.70458,1.14378,82.27409,-7.050027,0.958014,0.425302,NA,NA,NA,NA,NA,NA,NA,NA,NA,NA,NA,2.02272,11.59276,-0.10842,50,5.52072,-3.31949,-128.9227,-9.88228,3.44351,23.91448,-12.43829,TEX_BOB,TEX_BOB,TexasStateUniversity,TeamExclusive,Team,20250904-TexasStateUniversity-Private-2,8772ccb0-89bc-11f0-bdb0-296263ec2188,88.62502,NA,NA,6.60452,NA,NA,NA,NA,NA,NA,dd4fc66f-459e-498e-840e-b45b4dbcc9bc,2025-09-04,18:25:26,2025-09-04T18:25:26Z,2025-09-04T18:25:26Z,NA,v3,471452,471452,NA,"Collier, Ian",822899,Right,TEX_BOB,cc398073-06be-4baa-b059-48605d941d42,54.43786,-129.74328,11.95724,5.85249,-9.45548,-6.21915,0.00751,-3.43765,1.72175,NA,NA,NA,NA,NA,NA,NA,NA,NA,NA,NA,NA,NA,NA,NA,NA,NA,NA,NA,NA,NA,NA,NA,NA,NA,NA,NA,NA,NA,NA,NA,NA,NA,NA,NA,NA,NA,NA,NA,NA,NA,NA,NA,NA,NA,NA,NA,NA,NA,NA,High,High,High,NA,NA,NA,NA,NA,166.571042,-14.677197,1905.444254,0.967369,11:30:00,0.261318,0.242608,-0.934267,12.060262,-27.468788,12.233768,170.865931,1.437431,0.158695,0.025085,-0.987009,1.455885,9.131171,0.025085,0.158695,0.987009,-1.455885,-9.131171,-0.025085,-0.158695,0.987009,-170.865931,-1.437431,-0.158695,-0.025085,-0.987009
,,,,,,,,,,,,,,,,,,,,,,,,,,,,,,,,,,,,,,,,,,,,,,,,,,,,,,,,,,,,,,,,,,,,,,,,,,,,,,,,,,,,,,,,,,,,,,,,,,,,,,,,,,,,,,,,,,,,,,,,,,,,,,,,,,,,,,,,,,,,,,,,,,,,,,,,,,,,,,,,,,,,,,,,,,,,,,,,,,,,,,,,,,,,,,,,,,,,,
,,,,,,,,,,,,,,,,,,,,,,,,,,,,,,,,,,,,,,,,,,,,,,,,,,,,,,,,,,,,,,,,,,,,,,,,,,,,,,,,,,,,,,,,,,,,,,,,,,,,,,,,,,,,,,,,,,,,,,,,,,,,,,,,,,,,,,,,,,,,,,,,,,,,,,,,,,,,,,,,,,,,,,,,,,,,,,,,,,,,,,,,,,,,,,,,,,,,,
,,,,,,,,,,,,,,,,,,,,,,,,,,,,,,,,,,,,,,,,,,,,,,,,,,,,,,,,,,,,,,,,,,,,,,,,,,,,,,,,,,,,,,,,,,,,,,,,,,,,,,,,,,,,,,,,,,,,,,,,,,,,,,,,,,,,,,,,,,,,,,,,,,,,,,,,,,,,,,,,,,,,,,,,,,,,,,,,,,,,,,,,,,,,,,,,,,,,,
,,,,,,,,,,,,,,,,,,,,,,,,,,,,,,,,,,,,,,,,,,,,,,,,,,,,,,,,,,,,,,,,,,,,,,,,,,,,,,,,,,,,,,,,,,,,,,,,,,,,,,,,,,,,,,,,,,,,,,,,,,,,,,,,,,,,,,,,,,,,,,,,,,,,,,,,,,,,,,,,,,,,,,,,,,,,,,,,,,,,,,,,,,,,,,,,,,,,,
,,,,,,,,,,,,,,,,,,,,,,,,,,,,,,,,,,,,,,,,,,,,,,,,,,,,,,,,,,,,,,,,,,,,,,,,,,,,,,,,,,,,,,,,,,,,,,,,,,,,,,,,,,,,,,,,,,,,,,,,,,,,,,,,,,,,,,,,,,,,,,,,,,,,,,,,,,,,,,,,,,,,,,,,,,,,,,,,,,,,,,,,,,,,,,,,,,,,,
,,,,,,,,,,,,,,,,,,,,,,,,,,,,,,,,,,,,,,,,,,,,,,,,,,,,,,,,,,,,,,,,,,,,,,,,,,,,,,,,,,,,,,,,,,,,,,,,,,,,,,,,,,,,,,,,,,,,,,,,,,,,,,,,,,,,,,,,,,,,,,,,,,,,,,,,,,,,,,,,,,,,,,,,,,,,,,,,,,,,,,,,,,,,,,,,,,,,,
,,,,,,,,,,,,,,,,,,,,,,,,,,,,,,,,,,,,,,,,,,,,,,,,,,,,,,,,,,,,,,,,,,,,,,,,,,,,,,,,,,,,,,,,,,,,,,,,,,,,,,,,,,,,,,,,,,,,,,,,,,,,,,,,,,,,,,,,,,,,,,,,,,,,,,,,,,,,,,,,,,,,,,,,,,,,,,,,,,,,,,,,,,,,,,,,,,,,,
,,,,,,,,,,,,,,,,,,,,,,,,,,,,,,,,,,,,,,,,,,,,,,,,,,,,,,,,,,,,,,,,,,,,,,,,,,,,,,,,,,,,,,,,,,,,,,,,,,,,,,,,,,,,,,,,,,,,,,,,,,,,,,,,,,,,,,,,,,,,,,,,,,,,,,,,,,,,,,,,,,,,,,,,,,,,,,,,,,,,,,,,,,,,,,,,,,,,,
,,,,,,,,,,,,,,,,,,,,,,,,,,,,,,,,,,,,,,,,,,,,,,,,,,,,,,,,,,,,,,,,,,,,,,,,,,,,,,,,,,,,,,,,,,,,,,,,,,,,,,,,,,,,,,,,,,,,,,,,,,,,,,,,,,,,,,,,,,,,,,,,,,,,,,,,,,,,,,,,,,,,,,,,,,,,,,,,,,,,,,,,,,,,,,,,,,,,,
,,,,,,,,,,,,,,,,,,,,,,,,,,,,,,,,,,,,,,,,,,,,,,,,,,,,,,,,,,,,,,,,,,,,,,,,,,,,,,,,,,,,,,,,,,,,,,,,,,,,,,,,,,,,,,,,,,,,,,,,,,,,,,,,,,,,,,,,,,,,,,,,,,,,,,,,,,,,,,,,,,,,,,,,,,,,,,,,,,,,,,,,,,,,,,,,,,,,,
,,,,,,,,,,,,,,,,,,,,,,,,,,,,,,,,,,,,,,,,,,,,,,,,,,,,,,,,,,,,,,,,,,,,,,,,,,,,,,,,,,,,,,,,,,,,,,,,,,,,,,,,,,,,,,,,,,,,,,,,,,,,,,,,,,,,,,,,,,,,,,,,,,,,,,,,,,,,,,,,,,,,,,,,,,,,,,,,,,,,,,,,,,,,,,,,,,,,,
57,2025-09-04,13:31:42,1,1,"Targac, Titan",NA,Right,TEX_BOB,"Targac, Titan",NA,Right,TEX_BOB,Undefined,3,Top,0,0,0,Fastball,Four-Seam,BallCalled,Undefined,Undefined,Undefined,0,0,NA,86.49503,-1.693742,-0.762552,1976.973982,160.518093,11:15:00,6.01134,-0.43678,5.6335,-17.87048,19.59942,-6.53768,2.94122,-1.69312,79.61496,-5.058553,-1.930006,0.440568,NA,NA,NA,NA,NA,NA,NA,NA,NA,NA,NA,3.12051,10.72867,0.50594,50,5.85584,1.94678,-125.63753,-4.25181,5.02233,23.80304,-14.9068,TEX_BOB,TEX_BOB,TexasStateUniversity,TeamExclusive,Team,20250904-TexasStateUniversity-Private-2,67e96a60-89bd-11f0-bdb0-296263ec2188,85.55426,NA,NA,6.88007,NA,NA,NA,NA,NA,NA,dd4fc66f-459e-498e-840e-b45b4dbcc9bc,2025-09-04,18:31:42,2025-09-04T18:31:42Z,2025-09-04T18:31:42Z,NA,v3,471452,471452,NA,"Collier, Ian",822899,Right,TEX_BOB,9b30e9d9-cef8-440e-a693-cb1e8488714e,54.86731,-126.55632,11.90152,6.00885,-3.67641,-7.4534,0.43454,1.75292,2.51117,NA,NA,NA,NA,NA,NA,NA,NA,NA,NA,NA,NA,NA,NA,NA,NA,NA,NA,NA,NA,NA,NA,NA,NA,NA,NA,NA,NA,NA,NA,NA,NA,NA,NA,NA,NA,NA,NA,NA,NA,NA,NA,NA,NA,NA,NA,NA,NA,NA,NA,High,High,High,NA,NA,NA,NA,NA,161.769459,-9.839854,1947.891241,0.985289,11:30:00,0.149241,0.313156,-0.937902,6.715613,-27.793192,56.396608,172.28648,3.841838,0.133918,0.067002,-0.988725,3.876812,7.696081,0.067002,0.133918,0.988725,-3.876812,-7.696081,-0.067002,-0.133918,0.988725,-172.28648,-3.841838,-0.133918,-0.067002,-0.988725
58,2025-09-04,13:31:55,1,2,"Targac, Titan",NA,Right,TEX_BOB,"Targac, Titan",NA,Right,TEX_BOB,Undefined,3,Top,0,1,0,Fastball,Four-Seam,StrikeCalled,Undefined,Undefined,Undefined,0,0,NA,86.98067,-2.308982,1.271016,1963.726957,165.647938,11:30:00,6.00018,-0.318,5.80219,-17.68816,19.0241,-4.5954,2.37693,0.4814,80.3678,-5.637539,0.447692,0.436091,NA,NA,NA,NA,NA,NA,NA,NA,NA,NA,NA,2.66752,10.63012,0.21637,50,5.79978,-2.61573,-126.36305,-5.62137,4.35946,23.15713,-14.80159,TEX_BOB,TEX_BOB,TexasStateUniversity,TeamExclusive,Team,20250904-TexasStateUniversity-Private-2,6f5f34a0-89bd-11f0-bdb0-296263ec2188,86.43254,NA,NA,6.61287,NA,NA,NA,NA,NA,NA,dd4fc66f-459e-498e-840e-b45b4dbcc9bc,2025-09-04,18:31:55,2025-09-04T18:31:55Z,2025-09-04T18:31:55Z,NA,v3,471452,471452,NA,"Collier, Ian",822899,Right,TEX_BOB,d0026f3c-8f88-4243-bb6d-5756afd3b538,54.69953,-127.22137,11.57856,5.99796,-5.07275,-7.4008,0.31632,-2.77731,2.17973,NA,NA,NA,NA,NA,NA,NA,NA,NA,NA,NA,NA,NA,NA,NA,NA,NA,NA,NA,NA,NA,NA,NA,NA,NA,NA,NA,NA,NA,NA,NA,NA,NA,NA,NA,NA,NA,NA,NA,NA,NA,NA,NA,NA,NA,NA,NA,NA,NA,NA,High,High,High,NA,NA,NA,NA,NA,165.202272,-17.326877,1874.615382,0.954621,11:30:00,0.30816,0.255618,-0.91635,7.10021,-31.218553,37.438662,172.323814,6.130553,0.13281,0.106794,-0.985371,6.185559,7.632024,0.106794,0.13281,0.985371,-6.185559,-7.632024,-0.106794,-0.13281,0.985371,-172.323814,-6.130553,-0.13281,-0.106794,-0.985371
59,2025-09-04,13:32:07,1,3,"Targac, Titan",NA,Right,TEX_BOB,"Targac, Titan",NA,Right,TEX_BOB,Undefined,3,Top,0,1,1,Fastball,Four-Seam,BallCalled,Undefined,Undefined,Undefined,0,0,NA,87.33008,-0.918332,0.132858,1941.299013,165.440376,11:30:00,5.95528,-0.27274,5.72144,-17.4008,19.18765,-4.70276,3.64971,-0.54088,80.32168,-4.208233,-0.708485,0.435355,NA,NA,NA,NA,NA,NA,NA,NA,NA,NA,NA,2.42642,10.33504,0.26458,50,5.86783,-0.09656,-126.91981,-2.55091,3.98713,24.17859,-15.19125,TEX_BOB,TEX_BOB,TexasStateUniversity,TeamExclusive,Team,20250904-TexasStateUniversity-Private-2,76cee460-89bd-11f0-bdb0-296263ec2188,86.5787,NA,NA,7.0084,NA,NA,NA,NA,NA,NA,dd4fc66f-459e-498e-840e-b45b4dbcc9bc,2025-09-04,18:32:07,2025-09-04T18:32:07Z,2025-09-04T18:32:07Z,NA,v3,471452,471452,NA,"Collier, Ian",822899,Right,TEX_BOB,4c7664ca-9127-40f0-b47f-1b3bfab88b7a,54.7793,-127.82704,12.0893,5.95285,-1.98091,-7.59562,0.27101,-0.24617,1.99356,NA,NA,NA,NA,NA,NA,NA,NA,NA,NA,NA,NA,NA,NA,NA,NA,NA,NA,NA,NA,NA,NA,NA,NA,NA,NA,NA,NA,NA,NA,NA,NA,NA,NA,NA,NA,NA,NA,NA,NA,NA,NA,NA,NA,NA,NA,NA,NA,NA,NA,High,High,High,NA,NA,NA,NA,NA,166.017728,-10.740912,1907.287398,0.98248,11:30:00,0.18475,0.240345,-0.952944,6.225738,-28.081855,41.490081,169.271029,2.788297,0.185943,0.048646,-0.981356,2.837827,10.716119,0.048646,0.185943,0.981356,-2.837827,-10.716119,-0.048646,-0.185943,0.981356,-169.271029,-2.788297,-0.185943,-0.048646,-0.981356
60,2025-09-04,13:32:23,1,4,"Targac, Titan",NA,Right,TEX_BOB,"Targac, Titan",NA,Right,TEX_BOB,Undefined,3,Top,0,2,1,Changeup,Changeup,BallCalled,Undefined,Undefined,Undefined,0,0,NA,80.35196,-2.457822,-0.438946,1491.241824,160.237914,11:15:00,5.85083,-0.77928,6.23104,-29.45478,12.86867,-4.18654,1.12721,-1.53314,74.61288,-7.93005,-1.196119,0.468233,NA,NA,NA,NA,NA,NA,NA,NA,NA,NA,NA,2.07232,7.68347,0.8141,50,5.6524,1.04297,-116.81342,-5.84988,2.89193,19.95198,-21.45181,TEX_BOB,TEX_BOB,TexasStateUniversity,TeamExclusive,Team,20250904-TexasStateUniversity-Private-2,8045aec0-89bd-11f0-bdb0-296263ec2188,80.49934,NA,NA,5.73908,NA,NA,NA,NA,NA,NA,dd4fc66f-459e-498e-840e-b45b4dbcc9bc,2025-09-04,18:32:23,2025-09-04T18:32:23Z,2025-09-04T18:32:23Z,NA,v3,471452,471452,NA,"Collier, Ian",822899,Right,TEX_BOB,9e8f7563-3c94-408d-aa3d-c5fd50f1b93f,54.27085,-117.54063,9.97599,5.85137,-5.06801,-10.72591,0.77801,0.93757,1.44596,NA,NA,NA,NA,NA,NA,NA,NA,NA,NA,NA,NA,NA,NA,NA,NA,NA,NA,NA,NA,NA,NA,NA,NA,NA,NA,NA,NA,NA,NA,NA,NA,NA,NA,NA,NA,NA,NA,NA,NA,NA,NA,NA,NA,NA,NA,NA,NA,NA,NA,High,High,High,NA,NA,NA,NA,NA,151.183026,-6.889431,1480.474292,0.992779,11:00:00,0.092655,0.483237,-0.870573,-8.183969,-17.264921,15.846763,176.764536,-34.224819,0.046666,-0.562442,-0.825519,34.267338,-2.674751,0.562442,-0.046666,0.825519,-34.267338,2.674751,-0.562442,0.046666,0.825519,-176.764536,34.224819,-0.046666,0.562442,-0.825519
61,2025-09-04,13:32:37,1,5,"Targac, Titan",NA,Right,TEX_BOB,"Targac, Titan",NA,Right,TEX_BOB,Undefined,3,Top,0,3,1,Changeup,Changeup,StrikeCalled,Undefined,Undefined,Undefined,0,0,NA,79.36288,-0.645239,1.392758,1486.857459,152.459459,11:00:00,5.91994,-0.59325,5.87326,-30.64431,13.23229,-6.25555,2.76672,0.17936,73.54385,-6.326823,0.270104,0.476747,NA,NA,NA,NA,NA,NA,NA,NA,NA,NA,NA,3.54764,7.32587,0.48421,50,5.8498,-2.57364,-115.39311,-2.2161,4.84013,19.08881,-22.17921,TEX_BOB,TEX_BOB,TexasStateUniversity,TeamExclusive,Team,20250904-TexasStateUniversity-Private-2,88b0fc90-89bd-11f0-bdb0-296263ec2188,79.06174,NA,NA,5.81903,NA,NA,NA,NA,NA,NA,dd4fc66f-459e-498e-840e-b45b4dbcc9bc,2025-09-04,18:32:37,2025-09-04T18:32:37Z,2025-09-04T18:32:37Z,NA,v3,471452,471452,NA,"Collier, Ian",822899,Right,TEX_BOB,0d8f3db0-3050-401e-9857-6e98fc3443a5,54.62822,-116.15621,9.54441,5.92067,-1.32947,-11.08961,0.59096,-2.76713,2.42007,NA,NA,NA,NA,NA,NA,NA,NA,NA,NA,NA,NA,NA,NA,NA,NA,NA,NA,NA,NA,NA,NA,NA,NA,NA,NA,NA,NA,NA,NA,NA,NA,NA,NA,NA,NA,NA,NA,NA,NA,NA,NA,NA,NA,NA,NA,NA,NA,NA,NA,High,High,High,NA,NA,NA,NA,NA,147.318693,-11.612275,1456.424678,0.979532,11:00:00,0.2153,0.531147,-0.819469,6.454083,-21.981091,20.716316,176.74935,18.457995,0.053787,0.316609,-0.94703,18.485721,3.083257,0.316609,0.053787,0.94703,-18.485721,-3.083257,-0.316609,-0.053787,0.94703,-176.74935,-18.457995,-0.053787,-0.316609,-0.94703
62,2025-09-04,13:32:52,1,6,"Targac, Titan",NA,Right,TEX_BOB,"Targac, Titan",NA,Right,TEX_BOB,Undefined,3,Top,0,3,2,Changeup,Changeup,StrikeCalled,Strikeout,Undefined,Undefined,0,0,NA,78.86891,-1.270726,0.627,1547.550431,145.556733,10:45:00,5.78254,-0.65819,5.98351,-30.42608,13.89973,-8.65449,2.06891,-0.79819,73.04195,-6.922432,-0.930254,0.479181,NA,NA,NA,NA,NA,NA,NA,NA,NA,NA,NA,4.6289,7.86969,0.61352,50,5.66515,-0.94366,-114.68549,-3.42587,6.22222,19.37044,-21.59552,TEX_BOB,TEX_BOB,TexasStateUniversity,TeamExclusive,Team,20250904-TexasStateUniversity-Private-2,91581ae0-89bd-11f0-bdb0-296263ec2188,78.66009,NA,NA,5.82696,NA,NA,NA,NA,NA,NA,dd4fc66f-459e-498e-840e-b45b4dbcc9bc,2025-09-04,18:32:52,2025-09-04T18:32:52Z,2025-09-04T18:32:52Z,NA,v3,471452,471452,NA,"Collier, Ian",822899,Right,TEX_BOB,54790223-17cf-46c4-a29f-cd2bf9f7f4f5,54.51844,-115.44613,9.68522,5.78303,-2.57785,-10.79776,0.65538,-1.188,3.11111,NA,NA,NA,NA,NA,NA,NA,NA,NA,NA,NA,NA,NA,NA,NA,NA,NA,NA,NA,NA,NA,NA,NA,NA,NA,NA,NA,NA,NA,NA,NA,NA,NA,NA,NA,NA,NA,NA,NA,NA,NA,NA,NA,NA,NA,NA,NA,NA,NA,NA,High,High,High,NA,NA,NA,NA,NA,146.392767,-3.251081,1545.059804,0.998391,11:00:00,0.053539,0.553728,-0.830975,3.315392,-15.129955,21.3309,178.300919,26.426678,0.026552,0.445052,-0.895111,26.436721,1.521491,0.445052,0.026552,0.895111,-26.436721,-1.521491,-0.445052,-0.026552,0.895111,-178.300919,-26.426678,-0.026552,-0.445052,-0.895111
63,2025-09-04,13:33:09,2,1,"Targac, Titan",NA,Right,TEX_BOB,"Targac, Titan",NA,Right,TEX_BOB,Undefined,3,Top,1,0,0,Cutter,Four-Seam,BallCalled,Undefined,Undefined,Undefined,0,0,NA,85.31593,-0.852923,0.713053,1960.756318,175.047796,11:45:00,5.95707,-0.33345,5.59671,-19.00662,19.50832,-1.59181,3.57672,0.19969,78.50081,-4.429567,0.428962,0.446669,NA,NA,NA,NA,NA,NA,NA,NA,NA,NA,NA,0.98839,10.45217,0.27338,50,5.87172,-1.47643,-123.96089,-2.41888,1.54999,22.96186,-15.78312,TEX_BOB,TEX_BOB,TexasStateUniversity,TeamExclusive,Team,20250904-TexasStateUniversity-Private-2,9bd8b420-89bd-11f0-bdb0-296263ec2188,84.38558,NA,NA,6.81512,NA,NA,NA,NA,NA,NA,dd4fc66f-459e-498e-840e-b45b4dbcc9bc,2025-09-04,18:33:09,2025-09-04T18:33:09Z,2025-09-04T18:33:09Z,NA,v3,471452,471452,NA,"Collier, Ian",822899,Right,TEX_BOB,da90c9ad-0cbd-4263-89a9-7547fe66fa4e,54.90382,-124.86594,11.48093,5.9548,-1.79678,-7.89156,0.33277,-1.53752,0.77499,NA,NA,NA,NA,NA,NA,NA,NA,NA,NA,NA,NA,NA,NA,NA,NA,NA,NA,NA,NA,NA,NA,NA,NA,NA,NA,NA,NA,NA,NA,NA,NA,NA,NA,NA,NA,NA,NA,NA,NA,NA,NA,NA,NA,NA,NA,NA,NA,NA,NA,High,High,High,NA,NA,NA,NA,NA,172.572387,-52.205893,1201.602027,0.612826,11:45:00,0.796453,0.090976,-0.597818,-16.670197,40.861639,-63.17065,94.100833,52.911229,0.601508,0.797702,-0.043125,86.905486,36.977955,0.797702,0.601508,0.043125,-86.905486,-36.977955,-0.797702,-0.601508,0.043125,-94.100833,-52.911229,-0.601508,-0.797702,-0.043125
64,2025-09-04,13:33:23,2,2,"Targac, Titan",NA,Right,TEX_BOB,"Targac, Titan",NA,Right,TEX_BOB,Undefined,3,Top,1,1,0,Cutter,Four-Seam,StrikeCalled,Undefined,Undefined,Undefined,0,0,NA,84.49405,-0.986174,0.008897,1979.41798,191.091627,12:15:00,5.82062,-0.52924,5.84956,-20.57096,18.21308,3.35272,3.18987,-0.24158,78.01361,-4.85182,0.610237,0.448227,NA,NA,NA,NA,NA,NA,NA,NA,NA,NA,NA,-1.71476,9.91449,0.52653,50,5.72829,-0.15219,-122.8547,-2.72047,-2.64789,21.97707,-16.86419,TEX_BOB,TEX_BOB,TexasStateUniversity,TeamExclusive,Team,20250904-TexasStateUniversity-Private-2,a3d53a90-89bd-11f0-bdb0-296263ec2188,84.09232,NA,NA,6.48044,NA,NA,NA,NA,NA,NA,dd4fc66f-459e-498e-840e-b45b4dbcc9bc,2025-09-04,18:33:23,2025-09-04T18:33:23Z,2025-09-04T18:33:23Z,NA,v3,471452,471452,NA,"Collier, Ian",822899,Right,TEX_BOB,8fc0ea42-7864-437e-be51-0f34285e4508,54.65163,-123.68402,10.98853,5.81895,-2.08409,-8.43209,0.53039,-0.05227,-1.32394,NA,NA,NA,NA,NA,NA,NA,NA,NA,NA,NA,NA,NA,NA,NA,NA,NA,NA,NA,NA,NA,NA,NA,NA,NA,NA,NA,NA,NA,NA,NA,NA,NA,NA,NA,NA,NA,NA,NA,NA,NA,NA,NA,NA,NA,NA,NA,NA,NA,NA,High,High,High,NA,NA,NA,NA,NA,172.444881,-47.80969,1329.367797,0.671595,11:45:00,0.739392,0.10104,-0.66565,-28.912636,44.910517,-79.176446,93.162867,60.078104,0.498059,0.866706,-0.027522,88.181197,29.871678,0.866706,0.498059,0.027522,-88.181197,-29.871678,-0.866706,-0.498059,0.027522,-93.162867,-60.078104,-0.498059,-0.866706,-0.027522
65,2025-09-04,13:33:37,2,3,"Targac, Titan",NA,Right,TEX_BOB,"Targac, Titan",NA,Right,TEX_BOB,Undefined,3,Top,1,1,1,Splitter,Splitter,StrikeCalled,Undefined,Undefined,Undefined,0,0,NA,77.42195,-0.236857,0.909491,810.232191,81.205942,8:45:00,5.7857,-0.7944,5.12065,-47.60908,0.1276,-8.38764,1.59513,-0.63657,71.61584,-8.843621,-0.577703,0.497276,NA,NA,NA,NA,NA,NA,NA,NA,NA,NA,NA,4.43823,0.52776,0.71574,50,5.7261,-1.45388,-112.44618,-2.11773,5.70685,19.57054,-31.49543,TEX_BOB,TEX_BOB,TexasStateUniversity,TeamExclusive,Team,20250904-TexasStateUniversity-Private-2,ac967090-89bd-11f0-bdb0-296263ec2188,75.79783,NA,NA,5.80611,NA,NA,NA,NA,NA,NA,dd4fc66f-459e-498e-840e-b45b4dbcc9bc,2025-09-04,18:33:37,2025-09-04T18:33:37Z,2025-09-04T18:33:37Z,NA,v3,471452,471452,NA,"Collier, Ian",822899,Right,TEX_BOB,20c2e47d-4838-4362-b8a3-b0603dcbbd9d,55.38237,-113.37908,9.78527,5.79126,-0.61639,-15.74771,0.79153,-1.72592,2.85343,NA,NA,NA,NA,NA,NA,NA,NA,NA,NA,NA,NA,NA,NA,NA,NA,NA,NA,NA,NA,NA,NA,NA,NA,NA,NA,NA,NA,NA,NA,NA,NA,NA,NA,NA,NA,NA,NA,NA,NA,NA,NA,NA,NA,NA,NA,NA,NA,NA,NA,High,High,High,NA,NA,NA,NA,NA,125.460536,20.924615,756.798292,0.934051,10:15:00,-0.351635,0.759316,-0.547533,-34.817606,16.909909,-75.602836,138.632188,-18.131212,0.628075,-0.311194,-0.713218,23.572794,-38.908223,0.311194,-0.628075,0.713218,-23.572794,38.908223,-0.311194,0.628075,0.713218,-138.632188,18.131212,-0.628075,0.311194,-0.713218
66,2025-09-04,13:34:03,2,4,"Targac, Titan",NA,Right,TEX_BOB,"Targac, Titan",NA,Right,TEX_BOB,Undefined,3,Top,1,1,2,Splitter,Splitter,StrikeCalled,Strikeout,Undefined,Undefined,0,0,NA,77.1171,-0.212551,1.077136,749.509116,62.317208,8:00:00,5.76962,-0.73944,5.39899,-48.94562,-0.92445,-4.7276,1.4916,-0.12387,70.79748,-9.121339,0.234466,0.498756,NA,NA,NA,NA,NA,NA,NA,NA,NA,NA,NA,2.70016,0.03642,0.64682,50,5.71618,-1.92289,-111.9382,-2.04768,3.40925,21.12897,-32.12807,TEX_BOB,TEX_BOB,TexasStateUniversity,TeamExclusive,Team,20250904-TexasStateUniversity-Private-2,bbbb3d80-89bd-11f0-bdb0-296263ec2188,75.57297,NA,NA,6.31962,NA,NA,NA,NA,NA,NA,dd4fc66f-459e-498e-840e-b45b4dbcc9bc,2025-09-04,18:34:03,2025-09-04T18:34:03Z,2025-09-04T18:34:03Z,NA,v3,471452,471452,NA,"Collier, Ian",822899,Right,TEX_BOB,6b05e02f-1c83-4f91-971a-49665df1624b,55.10296,-112.89731,10.56449,5.77603,-0.5893,-16.06403,0.73761,-2.07764,1.70463,NA,NA,NA,NA,NA,NA,NA,NA,NA,NA,NA,NA,NA,NA,NA,NA,NA,NA,NA,NA,NA,NA,NA,NA,NA,NA,NA,NA,NA,NA,NA,NA,NA,NA,NA,NA,NA,NA,NA,NA,NA,NA,NA,NA,NA,NA,NA,NA,NA,NA,High,High,High,NA,NA,NA,NA,NA,118.701265,15.079733,723.699559,0.965565,10:00:00,-0.25454,0.84596,-0.468573,-48.08714,8.729001,-77.810341,119.432827,-23.378879,0.79943,-0.39681,-0.451059,41.339008,-53.075677,0.39681,-0.79943,0.451059,-41.339008,53.075677,-0.39681,0.79943,0.451059,-119.432827,23.378879,-0.79943,0.39681,-0.451059
67,2025-09-04,13:34:15,3,1,"Targac, Titan",NA,Right,TEX_BOB,"Targac, Titan",NA,Left,TEX_BOB,Undefined,3,Top,2,0,0,Fastball,Changeup,BallCalled,Undefined,Undefined,Undefined,3,0,NA,86.92387,-0.893077,0.043856,1634.681467,171.916277,11:45:00,5.81146,-0.34269,5.70555,-16.82032,20.02143,-2.69402,3.57755,-0.52633,80.17112,-4.07382,-0.437959,0.436859,NA,NA,NA,NA,NA,NA,NA,NA,NA,NA,NA,1.38154,10.73776,0.34072,50,5.72615,0.01578,-126.36688,-2.4632,2.25767,23.18408,-14.62648,TEX_BOB,TEX_BOB,TexasStateUniversity,TeamExclusive,Team,20250904-TexasStateUniversity-Private-2,c336fb30-89bd-11f0-bdb0-296263ec2188,86.28051,NA,NA,6.75276,NA,NA,NA,NA,NA,NA,dd4fc66f-459e-498e-840e-b45b4dbcc9bc,2025-09-04,18:34:15,2025-09-04T18:34:15Z,2025-09-04T18:34:15Z,NA,v3,471452,471452,NA,"Collier, Ian",822899,Right,TEX_BOB,c135079e-24fa-4a2c-8f13-dcf479f6b2cb,54.79553,-127.24366,11.59204,5.80884,-1.91006,-7.31324,0.34173,-0.0696,1.12883,NA,NA,NA,NA,NA,NA,NA,NA,NA,NA,NA,NA,NA,NA,NA,NA,NA,NA,NA,NA,NA,NA,NA,NA,NA,NA,NA,NA,NA,NA,NA,NA,NA,NA,NA,NA,NA,NA,NA,NA,NA,NA,NA,NA,NA,NA,NA,NA,NA,NA,High,High,High,NA,NA,NA,NA,NA,157.29835,-5.899139,1626.024785,0.994704,11:15:00,0.097484,0.385444,-0.917567,10.598195,-23.642466,48.202716,177.419991,-0.006929,0.045014,-1.21E-04,-0.998986,0.006936,-2.580009,1.21E-04,-0.045014,0.998986,-0.006936,2.580009,-1.21E-04,0.045014,0.998986,-177.419991,0.006929,-0.045014,1.21E-04,-0.998986
1,2025-09-05,10:38:57,1,1,"Beversdorf, Alec",444000,Right,TEX_BOB,"Beversdorf, Alec",444000,Left,TEX_BOB,Undefined,1,Top,0,0,0,Fastball,Sinker,StrikeCalled,Undefined,Undefined,Undefined,0,0,NA,88.39596,-0.781398,-2.969247,2253.415133,225.365708,1:30:00,5.73602,1.65862,5.81125,-22.35442,13.81253,12.74135,3.14549,-0.04327,80.1934,-4.9884,-0.689178,0.43284,NA,NA,NA,NA,NA,NA,NA,NA,NA,NA,NA,-7.35961,7.63993,-1.42248,50,5.65869,6.09861,-128.14662,-2.46241,-12.15062,28.24516,-19.56061,TEX_BOB,TEX_BOB,TexasStateUniversity,TeamExclusive,Team,20250905-TexasStateUniversity-Private-1,7037b4e0-8a6e-11f0-acec-399390ecde07,87.08168,NA,NA,8.20256,NA,NA,NA,NA,NA,NA,a5c64dc5-3a98-4e95-b9c8-afd0ddd7a1dc,2025-09-05,15:38:57,2025-09-05T15:38:57Z,2025-09-05T15:38:57Z,NA,v3,471452,471452,NA,"Mayo, Jackson",825310,Left,TEX_BOB,ee6dca44-340c-4511-9c26-7fcc3c04e710,54.68806,-129.1758,14.12258,5.73543,-1.74968,-9.78031,-1.65277,6.54135,-6.07531,NA,NA,NA,NA,NA,NA,NA,NA,NA,NA,NA,NA,NA,NA,NA,NA,NA,NA,NA,NA,NA,NA,NA,NA,NA,NA,NA,NA,NA,NA,NA,NA,NA,NA,NA,NA,NA,NA,NA,NA,NA,NA,NA,NA,NA,NA,NA,NA,NA,NA,High,High,High,NA,NA,NA,NA,NA,236.098697,26.663922,2013.773764,0.893654,1:45:00,-0.46383,-0.747784,-0.47506,-10.052312,46.851472,53.065669,165.310537,-5.214244,0.252531,-0.09088,-0.963311,5.389413,-14.627317,0.09088,-0.252531,0.963311,-5.389413,14.627317,-0.09088,0.252531,0.963311,-165.310537,5.214244,-0.252531,0.09088,-0.963311
2,2025-09-05,10:39:10,1,2,"Beversdorf, Alec",444000,Right,TEX_BOB,"Beversdorf, Alec",444000,Left,TEX_BOB,Undefined,1,Top,0,0,1,Fastball,Sinker,StrikeCalled,Undefined,Undefined,Undefined,0,0,NA,89.28491,-2.217568,-3.146688,2497.914984,235.479977,1:45:00,5.708,1.50219,5.84922,-20.71005,14.97954,19.87655,1.91731,0.23152,80.53931,-6.136368,0.414247,0.429974,NA,NA,NA,NA,NA,NA,NA,NA,NA,NA,NA,-11.11532,8.73304,-1.25757,50,5.51535,6.24234,-129.27386,-5.65602,-18.5373,30.59151,-17.60974,TEX_BOB,TEX_BOB,TexasStateUniversity,TeamExclusive,Team,20250905-TexasStateUniversity-Private-1,78056320-8a6e-11f0-acec-399390ecde07,87.66216,NA,NA,8.7456,NA,NA,NA,NA,NA,NA,a5c64dc5-3a98-4e95-b9c8-afd0ddd7a1dc,2025-09-05,15:39:10,2025-09-05T15:39:10Z,2025-09-05T15:39:10Z,NA,v3,471452,471452,NA,"Mayo, Jackson",825310,Left,TEX_BOB,c712584f-5992-4550-8203-e1b91a36ed57,54.65023,-130.36965,15.29576,5.70665,-5.02523,-8.80487,-1.49306,6.90635,-9.26865,NA,NA,NA,NA,NA,NA,NA,NA,NA,NA,NA,NA,NA,NA,NA,NA,NA,NA,NA,NA,NA,NA,NA,NA,NA,NA,NA,NA,NA,NA,NA,NA,NA,NA,NA,NA,NA,NA,NA,NA,NA,NA,NA,NA,NA,NA,NA,NA,NA,NA,High,High,High,NA,NA,NA,NA,NA,235.277318,16.15162,2399.319585,0.960529,1:45:00,-0.277083,-0.799649,-0.532715,-20.288709,40.146235,51.567903,164.490236,-3.271691,0.266967,-0.057071,-0.962014,3.395049,-15.48385,0.057071,-0.266967,0.962014,-3.395049,15.48385,-0.057071,0.266967,0.962014,-164.490236,3.271691,-0.266967,0.057071,-0.962014
3,2025-09-05,10:39:22,1,3,"Beversdorf, Alec",444000,Right,TEX_BOB,"Beversdorf, Alec",444000,Left,TEX_BOB,Undefined,1,Top,0,0,2,Fastball,Changeup,BallCalled,Undefined,Undefined,Undefined,0,0,NA,88.28629,-1.252622,-2.20075,2527.254571,239.83569,2:00:00,5.63549,1.41227,5.46111,-24.07135,13.15548,20.17312,2.45599,1.03237,79.104,-5.768039,1.390716,0.439137,NA,NA,NA,NA,NA,NA,NA,NA,NA,NA,NA,-10.78882,7.44933,-1.2321,50,5.50907,3.98199,-127.77981,-3.61119,-17.4594,31.53558,-20.11892,TEX_BOB,TEX_BOB,TexasStateUniversity,TeamExclusive,Team,20250905-TexasStateUniversity-Private-1,7f36f870-8a6e-11f0-acec-399390ecde07,85.83308,NA,NA,9.18229,NA,NA,NA,NA,NA,NA,a5c64dc5-3a98-4e95-b9c8-afd0ddd7a1dc,2025-09-05,15:39:22,2025-09-05T15:39:22Z,2025-09-05T15:39:22Z,NA,v3,471452,471452,NA,"Mayo, Jackson",825310,Left,TEX_BOB,cc057f67-34b8-4fbf-82e6-241c5346bc99,55.03585,-129.01665,15.76779,5.63523,-2.82212,-10.05946,-1.40171,4.66676,-8.7297,NA,NA,NA,NA,NA,NA,NA,NA,NA,NA,NA,NA,NA,NA,NA,NA,NA,NA,NA,NA,NA,NA,NA,NA,NA,NA,NA,NA,NA,NA,NA,NA,NA,NA,NA,NA,NA,NA,NA,NA,NA,NA,NA,NA,NA,NA,NA,NA,NA,NA,High,High,High,NA,NA,NA,NA,NA,237.003241,23.483524,2317.933958,0.917175,2:00:00,-0.400473,-0.777763,-0.484464,-15.076261,49.214599,43.274247,170.087437,2.110539,0.172028,0.036828,-0.984403,2.142494,9.905771,0.036828,0.172028,0.984403,-2.142494,-9.905771,-0.036828,-0.172028,0.984403,-170.087437,-2.110539,-0.172028,-0.036828,-0.984403
4,2025-09-05,10:39:34,1,4,"Beversdorf, Alec",444000,Right,TEX_BOB,"Beversdorf, Alec",444000,Left,TEX_BOB,Undefined,1,Top,0,1,2,Curveball,Curveball,BallCalled,Undefined,Undefined,Undefined,0,0,NA,76.78733,1.471718,0.982034,2824.047885,66.906405,8:15:00,5.8614,1.43222,4.93496,-55.71657,-5.83284,-17.87749,2.60996,0.87076,69.55686,-8.614701,-2.175491,0.508336,NA,NA,NA,NA,NA,NA,NA,NA,NA,NA,NA,9.07926,-2.75992,-1.51235,50,5.95869,-1.15885,-111.2255,0.84493,11.18506,23.03445,-35.57409,TEX_BOB,TEX_BOB,TexasStateUniversity,TeamExclusive,Team,20250905-TexasStateUniversity-Private-1,868c1b50-8a6e-11f0-acec-399390ecde07,74.14868,NA,NA,7.23048,NA,NA,NA,NA,NA,NA,a5c64dc5-3a98-4e95-b9c8-afd0ddd7a1dc,2025-09-05,15:39:34,2025-09-05T15:39:34Z,2025-09-05T15:39:34Z,NA,v3,471452,471452,NA,"Mayo, Jackson",825310,Left,TEX_BOB,c81e5f0e-2daa-4735-a351-2647722ef133,55.56615,-112.37232,11.51722,5.87254,2.61606,-17.78705,-1.44079,-1.71572,5.59253,NA,NA,NA,NA,NA,NA,NA,NA,NA,NA,NA,NA,NA,NA,NA,NA,NA,NA,NA,NA,NA,NA,NA,NA,NA,NA,NA,NA,NA,NA,NA,NA,NA,NA,NA,NA,NA,NA,NA,NA,NA,NA,NA,NA,NA,NA,NA,NA,NA,NA,High,High,High,NA,NA,NA,NA,NA,46.43469,53.300603,1687.6982,0.597617,7:30:00,-0.797339,0.453476,0.398259,-18.06394,-24.053789,-32.617716,158.224433,42.378516,0.27404,0.674025,-0.685997,44.495671,15.904809,0.674025,0.27404,0.685997,-44.495671,-15.904809,-0.674025,-0.27404,0.685997,-158.224433,-42.378516,-0.27404,-0.674025,-0.685997
5,2025-09-05,10:39:47,1,5,"Beversdorf, Alec",444000,Right,TEX_BOB,"Beversdorf, Alec",444000,Left,TEX_BOB,Undefined,1,Top,0,2,2,Curveball,Curveball,StrikeCalled,Strikeout,Undefined,Undefined,0,0,NA,76.98907,1.180439,-0.841151,2857.803013,65.695684,8:15:00,5.93906,1.19445,5.20421,-54.32597,-5.64591,-16.02056,2.5224,-0.93177,70.47647,-8.666438,-3.68337,0.502166,NA,NA,NA,NA,NA,NA,NA,NA,NA,NA,NA,7.70406,-2.64414,-1.10416,50,6.00755,2.28345,-111.70012,0.40494,9.6562,21.61083,-35.48817,TEX_BOB,TEX_BOB,TexasStateUniversity,TeamExclusive,Team,20250905-TexasStateUniversity-Private-1,8e03ba50-8a6e-11f0-acec-399390ecde07,75.05976,NA,NA,6.5126,NA,NA,NA,NA,NA,NA,a5c64dc5-3a98-4e95-b9c8-afd0ddd7a1dc,2025-09-05,15:39:47,2025-09-05T15:39:47Z,2025-09-05T15:39:47Z,NA,v3,471452,471452,NA,"Mayo, Jackson",825310,Left,TEX_BOB,6a14d3bc-33ea-44ea-9e3b-a974fa3b8183,55.29836,-112.72055,10.80542,5.94887,2.08063,-17.74409,-1.20121,1.8275,4.8281,NA,NA,NA,NA,NA,NA,NA,NA,NA,NA,NA,NA,NA,NA,NA,NA,NA,NA,NA,NA,NA,NA,NA,NA,NA,NA,NA,NA,NA,NA,NA,NA,NA,NA,NA,NA,NA,NA,NA,NA,NA,NA,NA,NA,NA,NA,NA,NA,NA,NA,High,High,High,NA,NA,NA,NA,NA,45.413535,55.772213,1607.469691,0.562484,7:30:00,-0.812495,0.417545,0.406827,-33.066571,-27.317125,-20.307649,154.938344,38.255956,0.332628,0.619176,-0.711323,41.038147,19.428346,0.619176,0.332628,0.711323,-41.038147,-19.428346,-0.619176,-0.332628,0.711323,-154.938344,-38.255956,-0.332628,-0.619176,-0.711323
6,2025-09-05,10:39:59,2,1,"Beversdorf, Alec",444000,Right,TEX_BOB,"Beversdorf, Alec",444000,Right,TEX_BOB,Undefined,1,Top,1,0,0,Curveball,Curveball,BallCalled,Undefined,Undefined,Undefined,0,0,NA,77.44956,1.367976,1.225609,2832.897382,53.9277,7:45:00,5.85363,1.38611,5.2015,-59.38672,-11.40969,-17.77072,2.19196,1.05817,71.08249,-9.364068,-1.931108,0.498526,NA,NA,NA,NA,NA,NA,NA,NA,NA,NA,NA,9.19201,-5.57941,-1.48583,50,5.93545,-1.68855,-112.43019,0.56827,11.69948,21.4549,-39.27542,TEX_BOB,TEX_BOB,TexasStateUniversity,TeamExclusive,Team,20250905-TexasStateUniversity-Private-1,95686d90-8a6e-11f0-acec-399390ecde07,75.60771,NA,NA,6.36706,NA,NA,NA,NA,NA,NA,a5c64dc5-3a98-4e95-b9c8-afd0ddd7a1dc,2025-09-05,15:39:59,2025-09-05T15:39:59Z,2025-09-05T15:39:59Z,NA,v3,471452,471452,NA,"Mayo, Jackson",825310,Left,TEX_BOB,3ca9ca60-56de-4dae-9e44-0464336b7a78,55.30365,-113.43776,10.72745,5.86545,2.41274,-19.63771,-1.39363,-2.23799,5.84974,NA,NA,NA,NA,NA,NA,NA,NA,NA,NA,NA,NA,NA,NA,NA,NA,NA,NA,NA,NA,NA,NA,NA,NA,NA,NA,NA,NA,NA,NA,NA,NA,NA,NA,NA,NA,NA,NA,NA,NA,NA,NA,NA,NA,NA,NA,NA,NA,NA,NA,High,High,High,NA,NA,NA,NA,NA,44.297711,56.262453,1573.361476,0.55539,7:30:00,-0.830408,0.407619,0.379829,-49.50586,-25.472172,-8.010839,152.239274,39.074654,0.361597,0.630332,-0.686971,42.538052,21.198303,0.630332,0.361597,0.686971,-42.538052,-21.198303,-0.630332,-0.361597,0.686971,-152.239274,-39.074654,-0.361597,-0.630332,-0.686971
7,2025-09-05,10:40:14,2,2,"Beversdorf, Alec",444000,Right,TEX_BOB,"Beversdorf, Alec",444000,Right,TEX_BOB,Undefined,1,Top,1,1,0,Fastball,Four-Seam,BallCalled,Undefined,Undefined,Undefined,0,0,NA,88.284,-1.000825,-1.416434,2465.806417,224.974047,1:30:00,5.72039,1.4135,5.95381,-23.21005,13.10509,11.76749,2.85764,1.0802,79.52452,-5.388258,0.698445,0.433726,NA,NA,NA,NA,NA,NA,NA,NA,NA,NA,NA,-6.43839,7.42689,-1.30715,50,5.62798,2.65784,-128.00353,-2.95952,-10.50841,30.43203,-20.05225,TEX_BOB,TEX_BOB,TexasStateUniversity,TeamExclusive,Team,20250905-TexasStateUniversity-Private-1,9e1b4bb0-8a6e-11f0-acec-399390ecde07,86.90382,NA,NA,8.75947,NA,NA,NA,NA,NA,NA,a5c64dc5-3a98-4e95-b9c8-afd0ddd7a1dc,2025-09-05,15:40:14,2025-09-05T15:40:14Z,2025-09-05T15:40:14Z,NA,v3,471452,471452,NA,"Mayo, Jackson",825310,Left,TEX_BOB,48558abc-272a-43b1-8b4c-f9d872fa6baf,54.54329,-129.07915,15.21602,5.72006,-2.25077,-10.02612,-1.40765,3.02926,-5.25421,NA,NA,NA,NA,NA,NA,NA,NA,NA,NA,NA,NA,NA,NA,NA,NA,NA,NA,NA,NA,NA,NA,NA,NA,NA,NA,NA,NA,NA,NA,NA,NA,NA,NA,NA,NA,NA,NA,NA,NA,NA,NA,NA,NA,NA,NA,NA,NA,NA,NA,High,High,High,NA,NA,NA,NA,NA,234.297966,29.514118,2145.82941,0.870234,1:45:00,-0.492626,-0.715182,-0.495817,-25.555569,43.841492,34.492264,165.949927,-6.695232,0.241114,-0.116588,-0.963468,6.899743,-13.95231,0.116588,-0.241114,0.963468,-6.899743,13.95231,-0.116588,0.241114,0.963468,-165.949927,6.695232,-0.241114,0.116588,-0.963468
8,2025-09-05,10:40:27,2,3,"Beversdorf, Alec",444000,Right,TEX_BOB,"Beversdorf, Alec",444000,Right,TEX_BOB,Undefined,1,Top,1,2,0,Fastball,Sinker,StrikeCalled,Undefined,Undefined,Undefined,0,0,NA,88.26759,-1.162992,-3.237422,2369.337397,232.728547,1:45:00,5.67167,1.29346,6.08562,-24.31438,11.64127,13.66894,2.56767,-0.56572,80.07451,-5.739319,-0.778892,0.431574,NA,NA,NA,NA,NA,NA,NA,NA,NA,NA,NA,-7.98122,6.72071,-1.05014,50,5.56894,6.6672,-127.96016,-3.36044,-13.12069,28.49724,-21.12559,TEX_BOB,TEX_BOB,TexasStateUniversity,TeamExclusive,Team,20250905-TexasStateUniversity-Private-1,a5fcd010-8a6e-11f0-acec-399390ecde07,87.33722,NA,NA,8.19307,NA,NA,NA,NA,NA,NA,a5c64dc5-3a98-4e95-b9c8-afd0ddd7a1dc,2025-09-05,15:40:27,2025-09-05T15:40:27Z,2025-09-05T15:40:27Z,NA,v3,471452,471452,NA,"Mayo, Jackson",825310,Left,TEX_BOB,1976486d-c0b4-47a3-861a-ec75bc07b2c7,54.41359,-128.93933,14.24862,5.67194,-2.63456,-10.5628,-1.28698,7.11804,-6.56034,NA,NA,NA,NA,NA,NA,NA,NA,NA,NA,NA,NA,NA,NA,NA,NA,NA,NA,NA,NA,NA,NA,NA,NA,NA,NA,NA,NA,NA,NA,NA,NA,NA,NA,NA,NA,NA,NA,NA,NA,NA,NA,NA,NA,NA,NA,NA,NA,NA,NA,High,High,High,NA,NA,NA,NA,NA,234.560024,28.04087,2091.206768,0.882612,1:45:00,-0.483585,-0.728478,-0.485247,-23.981344,45.629312,37.9673,166.389405,-7.234737,0.233448,-0.125935,-0.96418,7.441466,-13.500175,0.125935,-0.233448,0.96418,-7.441466,13.500175,-0.125935,0.233448,0.96418,-166.389405,7.234737,-0.233448,0.125935,-0.96418
9,2025-09-05,10:40:44,2,4,"Beversdorf, Alec",444000,Right,TEX_BOB,"Beversdorf, Alec",444000,Right,TEX_BOB,Undefined,1,Top,1,2,1,Curveball,Curveball,BallCalled,Undefined,Undefined,Undefined,0,0,NA,79.67557,0.540061,-2.109314,2851.311121,66.518536,8:15:00,5.60355,1.39131,5.66426,-48.41451,-3.94492,-12.23615,2.07297,-1.59618,73.31647,-8.294254,-4.295868,0.479958,NA,NA,NA,NA,NA,NA,NA,NA,NA,NA,NA,5.60425,-1.72213,-1.20508,50,5.61871,4.73583,-115.68762,-0.53657,7.57454,22.1259,-34.50165,TEX_BOB,TEX_BOB,TexasStateUniversity,TeamExclusive,Team,20250905-TexasStateUniversity-Private-1,b023b090-8a6e-11f0-acec-399390ecde07,78.53281,NA,NA,6.35911,NA,NA,NA,NA,NA,NA,a5c64dc5-3a98-4e95-b9c8-afd0ddd7a1dc,2025-09-05,15:40:44,2025-09-05T15:40:44Z,2025-09-05T15:40:44Z,NA,v3,471452,471452,NA,"Mayo, Jackson",825310,Left,TEX_BOB,c114a74f-6747-4221-9569-1a332ffaff7c,54.83855,-116.60935,11.06295,5.61113,0.90071,-17.25082,-1.39579,4.42029,3.78727,NA,NA,NA,NA,NA,NA,NA,NA,NA,NA,NA,NA,NA,NA,NA,NA,NA,NA,NA,NA,NA,NA,NA,NA,NA,NA,NA,NA,NA,NA,NA,NA,NA,NA,NA,NA,NA,NA,NA,NA,NA,NA,NA,NA,NA,NA,NA,NA,NA,NA,High,High,High,NA,NA,NA,NA,NA,54.826335,73.780166,796.438252,0.279324,7:45:00,-0.951431,0.237362,0.196058,-16.019303,64.138394,-69.740622,146.023162,41.734676,0.417039,0.665682,-0.618826,47.089108,24.647815,0.665682,0.417039,0.618826,-47.089108,-24.647815,-0.665682,-0.417039,0.618826,-146.023162,-41.734676,-0.417039,-0.665682,-0.618826
10,2025-09-05,10:40:57,2,5,"Beversdorf, Alec",444000,Right,TEX_BOB,"Beversdorf, Alec",444000,Right,TEX_BOB,Undefined,1,Top,1,3,1,Curveball,Curveball,StrikeCalled,Undefined,Undefined,Undefined,0,0,NA,78.81303,0.946211,0.318752,2875.736459,68.514124,8:15:00,5.60399,1.59431,5.24366,-50.23286,-4.23815,-14.33044,2.3073,0.69969,72.56924,-8.161214,-2.226737,0.488119,NA,NA,NA,NA,NA,NA,NA,NA,NA,NA,NA,7.23898,-1.93284,-1.6126,50,5.65348,-0.057,-114.4679,0.1123,9.61079,21.00415,-34.74017,TEX_BOB,TEX_BOB,TexasStateUniversity,TeamExclusive,Team,20250905-TexasStateUniversity-Private-1,b7bb33a0-8a6e-11f0-acec-399390ecde07,77.21984,NA,NA,6.24379,NA,NA,NA,NA,NA,NA,a5c64dc5-3a98-4e95-b9c8-afd0ddd7a1dc,2025-09-05,15:40:57,2025-09-05T15:40:57Z,2025-09-05T15:40:57Z,NA,v3,471452,471452,NA,"Mayo, Jackson",825310,Left,TEX_BOB,748f378d-c88e-4146-a990-92b3489a8176,55.25969,-115.42898,10.50208,5.61198,1.70191,-17.37009,-1.59992,-0.49677,4.8054,NA,NA,NA,NA,NA,NA,NA,NA,NA,NA,NA,NA,NA,NA,NA,NA,NA,NA,NA,NA,NA,NA,NA,NA,NA,NA,NA,NA,NA,NA,NA,NA,NA,NA,NA,NA,NA,NA,NA,NA,NA,NA,NA,NA,NA,NA,NA,NA,NA,NA,High,High,High,NA,NA,NA,NA,NA,51.440985,70.471286,961.298952,0.334279,7:45:00,-0.939174,0.276923,0.203141,-114.767916,4.581536,26.902757,143.019375,46.552916,0.413673,0.72601,-0.549349,52.886339,24.435779,0.72601,0.413673,0.549349,-52.886339,-24.435779,-0.72601,-0.413673,0.549349,-143.019375,-46.552916,-0.413673,-0.72601,-0.549349
11,2025-09-05,10:41:11,2,6,"Beversdorf, Alec",444000,Right,TEX_BOB,"Beversdorf, Alec",444000,Right,TEX_BOB,Undefined,1,Top,1,3,2,Curveball,Curveball,BallCalled,Walk,Undefined,Undefined,0,0,NA,78.99663,0.54098,0.696322,2790.101423,58.556521,8:00:00,5.55968,1.39317,5.47867,-52.42227,-7.2167,-13.96391,1.69743,0.88111,73.13196,-8.969974,-1.797094,0.483913,NA,NA,NA,NA,NA,NA,NA,NA,NA,NA,NA,7.22418,-3.36028,-1.4446,50,5.57134,-0.84823,-114.84502,-0.73011,9.68593,20.49313,-36.67937,TEX_BOB,TEX_BOB,TexasStateUniversity,TeamExclusive,Team,20250905-TexasStateUniversity-Private-1,c098cb40-8a6e-11f0-acec-399390ecde07,77.89094,NA,NA,5.86467,NA,NA,NA,NA,NA,NA,a5c64dc5-3a98-4e95-b9c8-afd0ddd7a1dc,2025-09-05,15:41:11,2025-09-05T15:41:11Z,2025-09-05T15:41:11Z,NA,v3,471452,471452,NA,"Mayo, Jackson",825310,Left,TEX_BOB,b6114fdc-1de1-40d3-b115-49f2b2f24203,55.0261,-115.73841,10.24657,5.56831,0.86891,-18.33969,-1.39842,-1.27048,4.84296,NA,NA,NA,NA,NA,NA,NA,NA,NA,NA,NA,NA,NA,NA,NA,NA,NA,NA,NA,NA,NA,NA,NA,NA,NA,NA,NA,NA,NA,NA,NA,NA,NA,NA,NA,NA,NA,NA,NA,NA,NA,NA,NA,NA,NA,NA,NA,NA,NA,NA,High,High,High,NA,NA,NA,NA,NA,52.902729,67.002401,1090.071837,0.390693,7:45:00,-0.920334,0.320299,0.224486,-112.874336,16.092205,30.895697,153.855402,41.532298,0.329854,0.663042,-0.671991,44.615955,19.259899,0.663042,0.329854,0.671991,-44.615955,-19.259899,-0.663042,-0.329854,0.671991,-153.855402,-41.532298,-0.329854,-0.663042,-0.671991
12,2025-09-05,10:41:28,3,1,"Beversdorf, Alec",444000,Right,TEX_BOB,"Beversdorf, Alec",444000,Right,TEX_BOB,Undefined,1,Top,1,0,0,Fastball,Four-Seam,BallCalled,Undefined,Undefined,Undefined,0,0,NA,88.31932,-1.302147,-1.440225,2519.723454,225.886566,1:30:00,5.57621,1.41219,5.76951,-23.96253,12.19194,11.33607,2.36689,1.01621,80.44711,-5.781385,0.590401,0.432765,NA,NA,NA,NA,NA,NA,NA,NA,NA,NA,NA,-6.18642,6.95323,-1.29992,50,5.45406,2.73679,-128.16856,-3.7037,-10.23757,27.76595,-20.66756,TEX_BOB,TEX_BOB,TexasStateUniversity,TeamExclusive,Team,20250905-TexasStateUniversity-Private-1,ca836610-8a6e-11f0-acec-399390ecde07,87.09672,NA,NA,7.87222,NA,NA,NA,NA,NA,NA,a5c64dc5-3a98-4e95-b9c8-afd0ddd7a1dc,2025-09-05,15:41:28,2025-09-05T15:41:28Z,2025-09-05T15:41:28Z,NA,v3,471452,471452,NA,"Mayo, Jackson",825310,Left,TEX_BOB,45a170a7-2a00-4c4d-9070-eb8b40e8b9a7,54.73033,-129.18926,13.88298,5.57625,-2.94395,-10.33378,-1.40744,3.11313,-5.11878,NA,NA,NA,NA,NA,NA,NA,NA,NA,NA,NA,NA,NA,NA,NA,NA,NA,NA,NA,NA,NA,NA,NA,NA,NA,NA,NA,NA,NA,NA,NA,NA,NA,NA,NA,NA,NA,NA,NA,NA,NA,NA,NA,NA,NA,NA,NA,NA,NA,NA,High,High,High,NA,NA,NA,NA,NA,237.038486,36.222388,2032.735174,0.806729,2:00:00,-0.586237,-0.690129,-0.424321,-25.379965,49.404781,32.213934,165.94166,-8.895123,0.239988,-0.154626,-0.958382,9.165175,-13.885849,0.154626,-0.239988,0.958382,-9.165175,13.885849,-0.154626,0.239988,0.958382,-165.94166,8.895123,-0.239988,0.154626,-0.958382
13,2025-09-05,10:46:15,3,2,"Beversdorf, Alec",444000,Right,TEX_BOB,"Beversdorf, Alec",444000,Right,TEX_BOB,Undefined,1,Top,1,1,0,Sinker,Sinker,BallCalled,Undefined,Undefined,Undefined,0,0,NA,88.59511,-1.073202,-2.292924,2271.970903,252.661849,2:30:00,5.54539,1.3613,5.41335,-29.02065,7.48276,20.01737,2.12062,0.88008,80.59387,-6.423579,1.26901,0.434849,NA,NA,NA,NA,NA,NA,NA,NA,NA,NA,NA,-10.70201,4.45693,-1.17153,50,5.42985,4.23866,-128.45478,-3.47248,-17.75906,28.31138,-24.77816,TEX_BOB,TEX_BOB,TexasStateUniversity,TeamExclusive,Team,20250905-TexasStateUniversity-Private-1,75804970-8a6f-11f0-acec-399390ecde07,86.67942,NA,NA,8.00124,NA,NA,NA,NA,NA,NA,a5c64dc5-3a98-4e95-b9c8-afd0ddd7a1dc,2025-09-05,15:46:15,2025-09-05T15:46:15Z,2025-09-05T15:46:15Z,NA,v3,471452,471452,NA,"Mayo, Jackson",825310,Left,TEX_BOB,c04f67df-2d57-4f86-ad24-dbedc9bd605b,55.08733,-129.57117,14.15569,5.54752,-2.49541,-12.38908,-1.35248,4.93895,-8.87953,NA,NA,NA,NA,NA,NA,NA,NA,NA,NA,NA,NA,NA,NA,NA,NA,NA,NA,NA,NA,NA,NA,NA,NA,NA,NA,NA,NA,NA,NA,NA,NA,NA,NA,NA,NA,NA,NA,NA,NA,NA,NA,NA,NA,NA,NA,NA,NA,NA,NA,High,High,High,NA,NA,NA,NA,NA,238.74827,25.297675,2054.088649,0.9041,2:00:00,-0.431205,-0.78078,-0.452156,67.723731,55.183891,50.259419,149.084063,75.471771,0.128885,0.968024,-0.215216,77.465595,7.405181,0.968024,0.128885,0.215216,-77.465595,-7.405181,-0.968024,-0.128885,0.215216,-149.084063,-75.471771,-0.128885,-0.968024,-0.215216
14,2025-09-05,10:46:29,3,3,"Beversdorf, Alec",444000,Right,TEX_BOB,"Beversdorf, Alec",444000,Right,TEX_BOB,Undefined,1,Top,1,2,0,Sinker,Changeup,StrikeCalled,Undefined,Undefined,Undefined,0,0,NA,87.95526,-0.677149,-2.683811,2349.498208,247.780131,2:15:00,5.42863,1.54757,5.75483,-27.35234,9.37457,19.78607,2.51818,0.69618,79.58532,-5.780755,0.85692,0.436178,NA,NA,NA,NA,NA,NA,NA,NA,NA,NA,NA,-10.85544,5.36721,-1.33672,50,5.35594,5.11905,-127.50919,-2.43427,-17.66607,29.03683,-23.43953,TEX_BOB,TEX_BOB,TexasStateUniversity,TeamExclusive,Team,20250905-TexasStateUniversity-Private-1,7dd59e40-8a6f-11f0-acec-399390ecde07,86.4153,NA,NA,8.36994,NA,NA,NA,NA,NA,NA,a5c64dc5-3a98-4e95-b9c8-afd0ddd7a1dc,2025-09-05,15:46:29,2025-09-05T15:46:29Z,2025-09-05T15:46:29Z,NA,v3,471452,471452,NA,"Mayo, Jackson",825310,Left,TEX_BOB,329b53f9-dc25-4704-bca4-5fb4256fd6df,54.74508,-128.58521,14.51841,5.43005,-1.56566,-11.71977,-1.53855,5.77371,-8.83304,NA,NA,NA,NA,NA,NA,NA,NA,NA,NA,NA,NA,NA,NA,NA,NA,NA,NA,NA,NA,NA,NA,NA,NA,NA,NA,NA,NA,NA,NA,NA,NA,NA,NA,NA,NA,NA,NA,NA,NA,NA,NA,NA,NA,NA,NA,NA,NA,NA,NA,High,High,High,NA,NA,NA,NA,NA,239.941087,25.64512,2118.053806,0.901492,2:00:00,-0.444223,-0.785311,-0.431221,52.32512,57.308681,33.516896,162.91046,75.961508,0.071284,0.970133,-0.231863,76.558371,4.087746,0.970133,0.071284,0.231863,-76.558371,-4.087746,-0.970133,-0.071284,0.231863,-162.91046,-75.961508,-0.071284,-0.970133,-0.231863
15,2025-09-05,10:46:51,3,4,"Beversdorf, Alec",444000,Right,TEX_BOB,"Beversdorf, Alec",444000,Right,TEX_BOB,Undefined,1,Top,1,2,1,Sinker,Changeup,StrikeCalled,Undefined,Undefined,Undefined,0,0,NA,88.0309,-1.060063,-2.96964,2415.822823,250.140903,2:15:00,5.57843,1.36951,5.91675,-28.55639,7.91937,18.35796,2.21346,0.14078,79.69107,-6.388287,0.325202,0.434684,NA,NA,NA,NA,NA,NA,NA,NA,NA,NA,NA,-10.28666,4.77563,-1.14153,50,5.47728,5.8397,-127.60442,-3.3187,-16.75603,29.21588,-24.39499,TEX_BOB,TEX_BOB,TexasStateUniversity,TeamExclusive,Team,20250905-TexasStateUniversity-Private-1,8b2a8d30-8a6f-11f0-acec-399390ecde07,86.71228,NA,NA,8.33982,NA,NA,NA,NA,NA,NA,a5c64dc5-3a98-4e95-b9c8-afd0ddd7a1dc,2025-09-05,15:46:51,2025-09-05T15:46:51Z,2025-09-05T15:46:51Z,NA,v3,471452,471452,NA,"Mayo, Jackson",825310,Left,TEX_BOB,b62897bd-ba37-438b-a2dc-2f5933effb78,54.58317,-128.64949,14.60794,5.58039,-2.44608,-12.19749,-1.36114,6.43908,-8.37802,NA,NA,NA,NA,NA,NA,NA,NA,NA,NA,NA,NA,NA,NA,NA,NA,NA,NA,NA,NA,NA,NA,NA,NA,NA,NA,NA,NA,NA,NA,NA,NA,NA,NA,NA,NA,NA,NA,NA,NA,NA,NA,NA,NA,NA,NA,NA,NA,NA,NA,High,High,High,NA,NA,NA,NA,NA,237.861361,24.612541,2196.333177,0.909145,2:00:00,-0.426682,-0.777404,-0.462153,54.446979,53.906367,34.357718,155.567029,77.066706,0.092577,0.974631,-0.203773,78.190891,5.31187,0.974631,0.092577,0.203773,-78.190891,-5.31187,-0.974631,-0.092577,0.203773,-155.567029,-77.066706,-0.092577,-0.974631,-0.203773
16,2025-09-05,10:47:14,3,5,"Beversdorf, Alec",444000,Right,TEX_BOB,"Beversdorf, Alec",444000,Right,TEX_BOB,Undefined,1,Top,1,2,2,Changeup,Changeup,StrikeCalled,Strikeout,Undefined,Undefined,0,0,NA,85.89812,-0.727065,-2.929945,2077.77025,242.987828,2:00:00,5.39407,1.46623,6.13446,-28.75194,9.35146,15.63458,2.32514,0.05864,77.51448,-6.130969,-0.1131,0.444276,NA,NA,NA,NA,NA,NA,NA,NA,NA,NA,NA,-8.95626,5.47772,-1.24993,50,5.32384,5.73588,-124.51316,-2.47495,-13.84595,28.55779,-23.70576,TEX_BOB,TEX_BOB,TexasStateUniversity,TeamExclusive,Team,20250905-TexasStateUniversity-Private-1,98d2cc40-8a6f-11f0-acec-399390ecde07,84.84007,NA,NA,8.38364,NA,NA,NA,NA,NA,NA,a5c64dc5-3a98-4e95-b9c8-afd0ddd7a1dc,2025-09-05,15:47:14,2025-09-05T15:47:14Z,2025-09-05T15:47:14Z,NA,v3,471452,471452,NA,"Mayo, Jackson",825310,Left,TEX_BOB,d38d2fef-c7a1-4f7f-8a8b-b80c92d8a3ae,54.36408,-125.51009,14.2789,5.39579,-1.6474,-11.85288,-1.4586,6.21924,-6.92298,NA,NA,NA,NA,NA,NA,NA,NA,NA,NA,NA,NA,NA,NA,NA,NA,NA,NA,NA,NA,NA,NA,NA,NA,NA,NA,NA,NA,NA,NA,NA,NA,NA,NA,NA,NA,NA,NA,NA,NA,NA,NA,NA,NA,NA,NA,NA,NA,NA,NA,High,High,High,NA,NA,NA,NA,NA,239.400036,-6.348811,2065.027514,0.993867,2:00:00,0.095409,-0.853991,-0.511464,45.4961,-34.876718,-79.44623,145.275422,-43.847963,0.410808,-0.692747,-0.592738,49.448572,-24.25558,0.692747,-0.410808,0.592738,-49.448572,24.25558,-0.692747,0.410808,0.592738,-145.275422,43.847963,-0.410808,0.692747,-0.592738
17,2025-09-05,10:47:29,4,1,"Beversdorf, Alec",444000,Right,TEX_BOB,"Beversdorf, Alec",444000,Right,TEX_BOB,Undefined,1,Top,2,0,0,Changeup,Changeup,StrikeCalled,Undefined,Undefined,Undefined,0,0,NA,85.47888,-0.426471,-2.517867,2057.444281,248.206488,2:15:00,5.39477,1.66011,5.87592,-29.95171,8.89709,18.72391,2.5023,0.88033,77.09726,-6.027023,0.841034,0.448601,NA,NA,NA,NA,NA,NA,NA,NA,NA,NA,NA,-10.30449,5.11323,-1.46687,50,5.34322,4.66124,-123.90048,-1.89747,-15.7692,28.34529,-24.34914,TEX_BOB,TEX_BOB,TexasStateUniversity,TeamExclusive,Team,20250905-TexasStateUniversity-Private-1,a1964c30-8a6f-11f0-acec-399390ecde07,84.0222,NA,NA,8.38162,NA,NA,NA,NA,NA,NA,a5c64dc5-3a98-4e95-b9c8-afd0ddd7a1dc,2025-09-05,15:47:29,2025-09-05T15:47:29Z,2025-09-05T15:47:29Z,NA,v3,471452,471452,NA,"Mayo, Jackson",825310,Left,TEX_BOB,a5af5857-efa0-4888-879e-75ccd46a1098,54.62272,-124.95357,14.17265,5.39691,-0.99285,-12.17457,-1.65093,5.2471,-7.8846,NA,NA,NA,NA,NA,NA,NA,NA,NA,NA,NA,NA,NA,NA,NA,NA,NA,NA,NA,NA,NA,NA,NA,NA,NA,NA,NA,NA,NA,NA,NA,NA,NA,NA,NA,NA,NA,NA,NA,NA,NA,NA,NA,NA,NA,NA,NA,NA,NA,NA,High,High,High,NA,NA,NA,NA,NA,235.969973,-1.602377,2056.63973,0.999609,1:45:00,0.00952,-0.828189,-0.560368,37.341305,-33.307114,-63.775197,146.702315,-54.796965,0.316479,-0.817114,-0.481835,59.473032,-18.45011,0.817114,-0.316479,0.481835,-59.473032,18.45011,-0.817114,0.316479,0.481835,-146.702315,54.796965,-0.316479,0.817114,-0.481835
18,2025-09-05,10:47:45,4,2,"Beversdorf, Alec",444000,Right,TEX_BOB,"Beversdorf, Alec",444000,Right,TEX_BOB,Undefined,1,Top,2,0,1,Changeup,Changeup,BallCalled,Undefined,Undefined,Undefined,0,0,NA,86.42093,-1.616611,-2.244001,1991.356294,257.22987,2:30:00,5.21243,1.51887,5.71318,-32.3123,5.42595,18.60851,1.01208,0.97791,79.22156,-7.564602,1.088151,0.442143,NA,NA,NA,NA,NA,NA,NA,NA,NA,NA,NA,-10.13296,3.57347,-1.3428,50,5.05692,4.144,-125.43008,-4.66211,-16.11124,25.83592,-26.49231,TEX_BOB,TEX_BOB,TexasStateUniversity,TeamExclusive,Team,20250905-TexasStateUniversity-Private-1,ab242100-8a6f-11f0-acec-399390ecde07,85.24952,NA,NA,7.19937,NA,NA,NA,NA,NA,NA,a5c64dc5-3a98-4e95-b9c8-afd0ddd7a1dc,2025-09-05,15:47:45,2025-09-05T15:47:45Z,2025-09-05T15:47:45Z,NA,v3,471452,471452,NA,"Mayo, Jackson",825310,Left,TEX_BOB,e9bc4261-a03b-4b1b-95b9-d886ca4ba652,54.78942,-126.41275,12.91796,5.21508,-3.65447,-13.24615,-1.51207,4.75679,-8.05562,NA,NA,NA,NA,NA,NA,NA,NA,NA,NA,NA,NA,NA,NA,NA,NA,NA,NA,NA,NA,NA,NA,NA,NA,NA,NA,NA,NA,NA,NA,NA,NA,NA,NA,NA,NA,NA,NA,NA,NA,NA,NA,NA,NA,NA,NA,NA,NA,NA,NA,High,High,High,NA,NA,NA,NA,NA,236.583856,-2.987439,1988.65001,0.998641,2:00:00,0.05402,-0.831756,-0.552506,32.172779,-36.139333,-57.368883,153.480048,-53.908748,0.263027,-0.80808,-0.52709,56.884604,-15.249728,0.80808,-0.263027,0.52709,-56.884604,15.249728,-0.80808,0.263027,0.52709,-153.480048,53.908748,-0.263027,0.80808,-0.52709
19,2025-09-05,10:48:05,4,3,"Beversdorf, Alec",444000,Right,TEX_BOB,"Beversdorf, Alec",444000,Right,TEX_BOB,Undefined,1,Top,2,1,1,Sinker,Changeup,BallCalled,Undefined,Undefined,Undefined,0,0,NA,87.26802,-1.301649,-3.932482,2357.342398,258.425354,2:30:00,5.49126,1.32418,6.07121,-31.7484,4.97996,18.32371,1.63797,-0.79366,79.57756,-7.197022,-0.637461,0.436187,NA,NA,NA,NA,NA,NA,NA,NA,NA,NA,NA,-10.53331,3.34142,-1.02839,50,5.3735,7.93977,-126.4865,-3.93632,-16.9762,27.04541,-26.78878,TEX_BOB,TEX_BOB,TexasStateUniversity,TeamExclusive,Team,20250905-TexasStateUniversity-Private-1,b7641d80-8a6f-11f0-acec-399390ecde07,86.41356,NA,NA,7.69046,NA,NA,NA,NA,NA,NA,a5c64dc5-3a98-4e95-b9c8-afd0ddd7a1dc,2025-09-05,15:48:05,2025-09-05T15:48:05Z,2025-09-05T15:48:05Z,NA,v3,471452,471452,NA,"Mayo, Jackson",825310,Left,TEX_BOB,1da55bd9-0aaa-44b9-9dc4-eec2a971838f,54.42981,-127.43017,13.5227,5.49454,-3.0016,-13.39439,-1.31576,8.5321,-8.4881,NA,NA,NA,NA,NA,NA,NA,NA,NA,NA,NA,NA,NA,NA,NA,NA,NA,NA,NA,NA,NA,NA,NA,NA,NA,NA,NA,NA,NA,NA,NA,NA,NA,NA,NA,NA,NA,NA,NA,NA,NA,NA,NA,NA,NA,NA,NA,NA,NA,NA,High,High,High,NA,NA,NA,NA,NA,239.16249,25.786741,2122.596987,0.900419,2:00:00,-0.44802,-0.782805,-0.431851,73.152448,56.623155,57.157849,150.781213,73.974122,0.134763,0.961137,-0.240945,75.926707,7.744925,0.961137,0.134763,0.240945,-75.926707,-7.744925,-0.961137,-0.134763,0.240945,-150.781213,-73.974122,-0.134763,-0.961137,-0.240945
20,2025-09-05,10:48:23,4,4,"Beversdorf, Alec",444000,Right,TEX_BOB,"Beversdorf, Alec",444000,Right,TEX_BOB,Undefined,1,Top,2,2,1,Sinker,Changeup,StrikeCalled,Undefined,Undefined,Undefined,0,0,NA,87.59781,-0.829581,-3.44192,2418.062908,258.091683,2:30:00,5.49281,1.38539,6.11893,-31.02482,5.73209,20.75249,2.13897,-0.07133,78.92556,-6.633201,0.295775,0.436356,NA,NA,NA,NA,NA,NA,NA,NA,NA,NA,NA,-11.74107,3.65327,-1.13144,50,5.41334,6.76421,-126.91473,-2.85899,-18.81816,30.17441,-26.31869,TEX_BOB,TEX_BOB,TexasStateUniversity,TeamExclusive,Team,20250905-TexasStateUniversity-Private-1,c21d7a00-8a6f-11f0-acec-399390ecde07,86.38002,NA,NA,8.67225,NA,NA,NA,NA,NA,NA,a5c64dc5-3a98-4e95-b9c8-afd0ddd7a1dc,2025-09-05,15:48:23,2025-09-05T15:48:23Z,2025-09-05T15:48:23Z,NA,v3,471452,471452,NA,"Mayo, Jackson",825310,Left,TEX_BOB,77363930-4787-4b61-af95-afb6d74a36c9,54.3804,-127.95194,15.08721,5.49606,-1.95431,-13.15935,-1.37507,7.41107,-9.40908,NA,NA,NA,NA,NA,NA,NA,NA,NA,NA,NA,NA,NA,NA,NA,NA,NA,NA,NA,NA,NA,NA,NA,NA,NA,NA,NA,NA,NA,NA,NA,NA,NA,NA,NA,NA,NA,NA,NA,NA,NA,NA,NA,NA,NA,NA,NA,NA,NA,NA,High,High,High,NA,NA,NA,NA,NA,238.383058,31.105113,2070.39621,0.856221,2:00:00,-0.532034,-0.736537,-0.417675,45.585567,54.598992,21.856727,158.139993,73.697563,0.104519,0.959793,-0.260524,74.813701,5.999435,0.959793,0.104519,0.260524,-74.813701,-5.999435,-0.959793,-0.104519,0.260524,-158.139993,-73.697563,-0.104519,-0.959793,-0.260524
21,2025-09-05,10:48:40,4,5,"Beversdorf, Alec",444000,Right,TEX_BOB,"Beversdorf, Alec",444000,Right,TEX_BOB,Undefined,1,Top,2,2,2,Changeup,Changeup,BallCalled,Undefined,Undefined,Undefined,0,0,NA,85.67723,0.285753,-2.013551,2044.77591,237.300224,2:00:00,5.44943,1.54266,6.0554,-25.87596,12.39698,17.21103,3.55778,1.11226,77.36231,-4.601645,1.083656,0.445264,NA,NA,NA,NA,NA,NA,NA,NA,NA,NA,NA,-9.42351,6.68544,-1.39483,50,5.45792,3.66306,-124.29557,-0.16359,-14.55416,27.88003,-21.84873,TEX_BOB,TEX_BOB,TexasStateUniversity,TeamExclusive,Team,20250905-TexasStateUniversity-Private-1,cc2f24d0-8a6f-11f0-acec-399390ecde07,84.65195,NA,NA,8.31492,NA,NA,NA,NA,NA,NA,a5c64dc5-3a98-4e95-b9c8-afd0ddd7a1dc,2025-09-05,15:48:40,2025-09-05T15:48:40Z,2025-09-05T15:48:40Z,NA,v3,471452,471452,NA,"Mayo, Jackson",825310,Left,TEX_BOB,c97b4aad-7c99-4cc7-8df8-604dc59b4c22,54.44328,-125.28825,13.94002,5.44989,0.61434,-10.92436,-1.53448,4.18127,-7.27708,NA,NA,NA,NA,NA,NA,NA,NA,NA,NA,NA,NA,NA,NA,NA,NA,NA,NA,NA,NA,NA,NA,NA,NA,NA,NA,NA,NA,NA,NA,NA,NA,NA,NA,NA,NA,NA,NA,NA,NA,NA,NA,NA,NA,NA,NA,NA,NA,NA,NA,High,High,High,NA,NA,NA,NA,NA,236.146462,10.802918,2008.537793,0.982278,1:45:00,-0.210605,-0.814802,-0.540133,29.996614,-35.901629,-61.105956,155.966206,-64.003068,0.178518,-0.898818,-0.400323,65.992369,-10.28346,0.898818,-0.178518,0.400323,-65.992369,10.28346,-0.898818,0.178518,0.400323,-155.966206,64.003068,-0.178518,0.898818,-0.400323
22,2025-09-05,10:49:02,4,6,"Beversdorf, Alec",444000,Right,TEX_BOB,"Beversdorf, Alec",444000,Right,TEX_BOB,Undefined,1,Top,2,3,2,Changeup,Changeup,BallCalled,Walk,Undefined,Undefined,0,0,NA,85.25849,-0.592778,-1.875948,1945.529326,241.856124,2:00:00,5.38349,1.61012,6.07752,-26.97202,11.94631,19.58477,2.58702,1.50579,76.53163,-5.691277,1.652076,0.449002,NA,NA,NA,NA,NA,NA,NA,NA,NA,NA,NA,-10.63658,6.78146,-1.47475,50,5.32355,3.24399,-123.60526,-2.09311,-16.10858,29.48272,-21.90384,TEX_BOB,TEX_BOB,TexasStateUniversity,TeamExclusive,Team,20250905-TexasStateUniversity-Private-1,d9708bc0-8a6f-11f0-acec-399390ecde07,83.94708,NA,NA,8.72686,NA,NA,NA,NA,NA,NA,a5c64dc5-3a98-4e95-b9c8-afd0ddd7a1dc,2025-09-05,15:49:02,2025-09-05T15:49:02Z,2025-09-05T15:49:02Z,NA,v3,471452,471452,NA,"Mayo, Jackson",825310,Left,TEX_BOB,9d366695-8d29-4a08-a9d9-7ac3691044b6,54.42029,-124.65514,14.74136,5.3842,-1.31312,-10.95192,-1.60048,3.81761,-8.05429,NA,NA,NA,NA,NA,NA,NA,NA,NA,NA,NA,NA,NA,NA,NA,NA,NA,NA,NA,NA,NA,NA,NA,NA,NA,NA,NA,NA,NA,NA,NA,NA,NA,NA,NA,NA,NA,NA,NA,NA,NA,NA,NA,NA,NA,NA,NA,NA,NA,NA,High,High,High,NA,NA,NA,NA,NA,236.301044,3.130643,1942.625828,0.998508,2:00:00,-0.064126,-0.831243,-0.552198,26.5439,-33.65796,-61.371588,153.517626,-51.749621,0.27607,-0.785313,-0.554138,54.792168,-16.025803,0.785313,-0.27607,0.554138,-54.792168,16.025803,-0.785313,0.27607,0.554138,-153.517626,51.749621,-0.27607,0.785313,-0.554138
23,2025-09-05,10:49:21,5,1,"Beversdorf, Alec",444000,Right,TEX_BOB,"Beversdorf, Alec",444000,Right,TEX_BOB,Undefined,1,Top,2,0,0,Sinker,Sinker,StrikeCalled,Undefined,Undefined,Undefined,3,0,NA,87.61271,-0.661572,-3.502308,2296.584573,265.886477,2:45:00,5.40797,1.44008,6.00482,-33.93289,2.66225,19.66214,1.96607,-0.17052,79.6389,-6.952958,0.031498,0.435395,NA,NA,NA,NA,NA,NA,NA,NA,NA,NA,NA,-11.13032,1.95638,-1.17493,50,5.33746,6.95805,-127.03793,-2.6284,-18.03047,28.14601,-29.00481,TEX_BOB,TEX_BOB,TexasStateUniversity,TeamExclusive,Team,20250905-TexasStateUniversity-Private-1,e4b5fba0-8a6f-11f0-acec-399390ecde07,86.57072,NA,NA,7.97381,NA,NA,NA,NA,NA,NA,a5c64dc5-3a98-4e95-b9c8-afd0ddd7a1dc,2025-09-05,15:49:21,2025-09-05T15:49:21Z,2025-09-05T15:49:21Z,NA,v3,471452,471452,NA,"Mayo, Jackson",825310,Left,TEX_BOB,88fa0ade-3e3f-4c65-a669-f0de1552a6c3,54.4967,-128.03033,14.07301,5.41211,-1.60573,-14.50241,-1.43147,7.59378,-9.01523,NA,NA,NA,NA,NA,NA,NA,NA,NA,NA,NA,NA,NA,NA,NA,NA,NA,NA,NA,NA,NA,NA,NA,NA,NA,NA,NA,NA,NA,NA,NA,NA,NA,NA,NA,NA,NA,NA,NA,NA,NA,NA,NA,NA,NA,NA,NA,NA,NA,NA,High,High,High,NA,NA,NA,NA,NA,239.983278,24.725653,2086.035988,0.908321,2:00:00,-0.436159,-0.791274,-0.428546,78.500004,55.35504,62.988253,144.472915,73.929457,0.160857,0.960922,-0.225288,76.805321,9.256648,0.960922,0.160857,0.225288,-76.805321,-9.256648,-0.960922,-0.160857,0.225288,-144.472915,-73.929457,-0.160857,-0.960922,-0.225288
,,,,,,,,,,,,,,,,,,,,,,,,,,,,,,,,,,,,,,,,,,,,,,,,,,,,,,,,,,,,,,,,,,,,,,,,,,,,,,,,,,,,,,,,,,,,,,,,,,,,,,,,,,,,,,,,,,,,,,,,,,,,,,,,,,,,,,,,,,,,,,,,,,,,,,,,,,,,,,,,,,,,,,,,,,,,,,,,,,,,,,,,,,,,,,,,,,,,,
,,,,,,,,,,,,,,,,,,,,,,,,,,,,,,,,,,,,,,,,,,,,,,,,,,,,,,,,,,,,,,,,,,,,,,,,,,,,,,,,,,,,,,,,,,,,,,,,,,,,,,,,,,,,,,,,,,,,,,,,,,,,,,,,,,,,,,,,,,,,,,,,,,,,,,,,,,,,,,,,,,,,,,,,,,,,,,,,,,,,,,,,,,,,,,,,,,,,,
,,,,,,,,,,,,,,,,,,,,,,,,,,,,,,,,,,,,,,,,,,,,,,,,,,,,,,,,,,,,,,,,,,,,,,,,,,,,,,,,,,,,,,,,,,,,,,,,,,,,,,,,,,,,,,,,,,,,,,,,,,,,,,,,,,,,,,,,,,,,,,,,,,,,,,,,,,,,,,,,,,,,,,,,,,,,,,,,,,,,,,,,,,,,,,,,,,,,,
,,,,,,,,,,,,,,,,,,,,,,,,,,,,,,,,,,,,,,,,,,,,,,,,,,,,,,,,,,,,,,,,,,,,,,,,,,,,,,,,,,,,,,,,,,,,,,,,,,,,,,,,,,,,,,,,,,,,,,,,,,,,,,,,,,,,,,,,,,,,,,,,,,,,,,,,,,,,,,,,,,,,,,,,,,,,,,,,,,,,,,,,,,,,,,,,,,,,,
,,,,,,,,,,,,,,,,,,,,,,,,,,,,,,,,,,,,,,,,,,,,,,,,,,,,,,,,,,,,,,,,,,,,,,,,,,,,,,,,,,,,,,,,,,,,,,,,,,,,,,,,,,,,,,,,,,,,,,,,,,,,,,,,,,,,,,,,,,,,,,,,,,,,,,,,,,,,,,,,,,,,,,,,,,,,,,,,,,,,,,,,,,,,,,,,,,,,,
,,,,,,,,,,,,,,,,,,,,,,,,,,,,,,,,,,,,,,,,,,,,,,,,,,,,,,,,,,,,,,,,,,,,,,,,,,,,,,,,,,,,,,,,,,,,,,,,,,,,,,,,,,,,,,,,,,,,,,,,,,,,,,,,,,,,,,,,,,,,,,,,,,,,,,,,,,,,,,,,,,,,,,,,,,,,,,,,,,,,,,,,,,,,,,,,,,,,,
,,,,,,,,,,,,,,,,,,,,,,,,,,,,,,,,,,,,,,,,,,,,,,,,,,,,,,,,,,,,,,,,,,,,,,,,,,,,,,,,,,,,,,,,,,,,,,,,,,,,,,,,,,,,,,,,,,,,,,,,,,,,,,,,,,,,,,,,,,,,,,,,,,,,,,,,,,,,,,,,,,,,,,,,,,,,,,,,,,,,,,,,,,,,,,,,,,,,,
,,,,,,,,,,,,,,,,,,,,,,,,,,,,,,,,,,,,,,,,,,,,,,,,,,,,,,,,,,,,,,,,,,,,,,,,,,,,,,,,,,,,,,,,,,,,,,,,,,,,,,,,,,,,,,,,,,,,,,,,,,,,,,,,,,,,,,,,,,,,,,,,,,,,,,,,,,,,,,,,,,,,,,,,,,,,,,,,,,,,,,,,,,,,,,,,,,,,,
,,,,,,,,,,,,,,,,,,,,,,,,,,,,,,,,,,,,,,,,,,,,,,,,,,,,,,,,,,,,,,,,,,,,,,,,,,,,,,,,,,,,,,,,,,,,,,,,,,,,,,,,,,,,,,,,,,,,,,,,,,,,,,,,,,,,,,,,,,,,,,,,,,,,,,,,,,,,,,,,,,,,,,,,,,,,,,,,,,,,,,,,,,,,,,,,,,,,,
,,,,,,,,,,,,,,,,,,,,,,,,,,,,,,,,,,,,,,,,,,,,,,,,,,,,,,,,,,,,,,,,,,,,,,,,,,,,,,,,,,,,,,,,,,,,,,,,,,,,,,,,,,,,,,,,,,,,,,,,,,,,,,,,,,,,,,,,,,,,,,,,,,,,,,,,,,,,,,,,,,,,,,,,,,,,,,,,,,,,,,,,,,,,,,,,,,,,,
,,,,,,,,,,,,,,,,,,,,,,,,,,,,,,,,,,,,,,,,,,,,,,,,,,,,,,,,,,,,,,,,,,,,,,,,,,,,,,,,,,,,,,,,,,,,,,,,,,,,,,,,,,,,,,,,,,,,,,,,,,,,,,,,,,,,,,,,,,,,,,,,,,,,,,,,,,,,,,,,,,,,,,,,,,,,,,,,,,,,,,,,,,,,,,,,,,,,,
,,,,,,,,,,,,,,,,,,,,,,,,,,,,,,,,,,,,,,,,,,,,,,,,,,,,,,,,,,,,,,,,,,,,,,,,,,,,,,,,,,,,,,,,,,,,,,,,,,,,,,,,,,,,,,,,,,,,,,,,,,,,,,,,,,,,,,,,,,,,,,,,,,,,,,,,,,,,,,,,,,,,,,,,,,,,,,,,,,,,,,,,,,,,,,,,,,,,,
,,,,,,,,,,,,,,,,,,,,,,,,,,,,,,,,,,,,,,,,,,,,,,,,,,,,,,,,,,,,,,,,,,,,,,,,,,,,,,,,,,,,,,,,,,,,,,,,,,,,,,,,,,,,,,,,,,,,,,,,,,,,,,,,,,,,,,,,,,,,,,,,,,,,,,,,,,,,,,,,,,,,,,,,,,,,,,,,,,,,,,,,,,,,,,,,,,,,,
,,,,,,,,,,,,,,,,,,,,,,,,,,,,,,,,,,,,,,,,,,,,,,,,,,,,,,,,,,,,,,,,,,,,,,,,,,,,,,,,,,,,,,,,,,,,,,,,,,,,,,,,,,,,,,,,,,,,,,,,,,,,,,,,,,,,,,,,,,,,,,,,,,,,,,,,,,,,,,,,,,,,,,,,,,,,,,,,,,,,,,,,,,,,,,,,,,,,,
,,,,,,,,,,,,,,,,,,,,,,,,,,,,,,,,,,,,,,,,,,,,,,,,,,,,,,,,,,,,,,,,,,,,,,,,,,,,,,,,,,,,,,,,,,,,,,,,,,,,,,,,,,,,,,,,,,,,,,,,,,,,,,,,,,,,,,,,,,,,,,,,,,,,,,,,,,,,,,,,,,,,,,,,,,,,,,,,,,,,,,,,,,,,,,,,,,,,,
,,,,,,,,,,,,,,,,,,,,,,,,,,,,,,,,,,,,,,,,,,,,,,,,,,,,,,,,,,,,,,,,,,,,,,,,,,,,,,,,,,,,,,,,,,,,,,,,,,,,,,,,,,,,,,,,,,,,,,,,,,,,,,,,,,,,,,,,,,,,,,,,,,,,,,,,,,,,,,,,,,,,,,,,,,,,,,,,,,,,,,,,,,,,,,,,,,,,,
,,,,,,,,,,,,,,,,,,,,,,,,,,,,,,,,,,,,,,,,,,,,,,,,,,,,,,,,,,,,,,,,,,,,,,,,,,,,,,,,,,,,,,,,,,,,,,,,,,,,,,,,,,,,,,,,,,,,,,,,,,,,,,,,,,,,,,,,,,,,,,,,,,,,,,,,,,,,,,,,,,,,,,,,,,,,,,,,,,,,,,,,,,,,,,,,,,,,,
,,,,,,,,,,,,,,,,,,,,,,,,,,,,,,,,,,,,,,,,,,,,,,,,,,,,,,,,,,,,,,,,,,,,,,,,,,,,,,,,,,,,,,,,,,,,,,,,,,,,,,,,,,,,,,,,,,,,,,,,,,,,,,,,,,,,,,,,,,,,,,,,,,,,,,,,,,,,,,,,,,,,,,,,,,,,,,,,,,,,,,,,,,,,,,,,,,,,,
,,,,,,,,,,,,,,,,,,,,,,,,,,,,,,,,,,,,,,,,,,,,,,,,,,,,,,,,,,,,,,,,,,,,,,,,,,,,,,,,,,,,,,,,,,,,,,,,,,,,,,,,,,,,,,,,,,,,,,,,,,,,,,,,,,,,,,,,,,,,,,,,,,,,,,,,,,,,,,,,,,,,,,,,,,,,,,,,,,,,,,,,,,,,,,,,,,,,,
,,,,,,,,,,,,,,,,,,,,,,,,,,,,,,,,,,,,,,,,,,,,,,,,,,,,,,,,,,,,,,,,,,,,,,,,,,,,,,,,,,,,,,,,,,,,,,,,,,,,,,,,,,,,,,,,,,,,,,,,,,,,,,,,,,,,,,,,,,,,,,,,,,,,,,,,,,,,,,,,,,,,,,,,,,,,,,,,,,,,,,,,,,,,,,,,,,,,,
,,,,,,,,,,,,,,,,,,,,,,,,,,,,,,,,,,,,,,,,,,,,,,,,,,,,,,,,,,,,,,,,,,,,,,,,,,,,,,,,,,,,,,,,,,,,,,,,,,,,,,,,,,,,,,,,,,,,,,,,,,,,,,,,,,,,,,,,,,,,,,,,,,,,,,,,,,,,,,,,,,,,,,,,,,,,,,,,,,,,,,,,,,,,,,,,,,,,,
,,,,,,,,,,,,,,,,,,,,,,,,,,,,,,,,,,,,,,,,,,,,,,,,,,,,,,,,,,,,,,,,,,,,,,,,,,,,,,,,,,,,,,,,,,,,,,,,,,,,,,,,,,,,,,,,,,,,,,,,,,,,,,,,,,,,,,,,,,,,,,,,,,,,,,,,,,,,,,,,,,,,,,,,,,,,,,,,,,,,,,,,,,,,,,,,,,,,,
,,,,,,,,,,,,,,,,,,,,,,,,,,,,,,,,,,,,,,,,,,,,,,,,,,,,,,,,,,,,,,,,,,,,,,,,,,,,,,,,,,,,,,,,,,,,,,,,,,,,,,,,,,,,,,,,,,,,,,,,,,,,,,,,,,,,,,,,,,,,,,,,,,,,,,,,,,,,,,,,,,,,,,,,,,,,,,,,,,,,,,,,,,,,,,,,,,,,,
,,,,,,,,,,,,,,,,,,,,,,,,,,,,,,,,,,,,,,,,,,,,,,,,,,,,,,,,,,,,,,,,,,,,,,,,,,,,,,,,,,,,,,,,,,,,,,,,,,,,,,,,,,,,,,,,,,,,,,,,,,,,,,,,,,,,,,,,,,,,,,,,,,,,,,,,,,,,,,,,,,,,,,,,,,,,,,,,,,,,,,,,,,,,,,,,,,,,,
,,,,,,,,,,,,,,,,,,,,,,,,,,,,,,,,,,,,,,,,,,,,,,,,,,,,,,,,,,,,,,,,,,,,,,,,,,,,,,,,,,,,,,,,,,,,,,,,,,,,,,,,,,,,,,,,,,,,,,,,,,,,,,,,,,,,,,,,,,,,,,,,,,,,,,,,,,,,,,,,,,,,,,,,,,,,,,,,,,,,,,,,,,,,,,,,,,,,,
,,,,,,,,,,,,,,,,,,,,,,,,,,,,,,,,,,,,,,,,,,,,,,,,,,,,,,,,,,,,,,,,,,,,,,,,,,,,,,,,,,,,,,,,,,,,,,,,,,,,,,,,,,,,,,,,,,,,,,,,,,,,,,,,,,,,,,,,,,,,,,,,,,,,,,,,,,,,,,,,,,,,,,,,,,,,,,,,,,,,,,,,,,,,,,,,,,,,,
,,,,,,,,,,,,,,,,,,,,,,,,,,,,,,,,,,,,,,,,,,,,,,,,,,,,,,,,,,,,,,,,,,,,,,,,,,,,,,,,,,,,,,,,,,,,,,,,,,,,,,,,,,,,,,,,,,,,,,,,,,,,,,,,,,,,,,,,,,,,,,,,,,,,,,,,,,,,,,,,,,,,,,,,,,,,,,,,,,,,,,,,,,,,,,,,,,,,,
,,,,,,,,,,,,,,,,,,,,,,,,,,,,,,,,,,,,,,,,,,,,,,,,,,,,,,,,,,,,,,,,,,,,,,,,,,,,,,,,,,,,,,,,,,,,,,,,,,,,,,,,,,,,,,,,,,,,,,,,,,,,,,,,,,,,,,,,,,,,,,,,,,,,,,,,,,,,,,,,,,,,,,,,,,,,,,,,,,,,,,,,,,,,,,,,,,,,,
,,,,,,,,,,,,,,,,,,,,,,,,,,,,,,,,,,,,,,,,,,,,,,,,,,,,,,,,,,,,,,,,,,,,,,,,,,,,,,,,,,,,,,,,,,,,,,,,,,,,,,,,,,,,,,,,,,,,,,,,,,,,,,,,,,,,,,,,,,,,,,,,,,,,,,,,,,,,,,,,,,,,,,,,,,,,,,,,,,,,,,,,,,,,,,,,,,,,,
,,,,,,,,,,,,,,,,,,,,,,,,,,,,,,,,,,,,,,,,,,,,,,,,,,,,,,,,,,,,,,,,,,,,,,,,,,,,,,,,,,,,,,,,,,,,,,,,,,,,,,,,,,,,,,,,,,,,,,,,,,,,,,,,,,,,,,,,,,,,,,,,,,,,,,,,,,,,,,,,,,,,,,,,,,,,,,,,,,,,,,,,,,,,,,,,,,,,,
,,,,,,,,,,,,,,,,,,,,,,,,,,,,,,,,,,,,,,,,,,,,,,,,,,,,,,,,,,,,,,,,,,,,,,,,,,,,,,,,,,,,,,,,,,,,,,,,,,,,,,,,,,,,,,,,,,,,,,,,,,,,,,,,,,,,,,,,,,,,,,,,,,,,,,,,,,,,,,,,,,,,,,,,,,,,,,,,,,,,,,,,,,,,,,,,,,,,,
,,,,,,,,,,,,,,,,,,,,,,,,,,,,,,,,,,,,,,,,,,,,,,,,,,,,,,,,,,,,,,,,,,,,,,,,,,,,,,,,,,,,,,,,,,,,,,,,,,,,,,,,,,,,,,,,,,,,,,,,,,,,,,,,,,,,,,,,,,,,,,,,,,,,,,,,,,,,,,,,,,,,,,,,,,,,,,,,,,,,,,,,,,,,,,,,,,,,,
,,,,,,,,,,,,,,,,,,,,,,,,,,,,,,,,,,,,,,,,,,,,,,,,,,,,,,,,,,,,,,,,,,,,,,,,,,,,,,,,,,,,,,,,,,,,,,,,,,,,,,,,,,,,,,,,,,,,,,,,,,,,,,,,,,,,,,,,,,,,,,,,,,,,,,,,,,,,,,,,,,,,,,,,,,,,,,,,,,,,,,,,,,,,,,,,,,,,,
,,,,,,,,,,,,,,,,,,,,,,,,,,,,,,,,,,,,,,,,,,,,,,,,,,,,,,,,,,,,,,,,,,,,,,,,,,,,,,,,,,,,,,,,,,,,,,,,,,,,,,,,,,,,,,,,,,,,,,,,,,,,,,,,,,,,,,,,,,,,,,,,,,,,,,,,,,,,,,,,,,,,,,,,,,,,,,,,,,,,,,,,,,,,,,,,,,,,,
,,,,,,,,,,,,,,,,,,,,,,,,,,,,,,,,,,,,,,,,,,,,,,,,,,,,,,,,,,,,,,,,,,,,,,,,,,,,,,,,,,,,,,,,,,,,,,,,,,,,,,,,,,,,,,,,,,,,,,,,,,,,,,,,,,,,,,,,,,,,,,,,,,,,,,,,,,,,,,,,,,,,,,,,,,,,,,,,,,,,,,,,,,,,,,,,,,,,,
,,,,,,,,,,,,,,,,,,,,,,,,,,,,,,,,,,,,,,,,,,,,,,,,,,,,,,,,,,,,,,,,,,,,,,,,,,,,,,,,,,,,,,,,,,,,,,,,,,,,,,,,,,,,,,,,,,,,,,,,,,,,,,,,,,,,,,,,,,,,,,,,,,,,,,,,,,,,,,,,,,,,,,,,,,,,,,,,,,,,,,,,,,,,,,,,,,,,,
,,,,,,,,,,,,,,,,,,,,,,,,,,,,,,,,,,,,,,,,,,,,,,,,,,,,,,,,,,,,,,,,,,,,,,,,,,,,,,,,,,,,,,,,,,,,,,,,,,,,,,,,,,,,,,,,,,,,,,,,,,,,,,,,,,,,,,,,,,,,,,,,,,,,,,,,,,,,,,,,,,,,,,,,,,,,,,,,,,,,,,,,,,,,,,,,,,,,,
,,,,,,,,,,,,,,,,,,,,,,,,,,,,,,,,,,,,,,,,,,,,,,,,,,,,,,,,,,,,,,,,,,,,,,,,,,,,,,,,,,,,,,,,,,,,,,,,,,,,,,,,,,,,,,,,,,,,,,,,,,,,,,,,,,,,,,,,,,,,,,,,,,,,,,,,,,,,,,,,,,,,,,,,,,,,,,,,,,,,,,,,,,,,,,,,,,,,,
,,,,,,,,,,,,,,,,,,,,,,,,,,,,,,,,,,,,,,,,,,,,,,,,,,,,,,,,,,,,,,,,,,,,,,,,,,,,,,,,,,,,,,,,,,,,,,,,,,,,,,,,,,,,,,,,,,,,,,,,,,,,,,,,,,,,,,,,,,,,,,,,,,,,,,,,,,,,,,,,,,,,,,,,,,,,,,,,,,,,,,,,,,,,,,,,,,,,,
,,,,,,,,,,,,,,,,,,,,,,,,,,,,,,,,,,,,,,,,,,,,,,,,,,,,,,,,,,,,,,,,,,,,,,,,,,,,,,,,,,,,,,,,,,,,,,,,,,,,,,,,,,,,,,,,,,,,,,,,,,,,,,,,,,,,,,,,,,,,,,,,,,,,,,,,,,,,,,,,,,,,,,,,,,,,,,,,,,,,,,,,,,,,,,,,,,,,,
,,,,,,,,,,,,,,,,,,,,,,,,,,,,,,,,,,,,,,,,,,,,,,,,,,,,,,,,,,,,,,,,,,,,,,,,,,,,,,,,,,,,,,,,,,,,,,,,,,,,,,,,,,,,,,,,,,,,,,,,,,,,,,,,,,,,,,,,,,,,,,,,,,,,,,,,,,,,,,,,,,,,,,,,,,,,,,,,,,,,,,,,,,,,,,,,,,,,,
,,,,,,,,,,,,,,,,,,,,,,,,,,,,,,,,,,,,,,,,,,,,,,,,,,,,,,,,,,,,,,,,,,,,,,,,,,,,,,,,,,,,,,,,,,,,,,,,,,,,,,,,,,,,,,,,,,,,,,,,,,,,,,,,,,,,,,,,,,,,,,,,,,,,,,,,,,,,,,,,,,,,,,,,,,,,,,,,,,,,,,,,,,,,,,,,,,,,,
,,,,,,,,,,,,,,,,,,,,,,,,,,,,,,,,,,,,,,,,,,,,,,,,,,,,,,,,,,,,,,,,,,,,,,,,,,,,,,,,,,,,,,,,,,,,,,,,,,,,,,,,,,,,,,,,,,,,,,,,,,,,,,,,,,,,,,,,,,,,,,,,,,,,,,,,,,,,,,,,,,,,,,,,,,,,,,,,,,,,,,,,,,,,,,,,,,,,,
,,,,,,,,,,,,,,,,,,,,,,,,,,,,,,,,,,,,,,,,,,,,,,,,,,,,,,,,,,,,,,,,,,,,,,,,,,,,,,,,,,,,,,,,,,,,,,,,,,,,,,,,,,,,,,,,,,,,,,,,,,,,,,,,,,,,,,,,,,,,,,,,,,,,,,,,,,,,,,,,,,,,,,,,,,,,,,,,,,,,,,,,,,,,,,,,,,,,,
,,,,,,,,,,,,,,,,,,,,,,,,,,,,,,,,,,,,,,,,,,,,,,,,,,,,,,,,,,,,,,,,,,,,,,,,,,,,,,,,,,,,,,,,,,,,,,,,,,,,,,,,,,,,,,,,,,,,,,,,,,,,,,,,,,,,,,,,,,,,,,,,,,,,,,,,,,,,,,,,,,,,,,,,,,,,,,,,,,,,,,,,,,,,,,,,,,,,,
,,,,,,,,,,,,,,,,,,,,,,,,,,,,,,,,,,,,,,,,,,,,,,,,,,,,,,,,,,,,,,,,,,,,,,,,,,,,,,,,,,,,,,,,,,,,,,,,,,,,,,,,,,,,,,,,,,,,,,,,,,,,,,,,,,,,,,,,,,,,,,,,,,,,,,,,,,,,,,,,,,,,,,,,,,,,,,,,,,,,,,,,,,,,,,,,,,,,,
,,,,,,,,,,,,,,,,,,,,,,,,,,,,,,,,,,,,,,,,,,,,,,,,,,,,,,,,,,,,,,,,,,,,,,,,,,,,,,,,,,,,,,,,,,,,,,,,,,,,,,,,,,,,,,,,,,,,,,,,,,,,,,,,,,,,,,,,,,,,,,,,,,,,,,,,,,,,,,,,,,,,,,,,,,,,,,,,,,,,,,,,,,,,,,,,,,,,,
71,2025-09-05,11:26:18,1,1,"Moore, Nolan",NA,Left,TEX_BOB,"Moore, Nolan",NA,Right,TEX_BOB,Undefined,3,Top,0,0,0,Fastball,Four-Seam,BallCalled,Undefined,Undefined,Undefined,0,0,NA,93.93694,-4.073667,0.722661,2412.6758,146.886805,11:00:00,6.64065,-1.02365,6.00405,-14.05989,17.48072,-10.75646,1.68781,-1.25039,86.27477,-6.740559,-1.212656,0.404209,NA,NA,NA,NA,NA,NA,NA,NA,NA,NA,NA,5.72091,10.38851,0.97264,50,6.31198,-1.2486,-136.21665,-10.11237,10.78424,29.00009,-12.59104,TEX_BOB,TEX_BOB,TexasStateUniversity,TeamExclusive,Team,20250905-TexasStateUniversity-Private-1,0e2c8210-8a75-11f0-acec-399390ecde07,93.2498,NA,NA,7.66217,NA,NA,NA,NA,NA,NA,a5c64dc5-3a98-4e95-b9c8-afd0ddd7a1dc,2025-09-05,16:26:18,2025-09-05T16:26:18Z,2025-09-05T16:26:18Z,NA,v3,471452,471452,NA,"Mayo, Jackson",825310,Left,TEX_BOB,4a034f2a-3567-4666-bf45-6d6a5887d46c,54.49718,-137.17074,14.50004,6.63786,-9.69813,-6.29552,1.01956,-1.6034,5.39212,NA,NA,NA,NA,NA,NA,NA,NA,NA,NA,NA,NA,NA,NA,NA,NA,NA,NA,NA,NA,NA,NA,NA,NA,NA,NA,NA,NA,NA,NA,NA,NA,NA,NA,NA,NA,NA,NA,NA,NA,NA,NA,NA,NA,NA,NA,NA,NA,NA,NA,High,High,High,NA,NA,NA,NA,NA,152.833871,-33.645494,2008.508147,0.832482,11:00:00,0.534951,0.418487,-0.733959,32.171795,23.846966,-59.684037,167.435301,11.101745,0.213471,0.192552,-0.957786,11.367135,12.325841,0.192552,0.213471,0.957786,-11.367135,-12.325841,-0.192552,-0.213471,0.957786,-167.435301,-11.101745,-0.213471,-0.192552,-0.957786
72,2025-09-05,11:26:37,1,2,"Moore, Nolan",NA,Left,TEX_BOB,"Moore, Nolan",NA,Right,TEX_BOB,Undefined,3,Top,0,1,0,Fastball,Four-Seam,BallCalled,Undefined,Undefined,Undefined,0,0,NA,94.56363,-1.383532,-0.056956,2172.346954,147.894943,11:00:00,6.55016,-1.00456,5.59799,-15.70934,15.92328,-9.35217,3.94907,-1.83709,86.24832,-4.353522,-1.72637,0.404799,NA,NA,NA,NA,NA,NA,NA,NA,NA,NA,NA,4.6911,8.74445,1.01552,50,6.4215,0.57823,-137.26082,-3.82988,8.93607,30.81255,-15.51674,TEX_BOB,TEX_BOB,TexasStateUniversity,TeamExclusive,Team,20250905-TexasStateUniversity-Private-1,190f1170-8a75-11f0-acec-399390ecde07,93.11407,NA,NA,8.31531,NA,NA,NA,NA,NA,NA,a5c64dc5-3a98-4e95-b9c8-afd0ddd7a1dc,2025-09-05,16:26:37,2025-09-05T16:26:37Z,2025-09-05T16:26:37Z,NA,v3,471452,471452,NA,"Mayo, Jackson",825310,Left,TEX_BOB,eda470dd-85df-4dfe-8c16-3b61ff11689e,54.90135,-138.35671,15.40628,6.5479,-3.278,-7.75837,1.0006,0.26041,4.46803,NA,NA,NA,NA,NA,NA,NA,NA,NA,NA,NA,NA,NA,NA,NA,NA,NA,NA,NA,NA,NA,NA,NA,NA,NA,NA,NA,NA,NA,NA,NA,NA,NA,NA,NA,NA,NA,NA,NA,NA,NA,NA,NA,NA,NA,NA,NA,NA,NA,NA,High,High,High,NA,NA,NA,NA,NA,148.363285,-23.62171,1990.328098,0.916211,11:00:00,0.3882,0.490116,-0.78044,17.051159,16.301933,-48.321788,172.901032,21.125895,0.115278,0.360418,-0.92564,21.27455,6.619639,0.360418,0.115278,0.92564,-21.27455,-6.619639,-0.360418,-0.115278,0.92564,-172.901032,-21.125895,-0.115278,-0.360418,-0.92564
73,2025-09-05,11:26:55,1,3,"Moore, Nolan",NA,Left,TEX_BOB,"Moore, Nolan",NA,Right,TEX_BOB,Undefined,3,Top,0,2,0,Fastball,Four-Seam,BallCalled,Undefined,Undefined,Undefined,0,0,NA,94.20186,-1.675026,0.759086,2444.697448,142.247541,10:45:00,6.57418,-1.05205,5.55395,-13.71001,18.36895,-13.38623,3.86592,-1.45822,85.51843,-4.297827,-1.628315,0.407644,NA,NA,NA,NA,NA,NA,NA,NA,NA,NA,NA,6.93374,10.06709,0.99521,50,6.42041,-1.17114,-136.63678,-4.40909,13.03023,31.77782,-13.25541,TEX_BOB,TEX_BOB,TexasStateUniversity,TeamExclusive,Team,20250905-TexasStateUniversity-Private-1,23d6c5d0-8a75-11f0-acec-399390ecde07,92.46402,NA,NA,8.68343,NA,NA,NA,NA,NA,NA,a5c64dc5-3a98-4e95-b9c8-afd0ddd7a1dc,2025-09-05,16:26:55,2025-09-05T16:26:55Z,2025-09-05T16:26:55Z,NA,v3,471452,471452,NA,"Mayo, Jackson",825310,Left,TEX_BOB,61e8dee7-abd6-4dcf-a8f9-8e5a24c8bbdb,54.94483,-137.78201,15.88891,6.5707,-3.93138,-6.6277,1.04587,-1.64073,6.51511,NA,NA,NA,NA,NA,NA,NA,NA,NA,NA,NA,NA,NA,NA,NA,NA,NA,NA,NA,NA,NA,NA,NA,NA,NA,NA,NA,NA,NA,NA,NA,NA,NA,NA,NA,NA,NA,NA,NA,NA,NA,NA,NA,NA,NA,NA,NA,NA,NA,NA,High,High,High,NA,NA,NA,NA,NA,150.185578,-28.995388,2138.275954,0.874659,11:00:00,0.481833,0.448857,-0.752572,26.650255,20.176204,-56.717104,170.760317,14.237076,0.155633,0.245935,-0.95671,14.416474,8.953529,0.245935,0.155633,0.95671,-14.416474,-8.953529,-0.245935,-0.155633,0.95671,-170.760317,-14.237076,-0.155633,-0.245935,-0.95671
74,2025-09-05,11:27:15,1,4,"Moore, Nolan",NA,Left,TEX_BOB,"Moore, Nolan",NA,Right,TEX_BOB,Undefined,3,Top,0,3,0,Sweeper,Slider,BallCalled,Walk,Undefined,Undefined,0,0,NA,82.48287,-3.00349,1.230562,2832.496928,289.331901,3:45:00,6.32616,-1.20523,5.15593,-44.55963,-2.65008,10.84851,-0.21777,0.8574,77.15892,-10.962254,3.158219,0.465938,NA,NA,NA,NA,NA,NA,NA,NA,NA,NA,NA,-5.19882,-0.33575,1.08134,50,6.01027,-3.00765,-119.73188,-7.91457,-7.61367,21.19996,-32.66575,TEX_BOB,TEX_BOB,TexasStateUniversity,TeamExclusive,Team,20250905-TexasStateUniversity-Private-1,301f4dd0-8a75-11f0-acec-399390ecde07,80.89585,NA,NA,5.32395,NA,NA,NA,NA,NA,NA,a5c64dc5-3a98-4e95-b9c8-afd0ddd7a1dc,2025-09-05,16:27:15,2025-09-05T16:27:15Z,2025-09-05T16:27:15Z,NA,v3,471452,471452,NA,"Mayo, Jackson",825310,Left,TEX_BOB,5cfc4134-78ba-42e1-b862-2667aba44ba3,55.3496,-120.67538,10.59998,6.33016,-6.4608,-16.33288,1.20765,-2.66881,-3.80683,NA,NA,NA,NA,NA,NA,NA,NA,NA,NA,NA,NA,NA,NA,NA,NA,NA,NA,NA,NA,NA,NA,NA,NA,NA,NA,NA,NA,NA,NA,NA,NA,NA,NA,NA,NA,NA,NA,NA,NA,NA,NA,NA,NA,NA,NA,NA,NA,NA,NA,High,High,High,NA,NA,NA,NA,NA,299.806172,-77.595346,608.461885,0.214815,4:00:00,0.98256,-0.134968,0.127908,41.541205,-14.884227,-37.705761,114.88922,17.788743,0.863753,0.305508,-0.400743,37.320225,59.740634,0.305508,0.863753,0.400743,-37.320225,-59.740634,-0.305508,-0.863753,0.400743,-114.88922,-17.788743,-0.863753,-0.305508,-0.400743
75,2025-09-05,11:27:42,2,1,"Moore, Nolan",NA,Left,TEX_BOB,"Moore, Nolan",NA,Right,TEX_BOB,Undefined,3,Top,0,0,0,Sweeper,Slider,StrikeCalled,Undefined,Undefined,Undefined,0,0,NA,83.96969,-0.427822,0.855713,2801.304315,283.362849,3:30:00,6.37141,-1.08508,5.2017,-41.8451,-1.35075,10.75355,2.48187,0.61596,77.51614,-8.002343,2.763974,0.458003,NA,NA,NA,NA,NA,NA,NA,NA,NA,NA,NA,-5.13859,-0.18169,0.9974,50,6.30008,-2.2838,-121.95599,-2.48394,-7.76557,23.21531,-32.44861,TEX_BOB,TEX_BOB,TexasStateUniversity,TeamExclusive,Team,20250905-TexasStateUniversity-Private-1,3fa1f230-8a75-11f0-acec-399390ecde07,82.29728,NA,NA,6.45355,NA,NA,NA,NA,NA,NA,a5c64dc5-3a98-4e95-b9c8-afd0ddd7a1dc,2025-09-05,16:27:42,2025-09-05T16:27:42Z,2025-09-05T16:27:42Z,NA,v3,471452,471452,NA,"Mayo, Jackson",825310,Left,TEX_BOB,6b7aaa6a-6cfc-40f5-b772-8a7ef9f7c68e,55.30085,-122.96091,11.60765,6.3772,-1.07934,-16.2243,1.08899,-1.94766,-3.88279,NA,NA,NA,NA,NA,NA,NA,NA,NA,NA,NA,NA,NA,NA,NA,NA,NA,NA,NA,NA,NA,NA,NA,NA,NA,NA,NA,NA,NA,NA,NA,NA,NA,NA,NA,NA,NA,NA,NA,NA,NA,NA,NA,NA,NA,NA,NA,NA,NA,NA,High,High,High,NA,NA,NA,NA,NA,298.626128,-76.953001,632.395142,0.22575,4:00:00,0.973914,-0.190876,0.122714,56.053634,-1.739834,-41.355293,112.742169,21.070237,0.860592,0.359512,-0.360738,44.902482,59.383152,0.359512,0.860592,0.360738,-44.902482,-59.383152,-0.359512,-0.860592,0.360738,-112.742169,-21.070237,-0.860592,-0.359512,-0.360738
76,2025-09-05,11:28:00,2,2,"Moore, Nolan",NA,Left,TEX_BOB,"Moore, Nolan",NA,Right,TEX_BOB,Undefined,3,Top,0,0,1,Sweeper,Slider,StrikeCalled,Undefined,Undefined,Undefined,0,0,NA,81.72688,-0.42666,0.786859,2907.738616,273.512104,3:00:00,6.35655,-1.08197,5.09836,-42.66928,0.39205,15.19111,2.39865,0.92551,75.25682,-8.146645,3.476966,0.472297,NA,NA,NA,NA,NA,NA,NA,NA,NA,NA,NA,-7.3315,0.72701,0.9953,50,6.28283,-2.2743,-118.63913,-2.45607,-10.44755,22.73301,-31.13802,TEX_BOB,TEX_BOB,TexasStateUniversity,TeamExclusive,Team,20250905-TexasStateUniversity-Private-1,4af39710-8a75-11f0-acec-399390ecde07,79.80664,NA,NA,6.47005,NA,NA,NA,NA,NA,NA,a5c64dc5-3a98-4e95-b9c8-afd0ddd7a1dc,2025-09-05,16:28:00,2025-09-05T16:28:00Z,2025-09-05T16:28:00Z,NA,v3,471452,471452,NA,"Mayo, Jackson",825310,Left,TEX_BOB,ffa9de85-0fb0-4e7d-b0bb-749430a4f953,55.40387,-119.67012,11.3665,6.36219,-1.0439,-15.56901,1.0877,-1.80049,-5.22377,NA,NA,NA,NA,NA,NA,NA,NA,NA,NA,NA,NA,NA,NA,NA,NA,NA,NA,NA,NA,NA,NA,NA,NA,NA,NA,NA,NA,NA,NA,NA,NA,NA,NA,NA,NA,NA,NA,NA,NA,NA,NA,NA,NA,NA,NA,NA,NA,NA,NA,High,High,High,NA,NA,NA,NA,NA,314.025843,-66.69151,1150.538644,0.395682,4:30:00,0.916618,-0.277659,0.287607,64.624815,-6.364189,-49.101513,114.306631,23.338984,0.836786,0.39617,-0.37794,46.349077,56.802252,0.39617,0.836786,0.37794,-46.349077,-56.802252,-0.39617,-0.836786,0.37794,-114.306631,-23.338984,-0.836786,-0.39617,-0.37794
77,2025-09-05,11:28:27,2,3,"Moore, Nolan",NA,Left,TEX_BOB,"Moore, Nolan",NA,Right,TEX_BOB,Undefined,3,Top,0,0,2,Fastball,Four-Seam,StrikeCalled,Strikeout,Undefined,Undefined,0,0,NA,93.12916,-3.317609,0.391198,2364.388611,153.928623,11:15:00,6.52036,-0.82198,6.01855,-16.98595,15.15182,-6.90744,2.02822,-1.03522,85.24913,-6.522509,-0.852273,0.408018,NA,NA,NA,NA,NA,NA,NA,NA,NA,NA,NA,3.65921,9.03926,0.79502,50,6.25075,-0.62279,-135.10836,-8.3569,6.75926,29.61984,-15.47675,TEX_BOB,TEX_BOB,TexasStateUniversity,TeamExclusive,Team,20250905-TexasStateUniversity-Private-1,5aa317d0-8a75-11f0-acec-399390ecde07,92.37941,NA,NA,7.88002,NA,NA,NA,NA,NA,NA,a5c64dc5-3a98-4e95-b9c8-afd0ddd7a1dc,2025-09-05,16:28:27,2025-09-05T16:28:27Z,2025-09-05T16:28:27Z,NA,v3,471452,471452,NA,"Mayo, Jackson",825310,Left,TEX_BOB,ac1bb5be-602d-4cd7-abba-a5ab6bee1a94,54.48183,-136.08737,14.80992,6.51851,-7.84535,-7.73838,0.81929,-0.8462,3.37963,NA,NA,NA,NA,NA,NA,NA,NA,NA,NA,NA,NA,NA,NA,NA,NA,NA,NA,NA,NA,NA,NA,NA,NA,NA,NA,NA,NA,NA,NA,NA,NA,NA,NA,NA,NA,NA,NA,NA,NA,NA,NA,NA,NA,NA,NA,NA,NA,NA,NA,High,High,High,NA,NA,NA,NA,NA,155.005775,-37.073441,1886.459274,0.797863,11:15:00,0.587242,0.371441,-0.719151,27.615713,23.386809,-69.139449,170.514245,15.76175,0.158606,0.271638,-0.94924,15.969183,9.125978,0.271638,0.158606,0.94924,-15.969183,-9.125978,-0.271638,-0.158606,0.94924,-170.514245,-15.76175,-0.158606,-0.271638,-0.94924
78,2025-09-05,11:28:41,3,1,"Moore, Nolan",NA,Left,TEX_BOB,"Moore, Nolan",NA,Right,TEX_BOB,Undefined,3,Top,1,0,0,Fastball,Four-Seam,StrikeCalled,Undefined,Undefined,Undefined,0,0,NA,93.97685,-2.107033,1.109954,2567.827175,164.582528,11:30:00,6.44642,-1.00226,5.68145,-16.43599,15.32269,-3.95886,3.11134,-0.29734,86.29256,-5.195962,0.402169,0.405604,NA,NA,NA,NA,NA,NA,NA,NA,NA,NA,NA,2.30051,8.6356,0.91124,50,6.25852,-2.46279,-136.44647,-5.56596,4.35894,28.59825,-15.81147,TEX_BOB,TEX_BOB,TexasStateUniversity,TeamExclusive,Team,20250905-TexasStateUniversity-Private-1,63019460-8a75-11f0-acec-399390ecde07,92.92908,NA,NA,7.68429,NA,NA,NA,NA,NA,NA,a5c64dc5-3a98-4e95-b9c8-afd0ddd7a1dc,2025-09-05,16:28:41,2025-09-05T16:28:41Z,2025-09-05T16:28:41Z,NA,v3,471452,471452,NA,"Mayo, Jackson",825310,Left,TEX_BOB,cf5fa538-2e0d-4ba3-b2ca-9bcdf6b46089,54.81916,-137.45282,14.29912,6.44459,-5.00957,-7.90574,1.0006,-2.61618,2.17947,NA,NA,NA,NA,NA,NA,NA,NA,NA,NA,NA,NA,NA,NA,NA,NA,NA,NA,NA,NA,NA,NA,NA,NA,NA,NA,NA,NA,NA,NA,NA,NA,NA,NA,NA,NA,NA,NA,NA,NA,NA,NA,NA,NA,NA,NA,NA,NA,NA,NA,High,High,High,NA,NA,NA,NA,NA,154.162165,-37.960896,2024.553915,0.788431,11:15:00,0.615707,0.366002,-0.697816,31.19568,32.359039,-80.756927,171.077672,11.068242,0.15221,0.191978,-0.969524,11.200406,8.75505,0.191978,0.15221,0.969524,-11.200406,-8.75505,-0.191978,-0.15221,0.969524,-171.077672,-11.068242,-0.15221,-0.191978,-0.969524
79,2025-09-05,11:29:04,3,2,"Moore, Nolan",NA,Left,TEX_BOB,"Moore, Nolan",NA,Right,TEX_BOB,Undefined,3,Top,1,0,1,Curveball,Curveball,BallCalled,Undefined,Undefined,Undefined,0,0,NA,81.05598,-1.267921,0.32325,2533.005442,323.238493,4:45:00,6.44883,-0.89363,5.09501,-55.72979,-12.05741,9.96119,0.60954,0.24112,75.35929,-11.233345,2.093754,0.475636,NA,NA,NA,NA,NA,NA,NA,NA,NA,NA,NA,-4.91925,-5.38319,0.85481,50,6.28441,-1.07068,-117.75859,-4.68083,-6.91611,22.10187,-39.74242,TEX_BOB,TEX_BOB,TexasStateUniversity,TeamExclusive,Team,20250905-TexasStateUniversity-Private-1,70be1ec0-8a75-11f0-acec-399390ecde07,79.24635,NA,NA,5.69669,NA,NA,NA,NA,NA,NA,a5c64dc5-3a98-4e95-b9c8-afd0ddd7a1dc,2025-09-05,16:29:04,2025-09-05T16:29:04Z,2025-09-05T16:29:04Z,NA,v3,471452,471452,NA,"Mayo, Jackson",825310,Left,TEX_BOB,301740e5-4f62-4775-9c97-c3e58cad84cb,55.41111,-118.76985,11.05094,6.45698,-2.86243,-19.87121,0.89656,-0.75424,-3.45805,NA,NA,NA,NA,NA,NA,NA,NA,NA,NA,NA,NA,NA,NA,NA,NA,NA,NA,NA,NA,NA,NA,NA,NA,NA,NA,NA,NA,NA,NA,NA,NA,NA,NA,NA,NA,NA,NA,NA,NA,NA,NA,NA,NA,NA,NA,NA,NA,NA,NA,High,High,High,NA,NA,NA,NA,NA,333.826015,-59.361756,1290.85969,0.509616,5:15:00,0.862571,-0.205697,0.462233,-11.270973,62.404481,-48.872377,160.204989,-4.274214,0.337714,-0.07453,-0.938293,4.541548,-19.737667,0.07453,-0.337714,0.938293,-4.541548,19.737667,-0.07453,0.337714,0.938293,-160.204989,4.274214,-0.337714,0.07453,-0.938293
80,2025-09-05,11:29:22,3,3,"Moore, Nolan",NA,Left,TEX_BOB,"Moore, Nolan",NA,Right,TEX_BOB,Undefined,3,Top,1,1,1,Curveball,Curveball,BallCalled,Undefined,Undefined,Undefined,0,0,NA,81.85786,-2.025478,0.419171,2627.273051,334.503968,5:15:00,6.55401,-0.72118,5.32285,-57.89531,-15.22221,7.87209,-0.17226,0.3282,76.03938,-12.386399,1.826505,0.470163,NA,NA,NA,NA,NA,NA,NA,NA,NA,NA,NA,-3.89327,-6.88591,0.6772,50,6.32771,-1.18108,-118.88342,-6.30818,-5.54917,23.65611,-41.98868,TEX_BOB,TEX_BOB,TexasStateUniversity,TeamExclusive,Team,20250905-TexasStateUniversity-Private-1,7b6f64f0-8a75-11f0-acec-399390ecde07,80.16886,NA,NA,5.81848,NA,NA,NA,NA,NA,NA,a5c64dc5-3a98-4e95-b9c8-afd0ddd7a1dc,2025-09-05,16:29:22,2025-09-05T16:29:22Z,2025-09-05T16:29:22Z,NA,v3,471452,471452,NA,"Mayo, Jackson",825310,Left,TEX_BOB,53d14488-855f-4b83-aec7-745cdef75f17,55.18382,-119.91049,11.82806,6.56202,-4.48517,-20.99434,0.72325,-0.94015,-2.77458,NA,NA,NA,NA,NA,NA,NA,NA,NA,NA,NA,NA,NA,NA,NA,NA,NA,NA,NA,NA,NA,NA,NA,NA,NA,NA,NA,NA,NA,NA,NA,NA,NA,NA,NA,NA,NA,NA,NA,NA,NA,NA,NA,NA,NA,NA,NA,NA,NA,NA,High,High,High,NA,NA,NA,NA,NA,339.978874,-59.003501,1353.008055,0.514986,5:15:00,0.859332,-0.145907,0.490163,-15.937383,51.303887,-53.105697,159.079876,0.745204,0.357036,0.013006,-0.934,0.797789,20.918272,0.013006,0.357036,0.934,-0.797789,-20.918272,-0.013006,-0.357036,0.934,-159.079876,-0.745204,-0.357036,-0.013006,-0.934
81,2025-09-05,11:29:41,3,4,"Moore, Nolan",NA,Left,TEX_BOB,"Moore, Nolan",NA,Right,TEX_BOB,Undefined,3,Top,1,2,1,Curveball,Curveball,BallCalled,Undefined,Undefined,Undefined,0,0,NA,81.50777,-1.000901,0.374809,2547.894685,330.666778,5:00:00,6.36705,-0.84913,5.37414,-58.58326,-15.59261,9.50717,0.5466,0.29454,75.39085,-11.534012,2.074212,0.471909,NA,NA,NA,NA,NA,NA,NA,NA,NA,NA,NA,-4.71788,-7.2852,0.80845,50,6.23504,-1.15359,-118.41791,-4.19402,-6.65981,23.85411,-42.45792,TEX_BOB,TEX_BOB,TexasStateUniversity,TeamExclusive,Team,20250905-TexasStateUniversity-Private-1,871cbe60-8a75-11f0-acec-399390ecde07,79.87223,NA,NA,6.11691,NA,NA,NA,NA,NA,NA,a5c64dc5-3a98-4e95-b9c8-afd0ddd7a1dc,2025-09-05,16:29:41,2025-09-05T16:29:41Z,2025-09-05T16:29:41Z,NA,v3,471452,471452,NA,"Mayo, Jackson",825310,Left,TEX_BOB,12aafc95-2051-4590-a2ce-689cadb886cc,55.13218,-119.44726,11.92706,6.37649,-2.36187,-21.22896,0.85203,-0.8662,-3.3299,NA,NA,NA,NA,NA,NA,NA,NA,NA,NA,NA,NA,NA,NA,NA,NA,NA,NA,NA,NA,NA,NA,NA,NA,NA,NA,NA,NA,NA,NA,NA,NA,NA,NA,NA,NA,NA,NA,NA,NA,NA,NA,NA,NA,NA,NA,NA,NA,NA,NA,High,High,High,NA,NA,NA,NA,NA,338.489213,-58.482996,1331.915969,0.522752,5:15:00,0.852504,-0.17676,0.491928,17.423352,63.672528,-9.869571,164.198606,-3.151727,0.271892,-0.05498,-0.960756,3.27524,-15.77687,0.05498,-0.271892,0.960756,-3.27524,15.77687,-0.05498,0.271892,0.960756,-164.198606,3.151727,-0.271892,0.05498,-0.960756
82,2025-09-05,11:30:00,3,5,"Moore, Nolan",NA,Left,TEX_BOB,"Moore, Nolan",NA,Right,TEX_BOB,Undefined,3,Top,1,3,1,Fastball,Four-Seam,BallCalled,Walk,Undefined,Undefined,3,0,NA,93.72007,-1.670823,0.07367,2361.676261,146.783013,11:00:00,6.58034,-0.7398,5.55029,-15.81989,16.07465,-9.92851,3.70022,-1.49833,86.49201,-4.6355,-1.697152,0.406471,NA,NA,NA,NA,NA,NA,NA,NA,NA,NA,NA,5.0404,8.8317,0.74015,50,6.42532,0.28051,-136.19848,-4.50558,9.56824,26.94158,-15.40881,TEX_BOB,TEX_BOB,TexasStateUniversity,TeamExclusive,Team,20250905-TexasStateUniversity-Private-1,91e3d680-8a75-11f0-acec-399390ecde07,92.73094,NA,NA,7.22806,NA,NA,NA,NA,NA,NA,a5c64dc5-3a98-4e95-b9c8-afd0ddd7a1dc,2025-09-05,16:30:00,2025-09-05T16:30:00Z,2025-09-05T16:30:00Z,NA,v3,471452,471452,NA,"Mayo, Jackson",825310,Left,TEX_BOB,9ae9df0d-df81-4335-b2ca-cefb3d4fe271,54.9515,-137.17444,13.47079,6.57843,-3.9474,-7.7044,0.73626,-0.06611,4.78412,NA,NA,NA,NA,NA,NA,NA,NA,NA,NA,NA,NA,NA,NA,NA,NA,NA,NA,NA,NA,NA,NA,NA,NA,NA,NA,NA,NA,NA,NA,NA,NA,NA,NA,NA,NA,NA,NA,NA,NA,NA,NA,NA,NA,NA,NA,NA,NA,NA,NA,High,High,High,NA,NA,NA,NA,NA,155.668776,-36.125044,1907.602114,0.807732,11:15:00,0.580541,0.349843,-0.735243,33.074666,13.070753,-60.650716,171.429285,10.075232,0.146732,0.174941,-0.973584,10.186646,8.437573,0.174941,0.146732,0.973584,-10.186646,-8.437573,-0.174941,-0.146732,0.973584,-171.429285,-10.075232,-0.146732,-0.174941,-0.973584
83,2025-09-05,11:33:12,1,1,"Smith, Cade",NA,Right,TEX_BOB,"Smith, Cade",NA,Right,TEX_BOB,Undefined,3,Bottom,0,0,0,Fastball,Sinker,BallCalled,Undefined,Undefined,Undefined,0,0,NA,90.51923,-2.59534,-6.461748,2304.410638,243.243544,2:00:00,5.77305,2.96641,6.14613,-22.08875,12.15883,21.81505,1.51702,-1.21232,82.43708,-6.749414,-2.560092,0.421198,NA,NA,NA,NA,NA,NA,NA,NA,NA,NA,NA,-13.04028,7.36067,-2.48302,50,5.5626,13.87764,-130.63769,-6.64917,-22.4972,27.955,-19.47533,TEX_BOB,TEX_BOB,TexasStateUniversity,TeamExclusive,Team,20250905-TexasStateUniversity-Private-1,049716b0-8a76-11f0-acec-399390ecde07,89.48867,NA,NA,8.08215,NA,NA,NA,NA,NA,NA,a5c64dc5-3a98-4e95-b9c8-afd0ddd7a1dc,2025-09-05,16:33:12,2025-09-05T16:33:12Z,2025-09-05T16:33:12Z,NA,v3,471452,471452,NA,"Mayo, Jackson",825310,Left,TEX_BOB,0da4f4c4-5a71-48a4-b64f-ffdf84aae461,54.35564,-131.56645,13.9775,5.77276,-6.00213,-9.73766,-2.9565,14.62507,-11.2486,NA,NA,NA,NA,NA,NA,NA,NA,NA,NA,NA,NA,NA,NA,NA,NA,NA,NA,NA,NA,NA,NA,NA,NA,NA,NA,NA,NA,NA,NA,NA,NA,NA,NA,NA,NA,NA,NA,NA,NA,NA,NA,NA,NA,NA,NA,NA,NA,NA,NA,High,High,High,NA,NA,NA,NA,NA,242.736122,-19.486159,2172.418834,0.942722,2:00:00,0.320224,-0.822027,-0.47088,-39.561956,-33.971801,-5.780903,175.886651,-12.353554,0.070069,-0.213944,-0.97433,12.384475,-4.017951,0.213944,-0.070069,0.97433,-12.384475,4.017951,-0.213944,0.070069,0.97433,-175.886651,12.353554,-0.070069,0.213944,-0.97433
84,2025-09-05,11:33:24,1,2,"Smith, Cade",NA,Right,TEX_BOB,"Smith, Cade",NA,Right,TEX_BOB,Undefined,3,Bottom,0,1,0,Fastball,Sinker,StrikeCalled,Undefined,Undefined,Undefined,0,0,NA,91.52113,-2.097122,-5.494388,2396.353063,236.196633,1:45:00,5.72917,2.96875,5.87992,-18.5693,15.09375,20.87655,2.2242,-0.41005,83.39229,-5.604794,-1.770666,0.417588,NA,NA,NA,NA,NA,NA,NA,NA,NA,NA,NA,-12.16107,8.62717,-2.53544,50,5.54814,11.81009,-132.31937,-5.45087,-21.55832,28.25893,-16.88034,TEX_BOB,TEX_BOB,TexasStateUniversity,TeamExclusive,Team,20250905-TexasStateUniversity-Private-1,0bf56150-8a76-11f0-acec-399390ecde07,90.26226,NA,NA,8.12884,NA,NA,NA,NA,NA,NA,a5c64dc5-3a98-4e95-b9c8-afd0ddd7a1dc,2025-09-05,16:33:24,2025-09-05T16:33:24Z,2025-09-05T16:33:24Z,NA,v3,471452,471452,NA,"Mayo, Jackson",825310,Left,TEX_BOB,1abda023-c50c-4db9-84f9-405cb0f10d3b,54.62173,-133.30276,14.12947,5.72761,-4.86345,-8.44017,-2.95948,12.5603,-10.77916,NA,NA,NA,NA,NA,NA,NA,NA,NA,NA,NA,NA,NA,NA,NA,NA,NA,NA,NA,NA,NA,NA,NA,NA,NA,NA,NA,NA,NA,NA,NA,NA,NA,NA,NA,NA,NA,NA,NA,NA,NA,NA,NA,NA,NA,NA,NA,NA,NA,NA,High,High,High,NA,NA,NA,NA,NA,241.305157,-17.474959,2285.757248,0.953848,2:00:00,0.285335,-0.825157,-0.487545,-42.7776,-30.213058,-0.239843,179.731675,-12.708784,0.004568,-0.219996,-0.97549,12.708919,-0.261752,0.219996,-0.004568,0.97549,-12.708919,0.261752,-0.219996,0.004568,0.97549,-179.731675,12.708784,-0.004568,0.219996,-0.97549
85,2025-09-05,11:33:38,1,3,"Smith, Cade",NA,Right,TEX_BOB,"Smith, Cade",NA,Right,TEX_BOB,Undefined,3,Bottom,0,1,1,Fastball,Sinker,StrikeCalled,Undefined,Undefined,Undefined,0,0,NA,91.98187,-1.594202,-5.322949,2413.721982,241.472998,2:00:00,5.76341,3.04236,5.84198,-20.60702,12.96016,21.67596,2.55772,-0.11271,83.25411,-5.476926,-1.456931,0.416993,NA,NA,NA,NA,NA,NA,NA,NA,NA,NA,NA,-12.5632,7.4291,-2.61995,50,5.62095,11.40803,-132.95182,-4.39181,-22.32602,30.40736,-18.9718,TEX_BOB,TEX_BOB,TexasStateUniversity,TeamExclusive,Team,20250905-TexasStateUniversity-Private-1,1413a090-8a76-11f0-acec-399390ecde07,90.39104,NA,NA,8.72776,NA,NA,NA,NA,NA,NA,a5c64dc5-3a98-4e95-b9c8-afd0ddd7a1dc,2025-09-05,16:33:38,2025-09-05T16:33:38Z,2025-09-05T16:33:38Z,NA,v3,471452,471452,NA,"Mayo, Jackson",825310,Left,TEX_BOB,d3567f73-ce08-43f1-8bb2-46876abad435,54.65833,-134.01299,15.20368,5.76266,-3.72972,-9.4859,-3.03167,12.18717,-11.16301,NA,NA,NA,NA,NA,NA,NA,NA,NA,NA,NA,NA,NA,NA,NA,NA,NA,NA,NA,NA,NA,NA,NA,NA,NA,NA,NA,NA,NA,NA,NA,NA,NA,NA,NA,NA,NA,NA,NA,NA,NA,NA,NA,NA,NA,NA,NA,NA,NA,NA,High,High,High,NA,NA,NA,NA,NA,239.543867,-9.268172,2382.211653,0.986945,2:00:00,0.137457,-0.845954,-0.515235,-37.47201,-16.368751,-8.647775,173.564478,-17.553263,0.106866,-0.301592,-0.947429,17.657678,-6.134686,0.301592,-0.106866,0.947429,-17.657678,6.134686,-0.301592,0.106866,0.947429,-173.564478,17.553263,-0.106866,0.301592,-0.947429
86,2025-09-05,11:33:55,1,4,"Smith, Cade",NA,Right,TEX_BOB,"Smith, Cade",NA,Right,TEX_BOB,Undefined,3,Bottom,0,1,2,Slider,Slider,StrikeCalled,Strikeout,Undefined,Undefined,0,0,NA,80.87044,-0.934912,-4.105556,2424.741017,149.36022,11:00:00,5.78466,3.08784,5.75757,-37.48226,5.31276,-2.41748,1.78854,-0.94189,74.93985,-7.791863,-4.536758,0.470834,NA,NA,NA,NA,NA,NA,NA,NA,NA,NA,NA,0.18327,3.3263,-2.7453,50,5.68395,8.50961,-117.27123,-3.13194,0.25719,20.59338,-27.50658,TEX_BOB,TEX_BOB,TexasStateUniversity,TeamExclusive,Team,20250905-TexasStateUniversity-Private-1,1e3cf210-8a76-11f0-acec-399390ecde07,80.0546,NA,NA,5.93059,NA,NA,NA,NA,NA,NA,a5c64dc5-3a98-4e95-b9c8-afd0ddd7a1dc,2025-09-05,16:33:55,2025-09-05T16:33:55Z,2025-09-05T16:33:55Z,NA,v3,471452,471452,NA,"Mayo, Jackson",825310,Left,TEX_BOB,4a559bd6-9366-4e32-bf0f-137592817f9a,54.74457,-118.10146,10.29669,5.78786,-2.023,-13.75329,-3.08816,8.49924,0.1286,NA,NA,NA,NA,NA,NA,NA,NA,NA,NA,NA,NA,NA,NA,NA,NA,NA,NA,NA,NA,NA,NA,NA,NA,NA,NA,NA,NA,NA,NA,NA,NA,NA,NA,NA,NA,NA,NA,NA,NA,NA,NA,NA,NA,NA,NA,NA,NA,NA,NA,High,High,High,NA,NA,NA,NA,NA,166.017078,83.11912,290.497401,0.119806,11:30:00,-0.998912,0.012746,-0.044854,3.654087,24.607387,29.721604,119.382006,-28.686845,0.764413,-0.480022,-0.430408,48.119234,-49.854807,0.480022,-0.764413,0.430408,-48.119234,49.854807,-0.480022,0.764413,0.430408,-119.382006,28.686845,-0.764413,0.480022,-0.430408
87,2025-09-05,11:34:09,2,1,"Smith, Cade",NA,Right,TEX_BOB,"Smith, Cade",NA,Right,TEX_BOB,Undefined,3,Bottom,1,0,0,Slider,Slider,StrikeCalled,Undefined,Undefined,Undefined,0,0,NA,80.54897,0.436761,-3.383399,2559.866438,124.440148,10:15:00,5.7978,3.12856,5.68071,-38.60238,4.91583,-5.20485,2.98881,-0.46288,73.92998,-6.656721,-4.310982,0.474796,NA,NA,NA,NA,NA,NA,NA,NA,NA,NA,NA,1.69453,2.80087,-2.83982,50,5.81052,7.10937,-116.79537,-0.37221,2.34016,22.04274,-28.30606,TEX_BOB,TEX_BOB,TexasStateUniversity,TeamExclusive,Team,20250905-TexasStateUniversity-Private-1,26dfa390-8a76-11f0-acec-399390ecde07,79.38662,NA,NA,6.61898,NA,NA,NA,NA,NA,NA,a5c64dc5-3a98-4e95-b9c8-afd0ddd7a1dc,2025-09-05,16:34:09,2025-09-05T16:34:09Z,2025-09-05T16:34:09Z,NA,v3,471452,471452,NA,"Mayo, Jackson",825310,Left,TEX_BOB,49b100f9-861b-4b4b-8cf2-2ae84383b7b7,54.81975,-117.70149,11.02137,5.80191,0.79136,-14.15303,-3.13009,7.01317,1.17008,NA,NA,NA,NA,NA,NA,NA,NA,NA,NA,NA,NA,NA,NA,NA,NA,NA,NA,NA,NA,NA,NA,NA,NA,NA,NA,NA,NA,NA,NA,NA,NA,NA,NA,NA,NA,NA,NA,NA,NA,NA,NA,NA,NA,NA,NA,NA,NA,NA,NA,High,High,High,NA,NA,NA,NA,NA,118.180024,84.484189,246.055462,0.09612,10:00:00,-0.99564,0.092312,0.013391,17.146516,17.693171,32.498617,117.724963,-31.237646,0.756859,-0.518589,-0.397781,52.510189,-49.188098,0.518589,-0.756859,0.397781,-52.510189,49.188098,-0.518589,0.756859,0.397781,-117.724963,31.237646,-0.756859,0.518589,-0.397781
88,2025-09-05,11:34:24,2,2,"Smith, Cade",NA,Right,TEX_BOB,"Smith, Cade",NA,Right,TEX_BOB,Undefined,3,Bottom,1,0,1,Slider,Slider,BallCalled,Undefined,Undefined,Undefined,0,0,NA,79.29368,1.149345,-2.289339,1229.828831,122.844079,10:00:00,5.75873,2.86558,5.58727,-37.44699,7.76048,-9.76209,3.71246,-0.08693,72.35244,-5.762289,-4.027775,0.483923,NA,NA,NA,NA,NA,NA,NA,NA,NA,NA,NA,4.23681,4.05847,-2.6625,50,5.83345,4.98532,-114.97346,1.0999,5.645,22.23502,-26.76664,TEX_BOB,TEX_BOB,TexasStateUniversity,TeamExclusive,Team,20250905-TexasStateUniversity-Private-1,2f707ac0-8a76-11f0-acec-399390ecde07,77.88928,NA,NA,6.94123,NA,NA,NA,NA,NA,NA,a5c64dc5-3a98-4e95-b9c8-afd0ddd7a1dc,2025-09-05,16:34:24,2025-09-05T16:34:24Z,2025-09-05T16:34:24Z,NA,v3,471452,471452,NA,"Mayo, Jackson",825310,Left,TEX_BOB,a7acc9ba-339e-4829-990d-d6b45f973122,54.9115,-115.91942,11.11751,5.76243,2.23865,-13.38332,-2.86948,4.74517,2.8225,NA,NA,NA,NA,NA,NA,NA,NA,NA,NA,NA,NA,NA,NA,NA,NA,NA,NA,NA,NA,NA,NA,NA,NA,NA,NA,NA,NA,NA,NA,NA,NA,NA,NA,NA,NA,NA,NA,NA,NA,NA,NA,NA,NA,NA,NA,NA,NA,NA,NA,High,High,High,NA,NA,NA,NA,NA,80.263508,78.410024,247.080659,0.200907,8:45:00,-0.973306,0.217622,0.072914,-4.519847,23.02583,19.799427,105.252331,-33.603396,0.803551,-0.553441,-0.219108,68.40129,-53.470577,0.553441,-0.803551,0.219108,-68.40129,53.470577,-0.553441,0.803551,0.219108,-105.252331,33.603396,-0.803551,0.553441,-0.219108
89,2025-09-05,11:34:41,2,3,"Smith, Cade",NA,Right,TEX_BOB,"Smith, Cade",NA,Right,TEX_BOB,Undefined,3,Bottom,1,1,1,Fastball,Sinker,StrikeCalled,Undefined,Undefined,Undefined,0,0,NA,92.19454,-2.248358,-5.158941,2465.916638,236.199404,1:45:00,5.76623,2.91498,5.95,-17.84576,15.29564,21.1693,2.18416,-0.11884,83.81608,-5.633315,-1.37447,0.41434,NA,NA,NA,NA,NA,NA,NA,NA,NA,NA,NA,-12.27902,8.80922,-2.51502,50,5.57648,11.10484,-133.33144,-5.80559,-22.03878,29.45531,-16.36297,TEX_BOB,TEX_BOB,TexasStateUniversity,TeamExclusive,Team,20250905-TexasStateUniversity-Private-1,39d7bfa0-8a76-11f0-acec-399390ecde07,90.96987,NA,NA,8.37846,NA,NA,NA,NA,NA,NA,a5c64dc5-3a98-4e95-b9c8-afd0ddd7a1dc,2025-09-05,16:34:41,2025-09-05T16:34:41Z,2025-09-05T16:34:41Z,NA,v3,471452,471452,NA,"Mayo, Jackson",825310,Left,TEX_BOB,46abe509-8482-4f89-ac28-2afa33e85865,54.55132,-134.33314,14.72765,5.76445,-5.24913,-8.18149,-2.90542,11.85433,-11.01939,NA,NA,NA,NA,NA,NA,NA,NA,NA,NA,NA,NA,NA,NA,NA,NA,NA,NA,NA,NA,NA,NA,NA,NA,NA,NA,NA,NA,NA,NA,NA,NA,NA,NA,NA,NA,NA,NA,NA,NA,NA,NA,NA,NA,NA,NA,NA,NA,NA,NA,High,High,High,NA,NA,NA,NA,NA,237.163576,-10.769121,2422.487149,0.982388,2:00:00,0.170304,-0.817458,-0.550235,-35.712726,-36.902857,-17.407535,179.710019,11.115242,0.004966,0.192783,-0.981229,11.115381,0.284541,0.192783,0.004966,0.981229,-11.115381,-0.284541,-0.192783,-0.004966,0.981229,-179.710019,-11.115242,-0.004966,-0.192783,-0.981229
90,2025-09-05,11:34:56,2,4,"Smith, Cade",NA,Right,TEX_BOB,"Smith, Cade",NA,Right,TEX_BOB,Undefined,3,Bottom,1,1,2,Fastball,Sinker,StrikeCalled,Strikeout,Undefined,Undefined,0,0,NA,92.06663,-2.105331,-4.74127,2401.761935,241.210547,2:00:00,5.73265,2.86051,5.63001,-20.4221,13.25489,22.00667,2.05871,0.26022,83.56027,-5.933984,-0.82562,0.417675,NA,NA,NA,NA,NA,NA,NA,NA,NA,NA,NA,-12.47804,7.66823,-2.47006,50,5.53977,10.03222,-133.14262,-5.607,-22.28084,29.98927,-18.48164,TEX_BOB,TEX_BOB,TexasStateUniversity,TeamExclusive,Team,20250905-TexasStateUniversity-Private-1,4286f440-8a76-11f0-acec-399390ecde07,90.24356,NA,NA,8.50636,NA,NA,NA,NA,NA,NA,a5c64dc5-3a98-4e95-b9c8-afd0ddd7a1dc,2025-09-05,16:34:56,2025-09-05T16:34:56Z,2025-09-05T16:34:56Z,NA,v3,471452,471452,NA,"Mayo, Jackson",825310,Left,TEX_BOB,d6937c38-74cf-42f2-a434-d42ecb140be8,54.87094,-134.23528,14.99464,5.73179,-4.93363,-9.24082,-2.85037,10.84402,-11.14042,NA,NA,NA,NA,NA,NA,NA,NA,NA,NA,NA,NA,NA,NA,NA,NA,NA,NA,NA,NA,NA,NA,NA,NA,NA,NA,NA,NA,NA,NA,NA,NA,NA,NA,NA,NA,NA,NA,NA,NA,NA,NA,NA,NA,NA,NA,NA,NA,NA,NA,High,High,High,NA,NA,NA,NA,NA,237.020272,-4.323633,2394.926815,0.997154,2:00:00,0.06084,-0.833142,-0.549703,-35.356979,-13.227961,-6.553702,178.428942,-19.819675,0.025793,-0.339061,-0.940411,19.826547,-1.477974,0.339061,-0.025793,0.940411,-19.826547,1.477974,-0.339061,0.025793,0.940411,-178.428942,19.819675,-0.025793,0.339061,-0.940411
91,2025-09-05,11:35:15,3,1,"Smith, Cade",NA,Right,TEX_BOB,"Smith, Cade",NA,Right,TEX_BOB,Undefined,3,Bottom,2,0,0,Slider,Slider,BallCalled,Undefined,Undefined,Undefined,0,0,NA,78.89072,1.146412,-1.485427,2330.071728,99.153819,9:15:00,5.76843,3.06908,5.78629,-42.17274,2.64484,-8.31682,3.32112,0.99371,72.78005,-6.606136,-2.97465,0.481832,NA,NA,NA,NA,NA,NA,NA,NA,NA,NA,NA,3.83748,1.48138,-2.94166,50,5.83767,3.28869,-114.62957,0.94359,5.13423,20.09092,-30.19209,TEX_BOB,TEX_BOB,TexasStateUniversity,TeamExclusive,Team,20250905-TexasStateUniversity-Private-1,4e2d96f0-8a76-11f0-acec-399390ecde07,78.22736,NA,NA,6.11067,NA,NA,NA,NA,NA,NA,a5c64dc5-3a98-4e95-b9c8-afd0ddd7a1dc,2025-09-05,16:35:15,2025-09-05T16:35:15Z,2025-09-05T16:35:15Z,NA,v3,471452,471452,NA,"Mayo, Jackson",825310,Left,TEX_BOB,208c3e77-af3a-47c6-b123-745e691e2ab9,54.71528,-115.45305,10.04546,5.77363,2.18109,-15.09605,-3.07215,3.07825,2.56712,NA,NA,NA,NA,NA,NA,NA,NA,NA,NA,NA,NA,NA,NA,NA,NA,NA,NA,NA,NA,NA,NA,NA,NA,NA,NA,NA,NA,NA,NA,NA,NA,NA,NA,NA,NA,NA,NA,NA,NA,NA,NA,NA,NA,NA,NA,NA,NA,NA,NA,High,High,High,NA,NA,NA,NA,NA,80.704364,78.146744,478.610272,0.205406,8:45:00,-0.973238,0.222249,0.058427,-8.925576,35.922473,18.989864,116.705385,-36.193549,0.720941,-0.590515,-0.36268,58.442738,-46.132191,0.590515,-0.720941,0.36268,-58.442738,46.132191,-0.590515,0.720941,0.36268,-116.705385,36.193549,-0.720941,0.590515,-0.36268
92,2025-09-05,11:35:35,3,2,"Smith, Cade",NA,Right,TEX_BOB,"Smith, Cade",NA,Right,TEX_BOB,Undefined,3,Bottom,2,1,0,Slider,Slider,BallCalled,Undefined,Undefined,Undefined,0,0,NA,78.90165,0.85576,-1.268327,2191.60069,117.969546,10:00:00,5.74648,2.95155,5.62446,-38.29947,7.168,-10.76272,3.3537,0.87087,72.13525,-6.210864,-3.189351,0.485313,NA,NA,NA,NA,NA,NA,NA,NA,NA,NA,NA,5.05174,3.85595,-2.83655,50,5.79514,2.95955,-114.50887,0.48089,6.68594,21.77845,-27.07073,TEX_BOB,TEX_BOB,TexasStateUniversity,TeamExclusive,Team,20250905-TexasStateUniversity-Private-1,59b62a50-8a76-11f0-acec-399390ecde07,77.66625,NA,NA,6.7664,NA,NA,NA,NA,NA,NA,a5c64dc5-3a98-4e95-b9c8-afd0ddd7a1dc,2025-09-05,16:35:35,2025-09-05T16:35:35Z,2025-09-05T16:35:35Z,NA,v3,471452,471452,NA,"Mayo, Jackson",825310,Left,TEX_BOB,90597790-7e06-4e54-9935-4a90bb1dcb20,54.87477,-115.43228,10.88923,5.75041,1.62869,-13.53537,-2.95602,2.67607,3.34297,NA,NA,NA,NA,NA,NA,NA,NA,NA,NA,NA,NA,NA,NA,NA,NA,NA,NA,NA,NA,NA,NA,NA,NA,NA,NA,NA,NA,NA,NA,NA,NA,NA,NA,NA,NA,NA,NA,NA,NA,NA,NA,NA,NA,NA,NA,NA,NA,NA,NA,High,High,High,NA,NA,NA,NA,NA,85.227904,79.696168,392.007283,0.178868,8:45:00,-0.980531,0.192923,0.036593,1.117341,34.851866,26.475471,122.905966,-36.968104,0.670786,-0.60137,-0.43405,54.179436,-42.127776,0.60137,-0.670786,0.43405,-54.179436,42.127776,-0.60137,0.670786,0.43405,-122.905966,36.968104,-0.670786,0.60137,-0.43405
93,2025-09-05,11:35:50,3,3,"Smith, Cade",NA,Right,TEX_BOB,"Smith, Cade",NA,Right,TEX_BOB,Undefined,3,Bottom,2,2,0,Slider,Slider,BallCalled,Undefined,Undefined,Undefined,0,0,NA,78.6634,1.463795,-0.847118,2270.607844,114.508006,9:45:00,5.82071,2.94157,5.92465,-39.81301,5.34906,-8.61371,3.86173,1.43762,71.94217,-5.916707,-2.393621,0.48368,NA,NA,NA,NA,NA,NA,NA,NA,NA,NA,NA,4.14555,2.78945,-2.86906,50,5.91552,2.01474,-114.2305,1.69227,5.46622,21.44828,-28.49596,TEX_BOB,TEX_BOB,TexasStateUniversity,TeamExclusive,Team,20250905-TexasStateUniversity-Private-1,62b4b770-8a76-11f0-acec-399390ecde07,77.92841,NA,NA,6.72123,NA,NA,NA,NA,NA,NA,a5c64dc5-3a98-4e95-b9c8-afd0ddd7a1dc,2025-09-05,16:35:50,2025-09-05T16:35:50Z,2025-09-05T16:35:50Z,NA,v3,471452,471452,NA,"Mayo, Jackson",825310,Left,TEX_BOB,cb676516-9896-4c0e-84b5-c08957b0d5a1,54.57516,-115.08634,10.72414,5.82531,2.82933,-14.24798,-2.9451,1.79663,2.73311,NA,NA,NA,NA,NA,NA,NA,NA,NA,NA,NA,NA,NA,NA,NA,NA,NA,NA,NA,NA,NA,NA,NA,NA,NA,NA,NA,NA,NA,NA,NA,NA,NA,NA,NA,NA,NA,NA,NA,NA,NA,NA,NA,NA,NA,NA,NA,NA,NA,NA,High,High,High,NA,NA,NA,NA,NA,86.093446,76.680876,523.090263,0.230375,8:45:00,-0.966575,0.254622,0.029989,6.854676,33.124872,19.396633,124.704261,-30.406244,0.709029,-0.506128,-0.491033,45.86728,-45.155936,0.506128,-0.709029,0.491033,-45.86728,45.155936,-0.506128,0.709029,0.491033,-124.704261,30.406244,-0.709029,0.506128,-0.491033
94,2025-09-05,11:36:07,3,4,"Smith, Cade",NA,Right,TEX_BOB,"Smith, Cade",NA,Right,TEX_BOB,Undefined,3,Bottom,2,3,0,Fastball,Sinker,BallCalled,Walk,Undefined,Undefined,3,0,NA,93.34683,-0.925841,-3.439526,2283.481033,243.791018,2:15:00,5.73766,2.8225,5.90538,-20.88178,11.28351,20.79395,3.13644,1.35862,85.05212,-4.846143,0.287645,0.408193,NA,NA,NA,NA,NA,NA,NA,NA,NA,NA,NA,-11.56634,6.35181,-2.55747,50,5.65121,7.20451,-135.39586,-2.89752,-21.43008,30.08369,-20.40541,TEX_BOB,TEX_BOB,TexasStateUniversity,TeamExclusive,Team,20250905-TexasStateUniversity-Private-1,6d407440-8a76-11f0-acec-399390ecde07,92.33985,NA,NA,8.29471,NA,NA,NA,NA,NA,NA,a5c64dc5-3a98-4e95-b9c8-afd0ddd7a1dc,2025-09-05,16:36:07,2025-09-05T16:36:07Z,2025-09-05T16:36:07Z,NA,v3,471452,471452,NA,"Mayo, Jackson",825310,Left,TEX_BOB,f73331a1-eff5-43ad-a7b7-294436807df4,54.59609,-136.41324,15.04184,5.73753,-2.20744,-10.20271,-2.81337,7.92924,-10.71504,NA,NA,NA,NA,NA,NA,NA,NA,NA,NA,NA,NA,NA,NA,NA,NA,NA,NA,NA,NA,NA,NA,NA,NA,NA,NA,NA,NA,NA,NA,NA,NA,NA,NA,NA,NA,NA,NA,NA,NA,NA,NA,NA,NA,NA,NA,NA,NA,NA,NA,High,High,High,NA,NA,NA,NA,NA,239.266842,-3.505572,2279.208311,0.998129,2:00:00,0.044263,-0.856848,-0.513665,-35.868953,-26.966418,-15.004549,179.846758,-18.81931,0.002532,-0.322585,-0.946537,18.819372,-0.145049,0.322585,-0.002532,0.946537,-18.819372,0.145049,-0.322585,0.002532,0.946537,-179.846758,18.81931,-0.002532,0.322585,-0.946537
95,2025-09-05,11:37:19,1,1,"Moore, Nolan",NA,Right,TEX_BOB,"Moore, Nolan",NA,Right,TEX_BOB,Undefined,4,Top,0,0,0,Fastball,Four-Seam,BallCalled,Undefined,Undefined,Undefined,0,0,NA,93.50436,-4.226573,1.475153,2285.375581,163.626436,11:30:00,6.59187,-0.89331,5.71901,-10.61445,21.59706,-6.04445,1.76165,-0.02255,85.73569,-6.276167,0.394364,0.408486,NA,NA,NA,NA,NA,NA,NA,NA,NA,NA,NA,3.47217,12.43713,0.77377,50,6.23136,-3.21687,-135.46657,-10.28971,6.47508,28.60776,-8.98058,TEX_BOB,TEX_BOB,TexasStateUniversity,TeamExclusive,Team,20250905-TexasStateUniversity-Private-1,982bb2a0-8a76-11f0-acec-399390ecde07,92.27355,NA,NA,7.76868,NA,NA,NA,NA,NA,NA,a5c64dc5-3a98-4e95-b9c8-afd0ddd7a1dc,2025-09-05,16:37:19,2025-09-05T16:37:19Z,2025-09-05T16:37:19Z,NA,v3,471452,471452,NA,"Mayo, Jackson",825310,Left,TEX_BOB,9ec8e7b2-d08f-478c-a8c2-ca3d244c2f6a,54.78209,-136.47271,14.30388,6.5877,-9.97386,-4.49029,0.89091,-3.4446,3.23754,NA,NA,NA,NA,NA,NA,NA,NA,NA,NA,NA,NA,NA,NA,NA,NA,NA,NA,NA,NA,NA,NA,NA,NA,NA,NA,NA,NA,NA,NA,NA,NA,NA,NA,NA,NA,NA,NA,NA,NA,NA,NA,NA,NA,NA,NA,NA,NA,NA,NA,High,High,High,NA,NA,NA,NA,NA,154.531964,-27.976453,2018.307644,0.88314,11:15:00,0.460225,0.413298,-0.785734,21.552738,19.340633,-46.762668,163.308269,17.721212,0.273593,0.304386,-0.912412,18.448983,15.878199,0.304386,0.273593,0.912412,-18.448983,-15.878199,-0.304386,-0.273593,0.912412,-163.308269,-17.721212,-0.273593,-0.304386,-0.912412
96,2025-09-05,11:37:34,1,2,"Moore, Nolan",NA,Right,TEX_BOB,"Moore, Nolan",NA,Right,TEX_BOB,Undefined,4,Top,0,1,0,Fastball,Four-Seam,BallCalled,Undefined,Undefined,Undefined,0,0,NA,92.61572,-2.916096,1.560989,2357.19074,159.58816,11:15:00,6.56139,-0.94147,5.7441,-15.30576,17.45036,-6.10827,2.56738,0.0033,84.85429,-5.811878,0.467932,0.411924,NA,NA,NA,NA,NA,NA,NA,NA,NA,NA,NA,3.52528,9.98564,0.81537,50,6.30926,-3.38681,-134.33747,-7.3172,6.45726,28.45911,-13.88326,TEX_BOB,TEX_BOB,TexasStateUniversity,TeamExclusive,Team,20250905-TexasStateUniversity-Private-1,a0c0cf90-8a76-11f0-acec-399390ecde07,91.50328,NA,NA,7.76144,NA,NA,NA,NA,NA,NA,a5c64dc5-3a98-4e95-b9c8-afd0ddd7a1dc,2025-09-05,16:37:34,2025-09-05T16:37:34Z,2025-09-05T16:37:34Z,NA,v3,471452,471452,NA,"Mayo, Jackson",825310,Left,TEX_BOB,e517b200-6fac-4b7e-81d5-6fc1579a844c,54.7561,-135.34129,14.22956,6.55872,-6.82751,-6.94163,0.93885,-3.61458,3.22863,NA,NA,NA,NA,NA,NA,NA,NA,NA,NA,NA,NA,NA,NA,NA,NA,NA,NA,NA,NA,NA,NA,NA,NA,NA,NA,NA,NA,NA,NA,NA,NA,NA,NA,NA,NA,NA,NA,NA,NA,NA,NA,NA,NA,NA,NA,NA,NA,NA,NA,High,High,High,NA,NA,NA,NA,NA,154.970879,-36.129055,1903.881737,0.807691,11:15:00,0.591182,0.37127,-0.716004,28.082872,29.637452,-70.836821,166.926594,15.684748,0.217776,0.270344,-0.93781,16.080781,12.578463,0.270344,0.217776,0.93781,-16.080781,-12.578463,-0.270344,-0.217776,0.93781,-166.926594,-15.684748,-0.217776,-0.270344,-0.93781
97,2025-09-05,11:37:46,1,3,"Moore, Nolan",NA,Right,TEX_BOB,"Moore, Nolan",NA,Right,TEX_BOB,Undefined,4,Top,0,2,0,Fastball,Four-Seam,BallCalled,Undefined,Undefined,Undefined,0,0,NA,93.87719,-3.096649,1.871691,2464.343961,137.398553,10:30:00,6.63554,-0.88353,5.79709,-14.79481,17.1941,-14.83347,2.51786,-0.37803,85.57924,-5.909639,-0.785467,0.407072,NA,NA,NA,NA,NA,NA,NA,NA,NA,NA,NA,8.05323,9.95642,0.73827,50,6.37165,-3.76704,-136.07945,-7.81319,15.05739,30.65965,-13.55825,TEX_BOB,TEX_BOB,TexasStateUniversity,TeamExclusive,Team,20250905-TexasStateUniversity-Private-1,a7e126d0-8a76-11f0-acec-399390ecde07,92.59408,NA,NA,8.29795,NA,NA,NA,NA,NA,NA,a5c64dc5-3a98-4e95-b9c8-afd0ddd7a1dc,2025-09-05,16:37:46,2025-09-05T16:37:46Z,2025-09-05T16:37:46Z,NA,v3,471452,471452,NA,"Mayo, Jackson",825310,Left,TEX_BOB,50923c9c-5301-4716-be3e-0f2472359d2b,54.70283,-137.13493,15.32983,6.6326,-7.34643,-6.77913,0.87688,-4.2854,7.5287,NA,NA,NA,NA,NA,NA,NA,NA,NA,NA,NA,NA,NA,NA,NA,NA,NA,NA,NA,NA,NA,NA,NA,NA,NA,NA,NA,NA,NA,NA,NA,NA,NA,NA,NA,NA,NA,NA,NA,NA,NA,NA,NA,NA,NA,NA,NA,NA,NA,NA,High,High,High,NA,NA,NA,NA,NA,152.474884,-25.289599,2228.161507,0.90416,11:00:00,0.429971,0.440313,-0.788194,17.274711,22.336979,-62.632069,172.703233,18.618372,0.120362,0.319263,-0.939992,18.759787,6.912982,0.319263,0.120362,0.939992,-18.759787,-6.912982,-0.319263,-0.120362,0.939992,-172.703233,-18.618372,-0.120362,-0.319263,-0.939992
98,2025-09-05,11:38:01,1,4,"Moore, Nolan",NA,Right,TEX_BOB,"Moore, Nolan",NA,Right,TEX_BOB,Undefined,4,Top,0,3,0,Changeup,Changeup,BallCalled,Walk,Undefined,Undefined,0,0,NA,85.35898,-5.389152,2.847558,1595.435008,108.2072,9:30:00,6.33681,-1.18031,5.87945,-31.70762,6.99615,-17.50591,-1.33163,0.00768,78.87318,-11.165489,-0.300721,0.447763,NA,NA,NA,NA,NA,NA,NA,NA,NA,NA,NA,10.00914,5.39457,0.96104,50,5.88081,-5.486,-123.42906,-12.68918,15.42308,24.8311,-23.86155,TEX_BOB,TEX_BOB,TexasStateUniversity,TeamExclusive,Team,20250905-TexasStateUniversity-Private-1,b0e86680-8a76-11f0-acec-399390ecde07,84.17947,NA,NA,6.4858,NA,NA,NA,NA,NA,NA,a5c64dc5-3a98-4e95-b9c8-afd0ddd7a1dc,2025-09-05,16:38:01,2025-09-05T16:38:01Z,2025-09-05T16:38:01Z,NA,v3,471452,471452,NA,"Mayo, Jackson",825310,Left,TEX_BOB,26997679-0455-4e25-b72e-43587c35a89e,54.62582,-124.35619,12.41555,6.33796,-11.79825,-11.93077,1.17662,-6.06185,7.71154,NA,NA,NA,NA,NA,NA,NA,NA,NA,NA,NA,NA,NA,NA,NA,NA,NA,NA,NA,NA,NA,NA,NA,NA,NA,NA,NA,NA,NA,NA,NA,NA,NA,NA,NA,NA,NA,NA,NA,NA,NA,NA,NA,NA,NA,NA,NA,NA,NA,NA,High,High,High,NA,NA,NA,NA,NA,129.861356,-25.403594,1441.169822,0.903308,10:15:00,0.390289,0.730603,-0.560262,-43.031213,36.126713,68.814578,92.552506,-5.444419,0.994501,-0.09488,-0.044334,64.955041,-83.988565,0.09488,-0.994501,0.044334,-64.955041,83.988565,-0.09488,0.994501,0.044334,-92.552506,5.444419,-0.994501,0.09488,-0.044334
99,2025-09-05,11:38:22,2,1,"Moore, Nolan",NA,Right,TEX_BOB,"Moore, Nolan",NA,Right,TEX_BOB,Undefined,4,Top,0,0,0,Changeup,Changeup,BallCalled,Undefined,Undefined,Undefined,0,0,NA,86.69159,-4.042363,2.837678,1753.626822,108.308373,9:30:00,6.21227,-1.18101,5.84489,-30.56399,6.5641,-16.55237,-0.10234,0.07896,80.50286,-9.626207,-0.134522,0.438554,NA,NA,NA,NA,NA,NA,NA,NA,NA,NA,NA,9.32217,4.68445,0.96013,50,5.86397,-5.58407,-125.67299,-9.92008,15.03142,23.50596,-24.62068,TEX_BOB,TEX_BOB,TexasStateUniversity,TeamExclusive,Team,20250905-TexasStateUniversity-Private-1,bd578950-8a76-11f0-acec-399390ecde07,85.94717,NA,NA,6.18873,NA,NA,NA,NA,NA,NA,a5c64dc5-3a98-4e95-b9c8-afd0ddd7a1dc,2025-09-05,16:38:22,2025-09-05T16:38:22Z,2025-09-05T16:38:22Z,NA,v3,471452,471452,NA,"Mayo, Jackson",825310,Left,TEX_BOB,14d63a03-5251-43e7-af09-b3352f66472e,54.65995,-126.54159,11.75298,6.21373,-9.01029,-12.31034,1.17674,-6.13951,7.51571,NA,NA,NA,NA,NA,NA,NA,NA,NA,NA,NA,NA,NA,NA,NA,NA,NA,NA,NA,NA,NA,NA,NA,NA,NA,NA,NA,NA,NA,NA,NA,NA,NA,NA,NA,NA,NA,NA,NA,NA,NA,NA,NA,NA,NA,NA,NA,NA,NA,NA,High,High,High,NA,NA,NA,NA,NA,130.032917,-25.634699,1581.018536,0.901571,10:15:00,0.411133,0.719091,-0.560248,-22.862453,34.839706,73.480691,94.246393,-10.10414,0.981788,-0.175438,-0.072897,67.436316,-79.048374,0.175438,-0.981788,0.072897,-67.436316,79.048374,-0.175438,0.981788,0.072897,-94.246393,10.10414,-0.981788,0.175438,-0.072897
100,2025-09-05,11:38:42,2,2,"Moore, Nolan",NA,Right,TEX_BOB,"Moore, Nolan",NA,Right,TEX_BOB,Undefined,4,Top,0,1,0,Changeup,Changeup,BallCalled,Undefined,Undefined,Undefined,0,0,NA,88.11027,-4.30192,3.309999,1663.161349,103.354997,9:30:00,6.41102,-1.05726,5.63468,-31.04013,5.61319,-18.61745,-0.20368,0.48299,81.00906,-9.962838,-0.018946,0.435741,NA,NA,NA,NA,NA,NA,NA,NA,NA,NA,NA,10.48178,4.40181,0.78789,50,6.02375,-6.59492,-127.45777,-10.70532,17.20517,26.73039,-24.94873,TEX_BOB,TEX_BOB,TexasStateUniversity,TeamExclusive,Team,20250905-TexasStateUniversity-Private-1,c953c610-8a76-11f0-acec-399390ecde07,86.50202,NA,NA,7.10122,NA,NA,NA,NA,NA,NA,a5c64dc5-3a98-4e95-b9c8-afd0ddd7a1dc,2025-09-05,16:38:42,2025-09-05T16:38:42Z,2025-09-05T16:38:42Z,NA,v3,471452,471452,NA,"Mayo, Jackson",825310,Left,TEX_BOB,e90188d9-ae7a-4130-bb3c-b1551880996d,54.86877,-128.47479,13.36519,6.413,-9.75609,-12.47436,1.05127,-7.24953,8.60258,NA,NA,NA,NA,NA,NA,NA,NA,NA,NA,NA,NA,NA,NA,NA,NA,NA,NA,NA,NA,NA,NA,NA,NA,NA,NA,NA,NA,NA,NA,NA,NA,NA,NA,NA,NA,NA,NA,NA,NA,NA,NA,NA,NA,NA,NA,NA,NA,NA,NA,High,High,High,NA,NA,NA,NA,NA,126.885007,-30.922025,1426.77195,0.857867,10:15:00,0.489914,0.722772,-0.487428,-50.659409,34.023917,68.673336,96.077659,-10.287105,0.978395,-0.178581,-0.104174,59.743016,-78.068345,0.178581,-0.978395,0.104174,-59.743016,78.068345,-0.178581,0.978395,0.104174,-96.077659,10.287105,-0.978395,0.178581,-0.104174
101,2025-09-05,11:39:01,2,3,"Moore, Nolan",NA,Right,TEX_BOB,"Moore, Nolan",NA,Right,TEX_BOB,Undefined,4,Top,0,2,0,Fastball,Four-Seam,BallCalled,Undefined,Undefined,Undefined,0,0,NA,93.37547,-1.280406,0.318409,2176.528107,158.380567,11:15:00,6.56752,-0.84895,5.50564,-15.47032,17.04725,-6.34485,4.08059,-1.07989,85.22123,-4.20761,-0.812258,0.410422,NA,NA,NA,NA,NA,NA,NA,NA,NA,NA,NA,3.28024,9.26221,0.82549,50,6.44551,-0.45635,-135.53782,-3.53189,6.10018,29.70061,-14.94928,TEX_BOB,TEX_BOB,TexasStateUniversity,TeamExclusive,Team,20250905-TexasStateUniversity-Private-1,d4672970-8a76-11f0-acec-399390ecde07,91.83828,NA,NA,8.15423,NA,NA,NA,NA,NA,NA,a5c64dc5-3a98-4e95-b9c8-afd0ddd7a1dc,2025-09-05,16:39:01,2025-09-05T16:39:01Z,2025-09-05T16:39:01Z,NA,v3,471452,471452,NA,"Mayo, Jackson",825310,Left,TEX_BOB,d326cdc8-fe44-45f1-808f-4320ade3c062,54.99403,-136.62779,14.8503,6.56506,-2.98327,-7.47464,0.84635,-0.68021,3.05009,NA,NA,NA,NA,NA,NA,NA,NA,NA,NA,NA,NA,NA,NA,NA,NA,NA,NA,NA,NA,NA,NA,NA,NA,NA,NA,NA,NA,NA,NA,NA,NA,NA,NA,NA,NA,NA,NA,NA,NA,NA,NA,NA,NA,NA,NA,NA,NA,NA,NA,High,High,High,NA,NA,NA,NA,NA,154.988087,-31.178604,1862.145276,0.855558,11:15:00,0.513796,0.373214,-0.77248,21.778706,19.355386,-57.614756,166.717539,18.253794,0.21819,0.313227,-0.924274,18.720981,12.602765,0.313227,0.21819,0.924274,-18.720981,-12.602765,-0.313227,-0.21819,0.924274,-166.717539,-18.253794,-0.21819,-0.313227,-0.924274
102,2025-09-05,11:39:18,2,4,"Moore, Nolan",NA,Right,TEX_BOB,"Moore, Nolan",NA,Right,TEX_BOB,Undefined,4,Top,0,3,0,Fastball,Four-Seam,BallCalled,Walk,Undefined,Undefined,0,0,NA,92.39521,-5.303639,1.352848,2310.56754,163.475716,11:30:00,6.49617,-0.79146,5.88198,-11.98221,20.91533,-5.89032,0.55669,-0.0257,84.80353,-7.595248,0.296119,0.412813,NA,NA,NA,NA,NA,NA,NA,NA,NA,NA,NA,3.39925,12.49761,0.68569,50,6.05973,-2.90533,-133.69664,-12.73738,6.16875,28.11854,-9.49412,TEX_BOB,TEX_BOB,TexasStateUniversity,TeamExclusive,Team,20250905-TexasStateUniversity-Private-1,deafe9d0-8a76-11f0-acec-399390ecde07,91.30638,NA,NA,7.59168,NA,NA,NA,NA,NA,NA,a5c64dc5-3a98-4e95-b9c8-afd0ddd7a1dc,2025-09-05,16:39:18,2025-09-05T16:39:18Z,2025-09-05T16:39:18Z,NA,v3,471452,471452,NA,"Mayo, Jackson",825310,Left,TEX_BOB,e69e87fb-86c4-42d3-afd1-f575a5935ced,54.6199,-134.66477,14.05927,6.49265,-12.41049,-4.74706,0.78938,-3.11772,3.08438,NA,NA,NA,NA,NA,NA,NA,NA,NA,NA,NA,NA,NA,NA,NA,NA,NA,NA,NA,NA,NA,NA,NA,NA,NA,NA,NA,NA,NA,NA,NA,NA,NA,NA,NA,NA,NA,NA,NA,NA,NA,NA,NA,NA,NA,NA,NA,NA,NA,NA,High,High,High,NA,NA,NA,NA,NA,156.507501,-29.49129,2011.188565,0.870431,11:15:00,0.47683,0.390998,-0.787244,27.062277,-2.26662,-49.803937,178.74122,-11.037243,0.021562,-0.191447,-0.981266,11.039842,-1.235492,0.191447,-0.021562,0.981266,-11.039842,1.235492,-0.191447,0.021562,0.981266,-178.74122,11.037243,-0.021562,0.191447,-0.981266
103,2025-09-05,11:39:36,3,1,"Moore, Nolan",NA,Right,TEX_BOB,"Moore, Nolan",NA,Right,TEX_BOB,Undefined,4,Top,0,0,0,Changeup,Changeup,BallCalled,Undefined,Undefined,Undefined,0,0,NA,86.52994,-1.504402,1.147707,1640.313446,108.41111,9:30:00,6.35831,-1.05987,5.90011,-30.39474,6.98552,-17.37714,2.42816,-1.44232,79.24022,-7.132675,-1.975622,0.44004,NA,NA,NA,NA,NA,NA,NA,NA,NA,NA,NA,9.19914,4.38701,0.97732,50,6.21993,-1.79985,-125.66216,-4.31703,14.66467,26.18805,-25.18059,TEX_BOB,TEX_BOB,TexasStateUniversity,TeamExclusive,Team,20250905-TexasStateUniversity-Private-1,e95ee610-8a76-11f0-acec-399390ecde07,85.65677,NA,NA,7.28972,NA,NA,NA,NA,NA,NA,a5c64dc5-3a98-4e95-b9c8-afd0ddd7a1dc,2025-09-05,16:39:36,2025-09-05T16:39:36Z,2025-09-05T16:39:36Z,NA,v3,471452,471452,NA,"Mayo, Jackson",825310,Left,TEX_BOB,3e7c5eda-f1c8-45d6-9785-34c91bf63506,54.60106,-126.6174,13.09403,6.36065,-3.39855,-12.59029,1.05273,-2.33475,7.33234,NA,NA,NA,NA,NA,NA,NA,NA,NA,NA,NA,NA,NA,NA,NA,NA,NA,NA,NA,NA,NA,NA,NA,NA,NA,NA,NA,NA,NA,NA,NA,NA,NA,NA,NA,NA,NA,NA,NA,NA,NA,NA,NA,NA,NA,NA,NA,NA,NA,NA,High,High,High,NA,NA,NA,NA,NA,131.008649,-26.83593,1463.656439,0.892303,10:15:00,0.445244,0.684961,-0.576703,-50.503749,36.46706,57.771156,102.757039,-88.612291,0.02362,-0.999707,-0.005348,89.693513,-1.353447,0.999707,-0.02362,0.005348,-89.693513,1.353447,-0.999707,0.02362,0.005348,-102.757039,88.612291,-0.02362,0.999707,-0.005348
104,2025-09-05,11:39:48,3,2,"Moore, Nolan",NA,Right,TEX_BOB,"Moore, Nolan",NA,Right,TEX_BOB,Undefined,4,Top,0,1,0,Changeup,Changeup,BallCalled,Undefined,Undefined,Undefined,0,0,NA,86.41391,-2.310788,0.021419,1377.363241,130.200216,10:15:00,6.42375,-1.16079,5.81352,-26.4819,11.03843,-11.66627,2.06698,-2.11306,79.37837,-7.217721,-2.071678,0.440864,NA,NA,NA,NA,NA,NA,NA,NA,NA,NA,NA,5.94756,6.64437,1.16592,50,6.21859,0.43678,-125.45315,-5.93063,9.4831,25.26503,-21.57995,TEX_BOB,TEX_BOB,TexasStateUniversity,TeamExclusive,Team,20250905-TexasStateUniversity-Private-1,f0d1ca20-8a76-11f0-acec-399390ecde07,85.49673,NA,NA,7.03555,NA,NA,NA,NA,NA,NA,a5c64dc5-3a98-4e95-b9c8-afd0ddd7a1dc,2025-09-05,16:39:48,2025-09-05T16:39:48Z,2025-09-05T16:39:48Z,NA,v3,471452,471452,NA,"Mayo, Jackson",825310,Left,TEX_BOB,30e740bd-80f0-4dee-bc65-6886a87bd802,54.68693,-126.39353,12.63252,6.42438,-5.12741,-10.78998,1.15623,0.08382,4.74155,NA,NA,NA,NA,NA,NA,NA,NA,NA,NA,NA,NA,NA,NA,NA,NA,NA,NA,NA,NA,NA,NA,NA,NA,NA,NA,NA,NA,NA,NA,NA,NA,NA,NA,NA,NA,NA,NA,NA,NA,NA,NA,NA,NA,NA,NA,NA,NA,NA,NA,High,High,High,NA,NA,NA,NA,NA,130.540931,-28.926911,1205.519874,0.875237,10:15:00,0.456695,0.684091,-0.568726,-49.677329,46.094166,58.281365,122.028731,-78.455523,0.169665,-0.97977,-0.106137,83.817338,-9.768368,0.97977,-0.169665,0.106137,-83.817338,9.768368,-0.97977,0.169665,0.106137,-122.028731,78.455523,-0.169665,0.97977,-0.106137
105,2025-09-05,11:40:07,3,3,"Moore, Nolan",NA,Right,TEX_BOB,"Moore, Nolan",NA,Right,TEX_BOB,Undefined,4,Top,0,2,0,Fastball,Four-Seam,BallCalled,Undefined,Undefined,Undefined,0,0,NA,93.96779,-2.049874,0.104905,2189.072374,146.217309,10:45:00,6.69893,-0.74096,5.62181,-15.24883,16.70906,-10.50095,3.51437,-1.51814,85.93194,-4.932313,-1.770564,0.406874,NA,NA,NA,NA,NA,NA,NA,NA,NA,NA,NA,5.33095,9.33225,0.73881,50,6.51433,0.23799,-136.39431,-5.37142,10.04834,29.83167,-14.58362,TEX_BOB,TEX_BOB,TexasStateUniversity,TeamExclusive,Team,20250905-TexasStateUniversity-Private-1,fbf1fec0-8a76-11f0-acec-399390ecde07,92.63898,NA,NA,8.03584,NA,NA,NA,NA,NA,NA,a5c64dc5-3a98-4e95-b9c8-afd0ddd7a1dc,2025-09-05,16:40:07,2025-09-05T16:40:07Z,2025-09-05T16:40:07Z,NA,v3,471452,471452,NA,"Mayo, Jackson",825310,Left,TEX_BOB,fae47fa5-717b-4c17-83b3-04356960bde4,54.87828,-137.45712,14.91584,6.69645,-4.85184,-7.29181,0.7367,-0.12,5.02417,NA,NA,NA,NA,NA,NA,NA,NA,NA,NA,NA,NA,NA,NA,NA,NA,NA,NA,NA,NA,NA,NA,NA,NA,NA,NA,NA,NA,NA,NA,NA,NA,NA,NA,NA,NA,NA,NA,NA,NA,NA,NA,NA,NA,NA,NA,NA,NA,NA,NA,High,High,High,NA,NA,NA,NA,NA,154.769695,-29.138594,1912.03307,0.873444,11:15:00,0.474741,0.389491,-0.789251,17.750663,17.160975,-58.498669,170.688955,19.986059,0.15205,0.341791,-0.927394,20.231391,8.745754,0.341791,0.15205,0.927394,-20.231391,-8.745754,-0.341791,-0.15205,0.927394,-170.688955,-19.986059,-0.15205,-0.341791,-0.927394
106,2025-09-05,11:40:23,3,4,"Smith, Cade",NA,Right,TEX_BOB,"Smith, Cade",NA,Right,TEX_BOB,Undefined,4,Top,0,3,0,Changeup,Changeup,BallCalled,Walk,Undefined,Undefined,0,0,NA,80.16132,0.300714,-4.402543,2083.187742,238.903427,2:00:00,6.00562,3.12825,5.52853,-31.03108,13.21316,19.5471,3.70166,0.63327,73.20361,-5.453512,-0.930934,0.47874,NA,NA,NA,NA,NA,NA,NA,NA,NA,NA,NA,-11.01422,7.01477,-2.75799,50,6.01132,8.14758,-116.08648,-0.37168,-15.04882,21.47489,-22.58969,TEX_BOB,TEX_BOB,TexasStateUniversity,TeamExclusive,Team,20250905-TexasStateUniversity-Private-1,056a76d0-8a77-11f0-acec-399390ecde07,78.73256,NA,NA,6.95771,NA,NA,NA,NA,NA,NA,a5c64dc5-3a98-4e95-b9c8-afd0ddd7a1dc,2025-09-05,16:40:23,2025-09-05T16:40:23Z,2025-09-05T16:40:23Z,NA,v3,471452,471452,NA,"Mayo, Jackson",825310,Left,TEX_BOB,5cf3d6e8-d819-4307-8980-f6b47f1ea9c9,54.97205,-117.00265,10.73744,6.00662,0.59204,-11.29485,-3.11928,8.7896,-7.52441,NA,NA,NA,NA,NA,NA,NA,NA,NA,NA,NA,NA,NA,NA,NA,NA,NA,NA,NA,NA,NA,NA,NA,NA,NA,NA,NA,NA,NA,NA,NA,NA,NA,NA,NA,NA,NA,NA,NA,NA,NA,NA,NA,NA,NA,NA,NA,NA,NA,NA,High,High,High,NA,NA,NA,NA,NA,238.187188,-5.841317,2072.37095,0.994808,2:00:00,0.056793,-0.845885,-0.530333,-35.962098,-32.873186,-20.71137,179.516972,-14.487028,0.008162,-0.250161,-0.96817,14.487521,-0.467669,0.250161,-0.008162,0.96817,-14.487521,0.467669,-0.250161,0.008162,0.96817,-179.516972,14.487028,-0.008162,0.250161,-0.96817
107,2025-09-05,11:40:29,4,1,"Smith, Cade",NA,Right,TEX_BOB,"Smith, Cade",NA,Right,TEX_BOB,Undefined,4,Top,0,0,0,Changeup,Changeup,BallCalled,Undefined,Undefined,Undefined,3,0,NA,79.36981,1.795844,-4.458084,2058.334688,243.548631,2:00:00,6.16448,3.01143,5.31268,-33.526,12.04808,21.27147,5.06195,0.59109,72.27021,-4.392985,-0.697719,0.485882,NA,NA,NA,NA,NA,NA,NA,NA,NA,NA,NA,-11.76532,5.98,-2.62193,50,6.30391,8.06989,-114.83159,2.51308,-15.72626,21.05263,-24.1808,TEX_BOB,TEX_BOB,TexasStateUniversity,TeamExclusive,Team,20250905-TexasStateUniversity-Private-1,093cb480-8a77-11f0-acec-399390ecde07,77.57535,NA,NA,7.0996,NA,NA,NA,NA,NA,NA,a5c64dc5-3a98-4e95-b9c8-afd0ddd7a1dc,2025-09-05,16:40:29,2025-09-05T16:40:29Z,2025-09-05T16:40:29Z,NA,v3,471452,471452,NA,"Mayo, Jackson",825310,Left,TEX_BOB,7ac6bdaf-44e5-4140-bdd4-e5d3768a7130,55.1875,-115.77873,10.52632,6.16638,3.60095,-12.0904,-3.0009,8.7774,-7.86313,NA,NA,NA,NA,NA,NA,NA,NA,NA,NA,NA,NA,NA,NA,NA,NA,NA,NA,NA,NA,NA,NA,NA,NA,NA,NA,NA,NA,NA,NA,NA,NA,NA,NA,NA,NA,NA,NA,NA,NA,NA,NA,NA,NA,NA,NA,NA,NA,NA,NA,High,High,High,NA,NA,NA,NA,NA,239.46947,-8.206755,2037.256123,0.989759,2:00:00,0.076525,-0.856592,-0.510287,-37.887898,-32.521457,-14.479871,178.127277,16.25151,0.031374,0.279854,-0.95953,16.259737,1.797869,0.279854,0.031374,0.95953,-16.259737,-1.797869,-0.279854,-0.031374,0.95953,-178.127277,-16.25151,-0.031374,-0.279854,-0.95953
108,2025-09-05,11:40:37,4,2,"Smith, Cade",NA,Right,TEX_BOB,"Smith, Cade",NA,Right,TEX_BOB,Undefined,4,Top,0,0,0,Changeup,Changeup,Undefined,Undefined,Undefined,Undefined,0,0,NA,85.47905,1.080956,-5.331185,2273.602264,244.53795,2:15:00,5.84783,3.22793,6.28477,-26.18659,11.82446,22.19848,4.66635,0.15001,77.6028,-3.859715,-1.341483,0.443737,NA,NA,NA,NA,NA,NA,NA,NA,NA,NA,NA,-12.97489,6.19863,-2.84374,50,5.91517,10.6736,-123.73246,1.57994,-20.06282,25.28087,-22.58923,TEX_BOB,TEX_BOB,TexasStateUniversity,TeamExclusive,Team,20250905-TexasStateUniversity-Private-1,0dd109b0-8a77-11f0-acec-399390ecde07,84.9431,NA,NA,7.87625,NA,NA,NA,NA,NA,NA,a5c64dc5-3a98-4e95-b9c8-afd0ddd7a1dc,2025-09-05,16:40:37,2025-09-05T16:40:37Z,2025-09-05T16:40:37Z,NA,v3,471452,471452,NA,"Mayo, Jackson",825310,Left,TEX_BOB,94434689-63c6-49bf-a84f-a6dc07c8960f,54.21671,-124.59103,12.64043,5.84849,2.34711,-11.29461,-3.21781,11.35496,-10.03141,NA,NA,NA,NA,NA,NA,NA,NA,NA,NA,NA,NA,NA,NA,NA,NA,NA,NA,NA,NA,NA,NA,NA,NA,NA,NA,NA,NA,NA,NA,NA,NA,NA,NA,NA,NA,NA,NA,NA,NA,NA,NA,NA,NA,NA,NA,NA,NA,NA,NA,High,High,High,NA,NA,NA,NA,NA,242.423827,-8.378608,2249.335663,0.989327,2:00:00,0.086033,-0.879528,-0.468005,-39.223815,-52.130787,-25.888231,174.985229,9.88517,0.086115,0.171674,-0.981383,9.922401,4.940134,0.171674,0.086115,0.981383,-9.922401,-4.940134,-0.171674,-0.086115,0.981383,-174.985229,-9.88517,-0.086115,-0.171674,-0.981383
109,2025-09-05,11:42:13,4,3,"Smith, Cade",NA,Right,TEX_BOB,"Smith, Cade",NA,Right,TEX_BOB,Undefined,4,Top,0,0,0,Fastball,Sinker,Undefined,Undefined,Undefined,Undefined,0,0,NA,91.55832,0.229575,-3.82608,2526.463604,241.673708,2:00:00,5.73898,2.93579,5.8777,-19.81025,13.60245,23.261,4.30183,1.31537,83.43654,-3.506168,0.337259,0.416033,NA,NA,NA,NA,NA,NA,NA,NA,NA,NA,NA,-12.88213,7.20209,-2.63928,50,5.74609,7.85105,-132.79347,-0.10533,-23.01402,28.30613,-19.30744,TEX_BOB,TEX_BOB,TexasStateUniversity,TeamExclusive,Team,20250905-TexasStateUniversity-Private-1,4710ccb0-8a77-11f0-acec-399390ecde07,90.59974,NA,NA,8.12179,NA,NA,NA,NA,NA,NA,a5c64dc5-3a98-4e95-b9c8-afd0ddd7a1dc,2025-09-05,16:42:13,2025-09-05T16:42:13Z,2025-09-05T16:42:13Z,NA,v3,471452,471452,NA,"Mayo, Jackson",825310,Left,TEX_BOB,0cbcb4ae-6d9c-4e6d-ba53-8019737ddf98,54.62427,-133.77555,14.15307,5.73813,0.56453,-9.65372,-2.92552,8.64952,-11.50701,NA,NA,NA,NA,NA,NA,NA,NA,NA,NA,NA,NA,NA,NA,NA,NA,NA,NA,NA,NA,NA,NA,NA,NA,NA,NA,NA,NA,NA,NA,NA,NA,NA,NA,NA,NA,NA,NA,NA,NA,NA,NA,NA,NA,NA,NA,NA,NA,NA,NA,High,High,High,NA,NA,NA,NA,NA,239.761765,-14.141964,2449.894902,0.969693,2:00:00,0.207844,-0.838728,-0.503325,-40.544522,-37.661681,-12.07763,179.53661,10.425577,0.007954,0.180958,-0.983459,10.425911,0.45574,0.180958,0.007954,0.983459,-10.425911,-0.45574,-0.180958,-0.007954,0.983459,-179.53661,-10.425577,-0.007954,-0.180958,-0.983459
110,2025-09-05,11:42:27,4,4,"Smith, Cade",NA,Right,TEX_BOB,"Smith, Cade",NA,Right,TEX_BOB,Undefined,4,Top,0,0,0,Fastball,Sinker,Undefined,Undefined,Undefined,Undefined,0,0,NA,91.25969,-0.286833,-2.948246,2475.334235,243.385844,2:00:00,5.8428,2.90945,5.97387,-21.34745,12.58068,22.66856,3.79757,2.06279,82.18046,-4.331966,1.122362,0.419229,NA,NA,NA,NA,NA,NA,NA,NA,NA,NA,NA,-12.47064,6.89323,-2.68792,50,5.80832,5.80699,-132.29299,-1.34288,-21.78266,32.01015,-20.13355,TEX_BOB,TEX_BOB,TexasStateUniversity,TeamExclusive,Team,20250905-TexasStateUniversity-Private-1,4f368600-8a77-11f0-acec-399390ecde07,89.90896,NA,NA,9.07922,NA,NA,NA,NA,NA,NA,a5c64dc5-3a98-4e95-b9c8-afd0ddd7a1dc,2025-09-05,16:42:27,2025-09-05T16:42:27Z,2025-09-05T16:42:27Z,NA,v3,471452,471452,NA,"Mayo, Jackson",825310,Left,TEX_BOB,2731b819-c967-4246-a432-dbe284e0e3f9,54.52562,-133.38353,16.00508,5.84239,-0.65696,-10.06678,-2.8984,6.54909,-10.89133,NA,NA,NA,NA,NA,NA,NA,NA,NA,NA,NA,NA,NA,NA,NA,NA,NA,NA,NA,NA,NA,NA,NA,NA,NA,NA,NA,NA,NA,NA,NA,NA,NA,NA,NA,NA,NA,NA,NA,NA,NA,NA,NA,NA,NA,NA,NA,NA,NA,NA,High,High,High,NA,NA,NA,NA,NA,238.890917,-4.468473,2467.810099,0.99696,2:00:00,0.05558,-0.853182,-0.518644,-38.673603,-15.554312,-8.283846,178.062147,-18.111707,0.03214,-0.310871,-0.949909,18.121394,-1.841803,0.310871,-0.03214,0.949909,-18.121394,1.841803,-0.310871,0.03214,0.949909,-178.062147,18.111707,-0.03214,0.310871,-0.949909
111,2025-09-05,11:42:43,4,5,"Smith, Cade",NA,Right,TEX_BOB,"Smith, Cade",NA,Right,TEX_BOB,Undefined,4,Top,0,0,0,Fastball,Sinker,StrikeCalled,Undefined,Undefined,Undefined,0,0,NA,90.43103,-0.143561,-5.086052,2341.260655,241.998076,2:00:00,5.69112,2.8508,5.78624,-21.9523,12.48682,21.41485,3.72767,-0.10899,82.48367,-4.254407,-1.269735,0.422374,NA,NA,NA,NA,NA,NA,NA,NA,NA,NA,NA,-12.23312,6.7267,-2.44325,50,5.66606,10.70804,-130.92686,-1.05912,-21.2819,27.05973,-20.47166,TEX_BOB,TEX_BOB,TexasStateUniversity,TeamExclusive,Team,20250905-TexasStateUniversity-Private-1,591b7b80-8a77-11f0-acec-399390ecde07,89.23945,NA,NA,7.94736,NA,NA,NA,NA,NA,NA,a5c64dc5-3a98-4e95-b9c8-afd0ddd7a1dc,2025-09-05,16:42:43,2025-09-05T16:42:43Z,2025-09-05T16:42:43Z,NA,v3,471452,471452,NA,"Mayo, Jackson",825310,Left,TEX_BOB,f007b2e2-0b95-463a-8b65-265dfe0bfdb1,54.71558,-131.89787,13.52987,5.69088,-0.32452,-10.23583,-2.8412,11.47171,-10.64095,NA,NA,NA,NA,NA,NA,NA,NA,NA,NA,NA,NA,NA,NA,NA,NA,NA,NA,NA,NA,NA,NA,NA,NA,NA,NA,NA,NA,NA,NA,NA,NA,NA,NA,NA,NA,NA,NA,NA,NA,NA,NA,NA,NA,NA,NA,NA,NA,NA,NA,High,High,High,NA,NA,NA,NA,NA,240.950308,-11.469956,2294.503601,0.980029,2:00:00,0.158022,-0.856239,-0.491816,-44.349082,-29.14256,-6.831244,179.19657,11.885937,0.013721,0.205964,-0.978463,11.887072,0.786203,0.205964,0.013721,0.978463,-11.887072,-0.786203,-0.205964,-0.013721,0.978463,-179.19657,-11.885937,-0.013721,-0.205964,-0.978463
112,2025-09-05,11:42:58,4,6,"Smith, Cade",NA,Right,TEX_BOB,"Smith, Cade",NA,Right,TEX_BOB,Undefined,4,Top,0,0,0,Changeup,Changeup,BallCalled,Undefined,Undefined,Undefined,0,0,NA,84.31305,-2.386767,-5.20379,1620.088101,234.050698,1:45:00,5.64072,2.76816,6.22658,-26.65856,12.103,15.09615,1.20656,-0.78851,77.8925,-7.353883,-2.490929,0.448097,NA,NA,NA,NA,NA,NA,NA,NA,NA,NA,NA,-9.17335,7.23847,-2.38561,50,5.44804,10.55875,-122.10246,-5.89812,-13.97852,21.93714,-21.14397,TEX_BOB,TEX_BOB,TexasStateUniversity,TeamExclusive,Team,20250905-TexasStateUniversity-Private-1,622ad180-8a77-11f0-acec-399390ecde07,84.11671,NA,NA,6.42055,NA,NA,NA,NA,NA,NA,a5c64dc5-3a98-4e95-b9c8-afd0ddd7a1dc,2025-09-05,16:42:58,2025-09-05T16:42:58Z,2025-09-05T16:42:58Z,NA,v3,471452,471452,NA,"Mayo, Jackson",825310,Left,TEX_BOB,236f3d7f-cb12-480c-98fa-50121fe5fe87,54.27647,-122.86838,10.96857,5.64108,-5.1599,-10.57198,-2.76278,11.0468,-6.98926,NA,NA,NA,NA,NA,NA,NA,NA,NA,NA,NA,NA,NA,NA,NA,NA,NA,NA,NA,NA,NA,NA,NA,NA,NA,NA,NA,NA,NA,NA,NA,NA,NA,NA,NA,NA,NA,NA,NA,NA,NA,NA,NA,NA,NA,NA,NA,NA,NA,NA,High,High,High,NA,NA,NA,NA,NA,243.244814,-9.860248,1596.156767,0.985228,2:00:00,0.16665,-0.871853,-0.460542,-38.863778,-43.827035,56.032277,111.954043,33.500594,0.77341,0.551946,-0.311757,60.540835,50.661142,0.551946,0.77341,0.311757,-60.540835,-50.661142,-0.551946,-0.77341,0.311757,-111.954043,-33.500594,-0.77341,-0.551946,-0.311757
113,2025-09-05,11:44:06,4,7,"Smith, Cade",NA,Right,TEX_BOB,"Smith, Cade",NA,Right,TEX_BOB,Undefined,4,Top,0,1,0,Changeup,Changeup,StrikeCalled,Undefined,Undefined,Undefined,0,0,NA,82.18497,-0.509591,-4.332282,1661.074795,229.055026,1:45:00,5.64041,3.05518,6.12005,-27.89253,13.0828,13.6332,2.84354,0.17826,75.47844,-5.728523,-1.884102,0.460715,NA,NA,NA,NA,NA,NA,NA,NA,NA,NA,NA,-8.15126,7.27721,-2.72951,50,5.58663,8.51,-119.17164,-1.87744,-11.78426,21.76712,-21.65344,TEX_BOB,TEX_BOB,TexasStateUniversity,TeamExclusive,Team,20250905-TexasStateUniversity-Private-1,8a64f9a0-8a77-11f0-acec-399390ecde07,81.8129,NA,NA,6.70653,NA,NA,NA,NA,NA,NA,a5c64dc5-3a98-4e95-b9c8-afd0ddd7a1dc,2025-09-05,16:44:06,2025-09-05T16:44:06Z,2025-09-05T16:44:06Z,NA,v3,471452,471452,NA,"Mayo, Jackson",825310,Left,TEX_BOB,0171faa3-490b-40bf-8f76-921f6f3d6408,54.38086,-119.96915,10.88356,5.64089,-1.08409,-10.82672,-3.04922,8.94175,-5.89213,NA,NA,NA,NA,NA,NA,NA,NA,NA,NA,NA,NA,NA,NA,NA,NA,NA,NA,NA,NA,NA,NA,NA,NA,NA,NA,NA,NA,NA,NA,NA,NA,NA,NA,NA,NA,NA,NA,NA,NA,NA,NA,NA,NA,NA,NA,NA,NA,NA,NA,High,High,High,NA,NA,NA,NA,NA,246.678317,-10.038298,1635.646169,0.984691,2:15:00,0.152373,-0.902653,-0.402493,-34.52367,-40.029062,59.111877,105.650767,34.66167,0.792029,0.568729,-0.221895,68.686296,52.375502,0.568729,0.792029,0.221895,-68.686296,-52.375502,-0.568729,-0.792029,0.221895,-105.650767,-34.66167,-0.792029,-0.568729,-0.221895
114,2025-09-05,11:44:19,4,8,"Smith, Cade",NA,Right,TEX_BOB,"Smith, Cade",NA,Right,TEX_BOB,Undefined,4,Top,0,1,1,Changeup,Changeup,BallCalled,Undefined,Undefined,Undefined,0,0,NA,82.10761,-2.25605,-4.27377,1703.631398,242.209416,2:00:00,5.64288,2.8635,5.90231,-30.16502,11.00036,18.61084,1.02782,0.43951,76.13486,-7.823244,-0.940174,0.461782,NA,NA,NA,NA,NA,NA,NA,NA,NA,NA,NA,-10.64382,6.55492,-2.53025,50,5.44338,8.19808,-119.06963,-5.64087,-15.46266,20.3103,-22.65146,TEX_BOB,TEX_BOB,TexasStateUniversity,TeamExclusive,Team,20250905-TexasStateUniversity-Private-1,92482bb0-8a77-11f0-acec-399390ecde07,81.62381,NA,NA,5.97275,NA,NA,NA,NA,NA,NA,a5c64dc5-3a98-4e95-b9c8-afd0ddd7a1dc,2025-09-05,16:44:19,2025-09-05T16:44:19Z,2025-09-05T16:44:19Z,NA,v3,471452,471452,NA,"Mayo, Jackson",825310,Left,TEX_BOB,8e4635ca-42dc-4223-bec8-2bbbf9ad3af7,54.60164,-119.85198,10.15515,5.64386,-4.76833,-11.32573,-2.85751,8.7937,-7.73133,NA,NA,NA,NA,NA,NA,NA,NA,NA,NA,NA,NA,NA,NA,NA,NA,NA,NA,NA,NA,NA,NA,NA,NA,NA,NA,NA,NA,NA,NA,NA,NA,NA,NA,NA,NA,NA,NA,NA,NA,NA,NA,NA,NA,NA,NA,NA,NA,NA,NA,High,High,High,NA,NA,NA,NA,NA,247.894965,-14.376882,1650.279497,0.968683,2:15:00,0.255483,-0.887011,-0.38463,-35.422893,-30.720449,70.172088,107.951574,28.088477,0.839273,0.470834,-0.271912,59.993082,57.063398,0.470834,0.839273,0.271912,-59.993082,-57.063398,-0.470834,-0.839273,0.271912,-107.951574,-28.088477,-0.839273,-0.470834,-0.271912
115,2025-09-05,11:44:33,4,9,"Smith, Cade",NA,Right,TEX_BOB,"Smith, Cade",NA,Right,TEX_BOB,Undefined,4,Top,0,2,1,Fastball,Sinker,StrikeCalled,Undefined,Undefined,Undefined,0,0,NA,92.10592,-1.322528,-4.056393,2384.286735,240.384939,2:00:00,5.64465,2.85187,5.93388,-19.76741,13.12847,21.27915,2.76703,0.85536,84.2838,-5.039471,-0.244197,0.412802,NA,NA,NA,NA,NA,NA,NA,NA,NA,NA,NA,-11.96182,7.3952,-2.53929,50,5.52753,8.54117,-133.56114,-3.73331,-21.67578,27.91002,-18.77333,TEX_BOB,TEX_BOB,TexasStateUniversity,TeamExclusive,Team,20250905-TexasStateUniversity-Private-1,9a3f5af0-8a77-11f0-acec-399390ecde07,91.30867,NA,NA,7.82212,NA,NA,NA,NA,NA,NA,a5c64dc5-3a98-4e95-b9c8-afd0ddd7a1dc,2025-09-05,16:44:33,2025-09-05T16:44:33Z,2025-09-05T16:44:33Z,NA,v3,471452,471452,NA,"Mayo, Jackson",825310,Left,TEX_BOB,737390e9-69dc-41b7-bc4b-f09a352be73f,54.56847,-134.51242,13.95501,5.64387,-3.09345,-9.38666,-2.843,9.27996,-10.83789,NA,NA,NA,NA,NA,NA,NA,NA,NA,NA,NA,NA,NA,NA,NA,NA,NA,NA,NA,NA,NA,NA,NA,NA,NA,NA,NA,NA,NA,NA,NA,NA,NA,NA,NA,NA,NA,NA,NA,NA,NA,NA,NA,NA,NA,NA,NA,NA,NA,NA,High,High,High,NA,NA,NA,NA,NA,240.450687,-14.126862,2312.180407,0.969758,2:00:00,0.228985,-0.837765,-0.495698,-34.556258,-37.137314,-10.939137,179.582847,-16.630008,0.006976,-0.28619,-0.958147,16.630424,-0.399704,0.28619,-0.006976,0.958147,-16.630424,0.399704,-0.28619,0.006976,0.958147,-179.582847,16.630008,-0.006976,0.28619,-0.958147
116,2025-09-05,11:44:46,4,10,"Smith, Cade",NA,Right,TEX_BOB,"Smith, Cade",NA,Right,TEX_BOB,Undefined,4,Top,0,2,2,Fastball,Sinker,BallCalled,Undefined,Undefined,Undefined,0,0,NA,92.72377,-3.104147,-5.531921,2441.633365,239.297178,2:00:00,5.74215,2.72281,5.96297,-18.5806,14.3778,22.2467,1.29905,-0.56895,84.02787,-6.62263,-1.556288,0.413195,NA,NA,NA,NA,NA,NA,NA,NA,NA,NA,NA,-13.06871,8.64634,-2.295,50,5.48415,11.99422,-133.88952,-7.87877,-23.54782,30.90111,-16.59466,TEX_BOB,TEX_BOB,TexasStateUniversity,TeamExclusive,Team,20250905-TexasStateUniversity-Private-1,a2758f00-8a77-11f0-acec-399390ecde07,91.22202,NA,NA,8.6959,NA,NA,NA,NA,NA,NA,a5c64dc5-3a98-4e95-b9c8-afd0ddd7a1dc,2025-09-05,16:44:46,2025-09-05T16:44:46Z,2025-09-05T16:44:46Z,NA,v3,471452,471452,NA,"Mayo, Jackson",825310,Left,TEX_BOB,db27dd24-1570-43ea-883e-16ad3c52ce15,54.53879,-134.93299,15.45055,5.74074,-7.3184,-8.29733,-2.71344,12.78938,-11.77391,NA,NA,NA,NA,NA,NA,NA,NA,NA,NA,NA,NA,NA,NA,NA,NA,NA,NA,NA,NA,NA,NA,NA,NA,NA,NA,NA,NA,NA,NA,NA,NA,NA,NA,NA,NA,NA,NA,NA,NA,NA,NA,NA,NA,NA,NA,NA,NA,NA,NA,High,High,High,NA,NA,NA,NA,NA,238.466996,-13.864532,2370.49639,0.970865,2:00:00,0.233815,-0.813316,-0.532773,-38.534731,-31.858609,-3.715923,177.724604,14.302866,0.038472,0.247047,-0.968239,14.313688,2.204831,0.247047,0.038472,0.968239,-14.313688,-2.204831,-0.247047,-0.038472,0.968239,-177.724604,-14.302866,-0.038472,-0.247047,-0.968239
117,2025-09-05,11:45:01,4,11,"Smith, Cade",NA,Right,TEX_BOB,"Smith, Cade",NA,Right,TEX_BOB,Undefined,4,Top,0,3,2,Changeup,Changeup,BallCalled,Walk,Undefined,Undefined,0,0,NA,85.07372,-2.140782,-5.297704,1646.466191,256.85785,2:30:00,5.64737,2.90501,6.13981,-32.90439,5.61898,18.738,0.91742,-0.44361,78.03369,-8.232118,-1.932623,0.446718,NA,NA,NA,NA,NA,NA,NA,NA,NA,NA,NA,-11.20099,3.8637,-2.50957,50,5.46626,10.69726,-123.11581,-5.66467,-17.18824,24.4903,-26.24507,TEX_BOB,TEX_BOB,TexasStateUniversity,TeamExclusive,Team,20250905-TexasStateUniversity-Private-1,ab48c660-8a77-11f0-acec-399390ecde07,84.37634,NA,NA,7.04003,NA,NA,NA,NA,NA,NA,a5c64dc5-3a98-4e95-b9c8-afd0ddd7a1dc,2025-09-05,16:45:01,2025-09-05T16:45:01Z,2025-09-05T16:45:01Z,NA,v3,471452,471452,NA,"Mayo, Jackson",825310,Left,TEX_BOB,149fbde8-31c4-4d9d-bef9-4f8a943418c0,54.36332,-123.98073,12.24515,5.64995,-4.73778,-13.12254,-2.89808,11.30429,-8.59412,NA,NA,NA,NA,NA,NA,NA,NA,NA,NA,NA,NA,NA,NA,NA,NA,NA,NA,NA,NA,NA,NA,NA,NA,NA,NA,NA,NA,NA,NA,NA,NA,NA,NA,NA,NA,NA,NA,NA,NA,NA,NA,NA,NA,NA,NA,NA,NA,NA,NA,High,High,High,NA,NA,NA,NA,NA,248.389478,-16.724505,1576.819858,0.9577,2:15:00,0.286893,-0.879011,-0.380832,-32.920661,-33.719478,65.579989,110.274294,33.883846,0.778736,0.557511,-0.287666,62.707051,51.144984,0.557511,0.778736,0.287666,-62.707051,-51.144984,-0.557511,-0.778736,0.287666,-110.274294,-33.883846,-0.778736,-0.557511,-0.287666
118,2025-09-05,11:45:15,5,1,"Smith, Cade",NA,Right,TEX_BOB,"Smith, Cade",NA,Right,TEX_BOB,Undefined,4,Top,0,0,0,Changeup,Changeup,BallCalled,Undefined,Undefined,Undefined,0,0,NA,83.7916,-0.842875,-2.784476,1525.443904,254.307208,2:30:00,5.71179,2.88344,6.60899,-32.44352,6.30981,18.09273,2.23511,1.83856,76.81542,-6.929041,0.507272,0.448049,NA,NA,NA,NA,NA,NA,NA,NA,NA,NA,NA,-10.22945,3.96225,-2.70008,50,5.64123,5.25782,-121.75783,-2.72705,-15.33936,24.15214,-26.23256,TEX_BOB,TEX_BOB,TexasStateUniversity,TeamExclusive,Team,20250905-TexasStateUniversity-Private-1,b36cf910-8a77-11f0-acec-399390ecde07,84.12564,NA,NA,6.97618,NA,NA,NA,NA,NA,NA,a5c64dc5-3a98-4e95-b9c8-afd0ddd7a1dc,2025-09-05,16:45:15,2025-09-05T16:45:15Z,2025-09-05T16:45:15Z,NA,v3,471452,471452,NA,"Mayo, Jackson",825310,Left,TEX_BOB,1e9e0634-5592-4acc-a923-4199db3b79e0,53.89243,-122.52751,12.07607,5.71482,-1.89108,-13.11628,-2.87542,5.74665,-7.66968,NA,NA,NA,NA,NA,NA,NA,NA,NA,NA,NA,NA,NA,NA,NA,NA,NA,NA,NA,NA,NA,NA,NA,NA,NA,NA,NA,NA,NA,NA,NA,NA,NA,NA,NA,NA,NA,NA,NA,NA,NA,NA,NA,NA,NA,NA,NA,NA,NA,NA,High,High,High,NA,NA,NA,NA,NA,247.562805,-16.865729,1459.830432,0.956987,2:15:00,0.285009,-0.880178,-0.379547,-30.624556,-46.077794,51.659862,115.453564,45.765602,0.629883,0.716492,-0.299812,67.293392,39.041456,0.716492,0.629883,0.299812,-67.293392,-39.041456,-0.716492,-0.629883,0.299812,-115.453564,-45.765602,-0.629883,-0.716492,-0.299812
119,2025-09-05,11:45:31,5,2,"Smith, Cade",NA,Right,TEX_BOB,"Smith, Cade",NA,Right,TEX_BOB,Undefined,4,Top,0,1,0,Fastball,Sinker,StrikeCalled,Undefined,Undefined,Undefined,3,0,NA,93.52729,-0.725806,-3.661938,2382.422085,244.167005,2:15:00,5.70524,2.5882,6.15953,-20.3571,11.44973,21.46852,3.33687,0.98954,85.00742,-4.573954,0.203113,0.405912,NA,NA,NA,NA,NA,NA,NA,NA,NA,NA,NA,-12.06812,6.43945,-2.32007,50,5.63957,7.73778,-135.65567,-2.37406,-22.39361,30.84176,-20.225,TEX_BOB,TEX_BOB,TexasStateUniversity,TeamExclusive,Team,20250905-TexasStateUniversity-Private-1,bced3950-8a77-11f0-acec-399390ecde07,92.85873,NA,NA,8.51986,NA,NA,NA,NA,NA,NA,a5c64dc5-3a98-4e95-b9c8-afd0ddd7a1dc,2025-09-05,16:45:31,2025-09-05T16:45:31Z,2025-09-05T16:45:31Z,NA,v3,471452,471452,NA,"Mayo, Jackson",825310,Left,TEX_BOB,fba93568-b6cf-4e62-9623-78b0eb4271d3,54.3415,-136.63916,15.42088,5.70499,-1.72912,-10.1125,-2.5782,8.45187,-11.1968,NA,NA,NA,NA,NA,NA,NA,NA,NA,NA,NA,NA,NA,NA,NA,NA,NA,NA,NA,NA,NA,NA,NA,NA,NA,NA,NA,NA,NA,NA,NA,NA,NA,NA,NA,NA,NA,NA,NA,NA,NA,NA,NA,NA,NA,NA,NA,NA,NA,NA,High,High,High,NA,NA,NA,NA,NA,237.966453,-13.69391,2314.700039,0.971574,2:00:00,0.21373,-0.820575,-0.530071,-29.015253,-43.755764,-21.979652,179.914361,13.923557,0.001451,0.240627,-0.970617,13.923572,0.083122,0.240627,0.001451,0.970617,-13.923572,-0.083122,-0.240627,-0.001451,0.970617,-179.914361,-13.923557,-0.001451,-0.240627,-0.970617
,,,,,,,,,,,,,,,,,,,,,,,,,,,,,,,,,,,,,,,,,,,,,,,,,,,,,,,,,,,,,,,,,,,,,,,,,,,,,,,,,,,,,,,,,,,,,,,,,,,,,,,,,,,,,,,,,,,,,,,,,,,,,,,,,,,,,,,,,,,,,,,,,,,,,,,,,,,,,,,,,,,,,,,,,,,,,,,,,,,,,,,,,,,,,,,,,,,,,
,,,,,,,,,,,,,,,,,,,,,,,,,,,,,,,,,,,,,,,,,,,,,,,,,,,,,,,,,,,,,,,,,,,,,,,,,,,,,,,,,,,,,,,,,,,,,,,,,,,,,,,,,,,,,,,,,,,,,,,,,,,,,,,,,,,,,,,,,,,,,,,,,,,,,,,,,,,,,,,,,,,,,,,,,,,,,,,,,,,,,,,,,,,,,,,,,,,,,
,,,,,,,,,,,,,,,,,,,,,,,,,,,,,,,,,,,,,,,,,,,,,,,,,,,,,,,,,,,,,,,,,,,,,,,,,,,,,,,,,,,,,,,,,,,,,,,,,,,,,,,,,,,,,,,,,,,,,,,,,,,,,,,,,,,,,,,,,,,,,,,,,,,,,,,,,,,,,,,,,,,,,,,,,,,,,,,,,,,,,,,,,,,,,,,,,,,,,
,,,,,,,,,,,,,,,,,,,,,,,,,,,,,,,,,,,,,,,,,,,,,,,,,,,,,,,,,,,,,,,,,,,,,,,,,,,,,,,,,,,,,,,,,,,,,,,,,,,,,,,,,,,,,,,,,,,,,,,,,,,,,,,,,,,,,,,,,,,,,,,,,,,,,,,,,,,,,,,,,,,,,,,,,,,,,,,,,,,,,,,,,,,,,,,,,,,,,
,,,,,,,,,,,,,,,,,,,,,,,,,,,,,,,,,,,,,,,,,,,,,,,,,,,,,,,,,,,,,,,,,,,,,,,,,,,,,,,,,,,,,,,,,,,,,,,,,,,,,,,,,,,,,,,,,,,,,,,,,,,,,,,,,,,,,,,,,,,,,,,,,,,,,,,,,,,,,,,,,,,,,,,,,,,,,,,,,,,,,,,,,,,,,,,,,,,,,
,,,,,,,,,,,,,,,,,,,,,,,,,,,,,,,,,,,,,,,,,,,,,,,,,,,,,,,,,,,,,,,,,,,,,,,,,,,,,,,,,,,,,,,,,,,,,,,,,,,,,,,,,,,,,,,,,,,,,,,,,,,,,,,,,,,,,,,,,,,,,,,,,,,,,,,,,,,,,,,,,,,,,,,,,,,,,,,,,,,,,,,,,,,,,,,,,,,,,
,,,,,,,,,,,,,,,,,,,,,,,,,,,,,,,,,,,,,,,,,,,,,,,,,,,,,,,,,,,,,,,,,,,,,,,,,,,,,,,,,,,,,,,,,,,,,,,,,,,,,,,,,,,,,,,,,,,,,,,,,,,,,,,,,,,,,,,,,,,,,,,,,,,,,,,,,,,,,,,,,,,,,,,,,,,,,,,,,,,,,,,,,,,,,,,,,,,,,
,,,,,,,,,,,,,,,,,,,,,,,,,,,,,,,,,,,,,,,,,,,,,,,,,,,,,,,,,,,,,,,,,,,,,,,,,,,,,,,,,,,,,,,,,,,,,,,,,,,,,,,,,,,,,,,,,,,,,,,,,,,,,,,,,,,,,,,,,,,,,,,,,,,,,,,,,,,,,,,,,,,,,,,,,,,,,,,,,,,,,,,,,,,,,,,,,,,,,
,,,,,,,,,,,,,,,,,,,,,,,,,,,,,,,,,,,,,,,,,,,,,,,,,,,,,,,,,,,,,,,,,,,,,,,,,,,,,,,,,,,,,,,,,,,,,,,,,,,,,,,,,,,,,,,,,,,,,,,,,,,,,,,,,,,,,,,,,,,,,,,,,,,,,,,,,,,,,,,,,,,,,,,,,,,,,,,,,,,,,,,,,,,,,,,,,,,,,
,,,,,,,,,,,,,,,,,,,,,,,,,,,,,,,,,,,,,,,,,,,,,,,,,,,,,,,,,,,,,,,,,,,,,,,,,,,,,,,,,,,,,,,,,,,,,,,,,,,,,,,,,,,,,,,,,,,,,,,,,,,,,,,,,,,,,,,,,,,,,,,,,,,,,,,,,,,,,,,,,,,,,,,,,,,,,,,,,,,,,,,,,,,,,,,,,,,,,
,,,,,,,,,,,,,,,,,,,,,,,,,,,,,,,,,,,,,,,,,,,,,,,,,,,,,,,,,,,,,,,,,,,,,,,,,,,,,,,,,,,,,,,,,,,,,,,,,,,,,,,,,,,,,,,,,,,,,,,,,,,,,,,,,,,,,,,,,,,,,,,,,,,,,,,,,,,,,,,,,,,,,,,,,,,,,,,,,,,,,,,,,,,,,,,,,,,,,
,,,,,,,,,,,,,,,,,,,,,,,,,,,,,,,,,,,,,,,,,,,,,,,,,,,,,,,,,,,,,,,,,,,,,,,,,,,,,,,,,,,,,,,,,,,,,,,,,,,,,,,,,,,,,,,,,,,,,,,,,,,,,,,,,,,,,,,,,,,,,,,,,,,,,,,,,,,,,,,,,,,,,,,,,,,,,,,,,,,,,,,,,,,,,,,,,,,,,
,,,,,,,,,,,,,,,,,,,,,,,,,,,,,,,,,,,,,,,,,,,,,,,,,,,,,,,,,,,,,,,,,,,,,,,,,,,,,,,,,,,,,,,,,,,,,,,,,,,,,,,,,,,,,,,,,,,,,,,,,,,,,,,,,,,,,,,,,,,,,,,,,,,,,,,,,,,,,,,,,,,,,,,,,,,,,,,,,,,,,,,,,,,,,,,,,,,,,
,,,,,,,,,,,,,,,,,,,,,,,,,,,,,,,,,,,,,,,,,,,,,,,,,,,,,,,,,,,,,,,,,,,,,,,,,,,,,,,,,,,,,,,,,,,,,,,,,,,,,,,,,,,,,,,,,,,,,,,,,,,,,,,,,,,,,,,,,,,,,,,,,,,,,,,,,,,,,,,,,,,,,,,,,,,,,,,,,,,,,,,,,,,,,,,,,,,,,
,,,,,,,,,,,,,,,,,,,,,,,,,,,,,,,,,,,,,,,,,,,,,,,,,,,,,,,,,,,,,,,,,,,,,,,,,,,,,,,,,,,,,,,,,,,,,,,,,,,,,,,,,,,,,,,,,,,,,,,,,,,,,,,,,,,,,,,,,,,,,,,,,,,,,,,,,,,,,,,,,,,,,,,,,,,,,,,,,,,,,,,,,,,,,,,,,,,,,
16,2025-09-10,11:42:20,4,4,"Tovar, Jesus",NA,Left,TEX_BOB,"Tovar, Jesus",NA,Left,TEX_BOB,Undefined,1,Top,2,1,2,Fastball,Sinker,BallCalled,Undefined,Undefined,Undefined,0,0,NA,87.50111,0.416324,2.504055,1977.648762,137.001423,10:30:00,6.0109,-2.41608,5.61155,-23.52462,13.66398,-11.56221,4.43949,-1.04079,79.23978,-3.998021,0.442352,0.438911,NA,NA,NA,NA,NA,NA,NA,NA,NA,NA,NA,6.55839,7.15859,2.20935,50,6.03157,-5.03699,-126.83946,0.15065,10.60529,27.73555,-20.59823,TEX_BOB,TEX_BOB,TexasStateUniversity,TeamExclusive,Team,20250910-TexasStateUniversity-Private-3,1c43eca0-8e65-11f0-b418-116ab4ca037e,85.87721,NA,NA,8.26133,NA,NA,NA,NA,NA,NA,1419714d-bb20-4b12-8843-8c0697cfa408,2025-09-10,16:42:20,2025-09-10T16:42:20Z,2025-09-10T16:42:20Z,NA,v3,471452,471452,NA,"Mora, Chase",804993,Right,TEX_BOB,4dfef167-0cd4-4609-9cdb-cabc02486248,54.88672,-127.90355,13.86777,6.01064,0.94092,-10.29911,2.4104,-5.44387,5.30264,NA,NA,NA,NA,NA,NA,NA,NA,NA,NA,NA,NA,NA,NA,NA,NA,NA,NA,NA,NA,NA,NA,NA,NA,NA,NA,NA,NA,NA,NA,NA,NA,NA,NA,NA,NA,NA,NA,NA,NA,NA,NA,NA,NA,NA,NA,NA,NA,NA,NA,High,High,High,NA,NA,NA,NA,NA,130.326777,-19.959423,1858.860508,0.939935,10:15:00,0.372797,0.714075,-0.592553,31.087902,-44.937701,18.657475,179.63783,-2.77524,0.006314,-0.048418,-0.998807,2.775295,-0.361745,0.048418,-0.006314,0.998807,-2.775295,0.361745,-0.048418,0.006314,0.998807,-179.63783,2.77524,-0.006314,0.048418,-0.998807
17,2025-09-10,11:42:34,4,5,"Tovar, Jesus",NA,Left,TEX_BOB,"Tovar, Jesus",NA,Left,TEX_BOB,Undefined,1,Top,2,2,2,Fastball,Sinker,BallCalled,Undefined,Undefined,Undefined,0,0,NA,87.60842,-0.150909,2.410737,1925.868977,133.949699,10:30:00,6.14183,-2.55597,5.71482,-25.08438,11.68875,-10.88194,3.91075,-1.2156,79.80136,-4.834821,0.465836,0.436452,NA,NA,NA,NA,NA,NA,NA,NA,NA,NA,NA,6.18473,6.34666,2.36081,50,6.1138,-4.87947,-127.09746,-1.16958,10.08904,26.71114,-21.82086,TEX_BOB,TEX_BOB,TexasStateUniversity,TeamExclusive,Team,20250910-TexasStateUniversity-Private-3,24b61840-8e65-11f0-b418-116ab4ca037e,86.36098,NA,NA,7.80706,NA,NA,NA,NA,NA,NA,1419714d-bb20-4b12-8843-8c0697cfa408,2025-09-10,16:42:34,2025-09-10T16:42:34Z,2025-09-10T16:42:34Z,NA,v3,471452,471452,NA,"Mora, Chase",804993,Right,TEX_BOB,cf505ccf-0444-442b-b41a-fd8adb6eb1fe,54.78438,-128.09901,13.35557,6.14231,-0.3514,-10.91043,2.55086,-5.25776,5.04452,NA,NA,NA,NA,NA,NA,NA,NA,NA,NA,NA,NA,NA,NA,NA,NA,NA,NA,NA,NA,NA,NA,NA,NA,NA,NA,NA,NA,NA,NA,NA,NA,NA,NA,NA,NA,NA,NA,NA,NA,NA,NA,NA,NA,NA,NA,NA,NA,NA,NA,High,High,High,NA,NA,NA,NA,NA,134.667841,-24.471305,1752.86594,0.910169,10:30:00,0.43908,0.648396,-0.621926,14.851645,-52.25934,33.945639,177.313584,-2.142086,0.046837,-0.037378,-0.998203,2.144441,-2.684537,0.037378,-0.046837,0.998203,-2.144441,2.684537,-0.037378,0.046837,0.998203,-177.313584,2.142086,-0.046837,0.037378,-0.998203
18,2025-09-10,11:42:47,4,6,"Tovar, Jesus",NA,Left,TEX_BOB,"Tovar, Jesus",NA,Left,TEX_BOB,Undefined,1,Top,2,3,2,Curveball,Curveball,StrikeCalled,Strikeout,Undefined,Undefined,0,0,NA,77.7031,1.083953,1.871497,2082.82294,308.93263,4:15:00,5.89755,-2.65069,5.24381,-51.42286,-3.78303,6.57752,2.63172,-0.34304,71.19041,-8.249693,3.038105,0.496771,NA,NA,NA,NA,NA,NA,NA,NA,NA,NA,NA,-2.7365,-1.73811,2.47358,50,5.95894,-3.94536,-112.7045,0.34689,-3.50223,21.43876,-34.39854,TEX_BOB,TEX_BOB,TexasStateUniversity,TeamExclusive,Team,20250910-TexasStateUniversity-Private-3,2cf80c20-8e65-11f0-b418-116ab4ca037e,75.87485,NA,NA,6.51269,NA,NA,NA,NA,NA,NA,1419714d-bb20-4b12-8843-8c0697cfa408,2025-09-10,16:42:47,2025-09-10T16:42:47Z,2025-09-10T16:42:47Z,NA,v3,471452,471452,NA,"Mora, Chase",804993,Right,TEX_BOB,f9b0dad2-dc8e-4d34-b292-bee5cd5e2a22,55.25811,-113.7003,10.71938,5.90572,1.94466,-17.19927,2.65306,-3.78269,-1.75112,NA,NA,NA,NA,NA,NA,NA,NA,NA,NA,NA,NA,NA,NA,NA,NA,NA,NA,NA,NA,NA,NA,NA,NA,NA,NA,NA,NA,NA,NA,NA,NA,NA,NA,NA,NA,NA,NA,NA,NA,NA,NA,NA,NA,NA,NA,NA,NA,NA,NA,High,High,High,NA,NA,NA,NA,NA,326.690822,-76.557976,484.175807,0.232461,5:00:00,0.963155,-0.146034,0.225848,-100.426135,21.420835,16.352801,124.096936,-26.671335,0.739978,-0.448872,-0.500945,41.86193,-47.729563,0.448872,-0.739978,0.500945,-41.86193,47.729563,-0.448872,0.739978,0.500945,-124.096936,26.671335,-0.739978,0.448872,-0.500945
19,2025-09-10,11:43:00,1,1,"Tovar, Jesus",NA,Left,TEX_BOB,"Tovar, Jesus",NA,Left,TEX_BOB,Undefined,1,Bottom,0,0,0,Curveball,Curveball,StrikeCalled,Undefined,Undefined,Undefined,0,0,NA,78.73977,0.415509,3.594479,2290.484378,333.3726,5:00:00,5.70855,-2.73893,4.60612,-53.4494,-5.62481,3.61961,1.65035,0.98541,72.00056,-9.144987,4.227729,0.497734,NA,NA,NA,NA,NA,NA,NA,NA,NA,NA,NA,-0.67496,-2.36693,2.3646,50,5.70195,-7.31199,-113.89492,-1.2215,-0.87923,22.5377,-35.25735,TEX_BOB,TEX_BOB,TexasStateUniversity,TeamExclusive,Team,20250910-TexasStateUniversity-Private-3,346ec0c0-8e65-11f0-b418-116ab4ca037e,75.72812,NA,NA,6.73922,NA,NA,NA,NA,NA,NA,1419714d-bb20-4b12-8843-8c0697cfa408,2025-09-10,16:43:00,2025-09-10T16:43:00Z,2025-09-10T16:43:00Z,NA,v3,471452,471452,NA,"Collier, Ian",822899,Right,TEX_BOB,c740c6d6-5a58-4f52-8e89-e2192fcb0402,55.89505,-115.05552,11.26885,5.7181,0.59412,-17.62868,2.73997,-7.26671,-0.43962,NA,NA,NA,NA,NA,NA,NA,NA,NA,NA,NA,NA,NA,NA,NA,NA,NA,NA,NA,NA,NA,NA,NA,NA,NA,NA,NA,NA,NA,NA,NA,NA,NA,NA,NA,NA,NA,NA,NA,NA,NA,NA,NA,NA,NA,NA,NA,NA,NA,NA,High,High,High,NA,NA,NA,NA,NA,329.478998,-78.216316,467.756528,0.204217,5:00:00,0.965194,-0.110809,0.2369,-104.880179,33.465238,25.828197,140.402484,-29.653417,0.553914,-0.494752,-0.669626,36.458782,-33.635954,0.494752,-0.553914,0.669626,-36.458782,33.635954,-0.494752,0.553914,0.669626,-140.402484,29.653417,-0.553914,0.494752,-0.669626
20,2025-09-10,11:43:15,1,2,"Tovar, Jesus",NA,Left,TEX_BOB,"Tovar, Jesus",NA,Left,TEX_BOB,Undefined,1,Bottom,0,0,1,Fastball,Sinker,BallCalled,Undefined,Undefined,Undefined,0,0,NA,87.34236,-0.791401,1.824693,1933.79386,129.892796,10:15:00,6.12953,-2.5653,5.7182,-24.38942,12.76016,-13.74698,3.35943,-2.0105,79.26554,-5.359536,-0.634437,0.438681,NA,NA,NA,NA,NA,NA,NA,NA,NA,NA,NA,7.47437,7.09949,2.42099,50,6.04845,-3.43677,-126.68318,-2.54749,12.0527,27.74645,-20.72586,TEX_BOB,TEX_BOB,TexasStateUniversity,TeamExclusive,Team,20250910-TexasStateUniversity-Private-3,3d6f49b0-8e65-11f0-b418-116ab4ca037e,85.92228,NA,NA,8.07682,NA,NA,NA,NA,NA,NA,1419714d-bb20-4b12-8843-8c0697cfa408,2025-09-10,16:43:15,2025-09-10T16:43:15Z,2025-09-10T16:43:15Z,NA,v3,471452,471452,NA,"Collier, Ian",822899,Right,TEX_BOB,3f73794c-034d-4b29-bd3f-1acd01114990,54.7802,-127.72586,13.87323,6.12954,-1.76864,-10.36293,2.55865,-3.8897,6.02635,NA,NA,NA,NA,NA,NA,NA,NA,NA,NA,NA,NA,NA,NA,NA,NA,NA,NA,NA,NA,NA,NA,NA,NA,NA,NA,NA,NA,NA,NA,NA,NA,NA,NA,NA,NA,NA,NA,NA,NA,NA,NA,NA,NA,NA,NA,NA,NA,NA,NA,High,High,High,NA,NA,NA,NA,NA,131.457378,-25.166785,1750.226024,0.905074,10:30:00,0.434714,0.684115,-0.585671,-3.26978,-55.198209,60.70208,178.919185,-0.728107,0.018861,-0.012708,-0.999741,0.728236,-1.080728,0.012708,-0.018861,0.999741,-0.728236,1.080728,-0.012708,0.018861,0.999741,-178.919185,0.728107,-0.018861,0.012708,-0.999741
21,2025-09-10,11:43:31,1,3,"Tovar, Jesus",NA,Left,TEX_BOB,"Tovar, Jesus",NA,Left,TEX_BOB,Undefined,1,Bottom,0,1,1,Fastball,Sinker,BallCalled,Undefined,Undefined,Undefined,0,0,NA,86.85765,-2.08306,2.928759,2039.400972,135.229902,10:30:00,6.05756,-2.61265,5.75652,-22.47064,15.22458,-13.77713,2.24253,-1.03203,78.68634,-6.310101,0.464769,0.44189,NA,NA,NA,NA,NA,NA,NA,NA,NA,NA,NA,7.87969,8.77811,2.37785,50,5.871,-5.84718,-125.79441,-5.28207,12.49629,27.96858,-18.253,TEX_BOB,TEX_BOB,TexasStateUniversity,TeamExclusive,Team,20250910-TexasStateUniversity-Private-3,46d59950-8e65-11f0-b418-116ab4ca037e,85.2982,NA,NA,8.17131,NA,NA,NA,NA,NA,NA,1419714d-bb20-4b12-8843-8c0697cfa408,2025-09-10,16:43:31,2025-09-10T16:43:31Z,2025-09-10T16:43:31Z,NA,v3,471452,471452,NA,"Collier, Ian",822899,Right,TEX_BOB,dfeec7bc-97b6-4e9d-b267-590cb815ed4c,54.7422,-126.84439,13.98429,6.05644,-4.59683,-9.1265,2.60616,-6.3163,6.24814,NA,NA,NA,NA,NA,NA,NA,NA,NA,NA,NA,NA,NA,NA,NA,NA,NA,NA,NA,NA,NA,NA,NA,NA,NA,NA,NA,NA,NA,NA,NA,NA,NA,NA,NA,NA,NA,NA,NA,NA,NA,NA,NA,NA,NA,NA,NA,NA,NA,NA,High,High,High,NA,NA,NA,NA,NA,131.442847,-17.80656,1941.702219,0.952094,10:30:00,0.311493,0.724349,-0.615053,6.965186,-48.883029,56.929626,177.313048,0.788952,0.046875,0.013769,-0.998806,0.78982,2.686697,0.013769,0.046875,0.998806,-0.78982,-2.686697,-0.013769,-0.046875,0.998806,-177.313048,-0.788952,-0.046875,-0.013769,-0.998806
22,2025-09-10,11:43:44,1,4,"Tovar, Jesus",NA,Left,TEX_BOB,"Tovar, Jesus",NA,Left,TEX_BOB,Undefined,1,Bottom,0,2,1,Curveball,Curveball,BallCalled,Undefined,Undefined,Undefined,0,0,NA,78.15862,2.506091,0.912974,2074.628626,340.547485,5:15:00,5.92476,-2.46566,5.16851,-53.99212,-6.17591,2.79099,3.78582,-1.37376,70.50861,-7.327912,1.407335,0.49769,NA,NA,NA,NA,NA,NA,NA,NA,NA,NA,NA,-1.07421,-3.26677,2.37839,50,6.11781,-1.92043,-113.1411,3.01256,-1.36921,23.8508,-36.33798,TEX_BOB,TEX_BOB,TexasStateUniversity,TeamExclusive,Team,20250910-TexasStateUniversity-Private-3,4e4bd8c0-8e65-11f0-b418-116ab4ca037e,75.73477,NA,NA,7.65001,NA,NA,NA,NA,NA,NA,1419714d-bb20-4b12-8843-8c0697cfa408,2025-09-10,16:43:44,2025-09-10T16:43:44Z,2025-09-10T16:43:44Z,NA,v3,471452,471452,NA,"Collier, Ian",822899,Right,TEX_BOB,0f80adf2-efca-4850-84a3-78804c3c3c95,55.33049,-114.25927,11.9254,5.93664,4.71615,-18.16899,2.46691,-1.85624,-0.68461,NA,NA,NA,NA,NA,NA,NA,NA,NA,NA,NA,NA,NA,NA,NA,NA,NA,NA,NA,NA,NA,NA,NA,NA,NA,NA,NA,NA,NA,NA,NA,NA,NA,NA,NA,NA,NA,NA,NA,NA,NA,NA,NA,NA,NA,NA,NA,NA,NA,NA,High,High,High,NA,NA,NA,NA,NA,327.953856,-75.814568,508.410345,0.245061,5:00:00,0.959463,-0.172298,0.223035,-105.618247,31.333149,25.795972,141.974042,-25.115025,0.557779,-0.424437,-0.713258,30.755527,-33.902306,0.424437,-0.557779,0.713258,-30.755527,33.902306,-0.424437,0.557779,0.713258,-141.974042,25.115025,-0.557779,0.424437,-0.713258
23,2025-09-10,11:44:00,1,5,"Tovar, Jesus",NA,Left,TEX_BOB,"Tovar, Jesus",NA,Left,TEX_BOB,Undefined,1,Bottom,0,3,1,Curveball,Curveball,StrikeCalled,Undefined,Undefined,Undefined,0,0,NA,77.22606,-0.068817,1.937758,2165.740943,314.663055,4:30:00,5.8006,-2.66014,5.26616,-54.39723,-6.43532,7.98756,1.20281,-0.1734,71.39635,-9.884627,3.357128,0.498448,NA,NA,NA,NA,NA,NA,NA,NA,NA,NA,NA,-3.48051,-2.82626,2.47657,50,5.75368,-4.10155,-112.11919,-2.00439,-4.4256,20.47569,-35.76776,TEX_BOB,TEX_BOB,TexasStateUniversity,TeamExclusive,Team,20250910-TexasStateUniversity-Private-3,58489c00-8e65-11f0-b418-116ab4ca037e,75.61962,NA,NA,5.8297,NA,NA,NA,NA,NA,NA,1419714d-bb20-4b12-8843-8c0697cfa408,2025-09-10,16:44:00,2025-09-10T16:44:00Z,2025-09-10T16:44:00Z,NA,v3,471452,471452,NA,"Collier, Ian",822899,Right,TEX_BOB,08adaf87-54a9-4513-90f5-e303ec07687a,55.23804,-113.07174,10.23785,5.80823,-0.34044,-17.88388,2.66258,-3.89567,-2.2128,NA,NA,NA,NA,NA,NA,NA,NA,NA,NA,NA,NA,NA,NA,NA,NA,NA,NA,NA,NA,NA,NA,NA,NA,NA,NA,NA,NA,NA,NA,NA,NA,NA,NA,NA,NA,NA,NA,NA,NA,NA,NA,NA,NA,NA,NA,NA,NA,NA,NA,High,High,High,NA,NA,NA,NA,NA,325.375677,-69.29795,765.607418,0.353508,4:45:00,0.9253,-0.199737,0.322373,-86.236394,14.047854,28.410274,133.248034,-31.785816,0.619152,-0.526745,-0.5824,42.127419,-38.254246,0.526745,-0.619152,0.5824,-42.127419,38.254246,-0.526745,0.619152,0.5824,-133.248034,31.785816,-0.619152,0.526745,-0.5824
24,2025-09-10,11:44:15,1,6,"Tovar, Jesus",NA,Left,TEX_BOB,"Tovar, Jesus",NA,Left,TEX_BOB,Undefined,1,Bottom,0,3,2,Fastball,Sinker,BallCalled,Walk,Undefined,Undefined,0,0,NA,87.66484,-1.709704,1.599251,2088.262425,135.886176,10:30:00,6.07023,-2.49441,5.69753,-22.97993,13.82032,-12.21162,2.56085,-2.02129,79.89411,-6.007368,-0.585134,0.436613,NA,NA,NA,NA,NA,NA,NA,NA,NA,NA,NA,6.6215,7.88189,2.36757,50,5.91238,-3.0186,-127.16092,-4.54445,10.79642,27.09596,-19.32259,TEX_BOB,TEX_BOB,TexasStateUniversity,TeamExclusive,Team,20250910-TexasStateUniversity-Private-3,60fd4ee0-8e65-11f0-b418-116ab4ca037e,86.32915,NA,NA,7.77073,NA,NA,NA,NA,NA,NA,1419714d-bb20-4b12-8843-8c0697cfa408,2025-09-10,16:44:15,2025-09-10T16:44:15Z,2025-09-10T16:44:15Z,NA,v3,471452,471452,NA,"Collier, Ian",822899,Right,TEX_BOB,4fbd8f30-0e36-43d0-bc07-b642c6a1d6a4,54.8013,-128.17992,13.54798,6.06962,-3.81779,-9.66129,2.48873,-3.42462,5.39821,NA,NA,NA,NA,NA,NA,NA,NA,NA,NA,NA,NA,NA,NA,NA,NA,NA,NA,NA,NA,NA,NA,NA,NA,NA,NA,NA,NA,NA,NA,NA,NA,NA,NA,NA,NA,NA,NA,NA,NA,NA,NA,NA,NA,NA,NA,NA,NA,NA,NA,High,High,High,NA,NA,NA,NA,NA,131.764704,-16.398848,2003.311177,0.95932,10:30:00,0.278579,0.723648,-0.631448,23.919552,-46.697141,33.364272,178.443539,-2.894692,0.027127,-0.0505,-0.998356,2.895758,-1.554475,0.0505,-0.027127,0.998356,-2.895758,1.554475,-0.0505,0.027127,0.998356,-178.443539,2.894692,-0.027127,0.0505,-0.998356
25,2025-09-10,11:44:29,2,1,"Tovar, Jesus",NA,Left,TEX_BOB,"Tovar, Jesus",NA,Left,TEX_BOB,Undefined,1,Bottom,0,0,0,Curveball,Slider,StrikeCalled,Undefined,Undefined,Undefined,0,0,NA,78.09564,1.222889,1.346005,2063.441043,308.819071,4:15:00,5.88137,-2.50954,5.37434,-51.08117,-3.87981,6.82205,2.77163,-0.67886,71.07844,-8.093775,2.559501,0.49448,NA,NA,NA,NA,NA,NA,NA,NA,NA,NA,NA,-2.99374,-1.82051,2.38394,50,5.95501,-2.93358,-113.23834,0.66145,-3.84267,22.89073,-34.51079,TEX_BOB,TEX_BOB,TexasStateUniversity,TeamExclusive,Team,20250910-TexasStateUniversity-Private-3,69907000-8e65-11f0-b418-116ab4ca037e,76.22643,NA,NA,7.0172,NA,NA,NA,NA,NA,NA,1419714d-bb20-4b12-8843-8c0697cfa408,2025-09-10,16:44:29,2025-09-10T16:44:29Z,2025-09-10T16:44:29Z,NA,v3,471452,471452,NA,"Collier, Ian",822899,Right,TEX_BOB,d7e5ae02-3f5e-4948-8530-cf82ee4d47fc,55.12646,-114.26994,11.44537,5.89016,2.21672,-17.25539,2.51224,-2.7604,-1.92134,NA,NA,NA,NA,NA,NA,NA,NA,NA,NA,NA,NA,NA,NA,NA,NA,NA,NA,NA,NA,NA,NA,NA,NA,NA,NA,NA,NA,NA,NA,NA,NA,NA,NA,NA,NA,NA,NA,NA,NA,NA,NA,NA,NA,NA,NA,NA,NA,NA,NA,High,High,High,NA,NA,NA,NA,NA,337.818512,-77.382802,450.730135,0.218436,5:15:00,0.968849,-0.103276,0.225091,-100.745452,21.733543,21.642572,127.162863,-25.788819,0.717551,-0.435055,-0.543918,38.654719,-45.852669,0.435055,-0.717551,0.543918,-38.654719,45.852669,-0.435055,0.717551,0.543918,-127.162863,25.788819,-0.717551,0.435055,-0.543918
26,2025-09-10,11:44:43,2,2,"Tovar, Jesus",NA,Left,TEX_BOB,"Tovar, Jesus",NA,Left,TEX_BOB,Undefined,1,Bottom,0,0,1,Curveball,Curveball,StrikeCalled,Undefined,Undefined,Undefined,0,0,NA,78.07353,0.125678,2.556645,2259.075414,310.974227,4:15:00,5.81257,-2.44593,4.65822,-55.06519,-6.87914,9.65453,1.34332,0.78918,71.95299,-9.703834,4.250946,0.499611,NA,NA,NA,NA,NA,NA,NA,NA,NA,NA,NA,-4.02693,-3.03831,2.1753,50,5.77474,-5.45519,-113.1625,-1.81636,-5.20358,21.32288,-36.10012,TEX_BOB,TEX_BOB,TexasStateUniversity,TeamExclusive,Team,20250910-TexasStateUniversity-Private-3,71899b10-8e65-11f0-b418-116ab4ca037e,75.44356,NA,NA,6.12054,NA,NA,NA,NA,NA,NA,1419714d-bb20-4b12-8843-8c0697cfa408,2025-09-10,16:44:43,2025-09-10T16:44:43Z,2025-09-10T16:44:43Z,NA,v3,471452,471452,NA,"Collier, Ian",822899,Right,TEX_BOB,fe789751-b53c-4d96-8a09-6559aaa106af,55.84576,-114.25869,10.66144,5.82041,0.03952,-18.05006,2.44887,-5.18768,-2.60179,NA,NA,NA,NA,NA,NA,NA,NA,NA,NA,NA,NA,NA,NA,NA,NA,NA,NA,NA,NA,NA,NA,NA,NA,NA,NA,NA,NA,NA,NA,NA,NA,NA,NA,NA,NA,NA,NA,NA,NA,NA,NA,NA,NA,NA,NA,NA,NA,NA,NA,High,High,High,NA,NA,NA,NA,NA,327.498385,-65.170104,948.643801,0.419926,5:00:00,0.890361,-0.227626,0.394264,-120.534451,24.985905,5.961832,136.174415,-27.338982,0.61512,-0.459254,-0.640869,35.625833,-37.960673,0.459254,-0.61512,0.640869,-35.625833,37.960673,-0.459254,0.61512,0.640869,-136.174415,27.338982,-0.61512,0.459254,-0.640869
27,2025-09-10,11:44:59,2,3,"Tovar, Jesus",NA,Left,TEX_BOB,"Tovar, Jesus",NA,Left,TEX_BOB,Undefined,1,Bottom,0,0,2,Fastball,Four-Seam,BallCalled,Undefined,Undefined,Undefined,0,0,NA,86.80916,-0.395038,1.773252,2004.017937,139.060644,10:45:00,6.09523,-2.61534,5.76221,-24.02269,13.59678,-10.66103,3.72546,-1.85272,78.57405,-4.912244,-0.135032,0.441446,NA,NA,NA,NA,NA,NA,NA,NA,NA,NA,NA,5.923,7.42374,2.4747,50,6.0481,-3.4372,-125.89078,-1.63295,9.41148,27.91369,-20.37793,TEX_BOB,TEX_BOB,TexasStateUniversity,TeamExclusive,Team,20250910-TexasStateUniversity-Private-3,7b38da90-8e65-11f0-b418-116ab4ca037e,85.38399,NA,NA,8.23511,NA,NA,NA,NA,NA,NA,1419714d-bb20-4b12-8843-8c0697cfa408,2025-09-10,16:44:59,2025-09-10T16:44:59Z,2025-09-10T16:44:59Z,NA,v3,471452,471452,NA,"Collier, Ian",822899,Right,TEX_BOB,9ace50d2-cfd5-4b9d-9aaa-0647757d4104,54.73545,-126.93643,13.95684,6.09497,-0.8696,-10.18897,2.61006,-3.78975,4.70574,NA,NA,NA,NA,NA,NA,NA,NA,NA,NA,NA,NA,NA,NA,NA,NA,NA,NA,NA,NA,NA,NA,NA,NA,NA,NA,NA,NA,NA,NA,NA,NA,NA,NA,NA,NA,NA,NA,NA,NA,NA,NA,NA,NA,NA,NA,NA,NA,NA,NA,High,High,High,NA,NA,NA,NA,NA,129.973717,-26.676557,1790.700563,0.893555,10:15:00,0.461772,0.687845,-0.560031,6.914,-57.075347,43.500755,178.263986,-3.541846,0.030237,-0.061778,-0.997632,3.543468,-1.732697,0.061778,-0.030237,0.997632,-3.543468,1.732697,-0.061778,0.030237,0.997632,-178.263986,3.541846,-0.030237,0.061778,-0.997632
28,2025-09-10,11:45:13,2,4,"Tovar, Jesus",NA,Left,TEX_BOB,"Tovar, Jesus",NA,Left,TEX_BOB,Undefined,1,Bottom,0,1,2,Curveball,Curveball,StrikeCalled,Strikeout,Undefined,Undefined,0,0,NA,75.82394,1.18228,1.214964,2093.070648,296.891285,4:00:00,5.90779,-2.49762,5.06372,-52.94133,-2.72815,8.48811,2.61128,-0.64442,69.66598,-8.394856,2.716297,0.510012,NA,NA,NA,NA,NA,NA,NA,NA,NA,NA,NA,-3.86347,-1.20016,2.37511,50,5.97812,-2.67044,-110.00853,0.4363,-4.72484,19.88531,-33.64176,TEX_BOB,TEX_BOB,TexasStateUniversity,TeamExclusive,Team,20250910-TexasStateUniversity-Private-3,83d1c810-8e65-11f0-b418-116ab4ca037e,73.90504,NA,NA,6.15796,NA,NA,NA,NA,NA,NA,1419714d-bb20-4b12-8843-8c0697cfa408,2025-09-10,16:45:13,2025-09-10T16:45:13Z,2025-09-10T16:45:13Z,NA,v3,471452,471452,NA,"Collier, Ian",822899,Right,TEX_BOB,abd7a9db-2800-4a78-9ed9-3c1ef636ddc0,55.43837,-110.98722,9.94265,5.9159,2.09204,-16.82088,2.50082,-2.4379,-2.36242,NA,NA,NA,NA,NA,NA,NA,NA,NA,NA,NA,NA,NA,NA,NA,NA,NA,NA,NA,NA,NA,NA,NA,NA,NA,NA,NA,NA,NA,NA,NA,NA,NA,NA,NA,NA,NA,NA,NA,NA,NA,NA,NA,NA,NA,NA,NA,NA,NA,NA,High,High,High,NA,NA,NA,NA,NA,315.017036,-66.431396,836.907693,0.399847,4:30:00,0.904353,-0.301502,0.302062,-128.271276,14.412359,0.060551,124.872126,-12.636891,0.800556,-0.218772,-0.557897,21.411944,-53.183239,0.218772,-0.800556,0.557897,-21.411944,53.183239,-0.218772,0.800556,0.557897,-124.872126,12.636891,-0.800556,0.218772,-0.557897
29,2025-09-10,11:45:27,3,1,"Tovar, Jesus",NA,Left,TEX_BOB,"Tovar, Jesus",NA,Left,TEX_BOB,Undefined,1,Bottom,1,0,0,Curveball,Curveball,StrikeCalled,Undefined,Undefined,Undefined,0,0,NA,76.72193,0.739172,1.004654,2057.210799,311.719389,4:30:00,6.02027,-2.35584,5.29119,-55.44629,-6.81205,9.35134,2.09398,-0.63309,70.61376,-9.300691,2.667725,0.501929,NA,NA,NA,NA,NA,NA,NA,NA,NA,NA,NA,-4.39666,-3.1654,2.25726,50,6.04689,-2.31787,-111.39384,-0.46533,-5.50517,20.66039,-36.1375,TEX_BOB,TEX_BOB,TexasStateUniversity,TeamExclusive,Team,20250910-TexasStateUniversity-Private-3,8bb39a90-8e65-11f0-b418-116ab4ca037e,75.09512,NA,NA,6.10817,NA,NA,NA,NA,NA,NA,1419714d-bb20-4b12-8843-8c0697cfa408,2025-09-10,16:45:27,2025-09-10T16:45:27Z,2025-09-10T16:45:27Z,NA,v3,471452,471452,NA,"Collier, Ian",822899,Right,TEX_BOB,1f919b3b-fb90-4b25-8c15-259de8ebc054,55.21226,-112.35641,10.3302,6.02935,1.21831,-18.06875,2.35927,-2.06138,-2.75259,NA,NA,NA,NA,NA,NA,NA,NA,NA,NA,NA,NA,NA,NA,NA,NA,NA,NA,NA,NA,NA,NA,NA,NA,NA,NA,NA,NA,NA,NA,NA,NA,NA,NA,NA,NA,NA,NA,NA,NA,NA,NA,NA,NA,NA,NA,NA,NA,NA,NA,High,High,High,NA,NA,NA,NA,NA,328.558917,-63.918614,904.447367,0.439647,5:00:00,0.888423,-0.240897,0.390734,-96.660527,10.886193,20.573218,132.057703,-27.305496,0.659739,-0.458735,-0.595236,37.620607,-41.280006,0.458735,-0.659739,0.595236,-37.620607,41.280006,-0.458735,0.659739,0.595236,-132.057703,27.305496,-0.659739,0.458735,-0.595236
30,2025-09-10,11:45:38,3,2,"Tovar, Jesus",NA,Left,TEX_BOB,"Tovar, Jesus",NA,Left,TEX_BOB,Undefined,1,Bottom,1,0,1,Fastball,Four-Seam,BallCalled,Undefined,Undefined,Undefined,0,0,NA,88.22761,-0.749117,2.162807,2138.122061,139.990211,10:45:00,6.07875,-2.33422,5.77058,-22.25702,13.96729,-10.71697,3.52631,-1.21355,80.28094,-4.930406,0.244836,0.433183,NA,NA,NA,NA,NA,NA,NA,NA,NA,NA,NA,6.05174,7.68559,2.16166,50,6.0034,-4.36949,-127.99782,-2.38847,9.99785,27.44941,-19.47689,TEX_BOB,TEX_BOB,TexasStateUniversity,TeamExclusive,Team,20250910-TexasStateUniversity-Private-3,92a0acd0-8e65-11f0-b418-116ab4ca037e,87.01269,NA,NA,7.94666,NA,NA,NA,NA,NA,NA,1419714d-bb20-4b12-8843-8c0697cfa408,2025-09-10,16:45:38,2025-09-10T16:45:38Z,2025-09-10T16:45:38Z,NA,v3,471452,471452,NA,"Collier, Ian",822899,Right,TEX_BOB,63a52e8f-7172-4eaa-a9f9-533695f07ccf,54.72838,-129.00784,13.72471,6.0781,-1.6718,-9.73845,2.32921,-4.73738,4.99893,NA,NA,NA,NA,NA,NA,NA,NA,NA,NA,NA,NA,NA,NA,NA,NA,NA,NA,NA,NA,NA,NA,NA,NA,NA,NA,NA,NA,NA,NA,NA,NA,NA,NA,NA,NA,NA,NA,NA,NA,NA,NA,NA,NA,NA,NA,NA,NA,NA,NA,High,High,High,NA,NA,NA,NA,NA,132.34537,-25.484541,1930.08579,0.902701,10:30:00,0.444155,0.672753,-0.591717,26.620729,-47.569628,21.94756,179.380344,0.63664,0.010814,0.011111,-0.99988,0.636677,0.619618,0.011111,0.010814,0.99988,-0.636677,-0.619618,-0.011111,-0.010814,0.99988,-179.380344,-0.63664,-0.010814,-0.011111,-0.99988
,,,,,,,,,,,,,,,,,,,,,,,,,,,,,,,,,,,,,,,,,,,,,,,,,,,,,,,,,,,,,,,,,,,,,,,,,,,,,,,,,,,,,,,,,,,,,,,,,,,,,,,,,,,,,,,,,,,,,,,,,,,,,,,,,,,,,,,,,,,,,,,,,,,,,,,,,,,,,,,,,,,,,,,,,,,,,,,,,,,,,,,,,,,,,,,,,,,,,
,,,,,,,,,,,,,,,,,,,,,,,,,,,,,,,,,,,,,,,,,,,,,,,,,,,,,,,,,,,,,,,,,,,,,,,,,,,,,,,,,,,,,,,,,,,,,,,,,,,,,,,,,,,,,,,,,,,,,,,,,,,,,,,,,,,,,,,,,,,,,,,,,,,,,,,,,,,,,,,,,,,,,,,,,,,,,,,,,,,,,,,,,,,,,,,,,,,,,
,,,,,,,,,,,,,,,,,,,,,,,,,,,,,,,,,,,,,,,,,,,,,,,,,,,,,,,,,,,,,,,,,,,,,,,,,,,,,,,,,,,,,,,,,,,,,,,,,,,,,,,,,,,,,,,,,,,,,,,,,,,,,,,,,,,,,,,,,,,,,,,,,,,,,,,,,,,,,,,,,,,,,,,,,,,,,,,,,,,,,,,,,,,,,,,,,,,,,
,,,,,,,,,,,,,,,,,,,,,,,,,,,,,,,,,,,,,,,,,,,,,,,,,,,,,,,,,,,,,,,,,,,,,,,,,,,,,,,,,,,,,,,,,,,,,,,,,,,,,,,,,,,,,,,,,,,,,,,,,,,,,,,,,,,,,,,,,,,,,,,,,,,,,,,,,,,,,,,,,,,,,,,,,,,,,,,,,,,,,,,,,,,,,,,,,,,,,
,,,,,,,,,,,,,,,,,,,,,,,,,,,,,,,,,,,,,,,,,,,,,,,,,,,,,,,,,,,,,,,,,,,,,,,,,,,,,,,,,,,,,,,,,,,,,,,,,,,,,,,,,,,,,,,,,,,,,,,,,,,,,,,,,,,,,,,,,,,,,,,,,,,,,,,,,,,,,,,,,,,,,,,,,,,,,,,,,,,,,,,,,,,,,,,,,,,,,
,,,,,,,,,,,,,,,,,,,,,,,,,,,,,,,,,,,,,,,,,,,,,,,,,,,,,,,,,,,,,,,,,,,,,,,,,,,,,,,,,,,,,,,,,,,,,,,,,,,,,,,,,,,,,,,,,,,,,,,,,,,,,,,,,,,,,,,,,,,,,,,,,,,,,,,,,,,,,,,,,,,,,,,,,,,,,,,,,,,,,,,,,,,,,,,,,,,,,
,,,,,,,,,,,,,,,,,,,,,,,,,,,,,,,,,,,,,,,,,,,,,,,,,,,,,,,,,,,,,,,,,,,,,,,,,,,,,,,,,,,,,,,,,,,,,,,,,,,,,,,,,,,,,,,,,,,,,,,,,,,,,,,,,,,,,,,,,,,,,,,,,,,,,,,,,,,,,,,,,,,,,,,,,,,,,,,,,,,,,,,,,,,,,,,,,,,,,
,,,,,,,,,,,,,,,,,,,,,,,,,,,,,,,,,,,,,,,,,,,,,,,,,,,,,,,,,,,,,,,,,,,,,,,,,,,,,,,,,,,,,,,,,,,,,,,,,,,,,,,,,,,,,,,,,,,,,,,,,,,,,,,,,,,,,,,,,,,,,,,,,,,,,,,,,,,,,,,,,,,,,,,,,,,,,,,,,,,,,,,,,,,,,,,,,,,,,
,,,,,,,,,,,,,,,,,,,,,,,,,,,,,,,,,,,,,,,,,,,,,,,,,,,,,,,,,,,,,,,,,,,,,,,,,,,,,,,,,,,,,,,,,,,,,,,,,,,,,,,,,,,,,,,,,,,,,,,,,,,,,,,,,,,,,,,,,,,,,,,,,,,,,,,,,,,,,,,,,,,,,,,,,,,,,,,,,,,,,,,,,,,,,,,,,,,,,
,,,,,,,,,,,,,,,,,,,,,,,,,,,,,,,,,,,,,,,,,,,,,,,,,,,,,,,,,,,,,,,,,,,,,,,,,,,,,,,,,,,,,,,,,,,,,,,,,,,,,,,,,,,,,,,,,,,,,,,,,,,,,,,,,,,,,,,,,,,,,,,,,,,,,,,,,,,,,,,,,,,,,,,,,,,,,,,,,,,,,,,,,,,,,,,,,,,,,
,,,,,,,,,,,,,,,,,,,,,,,,,,,,,,,,,,,,,,,,,,,,,,,,,,,,,,,,,,,,,,,,,,,,,,,,,,,,,,,,,,,,,,,,,,,,,,,,,,,,,,,,,,,,,,,,,,,,,,,,,,,,,,,,,,,,,,,,,,,,,,,,,,,,,,,,,,,,,,,,,,,,,,,,,,,,,,,,,,,,,,,,,,,,,,,,,,,,,
,,,,,,,,,,,,,,,,,,,,,,,,,,,,,,,,,,,,,,,,,,,,,,,,,,,,,,,,,,,,,,,,,,,,,,,,,,,,,,,,,,,,,,,,,,,,,,,,,,,,,,,,,,,,,,,,,,,,,,,,,,,,,,,,,,,,,,,,,,,,,,,,,,,,,,,,,,,,,,,,,,,,,,,,,,,,,,,,,,,,,,,,,,,,,,,,,,,,,
,,,,,,,,,,,,,,,,,,,,,,,,,,,,,,,,,,,,,,,,,,,,,,,,,,,,,,,,,,,,,,,,,,,,,,,,,,,,,,,,,,,,,,,,,,,,,,,,,,,,,,,,,,,,,,,,,,,,,,,,,,,,,,,,,,,,,,,,,,,,,,,,,,,,,,,,,,,,,,,,,,,,,,,,,,,,,,,,,,,,,,,,,,,,,,,,,,,,,
,,,,,,,,,,,,,,,,,,,,,,,,,,,,,,,,,,,,,,,,,,,,,,,,,,,,,,,,,,,,,,,,,,,,,,,,,,,,,,,,,,,,,,,,,,,,,,,,,,,,,,,,,,,,,,,,,,,,,,,,,,,,,,,,,,,,,,,,,,,,,,,,,,,,,,,,,,,,,,,,,,,,,,,,,,,,,,,,,,,,,,,,,,,,,,,,,,,,,
,,,,,,,,,,,,,,,,,,,,,,,,,,,,,,,,,,,,,,,,,,,,,,,,,,,,,,,,,,,,,,,,,,,,,,,,,,,,,,,,,,,,,,,,,,,,,,,,,,,,,,,,,,,,,,,,,,,,,,,,,,,,,,,,,,,,,,,,,,,,,,,,,,,,,,,,,,,,,,,,,,,,,,,,,,,,,,,,,,,,,,,,,,,,,,,,,,,,,
46,2025-09-10,11:54:48,2,3,"Tovar, Jesus",NA,Left,TEX_BOB,"Tovar, Jesus",NA,Left,TEX_BOB,Undefined,2,Top,0,0,2,Sinker,Sinker,StrikeCalled,Strikeout,Undefined,Undefined,0,0,NA,87.97099,-0.296968,3.514252,1973.988203,109.656056,9:45:00,5.89087,-2.4595,5.31412,-28.84029,8.47308,-20.08111,3.20825,-0.83028,79.64384,-5.624798,-0.045599,0.439646,NA,NA,NA,NA,NA,NA,NA,NA,NA,NA,NA,11.04855,4.72366,2.15535,50,5.84335,-6.90154,-127.36965,-1.71848,17.99004,28.31387,-24.48263,TEX_BOB,TEX_BOB,TexasStateUniversity,TeamExclusive,Team,20250910-TexasStateUniversity-Private-3,da795b00-8e66-11f0-b418-116ab4ca037e,85.73353,NA,NA,8.32715,NA,NA,NA,NA,NA,NA,1419714d-bb20-4b12-8843-8c0697cfa408,2025-09-10,16:54:48,2025-09-10T16:54:48Z,2025-09-10T16:54:48Z,NA,v3,471452,471452,NA,"Mora, Chase",804993,Right,TEX_BOB,3d2d83fb-267d-4bb0-b495-785de2c77222,55.18567,-128.51724,14.15694,5.8929,-0.72617,-12.24132,2.44985,-7.6307,8.99502,NA,NA,NA,NA,NA,NA,NA,NA,NA,NA,NA,NA,NA,NA,NA,NA,NA,NA,NA,NA,NA,NA,NA,NA,NA,NA,NA,NA,NA,NA,NA,NA,NA,NA,NA,NA,NA,NA,NA,NA,NA,NA,NA,NA,NA,NA,NA,NA,NA,NA,High,High,High,NA,NA,NA,NA,NA,124.71409,-28.336492,1737.455515,0.880175,10:15:00,0.500732,0.725958,-0.471437,-69.71005,26.544077,61.252047,95.420975,-0.186459,0.995522,-0.003254,-0.094472,1.972907,-84.575829,0.003254,-0.995522,0.094472,-1.972907,84.575829,-0.003254,0.995522,0.094472,-95.420975,0.186459,-0.995522,0.003254,-0.094472
47,2025-09-10,11:55:01,3,1,"Tovar, Jesus",NA,Left,TEX_BOB,"Tovar, Jesus",NA,Left,TEX_BOB,Undefined,2,Top,1,0,0,Sinker,Changeup,BallCalled,Undefined,Undefined,Undefined,0,0,NA,87.3183,-2.923107,5.192133,2049.966368,107.290074,9:30:00,5.64951,-2.79672,5.13037,-30.53175,7.65056,-20.41493,0.33844,0.40549,79.73623,-8.48745,1.592856,0.444736,NA,NA,NA,NA,NA,NA,NA,NA,NA,NA,NA,11.74934,5.00764,2.32492,50,5.35017,-10.55096,-126.06574,-7.60709,18.84099,26.47715,-24.14389,TEX_BOB,TEX_BOB,TexasStateUniversity,TeamExclusive,Team,20250910-TexasStateUniversity-Private-3,e21b3e50-8e66-11f0-b418-116ab4ca037e,84.75237,NA,NA,7.58207,NA,NA,NA,NA,NA,NA,1419714d-bb20-4b12-8843-8c0697cfa408,2025-09-10,16:55:01,2025-09-10T16:55:01Z,2025-09-10T16:55:01Z,NA,v3,471452,471452,NA,"Mora, Chase",804993,Right,TEX_BOB,cafd197f-5270-4e38-9ff4-ee365ec6a707,55.37259,-127.18912,13.23857,5.65119,-6.58271,-12.07195,2.78954,-11.35035,9.4205,NA,NA,NA,NA,NA,NA,NA,NA,NA,NA,NA,NA,NA,NA,NA,NA,NA,NA,NA,NA,NA,NA,NA,NA,NA,NA,NA,NA,NA,NA,NA,NA,NA,NA,NA,NA,NA,NA,NA,NA,NA,NA,NA,NA,NA,NA,NA,NA,NA,NA,High,High,High,NA,NA,NA,NA,NA,119.148991,-24.142272,1870.661276,0.912533,10:00:00,0.406544,0.816786,-0.409368,-74.240438,30.155818,71.612615,95.590001,-7.529817,0.986662,-0.131042,-0.096569,53.612284,-80.631647,0.131042,-0.986662,0.096569,-53.612284,80.631647,-0.131042,0.986662,0.096569,-95.590001,7.529817,-0.986662,0.131042,-0.096569
48,2025-09-10,11:55:14,3,2,"Tovar, Jesus",NA,Left,TEX_BOB,"Tovar, Jesus",NA,Left,TEX_BOB,Undefined,2,Top,1,1,0,Changeup,Slider,BallCalled,Undefined,Undefined,Undefined,0,0,NA,80.74613,0.059271,1.985918,978.329568,123.737719,10:00:00,5.73849,-2.86845,5.70025,-37.63171,6.06973,-6.77882,2.65779,-1.58199,73.15471,-6.908667,0.773395,0.475794,NA,NA,NA,NA,NA,NA,NA,NA,NA,NA,NA,4.04055,3.55355,2.70587,50,5.72045,-3.78501,-117.05277,-1.10519,5.53517,24.69501,-27.30604,TEX_BOB,TEX_BOB,TexasStateUniversity,TeamExclusive,Team,20250910-TexasStateUniversity-Private-3,e9c8e170-8e66-11f0-b418-116ab4ca037e,79.22002,NA,NA,7.59142,NA,NA,NA,NA,NA,NA,1419714d-bb20-4b12-8843-8c0697cfa408,2025-09-10,16:55:14,2025-09-10T16:55:14Z,2025-09-10T16:55:14Z,NA,v3,471452,471452,NA,"Mora, Chase",804993,Right,TEX_BOB,a1d2b2ae-7e99-419d-a383-871c1f80665c,54.79753,-118.06058,12.3475,5.74281,0.00918,-13.65302,2.86494,-4.0109,2.76758,NA,NA,NA,NA,NA,NA,NA,NA,NA,NA,NA,NA,NA,NA,NA,NA,NA,NA,NA,NA,NA,NA,NA,NA,NA,NA,NA,NA,NA,NA,NA,NA,NA,NA,NA,NA,NA,NA,NA,NA,NA,NA,NA,NA,NA,NA,NA,NA,NA,NA,High,High,High,NA,NA,NA,NA,NA,112.77794,-33.556253,815.284617,0.833344,9:45:00,0.564398,0.767781,-0.303261,-33.519875,40.958636,-65.932962,90.547083,-9.031076,0.987558,-0.15697,-0.00943,86.562121,-80.952506,0.15697,-0.987558,0.00943,-86.562121,80.952506,-0.15697,0.987558,0.00943,-90.547083,9.031076,-0.987558,0.15697,-0.00943
49,2025-09-10,11:55:26,3,3,"Tovar, Jesus",NA,Left,TEX_BOB,"Tovar, Jesus",NA,Left,TEX_BOB,Undefined,2,Top,1,2,0,Changeup,Changeup,BallCalled,Undefined,Undefined,Undefined,0,0,NA,80.64331,-0.392632,1.476487,1235.482444,56.459894,8:00:00,5.86846,-2.56218,5.65148,-50.50018,-6.29473,-11.96757,1.29377,-2.18202,72.94869,-9.635086,-0.668358,0.47853,NA,NA,NA,NA,NA,NA,NA,NA,NA,NA,NA,6.51083,-2.46815,2.4444,50,5.80389,-2.52327,-116.89281,-2.55679,8.81387,26.47171,-35.51527,TEX_BOB,TEX_BOB,TexasStateUniversity,TeamExclusive,Team,20250910-TexasStateUniversity-Private-3,f0dab9c0-8e66-11f0-b418-116ab4ca037e,78.76711,NA,NA,7.69462,NA,NA,NA,NA,NA,NA,1419714d-bb20-4b12-8843-8c0697cfa408,2025-09-10,16:55:26,2025-09-10T16:55:26Z,2025-09-10T16:55:26Z,NA,v3,471452,471452,NA,"Mora, Chase",804993,Right,TEX_BOB,bf8f032c-d055-4698-93f7-6135e3ae185a,54.84796,-117.98557,13.23585,5.87918,-1.0907,-17.75764,2.55607,-2.88711,4.40694,NA,NA,NA,NA,NA,NA,NA,NA,NA,NA,NA,NA,NA,NA,NA,NA,NA,NA,NA,NA,NA,NA,NA,NA,NA,NA,NA,NA,NA,NA,NA,NA,NA,NA,NA,NA,NA,NA,NA,NA,NA,NA,NA,NA,NA,NA,NA,NA,NA,NA,High,High,High,NA,NA,NA,NA,NA,120.825233,-39.174621,957.776091,0.775224,10:00:00,0.637137,0.670025,-0.380951,-43.712986,46.064864,-80.296441,91.902628,-6.293457,0.993425,-0.109621,-0.033001,73.245773,-83.426339,0.109621,-0.993425,0.033001,-73.245773,83.426339,-0.109621,0.993425,0.033001,-91.902628,6.293457,-0.993425,0.109621,-0.033001
50,2025-09-10,11:55:37,3,4,"Tovar, Jesus",NA,Left,TEX_BOB,"Tovar, Jesus",NA,Left,TEX_BOB,Undefined,2,Top,1,3,0,Sinker,Changeup,BallCalled,Walk,Undefined,Undefined,0,0,NA,86.76132,-2.15915,3.67778,2003.49688,113.776366,9:45:00,5.78871,-2.73042,5.40352,-29.42159,8.72969,-16.88084,1.30855,-0.68617,79.11017,-7.570468,0.678846,0.444555,NA,NA,NA,NA,NA,NA,NA,NA,NA,NA,NA,9.59977,5.39618,2.41466,50,5.57536,-7.34269,-125.59477,-5.79256,15.25102,26.71586,-23.60119,TEX_BOB,TEX_BOB,TexasStateUniversity,TeamExclusive,Team,20250910-TexasStateUniversity-Private-3,f795bf80-8e66-11f0-b418-116ab4ca037e,84.78681,NA,NA,7.65115,NA,NA,NA,NA,NA,NA,1419714d-bb20-4b12-8843-8c0697cfa408,2025-09-10,16:55:37,2025-09-10T16:55:37Z,2025-09-10T16:55:37Z,NA,v3,471452,471452,NA,"Mora, Chase",804993,Right,TEX_BOB,184c6966-d274-488f-aa5d-b13d0e1f9604,55.09803,-126.67456,13.35793,5.7902,-4.83866,-11.8006,2.72389,-7.9591,7.62551,NA,NA,NA,NA,NA,NA,NA,NA,NA,NA,NA,NA,NA,NA,NA,NA,NA,NA,NA,NA,NA,NA,NA,NA,NA,NA,NA,NA,NA,NA,NA,NA,NA,NA,NA,NA,NA,NA,NA,NA,NA,NA,NA,NA,NA,NA,NA,NA,NA,NA,High,High,High,NA,NA,NA,NA,NA,123.881146,-27.930484,1770.122638,0.883517,10:15:00,0.47112,0.750618,-0.46327,-85.886333,32.758718,63.680029,94.788034,-5.378317,0.992123,-0.093732,-0.083102,48.439846,-82.803879,0.093732,-0.992123,0.083102,-48.439846,82.803879,-0.093732,0.992123,0.083102,-94.788034,5.378317,-0.992123,0.093732,-0.083102
51,2025-09-10,11:55:50,4,1,"Tovar, Jesus",NA,Left,TEX_BOB,"Tovar, Jesus",NA,Left,TEX_BOB,Undefined,2,Top,1,0,0,Sinker,Changeup,StrikeCalled,Undefined,Undefined,Undefined,0,0,NA,87.26879,-1.321091,3.29984,2082.224965,110.532465,9:45:00,5.85356,-2.63909,5.81752,-30.31868,6.80898,-14.80627,2.09636,-0.80129,79.40228,-6.941812,0.648337,0.438551,NA,NA,NA,NA,NA,NA,NA,NA,NA,NA,NA,8.51717,4.25717,2.37733,50,5.72735,-6.66582,-126.47654,-3.95571,13.69481,27.5629,-25.32894,TEX_BOB,TEX_BOB,TexasStateUniversity,TeamExclusive,Team,20250910-TexasStateUniversity-Private-3,ff97c430-8e66-11f0-b418-116ab4ca037e,85.94763,NA,NA,7.86651,NA,NA,NA,NA,NA,NA,1419714d-bb20-4b12-8843-8c0697cfa408,2025-09-10,16:55:50,2025-09-10T16:55:50Z,2025-09-10T16:55:50Z,NA,v3,471452,471452,NA,"Mora, Chase",804993,Right,TEX_BOB,4c364a3d-0f62-4e33-a89c-8f87de9e9ee6,54.68271,-127.49296,13.78145,5.85599,-3.02167,-12.66447,2.63245,-7.17084,6.84741,NA,NA,NA,NA,NA,NA,NA,NA,NA,NA,NA,NA,NA,NA,NA,NA,NA,NA,NA,NA,NA,NA,NA,NA,NA,NA,NA,NA,NA,NA,NA,NA,NA,NA,NA,NA,NA,NA,NA,NA,NA,NA,NA,NA,NA,NA,NA,NA,NA,NA,High,High,High,NA,NA,NA,NA,NA,126.194818,-25.358529,1881.59326,0.903646,10:15:00,0.441389,0.738935,-0.509069,-59.560384,31.855683,70.221608,97.816295,-5.479221,0.986183,-0.095485,-0.135376,35.196472,-80.464291,0.095485,-0.986183,0.135376,-35.196472,80.464291,-0.095485,0.986183,0.135376,-97.816295,5.479221,-0.986183,0.095485,-0.135376
52,2025-09-10,11:56:03,4,2,"Tovar, Jesus",NA,Left,TEX_BOB,"Tovar, Jesus",NA,Left,TEX_BOB,Undefined,2,Top,1,0,1,Changeup,Slider,BallCalled,Undefined,Undefined,Undefined,0,0,NA,81.17464,-1.488509,1.622124,955.35725,164.83101,11:30:00,5.96772,-2.60771,5.83416,-30.27407,12.74166,-3.04059,2.06041,-1.35288,73.63563,-7.140894,1.076766,0.472047,NA,NA,NA,NA,NA,NA,NA,NA,NA,NA,NA,2.04886,7.43182,2.47707,50,5.82864,-3.21133,-117.67054,-3.97948,2.83822,24.82917,-21.87901,TEX_BOB,TEX_BOB,TexasStateUniversity,TeamExclusive,Team,20250910-TexasStateUniversity-Private-3,06ca43e0-8e67-11f0-b418-116ab4ca037e,79.84894,NA,NA,7.539,NA,NA,NA,NA,NA,NA,1419714d-bb20-4b12-8843-8c0697cfa408,2025-09-10,16:56:03,2025-09-10T16:56:03Z,2025-09-10T16:56:03Z,NA,v3,471452,471452,NA,"Mora, Chase",804993,Right,TEX_BOB,94d45b50-15e0-4ec6-ac84-ebef15c35770,54.66291,-118.65036,12.41459,5.96865,-3.11608,-10.93951,2.60601,-3.32333,1.41911,NA,NA,NA,NA,NA,NA,NA,NA,NA,NA,NA,NA,NA,NA,NA,NA,NA,NA,NA,NA,NA,NA,NA,NA,NA,NA,NA,NA,NA,NA,NA,NA,NA,NA,NA,NA,NA,NA,NA,NA,NA,NA,NA,NA,NA,NA,NA,NA,NA,NA,High,High,High,NA,NA,NA,NA,NA,122.13154,-26.56554,854.493855,0.894423,10:00:00,0.44069,0.768786,-0.463423,-44.755964,42.753363,-81.749133,134.252466,-73.957753,0.197939,-0.961058,-0.19284,78.654042,-11.416459,0.961058,-0.197939,0.19284,-78.654042,11.416459,-0.961058,0.197939,0.19284,-134.252466,73.957753,-0.197939,0.961058,-0.19284
53,2025-09-10,11:56:15,4,3,"Tovar, Jesus",NA,Left,TEX_BOB,"Tovar, Jesus",NA,Left,TEX_BOB,Undefined,2,Top,1,1,1,Changeup,Changeup,BallCalled,Undefined,Undefined,Undefined,0,0,NA,80.70232,-1.981597,2.169098,916.760432,141.697956,10:45:00,5.87411,-2.75971,5.73859,-39.28097,4.01673,-2.07752,0.75338,-0.91201,74.24547,-9.173967,1.796776,0.473591,NA,NA,NA,NA,NA,NA,NA,NA,NA,NA,NA,1.69335,2.97914,2.58037,50,5.68462,-4.35672,-117.0921,-5.32473,2.34335,22.77367,-28.05129,TEX_BOB,TEX_BOB,TexasStateUniversity,TeamExclusive,Team,20250910-TexasStateUniversity-Private-3,0e05c440-8e67-11f0-b418-116ab4ca037e,79.58852,NA,NA,6.45686,NA,NA,NA,NA,NA,NA,1419714d-bb20-4b12-8843-8c0697cfa408,2025-09-10,16:56:15,2025-09-10T16:56:15Z,2025-09-10T16:56:15Z,NA,v3,471452,471452,NA,"Mora, Chase",804993,Right,TEX_BOB,f36b9c94-54b0-4c6c-8fe6-66c0967c0950,54.76383,-118.015,11.38684,5.87737,-4.18796,-14.02565,2.75885,-4.45168,1.17167,NA,NA,NA,NA,NA,NA,NA,NA,NA,NA,NA,NA,NA,NA,NA,NA,NA,NA,NA,NA,NA,NA,NA,NA,NA,NA,NA,NA,NA,NA,NA,NA,NA,NA,NA,NA,NA,NA,NA,NA,NA,NA,NA,NA,NA,NA,NA,NA,NA,NA,High,High,High,NA,NA,NA,NA,NA,121.456297,-8.827982,905.900074,0.988154,10:00:00,0.143658,0.847736,-0.510595,-54.113339,35.32334,-86.923496,133.981909,-57.266194,0.389092,-0.841192,-0.375504,65.94422,-22.898015,0.841192,-0.389092,0.375504,-65.94422,22.898015,-0.841192,0.389092,0.375504,-133.981909,57.266194,-0.389092,0.841192,-0.375504
54,2025-09-10,11:56:26,4,4,"Tovar, Jesus",NA,Left,TEX_BOB,"Tovar, Jesus",NA,Left,TEX_BOB,Undefined,2,Top,1,2,1,Sinker,Changeup,BallCalled,Undefined,Undefined,Undefined,0,0,NA,87.83585,-0.827678,2.637832,2014.319598,94.313038,9:15:00,5.87696,-2.63656,5.93896,-34.0221,2.57201,-17.06796,2.27308,-1.61005,79.62314,-7.132796,-0.429724,0.435389,NA,NA,NA,NA,NA,NA,NA,NA,NA,NA,NA,9.52158,1.99083,2.43532,50,5.79203,-5.1437,-127.37404,-3.02303,15.44636,29.22704,-28.94445,TEX_BOB,TEX_BOB,TexasStateUniversity,TeamExclusive,Team,20250910-TexasStateUniversity-Private-3,150c2ae0-8e67-11f0-b418-116ab4ca037e,86.57196,NA,NA,8.21271,NA,NA,NA,NA,NA,NA,1419714d-bb20-4b12-8843-8c0697cfa408,2025-09-10,16:56:26,2025-09-10T16:56:26Z,2025-09-10T16:56:26Z,NA,v3,471452,471452,NA,"Mora, Chase",804993,Right,TEX_BOB,ff1d195f-bfba-4a73-a184-9c49d7faa549,54.56109,-128.41635,14.61352,5.88143,-1.99079,-14.47222,2.62858,-5.69456,7.72318,NA,NA,NA,NA,NA,NA,NA,NA,NA,NA,NA,NA,NA,NA,NA,NA,NA,NA,NA,NA,NA,NA,NA,NA,NA,NA,NA,NA,NA,NA,NA,NA,NA,NA,NA,NA,NA,NA,NA,NA,NA,NA,NA,NA,NA,NA,NA,NA,NA,NA,High,High,High,NA,NA,NA,NA,NA,126.871863,-30.012299,1744.235716,0.865918,10:15:00,0.51352,0.69987,-0.496467,-62.277349,27.267548,66.298257,101.072326,-2.312024,0.980587,-0.040341,-0.191892,11.872431,-78.691811,0.040341,-0.980587,0.191892,-11.872431,78.691811,-0.040341,0.980587,0.191892,-101.072326,2.312024,-0.980587,0.040341,-0.191892
55,2025-09-10,11:56:41,4,5,"Tovar, Jesus",NA,Left,TEX_BOB,"Tovar, Jesus",NA,Left,TEX_BOB,Undefined,2,Top,1,3,1,Changeup,Slider,BallCalled,Walk,Undefined,Undefined,0,0,NA,80.58438,-2.051323,1.740137,832.230026,162.689088,11:30:00,6.0058,-2.58758,5.81444,-31.81242,11.6067,-3.16425,1.4456,-1.23266,73.69508,-7.948329,1.172648,0.474255,NA,NA,NA,NA,NA,NA,NA,NA,NA,NA,NA,2.12906,6.96733,2.44686,50,5.81878,-3.42911,-116.87675,-5.16524,2.92855,23.17768,-22.59043,TEX_BOB,TEX_BOB,TexasStateUniversity,TeamExclusive,Team,20250910-TexasStateUniversity-Private-3,1d9560f0-8e67-11f0-b418-116ab4ca037e,79.47718,NA,NA,6.88929,NA,NA,NA,NA,NA,NA,1419714d-bb20-4b12-8843-8c0697cfa408,2025-09-10,16:56:41,2025-09-10T16:56:41Z,2025-09-10T16:56:41Z,NA,v3,471452,471452,NA,"Mora, Chase",804993,Right,TEX_BOB,07123191-8483-4cf0-933c-a97fda61b66b,54.68519,-117.8022,11.58884,6.00701,-4.26324,-11.29522,2.58611,-3.54605,1.46427,NA,NA,NA,NA,NA,NA,NA,NA,NA,NA,NA,NA,NA,NA,NA,NA,NA,NA,NA,NA,NA,NA,NA,NA,NA,NA,NA,NA,NA,NA,NA,NA,NA,NA,NA,NA,NA,NA,NA,NA,NA,NA,NA,NA,NA,NA,NA,NA,NA,NA,High,High,High,NA,NA,NA,NA,NA,123.084468,1.911374,831.766985,0.999444,10:00:00,-0.04671,0.83567,-0.547242,-51.797539,30.079801,-81.75445,137.819832,-48.250652,0.44711,-0.746065,-0.493437,56.519919,-26.558413,0.746065,-0.44711,0.493437,-56.519919,26.558413,-0.746065,0.44711,0.493437,-137.819832,48.250652,-0.44711,0.746065,-0.493437
56,2025-09-10,11:56:53,5,1,"Tovar, Jesus",NA,Left,TEX_BOB,"Tovar, Jesus",NA,Left,TEX_BOB,Undefined,2,Top,1,0,0,Changeup,Changeup,BallCalled,Undefined,Undefined,Undefined,0,0,NA,81.11465,0.135211,1.73864,1057.788007,89.321745,9:00:00,5.87794,-2.56669,5.94352,-41.19333,1.25209,-8.34445,2.57065,-1.64876,74.33222,-7.46569,0.238166,0.468907,NA,NA,NA,NA,NA,NA,NA,NA,NA,NA,NA,4.76544,1.0341,2.43272,50,5.8657,-3.2554,-117.81667,-1.05073,6.6803,22.94212,-30.72444,TEX_BOB,TEX_BOB,TexasStateUniversity,TeamExclusive,Team,20250910-TexasStateUniversity-Private-3,2506e570-8e67-11f0-b418-116ab4ca037e,80.38362,NA,NA,6.78243,NA,NA,NA,NA,NA,NA,1419714d-bb20-4b12-8843-8c0697cfa408,2025-09-10,16:56:53,2025-09-10T16:56:53Z,2025-09-10T16:56:53Z,NA,v3,471452,471452,NA,"Mora, Chase",804993,Right,TEX_BOB,da8a524d-543b-4b49-ad26-ee6bc6ec31ab,54.55765,-118.70085,11.47106,5.88338,0.13338,-15.36222,2.56315,-3.51285,3.34015,NA,NA,NA,NA,NA,NA,NA,NA,NA,NA,NA,NA,NA,NA,NA,NA,NA,NA,NA,NA,NA,NA,NA,NA,NA,NA,NA,NA,NA,NA,NA,NA,NA,NA,NA,NA,NA,NA,NA,NA,NA,NA,NA,NA,NA,NA,NA,NA,NA,NA,High,High,High,NA,NA,NA,NA,NA,116.849126,-17.500874,1008.825499,0.953712,10:00:00,0.315657,0.850189,-0.421354,62.558183,-37.501054,89.824403,105.397616,-64.278256,0.418423,-0.900912,-0.115234,82.71097,-24.735077,0.900912,-0.418423,0.115234,-82.71097,24.735077,-0.900912,0.418423,0.115234,-105.397616,64.278256,-0.418423,0.900912,-0.115234
57,2025-09-10,11:57:04,5,2,"Tovar, Jesus",NA,Left,TEX_BOB,"Tovar, Jesus",NA,Left,TEX_BOB,Undefined,2,Top,1,1,0,Sinker,Changeup,StrikeCalled,Undefined,Undefined,Undefined,0,0,NA,86.86747,-0.353842,4.224003,1879.678295,96.039598,9:15:00,5.69965,-2.87061,5.2049,-35.19801,3.17571,-17.70981,2.43278,-0.36649,78.98718,-6.78282,1.093565,0.445849,NA,NA,NA,NA,NA,NA,NA,NA,NA,NA,NA,10.03816,2.09162,2.4927,50,5.64043,-8.48014,-125.69955,-2.12053,15.96747,26.85911,-28.84699,TEX_BOB,TEX_BOB,TexasStateUniversity,TeamExclusive,Team,20250910-TexasStateUniversity-Private-3,2b683270-8e67-11f0-b418-116ab4ca037e,84.54073,NA,NA,7.88029,NA,NA,NA,NA,NA,NA,1419714d-bb20-4b12-8843-8c0697cfa408,2025-09-10,16:57:04,2025-09-10T16:57:04Z,2025-09-10T16:57:04Z,NA,v3,471452,471452,NA,"Mora, Chase",804993,Right,TEX_BOB,2f7f0419-ccdc-47e8-adae-51b7f3c2d9b4,55.29596,-126.82613,13.42956,5.704,-0.91057,-14.4235,2.86243,-9.14988,7.98373,NA,NA,NA,NA,NA,NA,NA,NA,NA,NA,NA,NA,NA,NA,NA,NA,NA,NA,NA,NA,NA,NA,NA,NA,NA,NA,NA,NA,NA,NA,NA,NA,NA,NA,NA,NA,NA,NA,NA,NA,NA,NA,NA,NA,NA,NA,NA,NA,NA,NA,High,High,High,NA,NA,NA,NA,NA,116.115693,-23.837304,1719.335602,0.914697,9:45:00,0.427634,0.823793,-0.372149,-72.850324,30.657104,67.997799,92.293873,-9.789286,0.98465,-0.170025,-0.039442,76.939629,-79.948102,0.170025,-0.98465,0.039442,-76.939629,79.948102,-0.170025,0.98465,0.039442,-92.293873,9.789286,-0.98465,0.170025,-0.039442
58,2025-09-10,11:57:23,5,3,"Tovar, Jesus",NA,Left,TEX_BOB,"Tovar, Jesus",NA,Left,TEX_BOB,Undefined,2,Top,1,1,1,Changeup,Changeup,BallCalled,Undefined,Undefined,Undefined,0,0,NA,81.54062,-1.448716,2.744082,800.615744,139.679125,10:45:00,5.81809,-2.69958,5.79657,-36.28356,6.14859,-4.03213,1.44506,-0.48114,74.64593,-8.13446,2.021772,0.468834,NA,NA,NA,NA,NA,NA,NA,NA,NA,NA,NA,2.8691,3.97,2.47619,50,5.67706,-5.51166,-118.24885,-4.16197,4.04132,23.64006,-26.58202,TEX_BOB,TEX_BOB,TexasStateUniversity,TeamExclusive,Team,20250910-TexasStateUniversity-Private-3,369dc3d0-8e67-11f0-b418-116ab4ca037e,80.39618,NA,NA,6.89469,NA,NA,NA,NA,NA,NA,1419714d-bb20-4b12-8843-8c0697cfa408,2025-09-10,16:57:23,2025-09-10T16:57:23Z,2025-09-10T16:57:23Z,NA,v3,471452,471452,NA,"Mora, Chase",804993,Right,TEX_BOB,0d036fbc-5f8c-4d23-9e66-8d67698888e1,54.70423,-119.1856,11.82003,5.82111,-3.10864,-13.29101,2.69776,-5.6718,2.02066,NA,NA,NA,NA,NA,NA,NA,NA,NA,NA,NA,NA,NA,NA,NA,NA,NA,NA,NA,NA,NA,NA,NA,NA,NA,NA,NA,NA,NA,NA,NA,NA,NA,NA,NA,NA,NA,NA,NA,NA,NA,NA,NA,NA,NA,NA,NA,NA,NA,NA,High,High,High,NA,NA,NA,NA,NA,116.366868,-7.001255,794.645938,0.992543,10:00:00,0.120359,0.892085,-0.435543,-43.59934,39.718548,-78.996798,139.267611,-54.655185,0.377484,-0.815685,-0.438364,61.745603,-22.177926,0.815685,-0.377484,0.438364,-61.745603,22.177926,-0.815685,0.377484,0.438364,-139.267611,54.655185,-0.377484,0.815685,-0.438364
59,2025-09-10,11:57:35,5,4,"Tovar, Jesus",NA,Left,TEX_BOB,"Tovar, Jesus",NA,Left,TEX_BOB,Undefined,2,Top,1,2,1,Changeup,Changeup,BallCalled,Undefined,Undefined,Undefined,0,0,NA,80.36169,-1.966026,2.280596,1051.993152,88.161931,9:00:00,5.87067,-2.59645,5.82649,-42.32278,1.01028,-9.89296,0.51386,-1.29956,74.30711,-9.698297,0.503211,0.473785,NA,NA,NA,NA,NA,NA,NA,NA,NA,NA,NA,5.72331,1.41539,2.41602,50,5.68449,-4.27831,-116.67291,-5.37412,7.89902,21.69186,-30.22058,TEX_BOB,TEX_BOB,TexasStateUniversity,TeamExclusive,Team,20250910-TexasStateUniversity-Private-3,3ded1a50-8e67-11f0-b418-116ab4ca037e,79.55601,NA,NA,6.05458,NA,NA,NA,NA,NA,NA,1419714d-bb20-4b12-8843-8c0697cfa408,2025-09-10,16:57:35,2025-09-10T16:57:35Z,2025-09-10T16:57:35Z,NA,v3,471452,471452,NA,"Mora, Chase",804993,Right,TEX_BOB,525ffc74-d8b8-474a-80f2-c2691902cb61,54.67682,-117.53921,10.84593,5.87502,-4.16721,-15.11029,2.59319,-4.59377,3.94951,NA,NA,NA,NA,NA,NA,NA,NA,NA,NA,NA,NA,NA,NA,NA,NA,NA,NA,NA,NA,NA,NA,NA,NA,NA,NA,NA,NA,NA,NA,NA,NA,NA,NA,NA,NA,NA,NA,NA,NA,NA,NA,NA,NA,NA,NA,NA,NA,NA,NA,High,High,High,NA,NA,NA,NA,NA,122.691415,-24.280002,958.941044,0.911547,10:00:00,0.403923,0.780806,-0.476643,-40.930888,36.919099,-77.055898,131.301591,-70.58115,0.249768,-0.943113,-0.219439,76.90177,-14.46377,0.943113,-0.249768,0.219439,-76.90177,14.46377,-0.943113,0.249768,0.219439,-131.301591,70.58115,-0.249768,0.943113,-0.219439
60,2025-09-10,11:57:51,5,5,"Tovar, Jesus",NA,Left,TEX_BOB,"Tovar, Jesus",NA,Left,TEX_BOB,Undefined,2,Top,1,3,1,Sinker,Changeup,StrikeCalled,Undefined,Undefined,Undefined,0,0,NA,87.39254,0.076587,4.12305,1909.383223,106.232781,9:30:00,5.69449,-2.60729,5.02746,-31.88254,6.06327,-16.62505,3.11006,-0.09544,79.76541,-5.741551,1.195324,0.443357,NA,NA,NA,NA,NA,NA,NA,NA,NA,NA,NA,9.34623,3.35886,2.2261,50,5.67641,-8.34896,-126.51076,-1.0648,15.15367,25.7049,-26.72809,TEX_BOB,TEX_BOB,TexasStateUniversity,TeamExclusive,Team,20250910-TexasStateUniversity-Private-3,4740a540-8e67-11f0-b418-116ab4ca037e,85.01603,NA,NA,7.62713,NA,NA,NA,NA,NA,NA,1419714d-bb20-4b12-8843-8c0697cfa408,2025-09-10,16:57:51,2025-09-10T16:57:51Z,2025-09-10T16:57:51Z,NA,v3,471452,471452,NA,"Mora, Chase",804993,Right,TEX_BOB,6934ea38-47d9-4c8b-bc68-200aaa88da8b,55.47356,-127.61805,12.85245,5.69748,0.08657,-13.36404,2.59981,-9.00174,7.57684,NA,NA,NA,NA,NA,NA,NA,NA,NA,NA,NA,NA,NA,NA,NA,NA,NA,NA,NA,NA,NA,NA,NA,NA,NA,NA,NA,NA,NA,NA,NA,NA,NA,NA,NA,NA,NA,NA,NA,NA,NA,NA,NA,NA,NA,NA,NA,NA,NA,NA,High,High,High,NA,NA,NA,NA,NA,116.466002,-23.255187,1754.256277,0.918755,10:00:00,0.424341,0.82194,-0.379932,-59.14554,27.737533,75.665963,97.904918,-10.25481,0.974675,-0.178026,-0.135333,52.758483,-77.077951,0.178026,-0.974675,0.135333,-52.758483,77.077951,-0.178026,0.974675,0.135333,-97.904918,10.25481,-0.974675,0.178026,-0.135333
,,,,,,,,,,,,,,,,,,,,,,,,,,,,,,,,,,,,,,,,,,,,,,,,,,,,,,,,,,,,,,,,,,,,,,,,,,,,,,,,,,,,,,,,,,,,,,,,,,,,,,,,,,,,,,,,,,,,,,,,,,,,,,,,,,,,,,,,,,,,,,,,,,,,,,,,,,,,,,,,,,,,,,,,,,,,,,,,,,,,,,,,,,,,,,,,,,,,,
,,,,,,,,,,,,,,,,,,,,,,,,,,,,,,,,,,,,,,,,,,,,,,,,,,,,,,,,,,,,,,,,,,,,,,,,,,,,,,,,,,,,,,,,,,,,,,,,,,,,,,,,,,,,,,,,,,,,,,,,,,,,,,,,,,,,,,,,,,,,,,,,,,,,,,,,,,,,,,,,,,,,,,,,,,,,,,,,,,,,,,,,,,,,,,,,,,,,,
,,,,,,,,,,,,,,,,,,,,,,,,,,,,,,,,,,,,,,,,,,,,,,,,,,,,,,,,,,,,,,,,,,,,,,,,,,,,,,,,,,,,,,,,,,,,,,,,,,,,,,,,,,,,,,,,,,,,,,,,,,,,,,,,,,,,,,,,,,,,,,,,,,,,,,,,,,,,,,,,,,,,,,,,,,,,,,,,,,,,,,,,,,,,,,,,,,,,,
,,,,,,,,,,,,,,,,,,,,,,,,,,,,,,,,,,,,,,,,,,,,,,,,,,,,,,,,,,,,,,,,,,,,,,,,,,,,,,,,,,,,,,,,,,,,,,,,,,,,,,,,,,,,,,,,,,,,,,,,,,,,,,,,,,,,,,,,,,,,,,,,,,,,,,,,,,,,,,,,,,,,,,,,,,,,,,,,,,,,,,,,,,,,,,,,,,,,,
,,,,,,,,,,,,,,,,,,,,,,,,,,,,,,,,,,,,,,,,,,,,,,,,,,,,,,,,,,,,,,,,,,,,,,,,,,,,,,,,,,,,,,,,,,,,,,,,,,,,,,,,,,,,,,,,,,,,,,,,,,,,,,,,,,,,,,,,,,,,,,,,,,,,,,,,,,,,,,,,,,,,,,,,,,,,,,,,,,,,,,,,,,,,,,,,,,,,,
,,,,,,,,,,,,,,,,,,,,,,,,,,,,,,,,,,,,,,,,,,,,,,,,,,,,,,,,,,,,,,,,,,,,,,,,,,,,,,,,,,,,,,,,,,,,,,,,,,,,,,,,,,,,,,,,,,,,,,,,,,,,,,,,,,,,,,,,,,,,,,,,,,,,,,,,,,,,,,,,,,,,,,,,,,,,,,,,,,,,,,,,,,,,,,,,,,,,,
,,,,,,,,,,,,,,,,,,,,,,,,,,,,,,,,,,,,,,,,,,,,,,,,,,,,,,,,,,,,,,,,,,,,,,,,,,,,,,,,,,,,,,,,,,,,,,,,,,,,,,,,,,,,,,,,,,,,,,,,,,,,,,,,,,,,,,,,,,,,,,,,,,,,,,,,,,,,,,,,,,,,,,,,,,,,,,,,,,,,,,,,,,,,,,,,,,,,,
,,,,,,,,,,,,,,,,,,,,,,,,,,,,,,,,,,,,,,,,,,,,,,,,,,,,,,,,,,,,,,,,,,,,,,,,,,,,,,,,,,,,,,,,,,,,,,,,,,,,,,,,,,,,,,,,,,,,,,,,,,,,,,,,,,,,,,,,,,,,,,,,,,,,,,,,,,,,,,,,,,,,,,,,,,,,,,,,,,,,,,,,,,,,,,,,,,,,,
,,,,,,,,,,,,,,,,,,,,,,,,,,,,,,,,,,,,,,,,,,,,,,,,,,,,,,,,,,,,,,,,,,,,,,,,,,,,,,,,,,,,,,,,,,,,,,,,,,,,,,,,,,,,,,,,,,,,,,,,,,,,,,,,,,,,,,,,,,,,,,,,,,,,,,,,,,,,,,,,,,,,,,,,,,,,,,,,,,,,,,,,,,,,,,,,,,,,,
,,,,,,,,,,,,,,,,,,,,,,,,,,,,,,,,,,,,,,,,,,,,,,,,,,,,,,,,,,,,,,,,,,,,,,,,,,,,,,,,,,,,,,,,,,,,,,,,,,,,,,,,,,,,,,,,,,,,,,,,,,,,,,,,,,,,,,,,,,,,,,,,,,,,,,,,,,,,,,,,,,,,,,,,,,,,,,,,,,,,,,,,,,,,,,,,,,,,,
,,,,,,,,,,,,,,,,,,,,,,,,,,,,,,,,,,,,,,,,,,,,,,,,,,,,,,,,,,,,,,,,,,,,,,,,,,,,,,,,,,,,,,,,,,,,,,,,,,,,,,,,,,,,,,,,,,,,,,,,,,,,,,,,,,,,,,,,,,,,,,,,,,,,,,,,,,,,,,,,,,,,,,,,,,,,,,,,,,,,,,,,,,,,,,,,,,,,,
,,,,,,,,,,,,,,,,,,,,,,,,,,,,,,,,,,,,,,,,,,,,,,,,,,,,,,,,,,,,,,,,,,,,,,,,,,,,,,,,,,,,,,,,,,,,,,,,,,,,,,,,,,,,,,,,,,,,,,,,,,,,,,,,,,,,,,,,,,,,,,,,,,,,,,,,,,,,,,,,,,,,,,,,,,,,,,,,,,,,,,,,,,,,,,,,,,,,,
,,,,,,,,,,,,,,,,,,,,,,,,,,,,,,,,,,,,,,,,,,,,,,,,,,,,,,,,,,,,,,,,,,,,,,,,,,,,,,,,,,,,,,,,,,,,,,,,,,,,,,,,,,,,,,,,,,,,,,,,,,,,,,,,,,,,,,,,,,,,,,,,,,,,,,,,,,,,,,,,,,,,,,,,,,,,,,,,,,,,,,,,,,,,,,,,,,,,,
,,,,,,,,,,,,,,,,,,,,,,,,,,,,,,,,,,,,,,,,,,,,,,,,,,,,,,,,,,,,,,,,,,,,,,,,,,,,,,,,,,,,,,,,,,,,,,,,,,,,,,,,,,,,,,,,,,,,,,,,,,,,,,,,,,,,,,,,,,,,,,,,,,,,,,,,,,,,,,,,,,,,,,,,,,,,,,,,,,,,,,,,,,,,,,,,,,,,,
,,,,,,,,,,,,,,,,,,,,,,,,,,,,,,,,,,,,,,,,,,,,,,,,,,,,,,,,,,,,,,,,,,,,,,,,,,,,,,,,,,,,,,,,,,,,,,,,,,,,,,,,,,,,,,,,,,,,,,,,,,,,,,,,,,,,,,,,,,,,,,,,,,,,,,,,,,,,,,,,,,,,,,,,,,,,,,,,,,,,,,,,,,,,,,,,,,,,,
,,,,,,,,,,,,,,,,,,,,,,,,,,,,,,,,,,,,,,,,,,,,,,,,,,,,,,,,,,,,,,,,,,,,,,,,,,,,,,,,,,,,,,,,,,,,,,,,,,,,,,,,,,,,,,,,,,,,,,,,,,,,,,,,,,,,,,,,,,,,,,,,,,,,,,,,,,,,,,,,,,,,,,,,,,,,,,,,,,,,,,,,,,,,,,,,,,,,,
,,,,,,,,,,,,,,,,,,,,,,,,,,,,,,,,,,,,,,,,,,,,,,,,,,,,,,,,,,,,,,,,,,,,,,,,,,,,,,,,,,,,,,,,,,,,,,,,,,,,,,,,,,,,,,,,,,,,,,,,,,,,,,,,,,,,,,,,,,,,,,,,,,,,,,,,,,,,,,,,,,,,,,,,,,,,,,,,,,,,,,,,,,,,,,,,,,,,,
,,,,,,,,,,,,,,,,,,,,,,,,,,,,,,,,,,,,,,,,,,,,,,,,,,,,,,,,,,,,,,,,,,,,,,,,,,,,,,,,,,,,,,,,,,,,,,,,,,,,,,,,,,,,,,,,,,,,,,,,,,,,,,,,,,,,,,,,,,,,,,,,,,,,,,,,,,,,,,,,,,,,,,,,,,,,,,,,,,,,,,,,,,,,,,,,,,,,,
,,,,,,,,,,,,,,,,,,,,,,,,,,,,,,,,,,,,,,,,,,,,,,,,,,,,,,,,,,,,,,,,,,,,,,,,,,,,,,,,,,,,,,,,,,,,,,,,,,,,,,,,,,,,,,,,,,,,,,,,,,,,,,,,,,,,,,,,,,,,,,,,,,,,,,,,,,,,,,,,,,,,,,,,,,,,,,,,,,,,,,,,,,,,,,,,,,,,,
,,,,,,,,,,,,,,,,,,,,,,,,,,,,,,,,,,,,,,,,,,,,,,,,,,,,,,,,,,,,,,,,,,,,,,,,,,,,,,,,,,,,,,,,,,,,,,,,,,,,,,,,,,,,,,,,,,,,,,,,,,,,,,,,,,,,,,,,,,,,,,,,,,,,,,,,,,,,,,,,,,,,,,,,,,,,,,,,,,,,,,,,,,,,,,,,,,,,,
,,,,,,,,,,,,,,,,,,,,,,,,,,,,,,,,,,,,,,,,,,,,,,,,,,,,,,,,,,,,,,,,,,,,,,,,,,,,,,,,,,,,,,,,,,,,,,,,,,,,,,,,,,,,,,,,,,,,,,,,,,,,,,,,,,,,,,,,,,,,,,,,,,,,,,,,,,,,,,,,,,,,,,,,,,,,,,,,,,,,,,,,,,,,,,,,,,,,,
,,,,,,,,,,,,,,,,,,,,,,,,,,,,,,,,,,,,,,,,,,,,,,,,,,,,,,,,,,,,,,,,,,,,,,,,,,,,,,,,,,,,,,,,,,,,,,,,,,,,,,,,,,,,,,,,,,,,,,,,,,,,,,,,,,,,,,,,,,,,,,,,,,,,,,,,,,,,,,,,,,,,,,,,,,,,,,,,,,,,,,,,,,,,,,,,,,,,,
,,,,,,,,,,,,,,,,,,,,,,,,,,,,,,,,,,,,,,,,,,,,,,,,,,,,,,,,,,,,,,,,,,,,,,,,,,,,,,,,,,,,,,,,,,,,,,,,,,,,,,,,,,,,,,,,,,,,,,,,,,,,,,,,,,,,,,,,,,,,,,,,,,,,,,,,,,,,,,,,,,,,,,,,,,,,,,,,,,,,,,,,,,,,,,,,,,,,,
,,,,,,,,,,,,,,,,,,,,,,,,,,,,,,,,,,,,,,,,,,,,,,,,,,,,,,,,,,,,,,,,,,,,,,,,,,,,,,,,,,,,,,,,,,,,,,,,,,,,,,,,,,,,,,,,,,,,,,,,,,,,,,,,,,,,,,,,,,,,,,,,,,,,,,,,,,,,,,,,,,,,,,,,,,,,,,,,,,,,,,,,,,,,,,,,,,,,,
,,,,,,,,,,,,,,,,,,,,,,,,,,,,,,,,,,,,,,,,,,,,,,,,,,,,,,,,,,,,,,,,,,,,,,,,,,,,,,,,,,,,,,,,,,,,,,,,,,,,,,,,,,,,,,,,,,,,,,,,,,,,,,,,,,,,,,,,,,,,,,,,,,,,,,,,,,,,,,,,,,,,,,,,,,,,,,,,,,,,,,,,,,,,,,,,,,,,,
,,,,,,,,,,,,,,,,,,,,,,,,,,,,,,,,,,,,,,,,,,,,,,,,,,,,,,,,,,,,,,,,,,,,,,,,,,,,,,,,,,,,,,,,,,,,,,,,,,,,,,,,,,,,,,,,,,,,,,,,,,,,,,,,,,,,,,,,,,,,,,,,,,,,,,,,,,,,,,,,,,,,,,,,,,,,,,,,,,,,,,,,,,,,,,,,,,,,,
,,,,,,,,,,,,,,,,,,,,,,,,,,,,,,,,,,,,,,,,,,,,,,,,,,,,,,,,,,,,,,,,,,,,,,,,,,,,,,,,,,,,,,,,,,,,,,,,,,,,,,,,,,,,,,,,,,,,,,,,,,,,,,,,,,,,,,,,,,,,,,,,,,,,,,,,,,,,,,,,,,,,,,,,,,,,,,,,,,,,,,,,,,,,,,,,,,,,,
,,,,,,,,,,,,,,,,,,,,,,,,,,,,,,,,,,,,,,,,,,,,,,,,,,,,,,,,,,,,,,,,,,,,,,,,,,,,,,,,,,,,,,,,,,,,,,,,,,,,,,,,,,,,,,,,,,,,,,,,,,,,,,,,,,,,,,,,,,,,,,,,,,,,,,,,,,,,,,,,,,,,,,,,,,,,,,,,,,,,,,,,,,,,,,,,,,,,,
,,,,,,,,,,,,,,,,,,,,,,,,,,,,,,,,,,,,,,,,,,,,,,,,,,,,,,,,,,,,,,,,,,,,,,,,,,,,,,,,,,,,,,,,,,,,,,,,,,,,,,,,,,,,,,,,,,,,,,,,,,,,,,,,,,,,,,,,,,,,,,,,,,,,,,,,,,,,,,,,,,,,,,,,,,,,,,,,,,,,,,,,,,,,,,,,,,,,,
,,,,,,,,,,,,,,,,,,,,,,,,,,,,,,,,,,,,,,,,,,,,,,,,,,,,,,,,,,,,,,,,,,,,,,,,,,,,,,,,,,,,,,,,,,,,,,,,,,,,,,,,,,,,,,,,,,,,,,,,,,,,,,,,,,,,,,,,,,,,,,,,,,,,,,,,,,,,,,,,,,,,,,,,,,,,,,,,,,,,,,,,,,,,,,,,,,,,,
,,,,,,,,,,,,,,,,,,,,,,,,,,,,,,,,,,,,,,,,,,,,,,,,,,,,,,,,,,,,,,,,,,,,,,,,,,,,,,,,,,,,,,,,,,,,,,,,,,,,,,,,,,,,,,,,,,,,,,,,,,,,,,,,,,,,,,,,,,,,,,,,,,,,,,,,,,,,,,,,,,,,,,,,,,,,,,,,,,,,,,,,,,,,,,,,,,,,,
,,,,,,,,,,,,,,,,,,,,,,,,,,,,,,,,,,,,,,,,,,,,,,,,,,,,,,,,,,,,,,,,,,,,,,,,,,,,,,,,,,,,,,,,,,,,,,,,,,,,,,,,,,,,,,,,,,,,,,,,,,,,,,,,,,,,,,,,,,,,,,,,,,,,,,,,,,,,,,,,,,,,,,,,,,,,,,,,,,,,,,,,,,,,,,,,,,,,,
,,,,,,,,,,,,,,,,,,,,,,,,,,,,,,,,,,,,,,,,,,,,,,,,,,,,,,,,,,,,,,,,,,,,,,,,,,,,,,,,,,,,,,,,,,,,,,,,,,,,,,,,,,,,,,,,,,,,,,,,,,,,,,,,,,,,,,,,,,,,,,,,,,,,,,,,,,,,,,,,,,,,,,,,,,,,,,,,,,,,,,,,,,,,,,,,,,,,,
,,,,,,,,,,,,,,,,,,,,,,,,,,,,,,,,,,,,,,,,,,,,,,,,,,,,,,,,,,,,,,,,,,,,,,,,,,,,,,,,,,,,,,,,,,,,,,,,,,,,,,,,,,,,,,,,,,,,,,,,,,,,,,,,,,,,,,,,,,,,,,,,,,,,,,,,,,,,,,,,,,,,,,,,,,,,,,,,,,,,,,,,,,,,,,,,,,,,,
,,,,,,,,,,,,,,,,,,,,,,,,,,,,,,,,,,,,,,,,,,,,,,,,,,,,,,,,,,,,,,,,,,,,,,,,,,,,,,,,,,,,,,,,,,,,,,,,,,,,,,,,,,,,,,,,,,,,,,,,,,,,,,,,,,,,,,,,,,,,,,,,,,,,,,,,,,,,,,,,,,,,,,,,,,,,,,,,,,,,,,,,,,,,,,,,,,,,,
,,,,,,,,,,,,,,,,,,,,,,,,,,,,,,,,,,,,,,,,,,,,,,,,,,,,,,,,,,,,,,,,,,,,,,,,,,,,,,,,,,,,,,,,,,,,,,,,,,,,,,,,,,,,,,,,,,,,,,,,,,,,,,,,,,,,,,,,,,,,,,,,,,,,,,,,,,,,,,,,,,,,,,,,,,,,,,,,,,,,,,,,,,,,,,,,,,,,,
,,,,,,,,,,,,,,,,,,,,,,,,,,,,,,,,,,,,,,,,,,,,,,,,,,,,,,,,,,,,,,,,,,,,,,,,,,,,,,,,,,,,,,,,,,,,,,,,,,,,,,,,,,,,,,,,,,,,,,,,,,,,,,,,,,,,,,,,,,,,,,,,,,,,,,,,,,,,,,,,,,,,,,,,,,,,,,,,,,,,,,,,,,,,,,,,,,,,,
,,,,,,,,,,,,,,,,,,,,,,,,,,,,,,,,,,,,,,,,,,,,,,,,,,,,,,,,,,,,,,,,,,,,,,,,,,,,,,,,,,,,,,,,,,,,,,,,,,,,,,,,,,,,,,,,,,,,,,,,,,,,,,,,,,,,,,,,,,,,,,,,,,,,,,,,,,,,,,,,,,,,,,,,,,,,,,,,,,,,,,,,,,,,,,,,,,,,,
,,,,,,,,,,,,,,,,,,,,,,,,,,,,,,,,,,,,,,,,,,,,,,,,,,,,,,,,,,,,,,,,,,,,,,,,,,,,,,,,,,,,,,,,,,,,,,,,,,,,,,,,,,,,,,,,,,,,,,,,,,,,,,,,,,,,,,,,,,,,,,,,,,,,,,,,,,,,,,,,,,,,,,,,,,,,,,,,,,,,,,,,,,,,,,,,,,,,,
,,,,,,,,,,,,,,,,,,,,,,,,,,,,,,,,,,,,,,,,,,,,,,,,,,,,,,,,,,,,,,,,,,,,,,,,,,,,,,,,,,,,,,,,,,,,,,,,,,,,,,,,,,,,,,,,,,,,,,,,,,,,,,,,,,,,,,,,,,,,,,,,,,,,,,,,,,,,,,,,,,,,,,,,,,,,,,,,,,,,,,,,,,,,,,,,,,,,,
,,,,,,,,,,,,,,,,,,,,,,,,,,,,,,,,,,,,,,,,,,,,,,,,,,,,,,,,,,,,,,,,,,,,,,,,,,,,,,,,,,,,,,,,,,,,,,,,,,,,,,,,,,,,,,,,,,,,,,,,,,,,,,,,,,,,,,,,,,,,,,,,,,,,,,,,,,,,,,,,,,,,,,,,,,,,,,,,,,,,,,,,,,,,,,,,,,,,,
,,,,,,,,,,,,,,,,,,,,,,,,,,,,,,,,,,,,,,,,,,,,,,,,,,,,,,,,,,,,,,,,,,,,,,,,,,,,,,,,,,,,,,,,,,,,,,,,,,,,,,,,,,,,,,,,,,,,,,,,,,,,,,,,,,,,,,,,,,,,,,,,,,,,,,,,,,,,,,,,,,,,,,,,,,,,,,,,,,,,,,,,,,,,,,,,,,,,,
,,,,,,,,,,,,,,,,,,,,,,,,,,,,,,,,,,,,,,,,,,,,,,,,,,,,,,,,,,,,,,,,,,,,,,,,,,,,,,,,,,,,,,,,,,,,,,,,,,,,,,,,,,,,,,,,,,,,,,,,,,,,,,,,,,,,,,,,,,,,,,,,,,,,,,,,,,,,,,,,,,,,,,,,,,,,,,,,,,,,,,,,,,,,,,,,,,,,,
,,,,,,,,,,,,,,,,,,,,,,,,,,,,,,,,,,,,,,,,,,,,,,,,,,,,,,,,,,,,,,,,,,,,,,,,,,,,,,,,,,,,,,,,,,,,,,,,,,,,,,,,,,,,,,,,,,,,,,,,,,,,,,,,,,,,,,,,,,,,,,,,,,,,,,,,,,,,,,,,,,,,,,,,,,,,,,,,,,,,,,,,,,,,,,,,,,,,,
,,,,,,,,,,,,,,,,,,,,,,,,,,,,,,,,,,,,,,,,,,,,,,,,,,,,,,,,,,,,,,,,,,,,,,,,,,,,,,,,,,,,,,,,,,,,,,,,,,,,,,,,,,,,,,,,,,,,,,,,,,,,,,,,,,,,,,,,,,,,,,,,,,,,,,,,,,,,,,,,,,,,,,,,,,,,,,,,,,,,,,,,,,,,,,,,,,,,,
,,,,,,,,,,,,,,,,,,,,,,,,,,,,,,,,,,,,,,,,,,,,,,,,,,,,,,,,,,,,,,,,,,,,,,,,,,,,,,,,,,,,,,,,,,,,,,,,,,,,,,,,,,,,,,,,,,,,,,,,,,,,,,,,,,,,,,,,,,,,,,,,,,,,,,,,,,,,,,,,,,,,,,,,,,,,,,,,,,,,,,,,,,,,,,,,,,,,,
,,,,,,,,,,,,,,,,,,,,,,,,,,,,,,,,,,,,,,,,,,,,,,,,,,,,,,,,,,,,,,,,,,,,,,,,,,,,,,,,,,,,,,,,,,,,,,,,,,,,,,,,,,,,,,,,,,,,,,,,,,,,,,,,,,,,,,,,,,,,,,,,,,,,,,,,,,,,,,,,,,,,,,,,,,,,,,,,,,,,,,,,,,,,,,,,,,,,,
,,,,,,,,,,,,,,,,,,,,,,,,,,,,,,,,,,,,,,,,,,,,,,,,,,,,,,,,,,,,,,,,,,,,,,,,,,,,,,,,,,,,,,,,,,,,,,,,,,,,,,,,,,,,,,,,,,,,,,,,,,,,,,,,,,,,,,,,,,,,,,,,,,,,,,,,,,,,,,,,,,,,,,,,,,,,,,,,,,,,,,,,,,,,,,,,,,,,,
,,,,,,,,,,,,,,,,,,,,,,,,,,,,,,,,,,,,,,,,,,,,,,,,,,,,,,,,,,,,,,,,,,,,,,,,,,,,,,,,,,,,,,,,,,,,,,,,,,,,,,,,,,,,,,,,,,,,,,,,,,,,,,,,,,,,,,,,,,,,,,,,,,,,,,,,,,,,,,,,,,,,,,,,,,,,,,,,,,,,,,,,,,,,,,,,,,,,,
,,,,,,,,,,,,,,,,,,,,,,,,,,,,,,,,,,,,,,,,,,,,,,,,,,,,,,,,,,,,,,,,,,,,,,,,,,,,,,,,,,,,,,,,,,,,,,,,,,,,,,,,,,,,,,,,,,,,,,,,,,,,,,,,,,,,,,,,,,,,,,,,,,,,,,,,,,,,,,,,,,,,,,,,,,,,,,,,,,,,,,,,,,,,,,,,,,,,,
,,,,,,,,,,,,,,,,,,,,,,,,,,,,,,,,,,,,,,,,,,,,,,,,,,,,,,,,,,,,,,,,,,,,,,,,,,,,,,,,,,,,,,,,,,,,,,,,,,,,,,,,,,,,,,,,,,,,,,,,,,,,,,,,,,,,,,,,,,,,,,,,,,,,,,,,,,,,,,,,,,,,,,,,,,,,,,,,,,,,,,,,,,,,,,,,,,,,,
,,,,,,,,,,,,,,,,,,,,,,,,,,,,,,,,,,,,,,,,,,,,,,,,,,,,,,,,,,,,,,,,,,,,,,,,,,,,,,,,,,,,,,,,,,,,,,,,,,,,,,,,,,,,,,,,,,,,,,,,,,,,,,,,,,,,,,,,,,,,,,,,,,,,,,,,,,,,,,,,,,,,,,,,,,,,,,,,,,,,,,,,,,,,,,,,,,,,,
,,,,,,,,,,,,,,,,,,,,,,,,,,,,,,,,,,,,,,,,,,,,,,,,,,,,,,,,,,,,,,,,,,,,,,,,,,,,,,,,,,,,,,,,,,,,,,,,,,,,,,,,,,,,,,,,,,,,,,,,,,,,,,,,,,,,,,,,,,,,,,,,,,,,,,,,,,,,,,,,,,,,,,,,,,,,,,,,,,,,,,,,,,,,,,,,,,,,,
,,,,,,,,,,,,,,,,,,,,,,,,,,,,,,,,,,,,,,,,,,,,,,,,,,,,,,,,,,,,,,,,,,,,,,,,,,,,,,,,,,,,,,,,,,,,,,,,,,,,,,,,,,,,,,,,,,,,,,,,,,,,,,,,,,,,,,,,,,,,,,,,,,,,,,,,,,,,,,,,,,,,,,,,,,,,,,,,,,,,,,,,,,,,,,,,,,,,,
,,,,,,,,,,,,,,,,,,,,,,,,,,,,,,,,,,,,,,,,,,,,,,,,,,,,,,,,,,,,,,,,,,,,,,,,,,,,,,,,,,,,,,,,,,,,,,,,,,,,,,,,,,,,,,,,,,,,,,,,,,,,,,,,,,,,,,,,,,,,,,,,,,,,,,,,,,,,,,,,,,,,,,,,,,,,,,,,,,,,,,,,,,,,,,,,,,,,,
,,,,,,,,,,,,,,,,,,,,,,,,,,,,,,,,,,,,,,,,,,,,,,,,,,,,,,,,,,,,,,,,,,,,,,,,,,,,,,,,,,,,,,,,,,,,,,,,,,,,,,,,,,,,,,,,,,,,,,,,,,,,,,,,,,,,,,,,,,,,,,,,,,,,,,,,,,,,,,,,,,,,,,,,,,,,,,,,,,,,,,,,,,,,,,,,,,,,,
,,,,,,,,,,,,,,,,,,,,,,,,,,,,,,,,,,,,,,,,,,,,,,,,,,,,,,,,,,,,,,,,,,,,,,,,,,,,,,,,,,,,,,,,,,,,,,,,,,,,,,,,,,,,,,,,,,,,,,,,,,,,,,,,,,,,,,,,,,,,,,,,,,,,,,,,,,,,,,,,,,,,,,,,,,,,,,,,,,,,,,,,,,,,,,,,,,,,,
,,,,,,,,,,,,,,,,,,,,,,,,,,,,,,,,,,,,,,,,,,,,,,,,,,,,,,,,,,,,,,,,,,,,,,,,,,,,,,,,,,,,,,,,,,,,,,,,,,,,,,,,,,,,,,,,,,,,,,,,,,,,,,,,,,,,,,,,,,,,,,,,,,,,,,,,,,,,,,,,,,,,,,,,,,,,,,,,,,,,,,,,,,,,,,,,,,,,,
,,,,,,,,,,,,,,,,,,,,,,,,,,,,,,,,,,,,,,,,,,,,,,,,,,,,,,,,,,,,,,,,,,,,,,,,,,,,,,,,,,,,,,,,,,,,,,,,,,,,,,,,,,,,,,,,,,,,,,,,,,,,,,,,,,,,,,,,,,,,,,,,,,,,,,,,,,,,,,,,,,,,,,,,,,,,,,,,,,,,,,,,,,,,,,,,,,,,,
,,,,,,,,,,,,,,,,,,,,,,,,,,,,,,,,,,,,,,,,,,,,,,,,,,,,,,,,,,,,,,,,,,,,,,,,,,,,,,,,,,,,,,,,,,,,,,,,,,,,,,,,,,,,,,,,,,,,,,,,,,,,,,,,,,,,,,,,,,,,,,,,,,,,,,,,,,,,,,,,,,,,,,,,,,,,,,,,,,,,,,,,,,,,,,,,,,,,,
,,,,,,,,,,,,,,,,,,,,,,,,,,,,,,,,,,,,,,,,,,,,,,,,,,,,,,,,,,,,,,,,,,,,,,,,,,,,,,,,,,,,,,,,,,,,,,,,,,,,,,,,,,,,,,,,,,,,,,,,,,,,,,,,,,,,,,,,,,,,,,,,,,,,,,,,,,,,,,,,,,,,,,,,,,,,,,,,,,,,,,,,,,,,,,,,,,,,,
,,,,,,,,,,,,,,,,,,,,,,,,,,,,,,,,,,,,,,,,,,,,,,,,,,,,,,,,,,,,,,,,,,,,,,,,,,,,,,,,,,,,,,,,,,,,,,,,,,,,,,,,,,,,,,,,,,,,,,,,,,,,,,,,,,,,,,,,,,,,,,,,,,,,,,,,,,,,,,,,,,,,,,,,,,,,,,,,,,,,,,,,,,,,,,,,,,,,,
,,,,,,,,,,,,,,,,,,,,,,,,,,,,,,,,,,,,,,,,,,,,,,,,,,,,,,,,,,,,,,,,,,,,,,,,,,,,,,,,,,,,,,,,,,,,,,,,,,,,,,,,,,,,,,,,,,,,,,,,,,,,,,,,,,,,,,,,,,,,,,,,,,,,,,,,,,,,,,,,,,,,,,,,,,,,,,,,,,,,,,,,,,,,,,,,,,,,,
,,,,,,,,,,,,,,,,,,,,,,,,,,,,,,,,,,,,,,,,,,,,,,,,,,,,,,,,,,,,,,,,,,,,,,,,,,,,,,,,,,,,,,,,,,,,,,,,,,,,,,,,,,,,,,,,,,,,,,,,,,,,,,,,,,,,,,,,,,,,,,,,,,,,,,,,,,,,,,,,,,,,,,,,,,,,,,,,,,,,,,,,,,,,,,,,,,,,,
,,,,,,,,,,,,,,,,,,,,,,,,,,,,,,,,,,,,,,,,,,,,,,,,,,,,,,,,,,,,,,,,,,,,,,,,,,,,,,,,,,,,,,,,,,,,,,,,,,,,,,,,,,,,,,,,,,,,,,,,,,,,,,,,,,,,,,,,,,,,,,,,,,,,,,,,,,,,,,,,,,,,,,,,,,,,,,,,,,,,,,,,,,,,,,,,,,,,,
,,,,,,,,,,,,,,,,,,,,,,,,,,,,,,,,,,,,,,,,,,,,,,,,,,,,,,,,,,,,,,,,,,,,,,,,,,,,,,,,,,,,,,,,,,,,,,,,,,,,,,,,,,,,,,,,,,,,,,,,,,,,,,,,,,,,,,,,,,,,,,,,,,,,,,,,,,,,,,,,,,,,,,,,,,,,,,,,,,,,,,,,,,,,,,,,,,,,,
,,,,,,,,,,,,,,,,,,,,,,,,,,,,,,,,,,,,,,,,,,,,,,,,,,,,,,,,,,,,,,,,,,,,,,,,,,,,,,,,,,,,,,,,,,,,,,,,,,,,,,,,,,,,,,,,,,,,,,,,,,,,,,,,,,,,,,,,,,,,,,,,,,,,,,,,,,,,,,,,,,,,,,,,,,,,,,,,,,,,,,,,,,,,,,,,,,,,,
,,,,,,,,,,,,,,,,,,,,,,,,,,,,,,,,,,,,,,,,,,,,,,,,,,,,,,,,,,,,,,,,,,,,,,,,,,,,,,,,,,,,,,,,,,,,,,,,,,,,,,,,,,,,,,,,,,,,,,,,,,,,,,,,,,,,,,,,,,,,,,,,,,,,,,,,,,,,,,,,,,,,,,,,,,,,,,,,,,,,,,,,,,,,,,,,,,,,,
,,,,,,,,,,,,,,,,,,,,,,,,,,,,,,,,,,,,,,,,,,,,,,,,,,,,,,,,,,,,,,,,,,,,,,,,,,,,,,,,,,,,,,,,,,,,,,,,,,,,,,,,,,,,,,,,,,,,,,,,,,,,,,,,,,,,,,,,,,,,,,,,,,,,,,,,,,,,,,,,,,,,,,,,,,,,,,,,,,,,,,,,,,,,,,,,,,,,,
,,,,,,,,,,,,,,,,,,,,,,,,,,,,,,,,,,,,,,,,,,,,,,,,,,,,,,,,,,,,,,,,,,,,,,,,,,,,,,,,,,,,,,,,,,,,,,,,,,,,,,,,,,,,,,,,,,,,,,,,,,,,,,,,,,,,,,,,,,,,,,,,,,,,,,,,,,,,,,,,,,,,,,,,,,,,,,,,,,,,,,,,,,,,,,,,,,,,,
,,,,,,,,,,,,,,,,,,,,,,,,,,,,,,,,,,,,,,,,,,,,,,,,,,,,,,,,,,,,,,,,,,,,,,,,,,,,,,,,,,,,,,,,,,,,,,,,,,,,,,,,,,,,,,,,,,,,,,,,,,,,,,,,,,,,,,,,,,,,,,,,,,,,,,,,,,,,,,,,,,,,,,,,,,,,,,,,,,,,,,,,,,,,,,,,,,,,,
,,,,,,,,,,,,,,,,,,,,,,,,,,,,,,,,,,,,,,,,,,,,,,,,,,,,,,,,,,,,,,,,,,,,,,,,,,,,,,,,,,,,,,,,,,,,,,,,,,,,,,,,,,,,,,,,,,,,,,,,,,,,,,,,,,,,,,,,,,,,,,,,,,,,,,,,,,,,,,,,,,,,,,,,,,,,,,,,,,,,,,,,,,,,,,,,,,,,,
,,,,,,,,,,,,,,,,,,,,,,,,,,,,,,,,,,,,,,,,,,,,,,,,,,,,,,,,,,,,,,,,,,,,,,,,,,,,,,,,,,,,,,,,,,,,,,,,,,,,,,,,,,,,,,,,,,,,,,,,,,,,,,,,,,,,,,,,,,,,,,,,,,,,,,,,,,,,,,,,,,,,,,,,,,,,,,,,,,,,,,,,,,,,,,,,,,,,,
,,,,,,,,,,,,,,,,,,,,,,,,,,,,,,,,,,,,,,,,,,,,,,,,,,,,,,,,,,,,,,,,,,,,,,,,,,,,,,,,,,,,,,,,,,,,,,,,,,,,,,,,,,,,,,,,,,,,,,,,,,,,,,,,,,,,,,,,,,,,,,,,,,,,,,,,,,,,,,,,,,,,,,,,,,,,,,,,,,,,,,,,,,,,,,,,,,,,,
,,,,,,,,,,,,,,,,,,,,,,,,,,,,,,,,,,,,,,,,,,,,,,,,,,,,,,,,,,,,,,,,,,,,,,,,,,,,,,,,,,,,,,,,,,,,,,,,,,,,,,,,,,,,,,,,,,,,,,,,,,,,,,,,,,,,,,,,,,,,,,,,,,,,,,,,,,,,,,,,,,,,,,,,,,,,,,,,,,,,,,,,,,,,,,,,,,,,,
,,,,,,,,,,,,,,,,,,,,,,,,,,,,,,,,,,,,,,,,,,,,,,,,,,,,,,,,,,,,,,,,,,,,,,,,,,,,,,,,,,,,,,,,,,,,,,,,,,,,,,,,,,,,,,,,,,,,,,,,,,,,,,,,,,,,,,,,,,,,,,,,,,,,,,,,,,,,,,,,,,,,,,,,,,,,,,,,,,,,,,,,,,,,,,,,,,,,,
,,,,,,,,,,,,,,,,,,,,,,,,,,,,,,,,,,,,,,,,,,,,,,,,,,,,,,,,,,,,,,,,,,,,,,,,,,,,,,,,,,,,,,,,,,,,,,,,,,,,,,,,,,,,,,,,,,,,,,,,,,,,,,,,,,,,,,,,,,,,,,,,,,,,,,,,,,,,,,,,,,,,,,,,,,,,,,,,,,,,,,,,,,,,,,,,,,,,,
,,,,,,,,,,,,,,,,,,,,,,,,,,,,,,,,,,,,,,,,,,,,,,,,,,,,,,,,,,,,,,,,,,,,,,,,,,,,,,,,,,,,,,,,,,,,,,,,,,,,,,,,,,,,,,,,,,,,,,,,,,,,,,,,,,,,,,,,,,,,,,,,,,,,,,,,,,,,,,,,,,,,,,,,,,,,,,,,,,,,,,,,,,,,,,,,,,,,,
,,,,,,,,,,,,,,,,,,,,,,,,,,,,,,,,,,,,,,,,,,,,,,,,,,,,,,,,,,,,,,,,,,,,,,,,,,,,,,,,,,,,,,,,,,,,,,,,,,,,,,,,,,,,,,,,,,,,,,,,,,,,,,,,,,,,,,,,,,,,,,,,,,,,,,,,,,,,,,,,,,,,,,,,,,,,,,,,,,,,,,,,,,,,,,,,,,,,,
,,,,,,,,,,,,,,,,,,,,,,,,,,,,,,,,,,,,,,,,,,,,,,,,,,,,,,,,,,,,,,,,,,,,,,,,,,,,,,,,,,,,,,,,,,,,,,,,,,,,,,,,,,,,,,,,,,,,,,,,,,,,,,,,,,,,,,,,,,,,,,,,,,,,,,,,,,,,,,,,,,,,,,,,,,,,,,,,,,,,,,,,,,,,,,,,,,,,,
,,,,,,,,,,,,,,,,,,,,,,,,,,,,,,,,,,,,,,,,,,,,,,,,,,,,,,,,,,,,,,,,,,,,,,,,,,,,,,,,,,,,,,,,,,,,,,,,,,,,,,,,,,,,,,,,,,,,,,,,,,,,,,,,,,,,,,,,,,,,,,,,,,,,,,,,,,,,,,,,,,,,,,,,,,,,,,,,,,,,,,,,,,,,,,,,,,,,,
,,,,,,,,,,,,,,,,,,,,,,,,,,,,,,,,,,,,,,,,,,,,,,,,,,,,,,,,,,,,,,,,,,,,,,,,,,,,,,,,,,,,,,,,,,,,,,,,,,,,,,,,,,,,,,,,,,,,,,,,,,,,,,,,,,,,,,,,,,,,,,,,,,,,,,,,,,,,,,,,,,,,,,,,,,,,,,,,,,,,,,,,,,,,,,,,,,,,,
,,,,,,,,,,,,,,,,,,,,,,,,,,,,,,,,,,,,,,,,,,,,,,,,,,,,,,,,,,,,,,,,,,,,,,,,,,,,,,,,,,,,,,,,,,,,,,,,,,,,,,,,,,,,,,,,,,,,,,,,,,,,,,,,,,,,,,,,,,,,,,,,,,,,,,,,,,,,,,,,,,,,,,,,,,,,,,,,,,,,,,,,,,,,,,,,,,,,,
,,,,,,,,,,,,,,,,,,,,,,,,,,,,,,,,,,,,,,,,,,,,,,,,,,,,,,,,,,,,,,,,,,,,,,,,,,,,,,,,,,,,,,,,,,,,,,,,,,,,,,,,,,,,,,,,,,,,,,,,,,,,,,,,,,,,,,,,,,,,,,,,,,,,,,,,,,,,,,,,,,,,,,,,,,,,,,,,,,,,,,,,,,,,,,,,,,,,,
,,,,,,,,,,,,,,,,,,,,,,,,,,,,,,,,,,,,,,,,,,,,,,,,,,,,,,,,,,,,,,,,,,,,,,,,,,,,,,,,,,,,,,,,,,,,,,,,,,,,,,,,,,,,,,,,,,,,,,,,,,,,,,,,,,,,,,,,,,,,,,,,,,,,,,,,,,,,,,,,,,,,,,,,,,,,,,,,,,,,,,,,,,,,,,,,,,,,,
,,,,,,,,,,,,,,,,,,,,,,,,,,,,,,,,,,,,,,,,,,,,,,,,,,,,,,,,,,,,,,,,,,,,,,,,,,,,,,,,,,,,,,,,,,,,,,,,,,,,,,,,,,,,,,,,,,,,,,,,,,,,,,,,,,,,,,,,,,,,,,,,,,,,,,,,,,,,,,,,,,,,,,,,,,,,,,,,,,,,,,,,,,,,,,,,,,,,,
,,,,,,,,,,,,,,,,,,,,,,,,,,,,,,,,,,,,,,,,,,,,,,,,,,,,,,,,,,,,,,,,,,,,,,,,,,,,,,,,,,,,,,,,,,,,,,,,,,,,,,,,,,,,,,,,,,,,,,,,,,,,,,,,,,,,,,,,,,,,,,,,,,,,,,,,,,,,,,,,,,,,,,,,,,,,,,,,,,,,,,,,,,,,,,,,,,,,,
,,,,,,,,,,,,,,,,,,,,,,,,,,,,,,,,,,,,,,,,,,,,,,,,,,,,,,,,,,,,,,,,,,,,,,,,,,,,,,,,,,,,,,,,,,,,,,,,,,,,,,,,,,,,,,,,,,,,,,,,,,,,,,,,,,,,,,,,,,,,,,,,,,,,,,,,,,,,,,,,,,,,,,,,,,,,,,,,,,,,,,,,,,,,,,,,,,,,,
,,,,,,,,,,,,,,,,,,,,,,,,,,,,,,,,,,,,,,,,,,,,,,,,,,,,,,,,,,,,,,,,,,,,,,,,,,,,,,,,,,,,,,,,,,,,,,,,,,,,,,,,,,,,,,,,,,,,,,,,,,,,,,,,,,,,,,,,,,,,,,,,,,,,,,,,,,,,,,,,,,,,,,,,,,,,,,,,,,,,,,,,,,,,,,,,,,,,,
,,,,,,,,,,,,,,,,,,,,,,,,,,,,,,,,,,,,,,,,,,,,,,,,,,,,,,,,,,,,,,,,,,,,,,,,,,,,,,,,,,,,,,,,,,,,,,,,,,,,,,,,,,,,,,,,,,,,,,,,,,,,,,,,,,,,,,,,,,,,,,,,,,,,,,,,,,,,,,,,,,,,,,,,,,,,,,,,,,,,,,,,,,,,,,,,,,,,,
,,,,,,,,,,,,,,,,,,,,,,,,,,,,,,,,,,,,,,,,,,,,,,,,,,,,,,,,,,,,,,,,,,,,,,,,,,,,,,,,,,,,,,,,,,,,,,,,,,,,,,,,,,,,,,,,,,,,,,,,,,,,,,,,,,,,,,,,,,,,,,,,,,,,,,,,,,,,,,,,,,,,,,,,,,,,,,,,,,,,,,,,,,,,,,,,,,,,,
,,,,,,,,,,,,,,,,,,,,,,,,,,,,,,,,,,,,,,,,,,,,,,,,,,,,,,,,,,,,,,,,,,,,,,,,,,,,,,,,,,,,,,,,,,,,,,,,,,,,,,,,,,,,,,,,,,,,,,,,,,,,,,,,,,,,,,,,,,,,,,,,,,,,,,,,,,,,,,,,,,,,,,,,,,,,,,,,,,,,,,,,,,,,,,,,,,,,,
,,,,,,,,,,,,,,,,,,,,,,,,,,,,,,,,,,,,,,,,,,,,,,,,,,,,,,,,,,,,,,,,,,,,,,,,,,,,,,,,,,,,,,,,,,,,,,,,,,,,,,,,,,,,,,,,,,,,,,,,,,,,,,,,,,,,,,,,,,,,,,,,,,,,,,,,,,,,,,,,,,,,,,,,,,,,,,,,,,,,,,,,,,,,,,,,,,,,,
,,,,,,,,,,,,,,,,,,,,,,,,,,,,,,,,,,,,,,,,,,,,,,,,,,,,,,,,,,,,,,,,,,,,,,,,,,,,,,,,,,,,,,,,,,,,,,,,,,,,,,,,,,,,,,,,,,,,,,,,,,,,,,,,,,,,,,,,,,,,,,,,,,,,,,,,,,,,,,,,,,,,,,,,,,,,,,,,,,,,,,,,,,,,,,,,,,,,,
,,,,,,,,,,,,,,,,,,,,,,,,,,,,,,,,,,,,,,,,,,,,,,,,,,,,,,,,,,,,,,,,,,,,,,,,,,,,,,,,,,,,,,,,,,,,,,,,,,,,,,,,,,,,,,,,,,,,,,,,,,,,,,,,,,,,,,,,,,,,,,,,,,,,,,,,,,,,,,,,,,,,,,,,,,,,,,,,,,,,,,,,,,,,,,,,,,,,,
,,,,,,,,,,,,,,,,,,,,,,,,,,,,,,,,,,,,,,,,,,,,,,,,,,,,,,,,,,,,,,,,,,,,,,,,,,,,,,,,,,,,,,,,,,,,,,,,,,,,,,,,,,,,,,,,,,,,,,,,,,,,,,,,,,,,,,,,,,,,,,,,,,,,,,,,,,,,,,,,,,,,,,,,,,,,,,,,,,,,,,,,,,,,,,,,,,,,,
,,,,,,,,,,,,,,,,,,,,,,,,,,,,,,,,,,,,,,,,,,,,,,,,,,,,,,,,,,,,,,,,,,,,,,,,,,,,,,,,,,,,,,,,,,,,,,,,,,,,,,,,,,,,,,,,,,,,,,,,,,,,,,,,,,,,,,,,,,,,,,,,,,,,,,,,,,,,,,,,,,,,,,,,,,,,,,,,,,,,,,,,,,,,,,,,,,,,,
,,,,,,,,,,,,,,,,,,,,,,,,,,,,,,,,,,,,,,,,,,,,,,,,,,,,,,,,,,,,,,,,,,,,,,,,,,,,,,,,,,,,,,,,,,,,,,,,,,,,,,,,,,,,,,,,,,,,,,,,,,,,,,,,,,,,,,,,,,,,,,,,,,,,,,,,,,,,,,,,,,,,,,,,,,,,,,,,,,,,,,,,,,,,,,,,,,,,,
,,,,,,,,,,,,,,,,,,,,,,,,,,,,,,,,,,,,,,,,,,,,,,,,,,,,,,,,,,,,,,,,,,,,,,,,,,,,,,,,,,,,,,,,,,,,,,,,,,,,,,,,,,,,,,,,,,,,,,,,,,,,,,,,,,,,,,,,,,,,,,,,,,,,,,,,,,,,,,,,,,,,,,,,,,,,,,,,,,,,,,,,,,,,,,,,,,,,,
,,,,,,,,,,,,,,,,,,,,,,,,,,,,,,,,,,,,,,,,,,,,,,,,,,,,,,,,,,,,,,,,,,,,,,,,,,,,,,,,,,,,,,,,,,,,,,,,,,,,,,,,,,,,,,,,,,,,,,,,,,,,,,,,,,,,,,,,,,,,,,,,,,,,,,,,,,,,,,,,,,,,,,,,,,,,,,,,,,,,,,,,,,,,,,,,,,,,,
,,,,,,,,,,,,,,,,,,,,,,,,,,,,,,,,,,,,,,,,,,,,,,,,,,,,,,,,,,,,,,,,,,,,,,,,,,,,,,,,,,,,,,,,,,,,,,,,,,,,,,,,,,,,,,,,,,,,,,,,,,,,,,,,,,,,,,,,,,,,,,,,,,,,,,,,,,,,,,,,,,,,,,,,,,,,,,,,,,,,,,,,,,,,,,,,,,,,,
,,,,,,,,,,,,,,,,,,,,,,,,,,,,,,,,,,,,,,,,,,,,,,,,,,,,,,,,,,,,,,,,,,,,,,,,,,,,,,,,,,,,,,,,,,,,,,,,,,,,,,,,,,,,,,,,,,,,,,,,,,,,,,,,,,,,,,,,,,,,,,,,,,,,,,,,,,,,,,,,,,,,,,,,,,,,,,,,,,,,,,,,,,,,,,,,,,,,,
,,,,,,,,,,,,,,,,,,,,,,,,,,,,,,,,,,,,,,,,,,,,,,,,,,,,,,,,,,,,,,,,,,,,,,,,,,,,,,,,,,,,,,,,,,,,,,,,,,,,,,,,,,,,,,,,,,,,,,,,,,,,,,,,,,,,,,,,,,,,,,,,,,,,,,,,,,,,,,,,,,,,,,,,,,,,,,,,,,,,,,,,,,,,,,,,,,,,,
,,,,,,,,,,,,,,,,,,,,,,,,,,,,,,,,,,,,,,,,,,,,,,,,,,,,,,,,,,,,,,,,,,,,,,,,,,,,,,,,,,,,,,,,,,,,,,,,,,,,,,,,,,,,,,,,,,,,,,,,,,,,,,,,,,,,,,,,,,,,,,,,,,,,,,,,,,,,,,,,,,,,,,,,,,,,,,,,,,,,,,,,,,,,,,,,,,,,,
,,,,,,,,,,,,,,,,,,,,,,,,,,,,,,,,,,,,,,,,,,,,,,,,,,,,,,,,,,,,,,,,,,,,,,,,,,,,,,,,,,,,,,,,,,,,,,,,,,,,,,,,,,,,,,,,,,,,,,,,,,,,,,,,,,,,,,,,,,,,,,,,,,,,,,,,,,,,,,,,,,,,,,,,,,,,,,,,,,,,,,,,,,,,,,,,,,,,,
,,,,,,,,,,,,,,,,,,,,,,,,,,,,,,,,,,,,,,,,,,,,,,,,,,,,,,,,,,,,,,,,,,,,,,,,,,,,,,,,,,,,,,,,,,,,,,,,,,,,,,,,,,,,,,,,,,,,,,,,,,,,,,,,,,,,,,,,,,,,,,,,,,,,,,,,,,,,,,,,,,,,,,,,,,,,,,,,,,,,,,,,,,,,,,,,,,,,,
,,,,,,,,,,,,,,,,,,,,,,,,,,,,,,,,,,,,,,,,,,,,,,,,,,,,,,,,,,,,,,,,,,,,,,,,,,,,,,,,,,,,,,,,,,,,,,,,,,,,,,,,,,,,,,,,,,,,,,,,,,,,,,,,,,,,,,,,,,,,,,,,,,,,,,,,,,,,,,,,,,,,,,,,,,,,,,,,,,,,,,,,,,,,,,,,,,,,,
,,,,,,,,,,,,,,,,,,,,,,,,,,,,,,,,,,,,,,,,,,,,,,,,,,,,,,,,,,,,,,,,,,,,,,,,,,,,,,,,,,,,,,,,,,,,,,,,,,,,,,,,,,,,,,,,,,,,,,,,,,,,,,,,,,,,,,,,,,,,,,,,,,,,,,,,,,,,,,,,,,,,,,,,,,,,,,,,,,,,,,,,,,,,,,,,,,,,,
,,,,,,,,,,,,,,,,,,,,,,,,,,,,,,,,,,,,,,,,,,,,,,,,,,,,,,,,,,,,,,,,,,,,,,,,,,,,,,,,,,,,,,,,,,,,,,,,,,,,,,,,,,,,,,,,,,,,,,,,,,,,,,,,,,,,,,,,,,,,,,,,,,,,,,,,,,,,,,,,,,,,,,,,,,,,,,,,,,,,,,,,,,,,,,,,,,,,,
,,,,,,,,,,,,,,,,,,,,,,,,,,,,,,,,,,,,,,,,,,,,,,,,,,,,,,,,,,,,,,,,,,,,,,,,,,,,,,,,,,,,,,,,,,,,,,,,,,,,,,,,,,,,,,,,,,,,,,,,,,,,,,,,,,,,,,,,,,,,,,,,,,,,,,,,,,,,,,,,,,,,,,,,,,,,,,,,,,,,,,,,,,,,,,,,,,,,,
,,,,,,,,,,,,,,,,,,,,,,,,,,,,,,,,,,,,,,,,,,,,,,,,,,,,,,,,,,,,,,,,,,,,,,,,,,,,,,,,,,,,,,,,,,,,,,,,,,,,,,,,,,,,,,,,,,,,,,,,,,,,,,,,,,,,,,,,,,,,,,,,,,,,,,,,,,,,,,,,,,,,,,,,,,,,,,,,,,,,,,,,,,,,,,,,,,,,,
,,,,,,,,,,,,,,,,,,,,,,,,,,,,,,,,,,,,,,,,,,,,,,,,,,,,,,,,,,,,,,,,,,,,,,,,,,,,,,,,,,,,,,,,,,,,,,,,,,,,,,,,,,,,,,,,,,,,,,,,,,,,,,,,,,,,,,,,,,,,,,,,,,,,,,,,,,,,,,,,,,,,,,,,,,,,,,,,,,,,,,,,,,,,,,,,,,,,,
,,,,,,,,,,,,,,,,,,,,,,,,,,,,,,,,,,,,,,,,,,,,,,,,,,,,,,,,,,,,,,,,,,,,,,,,,,,,,,,,,,,,,,,,,,,,,,,,,,,,,,,,,,,,,,,,,,,,,,,,,,,,,,,,,,,,,,,,,,,,,,,,,,,,,,,,,,,,,,,,,,,,,,,,,,,,,,,,,,,,,,,,,,,,,,,,,,,,,
,,,,,,,,,,,,,,,,,,,,,,,,,,,,,,,,,,,,,,,,,,,,,,,,,,,,,,,,,,,,,,,,,,,,,,,,,,,,,,,,,,,,,,,,,,,,,,,,,,,,,,,,,,,,,,,,,,,,,,,,,,,,,,,,,,,,,,,,,,,,,,,,,,,,,,,,,,,,,,,,,,,,,,,,,,,,,,,,,,,,,,,,,,,,,,,,,,,,,
,,,,,,,,,,,,,,,,,,,,,,,,,,,,,,,,,,,,,,,,,,,,,,,,,,,,,,,,,,,,,,,,,,,,,,,,,,,,,,,,,,,,,,,,,,,,,,,,,,,,,,,,,,,,,,,,,,,,,,,,,,,,,,,,,,,,,,,,,,,,,,,,,,,,,,,,,,,,,,,,,,,,,,,,,,,,,,,,,,,,,,,,,,,,,,,,,,,,,
,,,,,,,,,,,,,,,,,,,,,,,,,,,,,,,,,,,,,,,,,,,,,,,,,,,,,,,,,,,,,,,,,,,,,,,,,,,,,,,,,,,,,,,,,,,,,,,,,,,,,,,,,,,,,,,,,,,,,,,,,,,,,,,,,,,,,,,,,,,,,,,,,,,,,,,,,,,,,,,,,,,,,,,,,,,,,,,,,,,,,,,,,,,,,,,,,,,,,
,,,,,,,,,,,,,,,,,,,,,,,,,,,,,,,,,,,,,,,,,,,,,,,,,,,,,,,,,,,,,,,,,,,,,,,,,,,,,,,,,,,,,,,,,,,,,,,,,,,,,,,,,,,,,,,,,,,,,,,,,,,,,,,,,,,,,,,,,,,,,,,,,,,,,,,,,,,,,,,,,,,,,,,,,,,,,,,,,,,,,,,,,,,,,,,,,,,,,
,,,,,,,,,,,,,,,,,,,,,,,,,,,,,,,,,,,,,,,,,,,,,,,,,,,,,,,,,,,,,,,,,,,,,,,,,,,,,,,,,,,,,,,,,,,,,,,,,,,,,,,,,,,,,,,,,,,,,,,,,,,,,,,,,,,,,,,,,,,,,,,,,,,,,,,,,,,,,,,,,,,,,,,,,,,,,,,,,,,,,,,,,,,,,,,,,,,,,
,,,,,,,,,,,,,,,,,,,,,,,,,,,,,,,,,,,,,,,,,,,,,,,,,,,,,,,,,,,,,,,,,,,,,,,,,,,,,,,,,,,,,,,,,,,,,,,,,,,,,,,,,,,,,,,,,,,,,,,,,,,,,,,,,,,,,,,,,,,,,,,,,,,,,,,,,,,,,,,,,,,,,,,,,,,,,,,,,,,,,,,,,,,,,,,,,,,,,
,,,,,,,,,,,,,,,,,,,,,,,,,,,,,,,,,,,,,,,,,,,,,,,,,,,,,,,,,,,,,,,,,,,,,,,,,,,,,,,,,,,,,,,,,,,,,,,,,,,,,,,,,,,,,,,,,,,,,,,,,,,,,,,,,,,,,,,,,,,,,,,,,,,,,,,,,,,,,,,,,,,,,,,,,,,,,,,,,,,,,,,,,,,,,,,,,,,,,
,,,,,,,,,,,,,,,,,,,,,,,,,,,,,,,,,,,,,,,,,,,,,,,,,,,,,,,,,,,,,,,,,,,,,,,,,,,,,,,,,,,,,,,,,,,,,,,,,,,,,,,,,,,,,,,,,,,,,,,,,,,,,,,,,,,,,,,,,,,,,,,,,,,,,,,,,,,,,,,,,,,,,,,,,,,,,,,,,,,,,,,,,,,,,,,,,,,,,
,,,,,,,,,,,,,,,,,,,,,,,,,,,,,,,,,,,,,,,,,,,,,,,,,,,,,,,,,,,,,,,,,,,,,,,,,,,,,,,,,,,,,,,,,,,,,,,,,,,,,,,,,,,,,,,,,,,,,,,,,,,,,,,,,,,,,,,,,,,,,,,,,,,,,,,,,,,,,,,,,,,,,,,,,,,,,,,,,,,,,,,,,,,,,,,,,,,,,
,,,,,,,,,,,,,,,,,,,,,,,,,,,,,,,,,,,,,,,,,,,,,,,,,,,,,,,,,,,,,,,,,,,,,,,,,,,,,,,,,,,,,,,,,,,,,,,,,,,,,,,,,,,,,,,,,,,,,,,,,,,,,,,,,,,,,,,,,,,,,,,,,,,,,,,,,,,,,,,,,,,,,,,,,,,,,,,,,,,,,,,,,,,,,,,,,,,,,
,,,,,,,,,,,,,,,,,,,,,,,,,,,,,,,,,,,,,,,,,,,,,,,,,,,,,,,,,,,,,,,,,,,,,,,,,,,,,,,,,,,,,,,,,,,,,,,,,,,,,,,,,,,,,,,,,,,,,,,,,,,,,,,,,,,,,,,,,,,,,,,,,,,,,,,,,,,,,,,,,,,,,,,,,,,,,,,,,,,,,,,,,,,,,,,,,,,,,
,,,,,,,,,,,,,,,,,,,,,,,,,,,,,,,,,,,,,,,,,,,,,,,,,,,,,,,,,,,,,,,,,,,,,,,,,,,,,,,,,,,,,,,,,,,,,,,,,,,,,,,,,,,,,,,,,,,,,,,,,,,,,,,,,,,,,,,,,,,,,,,,,,,,,,,,,,,,,,,,,,,,,,,,,,,,,,,,,,,,,,,,,,,,,,,,,,,,,
,,,,,,,,,,,,,,,,,,,,,,,,,,,,,,,,,,,,,,,,,,,,,,,,,,,,,,,,,,,,,,,,,,,,,,,,,,,,,,,,,,,,,,,,,,,,,,,,,,,,,,,,,,,,,,,,,,,,,,,,,,,,,,,,,,,,,,,,,,,,,,,,,,,,,,,,,,,,,,,,,,,,,,,,,,,,,,,,,,,,,,,,,,,,,,,,,,,,,
,,,,,,,,,,,,,,,,,,,,,,,,,,,,,,,,,,,,,,,,,,,,,,,,,,,,,,,,,,,,,,,,,,,,,,,,,,,,,,,,,,,,,,,,,,,,,,,,,,,,,,,,,,,,,,,,,,,,,,,,,,,,,,,,,,,,,,,,,,,,,,,,,,,,,,,,,,,,,,,,,,,,,,,,,,,,,,,,,,,,,,,,,,,,,,,,,,,,,
,,,,,,,,,,,,,,,,,,,,,,,,,,,,,,,,,,,,,,,,,,,,,,,,,,,,,,,,,,,,,,,,,,,,,,,,,,,,,,,,,,,,,,,,,,,,,,,,,,,,,,,,,,,,,,,,,,,,,,,,,,,,,,,,,,,,,,,,,,,,,,,,,,,,,,,,,,,,,,,,,,,,,,,,,,,,,,,,,,,,,,,,,,,,,,,,,,,,,
,,,,,,,,,,,,,,,,,,,,,,,,,,,,,,,,,,,,,,,,,,,,,,,,,,,,,,,,,,,,,,,,,,,,,,,,,,,,,,,,,,,,,,,,,,,,,,,,,,,,,,,,,,,,,,,,,,,,,,,,,,,,,,,,,,,,,,,,,,,,,,,,,,,,,,,,,,,,,,,,,,,,,,,,,,,,,,,,,,,,,,,,,,,,,,,,,,,,,
,,,,,,,,,,,,,,,,,,,,,,,,,,,,,,,,,,,,,,,,,,,,,,,,,,,,,,,,,,,,,,,,,,,,,,,,,,,,,,,,,,,,,,,,,,,,,,,,,,,,,,,,,,,,,,,,,,,,,,,,,,,,,,,,,,,,,,,,,,,,,,,,,,,,,,,,,,,,,,,,,,,,,,,,,,,,,,,,,,,,,,,,,,,,,,,,,,,,,
,,,,,,,,,,,,,,,,,,,,,,,,,,,,,,,,,,,,,,,,,,,,,,,,,,,,,,,,,,,,,,,,,,,,,,,,,,,,,,,,,,,,,,,,,,,,,,,,,,,,,,,,,,,,,,,,,,,,,,,,,,,,,,,,,,,,,,,,,,,,,,,,,,,,,,,,,,,,,,,,,,,,,,,,,,,,,,,,,,,,,,,,,,,,,,,,,,,,,
,,,,,,,,,,,,,,,,,,,,,,,,,,,,,,,,,,,,,,,,,,,,,,,,,,,,,,,,,,,,,,,,,,,,,,,,,,,,,,,,,,,,,,,,,,,,,,,,,,,,,,,,,,,,,,,,,,,,,,,,,,,,,,,,,,,,,,,,,,,,,,,,,,,,,,,,,,,,,,,,,,,,,,,,,,,,,,,,,,,,,,,,,,,,,,,,,,,,,
,,,,,,,,,,,,,,,,,,,,,,,,,,,,,,,,,,,,,,,,,,,,,,,,,,,,,,,,,,,,,,,,,,,,,,,,,,,,,,,,,,,,,,,,,,,,,,,,,,,,,,,,,,,,,,,,,,,,,,,,,,,,,,,,,,,,,,,,,,,,,,,,,,,,,,,,,,,,,,,,,,,,,,,,,,,,,,,,,,,,,,,,,,,,,,,,,,,,,
,,,,,,,,,,,,,,,,,,,,,,,,,,,,,,,,,,,,,,,,,,,,,,,,,,,,,,,,,,,,,,,,,,,,,,,,,,,,,,,,,,,,,,,,,,,,,,,,,,,,,,,,,,,,,,,,,,,,,,,,,,,,,,,,,,,,,,,,,,,,,,,,,,,,,,,,,,,,,,,,,,,,,,,,,,,,,,,,,,,,,,,,,,,,,,,,,,,,,
,,,,,,,,,,,,,,,,,,,,,,,,,,,,,,,,,,,,,,,,,,,,,,,,,,,,,,,,,,,,,,,,,,,,,,,,,,,,,,,,,,,,,,,,,,,,,,,,,,,,,,,,,,,,,,,,,,,,,,,,,,,,,,,,,,,,,,,,,,,,,,,,,,,,,,,,,,,,,,,,,,,,,,,,,,,,,,,,,,,,,,,,,,,,,,,,,,,,,
,,,,,,,,,,,,,,,,,,,,,,,,,,,,,,,,,,,,,,,,,,,,,,,,,,,,,,,,,,,,,,,,,,,,,,,,,,,,,,,,,,,,,,,,,,,,,,,,,,,,,,,,,,,,,,,,,,,,,,,,,,,,,,,,,,,,,,,,,,,,,,,,,,,,,,,,,,,,,,,,,,,,,,,,,,,,,,,,,,,,,,,,,,,,,,,,,,,,,
,,,,,,,,,,,,,,,,,,,,,,,,,,,,,,,,,,,,,,,,,,,,,,,,,,,,,,,,,,,,,,,,,,,,,,,,,,,,,,,,,,,,,,,,,,,,,,,,,,,,,,,,,,,,,,,,,,,,,,,,,,,,,,,,,,,,,,,,,,,,,,,,,,,,,,,,,,,,,,,,,,,,,,,,,,,,,,,,,,,,,,,,,,,,,,,,,,,,,
,,,,,,,,,,,,,,,,,,,,,,,,,,,,,,,,,,,,,,,,,,,,,,,,,,,,,,,,,,,,,,,,,,,,,,,,,,,,,,,,,,,,,,,,,,,,,,,,,,,,,,,,,,,,,,,,,,,,,,,,,,,,,,,,,,,,,,,,,,,,,,,,,,,,,,,,,,,,,,,,,,,,,,,,,,,,,,,,,,,,,,,,,,,,,,,,,,,,,
,,,,,,,,,,,,,,,,,,,,,,,,,,,,,,,,,,,,,,,,,,,,,,,,,,,,,,,,,,,,,,,,,,,,,,,,,,,,,,,,,,,,,,,,,,,,,,,,,,,,,,,,,,,,,,,,,,,,,,,,,,,,,,,,,,,,,,,,,,,,,,,,,,,,,,,,,,,,,,,,,,,,,,,,,,,,,,,,,,,,,,,,,,,,,,,,,,,,,
,,,,,,,,,,,,,,,,,,,,,,,,,,,,,,,,,,,,,,,,,,,,,,,,,,,,,,,,,,,,,,,,,,,,,,,,,,,,,,,,,,,,,,,,,,,,,,,,,,,,,,,,,,,,,,,,,,,,,,,,,,,,,,,,,,,,,,,,,,,,,,,,,,,,,,,,,,,,,,,,,,,,,,,,,,,,,,,,,,,,,,,,,,,,,,,,,,,,,
,,,,,,,,,,,,,,,,,,,,,,,,,,,,,,,,,,,,,,,,,,,,,,,,,,,,,,,,,,,,,,,,,,,,,,,,,,,,,,,,,,,,,,,,,,,,,,,,,,,,,,,,,,,,,,,,,,,,,,,,,,,,,,,,,,,,,,,,,,,,,,,,,,,,,,,,,,,,,,,,,,,,,,,,,,,,,,,,,,,,,,,,,,,,,,,,,,,,,
,,,,,,,,,,,,,,,,,,,,,,,,,,,,,,,,,,,,,,,,,,,,,,,,,,,,,,,,,,,,,,,,,,,,,,,,,,,,,,,,,,,,,,,,,,,,,,,,,,,,,,,,,,,,,,,,,,,,,,,,,,,,,,,,,,,,,,,,,,,,,,,,,,,,,,,,,,,,,,,,,,,,,,,,,,,,,,,,,,,,,,,,,,,,,,,,,,,,,
,,,,,,,,,,,,,,,,,,,,,,,,,,,,,,,,,,,,,,,,,,,,,,,,,,,,,,,,,,,,,,,,,,,,,,,,,,,,,,,,,,,,,,,,,,,,,,,,,,,,,,,,,,,,,,,,,,,,,,,,,,,,,,,,,,,,,,,,,,,,,,,,,,,,,,,,,,,,,,,,,,,,,,,,,,,,,,,,,,,,,,,,,,,,,,,,,,,,,
,,,,,,,,,,,,,,,,,,,,,,,,,,,,,,,,,,,,,,,,,,,,,,,,,,,,,,,,,,,,,,,,,,,,,,,,,,,,,,,,,,,,,,,,,,,,,,,,,,,,,,,,,,,,,,,,,,,,,,,,,,,,,,,,,,,,,,,,,,,,,,,,,,,,,,,,,,,,,,,,,,,,,,,,,,,,,,,,,,,,,,,,,,,,,,,,,,,,,
,,,,,,,,,,,,,,,,,,,,,,,,,,,,,,,,,,,,,,,,,,,,,,,,,,,,,,,,,,,,,,,,,,,,,,,,,,,,,,,,,,,,,,,,,,,,,,,,,,,,,,,,,,,,,,,,,,,,,,,,,,,,,,,,,,,,,,,,,,,,,,,,,,,,,,,,,,,,,,,,,,,,,,,,,,,,,,,,,,,,,,,,,,,,,,,,,,,,,
,,,,,,,,,,,,,,,,,,,,,,,,,,,,,,,,,,,,,,,,,,,,,,,,,,,,,,,,,,,,,,,,,,,,,,,,,,,,,,,,,,,,,,,,,,,,,,,,,,,,,,,,,,,,,,,,,,,,,,,,,,,,,,,,,,,,,,,,,,,,,,,,,,,,,,,,,,,,,,,,,,,,,,,,,,,,,,,,,,,,,,,,,,,,,,,,,,,,,
,,,,,,,,,,,,,,,,,,,,,,,,,,,,,,,,,,,,,,,,,,,,,,,,,,,,,,,,,,,,,,,,,,,,,,,,,,,,,,,,,,,,,,,,,,,,,,,,,,,,,,,,,,,,,,,,,,,,,,,,,,,,,,,,,,,,,,,,,,,,,,,,,,,,,,,,,,,,,,,,,,,,,,,,,,,,,,,,,,,,,,,,,,,,,,,,,,,,,
,,,,,,,,,,,,,,,,,,,,,,,,,,,,,,,,,,,,,,,,,,,,,,,,,,,,,,,,,,,,,,,,,,,,,,,,,,,,,,,,,,,,,,,,,,,,,,,,,,,,,,,,,,,,,,,,,,,,,,,,,,,,,,,,,,,,,,,,,,,,,,,,,,,,,,,,,,,,,,,,,,,,,,,,,,,,,,,,,,,,,,,,,,,,,,,,,,,,,
,,,,,,,,,,,,,,,,,,,,,,,,,,,,,,,,,,,,,,,,,,,,,,,,,,,,,,,,,,,,,,,,,,,,,,,,,,,,,,,,,,,,,,,,,,,,,,,,,,,,,,,,,,,,,,,,,,,,,,,,,,,,,,,,,,,,,,,,,,,,,,,,,,,,,,,,,,,,,,,,,,,,,,,,,,,,,,,,,,,,,,,,,,,,,,,,,,,,,
,,,,,,,,,,,,,,,,,,,,,,,,,,,,,,,,,,,,,,,,,,,,,,,,,,,,,,,,,,,,,,,,,,,,,,,,,,,,,,,,,,,,,,,,,,,,,,,,,,,,,,,,,,,,,,,,,,,,,,,,,,,,,,,,,,,,,,,,,,,,,,,,,,,,,,,,,,,,,,,,,,,,,,,,,,,,,,,,,,,,,,,,,,,,,,,,,,,,,
,,,,,,,,,,,,,,,,,,,,,,,,,,,,,,,,,,,,,,,,,,,,,,,,,,,,,,,,,,,,,,,,,,,,,,,,,,,,,,,,,,,,,,,,,,,,,,,,,,,,,,,,,,,,,,,,,,,,,,,,,,,,,,,,,,,,,,,,,,,,,,,,,,,,,,,,,,,,,,,,,,,,,,,,,,,,,,,,,,,,,,,,,,,,,,,,,,,,,
,,,,,,,,,,,,,,,,,,,,,,,,,,,,,,,,,,,,,,,,,,,,,,,,,,,,,,,,,,,,,,,,,,,,,,,,,,,,,,,,,,,,,,,,,,,,,,,,,,,,,,,,,,,,,,,,,,,,,,,,,,,,,,,,,,,,,,,,,,,,,,,,,,,,,,,,,,,,,,,,,,,,,,,,,,,,,,,,,,,,,,,,,,,,,,,,,,,,,
,,,,,,,,,,,,,,,,,,,,,,,,,,,,,,,,,,,,,,,,,,,,,,,,,,,,,,,,,,,,,,,,,,,,,,,,,,,,,,,,,,,,,,,,,,,,,,,,,,,,,,,,,,,,,,,,,,,,,,,,,,,,,,,,,,,,,,,,,,,,,,,,,,,,,,,,,,,,,,,,,,,,,,,,,,,,,,,,,,,,,,,,,,,,,,,,,,,,,
,,,,,,,,,,,,,,,,,,,,,,,,,,,,,,,,,,,,,,,,,,,,,,,,,,,,,,,,,,,,,,,,,,,,,,,,,,,,,,,,,,,,,,,,,,,,,,,,,,,,,,,,,,,,,,,,,,,,,,,,,,,,,,,,,,,,,,,,,,,,,,,,,,,,,,,,,,,,,,,,,,,,,,,,,,,,,,,,,,,,,,,,,,,,,,,,,,,,,
,,,,,,,,,,,,,,,,,,,,,,,,,,,,,,,,,,,,,,,,,,,,,,,,,,,,,,,,,,,,,,,,,,,,,,,,,,,,,,,,,,,,,,,,,,,,,,,,,,,,,,,,,,,,,,,,,,,,,,,,,,,,,,,,,,,,,,,,,,,,,,,,,,,,,,,,,,,,,,,,,,,,,,,,,,,,,,,,,,,,,,,,,,,,,,,,,,,,,
,,,,,,,,,,,,,,,,,,,,,,,,,,,,,,,,,,,,,,,,,,,,,,,,,,,,,,,,,,,,,,,,,,,,,,,,,,,,,,,,,,,,,,,,,,,,,,,,,,,,,,,,,,,,,,,,,,,,,,,,,,,,,,,,,,,,,,,,,,,,,,,,,,,,,,,,,,,,,,,,,,,,,,,,,,,,,,,,,,,,,,,,,,,,,,,,,,,,,
,,,,,,,,,,,,,,,,,,,,,,,,,,,,,,,,,,,,,,,,,,,,,,,,,,,,,,,,,,,,,,,,,,,,,,,,,,,,,,,,,,,,,,,,,,,,,,,,,,,,,,,,,,,,,,,,,,,,,,,,,,,,,,,,,,,,,,,,,,,,,,,,,,,,,,,,,,,,,,,,,,,,,,,,,,,,,,,,,,,,,,,,,,,,,,,,,,,,,
,,,,,,,,,,,,,,,,,,,,,,,,,,,,,,,,,,,,,,,,,,,,,,,,,,,,,,,,,,,,,,,,,,,,,,,,,,,,,,,,,,,,,,,,,,,,,,,,,,,,,,,,,,,,,,,,,,,,,,,,,,,,,,,,,,,,,,,,,,,,,,,,,,,,,,,,,,,,,,,,,,,,,,,,,,,,,,,,,,,,,,,,,,,,,,,,,,,,,
,,,,,,,,,,,,,,,,,,,,,,,,,,,,,,,,,,,,,,,,,,,,,,,,,,,,,,,,,,,,,,,,,,,,,,,,,,,,,,,,,,,,,,,,,,,,,,,,,,,,,,,,,,,,,,,,,,,,,,,,,,,,,,,,,,,,,,,,,,,,,,,,,,,,,,,,,,,,,,,,,,,,,,,,,,,,,,,,,,,,,,,,,,,,,,,,,,,,,
,,,,,,,,,,,,,,,,,,,,,,,,,,,,,,,,,,,,,,,,,,,,,,,,,,,,,,,,,,,,,,,,,,,,,,,,,,,,,,,,,,,,,,,,,,,,,,,,,,,,,,,,,,,,,,,,,,,,,,,,,,,,,,,,,,,,,,,,,,,,,,,,,,,,,,,,,,,,,,,,,,,,,,,,,,,,,,,,,,,,,,,,,,,,,,,,,,,,,
,,,,,,,,,,,,,,,,,,,,,,,,,,,,,,,,,,,,,,,,,,,,,,,,,,,,,,,,,,,,,,,,,,,,,,,,,,,,,,,,,,,,,,,,,,,,,,,,,,,,,,,,,,,,,,,,,,,,,,,,,,,,,,,,,,,,,,,,,,,,,,,,,,,,,,,,,,,,,,,,,,,,,,,,,,,,,,,,,,,,,,,,,,,,,,,,,,,,,
,,,,,,,,,,,,,,,,,,,,,,,,,,,,,,,,,,,,,,,,,,,,,,,,,,,,,,,,,,,,,,,,,,,,,,,,,,,,,,,,,,,,,,,,,,,,,,,,,,,,,,,,,,,,,,,,,,,,,,,,,,,,,,,,,,,,,,,,,,,,,,,,,,,,,,,,,,,,,,,,,,,,,,,,,,,,,,,,,,,,,,,,,,,,,,,,,,,,,
,,,,,,,,,,,,,,,,,,,,,,,,,,,,,,,,,,,,,,,,,,,,,,,,,,,,,,,,,,,,,,,,,,,,,,,,,,,,,,,,,,,,,,,,,,,,,,,,,,,,,,,,,,,,,,,,,,,,,,,,,,,,,,,,,,,,,,,,,,,,,,,,,,,,,,,,,,,,,,,,,,,,,,,,,,,,,,,,,,,,,,,,,,,,,,,,,,,,,
,,,,,,,,,,,,,,,,,,,,,,,,,,,,,,,,,,,,,,,,,,,,,,,,,,,,,,,,,,,,,,,,,,,,,,,,,,,,,,,,,,,,,,,,,,,,,,,,,,,,,,,,,,,,,,,,,,,,,,,,,,,,,,,,,,,,,,,,,,,,,,,,,,,,,,,,,,,,,,,,,,,,,,,,,,,,,,,,,,,,,,,,,,,,,,,,,,,,,
,,,,,,,,,,,,,,,,,,,,,,,,,,,,,,,,,,,,,,,,,,,,,,,,,,,,,,,,,,,,,,,,,,,,,,,,,,,,,,,,,,,,,,,,,,,,,,,,,,,,,,,,,,,,,,,,,,,,,,,,,,,,,,,,,,,,,,,,,,,,,,,,,,,,,,,,,,,,,,,,,,,,,,,,,,,,,,,,,,,,,,,,,,,,,,,,,,,,,
,,,,,,,,,,,,,,,,,,,,,,,,,,,,,,,,,,,,,,,,,,,,,,,,,,,,,,,,,,,,,,,,,,,,,,,,,,,,,,,,,,,,,,,,,,,,,,,,,,,,,,,,,,,,,,,,,,,,,,,,,,,,,,,,,,,,,,,,,,,,,,,,,,,,,,,,,,,,,,,,,,,,,,,,,,,,,,,,,,,,,,,,,,,,,,,,,,,,,
52,,,1,1,"Canalichio, Will",,Left,TEX_BOB,"Canalichio, Will",,Left,TEX_BOB,Undefined,3,Top,0,0,0,Fastball,Four-Seam,StrikeCalled,Undefined,Undefined,Undefined,0,0,,91.89492,-2.73909,2.35326,2159.997159,163.418679,11:30,6.00388,-1.90953,6.10654,-14.4369,18.37469,-5.16461,2.26369,-0.16245,84.22527,-5.499359,1.423656,0.412273,,,,,,,,,,,,3.30032,10.53993,1.73126,50,5.78535,-5.26153,-133.33635,-6.78269,5.95703,27.96607,-13.14965,TEX_BOB,TEX_BOB,TexasStateUniversity,TeamExclusive,Team,20250911-TexasStateUniversity-Private-1,618a7a00-8f31-11f0-88f3-c1bde19d3c40,91.4259,,,7.66966,,,,,,,a37d3525-c527-499f-9df2-fe2d7f52026c,,,,,,v3,471452,471452,,"Mora, Chase",804993,Right,TEX_BOB,60122aa6-6507-455f-92bc-87736ce180c8,54.39417,-134.25482,13.98304,6.00102,-6.35083,-6.57483,1.90727,-5.45717,2.97852,,,,,,,,,,,,,,,,,,,,,,,,,,,,,,,,,,,,,,,,,,,,,,,,,,,High,High,High,,,,,,156.221535,-26.782273,1928.284065,0.892725,11:15,0.466064,0.38107,-0.798479,-0.547251,-41.085373,24.210834,174.965665,-9.53093,0.086541,-0.16558,-0.982392,9.567159,-4.964667,0.16558,-0.086541,0.982392,-9.567159,4.964667,-0.16558,0.086541,0.982392,-174.965665,9.53093,-0.086541,0.16558,-0.982392
53,,,1,2,"Canalichio, Will",,Left,TEX_BOB,"Canalichio, Will",,Left,TEX_BOB,Undefined,3,Top,0,0,0,Fastball,Four-Seam,StrikeCalled,Undefined,Undefined,Undefined,0,0,,89.97226,-1.646146,2.631905,2180.676188,169.702725,11:45,5.98406,-2.25639,6.13089,-17.60387,16.62265,-2.82374,2.99342,-0.05719,82.3221,-4.990844,2.12367,0.421069,,,,,,,,,,,,2.18209,9.36741,2.05656,50,5.84883,-5.88578,-130.58581,-4.26281,3.77073,27.30729,-15.98678,TEX_BOB,TEX_BOB,TexasStateUniversity,TeamExclusive,Team,20250911-TexasStateUniversity-Private-1,7fc5bc00-8f31-11f0-88f3-c1bde19d3c40,89.51616,,,7.65017,,,,,,,a37d3525-c527-499f-9df2-fe2d7f52026c,,,,,,v3,471452,471452,,"Mora, Chase",804993,Right,TEX_BOB,7dfc6b48-5f7c-4497-9d5c-b5f5d1dffc17,54.36919,-131.49629,13.65365,5.98208,-3.72978,-7.99339,2.2549,-6.01151,1.88536,,,,,,,,,,,,,,,,,,,,,,,,,,,,,,,,,,,,,,,,,,,,,,,,,,,High,High,High,,,,,,158.45154,-37.424868,1731.786011,0.794151,11:15,0.632377,0.30902,-0.710357,21.534412,-49.088208,-8.548906,170.960652,-2.316404,0.156984,-0.040418,-0.986774,2.345501,-9.0319,0.040418,-0.156984,0.986774,-2.345501,9.0319,-0.040418,0.156984,0.986774,-170.960652,2.316404,-0.156984,0.040418,-0.986774
54,2025-09-11,12:06:21,1,3,"Canalichio, Will",,Left,TEX_BOB,"Canalichio, Will",,Left,TEX_BOB,Undefined,3,Top,0,0,1,Fastball,Four-Seam,BallCalled,Undefined,Undefined,Undefined,0,0,,92.80949,-1.393162,1.966756,2104.774549,172.725945,11:45,6.01885,-2.00053,6.23025,-14.70985,17.3821,-2.08665,3.50667,-0.35914,84.62856,-4.22147,1.590218,0.407727,,,,,,,,,,,,1.63551,9.70611,1.85457,50,5.90719,-4.53881,-134.76284,-3.67776,3.00136,29.85893,-14.362,TEX_BOB,TEX_BOB,TexasStateUniversity,TeamExclusive,Team,20250911-TexasStateUniversity-Private-1,a4376a70-8f31-11f0-b704-a7cb51eadc88,92.44535,,,8.18093,,,,,,,a37d3525-c527-499f-9df2-fe2d7f52026c,2025-09-11,17:06:21,2025-09-11T12:06:21.2154368-05:00,2025-09-11T17:06:21.2154368Z,,v3,471452,471452,,"Mora, Chase",804993,Right,TEX_BOB,ddcb1824-f86b-423f-a320-5b49252cf030,54.26919,-135.70545,14.92947,6.01614,-3.22437,-7.181,1.99935,-4.63356,1.50068,,,,,,,,,,,,,,,,,,,,,,,,,,,,,,,,,,,,,,,,,,,,,,,,,,,High,High,High,,,,,,156.064766,-28.967572,1841.454532,0.874894,11:15,0.502705,0.366618,-0.782866,44.47727,5.60313,-63.246914,178.592469,6.596675,0.024401,0.11488,-0.99308,6.598648,1.39821,0.11488,0.024401,0.99308,-6.598648,-1.39821,-0.11488,-0.024401,0.99308,-178.592469,-6.596675,-0.024401,-0.11488,-0.99308
55,2025-09-11,12:06:40,1,4,"Canalichio, Will",,Left,TEX_BOB,"Canalichio, Will",,Left,TEX_BOB,Undefined,3,Top,0,1,1,Slider,Slider,BallCalled,Undefined,Undefined,Undefined,0,0,,81.01918,-1.967541,2.583019,2418.928059,245.201372,2:15,5.90849,-1.87205,5.49835,-38.01097,6.01339,9.56516,0.89789,1.34282,73.54444,-8.930484,4.28647,0.477549,,,,,,,,,,,,-3.98815,4.13925,1.63932,50,5.7108,-5.67458,-117.26762,-5.30156,-5.4541,25.87818,-26.5133,TEX_BOB,TEX_BOB,TexasStateUniversity,TeamExclusive,Team,20250911-TexasStateUniversity-Private-1,af3d8760-8f31-11f0-b704-a7cb51eadc88,78.92896,,,7.47474,,,,,,,a37d3525-c527-499f-9df2-fe2d7f52026c,2025-09-11,17:06:40,2025-09-11T12:06:39.6636160-05:00,2025-09-11T17:06:39.6636160Z,,v3,471452,471452,,"Mora, Chase",804993,Right,TEX_BOB,31a4da61-6f7f-4035-99a6-871f21097eec,55.00096,-118.36607,12.93909,5.91195,-4.17615,-13.25665,1.87528,-5.44307,-2.72705,,,,,,,,,,,,,,,,,,,,,,,,,,,,,,,,,,,,,,,,,,,,,,,,,,,High,High,High,,,,,,241.843203,-78.588368,478.600253,0.197856,2:00,0.988849,-0.140684,-0.048851,-23.89865,-24.273763,-47.483737,96.185217,46.552629,0.683685,0.726006,-0.074093,84.172784,43.132263,0.726006,0.683685,0.074093,-84.172784,-43.132263,-0.726006,-0.683685,0.074093,-96.185217,-46.552629,-0.683685,-0.726006,-0.074093
56,2025-09-11,12:07:00,1,5,"Canalichio, Will",,Left,TEX_BOB,"Canalichio, Will",,Left,TEX_BOB,Undefined,3,Top,0,2,1,Slider,Slider,StrikeCalled,Undefined,Undefined,Undefined,0,0,,83.6022,-0.7306,1.662228,2348.501807,230.642062,1:45,5.94202,-2.18652,5.7545,-32.40872,8.25304,8.33481,2.56084,0.05588,75.85926,-6.743659,3.153986,0.458949,,,,,,,,,,,,-3.69977,4.86693,2.04352,50,5.86193,-3.86054,-121.22537,-2.60826,-5.4367,26.46456,-25.02225,TEX_BOB,TEX_BOB,TexasStateUniversity,TeamExclusive,Team,20250911-TexasStateUniversity-Private-1,bba4baf0-8f31-11f0-b704-a7cb51eadc88,82.12772,,,7.74294,,,,,,,a37d3525-c527-499f-9df2-fe2d7f52026c,2025-09-11,17:07:00,2025-09-11T12:07:00.4506624-05:00,2025-09-11T17:07:00.4506624Z,,v3,471452,471452,,"Mora, Chase",804993,Right,TEX_BOB,4149b859-fd65-42b8-b840-a0ef5a207135,54.74373,-122.25658,13.23228,5.94456,-1.63325,-12.51113,2.18983,-3.6487,-2.71835,,,,,,,,,,,,,,,,,,,,,,,,,,,,,,,,,,,,,,,,,,,,,,,,,,,High,High,High,,,,,,217.90688,-78.160085,481.86075,0.205178,1:15,0.984536,-0.113567,-0.133385,-7.089484,-1.618034,-52.945318,95.301817,46.932647,0.679936,0.730551,-0.063098,85.063631,42.838657,0.730551,0.679936,0.063098,-85.063631,-42.838657,-0.730551,-0.679936,0.063098,-95.301817,-46.932647,-0.679936,-0.730551,-0.063098
57,2025-09-11,12:07:22,1,6,"Canalichio, Will",,Left,TEX_BOB,"Canalichio, Will",,Left,TEX_BOB,Undefined,3,Top,0,2,2,Fastball,Four-Seam,BallCalled,Undefined,Undefined,Undefined,0,0,,91.22716,-1.689089,1.247985,2330.706205,175.225901,11:45,6.1601,-1.93825,6.56457,-14.99186,17.51115,-1.38209,3.36144,-0.90911,83.92822,-4.570491,0.996825,0.41033,,,,,,,,,,,,1.05126,9.94426,1.85286,50,6.03701,-2.83663,-132.68042,-4.29407,1.88555,26.74771,-14.33807,TEX_BOB,TEX_BOB,TexasStateUniversity,TeamExclusive,Team,20250911-TexasStateUniversity-Private-1,c8a82e80-8f31-11f0-b704-a7cb51eadc88,91.85887,,,7.29894,,,,,,,a37d3525-c527-499f-9df2-fe2d7f52026c,2025-09-11,17:07:22,2025-09-11T12:07:22.3504384-05:00,2025-09-11T17:07:22.3504384Z,,v3,471452,471452,,"Mora, Chase",804993,Right,TEX_BOB,886e93ba-2226-4cb4-90af-251682468c1e,53.9368,-133.4717,13.37386,6.15777,-3.86991,-7.16904,1.9376,-2.89241,0.94278,,,,,,,,,,,,,,,,,,,,,,,,,,,,,,,,,,,,,,,,,,,,,,,,,,,High,High,High,,,,,,160.435542,-39.532521,1797.588444,0.771263,11:15,0.644306,0.27692,-0.712871,-10.706039,-57.507931,37.135524,166.345041,-0.731078,0.236055,-0.012759,-0.971656,0.752341,-13.653826,0.012759,-0.236055,0.971656,-0.752341,13.653826,-0.012759,0.236055,0.971656,-166.345041,0.731078,-0.236055,0.012759,-0.971656
58,2025-09-11,12:07:43,1,7,"Canalichio, Will",,Left,TEX_BOB,"Canalichio, Will",,Left,TEX_BOB,Undefined,3,Top,0,3,2,Fastball,Four-Seam,StrikeCalled,Strikeout,Undefined,Undefined,0,0,,92.87223,-2.55609,2.055409,2343.820302,167.497526,11:30,6.0911,-2.01797,6.7244,-12.44627,18.89749,-3.97394,2.71461,-0.4697,85.11406,-4.981702,1.331556,0.402946,,,,,,,,,,,,2.64969,10.9665,1.88346,50,5.91655,-4.6857,-134.92214,-6.30007,4.89521,28.74143,-11.91386,TEX_BOB,TEX_BOB,TexasStateUniversity,TeamExclusive,Team,20250911-TexasStateUniversity-Private-1,d505c520-8f31-11f0-b704-a7cb51eadc88,93.54219,,,7.75817,,,,,,,a37d3525-c527-499f-9df2-fe2d7f52026c,2025-09-11,17:07:43,2025-09-11T12:07:43.0784512-05:00,2025-09-11T17:07:43.0784512Z,,v3,471452,471452,,"Mora, Chase",804993,Right,TEX_BOB,f92a09e4-82cc-4612-b572-225ba1794027,53.77607,-135.72415,14.37072,6.08771,-5.96762,-5.95693,2.01612,-4.82229,2.44761,,,,,,,,,,,,,,,,,,,,,,,,,,,,,,,,,,,,,,,,,,,,,,,,,,,High,High,High,,,,,,157.169636,-26.985061,2088.636545,0.891125,11:15,0.467062,0.365652,-0.805078,14.659047,-39.618576,-8.175902,168.415256,-10.997724,0.197129,-0.19077,-0.961638,11.220674,-11.369122,0.19077,-0.197129,0.961638,-11.220674,11.369122,-0.19077,0.197129,0.961638,-168.415256,10.997724,-0.197129,0.19077,-0.961638
59,2025-09-11,12:08:02,2,1,"Canalichio, Will",,Left,TEX_BOB,"Canalichio, Will",,Left,TEX_BOB,Undefined,3,Top,1,0,0,Slider,Slider,BallCalled,Undefined,Undefined,Undefined,0,0,,84.08325,-3.676002,3.063381,2330.148038,240.915552,2:00,5.70993,-2.07259,5.62983,-35.18403,5.64843,7.48166,-0.66176,1.41204,76.44455,-10.099419,4.399162,0.459911,,,,,,,,,,,,-2.84079,4.45433,1.80634,50,5.37343,-6.79896,-121.53805,-8.99897,-4.1662,28.15757,-25.64147,TEX_BOB,TEX_BOB,TexasStateUniversity,TeamExclusive,Team,20250911-TexasStateUniversity-Private-1,e07a5b50-8f31-11f0-b704-a7cb51eadc88,81.95588,,,7.6387,,,,,,,a37d3525-c527-499f-9df2-fe2d7f52026c,2025-09-11,17:08:02,2025-09-11T12:08:02.3618048-05:00,2025-09-11T17:08:02.3618048Z,,v3,471452,471452,,"Mora, Chase",804993,Right,TEX_BOB,2c73ba91-5a5b-4e7a-a044-b13c30c430bd,54.87199,-122.66158,14.07879,5.71209,-7.97583,-12.82074,2.07431,-6.63273,-2.0831,,,,,,,,,,,,,,,,,,,,,,,,,,,,,,,,,,,,,,,,,,,,,,,,,,,High,High,High,,,,,,190.742148,-77.155081,518.022051,0.222313,12:15,0.985904,0.021158,-0.165967,-32.010966,-21.355158,-35.417306,95.375532,47.192132,0.676553,0.733637,-0.063662,85.040556,42.574903,0.733637,0.676553,0.063662,-85.040556,-42.574903,-0.733637,-0.676553,0.063662,-95.375532,-47.192132,-0.676553,-0.733637,-0.063662
60,2025-09-11,12:08:24,2,2,"Canalichio, Will",,Left,TEX_BOB,"Canalichio, Will",,Left,TEX_BOB,Undefined,3,Top,1,1,0,Slider,Slider,BallCalled,Undefined,Undefined,Undefined,0,0,,83.36964,-2.355864,1.843093,2366.20771,254.181493,2:30,5.88028,-1.94631,5.83049,-36.02947,4.81158,11.99375,0.68546,0.76709,76.03529,-8.978386,3.994917,0.45996,,,,,,,,,,,,-5.5915,3.59571,1.78845,50,5.66646,-4.3571,-120.85273,-6.15286,-8.15447,26.61125,-26.93022,TEX_BOB,TEX_BOB,TexasStateUniversity,TeamExclusive,Team,20250911-TexasStateUniversity-Private-1,ed817860-8f31-11f0-b704-a7cb51eadc88,81.94726,,,7.33434,,,,,,,a37d3525-c527-499f-9df2-fe2d7f52026c,2025-09-11,17:08:24,2025-09-11T12:08:24.1709568-05:00,2025-09-11T17:08:24.1709568Z,,v3,471452,471452,,"Mora, Chase",804993,Right,TEX_BOB,b58815ba-ace3-4cbf-9c19-4a4ab205aa77,54.67073,-121.87686,13.30562,5.88331,-5.11646,-13.46511,1.9501,-4.04327,-4.07723,,,,,,,,,,,,,,,,,,,,,,,,,,,,,,,,,,,,,,,,,,,,,,,,,,,High,High,High,,,,,,224.456166,-77.638414,506.558839,0.21408,1:30,0.98656,-0.109654,-0.12114,-25.338335,-8.745478,-45.915665,94.840547,47.547521,0.672571,0.737837,-0.056957,85.585856,42.265815,0.737837,0.672571,0.056957,-85.585856,-42.265815,-0.737837,-0.672571,0.056957,-94.840547,-47.547521,-0.672571,-0.737837,-0.056957
61,2025-09-11,12:08:53,2,3,"Canalichio, Will",,Left,TEX_BOB,"Canalichio, Will",,Left,TEX_BOB,Undefined,3,Top,1,2,0,Fastball,Four-Seam,BallCalled,Undefined,Undefined,Undefined,0,0,,92.76562,-5.269626,3.02972,2278.564435,174.563168,11:45,5.92586,-1.66832,6.46633,-13.65013,18.17469,-1.6378,-0.07227,0.98058,85.64399,-7.865372,2.733219,0.406027,,,,,,,,,,,,1.64866,11.22264,1.45508,50,5.54622,-7.04368,-134.27751,-12.76129,3.03109,27.1734,-11.54095,TEX_BOB,TEX_BOB,TexasStateUniversity,TeamExclusive,Team,20250911-TexasStateUniversity-Private-1,fe9e44c0-8f31-11f0-b704-a7cb51eadc88,92.83244,,,7.12163,,,,,,,a37d3525-c527-499f-9df2-fe2d7f52026c,2025-09-11,17:08:53,2025-09-11T12:08:52.9233408-05:00,2025-09-11T17:08:52.9233408Z,,v3,471452,471452,,"Mora, Chase",804993,Right,TEX_BOB,2e113f53-1831-467c-8938-16e5cb160002,54.03677,-135.09196,13.5867,5.92352,-12.41539,-5.77048,1.66755,-7.13452,1.51554,,,,,,,,,,,,,,,,,,,,,,,,,,,,,,,,,,,,,,,,,,,,,,,,,,,High,High,High,,,,,,160.290644,-30.878173,1955.6018,0.85826,11:15,0.526489,0.335359,-0.781245,-4.80632,-46.582009,27.761089,171.91403,-7.691461,0.139393,-0.133839,-0.981151,7.767759,-8.012742,0.133839,-0.139393,0.981151,-7.767759,8.012742,-0.133839,0.139393,0.981151,-171.91403,7.691461,-0.139393,0.133839,-0.981151
62,2025-09-11,12:09:15,2,4,"Canalichio, Will",,Left,TEX_BOB,"Canalichio, Will",,Left,TEX_BOB,Undefined,3,Top,1,3,0,Curveball,Curveball,BallCalled,Walk,Undefined,Undefined,0,0,,70.77753,-2.049052,0.12652,2199.818182,312.493079,4:30,6.01577,-1.79956,6.52013,-66.01145,-10.80953,13.84221,-1.36611,-0.52995,65.48966,-14.134362,2.660782,0.534747,,,,,,,,,,,,-7.40126,-4.79799,1.78454,50,5.84399,-0.62173,-102.88802,-5.35296,-7.78268,20.10112,-37.2193,TEX_BOB,TEX_BOB,TexasStateUniversity,TeamExclusive,Team,20250911-TexasStateUniversity-Private-1,0c173670-8f32-11f0-b704-a7cb51eadc88,70.48645,,,5.28787,,,,,,,a37d3525-c527-499f-9df2-fe2d7f52026c,2025-09-11,17:09:15,2025-09-11T12:09:15.4909696-05:00,2025-09-11T17:09:15.4909696Z,,v3,471452,471452,,"Mora, Chase",804993,Right,TEX_BOB,2f1e85da-ea2f-41c5-a86a-45e2d66a100e,53.98619,-103.66387,10.05056,6.02287,-3.91639,-18.60965,1.80274,-0.32134,-3.89134,,,,,,,,,,,,,,,,,,,,,,,,,,,,,,,,,,,,,,,,,,,,,,,,,,,High,High,High,,,,,,328.003435,-35.926535,1781.346747,0.80977,5:00,0.600196,-0.407818,0.688077,13.767385,-33.837386,-31.639081,177.252832,80.145017,0.008203,0.985244,-0.170958,80.156121,0.470017,0.985244,0.008203,0.170958,-80.156121,-0.470017,-0.985244,-0.008203,0.170958,-177.252832,-80.145017,-0.008203,-0.985244,-0.170958
63,2025-09-11,12:09:41,3,1,"Canalichio, Will",,Left,TEX_BOB,"Canalichio, Will",,Left,TEX_BOB,Undefined,3,Top,1,0,0,Curveball,Curveball,BallCalled,Undefined,Undefined,Undefined,0,0,,71.82312,-0.119517,2.333788,2063.813261,312.554035,4:30,5.80911,-1.75739,6.15237,-63.83248,-9.75032,12.51713,0.37922,1.44326,66.3469,-11.79065,4.596835,0.529296,,,,,,,,,,,,-5.82382,-4.63914,1.57327,50,5.76696,-4.64935,-104.35002,-1.99716,-6.34587,19.48838,-37.22905,TEX_BOB,TEX_BOB,TexasStateUniversity,TeamExclusive,Team,20250911-TexasStateUniversity-Private-1,1b7e8aa0-8f32-11f0-b704-a7cb51eadc88,71.21245,,,5.47623,,,,,,,a37d3525-c527-499f-9df2-fe2d7f52026c,2025-09-11,17:09:41,2025-09-11T12:09:41.2903424-05:00,2025-09-11T17:09:41.2903424Z,,v3,471452,471452,,"Mora, Chase",804993,Right,TEX_BOB,db48b632-f3f5-4e24-b4db-3297bca940ff,54.35311,-105.15987,9.74419,5.81781,-0.4501,-18.61452,1.761,-4.38564,-3.17294,,,,,,,,,,,,,,,,,,,,,,,,,,,,,,,,,,,,,,,,,,,,,,,,,,,High,High,High,,,,,,324.632546,-44.309226,1476.82404,0.71558,4:45,0.675051,-0.412733,0.611521,34.334617,-17.677623,-38.65771,129.58378,68.973642,0.276523,0.933415,-0.228628,76.237116,16.052788,0.933415,0.276523,0.228628,-76.237116,-16.052788,-0.933415,-0.276523,0.228628,-129.58378,-68.973642,-0.276523,-0.933415,-0.228628
64,2025-09-11,12:10:05,3,2,"Canalichio, Will",,Left,TEX_BOB,"Canalichio, Will",,Left,TEX_BOB,Undefined,3,Top,1,1,0,Fastball,Four-Seam,StrikeCalled,Undefined,Undefined,Undefined,0,0,,91.87344,-2.021819,1.714178,2266.999139,175.494938,11:45,6.13431,-1.45963,6.29019,-13.02902,19.54064,-1.45917,3.18371,-0.00102,84.08824,-4.543367,1.450525,0.41075,,,,,,,,,,,,1.22626,11.01512,1.33404,50,5.97871,-3.93328,-133.44558,-5.03505,2.21442,28.32456,-12.28249,TEX_BOB,TEX_BOB,TexasStateUniversity,TeamExclusive,Team,20250911-TexasStateUniversity-Private-1,2991e790-8f32-11f0-b704-a7cb51eadc88,91.76487,,,7.7852,,,,,,,a37d3525-c527-499f-9df2-fe2d7f52026c,2025-09-11,17:10:05,2025-09-11T12:10:04.9290240-05:00,2025-09-11T17:10:04.9290240Z,,v3,471452,471452,,"Mora, Chase",804993,Right,TEX_BOB,f5552c99-3ba0-4a81-a416-57771cac7c60,54.21017,-134.33624,14.16228,6.13097,-4.64883,-6.14124,1.45882,-4.00292,1.10721,,,,,,,,,,,,,,,,,,,,,,,,,,,,,,,,,,,,,,,,,,,,,,,,,,,High,High,High,,,,,,163.511954,-30.29826,1957.351707,0.863411,11:30,0.520086,0.262696,-0.812713,-11.157108,-43.664439,26.896591,171.808861,-11.012168,0.139852,-0.191017,-0.971573,11.122852,-8.039305,0.191017,-0.139852,0.971573,-11.122852,8.039305,-0.191017,0.139852,0.971573,-171.808861,11.012168,-0.139852,0.191017,-0.971573
65,2025-09-11,12:10:28,3,3,"Canalichio, Will",,Left,TEX_BOB,"Canalichio, Will",,Left,TEX_BOB,Undefined,3,Top,1,1,1,Slider,Slider,BallCalled,Undefined,Undefined,Undefined,0,0,,83.58382,-1.850919,2.294944,2128.941244,248.739545,2:15,5.85837,-2.08757,5.91188,-35.04994,5.33512,10.21386,1.21759,0.89483,76.34282,-8.312333,4.128404,0.457385,,,,,,,,,,,,-4.57437,3.67764,1.89732,50,5.68965,-5.25121,-121.21898,-5.05027,-6.7317,26.121,-26.76202,TEX_BOB,TEX_BOB,TexasStateUniversity,TeamExclusive,Team,20250911-TexasStateUniversity-Private-1,372a6f30-8f32-11f0-b704-a7cb51eadc88,82.40859,,,7.241,,,,,,,a37d3525-c527-499f-9df2-fe2d7f52026c,2025-09-11,17:10:28,2025-09-11T12:10:27.7679104-05:00,2025-09-11T17:10:27.7679104Z,,v3,471452,471452,,"Mora, Chase",804993,Right,TEX_BOB,68e91714-8c7e-43a1-9a90-49667f30001a,54.58974,-122.20401,13.0605,5.86107,-4.04108,-13.38101,2.09055,-4.99736,-3.36585,,,,,,,,,,,,,,,,,,,,,,,,,,,,,,,,,,,,,,,,,,,,,,,,,,,High,High,High,,,,,,219.266272,-78.433615,426.859494,0.200503,1:15,0.988708,-0.095194,-0.115734,-23.467561,-4.556593,-49.980057,99.642908,44.202034,0.706757,0.697191,-0.120083,80.227314,44.971656,0.697191,0.706757,0.120083,-80.227314,-44.971656,-0.697191,-0.706757,0.120083,-99.642908,-44.202034,-0.706757,-0.697191,-0.120083
66,2025-09-11,12:10:51,3,4,"Canalichio, Will",,Left,TEX_BOB,"Canalichio, Will",,Left,TEX_BOB,Undefined,3,Top,1,2,1,Slider,Slider,BallCalled,Undefined,Undefined,Undefined,0,0,,83.64663,-3.008028,2.623019,2324.095609,198.360333,12:30,5.82921,-1.88626,5.91691,-31.58529,8.35654,2.3648,0.3999,0.74689,77.2249,-8.813745,3.047603,0.454868,,,,,,,,,,,,-0.51055,5.4567,1.67448,50,5.56945,-5.64655,-121.3138,-7.38452,-0.76179,23.44764,-24.03179,TEX_BOB,TEX_BOB,TexasStateUniversity,TeamExclusive,Team,20250911-TexasStateUniversity-Private-1,44d23910-8f32-11f0-b704-a7cb51eadc88,82.86459,,,6.42174,,,,,,,a37d3525-c527-499f-9df2-fe2d7f52026c,2025-09-11,17:10:51,2025-09-11T12:10:50.6836480-05:00,2025-09-11T17:10:50.6836480Z,,v3,471452,471452,,"Mora, Chase",804993,Right,TEX_BOB,8cab74a1-64d1-4d68-b1a9-49f4a60847f8,54.58606,-122.19699,11.72382,5.83055,-6.47933,-12.0159,1.88662,-5.61785,-0.3809,,,,,,,,,,,,,,,,,,,,,,,,,,,,,,,,,,,,,,,,,,,,,,,,,,,High,High,High,,,,,,185.226502,-74.9233,604.524864,0.260112,12:15,0.976334,0.027008,-0.214574,-15.456763,-6.499781,-54.064202,95.545477,58.276553,0.523359,0.850596,-0.050813,86.58132,31.557827,0.850596,0.523359,0.050813,-86.58132,-31.557827,-0.850596,-0.523359,0.050813,-95.545477,-58.276553,-0.523359,-0.850596,-0.050813
67,2025-09-11,12:11:15,3,5,"Canalichio, Will",,Left,TEX_BOB,"Canalichio, Will",,Left,TEX_BOB,Undefined,3,Top,1,3,1,Fastball,Four-Seam,BallCalled,Walk,Undefined,Undefined,3,0,,91.75223,-3.023063,3.364904,2227.225519,166.337726,11:30,5.94992,-1.86694,6.21506,-15.64761,17.05245,-3.90685,1.84861,0.91648,84.52643,-5.991261,2.661338,0.411572,,,,,,,,,,,,2.89681,9.9352,1.61639,50,5.71476,-7.6643,-133.06814,-7.48462,5.2318,26.61177,-14.23051,TEX_BOB,TEX_BOB,TexasStateUniversity,TeamExclusive,Team,20250911-TexasStateUniversity-Private-1,535dd340-8f32-11f0-b704-a7cb51eadc88,91.58168,,,7.22581,,,,,,,a37d3525-c527-499f-9df2-fe2d7f52026c,2025-09-11,17:11:15,2025-09-11T12:11:15.0608384-05:00,2025-09-11T17:11:15.0608384Z,,v3,471452,471452,,"Mora, Chase",804993,Right,TEX_BOB,e36db4a0-9c9a-41ef-82b1-b9ed8b556de1,54.28668,-133.92267,13.30589,5.94776,-7.02767,-7.11525,1.86519,-7.8323,2.6159,,,,,,,,,,,,,,,,,,,,,,,,,,,,,,,,,,,,,,,,,,,,,,,,,,,High,High,High,,,,,,156.802781,-33.750309,1851.863676,0.831467,11:15,0.58146,0.356357,-0.731378,-4.036643,-57.796169,23.793709,164.794513,-9.165837,0.258933,-0.159293,-0.95267,9.492413,-15.006738,0.159293,-0.258933,0.95267,-9.492413,15.006738,-0.159293,0.258933,0.95267,-164.794513,9.165837,-0.258933,0.159293,-0.95267
,,,,,,,,,,,,,,,,,,,,,,,,,,,,,,,,,,,,,,,,,,,,,,,,,,,,,,,,,,,,,,,,,,,,,,,,,,,,,,,,,,,,,,,,,,,,,,,,,,,,,,,,,,,,,,,,,,,,,,,,,,,,,,,,,,,,,,,,,,,,,,,,,,,,,,,,,,,,,,,,,,,,,,,,,,,,,,,,,,,,,,,,,,,,,,,,,,,,,
,,,,,,,,,,,,,,,,,,,,,,,,,,,,,,,,,,,,,,,,,,,,,,,,,,,,,,,,,,,,,,,,,,,,,,,,,,,,,,,,,,,,,,,,,,,,,,,,,,,,,,,,,,,,,,,,,,,,,,,,,,,,,,,,,,,,,,,,,,,,,,,,,,,,,,,,,,,,,,,,,,,,,,,,,,,,,,,,,,,,,,,,,,,,,,,,,,,,,
,,,,,,,,,,,,,,,,,,,,,,,,,,,,,,,,,,,,,,,,,,,,,,,,,,,,,,,,,,,,,,,,,,,,,,,,,,,,,,,,,,,,,,,,,,,,,,,,,,,,,,,,,,,,,,,,,,,,,,,,,,,,,,,,,,,,,,,,,,,,,,,,,,,,,,,,,,,,,,,,,,,,,,,,,,,,,,,,,,,,,,,,,,,,,,,,,,,,,
,,,,,,,,,,,,,,,,,,,,,,,,,,,,,,,,,,,,,,,,,,,,,,,,,,,,,,,,,,,,,,,,,,,,,,,,,,,,,,,,,,,,,,,,,,,,,,,,,,,,,,,,,,,,,,,,,,,,,,,,,,,,,,,,,,,,,,,,,,,,,,,,,,,,,,,,,,,,,,,,,,,,,,,,,,,,,,,,,,,,,,,,,,,,,,,,,,,,,
,,,,,,,,,,,,,,,,,,,,,,,,,,,,,,,,,,,,,,,,,,,,,,,,,,,,,,,,,,,,,,,,,,,,,,,,,,,,,,,,,,,,,,,,,,,,,,,,,,,,,,,,,,,,,,,,,,,,,,,,,,,,,,,,,,,,,,,,,,,,,,,,,,,,,,,,,,,,,,,,,,,,,,,,,,,,,,,,,,,,,,,,,,,,,,,,,,,,,
,,,,,,,,,,,,,,,,,,,,,,,,,,,,,,,,,,,,,,,,,,,,,,,,,,,,,,,,,,,,,,,,,,,,,,,,,,,,,,,,,,,,,,,,,,,,,,,,,,,,,,,,,,,,,,,,,,,,,,,,,,,,,,,,,,,,,,,,,,,,,,,,,,,,,,,,,,,,,,,,,,,,,,,,,,,,,,,,,,,,,,,,,,,,,,,,,,,,,
,,,,,,,,,,,,,,,,,,,,,,,,,,,,,,,,,,,,,,,,,,,,,,,,,,,,,,,,,,,,,,,,,,,,,,,,,,,,,,,,,,,,,,,,,,,,,,,,,,,,,,,,,,,,,,,,,,,,,,,,,,,,,,,,,,,,,,,,,,,,,,,,,,,,,,,,,,,,,,,,,,,,,,,,,,,,,,,,,,,,,,,,,,,,,,,,,,,,,
,,,,,,,,,,,,,,,,,,,,,,,,,,,,,,,,,,,,,,,,,,,,,,,,,,,,,,,,,,,,,,,,,,,,,,,,,,,,,,,,,,,,,,,,,,,,,,,,,,,,,,,,,,,,,,,,,,,,,,,,,,,,,,,,,,,,,,,,,,,,,,,,,,,,,,,,,,,,,,,,,,,,,,,,,,,,,,,,,,,,,,,,,,,,,,,,,,,,,
,,,,,,,,,,,,,,,,,,,,,,,,,,,,,,,,,,,,,,,,,,,,,,,,,,,,,,,,,,,,,,,,,,,,,,,,,,,,,,,,,,,,,,,,,,,,,,,,,,,,,,,,,,,,,,,,,,,,,,,,,,,,,,,,,,,,,,,,,,,,,,,,,,,,,,,,,,,,,,,,,,,,,,,,,,,,,,,,,,,,,,,,,,,,,,,,,,,,,
,,,,,,,,,,,,,,,,,,,,,,,,,,,,,,,,,,,,,,,,,,,,,,,,,,,,,,,,,,,,,,,,,,,,,,,,,,,,,,,,,,,,,,,,,,,,,,,,,,,,,,,,,,,,,,,,,,,,,,,,,,,,,,,,,,,,,,,,,,,,,,,,,,,,,,,,,,,,,,,,,,,,,,,,,,,,,,,,,,,,,,,,,,,,,,,,,,,,,
,,,,,,,,,,,,,,,,,,,,,,,,,,,,,,,,,,,,,,,,,,,,,,,,,,,,,,,,,,,,,,,,,,,,,,,,,,,,,,,,,,,,,,,,,,,,,,,,,,,,,,,,,,,,,,,,,,,,,,,,,,,,,,,,,,,,,,,,,,,,,,,,,,,,,,,,,,,,,,,,,,,,,,,,,,,,,,,,,,,,,,,,,,,,,,,,,,,,,
,,,,,,,,,,,,,,,,,,,,,,,,,,,,,,,,,,,,,,,,,,,,,,,,,,,,,,,,,,,,,,,,,,,,,,,,,,,,,,,,,,,,,,,,,,,,,,,,,,,,,,,,,,,,,,,,,,,,,,,,,,,,,,,,,,,,,,,,,,,,,,,,,,,,,,,,,,,,,,,,,,,,,,,,,,,,,,,,,,,,,,,,,,,,,,,,,,,,,
,,,,,,,,,,,,,,,,,,,,,,,,,,,,,,,,,,,,,,,,,,,,,,,,,,,,,,,,,,,,,,,,,,,,,,,,,,,,,,,,,,,,,,,,,,,,,,,,,,,,,,,,,,,,,,,,,,,,,,,,,,,,,,,,,,,,,,,,,,,,,,,,,,,,,,,,,,,,,,,,,,,,,,,,,,,,,,,,,,,,,,,,,,,,,,,,,,,,,
81,2025-09-11,12:20:02,1,1,"Canalichio, Will",,Left,TEX_BOB,"Canalichio, Will",,Left,TEX_BOB,Undefined,4,Top,0,0,0,Fastball,Four-Seam,StrikeCalled,Undefined,Undefined,Undefined,0,0,,92.06341,-1.474572,1.623711,2459.97404,174.48272,11:45,6.04535,-1.92826,6.23275,-15.59989,16.71119,-1.52236,3.38412,-0.55674,84.72026,-4.446511,1.348878,0.409117,,,,,,,,,,,,1.20728,9.34646,1.80777,50,5.92726,-3.73064,-133.82849,-3.88828,2.20531,26.93064,-15.10122,TEX_BOB,TEX_BOB,TexasStateUniversity,TeamExclusive,Team,20250911-TexasStateUniversity-Private-1,8d78be90-8f33-11f0-b704-a7cb51eadc88,92.13127,,,7.34315,,,,,,,a37d3525-c527-499f-9df2-fe2d7f52026c,2025-09-11,17:20:02,2025-09-11T12:20:02.0371968-05:00,2025-09-11T17:20:02.0371968Z,,v3,471452,471452,,"Mora, Chase",804993,Right,TEX_BOB,e353f546-ff2a-40e2-a0a2-6652cc0703e4,54.26842,-134.6847,13.46532,6.04325,-3.40817,-7.55061,1.9275,-3.80075,1.10265,,,,,,,,,,,,,,,,,,,,,,,,,,,,,,,,,,,,,,,,,,,,,,,,,,,High,High,High,,,,,,163.099979,-40.95845,1857.73584,0.755185,11:30,0.669859,0.23633,-0.703873,18.090291,-56.185133,-12.095693,165.612695,-4.330623,0.247766,-0.075512,-0.965873,4.470277,-14.345346,0.075512,-0.247766,0.965873,-4.470277,14.345346,-0.075512,0.247766,0.965873,-165.612695,4.330623,-0.247766,0.075512,-0.965873
82,2025-09-11,12:20:20,1,2,"Canalichio, Will",,Left,TEX_BOB,"Canalichio, Will",,Left,TEX_BOB,Undefined,4,Top,0,0,1,Fastball,Four-Seam,BallCalled,Undefined,Undefined,Undefined,0,0,,92.79502,-4.038201,4.145249,2329.429251,165.471025,11:30,5.83813,-1.75134,6.58323,-13.84607,17.7067,-4.34827,0.9676,1.69189,85.74664,-6.683228,3.358039,0.404287,,,,,,,,,,,,3.30823,10.60024,1.46843,50,5.55393,-9.56835,-134.40715,-9.8609,6.11477,26.29001,-12.58107,TEX_BOB,TEX_BOB,TexasStateUniversity,TeamExclusive,Team,20250911-TexasStateUniversity-Private-1,97dbe4c0-8f33-11f0-b704-a7cb51eadc88,93.23181,,,7.04838,,,,,,,a37d3525-c527-499f-9df2-fe2d7f52026c,2025-09-11,17:20:20,2025-09-11T12:20:19.6741120-05:00,2025-09-11T17:20:19.6741120Z,,v3,471452,471452,,"Mora, Chase",804993,Right,TEX_BOB,b48da989-5b0e-43be-9c7c-2a2e10796062,53.91807,-135.17135,13.145,5.83526,-9.49519,-6.29053,1.74915,-9.7461,3.05739,,,,,,,,,,,,,,,,,,,,,,,,,,,,,,,,,,,,,,,,,,,,,,,,,,,High,High,High,,,,,,155.951991,-34.63941,1916.52764,0.822746,11:15,0.596277,0.374466,-0.71009,22.524655,-56.171384,-12.785552,161.56371,-8.613216,0.312683,-0.149763,-0.937977,9.071643,-18.221011,0.149763,-0.312683,0.937977,-9.071643,18.221011,-0.149763,0.312683,0.937977,-161.56371,8.613216,-0.312683,0.149763,-0.937977
83,2025-09-11,12:20:42,1,3,"Canalichio, Will",,Left,TEX_BOB,"Canalichio, Will",,Left,TEX_BOB,Undefined,4,Top,0,1,1,Splitter,Changeup,BallCalled,Undefined,Undefined,Undefined,0,0,,85.71226,-3.014291,2.292798,1373.644996,126.93726,10:15,5.95657,-2.02341,6.283,-26.91627,10.60973,-12.53296,0.93049,-0.95343,78.8142,-8.034122,0.025203,0.440897,,,,,,,,,,,,7.2013,6.71032,1.86028,50,5.72071,-4.51184,-124.39425,-7.36055,11.28536,24.91803,-21.65814,TEX_BOB,TEX_BOB,TexasStateUniversity,TeamExclusive,Team,20250911-TexasStateUniversity-Private-1,a5181b90-8f33-11f0-b704-a7cb51eadc88,85.49027,,,6.89805,,,,,,,a37d3525-c527-499f-9df2-fe2d7f52026c,2025-09-11,17:20:42,2025-09-11T12:20:41.6248320-05:00,2025-09-11T17:20:41.6248320Z,,v3,471452,471452,,"Mora, Chase",804993,Right,TEX_BOB,27f52e6a-c199-4e64-9d9b-d066357c404a,54.21949,-125.23662,12.45901,5.95716,-6.62838,-10.82907,2.01926,-4.89335,5.64268,,,,,,,,,,,,,,,,,,,,,,,,,,,,,,,,,,,,,,,,,,,,,,,,,,,High,High,High,,,,,,149.789785,-19.774283,1292.644884,0.941033,11:00,0.345232,0.490638,-0.800056,-48.505489,-26.866826,-18.622494,113.990566,-76.757939,0.209277,-0.973411,-0.093135,84.53464,-12.079992,0.973411,-0.209277,0.093135,-84.53464,12.079992,-0.973411,0.209277,0.093135,-113.990566,76.757939,-0.209277,0.973411,-0.093135
84,2025-09-11,12:21:04,1,4,"Canalichio, Will",,Left,TEX_BOB,"Canalichio, Will",,Left,TEX_BOB,Undefined,4,Top,0,2,1,Splitter,Changeup,BallCalled,Undefined,Undefined,Undefined,0,0,,86.51563,-1.720294,0.921277,1520.416452,133.583248,10:30,6.09285,-2.11766,6.53426,-25.21923,11.02438,-10.438,2.41252,-2.14232,79.68697,-6.463378,-0.97666,0.433298,,,,,,,,,,,,5.72229,6.58863,2.05785,50,5.9625,-1.63526,-125.82363,-4.50041,9.20993,24.5787,-21.56973,TEX_BOB,TEX_BOB,TexasStateUniversity,TeamExclusive,Team,20250911-TexasStateUniversity-Private-1,b23a88d0-8f33-11f0-b704-a7cb51eadc88,86.9896,,,6.82866,,,,,,,a37d3525-c527-499f-9df2-fe2d7f52026c,2025-09-11,17:21:04,2025-09-11T12:21:03.6784640-05:00,2025-09-11T17:21:03.6784640Z,,v3,471452,471452,,"Mora, Chase",804993,Right,TEX_BOB,b4c1751a-ef18-47c1-b5d4-d07d9c9ecb56,53.96729,-126.59624,12.28935,6.09331,-3.82239,-10.78487,2.11381,-1.92476,4.60497,,,,,,,,,,,,,,,,,,,,,,,,,,,,,,,,,,,,,,,,,,,,,,,,,,,High,High,High,,,,,,146.338243,-10.801999,1493.475757,0.982281,11:00,0.184109,0.549848,-0.814721,-98.578497,-22.622781,-36.097894,137.490261,-28.376277,0.594525,-0.47526,-0.648589,36.232461,-36.478793,0.47526,-0.594525,0.648589,-36.232461,36.478793,-0.47526,0.594525,0.648589,-137.490261,28.376277,-0.594525,0.47526,-0.648589
85,2025-09-11,12:21:30,1,5,"Canalichio, Will",,Left,TEX_BOB,"Canalichio, Will",,Left,TEX_BOB,Undefined,4,Top,0,3,1,Fastball,Four-Seam,StrikeCalled,Undefined,Undefined,Undefined,0,0,,91.8348,-2.860913,3.171697,2158.44548,177.71175,12:00,5.8701,-2.02948,6.04481,-17.38032,15.59749,-0.58228,1.76669,0.86153,84.30933,-6.136052,3.06715,0.413316,,,,,,,,,,,,1.15547,9.12335,1.78241,50,5.63721,-7.3526,-133.13204,-7.19158,2.07985,27.79477,-15.75172,TEX_BOB,TEX_BOB,TexasStateUniversity,TeamExclusive,Team,20250911-TexasStateUniversity-Private-1,c1b9aac0-8f33-11f0-b704-a7cb51eadc88,91.1952,,,7.52547,,,,,,,a37d3525-c527-499f-9df2-fe2d7f52026c,2025-09-11,17:21:30,2025-09-11T12:21:29.6769536-05:00,2025-09-11T17:21:29.6769536Z,,v3,471452,471452,,"Mora, Chase",804993,Right,TEX_BOB,b7f333a3-0722-4ae7-929a-31da5e039830,54.45584,-134.05909,13.89739,5.86831,-6.6662,-7.87586,2.0288,-7.42197,1.03992,,,,,,,,,,,,,,,,,,,,,,,,,,,,,,,,,,,,,,,,,,,,,,,,,,,High,High,High,,,,,,156.880959,-38.690081,1684.750104,0.780539,11:15,0.647817,0.337291,-0.683058,51.425118,-18.896166,-48.946023,176.61795,6.065963,0.058663,0.105673,-0.992669,6.076467,3.363092,0.105673,0.058663,0.992669,-6.076467,-3.363092,-0.105673,-0.058663,0.992669,-176.61795,-6.065963,-0.058663,-0.105673,-0.992669
86,2025-09-11,12:21:47,1,6,"Canalichio, Will",,Left,TEX_BOB,"Canalichio, Will",,Left,TEX_BOB,Undefined,4,Top,0,3,2,Splitter,Changeup,BallCalled,Walk,Undefined,Undefined,0,0,,83.84849,-4.348044,4.115507,1066.382287,139.400724,10:45,5.82797,-2.02346,5.97172,-27.67277,12.19146,-9.36721,-0.52749,1.01812,77.36343,-9.450583,2.435215,0.454426,,,,,,,,,,,,6.04315,7.82284,1.7026,50,5.46653,-8.38296,-121.27702,-10.09331,9.01701,23.30737,-20.50155,TEX_BOB,TEX_BOB,TexasStateUniversity,TeamExclusive,Team,20250911-TexasStateUniversity-Private-1,cc0d4090-8f33-11f0-b704-a7cb51eadc88,82.94518,,,6.48506,,,,,,,a37d3525-c527-499f-9df2-fe2d7f52026c,2025-09-11,17:21:47,2025-09-11T12:21:47.0469120-05:00,2025-09-11T17:21:47.0469120Z,,v3,471452,471452,,"Mora, Chase",804993,Right,TEX_BOB,362049aa-cb1b-47de-b925-5131298f641c,54.53237,-122.14495,11.65369,5.82818,-9.32986,-10.25077,2.02102,-8.71874,4.5085,,,,,,,,,,,,,,,,,,,,,,,,,,,,,,,,,,,,,,,,,,,,,,,,,,,High,High,High,,,,,,149.438301,-19.116275,1007.577622,0.944856,11:00,0.347762,0.503873,-0.790679,-69.257458,-36.980352,7.79202,96.440189,-8.378368,0.983084,-0.14571,-0.110969,52.707974,-79.44648,0.14571,-0.983084,0.110969,-52.707974,79.44648,-0.14571,0.983084,0.110969,-96.440189,8.378368,-0.983084,0.14571,-0.110969
87,2025-09-11,12:22:15,2,1,"Canalichio, Will",,Left,TEX_BOB,"Canalichio, Will",,Left,TEX_BOB,Undefined,4,Top,0,0,0,Splitter,Changeup,StrikeCalled,Undefined,Undefined,Undefined,0,0,,84.61092,-1.17474,2.198387,1461.581779,134.345014,10:30,5.87001,-1.94585,6.12912,-26.91994,11.59138,-10.66642,2.53983,-0.80157,77.85267,-6.20431,0.275696,0.446648,,,,,,,,,,,,6.11815,6.66067,1.78326,50,5.76604,-4.31291,-122.94302,-3.33726,9.4048,23.38459,-21.9353,TEX_BOB,TEX_BOB,TexasStateUniversity,TeamExclusive,Team,20250911-TexasStateUniversity-Private-1,dc9fce50-8f33-11f0-b704-a7cb51eadc88,84.38955,,,6.75826,,,,,,,a37d3525-c527-499f-9df2-fe2d7f52026c,2025-09-11,17:22:15,2025-09-11T12:22:14.8209664-05:00,2025-09-11T17:22:14.8209664Z,,v3,471452,471452,,"Mora, Chase",804993,Right,TEX_BOB,daf05d47-ef59-4731-ac2a-ad8e7cc1a314,54.37287,-123.77197,11.6923,5.87056,-2.55968,-10.96765,1.94205,-4.6463,4.7024,,,,,,,,,,,,,,,,,,,,,,,,,,,,,,,,,,,,,,,,,,,,,,,,,,,High,High,High,,,,,,144.932039,-13.822625,1419.254387,0.97104,10:45,0.257748,0.56269,-0.785459,-49.516247,-26.105776,-43.006684,93.001869,-31.423743,0.852164,-0.521363,-0.044688,85.100951,-58.447813,0.521363,-0.852164,0.044688,-85.100951,58.447813,-0.521363,0.852164,0.044688,-93.001869,31.423743,-0.852164,0.521363,-0.044688
88,2025-09-11,12:22:58,2,2,"Canalichio, Will",,Left,TEX_BOB,"Canalichio, Will",,Left,TEX_BOB,Undefined,4,Top,0,0,1,Fastball,Four-Seam,BallCalled,Undefined,Undefined,Undefined,0,0,,90.39104,-0.648623,1.992478,2070.658077,162.003461,11:30,5.90702,-1.88471,6.24517,-17.6908,15.73308,-4.80016,3.83414,-0.4462,83.31317,-4.003659,1.125974,0.416102,,,,,,,,,,,,2.98681,8.62784,1.73863,50,5.84974,-4.37761,-131.43387,-1.99967,5.27511,25.34177,-16.93618,TEX_BOB,TEX_BOB,TexasStateUniversity,TeamExclusive,Team,20250911-TexasStateUniversity-Private-1,f631ac80-8f33-11f0-b704-a7cb51eadc88,90.58458,,,7.07787,,,,,,,a37d3525-c527-499f-9df2-fe2d7f52026c,2025-09-11,17:22:58,2025-09-11T12:22:57.7282560-05:00,2025-09-11T17:22:57.7282560Z,,v3,471452,471452,,"Mora, Chase",804993,Right,TEX_BOB,0ec80209-42d7-4d3f-92df-d48ff038193d,54.25611,-132.25195,12.67088,5.90547,-1.45294,-8.46809,1.8827,-4.5479,2.63756,,,,,,,,,,,,,,,,,,,,,,,,,,,,,,,,,,,,,,,,,,,,,,,,,,,High,High,High,,,,,,158.351205,-31.124912,1772.571144,0.856042,11:15,0.540651,0.321639,-0.777332,-3.033864,-52.136955,20.64439,166.301537,-9.301103,0.233699,-0.161623,-0.958782,9.568449,-13.514924,0.161623,-0.233699,0.958782,-9.568449,13.514924,-0.161623,0.233699,0.958782,-166.301537,9.301103,-0.233699,0.161623,-0.958782
89,2025-09-11,12:23:18,2,3,"Canalichio, Will",,Left,TEX_BOB,"Canalichio, Will",,Left,TEX_BOB,Undefined,4,Top,0,1,1,Splitter,Changeup,BallCalled,Undefined,Undefined,Undefined,0,0,,84.01034,-0.670005,0.02486,964.237425,200.40542,12:45,5.99667,-1.9717,6.34185,-27.59635,11.28599,3.74311,3.08009,-1.63688,76.94462,-5.858662,0.702819,0.448795,,,,,,,,,,,,-1.94225,6.44272,1.96822,50,5.93489,-0.19287,-122.13396,-2.22525,-2.93058,24.2945,-22.45296,TEX_BOB,TEX_BOB,TexasStateUniversity,TeamExclusive,Team,20250911-TexasStateUniversity-Private-1,029117e0-8f34-11f0-b704-a7cb51eadc88,83.98595,,,7.06572,,,,,,,a37d3525-c527-499f-9df2-fe2d7f52026c,2025-09-11,17:23:18,2025-09-11T12:23:18.4776192-05:00,2025-09-11T17:23:18.4776192Z,,v3,471452,471452,,"Mora, Chase",804993,Right,TEX_BOB,b26d48d6-815a-4b43-8122-8b1ea9ed4304,54.15853,-122.95838,12.14725,5.99747,-1.46333,-11.22648,1.97307,-0.09343,-1.46529,,,,,,,,,,,,,,,,,,,,,,,,,,,,,,,,,,,,,,,,,,,,,,,,,,,High,High,High,,,,,,146.017848,-21.760464,895.527663,0.928742,10:45,0.364966,0.523406,-0.769965,109.187961,-35.964195,10.100784,147.083057,80.807615,0.086812,0.987158,-0.134104,82.263828,4.980217,0.987158,0.086812,0.134104,-82.263828,-4.980217,-0.987158,-0.086812,0.134104,-147.083057,-80.807615,-0.086812,-0.987158,-0.134104
90,2025-09-11,12:23:40,2,4,"Canalichio, Will",,Left,TEX_BOB,"Canalichio, Will",,Left,TEX_BOB,Undefined,4,Top,0,2,1,Splitter,Changeup,BallCalled,Undefined,Undefined,Undefined,0,0,,82.90084,0.510385,1.079267,1098.250042,140.305897,10:45,6.11342,-2.05885,6.48591,-28.42505,11.19174,-8.28603,4.21337,-1.7583,75.98701,-4.851645,-0.424677,0.453013,,,,,,,,,,,,4.61626,6.09902,1.98634,50,6.1367,-1.96866,-120.55501,0.28389,6.80553,23.05034,-23.18255,TEX_BOB,TEX_BOB,TexasStateUniversity,TeamExclusive,Team,20250911-TexasStateUniversity-Private-1,0f0284a0-8f34-11f0-b704-a7cb51eadc88,83.20379,,,6.91383,,,,,,,a37d3525-c527-499f-9df2-fe2d7f52026c,2025-09-11,17:23:40,2025-09-11T12:23:39.5155456-05:00,2025-09-11T17:23:39.5155456Z,,v3,471452,471452,,"Mora, Chase",804993,Right,TEX_BOB,84c5b646-4161-4b61-8826-509e6b7c11e8,54.0144,-121.32014,11.52517,6.1145,1.05341,-11.59128,2.05544,-2.19457,3.40277,,,,,,,,,,,,,,,,,,,,,,,,,,,,,,,,,,,,,,,,,,,,,,,,,,,High,High,High,,,,,,145.648744,-9.831122,1082.122566,0.985315,10:45,0.190982,0.554436,-0.810017,-61.06493,-34.384683,-9.509943,99.703079,-22.194976,0.912658,-0.37776,-0.156054,67.554286,-65.875308,0.37776,-0.912658,0.156054,-67.554286,65.875308,-0.37776,0.912658,0.156054,-99.703079,22.194976,-0.912658,0.37776,-0.156054
91,2025-09-11,12:24:04,2,5,"Canalichio, Will",,Left,TEX_BOB,"Canalichio, Will",,Left,TEX_BOB,Undefined,4,Top,0,3,1,Fastball,Four-Seam,StrikeCalled,Undefined,Undefined,Undefined,0,0,,91.00708,-1.53904,2.259549,2021.086963,182.353308,12:00,5.99756,-1.8698,6.27132,-16.02808,17.07158,0.66087,3.2416,0.26943,83.64317,-4.594463,2.378837,0.414079,,,,,,,,,,,,0.25075,9.5893,1.70228,50,5.8756,-5.2441,-132.22973,-4.00114,0.44629,26.8239,-15.10795,TEX_BOB,TEX_BOB,TexasStateUniversity,TeamExclusive,Team,20250911-TexasStateUniversity-Private-1,1d960e10-8f34-11f0-b704-a7cb51eadc88,91.02718,,,7.36391,,,,,,,a37d3525-c527-499f-9df2-fe2d7f52026c,2025-09-11,17:24:04,2025-09-11T12:24:03.8158848-05:00,2025-09-11T17:24:03.8158848Z,,v3,471452,471452,,"Mora, Chase",804993,Right,TEX_BOB,2cdbd0e4-e414-4d27-acaa-f7761c15c36b,54.23,-133.08506,13.41195,5.9955,-3.5194,-7.55397,1.86972,-5.25833,0.22314,,,,,,,,,,,,,,,,,,,,,,,,,,,,,,,,,,,,,,,,,,,,,,,,,,,High,High,High,,,,,,160.983307,-36.626777,1622.000583,0.802539,11:15,0.618817,0.277431,-0.734913,-23.929765,-56.884622,39.62392,164.654933,-12.703473,0.258154,-0.219905,-0.940743,13.157039,-14.960544,0.219905,-0.258154,0.940743,-13.157039,14.960544,-0.219905,0.258154,0.940743,-164.654933,12.703473,-0.258154,0.219905,-0.940743
92,2025-09-11,12:24:26,2,6,"Canalichio, Will",,Left,TEX_BOB,"Canalichio, Will",,Left,TEX_BOB,Undefined,4,Top,0,3,2,Splitter,Changeup,BallCalled,Walk,Undefined,Undefined,0,0,,83.20948,-3.329449,2.342884,1016.602945,133.966277,10:30,5.8001,-1.95544,6.12349,-30.62092,9.23414,-8.34493,0.1643,-0.4837,77.12874,-8.978962,0.837129,0.454374,,,,,,,,,,,,4.97906,5.98402,1.78053,50,5.52856,-4.63822,-120.76508,-7.96303,7.4003,22.10399,-23.28009,TEX_BOB,TEX_BOB,TexasStateUniversity,TeamExclusive,Team,20250911-TexasStateUniversity-Private-1,2a916b50-8f34-11f0-b704-a7cb51eadc88,82.95473,,,6.08074,,,,,,,a37d3525-c527-499f-9df2-fe2d7f52026c,2025-09-11,17:24:26,2025-09-11T12:24:25.5784448-05:00,2025-09-11T17:24:25.5784448Z,,v3,471452,471452,,"Mora, Chase",804993,Right,TEX_BOB,95f93f6b-ce14-499c-a2dc-ee6131b188f9,54.38003,-121.56412,11.052,5.8012,-7.12146,-11.64005,1.95303,-4.90574,3.70015,,,,,,,,,,,,,,,,,,,,,,,,,,,,,,,,,,,,,,,,,,,,,,,,,,,High,High,High,,,,,,143.333333,-0.869288,1016.485943,0.999885,10:45,0.013272,0.596963,-0.802159,-75.221734,-37.425296,6.460101,116.001864,-25.047082,0.814259,-0.423363,-0.397173,46.828125,-54.514131,0.423363,-0.814259,0.397173,-46.828125,54.514131,-0.423363,0.814259,0.397173,-116.001864,25.047082,-0.814259,0.423363,-0.397173
93,2025-09-11,12:24:49,3,1,"Canalichio, Will",,Left,TEX_BOB,"Canalichio, Will",,Left,TEX_BOB,Undefined,4,Top,0,0,0,Fastball,Four-Seam,BallCalled,Undefined,Undefined,Undefined,3,0,,90.1704,-1.39096,0.916607,1647.579877,170.284859,11:45,6.0897,-1.63252,6.44712,-16.77154,16.77245,-2.69421,3.4136,-1.01475,82.62402,-4.602517,0.427966,0.416849,,,,,,,,,,,,1.65937,9.47126,1.56866,50,5.98326,-1.99145,-131.10059,-3.6307,2.89312,27.25084,-15.66075,TEX_BOB,TEX_BOB,TexasStateUniversity,TeamExclusive,Team,20250911-TexasStateUniversity-Private-1,38b7db10-8f34-11f0-b704-a7cb51eadc88,90.42225,,,7.54638,,,,,,,a37d3525-c527-499f-9df2-fe2d7f52026c,2025-09-11,17:24:49,2025-09-11T12:24:49.3434880-05:00,2025-09-11T17:24:49.3434880Z,,v3,471452,471452,,"Mora, Chase",804993,Right,TEX_BOB,51ab5889-ddf9-40fb-b463-97e9cfbeb17a,54.0537,-131.94051,13.62542,6.08772,-3.14801,-7.83037,1.63142,-2.08062,1.44656,,,,,,,,,,,,,,,,,,,,,,,,,,,,,,,,,,,,,,,,,,,,,,,,,,,High,High,High,,,,,,158.60775,-21.778441,1529.984683,0.928625,11:15,0.376472,0.347623,-0.858735,28.314329,-7.19521,-52.383148,171.210117,-2.755449,0.152635,-0.048073,-0.987113,2.788144,-8.77964,0.048073,-0.152635,0.987113,-2.788144,8.77964,-0.048073,0.152635,0.987113,-171.210117,2.755449,-0.152635,0.048073,-0.987113
,,,,,,,,,,,,,,,,,,,,,,,,,,,,,,,,,,,,,,,,,,,,,,,,,,,,,,,,,,,,,,,,,,,,,,,,,,,,,,,,,,,,,,,,,,,,,,,,,,,,,,,,,,,,,,,,,,,,,,,,,,,,,,,,,,,,,,,,,,,,,,,,,,,,,,,,,,,,,,,,,,,,,,,,,,,,,,,,,,,,,,,,,,,,,,,,,,,,,
,,,,,,,,,,,,,,,,,,,,,,,,,,,,,,,,,,,,,,,,,,,,,,,,,,,,,,,,,,,,,,,,,,,,,,,,,,,,,,,,,,,,,,,,,,,,,,,,,,,,,,,,,,,,,,,,,,,,,,,,,,,,,,,,,,,,,,,,,,,,,,,,,,,,,,,,,,,,,,,,,,,,,,,,,,,,,,,,,,,,,,,,,,,,,,,,,,,,,
,,,,,,,,,,,,,,,,,,,,,,,,,,,,,,,,,,,,,,,,,,,,,,,,,,,,,,,,,,,,,,,,,,,,,,,,,,,,,,,,,,,,,,,,,,,,,,,,,,,,,,,,,,,,,,,,,,,,,,,,,,,,,,,,,,,,,,,,,,,,,,,,,,,,,,,,,,,,,,,,,,,,,,,,,,,,,,,,,,,,,,,,,,,,,,,,,,,,,
,,,,,,,,,,,,,,,,,,,,,,,,,,,,,,,,,,,,,,,,,,,,,,,,,,,,,,,,,,,,,,,,,,,,,,,,,,,,,,,,,,,,,,,,,,,,,,,,,,,,,,,,,,,,,,,,,,,,,,,,,,,,,,,,,,,,,,,,,,,,,,,,,,,,,,,,,,,,,,,,,,,,,,,,,,,,,,,,,,,,,,,,,,,,,,,,,,,,,
,,,,,,,,,,,,,,,,,,,,,,,,,,,,,,,,,,,,,,,,,,,,,,,,,,,,,,,,,,,,,,,,,,,,,,,,,,,,,,,,,,,,,,,,,,,,,,,,,,,,,,,,,,,,,,,,,,,,,,,,,,,,,,,,,,,,,,,,,,,,,,,,,,,,,,,,,,,,,,,,,,,,,,,,,,,,,,,,,,,,,,,,,,,,,,,,,,,,,
,,,,,,,,,,,,,,,,,,,,,,,,,,,,,,,,,,,,,,,,,,,,,,,,,,,,,,,,,,,,,,,,,,,,,,,,,,,,,,,,,,,,,,,,,,,,,,,,,,,,,,,,,,,,,,,,,,,,,,,,,,,,,,,,,,,,,,,,,,,,,,,,,,,,,,,,,,,,,,,,,,,,,,,,,,,,,,,,,,,,,,,,,,,,,,,,,,,,,
,,,,,,,,,,,,,,,,,,,,,,,,,,,,,,,,,,,,,,,,,,,,,,,,,,,,,,,,,,,,,,,,,,,,,,,,,,,,,,,,,,,,,,,,,,,,,,,,,,,,,,,,,,,,,,,,,,,,,,,,,,,,,,,,,,,,,,,,,,,,,,,,,,,,,,,,,,,,,,,,,,,,,,,,,,,,,,,,,,,,,,,,,,,,,,,,,,,,,
,,,,,,,,,,,,,,,,,,,,,,,,,,,,,,,,,,,,,,,,,,,,,,,,,,,,,,,,,,,,,,,,,,,,,,,,,,,,,,,,,,,,,,,,,,,,,,,,,,,,,,,,,,,,,,,,,,,,,,,,,,,,,,,,,,,,,,,,,,,,,,,,,,,,,,,,,,,,,,,,,,,,,,,,,,,,,,,,,,,,,,,,,,,,,,,,,,,,,
,,,,,,,,,,,,,,,,,,,,,,,,,,,,,,,,,,,,,,,,,,,,,,,,,,,,,,,,,,,,,,,,,,,,,,,,,,,,,,,,,,,,,,,,,,,,,,,,,,,,,,,,,,,,,,,,,,,,,,,,,,,,,,,,,,,,,,,,,,,,,,,,,,,,,,,,,,,,,,,,,,,,,,,,,,,,,,,,,,,,,,,,,,,,,,,,,,,,,
,,,,,,,,,,,,,,,,,,,,,,,,,,,,,,,,,,,,,,,,,,,,,,,,,,,,,,,,,,,,,,,,,,,,,,,,,,,,,,,,,,,,,,,,,,,,,,,,,,,,,,,,,,,,,,,,,,,,,,,,,,,,,,,,,,,,,,,,,,,,,,,,,,,,,,,,,,,,,,,,,,,,,,,,,,,,,,,,,,,,,,,,,,,,,,,,,,,,,
,,,,,,,,,,,,,,,,,,,,,,,,,,,,,,,,,,,,,,,,,,,,,,,,,,,,,,,,,,,,,,,,,,,,,,,,,,,,,,,,,,,,,,,,,,,,,,,,,,,,,,,,,,,,,,,,,,,,,,,,,,,,,,,,,,,,,,,,,,,,,,,,,,,,,,,,,,,,,,,,,,,,,,,,,,,,,,,,,,,,,,,,,,,,,,,,,,,,,
,,,,,,,,,,,,,,,,,,,,,,,,,,,,,,,,,,,,,,,,,,,,,,,,,,,,,,,,,,,,,,,,,,,,,,,,,,,,,,,,,,,,,,,,,,,,,,,,,,,,,,,,,,,,,,,,,,,,,,,,,,,,,,,,,,,,,,,,,,,,,,,,,,,,,,,,,,,,,,,,,,,,,,,,,,,,,,,,,,,,,,,,,,,,,,,,,,,,,
,,,,,,,,,,,,,,,,,,,,,,,,,,,,,,,,,,,,,,,,,,,,,,,,,,,,,,,,,,,,,,,,,,,,,,,,,,,,,,,,,,,,,,,,,,,,,,,,,,,,,,,,,,,,,,,,,,,,,,,,,,,,,,,,,,,,,,,,,,,,,,,,,,,,,,,,,,,,,,,,,,,,,,,,,,,,,,,,,,,,,,,,,,,,,,,,,,,,,
,,,,,,,,,,,,,,,,,,,,,,,,,,,,,,,,,,,,,,,,,,,,,,,,,,,,,,,,,,,,,,,,,,,,,,,,,,,,,,,,,,,,,,,,,,,,,,,,,,,,,,,,,,,,,,,,,,,,,,,,,,,,,,,,,,,,,,,,,,,,,,,,,,,,,,,,,,,,,,,,,,,,,,,,,,,,,,,,,,,,,,,,,,,,,,,,,,,,,
,,,,,,,,,,,,,,,,,,,,,,,,,,,,,,,,,,,,,,,,,,,,,,,,,,,,,,,,,,,,,,,,,,,,,,,,,,,,,,,,,,,,,,,,,,,,,,,,,,,,,,,,,,,,,,,,,,,,,,,,,,,,,,,,,,,,,,,,,,,,,,,,,,,,,,,,,,,,,,,,,,,,,,,,,,,,,,,,,,,,,,,,,,,,,,,,,,,,,
,,,,,,,,,,,,,,,,,,,,,,,,,,,,,,,,,,,,,,,,,,,,,,,,,,,,,,,,,,,,,,,,,,,,,,,,,,,,,,,,,,,,,,,,,,,,,,,,,,,,,,,,,,,,,,,,,,,,,,,,,,,,,,,,,,,,,,,,,,,,,,,,,,,,,,,,,,,,,,,,,,,,,,,,,,,,,,,,,,,,,,,,,,,,,,,,,,,,,
,,,,,,,,,,,,,,,,,,,,,,,,,,,,,,,,,,,,,,,,,,,,,,,,,,,,,,,,,,,,,,,,,,,,,,,,,,,,,,,,,,,,,,,,,,,,,,,,,,,,,,,,,,,,,,,,,,,,,,,,,,,,,,,,,,,,,,,,,,,,,,,,,,,,,,,,,,,,,,,,,,,,,,,,,,,,,,,,,,,,,,,,,,,,,,,,,,,,,
,,,,,,,,,,,,,,,,,,,,,,,,,,,,,,,,,,,,,,,,,,,,,,,,,,,,,,,,,,,,,,,,,,,,,,,,,,,,,,,,,,,,,,,,,,,,,,,,,,,,,,,,,,,,,,,,,,,,,,,,,,,,,,,,,,,,,,,,,,,,,,,,,,,,,,,,,,,,,,,,,,,,,,,,,,,,,,,,,,,,,,,,,,,,,,,,,,,,,
,,,,,,,,,,,,,,,,,,,,,,,,,,,,,,,,,,,,,,,,,,,,,,,,,,,,,,,,,,,,,,,,,,,,,,,,,,,,,,,,,,,,,,,,,,,,,,,,,,,,,,,,,,,,,,,,,,,,,,,,,,,,,,,,,,,,,,,,,,,,,,,,,,,,,,,,,,,,,,,,,,,,,,,,,,,,,,,,,,,,,,,,,,,,,,,,,,,,,
,,,,,,,,,,,,,,,,,,,,,,,,,,,,,,,,,,,,,,,,,,,,,,,,,,,,,,,,,,,,,,,,,,,,,,,,,,,,,,,,,,,,,,,,,,,,,,,,,,,,,,,,,,,,,,,,,,,,,,,,,,,,,,,,,,,,,,,,,,,,,,,,,,,,,,,,,,,,,,,,,,,,,,,,,,,,,,,,,,,,,,,,,,,,,,,,,,,,,
,,,,,,,,,,,,,,,,,,,,,,,,,,,,,,,,,,,,,,,,,,,,,,,,,,,,,,,,,,,,,,,,,,,,,,,,,,,,,,,,,,,,,,,,,,,,,,,,,,,,,,,,,,,,,,,,,,,,,,,,,,,,,,,,,,,,,,,,,,,,,,,,,,,,,,,,,,,,,,,,,,,,,,,,,,,,,,,,,,,,,,,,,,,,,,,,,,,,,
,,,,,,,,,,,,,,,,,,,,,,,,,,,,,,,,,,,,,,,,,,,,,,,,,,,,,,,,,,,,,,,,,,,,,,,,,,,,,,,,,,,,,,,,,,,,,,,,,,,,,,,,,,,,,,,,,,,,,,,,,,,,,,,,,,,,,,,,,,,,,,,,,,,,,,,,,,,,,,,,,,,,,,,,,,,,,,,,,,,,,,,,,,,,,,,,,,,,,
,,,,,,,,,,,,,,,,,,,,,,,,,,,,,,,,,,,,,,,,,,,,,,,,,,,,,,,,,,,,,,,,,,,,,,,,,,,,,,,,,,,,,,,,,,,,,,,,,,,,,,,,,,,,,,,,,,,,,,,,,,,,,,,,,,,,,,,,,,,,,,,,,,,,,,,,,,,,,,,,,,,,,,,,,,,,,,,,,,,,,,,,,,,,,,,,,,,,,
,,,,,,,,,,,,,,,,,,,,,,,,,,,,,,,,,,,,,,,,,,,,,,,,,,,,,,,,,,,,,,,,,,,,,,,,,,,,,,,,,,,,,,,,,,,,,,,,,,,,,,,,,,,,,,,,,,,,,,,,,,,,,,,,,,,,,,,,,,,,,,,,,,,,,,,,,,,,,,,,,,,,,,,,,,,,,,,,,,,,,,,,,,,,,,,,,,,,,
,,,,,,,,,,,,,,,,,,,,,,,,,,,,,,,,,,,,,,,,,,,,,,,,,,,,,,,,,,,,,,,,,,,,,,,,,,,,,,,,,,,,,,,,,,,,,,,,,,,,,,,,,,,,,,,,,,,,,,,,,,,,,,,,,,,,,,,,,,,,,,,,,,,,,,,,,,,,,,,,,,,,,,,,,,,,,,,,,,,,,,,,,,,,,,,,,,,,,
,,,,,,,,,,,,,,,,,,,,,,,,,,,,,,,,,,,,,,,,,,,,,,,,,,,,,,,,,,,,,,,,,,,,,,,,,,,,,,,,,,,,,,,,,,,,,,,,,,,,,,,,,,,,,,,,,,,,,,,,,,,,,,,,,,,,,,,,,,,,,,,,,,,,,,,,,,,,,,,,,,,,,,,,,,,,,,,,,,,,,,,,,,,,,,,,,,,,,
120,2025-09-11,12:42:19,1,1,"Targac, Titan",,Right,TEX_BOB,"Targac, Titan",,Right,TEX_BOB,Undefined,5,Bottom,0,0,0,Fastball,Four-Seam,BallCalled,Undefined,Undefined,Undefined,0,0,,86.65985,-4.199847,1.564008,1891.201384,168.245981,11:30,5.75847,-0.68512,5.96073,-17.42954,19.94466,-3.88921,0.40296,0.44148,79.24054,-7.50094,0.865103,0.440005,,,,,,,,,,,,2.44406,11.82099,0.5631,50,5.41463,-3.26918,-125.50706,-9.70059,3.88799,26.03446,-13.36923,TEX_BOB,TEX_BOB,TexasStateUniversity,TeamExclusive,Team,20250911-TexasStateUniversity-Private-1,aa987710-8f36-11f0-b704-a7cb51eadc88,85.66373,,,7.41931,,,,,,,a37d3525-c527-499f-9df2-fe2d7f52026c,2025-09-11,17:42:19,2025-09-11T12:42:19.4042368-05:00,2025-09-11T17:42:19.4042368Z,,v3,471452,471452,,"Mora, Chase",804993,Right,TEX_BOB,31a97e39-cdf4-4b82-a01c-86f3693940fa,54.5392,-126.44514,13.01723,5.75549,-9.21887,-6.68462,0.68343,-3.40927,1.94399,,,,,,,,,,,,,,,,,,,,,,,,,,,,,,,,,,,,,,,,,,,,,,,,,,,High,High,High,,,,,,160.926276,-15.234571,1824.741007,0.964858,11:15,0.263774,0.333698,-0.905024,2.182831,-31.742437,48.783201,173.398755,0.933092,0.114943,0.016285,-0.993239,0.939319,6.600366,0.016285,0.114943,0.993239,-0.939319,-6.600366,-0.016285,-0.114943,0.993239,-173.398755,-0.933092,-0.114943,-0.016285,-0.993239
121,2025-09-11,12:42:38,1,2,"Targac, Titan",,Right,TEX_BOB,"Targac, Titan",,Right,TEX_BOB,Undefined,5,Bottom,0,1,0,Fastball,Four-Seam,BallCalled,Undefined,Undefined,Undefined,0,0,,86.76358,-3.410144,0.147547,1961.765442,164.354277,11:30,5.87957,-0.72293,5.87804,-18.39572,18.69804,-4.91118,1.17562,-0.99516,79.7684,-6.871916,-0.734152,0.438351,,,,,,,,,,,,2.57606,10.8767,0.71396,50,5.59306,-0.1281,-125.89879,-8.04292,4.1467,24.86383,-14.66582,TEX_BOB,TEX_BOB,TexasStateUniversity,TeamExclusive,Team,20250911-TexasStateUniversity-Private-1,b5b6fe00-8f36-11f0-b704-a7cb51eadc88,85.98689,,,6.99518,,,,,,,a37d3525-c527-499f-9df2-fe2d7f52026c,2025-09-11,17:42:38,2025-09-11T12:42:38.0477952-05:00,2025-09-11T17:42:38.0477952Z,,v3,471452,471452,,"Mora, Chase",804993,Right,TEX_BOB,2a685f35-7d56-491f-a38e-2fb5f8140514,54.62391,-126.80868,12.43191,5.87758,-7.50622,-7.33291,0.72142,-0.27985,2.07335,,,,,,,,,,,,,,,,,,,,,,,,,,,,,,,,,,,,,,,,,,,,,,,,,,,High,High,High,,,,,,161.555813,-15.225011,1892.911304,0.964902,11:30,0.246343,0.320357,-0.914706,12.911141,-27.734843,35.754301,175.222758,6.207459,0.082794,0.108129,-0.990683,6.228928,4.749168,0.108129,0.082794,0.990683,-6.228928,-4.749168,-0.108129,-0.082794,0.990683,-175.222758,-6.207459,-0.082794,-0.108129,-0.990683
122,2025-09-11,12:42:50,1,3,"Targac, Titan",,Right,TEX_BOB,"Targac, Titan",,Right,TEX_BOB,Undefined,5,Bottom,0,2,0,Curveball,Curveball,StrikeCalled,Undefined,Undefined,Undefined,0,0,,73.54524,2.247539,-0.004053,1981.815552,323.740885,4:45,5.82118,-0.75319,4.9327,-68.77138,-15.17402,12.33816,2.21584,0.27116,67.82351,-10.093081,2.176707,0.526918,,,,,,,,,,,,-6.10115,-7.65331,0.74279,50,5.98217,-0.47278,-106.755,1.78654,-7.02365,18.79835,-40.98452,TEX_BOB,TEX_BOB,TexasStateUniversity,TeamExclusive,Team,20250911-TexasStateUniversity-Private-1,bcbca150-8f36-11f0-b704-a7cb51eadc88,71.53379,,,5.72173,,,,,,,a37d3525-c527-499f-9df2-fe2d7f52026c,2025-09-11,17:42:50,2025-09-11T12:42:49.9060224-05:00,2025-09-11T17:42:49.9060224Z,,v3,471452,471452,,"Mora, Chase",804993,Right,TEX_BOB,56a30b46-f2da-40d5-9a3b-6ffbb34e123c,55.5742,-107.73208,9.39918,5.83394,3.91679,-20.49226,0.75787,-0.10771,-3.51183,,,,,,,,,,,,,,,,,,,,,,,,,,,,,,,,,,,,,,,,,,,,,,,,,,,High,High,High,,,,,,348.602811,-41.573594,1482.60413,0.748104,5:30,0.657325,-0.173742,0.733306,54.520139,28.868483,30.077289,154.21127,3.890205,0.434052,0.067845,-0.89833,4.318961,25.72496,0.067845,0.434052,0.89833,-4.318961,-25.72496,-0.067845,-0.434052,0.89833,-154.21127,-3.890205,-0.434052,-0.067845,-0.89833
123,2025-09-11,12:43:02,1,4,"Targac, Titan",,Right,TEX_BOB,"Targac, Titan",,Right,TEX_BOB,Undefined,5,Bottom,0,2,1,Curveball,Curveball,BallCalled,Undefined,Undefined,Undefined,0,0,,73.96491,0.234401,0.589886,1944.766547,339.662853,5:15,5.75594,-0.67133,5.65945,-67.73594,-15.91032,6.51595,0.32989,0.4218,68.27372,-12.03874,1.760675,0.518136,,,,,,,,,,,,-3.16425,-7.83067,0.61707,50,5.73211,-1.33481,-107.49239,-1.69206,-3.66367,20.44545,-41.24067,TEX_BOB,TEX_BOB,TexasStateUniversity,TeamExclusive,Team,20250911-TexasStateUniversity-Private-1,c4056820-8f36-11f0-b704-a7cb51eadc88,72.74624,,,5.69119,,,,,,,a37d3525-c527-499f-9df2-fe2d7f52026c,2025-09-11,17:43:02,2025-09-11T12:43:01.9716096-05:00,2025-09-11T17:43:01.9716096Z,,v3,471452,471452,,"Mora, Chase",804993,Right,TEX_BOB,68a91d4d-e23d-4484-ad8a-5f82404066ee,54.84712,-108.41041,10.22272,5.76651,0.15969,-20.62033,0.67331,-1.17031,-1.83183,,,,,,,,,,,,,,,,,,,,,,,,,,,,,,,,,,,,,,,,,,,,,,,,,,,High,High,High,,,,,,351.518876,-37.531879,1542.228077,0.793015,5:45,0.600612,-0.119448,0.790568,52.667033,3.41215,69.350714,164.541794,3.02062,0.266165,0.052695,-0.962486,3.13377,15.436193,0.052695,0.266165,0.962486,-3.13377,-15.436193,-0.052695,-0.266165,0.962486,-164.541794,-3.02062,-0.266165,-0.052695,-0.962486
124,2025-09-11,12:43:19,1,5,"Targac, Titan",,Right,TEX_BOB,"Targac, Titan",,Right,TEX_BOB,Undefined,5,Bottom,0,3,1,Fastball,Four-Seam,StrikeCalled,Undefined,Undefined,Undefined,0,0,,87.18688,-2.79244,1.022029,1921.919659,157.58629,11:15,5.76204,-0.74992,5.75244,-19.74206,17.24206,-6.62213,1.51476,-0.3502,79.89151,-6.498332,-0.163866,0.437702,,,,,,,,,,,,3.67272,9.92981,0.66923,50,5.5181,-1.98265,-126.49817,-6.77825,5.95266,25.73972,-16.08006,TEX_BOB,TEX_BOB,TexasStateUniversity,TeamExclusive,Team,20250911-TexasStateUniversity-Private-1,ce6cad00-8f36-11f0-b704-a7cb51eadc88,86.11431,,,7.29537,,,,,,,a37d3525-c527-499f-9df2-fe2d7f52026c,2025-09-11,17:43:19,2025-09-11T12:43:19.4753536-05:00,2025-09-11T17:43:19.4753536Z,,v3,471452,471452,,"Mora, Chase",804993,Right,TEX_BOB,79a3ce92-f4c2-47a5-9bdb-11546b648c1f,54.74861,-127.46075,12.86986,5.76033,-6.17691,-8.04003,0.74754,-2.20527,2.97633,,,,,,,,,,,,,,,,,,,,,,,,,,,,,,,,,,,,,,,,,,,,,,,,,,,High,High,High,,,,,,162.361993,-22.864646,1770.905469,0.921425,11:30,0.390095,0.297792,-0.87129,13.280562,-28.886072,26.384303,179.941657,-7.923285,0.001009,-0.137847,-0.990453,7.923289,-0.057786,0.137847,-0.001009,0.990453,-7.923289,0.057786,-0.137847,0.001009,0.990453,-179.941657,7.923285,-0.001009,0.137847,-0.990453
125,2025-09-11,12:43:32,1,6,"Targac, Titan",,Right,TEX_BOB,"Targac, Titan",,Right,TEX_BOB,Undefined,5,Bottom,0,3,2,Curveball,Curveball,BallCalled,Walk,Undefined,Undefined,0,0,,74.13567,-0.160777,-0.647772,1775.927154,325.274567,4:45,5.72978,-0.50342,5.27225,-65.06692,-13.10981,10.17162,0.15651,-0.26429,68.88378,-11.852839,1.166611,0.518793,,,,,,,,,,,,-5.34626,-6.2402,0.55466,50,5.66611,0.84823,-107.74762,-2.45387,-6.27367,19.03672,-39.49673,TEX_BOB,TEX_BOB,TexasStateUniversity,TeamExclusive,Team,20250911-TexasStateUniversity-Private-1,d5c52b40-8f36-11f0-b704-a7cb51eadc88,72.65411,,,5.25189,,,,,,,a37d3525-c527-499f-9df2-fe2d7f52026c,2025-09-11,17:43:32,2025-09-11T12:43:31.7309952-05:00,2025-09-11T17:43:31.7309952Z,,v3,471452,471452,,"Mora, Chase",804993,Right,TEX_BOB,2a38ddf3-86ef-4993-a7f5-d7053b90116d,55.23464,-108.66854,9.51836,5.7386,-0.54319,-19.74836,0.50628,1.15173,-3.13683,,,,,,,,,,,,,,,,,,,,,,,,,,,,,,,,,,,,,,,,,,,,,,,,,,,High,High,High,,,,,,349.811858,-34.116652,1470.285411,0.827897,5:45,0.570465,-0.144865,0.808446,59.496735,9.874469,70.031009,156.480613,-4.641538,0.397751,-0.080922,-0.913918,5.059976,-23.437634,0.080922,-0.397751,0.913918,-5.059976,23.437634,-0.080922,0.397751,0.913918,-156.480613,4.641538,-0.397751,0.080922,-0.913918
126,2025-09-11,12:43:47,2,1,"Targac, Titan",,Right,TEX_BOB,"Targac, Titan",,Right,TEX_BOB,Undefined,5,Bottom,0,0,0,Curveball,Curveball,StrikeCalled,Undefined,Undefined,Undefined,0,0,,73.6813,1.819617,0.006184,1963.818387,335.147565,5:15,5.81029,-0.52282,5.44059,-69.1096,-16.44698,8.4089,1.75561,0.18371,67.69959,-10.698336,1.508087,0.522303,,,,,,,,,,,,-4.23229,-8.32516,0.51629,50,5.92328,-0.32252,-107.00011,1.12648,-4.86196,20.03173,-41.73783,TEX_BOB,TEX_BOB,TexasStateUniversity,TeamExclusive,Team,20250911-TexasStateUniversity-Private-1,def3f020-8f36-11f0-b704-a7cb51eadc88,72.16581,,,5.98171,,,,,,,a37d3525-c527-499f-9df2-fe2d7f52026c,2025-09-11,17:43:47,2025-09-11T12:43:47.1385088-05:00,2025-09-11T17:43:47.1385088Z,,v3,471452,471452,,"Mora, Chase",804993,Right,TEX_BOB,96e61757-8302-4974-90eb-2a676d1c59a6,55.06571,-107.94431,10.01587,5.82382,3.09379,-20.86891,0.52609,-0.09335,-2.43098,,,,,,,,,,,,,,,,,,,,,,,,,,,,,,,,,,,,,,,,,,,,,,,,,,,High,High,High,,,,,,352.770222,-35.340745,1601.938606,0.815726,5:45,0.574799,-0.120974,0.809303,60.429651,0.0142,72.269349,155.402683,3.416153,0.415499,0.059588,-0.90764,3.756156,24.550718,0.059588,0.415499,0.90764,-3.756156,-24.550718,-0.059588,-0.415499,0.90764,-155.402683,-3.416153,-0.415499,-0.059588,-0.90764
127,2025-09-11,12:44:02,2,2,"Targac, Titan",,Right,TEX_BOB,"Targac, Titan",,Right,TEX_BOB,Undefined,5,Bottom,0,0,1,Fastball,Four-Seam,StrikeCalled,Undefined,Undefined,Undefined,0,0,,87.59288,-2.814026,0.873194,1969.491211,165.78859,11:30,5.7858,-0.42499,6.12082,-17.45863,18.5421,-4.41362,1.72688,0.01456,80.50732,-6.125598,0.077444,0.431844,,,,,,,,,,,,2.51331,10.67579,0.36036,50,5.56083,-1.7623,-127.19394,-6.73624,4.13384,25.11269,-14.61488,TEX_BOB,TEX_BOB,TexasStateUniversity,TeamExclusive,Team,20250911-TexasStateUniversity-Private-1,e7bf1130-8f36-11f0-b704-a7cb51eadc88,87.2825,,,7.08557,,,,,,,a37d3525-c527-499f-9df2-fe2d7f52026c,2025-09-11,17:44:02,2025-09-11T12:44:01.9747840-05:00,2025-09-11T17:44:01.9747840Z,,v3,471452,471452,,"Mora, Chase",804993,Right,TEX_BOB,cf7325c4-1917-46d7-bef5-b80131cbc711,54.37997,-128.05579,12.55635,5.78341,-6.23467,-7.30744,0.42327,-1.90417,2.06692,,,,,,,,,,,,,,,,,,,,,,,,,,,,,,,,,,,,,,,,,,,,,,,,,,,High,High,High,,,,,,166.87792,-23.629655,1804.359993,0.916155,11:30,0.403681,0.227419,-0.886184,6.308602,-33.919208,25.848796,173.602898,4.597135,0.11106,0.080149,-0.990576,4.625813,6.376437,0.080149,0.11106,0.990576,-4.625813,-6.376437,-0.080149,-0.11106,0.990576,-173.602898,-4.597135,-0.11106,-0.080149,-0.990576
128,2025-09-11,12:44:15,2,3,"Targac, Titan",,Right,TEX_BOB,"Targac, Titan",,Right,TEX_BOB,Undefined,5,Bottom,0,0,2,Curveball,Curveball,StrikeCalled,Strikeout,Undefined,Undefined,0,0,,73.27322,2.81309,-1.094716,1733.887422,333.338036,5:00,5.77579,-0.44162,5.26727,-67.27921,-13.93005,7.82284,2.81449,-0.81824,67.41724,-9.353421,0.295203,0.525697,,,,,,,,,,,,-4.24114,-7.34985,0.53568,50,5.98289,1.74236,-106.34308,2.99861,-4.84792,18.54454,-40.57542,TEX_BOB,TEX_BOB,TexasStateUniversity,TeamExclusive,Team,20250911-TexasStateUniversity-Private-1,ef7e6790-8f36-11f0-b704-a7cb51eadc88,71.69998,,,5.85599,,,,,,,a37d3525-c527-499f-9df2-fe2d7f52026c,2025-09-11,17:44:15,2025-09-11T12:44:14.8818432-05:00,2025-09-11T17:44:14.8818432Z,,v3,471452,471452,,"Mora, Chase",804993,Right,TEX_BOB,a92c70fd-96e6-43c5-918b-9cd0841a3fd6,55.23915,-107.25281,9.27227,5.78697,4.98911,-20.28771,0.44437,1.98018,-2.42396,,,,,,,,,,,,,,,,,,,,,,,,,,,,,,,,,,,,,,,,,,,,,,,,,,,High,High,High,,,,,,350.470816,-26.473607,1552.071648,0.89514,5:45,0.454761,-0.16989,0.874259,54.984682,11.18879,57.043505,153.394773,-3.841783,0.446834,-0.067002,-0.892104,4.295139,-26.540757,0.067002,-0.446834,0.892104,-4.295139,26.540757,-0.067002,0.446834,0.892104,-153.394773,3.841783,-0.446834,0.067002,-0.892104
129,2025-09-11,12:44:28,3,1,"Targac, Titan",,Right,TEX_BOB,"Targac, Titan",,Right,TEX_BOB,Undefined,5,Bottom,1,0,0,Curveball,Curveball,StrikeCalled,Undefined,Undefined,Undefined,0,0,,73.07364,2.441414,0.151956,1929.298022,328.965662,5:00,5.72866,-0.43758,5.36167,-68.42988,-15.01938,10.02111,2.31707,0.54001,67.39189,-9.938361,1.93698,0.525999,,,,,,,,,,,,-4.98713,-7.73973,0.41654,50,5.89895,-0.65145,-106.12736,2.27538,-5.67464,18.55449,-40.98079,TEX_BOB,TEX_BOB,TexasStateUniversity,TeamExclusive,Team,20250911-TexasStateUniversity-Private-1,f74e5fc0-8f36-11f0-b704-a7cb51eadc88,71.6588,,,5.68175,,,,,,,a37d3525-c527-499f-9df2-fe2d7f52026c,2025-09-11,17:44:28,2025-09-11T12:44:27.9600128-05:00,2025-09-11T17:44:27.9600128Z,,v3,471452,471452,,"Mora, Chase",804993,Right,TEX_BOB,bd26d6f3-c6a3-4d80-aaad-de918ca8a4ce,55.14512,-107.02311,9.27724,5.74135,4.25381,-20.4904,0.44137,-0.3775,-2.83732,,,,,,,,,,,,,,,,,,,,,,,,,,,,,,,,,,,,,,,,,,,,,,,,,,,High,High,High,,,,,,351.429276,-31.385117,1647.014909,0.853686,5:45,0.512655,-0.149294,0.845515,54.516927,15.587123,44.917021,153.370258,1.210238,0.448123,0.021121,-0.893722,1.353801,26.623333,0.021121,0.448123,0.893722,-1.353801,-26.623333,-0.021121,-0.448123,0.893722,-153.370258,-1.210238,-0.448123,-0.021121,-0.893722
130,2025-09-11,12:44:46,3,2,"Targac, Titan",,Right,TEX_BOB,"Targac, Titan",,Right,TEX_BOB,Undefined,5,Bottom,1,0,1,Cutter,Cutter,BallCalled,Undefined,Undefined,Undefined,0,0,,83.40571,-0.345121,0.902846,1905.21668,208.486816,1:00,5.81865,-0.43553,5.89675,-23.70147,16.62304,8.3004,3.52306,1.09448,75.94489,-4.816254,2.392137,0.457042,,,,,,,,,,,,-3.97614,9.00717,0.35812,50,5.77733,-2.23879,-121.09296,-1.42107,-5.87201,24.83855,-18.87212,TEX_BOB,TEX_BOB,TexasStateUniversity,TeamExclusive,Team,20250911-TexasStateUniversity-Private-1,023b2850-8f37-11f0-b704-a7cb51eadc88,82.47042,,,7.46082,,,,,,,a37d3525-c527-499f-9df2-fe2d7f52026c,2025-09-11,17:44:46,2025-09-11T12:44:46.3880192-05:00,2025-09-11T17:44:46.3880192Z,,v3,471452,471452,,"Mora, Chase",804993,Right,TEX_BOB,47e8c78d-1e66-4423-aa87-6b8aaa656a7e,54.60237,-122.03335,12.41928,5.81761,-0.70657,-9.43606,0.43867,-2.01648,-2.936,,,,,,,,,,,,,,,,,,,,,,,,,,,,,,,,,,,,,,,,,,,,,,,,,,,High,High,High,,,,,,187.24648,-63.557886,848.380488,0.445293,12:15,0.902556,-0.050774,-0.427568,-5.6754,37.249539,-58.497562,93.440169,41.952083,0.742364,0.668509,-0.044627,86.180839,47.933184,0.668509,0.742364,0.044627,-86.180839,-47.933184,-0.668509,-0.742364,0.044627,-93.440169,-41.952083,-0.742364,-0.668509,-0.044627
131,2025-09-11,12:45:02,3,3,"Targac, Titan",,Right,TEX_BOB,"Targac, Titan",,Right,TEX_BOB,Undefined,5,Bottom,1,1,1,Cutter,Cutter,BallCalled,Undefined,Undefined,Undefined,0,0,,83.33459,-0.10535,-0.106239,1910.29132,206.01872,12:45,5.81777,-0.54848,5.45116,-23.7697,17.20997,7.753,3.73833,-0.00186,75.96749,-4.555422,1.273808,0.46074,,,,,,,,,,,,-3.9174,9.08536,0.55243,50,5.79245,-0.10306,-120.94081,-0.96993,-5.78891,24.08574,-18.74822,TEX_BOB,TEX_BOB,TexasStateUniversity,TeamExclusive,Team,20250911-TexasStateUniversity-Private-1,0bb945b0-8f37-11f0-b704-a7cb51eadc88,81.80855,,,7.3671,,,,,,,a37d3525-c527-499f-9df2-fe2d7f52026c,2025-09-11,17:45:02,2025-09-11T12:45:02.4647680-05:00,2025-09-11T17:45:02.4647680Z,,v3,471452,471452,,"Mora, Chase",804993,Right,TEX_BOB,23e61c2d-5ff9-4b5e-8f93-03b61579159e,55.04752,-121.94189,12.04287,5.81657,-0.19069,-9.37411,0.55172,0.13755,-2.89446,,,,,,,,,,,,,,,,,,,,,,,,,,,,,,,,,,,,,,,,,,,,,,,,,,,High,High,High,,,,,,188.543908,-63.048906,865.800946,0.45323,12:15,0.890683,-0.065696,-0.449852,-11.21446,35.908389,-55.012573,98.403854,46.117104,0.685744,0.720758,-0.101309,81.998987,43.294116,0.720758,0.685744,0.101309,-81.998987,-43.294116,-0.720758,-0.685744,0.101309,-98.403854,-46.117104,-0.685744,-0.720758,-0.101309
132,2025-09-11,12:45:21,3,4,"Targac, Titan",,Right,TEX_BOB,"Targac, Titan",,Right,TEX_BOB,Undefined,5,Bottom,1,2,1,Cutter,Four-Seam,StrikeCalled,Undefined,Undefined,Undefined,3,0,,84.62987,-1.409082,0.502505,1916.785886,198.445704,12:30,5.77826,-0.31343,5.89815,-20.40836,18.5291,5.77205,2.76904,0.63412,77.53388,-5.264306,1.538604,0.449113,,,,,,,,,,,,-2.8104,10.24445,0.26972,50,5.6531,-1.31042,-122.92051,-3.60798,-4.30545,24.06909,-16.47986,TEX_BOB,TEX_BOB,TexasStateUniversity,TeamExclusive,Team,20250911-TexasStateUniversity-Private-1,16a7e300-8f37-11f0-b704-a7cb51eadc88,83.92647,,,7.09599,,,,,,,a37d3525-c527-499f-9df2-fe2d7f52026c,2025-09-11,17:45:21,2025-09-11T12:45:20.6476288-05:00,2025-09-11T17:45:20.6476288Z,,v3,471452,471452,,"Mora, Chase",804993,Right,TEX_BOB,4304a6a6-7be9-4651-912e-7bdd701c3f20,54.60148,-123.81825,12.03454,5.7762,-2.99331,-8.23993,0.3156,-1.14983,-2.15272,,,,,,,,,,,,,,,,,,,,,,,,,,,,,,,,,,,,,,,,,,,,,,,,,,,High,High,High,,,,,,178.165539,-54.810274,1104.616452,0.576286,12:00,0.821568,0.038539,-0.568807,-6.247295,53.868762,-58.396175,95.116986,43.939341,0.717205,0.693896,-0.064223,84.712088,45.824208,0.693896,0.717205,0.064223,-84.712088,-45.824208,-0.693896,-0.717205,0.064223,-95.116986,-43.939341,-0.717205,-0.693896,-0.064223
,,,,,,,,,,,,,,,,,,,,,,,,,,,,,,,,,,,,,,,,,,,,,,,,,,,,,,,,,,,,,,,,,,,,,,,,,,,,,,,,,,,,,,,,,,,,,,,,,,,,,,,,,,,,,,,,,,,,,,,,,,,,,,,,,,,,,,,,,,,,,,,,,,,,,,,,,,,,,,,,,,,,,,,,,,,,,,,,,,,,,,,,,,,,,,,,,,,,,
,,,,,,,,,,,,,,,,,,,,,,,,,,,,,,,,,,,,,,,,,,,,,,,,,,,,,,,,,,,,,,,,,,,,,,,,,,,,,,,,,,,,,,,,,,,,,,,,,,,,,,,,,,,,,,,,,,,,,,,,,,,,,,,,,,,,,,,,,,,,,,,,,,,,,,,,,,,,,,,,,,,,,,,,,,,,,,,,,,,,,,,,,,,,,,,,,,,,,
,,,,,,,,,,,,,,,,,,,,,,,,,,,,,,,,,,,,,,,,,,,,,,,,,,,,,,,,,,,,,,,,,,,,,,,,,,,,,,,,,,,,,,,,,,,,,,,,,,,,,,,,,,,,,,,,,,,,,,,,,,,,,,,,,,,,,,,,,,,,,,,,,,,,,,,,,,,,,,,,,,,,,,,,,,,,,,,,,,,,,,,,,,,,,,,,,,,,,
,,,,,,,,,,,,,,,,,,,,,,,,,,,,,,,,,,,,,,,,,,,,,,,,,,,,,,,,,,,,,,,,,,,,,,,,,,,,,,,,,,,,,,,,,,,,,,,,,,,,,,,,,,,,,,,,,,,,,,,,,,,,,,,,,,,,,,,,,,,,,,,,,,,,,,,,,,,,,,,,,,,,,,,,,,,,,,,,,,,,,,,,,,,,,,,,,,,,,
,,,,,,,,,,,,,,,,,,,,,,,,,,,,,,,,,,,,,,,,,,,,,,,,,,,,,,,,,,,,,,,,,,,,,,,,,,,,,,,,,,,,,,,,,,,,,,,,,,,,,,,,,,,,,,,,,,,,,,,,,,,,,,,,,,,,,,,,,,,,,,,,,,,,,,,,,,,,,,,,,,,,,,,,,,,,,,,,,,,,,,,,,,,,,,,,,,,,,
,,,,,,,,,,,,,,,,,,,,,,,,,,,,,,,,,,,,,,,,,,,,,,,,,,,,,,,,,,,,,,,,,,,,,,,,,,,,,,,,,,,,,,,,,,,,,,,,,,,,,,,,,,,,,,,,,,,,,,,,,,,,,,,,,,,,,,,,,,,,,,,,,,,,,,,,,,,,,,,,,,,,,,,,,,,,,,,,,,,,,,,,,,,,,,,,,,,,,
,,,,,,,,,,,,,,,,,,,,,,,,,,,,,,,,,,,,,,,,,,,,,,,,,,,,,,,,,,,,,,,,,,,,,,,,,,,,,,,,,,,,,,,,,,,,,,,,,,,,,,,,,,,,,,,,,,,,,,,,,,,,,,,,,,,,,,,,,,,,,,,,,,,,,,,,,,,,,,,,,,,,,,,,,,,,,,,,,,,,,,,,,,,,,,,,,,,,,
,,,,,,,,,,,,,,,,,,,,,,,,,,,,,,,,,,,,,,,,,,,,,,,,,,,,,,,,,,,,,,,,,,,,,,,,,,,,,,,,,,,,,,,,,,,,,,,,,,,,,,,,,,,,,,,,,,,,,,,,,,,,,,,,,,,,,,,,,,,,,,,,,,,,,,,,,,,,,,,,,,,,,,,,,,,,,,,,,,,,,,,,,,,,,,,,,,,,,
,,,,,,,,,,,,,,,,,,,,,,,,,,,,,,,,,,,,,,,,,,,,,,,,,,,,,,,,,,,,,,,,,,,,,,,,,,,,,,,,,,,,,,,,,,,,,,,,,,,,,,,,,,,,,,,,,,,,,,,,,,,,,,,,,,,,,,,,,,,,,,,,,,,,,,,,,,,,,,,,,,,,,,,,,,,,,,,,,,,,,,,,,,,,,,,,,,,,,
,,,,,,,,,,,,,,,,,,,,,,,,,,,,,,,,,,,,,,,,,,,,,,,,,,,,,,,,,,,,,,,,,,,,,,,,,,,,,,,,,,,,,,,,,,,,,,,,,,,,,,,,,,,,,,,,,,,,,,,,,,,,,,,,,,,,,,,,,,,,,,,,,,,,,,,,,,,,,,,,,,,,,,,,,,,,,,,,,,,,,,,,,,,,,,,,,,,,,
,,,,,,,,,,,,,,,,,,,,,,,,,,,,,,,,,,,,,,,,,,,,,,,,,,,,,,,,,,,,,,,,,,,,,,,,,,,,,,,,,,,,,,,,,,,,,,,,,,,,,,,,,,,,,,,,,,,,,,,,,,,,,,,,,,,,,,,,,,,,,,,,,,,,,,,,,,,,,,,,,,,,,,,,,,,,,,,,,,,,,,,,,,,,,,,,,,,,,
,,,,,,,,,,,,,,,,,,,,,,,,,,,,,,,,,,,,,,,,,,,,,,,,,,,,,,,,,,,,,,,,,,,,,,,,,,,,,,,,,,,,,,,,,,,,,,,,,,,,,,,,,,,,,,,,,,,,,,,,,,,,,,,,,,,,,,,,,,,,,,,,,,,,,,,,,,,,,,,,,,,,,,,,,,,,,,,,,,,,,,,,,,,,,,,,,,,,,
,,,,,,,,,,,,,,,,,,,,,,,,,,,,,,,,,,,,,,,,,,,,,,,,,,,,,,,,,,,,,,,,,,,,,,,,,,,,,,,,,,,,,,,,,,,,,,,,,,,,,,,,,,,,,,,,,,,,,,,,,,,,,,,,,,,,,,,,,,,,,,,,,,,,,,,,,,,,,,,,,,,,,,,,,,,,,,,,,,,,,,,,,,,,,,,,,,,,,
,,,,,,,,,,,,,,,,,,,,,,,,,,,,,,,,,,,,,,,,,,,,,,,,,,,,,,,,,,,,,,,,,,,,,,,,,,,,,,,,,,,,,,,,,,,,,,,,,,,,,,,,,,,,,,,,,,,,,,,,,,,,,,,,,,,,,,,,,,,,,,,,,,,,,,,,,,,,,,,,,,,,,,,,,,,,,,,,,,,,,,,,,,,,,,,,,,,,,
147,2025-09-11,12:54:13,1,1,"Targac, Titan",,Right,TEX_BOB,"Targac, Titan",,Right,TEX_BOB,Undefined,6,Bottom,0,0,0,Fastball,Four-Seam,BallCalled,Undefined,Undefined,Undefined,0,0,,87.29435,-3.386618,0.865984,1929.419371,174.539729,11:45,5.87484,-0.34845,6.29627,-16.61013,19.50348,-1.75476,1.36602,0.30335,80.11532,-6.555501,0.548573,0.432521,,,,,,,,,,,,1.15134,11.43079,0.28559,50,5.61732,-1.84738,-126.70536,-7.92907,1.87464,25.50886,-13.56236,TEX_BOB,TEX_BOB,TexasStateUniversity,TeamExclusive,Team,20250911-TexasStateUniversity-Private-1,53cc64d0-8f38-11f0-b704-a7cb51eadc88,87.14597,,,7.17903,,,,,,,a37d3525-c527-499f-9df2-fe2d7f52026c,2025-09-11,17:54:13,2025-09-11T12:54:12.7133696-05:00,2025-09-11T17:54:12.7133696Z,,v3,471452,471452,,"Mora, Chase",804993,Right,TEX_BOB,1891ccd4-c9e4-4276-ab83-e6733121dff5,54.20463,-127.54905,12.75443,5.87215,-7.48051,-6.78118,0.34772,-1.90938,0.93732,,,,,,,,,,,,,,,,,,,,,,,,,,,,,,,,,,,,,,,,,,,,,,,,,,,High,High,High,,,,,,164.596833,-17.69492,1838.135523,0.952688,11:30,0.302318,0.270556,-0.914004,16.069278,-25.691826,17.517701,176.35268,6.403586,0.063218,0.111531,-0.991748,6.416475,3.624534,0.111531,0.063218,0.991748,-6.416475,-3.624534,-0.111531,-0.063218,0.991748,-176.35268,-6.403586,-0.063218,-0.111531,-0.991748
148,2025-09-11,12:54:25,1,2,"Targac, Titan",,Right,TEX_BOB,"Targac, Titan",,Right,TEX_BOB,Undefined,6,Bottom,0,1,0,Fastball,Four-Seam,StrikeCalled,Undefined,Undefined,Undefined,0,0,,86.50846,-2.666044,0.152054,1856.775823,171.056266,11:45,5.86956,-0.40267,5.68813,-18.45127,19.16659,-2.82764,1.84519,-0.49658,79.28475,-6.142151,-0.353702,0.441437,,,,,,,,,,,,1.48461,10.85174,0.39171,50,5.63372,-0.21591,-125.53435,-6.3983,2.37162,25.15621,-14.83875,TEX_BOB,TEX_BOB,TexasStateUniversity,TeamExclusive,Team,20250911-TexasStateUniversity-Private-1,5b037860-8f38-11f0-b704-a7cb51eadc88,85.38583,,,7.2237,,,,,,,a37d3525-c527-499f-9df2-fe2d7f52026c,2025-09-11,17:54:25,2025-09-11T12:54:24.8523264-05:00,2025-09-11T17:54:24.8523264Z,,v3,471452,471452,,"Mora, Chase",804993,Right,TEX_BOB,455f834e-a4c9-4308-834b-0c2d41efca0e,54.81263,-126.4951,12.5781,5.86726,-5.83159,-7.41938,0.40168,-0.30648,1.18581,,,,,,,,,,,,,,,,,,,,,,,,,,,,,,,,,,,,,,,,,,,,,,,,,,,High,High,High,,,,,,163.32602,-15.115424,1792.535959,0.965402,11:30,0.250051,0.288828,-0.92415,-0.339418,-25.944839,44.944522,176.470167,-1.924186,0.061534,-0.033577,-0.99754,1.927841,-3.52784,0.033577,-0.061534,0.99754,-1.927841,3.52784,-0.033577,0.061534,0.99754,-176.470167,1.924186,-0.061534,0.033577,-0.99754
149,2025-09-11,12:54:37,1,3,"Targac, Titan",,Right,TEX_BOB,"Targac, Titan",,Right,TEX_BOB,Undefined,6,Bottom,0,1,1,ChangeUp,Splitter,BallCalled,Undefined,Undefined,Undefined,0,0,,74.88664,2.899416,-0.273072,848.126951,82.724553,8:45,5.81748,-0.68062,5.32386,-50.74416,0.43272,-9.54083,4.31207,-1.73195,68.27921,-6.378549,-1.966444,0.514883,,,,,,,,,,,,4.66677,-0.08114,0.71237,50,6.0437,0.88803,-108.54699,3.83182,5.5454,19.7178,-32.27046,TEX_BOB,TEX_BOB,TexasStateUniversity,TeamExclusive,Team,20250911-TexasStateUniversity-Private-1,62498010-8f38-11f0-b704-a7cb51eadc88,73.20586,,,6.60743,,,,,,,a37d3525-c527-499f-9df2-fe2d7f52026c,2025-09-11,17:54:37,2025-09-11T12:54:37.1734528-05:00,2025-09-11T17:54:37.1734528Z,,v3,471452,471452,,"Mora, Chase",804993,Right,TEX_BOB,68c650f3-b475-4239-a12d-fa6b6daced3f,55.17656,-109.48329,9.8589,5.82537,5.36417,-16.13523,0.67645,0.6247,2.7727,,,,,,,,,,,,,,,,,,,,,,,,,,,,,,,,,,,,,,,,,,,,,,,,,,,High,High,High,,,,,,126.530487,8.781184,838.18569,0.988279,10:15,-0.115099,0.800827,-0.587731,-40.630338,15.449701,-88.363239,136.522718,-26.022485,0.618312,-0.438724,-0.652083,33.93283,-38.192974,0.438724,-0.618312,0.652083,-33.93283,38.192974,-0.438724,0.618312,0.652083,-136.522718,26.022485,-0.618312,0.438724,-0.652083
150,2025-09-11,12:54:54,1,4,"Targac, Titan",,Right,TEX_BOB,"Targac, Titan",,Right,TEX_BOB,Undefined,6,Bottom,0,2,1,ChangeUp,Changeup,BallCalled,Undefined,Undefined,Undefined,0,0,,81.82667,-3.574702,1.10123,1399.574447,135.809153,10:30,5.763,-0.69762,6.279,-30.73037,10.13973,-8.69989,-0.09779,-0.40741,76.05911,-9.253246,-0.474996,0.460123,,,,,,,,,,,,4.87768,6.53729,0.6207,50,5.48348,-1.98459,-118.85356,-8.31617,7.03208,21.10048,-22.74937,TEX_BOB,TEX_BOB,TexasStateUniversity,TeamExclusive,Team,20250911-TexasStateUniversity-Private-1,6c4e0b80-8f38-11f0-b704-a7cb51eadc88,81.91811,,,5.76757,,,,,,,a37d3525-c527-499f-9df2-fe2d7f52026c,2025-09-11,17:54:54,2025-09-11T12:54:53.8589696-05:00,2025-09-11T17:54:53.8589696Z,,v3,471452,471452,,"Mora, Chase",804993,Right,TEX_BOB,e98b0c0b-b6a4-406a-8139-0754fcf6029d,54.22498,-119.60128,10.55024,5.76389,-7.51001,-11.37469,0.69544,-2.23378,3.51604,,,,,,,,,,,,,,,,,,,,,,,,,,,,,,,,,,,,,,,,,,,,,,,,,,,High,High,High,,,,,,146.030498,0.998439,1399.36195,0.999848,10:45,-0.036278,0.556493,-0.83006,-0.713447,17.166749,-65.184217,165.057566,-12.273776,0.251955,-0.212583,-0.944101,12.689648,-14.593216,0.212583,-0.251955,0.944101,-12.689648,14.593216,-0.212583,0.251955,0.944101,-165.057566,12.273776,-0.251955,0.212583,-0.944101
151,2025-09-11,12:55:07,1,5,"Targac, Titan",,Right,TEX_BOB,"Targac, Titan",,Right,TEX_BOB,Undefined,6,Bottom,0,3,1,Fastball,Changeup,BallCalled,Walk,Undefined,Undefined,0,0,,85.90192,-1.48751,-0.30419,1795.941675,164.252164,11:30,5.87669,-0.25365,5.97429,-20.18702,17.4382,-4.58918,2.81507,-0.9181,78.81239,-5.298665,-1.129284,0.44148,,,,,,,,,,,,2.2811,9.72544,0.2803,50,5.74769,0.84531,-124.81666,-3.82831,3.60737,24.54576,-16.79399,TEX_BOB,TEX_BOB,TexasStateUniversity,TeamExclusive,Team,20250911-TexasStateUniversity-Private-1,74143fb0-8f38-11f0-b704-a7cb51eadc88,85.37749,,,7.08952,,,,,,,a37d3525-c527-499f-9df2-fe2d7f52026c,2025-09-11,17:55:07,2025-09-11T12:55:06.8943360-05:00,2025-09-11T17:55:06.8943360Z,,v3,471452,471452,,"Mora, Chase",804993,Right,TEX_BOB,d8c36638-85ee-48a9-b3db-552876996549,54.52654,-125.70368,12.27288,5.87507,-3.22142,-8.397,0.25211,0.71495,1.80369,,,,,,,,,,,,,,,,,,,,,,,,,,,,,,,,,,,,,,,,,,,,,,,,,,,High,High,High,,,,,,165.908091,-24.236229,1637.648694,0.911861,11:30,0.399897,0.232599,-0.886555,11.435614,-26.383689,25.169681,178.897526,-9.127259,0.018997,-0.158628,-0.987156,9.128921,-1.088513,0.158628,-0.018997,0.987156,-9.128921,1.088513,-0.158628,0.018997,0.987156,-178.897526,9.127259,-0.018997,0.158628,-0.987156
152,2025-09-11,12:55:20,2,1,"Targac, Titan",,Right,TEX_BOB,"Targac, Titan",,Right,TEX_BOB,Undefined,6,Bottom,0,0,0,ChangeUp,Changeup,BallCalled,Undefined,Undefined,Undefined,0,0,,79.99238,-2.898946,2.192083,1378.940841,158.1104,11:15,5.74431,-0.67508,6.03396,-26.87757,16.71469,-6.14225,0.81571,0.84402,73.40217,-7.922582,1.086727,0.4752,,,,,,,,,,,,3.77591,9.85867,0.50705,50,5.50297,-4.21179,-115.99221,-6.63202,5.13841,21.9229,-18.7579,TEX_BOB,TEX_BOB,TexasStateUniversity,TeamExclusive,Team,20250911-TexasStateUniversity-Private-1,7c0a8490-8f38-11f0-b704-a7cb51eadc88,79.31918,,,6.59021,,,,,,,a37d3525-c527-499f-9df2-fe2d7f52026c,2025-09-11,17:55:20,2025-09-11T12:55:20.1905664-05:00,2025-09-11T17:55:20.1905664Z,,v3,471452,471452,,"Mora, Chase",804993,Right,TEX_BOB,a7fc7595-9208-419f-8144-80b28312cffd,54.46566,-116.83319,10.96145,5.74357,-5.91246,-9.37895,0.6724,-4.4089,2.56921,,,,,,,,,,,,,,,,,,,,,,,,,,,,,,,,,,,,,,,,,,,,,,,,,,,High,High,High,,,,,,148.273268,-6.592189,1369.823871,0.993388,11:00,0.120489,0.527529,-0.840949,12.867133,-18.923928,15.292766,178.140804,-15.618922,0.031245,-0.269238,-0.962567,15.626746,-1.79052,0.269238,-0.031245,0.962567,-15.626746,1.79052,-0.269238,0.031245,0.962567,-178.140804,15.618922,-0.031245,0.269238,-0.962567
153,2025-09-11,12:55:36,2,2,"Targac, Titan",,Right,TEX_BOB,"Targac, Titan",,Right,TEX_BOB,Undefined,6,Bottom,0,1,0,ChangeUp,Changeup,BallCalled,Undefined,Undefined,Undefined,0,0,,80.83322,-2.549287,0.566812,1417.685301,138.792287,10:45,5.80556,-0.52721,6.17048,-29.29163,13.28705,-10.38087,1.00824,-0.86873,73.92502,-8.024771,-1.308777,0.469643,,,,,,,,,,,,5.57607,8.065,0.4896,50,5.59745,-0.78471,-117.33011,-6.05579,7.71874,23.64594,-21.01002,TEX_BOB,TEX_BOB,TexasStateUniversity,TeamExclusive,Team,20250911-TexasStateUniversity-Private-1,8563dbe0-8f38-11f0-b704-a7cb51eadc88,80.2577,,,6.9082,,,,,,,a37d3525-c527-499f-9df2-fe2d7f52026c,2025-09-11,17:55:36,2025-09-11T12:55:35.9152640-05:00,2025-09-11T17:55:35.9152640Z,,v3,471452,471452,,"Mora, Chase",804993,Right,TEX_BOB,e3c5eee5-5de9-4107-959a-cc9f9bb0a04d,54.33047,-118.19962,11.82297,5.80593,-5.28321,-10.50501,0.52368,-1.06855,3.85937,,,,,,,,,,,,,,,,,,,,,,,,,,,,,,,,,,,,,,,,,,,,,,,,,,,High,High,High,,,,,,145.453584,-14.076909,1375.112377,0.96997,10:45,0.226411,0.560318,-0.796732,19.791512,-20.860361,6.301152,179.023481,-12.375331,0.016647,-0.214315,-0.976623,12.377074,-0.953827,0.214315,-0.016647,0.976623,-12.377074,0.953827,-0.214315,0.016647,0.976623,-179.023481,12.375331,-0.016647,0.214315,-0.976623
154,2025-09-11,12:55:50,2,3,"Targac, Titan",,Right,TEX_BOB,"Targac, Titan",,Right,TEX_BOB,Undefined,6,Bottom,0,2,0,Fastball,Four-Seam,BallCalled,Undefined,Undefined,Undefined,0,0,,87.71703,-1.75048,0.057797,1839.750588,158.929918,11:15,5.83154,-0.44551,5.97003,-18.82824,17.38198,-6.25091,2.63904,-0.91283,80.21877,-5.316572,-1.066058,0.433099,,,,,,,,,,,,3.24441,9.78493,0.44448,50,5.68239,0.12429,-127.41086,-4.44556,5.32703,26.46112,-16.10815,TEX_BOB,TEX_BOB,TexasStateUniversity,TeamExclusive,Team,20250911-TexasStateUniversity-Private-1,8d8ffdd0-8f38-11f0-b704-a7cb51eadc88,87.02967,,,7.49825,,,,,,,a37d3525-c527-499f-9df2-fe2d7f52026c,2025-09-11,17:55:50,2025-09-11T12:55:49.6752640-05:00,2025-09-11T17:55:49.6752640Z,,v3,471452,471452,,"Mora, Chase",804993,Right,TEX_BOB,845a5987-59db-405b-a4cb-644c6732e860,54.53112,-128.34845,13.23056,5.8298,-3.8748,-8.05408,0.44342,-0.06446,2.66352,,,,,,,,,,,,,,,,,,,,,,,,,,,,,,,,,,,,,,,,,,,,,,,,,,,High,High,High,,,,,,164.167892,-25.971402,1653.959214,0.899013,11:30,0.431098,0.258531,-0.864474,8.349604,-26.787306,31.785807,176.538763,-8.78952,0.059664,-0.152805,-0.986454,8.805331,-3.42054,0.152805,-0.059664,0.986454,-8.805331,3.42054,-0.152805,0.059664,0.986454,-176.538763,8.78952,-0.059664,0.152805,-0.986454
155,2025-09-11,12:56:08,2,4,"Targac, Titan",,Right,TEX_BOB,"Targac, Titan",,Right,TEX_BOB,Undefined,6,Bottom,0,3,0,Splitter,Slider,BallCalled,Walk,Undefined,Undefined,0,0,,77.55662,1.923778,-0.588451,857.617151,119.953945,10:00,5.81235,-0.62157,5.55664,-42.11361,5.20799,-6.33843,4.10118,-1.69962,70.58858,-5.842566,-1.718619,0.495109,,,,,,,,,,,,3.0115,2.55402,0.67665,50,5.95118,1.4029,-112.48705,2.42374,3.83605,21.51742,-28.92075,TEX_BOB,TEX_BOB,TexasStateUniversity,TeamExclusive,Team,20250911-TexasStateUniversity-Private-1,98576410-8f38-11f0-b704-a7cb51eadc88,76.12953,,,6.96804,,,,,,,a37d3525-c527-499f-9df2-fe2d7f52026c,2025-09-11,17:56:08,2025-09-11T12:56:07.8326784-05:00,2025-09-11T17:56:07.8326784Z,,v3,471452,471452,,"Mora, Chase",804993,Right,TEX_BOB,9d2b88bf-47eb-4c64-9aef-53cd5ac040d8,54.94252,-113.42856,10.75871,5.81744,3.68918,-14.46038,0.61894,1.23505,1.91802,,,,,,,,,,,,,,,,,,,,,,,,,,,,,,,,,,,,,,,,,,,,,,,,,,,High,High,High,,,,,,127.326119,3.366335,856.137334,0.998275,10:15,-0.038253,0.795349,-0.604944,-48.594092,17.665765,-86.530713,132.838651,-38.321567,0.575283,-0.620074,-0.533439,49.295167,-35.119447,0.620074,-0.575283,0.533439,-49.295167,35.119447,-0.620074,0.575283,0.533439,-132.838651,38.321567,-0.575283,0.620074,-0.533439
156,2025-09-11,12:56:25,3,1,"Targac, Titan",,Right,TEX_BOB,"Targac, Titan",,Right,TEX_BOB,Undefined,6,Bottom,0,0,0,Splitter,Changeup,BallCalled,Undefined,Undefined,Undefined,0,0,,78.02329,-0.95985,-0.854281,838.61467,89.016213,9:00,5.71461,-0.4389,5.7239,-44.87829,1.37445,-5.27859,1.08052,-1.67456,71.83466,-9.171369,-1.800832,0.489486,,,,,,,,,,,,2.43925,1.43791,0.51352,50,5.60687,1.88884,-113.30869,-3.33915,3.16271,21.22062,-30.30964,TEX_BOB,TEX_BOB,TexasStateUniversity,TeamExclusive,Team,20250911-TexasStateUniversity-Private-1,a2f4ad10-8f38-11f0-b704-a7cb51eadc88,77.00415,,,6.18863,,,,,,,a37d3525-c527-499f-9df2-fe2d7f52026c,2025-09-11,17:56:25,2025-09-11T12:56:25.4657024-05:00,2025-09-11T17:56:25.4657024Z,,v3,471452,471452,,"Mora, Chase",804993,Right,TEX_BOB,c5efb441-dc7c-4242-9e1f-d13acea9849e,54.77719,-114.19986,10.61031,5.72037,-2.06628,-15.15482,0.43698,1.75602,1.58135,,,,,,,,,,,,,,,,,,,,,,,,,,,,,,,,,,,,,,,,,,,,,,,,,,,High,High,High,,,,,,128.51018,3.979882,836.592336,0.997588,10:15,-0.091725,0.779338,-0.619853,-48.174906,21.171546,-86.96726,140.37143,-37.444478,0.506383,-0.607992,-0.611491,44.835618,-30.423216,0.607992,-0.506383,0.611491,-44.835618,30.423216,-0.607992,0.506383,0.611491,-140.37143,37.444478,-0.506383,0.607992,-0.611491
157,2025-09-11,12:56:39,3,2,"Targac, Titan",,Right,TEX_BOB,"Targac, Titan",,Right,TEX_BOB,Undefined,6,Bottom,0,1,0,Fastball,Four-Seam,BallCalled,Undefined,Undefined,Undefined,0,0,,87.52757,-0.816515,0.208698,1845.467616,166.51318,11:30,5.76894,-0.11719,6.22694,-18.93001,16.83048,-3.78181,3.438,-0.23978,80.46599,-4.410508,-0.474433,0.430401,,,,,,,,,,,,2.01398,9.27209,0.1034,50,5.69828,-0.31434,-127.28996,-2.34368,3.32352,24.70569,-16.87293,TEX_BOB,TEX_BOB,TexasStateUniversity,TeamExclusive,Team,20250911-TexasStateUniversity-Private-1,aad0da40-8f38-11f0-b704-a7cb51eadc88,87.57522,,,7.06158,,,,,,,a37d3525-c527-499f-9df2-fe2d7f52026c,2025-09-11,17:56:39,2025-09-11T12:56:38.7537920-05:00,2025-09-11T17:56:38.7537920Z,,v3,471452,471452,,"Mora, Chase",804993,Right,TEX_BOB,c6678cb1-d1a5-4189-a87e-0f4dd7733a3e,54.27381,-128.11678,12.35284,5.76726,-1.779,-8.43647,0.11578,-0.42557,1.66176,,,,,,,,,,,,,,,,,,,,,,,,,,,,,,,,,,,,,,,,,,,,,,,,,,,High,High,High,,,,,,164.66883,-20.615387,1727.293127,0.935965,11:30,0.351816,0.252459,-0.901382,19.25329,-26.449643,9.512998,176.936202,8.217298,0.052899,0.142928,-0.988318,8.2289,3.032313,0.142928,0.052899,0.988318,-8.2289,-3.032313,-0.142928,-0.052899,0.988318,-176.936202,-8.217298,-0.052899,-0.142928,-0.988318
158,2025-09-11,12:56:53,3,3,"Targac, Titan",,Right,TEX_BOB,"Targac, Titan",,Right,TEX_BOB,Undefined,6,Bottom,0,2,0,Splitter,Changeup,BallCalled,Undefined,Undefined,Undefined,0,0,,78.55371,-1.12174,-0.03487,782.424262,107.83986,9:30,5.8135,-0.58733,5.85537,-41.77168,4.00386,-7.5426,1.29012,-1.24828,71.66945,-8.823631,-1.390714,0.486954,,,,,,,,,,,,3.85193,2.85929,0.5946,50,5.69813,0.35131,-114.009,-3.53282,5.0108,23.2428,-28.45452,TEX_BOB,TEX_BOB,TexasStateUniversity,TeamExclusive,Team,20250911-TexasStateUniversity-Private-1,b334d510-8f38-11f0-b704-a7cb51eadc88,77.40446,,,6.88426,,,,,,,a37d3525-c527-499f-9df2-fe2d7f52026c,2025-09-11,17:56:53,2025-09-11T12:56:52.7557120-05:00,2025-09-11T17:56:52.7557120Z,,v3,471452,471452,,"Mora, Chase",804993,Right,TEX_BOB,54be31f7-d527-491a-a978-2580aa96958d,54.64485,-114.95203,11.6214,5.81805,-2.37833,-14.22726,0.58448,0.14801,2.5054,,,,,,,,,,,,,,,,,,,,,,,,,,,,,,,,,,,,,,,,,,,,,,,,,,,High,High,High,,,,,,128.35803,0.508786,782.393413,0.999961,10:15,-0.024606,0.783793,-0.620534,-49.738757,15.598612,-87.221073,131.019018,-38.714822,0.588706,-0.625445,-0.512098,50.690275,-36.065255,0.625445,-0.588706,0.512098,-50.690275,36.065255,-0.625445,0.588706,0.512098,-131.019018,38.714822,-0.588706,0.625445,-0.512098
159,2025-09-11,12:57:07,3,4,"Targac, Titan",,Right,TEX_BOB,"Targac, Titan",,Right,TEX_BOB,Undefined,6,Bottom,0,3,0,Splitter,Slider,BallCalled,Walk,Undefined,Undefined,0,0,,78.25177,1.561059,1.412749,942.234107,110.976682,9:45,5.70207,-0.43249,5.62119,-40.68546,5.24024,-10.06485,3.76928,0.04748,71.88182,-5.92629,-0.384241,0.487752,,,,,,,,,,,,5.45859,2.67973,0.31849,50,5.80918,-2.4137,-113.63125,1.78771,7.16646,20.01737,-28.65588,TEX_BOB,TEX_BOB,TexasStateUniversity,TeamExclusive,Team,20250911-TexasStateUniversity-Private-1,bbad4240-8f38-11f0-b704-a7cb51eadc88,77.27784,,,6.36996,,,,,,,a37d3525-c527-499f-9df2-fe2d7f52026c,2025-09-11,17:57:07,2025-09-11T12:57:07.1303680-05:00,2025-09-11T17:57:07.1303680Z,,v3,471452,471452,,"Mora, Chase",804993,Right,TEX_BOB,34496d2c-5cdf-46dc-ae48-b906b0ed1d01,54.87987,-114.48767,10.00869,5.70647,3.01371,-14.32794,0.42831,-2.72031,3.58323,,,,,,,,,,,,,,,,,,,,,,,,,,,,,,,,,,,,,,,,,,,,,,,,,,,High,High,High,,,,,,124.41708,-14.043548,914.07221,0.970112,10:15,0.277809,0.793381,-0.541635,49.911095,-23.146584,83.316561,125.590948,-48.226454,0.541739,-0.745784,-0.387718,62.530989,-32.802126,0.745784,-0.541739,0.387718,-62.530989,32.802126,-0.745784,0.541739,0.387718,-125.590948,48.226454,-0.541739,0.745784,-0.387718
160,2025-09-11,12:57:22,4,1,"Targac, Titan",,Right,TEX_BOB,"Targac, Titan",,Right,TEX_BOB,Undefined,6,Bottom,0,0,0,Fastball,Four-Seam,BallCalled,Undefined,Undefined,Undefined,3,0,,87.73036,-0.57488,-0.666354,1862.068068,175.327485,11:45,5.87631,0.03497,6.13765,-17.72576,18.06926,-1.38811,3.86779,-0.6966,80.44014,-3.952936,-0.916596,0.430608,,,,,,,,,,,,0.53807,9.82327,0.01657,50,5.82309,1.53916,-127.5364,-1.76937,0.88951,25.32807,-15.93522,TEX_BOB,TEX_BOB,TexasStateUniversity,TeamExclusive,Team,20250911-TexasStateUniversity-Private-1,c4741d90-8f38-11f0-b704-a7cb51eadc88,87.53297,,,7.29021,,,,,,,a37d3525-c527-499f-9df2-fe2d7f52026c,2025-09-11,17:57:22,2025-09-11T12:57:21.7453568-05:00,2025-09-11T17:57:21.7453568Z,,v3,471452,471452,,"Mora, Chase",804993,Right,TEX_BOB,a1980b8a-7277-4578-97e5-1f5e9433f6e4,54.36266,-128.39988,12.66404,5.87415,-1.22612,-7.96761,-0.03539,1.50884,0.44475,,,,,,,,,,,,,,,,,,,,,,,,,,,,,,,,,,,,,,,,,,,,,,,,,,,High,High,High,,,,,,166.689637,-20.524733,1743.865713,0.936521,11:30,0.337808,0.219118,-0.915354,6.744464,-29.113115,17.024798,173.856761,0.355301,0.107012,0.006201,-0.994238,0.357353,6.14312,0.006201,0.107012,0.994238,-0.357353,-6.14312,-0.006201,-0.107012,0.994238,-173.856761,-0.355301,-0.107012,-0.006201,-0.994238
1,2025-09-12,10:15:36,1,1,"Beversdorf, Alec",NA,Right,TEX_BOB,"Beversdorf, Alec",NA,Left,TEX_BOB,Undefined,1,Top,0,0,0,Fastball,Sinker,StrikeCalled,Undefined,Undefined,Undefined,0,0,NA,88.90577,-2.226035,-2.757094,2414.030971,229.52078,1:45:00,5.75134,1.47418,5.53044,-20.04537,16.12454,17.42757,1.99647,0.34707,80.72242,-5.992324,0.347447,0.432858,NA,NA,NA,NA,NA,NA,NA,NA,NA,NA,NA,-9.59099,9.16646,-1.24627,50,5.54453,5.42373,-128.78187,-5.66249,-15.99349,28.50356,-16.88848,TEX_BOB,TEX_BOB,TexasStateUniversity,TeamExclusive,Team,20250912-TexasStateUniversity-Private-1,56166480-8feb-11f0-8c90-43581a9f29b1,87.07815,NA,NA,8.18334,NA,NA,NA,NA,NA,NA,56f72758-e25f-40a1-9430-d5cf7cab78a7,2025-09-12,15:15:36,2025-09-12T15:15:36Z,2025-09-12T15:15:36Z,NA,v3,471452,471452,NA,"Kerbow, Dylan",701749,Right,TEX_BOB,0c47bf28-94b7-4ebf-a7a9-8c270dc565d6,54.96944,-129.87711,14.25178,5.74964,-5.01356,-8.44424,-1.46648,6.03828,-7.99674,NA,NA,NA,NA,NA,NA,NA,NA,NA,NA,NA,NA,NA,NA,NA,NA,NA,NA,NA,NA,NA,NA,NA,NA,NA,NA,NA,NA,NA,NA,NA,NA,NA,NA,NA,NA,NA,NA,NA,NA,NA,NA,NA,NA,NA,NA,NA,NA,NA,NA,High,High,High,NA,NA,NA,NA,NA,231.917524,23.036678,2221.522952,0.920255,1:45:00,-0.389773,-0.739007,-0.549496,-8.982633,40.198964,55.099896,163.827412,-2.726125,0.278216,-0.047562,-0.95934,2.838271,-16.153785,0.047562,-0.278216,0.95934,-2.838271,16.153785,-0.047562,0.278216,0.95934,-163.827412,2.726125,-0.278216,0.047562,-0.95934
2,2025-09-12,10:15:49,1,2,"Beversdorf, Alec",NA,Right,TEX_BOB,"Beversdorf, Alec",NA,Left,TEX_BOB,Undefined,1,Top,0,0,1,Fastball,Sinker,StrikeCalled,Undefined,Undefined,Undefined,0,0,NA,89.50269,-1.040442,-3.27662,2502.228304,233.617323,1:45:00,5.68992,1.41826,5.47583,-22.10958,13.74513,16.94095,2.87212,-0.23954,80.93656,-5.182061,-0.264426,0.430968,NA,NA,NA,NA,NA,NA,NA,NA,NA,NA,NA,-9.47453,7.60252,-1.14178,50,5.58364,6.64363,-129.59934,-3.10996,-15.9588,29.52029,-19.36845,TEX_BOB,TEX_BOB,TexasStateUniversity,TeamExclusive,Team,20250912-TexasStateUniversity-Private-1,5dff14d0-8feb-11f0-8c90-43581a9f29b1,87.46001,NA,NA,8.56613,NA,NA,NA,NA,NA,NA,56f72758-e25f-40a1-9430-d5cf7cab78a7,2025-09-12,15:15:49,2025-09-12T15:15:49Z,2025-09-12T15:15:49Z,NA,v3,471452,471452,NA,"Kerbow, Dylan",701749,Right,TEX_BOB,31e6bd39-9d0b-46f7-9346-a0ebfffc587f,55.02302,-130.73849,14.76014,5.68923,-2.36257,-9.68423,-1.41003,7.25945,-7.9794,NA,NA,NA,NA,NA,NA,NA,NA,NA,NA,NA,NA,NA,NA,NA,NA,NA,NA,NA,NA,NA,NA,NA,NA,NA,NA,NA,NA,NA,NA,NA,NA,NA,NA,NA,NA,NA,NA,NA,NA,NA,NA,NA,NA,NA,NA,NA,NA,NA,NA,High,High,High,NA,NA,NA,NA,NA,230.37533,22.98684,2303.537804,0.920595,1:45:00,-0.41052,-0.716052,-0.564573,-1.301291,41.688822,67.132902,166.210833,-7.001439,0.236572,-0.121894,-0.963937,7.207059,-13.684334,0.121894,-0.236572,0.963937,-7.207059,13.684334,-0.121894,0.236572,0.963937,-166.210833,7.001439,-0.236572,0.121894,-0.963937
3,2025-09-12,10:16:03,1,3,"Beversdorf, Alec",NA,Right,TEX_BOB,"Beversdorf, Alec",NA,Left,TEX_BOB,Undefined,1,Top,0,0,2,Curveball,Curveball,StrikeCalled,Strikeout,Undefined,Undefined,0,0,NA,76.30522,1.615788,-0.481196,2793.234753,51.368784,7:45:00,5.84193,1.32391,5.39057,-61.20247,-11.54461,-16.63347,2.25661,-0.51324,69.33616,-9.510191,-3.444785,0.507184,NA,NA,NA,NA,NA,NA,NA,NA,NA,NA,NA,8.12626,-5.70492,-1.26912,50,5.94376,1.58821,-110.65539,1.01732,9.89405,23.06613,-39.12003,TEX_BOB,TEX_BOB,TexasStateUniversity,TeamExclusive,Team,20250912-TexasStateUniversity-Private-1,663289c0-8feb-11f0-8c90-43581a9f29b1,74.31711,NA,NA,6.96906,NA,NA,NA,NA,NA,NA,56f72758-e25f-40a1-9430-d5cf7cab78a7,2025-09-12,15:16:03,2025-09-12T15:16:03Z,2025-09-12T15:16:03Z,NA,v3,471452,471452,NA,"Kerbow, Dylan",701749,Right,TEX_BOB,911cd4b4-9b6c-4d49-9d2f-2830ef4fb9fc,55.11235,-111.71598,11.53306,5.85563,2.81607,-19.56001,-1.33169,1.13327,4.94702,NA,NA,NA,NA,NA,NA,NA,NA,NA,NA,NA,NA,NA,NA,NA,NA,NA,NA,NA,NA,NA,NA,NA,NA,NA,NA,NA,NA,NA,NA,NA,NA,NA,NA,NA,NA,NA,NA,NA,NA,NA,NA,NA,NA,NA,NA,NA,NA,NA,NA,High,High,High,NA,NA,NA,NA,NA,45.035999,49.873425,1800.17931,0.644478,7:30:00,-0.747609,0.47738,0.461724,-89.568006,16.91063,19.231758,158.39219,41.241875,0.2769,0.659239,-0.699092,43.319444,16.075298,0.659239,0.2769,0.699092,-43.319444,-16.075298,-0.659239,-0.2769,0.699092,-158.39219,-41.241875,-0.2769,-0.659239,-0.699092
4,2025-09-12,10:16:17,2,1,"Beversdorf, Alec",NA,Right,TEX_BOB,"Beversdorf, Alec",NA,Right,TEX_BOB,Undefined,1,Top,1,0,0,Curveball,Curveball,BallCalled,Undefined,Undefined,Undefined,0,0,NA,76.68948,1.732124,1.633184,2810.295228,43.576054,7:30:00,5.83717,1.24937,5.30307,-61.45956,-12.56713,-13.48335,2.34281,1.6594,70.18216,-9.401585,-0.76536,0.50326,NA,NA,NA,NA,NA,NA,NA,NA,NA,NA,NA,7.17559,-6.19343,-1.38792,50,5.95033,-2.63064,-111.2673,1.20381,8.92466,21.43551,-39.87714,TEX_BOB,TEX_BOB,TexasStateUniversity,TeamExclusive,Team,20250912-TexasStateUniversity-Private-1,6eb493e0-8feb-11f0-8c90-43581a9f29b1,74.89659,NA,NA,6.50732,NA,NA,NA,NA,NA,NA,56f72758-e25f-40a1-9430-d5cf7cab78a7,2025-09-12,15:16:17,2025-09-12T15:16:17Z,2025-09-12T15:16:17Z,NA,v3,471452,471452,NA,"Kerbow, Dylan",701749,Right,TEX_BOB,c48de0e2-ee8d-4276-806c-10e1540d9446,55.20116,-112.26482,10.71775,5.85113,3.05953,-19.93857,-1.25584,-3.04596,4.46233,NA,NA,NA,NA,NA,NA,NA,NA,NA,NA,NA,NA,NA,NA,NA,NA,NA,NA,NA,NA,NA,NA,NA,NA,NA,NA,NA,NA,NA,NA,NA,NA,NA,NA,NA,NA,NA,NA,NA,NA,NA,NA,NA,NA,NA,NA,NA,NA,NA,NA,High,High,High,NA,NA,NA,NA,NA,44.972604,49.438103,1827.448251,0.650269,7:30:00,-0.758273,0.482343,0.438596,-62.849391,-12.4383,-4.564164,152.203176,42.935285,0.341417,0.681172,-0.647641,46.445456,19.963213,0.681172,0.341417,0.647641,-46.445456,-19.963213,-0.681172,-0.341417,0.647641,-152.203176,-42.935285,-0.341417,-0.681172,-0.647641
5,2025-09-12,10:16:40,2,2,"Beversdorf, Alec",NA,Right,TEX_BOB,"Beversdorf, Alec",NA,Right,TEX_BOB,Undefined,1,Top,1,1,0,Curveball,Curveball,BallCalled,Undefined,Undefined,Undefined,0,0,NA,77.03394,1.552202,-1.177955,2837.606114,51.407965,7:45:00,5.91567,1.25766,5.34312,-59.05582,-10.36508,-15.08036,2.45114,-1.10424,70.15795,-9.170572,-3.860252,0.502221,NA,NA,NA,NA,NA,NA,NA,NA,NA,NA,NA,7.13811,-5.12481,-1.14044,50,6.01367,2.89831,-111.70999,0.9765,8.88526,22.92878,-38.55321,TEX_BOB,TEX_BOB,TexasStateUniversity,TeamExclusive,Team,20250912-TexasStateUniversity-Private-1,7c43f3c0-8feb-11f0-8c90-43581a9f29b1,75.05155,NA,NA,6.87599,NA,NA,NA,NA,NA,NA,56f72758-e25f-40a1-9430-d5cf7cab78a7,2025-09-12,15:16:40,2025-09-12T15:16:40Z,2025-09-12T15:16:40Z,NA,v3,471452,471452,NA,"Kerbow, Dylan",701749,Right,TEX_BOB,4bce56bf-975b-4935-a4ae-584ade6c28a4,55.15976,-112.76407,11.46439,5.92803,2.74886,-19.2766,-1.26429,2.48984,4.44263,NA,NA,NA,NA,NA,NA,NA,NA,NA,NA,NA,NA,NA,NA,NA,NA,NA,NA,NA,NA,NA,NA,NA,NA,NA,NA,NA,NA,NA,NA,NA,NA,NA,NA,NA,NA,NA,NA,NA,NA,NA,NA,NA,NA,NA,NA,NA,NA,NA,NA,High,High,High,NA,NA,NA,NA,NA,42.355581,52.261576,1736.77815,0.612058,7:30:00,-0.76989,0.433631,0.468223,-55.179532,-9.805653,-0.046929,160.965879,42.78886,0.239335,0.679299,-0.693738,44.397491,13.84731,0.679299,0.239335,0.693738,-44.397491,-13.84731,-0.679299,-0.239335,0.693738,-160.965879,-42.78886,-0.239335,-0.679299,-0.693738
6,2025-09-12,10:16:53,2,3,"Beversdorf, Alec",NA,Right,TEX_BOB,"Beversdorf, Alec",NA,Right,TEX_BOB,Undefined,1,Top,1,2,0,Fastball,Four-Seam,StrikeCalled,Undefined,Undefined,Undefined,0,0,NA,89.81722,-2.081954,-3.02563,2529.222585,222.595529,1:30:00,5.68771,1.16769,5.92692,-17.4791,17.38588,14.89284,2.29571,-0.40136,81.60824,-5.410361,-0.354707,0.424978,NA,NA,NA,NA,NA,NA,NA,NA,NA,NA,NA,-8.47166,9.85552,-0.93369,50,5.51099,6.23571,-130.17373,-5.24777,-14.45532,28.74708,-15.35737,TEX_BOB,TEX_BOB,TexasStateUniversity,TeamExclusive,Team,20250912-TexasStateUniversity-Private-1,840286d0-8feb-11f0-8c90-43581a9f29b1,88.69276,NA,NA,8.20898,NA,NA,NA,NA,NA,NA,56f72758-e25f-40a1-9430-d5cf7cab78a7,2025-09-12,15:16:53,2025-09-12T15:16:53Z,2025-09-12T15:16:53Z,NA,v3,471452,471452,NA,"Kerbow, Dylan",701749,Right,TEX_BOB,dd6066eb-2718-4da8-b2c0-e96844e748de,54.57253,-131.17963,14.37354,5.68521,-4.7104,-7.67868,-1.16074,6.74152,-7.22766,NA,NA,NA,NA,NA,NA,NA,NA,NA,NA,NA,NA,NA,NA,NA,NA,NA,NA,NA,NA,NA,NA,NA,NA,NA,NA,NA,NA,NA,NA,NA,NA,NA,NA,NA,NA,NA,NA,NA,NA,NA,NA,NA,NA,NA,NA,NA,NA,NA,NA,High,High,High,NA,NA,NA,NA,NA,NA,NA,NA,NA,NA,NA,NA,NA,NA,NA,NA,NA,NA,NA,NA,NA,NA,NA,NA,NA,NA,NA,NA,NA,NA,NA,NA,NA,NA,NA,NA
7,2025-09-12,10:17:08,2,4,"Beversdorf, Alec",NA,Right,TEX_BOB,"Beversdorf, Alec",NA,Right,TEX_BOB,Undefined,1,Top,1,2,1,Curveball,Curveball,BallCalled,Undefined,Undefined,Undefined,0,0,NA,77.89766,1.490218,-0.824027,2877.121064,53.834197,7:45:00,5.84823,1.16084,5.9086,-56.3433,-9.82591,-15.59269,2.53668,-0.90349,71.01315,-8.850248,-3.627471,0.490884,NA,NA,NA,NA,NA,NA,NA,NA,NA,NA,NA,7.68056,-4.96914,-1.08601,50,5.93636,2.21364,-113.10675,1.11726,9.81058,23.32178,-38.52126,TEX_BOB,TEX_BOB,TexasStateUniversity,TeamExclusive,Team,20250912-TexasStateUniversity-Private-1,8d192fd0-8feb-11f0-8c90-43581a9f29b1,76.78479,NA,NA,6.8845,NA,NA,NA,NA,NA,NA,56f72758-e25f-40a1-9430-d5cf7cab78a7,2025-09-12,15:17:08,2025-09-12T15:17:08Z,2025-09-12T15:17:08Z,NA,v3,471452,471452,NA,"Kerbow, Dylan",701749,Right,TEX_BOB,bb414af3-73f0-4d20-8e91-2682a9c358ac,54.59462,-114.05019,11.66089,5.85964,2.67557,-19.26063,-1.16753,1.81677,4.90529,NA,NA,NA,NA,NA,NA,NA,NA,NA,NA,NA,NA,NA,NA,NA,NA,NA,NA,NA,NA,NA,NA,NA,NA,NA,NA,NA,NA,NA,NA,NA,NA,NA,NA,NA,NA,NA,NA,NA,NA,NA,NA,NA,NA,NA,NA,NA,NA,NA,NA,High,High,High,NA,NA,NA,NA,NA,43.734307,54.23204,1681.688848,0.584504,7:30:00,-0.794451,0.425041,0.433806,66.676529,-44.594323,55.587775,160.793858,44.555193,0.234414,0.701596,-0.672914,46.195431,13.557098,0.701596,0.234414,0.672914,-46.195431,-13.557098,-0.701596,-0.234414,0.672914,-160.793858,-44.555193,-0.234414,-0.701596,-0.672914
8,2025-09-12,10:17:22,2,5,"Beversdorf, Alec",NA,Right,TEX_BOB,"Beversdorf, Alec",NA,Right,TEX_BOB,Undefined,1,Top,1,3,1,Curveball,Curveball,StrikeCalled,Undefined,Undefined,Undefined,0,0,NA,76.89398,2.427501,-0.339347,2778.153991,50.421674,7:45:00,5.85983,1.17347,5.32513,-59.35653,-10.3976,-14.64422,3.19286,-0.36533,69.75963,-8.371267,-2.942637,0.503602,NA,NA,NA,NA,NA,NA,NA,NA,NA,NA,NA,7.17268,-5.40099,-1.13199,50,6.03706,1.24767,-111.4552,2.65832,8.88398,22.89956,-38.8636,TEX_BOB,TEX_BOB,TexasStateUniversity,TeamExclusive,Team,20250912-TexasStateUniversity-Private-1,94f77fe0-8feb-11f0-8c90-43581a9f29b1,74.8457,NA,NA,7.13435,NA,NA,NA,NA,NA,NA,56f72758-e25f-40a1-9430-d5cf7cab78a7,2025-09-12,15:17:22,2025-09-12T15:17:22Z,2025-09-12T15:17:22Z,NA,v3,471452,471452,NA,"Kerbow, Dylan",701749,Right,TEX_BOB,37d75291-13a2-4b26-a39d-dc41f18b0585,55.17746,-112.51393,11.44978,5.87262,4.45512,-19.4318,-1.18018,0.83693,4.44199,NA,NA,NA,NA,NA,NA,NA,NA,NA,NA,NA,NA,NA,NA,NA,NA,NA,NA,NA,NA,NA,NA,NA,NA,NA,NA,NA,NA,NA,NA,NA,NA,NA,NA,NA,NA,NA,NA,NA,NA,NA,NA,NA,NA,NA,NA,NA,NA,NA,NA,High,High,High,NA,NA,NA,NA,NA,41.565724,44.688235,1975.1116,0.710944,7:30:00,-0.679476,0.501059,0.535958,-83.669788,12.624019,7.142869,152.537033,45.597744,0.32268,0.714445,-0.620843,49.009826,18.825099,0.714445,0.32268,0.620843,-49.009826,-18.825099,-0.714445,-0.32268,0.620843,-152.537033,-45.597744,-0.32268,-0.714445,-0.620843
9,2025-09-12,10:17:36,2,6,"Beversdorf, Alec",NA,Right,TEX_BOB,"Beversdorf, Alec",NA,Right,TEX_BOB,Undefined,1,Top,1,3,2,Fastball,Four-Seam,BallCalled,Walk,Undefined,Undefined,0,0,NA,89.58956,0.052783,-3.602858,2609.571115,224.794749,1:30:00,5.73134,1.17784,6.26022,-20.7821,13.75902,12.52942,4.04826,-1.1046,81.39552,-3.895645,-1.344792,0.422999,NA,NA,NA,NA,NA,NA,NA,NA,NA,NA,NA,-7.4867,7.4528,-0.91588,50,5.72497,7.65903,-129.93056,-0.48881,-12.74554,28.27212,-19.48627,TEX_BOB,TEX_BOB,TexasStateUniversity,TeamExclusive,Team,20250912-TexasStateUniversity-Private-1,9db2e980-8feb-11f0-8c90-43581a9f29b1,89.1076,NA,NA,8.19404,NA,NA,NA,NA,NA,NA,56f72758-e25f-40a1-9430-d5cf7cab78a7,2025-09-12,15:17:36,2025-09-12T15:17:36Z,2025-09-12T15:17:36Z,NA,v3,471452,471452,NA,"Kerbow, Dylan",701749,Right,TEX_BOB,e0eff41b-c16b-40bf-ab1e-1a13b986a309,54.2389,-130.84966,14.13606,5.73056,0.14468,-9.74314,-1.17161,8.07338,-6.37277,NA,NA,NA,NA,NA,NA,NA,NA,NA,NA,NA,NA,NA,NA,NA,NA,NA,NA,NA,NA,NA,NA,NA,NA,NA,NA,NA,NA,NA,NA,NA,NA,NA,NA,NA,NA,NA,NA,NA,NA,NA,NA,NA,NA,NA,NA,NA,NA,NA,NA,High,High,High,NA,NA,NA,NA,NA,226.445866,34.115641,2160.482871,0.827907,1:30:00,-0.596156,-0.599487,-0.534054,-56.466653,24.56143,-9.009443,166.533882,-11.37403,0.228297,-0.197213,-0.953408,11.686838,-13.196824,0.197213,-0.228297,0.953408,-11.686838,13.196824,-0.197213,0.228297,0.953408,-166.533882,11.37403,-0.228297,0.197213,-0.953408
10,2025-09-12,10:17:53,3,1,"Beversdorf, Alec",NA,Right,TEX_BOB,"Beversdorf, Alec",NA,Left,TEX_BOB,Undefined,1,Top,1,0,0,Fastball,Sinker,StrikeCalled,Undefined,Undefined,Undefined,0,0,NA,89.18337,-1.32794,-3.189902,2504.442448,237.744284,2:00:00,5.67533,1.22919,5.84468,-23.14651,12.40099,17.69942,2.5102,-0.26345,80.86203,-5.674262,-0.019886,0.429117,NA,NA,NA,NA,NA,NA,NA,NA,NA,NA,NA,-9.9243,7.09587,-0.9793,50,5.55359,6.42746,-129.24111,-3.75324,-16.6473,29.00937,-20.2712,TEX_BOB,TEX_BOB,TexasStateUniversity,TeamExclusive,Team,20250912-TexasStateUniversity-Private-1,a7f8c3b0-8feb-11f0-8c90-43581a9f29b1,87.83715,NA,NA,8.32134,NA,NA,NA,NA,NA,NA,56f72758-e25f-40a1-9430-d5cf7cab78a7,2025-09-12,15:17:53,2025-09-12T15:17:53Z,2025-09-12T15:17:53Z,NA,v3,471452,471452,NA,"Kerbow, Dylan",701749,Right,TEX_BOB,50124804-c02d-4d13-b295-2d31ac0ed6f2,54.65456,-130.28167,14.50469,5.67518,-3.02611,-10.1356,-1.22057,7.0246,-8.32365,NA,NA,NA,NA,NA,NA,NA,NA,NA,NA,NA,NA,NA,NA,NA,NA,NA,NA,NA,NA,NA,NA,NA,NA,NA,NA,NA,NA,NA,NA,NA,NA,NA,NA,NA,NA,NA,NA,NA,NA,NA,NA,NA,NA,NA,NA,NA,NA,NA,NA,High,High,High,NA,NA,NA,NA,NA,231.662954,27.045837,2230.56425,0.890643,1:45:00,-0.468453,-0.708949,-0.527203,-32.310456,37.593175,22.59003,166.257984,-2.972797,0.237231,-0.051862,-0.970068,3.060236,-13.723161,0.051862,-0.237231,0.970068,-3.060236,13.723161,-0.051862,0.237231,0.970068,-166.257984,2.972797,-0.237231,0.051862,-0.970068
11,2025-09-12,10:18:15,3,2,"Beversdorf, Alec",NA,Right,TEX_BOB,"Beversdorf, Alec",NA,Left,TEX_BOB,Undefined,1,Top,1,0,1,Slider,Curveball,BallCalled,Undefined,Undefined,Undefined,0,0,NA,78.07426,2.321573,0.309734,2593.457799,55.905421,7:45:00,5.66558,1.32001,5.16912,-53.97038,-6.51827,-11.95453,3.3542,0.61531,71.11783,-7.47994,-1.808714,0.495792,NA,NA,NA,NA,NA,NA,NA,NA,NA,NA,NA,6.0074,-3.40886,-1.33947,50,5.84095,-0.11899,-113.1963,2.65944,7.73428,22.15455,-36.56282,TEX_BOB,TEX_BOB,TexasStateUniversity,TeamExclusive,Team,20250912-TexasStateUniversity-Private-1,b4e74fb0-8feb-11f0-8c90-43581a9f29b1,76.02477,NA,NA,6.95642,NA,NA,NA,NA,NA,NA,56f72758-e25f-40a1-9430-d5cf7cab78a7,2025-09-12,15:18:15,2025-09-12T15:18:15Z,2025-09-12T15:18:15Z,NA,v3,471452,471452,NA,"Kerbow, Dylan",701749,Right,TEX_BOB,2d7e3662-56c6-4d7b-bf62-1952cc1e4d13,55.33284,-114.23527,11.07727,5.67602,4.3741,-18.28141,-1.32538,-0.4817,3.86714,NA,NA,NA,NA,NA,NA,NA,NA,NA,NA,NA,NA,NA,NA,NA,NA,NA,NA,NA,NA,NA,NA,NA,NA,NA,NA,NA,NA,NA,NA,NA,NA,NA,NA,NA,NA,NA,NA,NA,NA,NA,NA,NA,NA,NA,NA,NA,NA,NA,NA,High,High,High,NA,NA,NA,NA,NA,53.809868,61.277565,1246.330027,0.480567,7:45:00,-0.862049,0.423053,0.279103,-106.803588,8.402459,20.208131,148.71847,44.156196,0.372528,0.696617,-0.613146,48.646513,21.871606,0.696617,0.372528,0.613146,-48.646513,-21.871606,-0.696617,-0.372528,0.613146,-148.71847,-44.156196,-0.372528,-0.696617,-0.613146
12,2025-09-12,10:18:29,3,3,"Beversdorf, Alec",NA,Right,TEX_BOB,"Beversdorf, Alec",NA,Left,TEX_BOB,Undefined,1,Top,1,1,1,Slider,Curveball,StrikeCalled,Undefined,Undefined,Undefined,0,0,NA,79.27534,0.57632,0.213487,2691.104049,62.503915,8:00:00,5.46627,1.48417,5.37424,-50.27007,-4.90111,-12.15379,1.81746,0.67151,72.84553,-8.557878,-1.951522,0.484787,NA,NA,NA,NA,NA,NA,NA,NA,NA,NA,NA,6.15079,-2.16705,-1.49448,50,5.48232,0.0599,-115.13,-0.60477,8.23318,21.91621,-35.07474,TEX_BOB,TEX_BOB,TexasStateUniversity,TeamExclusive,Team,20250912-TexasStateUniversity-Private-1,bd210630-8feb-11f0-8c90-43581a9f29b1,77.75054,NA,NA,6.42982,NA,NA,NA,NA,NA,NA,56f72758-e25f-40a1-9430-d5cf7cab78a7,2025-09-12,15:18:29,2025-09-12T15:18:29Z,2025-09-12T15:18:29Z,NA,v3,471452,471452,NA,"Kerbow, Dylan",701749,Right,TEX_BOB,75484e3a-7ee5-4f56-abc8-7ca939a410b0,55.12856,-116.10217,10.9581,5.47464,0.9511,-17.53737,-1.48904,-0.30531,4.11659,NA,NA,NA,NA,NA,NA,NA,NA,NA,NA,NA,NA,NA,NA,NA,NA,NA,NA,NA,NA,NA,NA,NA,NA,NA,NA,NA,NA,NA,NA,NA,NA,NA,NA,NA,NA,NA,NA,NA,NA,NA,NA,NA,NA,NA,NA,NA,NA,NA,NA,High,High,High,NA,NA,NA,NA,NA,53.798844,63.979528,1180.566531,0.438692,7:45:00,-0.89599,0.363023,0.255765,-121.907965,18.48449,24.313429,145.513951,45.528782,0.396656,0.713602,-0.577439,51.020612,23.369283,0.713602,0.396656,0.577439,-51.020612,-23.369283,-0.713602,-0.396656,0.577439,-145.513951,-45.528782,-0.396656,-0.713602,-0.577439
13,2025-09-12,10:18:44,3,4,"Beversdorf, Alec",NA,Right,TEX_BOB,"Beversdorf, Alec",NA,Left,TEX_BOB,Undefined,1,Top,1,1,2,Fastball,Sinker,StrikeCalled,Strikeout,Undefined,Undefined,0,0,NA,88.75384,-1.172507,-3.660362,2543.521207,236.773816,2:00:00,5.54017,1.20594,5.82637,-22.29304,13.63709,18.91788,2.58999,-0.62512,80.43497,-5.369105,-0.276055,0.431421,NA,NA,NA,NA,NA,NA,NA,NA,NA,NA,NA,-10.70127,7.67331,-0.91742,50,5.43108,7.40515,-128.57641,-3.34832,-17.77194,28.63581,-19.43076,TEX_BOB,TEX_BOB,TexasStateUniversity,TeamExclusive,Team,20250912-TexasStateUniversity-Private-1,c5d73fb0-8feb-11f0-8c90-43581a9f29b1,87.36817,NA,NA,8.31887,NA,NA,NA,NA,NA,NA,56f72758-e25f-40a1-9430-d5cf7cab78a7,2025-09-12,15:18:44,2025-09-12T15:18:44Z,2025-09-12T15:18:44Z,NA,v3,471452,471452,NA,"Kerbow, Dylan",701749,Right,TEX_BOB,b6eee645-b99c-401a-824a-6dace9d8af74,54.67355,-129.61309,14.31791,5.53956,-2.64488,-9.71538,-1.19716,8.04854,-8.88597,NA,NA,NA,NA,NA,NA,NA,NA,NA,NA,NA,NA,NA,NA,NA,NA,NA,NA,NA,NA,NA,NA,NA,NA,NA,NA,NA,NA,NA,NA,NA,NA,NA,NA,NA,NA,NA,NA,NA,NA,NA,NA,NA,NA,NA,NA,NA,NA,NA,NA,High,High,High,NA,NA,NA,NA,NA,233.146897,27.227888,2261.68325,0.889194,1:45:00,-0.476019,-0.720725,-0.503946,-18.901219,42.141547,39.580414,164.050885,-3.572251,0.27425,-0.062307,-0.959638,3.714873,-15.917303,0.062307,-0.27425,0.959638,-3.714873,15.917303,-0.062307,0.27425,0.959638,-164.050885,3.572251,-0.27425,0.062307,-0.959638
14,2025-09-12,10:18:57,4,1,"Beversdorf, Alec",NA,Right,TEX_BOB,"Beversdorf, Alec",NA,Left,TEX_BOB,Undefined,1,Top,2,0,0,Slider,Curveball,BallCalled,Undefined,Undefined,Undefined,0,0,NA,79.81667,1.026804,-2.515716,2780.466642,39.405632,7:15:00,5.62086,1.32758,5.65595,-47.85916,-3.53335,-4.03134,2.59126,-1.35613,73.30499,-7.720295,-3.235507,0.479181,NA,NA,NA,NA,NA,NA,NA,NA,NA,NA,NA,1.32831,-1.62532,-1.1118,50,5.67771,5.24759,-115.83302,0.4602,1.80226,21.91154,-34.37928,TEX_BOB,TEX_BOB,TexasStateUniversity,TeamExclusive,Team,20250912-TexasStateUniversity-Private-1,cdf35c10-8feb-11f0-8c90-43581a9f29b1,78.66009,NA,NA,6.51168,NA,NA,NA,NA,NA,NA,56f72758-e25f-40a1-9430-d5cf7cab78a7,2025-09-12,15:18:57,2025-09-12T15:18:57Z,2025-09-12T15:18:57Z,NA,v3,471452,471452,NA,"Kerbow, Dylan",701749,Right,TEX_BOB,c077fab9-17e0-4e86-b021-96b7dba835e0,54.84591,-116.7461,10.95577,5.62869,1.89282,-17.18964,-1.32891,5.17248,0.90113,NA,NA,NA,NA,NA,NA,NA,NA,NA,NA,NA,NA,NA,NA,NA,NA,NA,NA,NA,NA,NA,NA,NA,NA,NA,NA,NA,NA,NA,NA,NA,NA,NA,NA,NA,NA,NA,NA,NA,NA,NA,NA,NA,NA,NA,NA,NA,NA,NA,NA,High,High,High,NA,NA,NA,NA,NA,54.074981,73.161793,805.418086,0.28967,7:45:00,-0.944391,0.251685,0.211613,-34.036819,50.990388,-85.290393,148.926844,43.983652,0.371377,0.694453,-0.616291,48.412624,21.800543,0.694453,0.371377,0.616291,-48.412624,-21.800543,-0.694453,-0.371377,0.616291,-148.926844,-43.983652,-0.371377,-0.694453,-0.616291
15,2025-09-12,10:19:13,4,2,"Beversdorf, Alec",NA,Right,TEX_BOB,"Beversdorf, Alec",NA,Left,TEX_BOB,Undefined,1,Top,2,1,0,Slider,Curveball,BallCalled,Undefined,Undefined,Undefined,0,0,NA,79.21208,0.286403,-1.972697,2807.880104,73.381191,8:30:00,5.54115,1.40268,5.63822,-46.54388,-1.32925,-9.36146,1.92986,-1.2186,72.55085,-8.227964,-3.645236,0.483962,NA,NA,NA,NA,NA,NA,NA,NA,NA,NA,NA,4.14929,-0.29114,-1.2289,50,5.53597,4.32457,-114.94894,-0.97555,5.51501,22.62208,-32.56102,TEX_BOB,TEX_BOB,TexasStateUniversity,TeamExclusive,Team,20250912-TexasStateUniversity-Private-1,d710bbd0-8feb-11f0-8c90-43581a9f29b1,77.88309,NA,NA,6.66124,NA,NA,NA,NA,NA,NA,56f72758-e25f-40a1-9430-d5cf7cab78a7,2025-09-12,15:19:13,2025-09-12T15:19:13Z,2025-09-12T15:19:13Z,NA,v3,471452,471452,NA,"Kerbow, Dylan",701749,Right,TEX_BOB,9190f54b-7cf5-408e-82b5-7c8f196cb46b,54.86296,-115.90202,11.31104,5.54818,0.39626,-16.28051,-1.4062,4.09222,2.75751,NA,NA,NA,NA,NA,NA,NA,NA,NA,NA,NA,NA,NA,NA,NA,NA,NA,NA,NA,NA,NA,NA,NA,NA,NA,NA,NA,NA,NA,NA,NA,NA,NA,NA,NA,NA,NA,NA,NA,NA,NA,NA,NA,NA,NA,NA,NA,NA,NA,NA,High,High,High,NA,NA,NA,NA,NA,54.147847,67.816209,1060.196098,0.377579,7:45:00,-0.916276,0.310664,0.252837,-30.816652,52.92973,-84.523069,143.377552,42.360281,0.440796,0.67379,-0.593047,48.646862,26.154707,0.67379,0.440796,0.593047,-48.646862,-26.154707,-0.67379,-0.440796,0.593047,-143.377552,-42.360281,-0.440796,-0.67379,-0.593047
16,2025-09-12,10:19:26,4,3,"Beversdorf, Alec",NA,Right,TEX_BOB,"Beversdorf, Alec",NA,Left,TEX_BOB,Undefined,1,Top,2,2,0,Fastball,Four-Seam,BallCalled,Undefined,Undefined,Undefined,3,0,NA,88.7635,-1.490476,-4.265798,2576.955269,222.855732,1:30:00,5.6691,1.11458,6.01658,-18.99182,16.70186,14.35253,2.7016,-1.6483,80.4736,-5.105665,-1.693517,0.429999,NA,NA,NA,NA,NA,NA,NA,NA,NA,NA,NA,-8.58697,9.3726,-0.78694,50,5.54148,8.97414,-128.50539,-3.9013,-14.26166,28.31428,-16.60757,TEX_BOB,TEX_BOB,TexasStateUniversity,TeamExclusive,Team,20250912-TexasStateUniversity-Private-1,df30f6e0-8feb-11f0-8c90-43581a9f29b1,87.6571,NA,NA,8.28991,NA,NA,NA,NA,NA,NA,56f72758-e25f-40a1-9430-d5cf7cab78a7,2025-09-12,15:19:26,2025-09-12T15:19:26Z,2025-09-12T15:19:26Z,NA,v3,471452,471452,NA,"Kerbow, Dylan",701749,Right,TEX_BOB,379c3033-1b0e-412c-aba6-653d22739503,54.48233,-129.48924,14.15714,5.66701,-3.32423,-8.30379,-1.10738,9.46969,-7.13083,NA,NA,NA,NA,NA,NA,NA,NA,NA,NA,NA,NA,NA,NA,NA,NA,NA,NA,NA,NA,NA,NA,NA,NA,NA,NA,NA,NA,NA,NA,NA,NA,NA,NA,NA,NA,NA,NA,NA,NA,NA,NA,NA,NA,NA,NA,NA,NA,NA,NA,High,High,High,NA,NA,NA,NA,NA,231.932983,32.272963,2178.851478,0.845514,1:45:00,-0.553806,-0.679328,-0.481469,-41.961918,34.162309,6.586929,165.562376,-2.726135,0.249044,-0.047562,-0.967324,2.814894,-14.42093,0.047562,-0.249044,0.967324,-2.814894,14.42093,-0.047562,0.249044,0.967324,-165.562376,2.726135,-0.249044,0.047562,-0.967324
,,,,,,,,,,,,,,,,,,,,,,,,,,,,,,,,,,,,,,,,,,,,,,,,,,,,,,,,,,,,,,,,,,,,,,,,,,,,,,,,,,,,,,,,,,,,,,,,,,,,,,,,,,,,,,,,,,,,,,,,,,,,,,,,,,,,,,,,,,,,,,,,,,,,,,,,,,,,,,,,,,,,,,,,,,,,,,,,,,,,,,,,,,,,,,,,,,,,,
,,,,,,,,,,,,,,,,,,,,,,,,,,,,,,,,,,,,,,,,,,,,,,,,,,,,,,,,,,,,,,,,,,,,,,,,,,,,,,,,,,,,,,,,,,,,,,,,,,,,,,,,,,,,,,,,,,,,,,,,,,,,,,,,,,,,,,,,,,,,,,,,,,,,,,,,,,,,,,,,,,,,,,,,,,,,,,,,,,,,,,,,,,,,,,,,,,,,,
,,,,,,,,,,,,,,,,,,,,,,,,,,,,,,,,,,,,,,,,,,,,,,,,,,,,,,,,,,,,,,,,,,,,,,,,,,,,,,,,,,,,,,,,,,,,,,,,,,,,,,,,,,,,,,,,,,,,,,,,,,,,,,,,,,,,,,,,,,,,,,,,,,,,,,,,,,,,,,,,,,,,,,,,,,,,,,,,,,,,,,,,,,,,,,,,,,,,,
,,,,,,,,,,,,,,,,,,,,,,,,,,,,,,,,,,,,,,,,,,,,,,,,,,,,,,,,,,,,,,,,,,,,,,,,,,,,,,,,,,,,,,,,,,,,,,,,,,,,,,,,,,,,,,,,,,,,,,,,,,,,,,,,,,,,,,,,,,,,,,,,,,,,,,,,,,,,,,,,,,,,,,,,,,,,,,,,,,,,,,,,,,,,,,,,,,,,,
,,,,,,,,,,,,,,,,,,,,,,,,,,,,,,,,,,,,,,,,,,,,,,,,,,,,,,,,,,,,,,,,,,,,,,,,,,,,,,,,,,,,,,,,,,,,,,,,,,,,,,,,,,,,,,,,,,,,,,,,,,,,,,,,,,,,,,,,,,,,,,,,,,,,,,,,,,,,,,,,,,,,,,,,,,,,,,,,,,,,,,,,,,,,,,,,,,,,,
,,,,,,,,,,,,,,,,,,,,,,,,,,,,,,,,,,,,,,,,,,,,,,,,,,,,,,,,,,,,,,,,,,,,,,,,,,,,,,,,,,,,,,,,,,,,,,,,,,,,,,,,,,,,,,,,,,,,,,,,,,,,,,,,,,,,,,,,,,,,,,,,,,,,,,,,,,,,,,,,,,,,,,,,,,,,,,,,,,,,,,,,,,,,,,,,,,,,,
,,,,,,,,,,,,,,,,,,,,,,,,,,,,,,,,,,,,,,,,,,,,,,,,,,,,,,,,,,,,,,,,,,,,,,,,,,,,,,,,,,,,,,,,,,,,,,,,,,,,,,,,,,,,,,,,,,,,,,,,,,,,,,,,,,,,,,,,,,,,,,,,,,,,,,,,,,,,,,,,,,,,,,,,,,,,,,,,,,,,,,,,,,,,,,,,,,,,,
,,,,,,,,,,,,,,,,,,,,,,,,,,,,,,,,,,,,,,,,,,,,,,,,,,,,,,,,,,,,,,,,,,,,,,,,,,,,,,,,,,,,,,,,,,,,,,,,,,,,,,,,,,,,,,,,,,,,,,,,,,,,,,,,,,,,,,,,,,,,,,,,,,,,,,,,,,,,,,,,,,,,,,,,,,,,,,,,,,,,,,,,,,,,,,,,,,,,,
,,,,,,,,,,,,,,,,,,,,,,,,,,,,,,,,,,,,,,,,,,,,,,,,,,,,,,,,,,,,,,,,,,,,,,,,,,,,,,,,,,,,,,,,,,,,,,,,,,,,,,,,,,,,,,,,,,,,,,,,,,,,,,,,,,,,,,,,,,,,,,,,,,,,,,,,,,,,,,,,,,,,,,,,,,,,,,,,,,,,,,,,,,,,,,,,,,,,,
,,,,,,,,,,,,,,,,,,,,,,,,,,,,,,,,,,,,,,,,,,,,,,,,,,,,,,,,,,,,,,,,,,,,,,,,,,,,,,,,,,,,,,,,,,,,,,,,,,,,,,,,,,,,,,,,,,,,,,,,,,,,,,,,,,,,,,,,,,,,,,,,,,,,,,,,,,,,,,,,,,,,,,,,,,,,,,,,,,,,,,,,,,,,,,,,,,,,,
,,,,,,,,,,,,,,,,,,,,,,,,,,,,,,,,,,,,,,,,,,,,,,,,,,,,,,,,,,,,,,,,,,,,,,,,,,,,,,,,,,,,,,,,,,,,,,,,,,,,,,,,,,,,,,,,,,,,,,,,,,,,,,,,,,,,,,,,,,,,,,,,,,,,,,,,,,,,,,,,,,,,,,,,,,,,,,,,,,,,,,,,,,,,,,,,,,,,,
,,,,,,,,,,,,,,,,,,,,,,,,,,,,,,,,,,,,,,,,,,,,,,,,,,,,,,,,,,,,,,,,,,,,,,,,,,,,,,,,,,,,,,,,,,,,,,,,,,,,,,,,,,,,,,,,,,,,,,,,,,,,,,,,,,,,,,,,,,,,,,,,,,,,,,,,,,,,,,,,,,,,,,,,,,,,,,,,,,,,,,,,,,,,,,,,,,,,,
,,,,,,,,,,,,,,,,,,,,,,,,,,,,,,,,,,,,,,,,,,,,,,,,,,,,,,,,,,,,,,,,,,,,,,,,,,,,,,,,,,,,,,,,,,,,,,,,,,,,,,,,,,,,,,,,,,,,,,,,,,,,,,,,,,,,,,,,,,,,,,,,,,,,,,,,,,,,,,,,,,,,,,,,,,,,,,,,,,,,,,,,,,,,,,,,,,,,,
,,,,,,,,,,,,,,,,,,,,,,,,,,,,,,,,,,,,,,,,,,,,,,,,,,,,,,,,,,,,,,,,,,,,,,,,,,,,,,,,,,,,,,,,,,,,,,,,,,,,,,,,,,,,,,,,,,,,,,,,,,,,,,,,,,,,,,,,,,,,,,,,,,,,,,,,,,,,,,,,,,,,,,,,,,,,,,,,,,,,,,,,,,,,,,,,,,,,,
,,,,,,,,,,,,,,,,,,,,,,,,,,,,,,,,,,,,,,,,,,,,,,,,,,,,,,,,,,,,,,,,,,,,,,,,,,,,,,,,,,,,,,,,,,,,,,,,,,,,,,,,,,,,,,,,,,,,,,,,,,,,,,,,,,,,,,,,,,,,,,,,,,,,,,,,,,,,,,,,,,,,,,,,,,,,,,,,,,,,,,,,,,,,,,,,,,,,,
,,,,,,,,,,,,,,,,,,,,,,,,,,,,,,,,,,,,,,,,,,,,,,,,,,,,,,,,,,,,,,,,,,,,,,,,,,,,,,,,,,,,,,,,,,,,,,,,,,,,,,,,,,,,,,,,,,,,,,,,,,,,,,,,,,,,,,,,,,,,,,,,,,,,,,,,,,,,,,,,,,,,,,,,,,,,,,,,,,,,,,,,,,,,,,,,,,,,,
,,,,,,,,,,,,,,,,,,,,,,,,,,,,,,,,,,,,,,,,,,,,,,,,,,,,,,,,,,,,,,,,,,,,,,,,,,,,,,,,,,,,,,,,,,,,,,,,,,,,,,,,,,,,,,,,,,,,,,,,,,,,,,,,,,,,,,,,,,,,,,,,,,,,,,,,,,,,,,,,,,,,,,,,,,,,,,,,,,,,,,,,,,,,,,,,,,,,,
,,,,,,,,,,,,,,,,,,,,,,,,,,,,,,,,,,,,,,,,,,,,,,,,,,,,,,,,,,,,,,,,,,,,,,,,,,,,,,,,,,,,,,,,,,,,,,,,,,,,,,,,,,,,,,,,,,,,,,,,,,,,,,,,,,,,,,,,,,,,,,,,,,,,,,,,,,,,,,,,,,,,,,,,,,,,,,,,,,,,,,,,,,,,,,,,,,,,,
35,2025-09-12,10:28:38,1,1,"Beversdorf, Alec",NA,Right,TEX_BOB,"Beversdorf, Alec",NA,Left,TEX_BOB,Undefined,2,Top,0,0,0,Sinker,Sinker,StrikeCalled,Undefined,Undefined,Undefined,0,0,NA,88.73755,-0.686152,-2.737523,2215.331048,255.161954,2:30:00,5.53384,1.48038,5.32494,-30.31722,6.28748,18.95966,2.36274,0.48945,80.49134,-6.266256,0.628977,0.435452,NA,NA,NA,NA,NA,NA,NA,NA,NA,NA,NA,-10.28221,3.74366,-1.24654,50,5.45009,5.27786,-128.57704,-2.67894,-17.05919,28.88155,-25.96296,TEX_BOB,TEX_BOB,TexasStateUniversity,TeamExclusive,Team,20250912-TexasStateUniversity-Private-1,283f65f0-8fed-11f0-8c90-43581a9f29b1,86.55943,NA,NA,8.24621,NA,NA,NA,NA,NA,NA,56f72758-e25f-40a1-9430-d5cf7cab78a7,2025-09-12,15:28:38,2025-09-12T15:28:38Z,2025-09-12T15:28:38Z,NA,v3,471452,471452,NA,"Kerbow, Dylan",701749,Right,TEX_BOB,9bbdb3ce-9e7b-4d80-bf08-1f183d90a84b,55.17524,-129.73432,14.44077,5.53659,-1.63861,-12.98148,-1.47171,5.96142,-8.5296,NA,NA,NA,NA,NA,NA,NA,NA,NA,NA,NA,NA,NA,NA,NA,NA,NA,NA,NA,NA,NA,NA,NA,NA,NA,NA,NA,NA,NA,NA,NA,NA,NA,NA,NA,NA,NA,NA,NA,NA,NA,NA,NA,NA,NA,NA,NA,NA,NA,NA,High,High,High,NA,NA,NA,NA,NA,239.199206,11.943883,2167.370824,0.978351,2:00:00,-0.220577,-0.842775,-0.490995,-92.417825,-36.186122,83.8621,136.545347,80.126168,0.11794,0.985188,-0.12448,82.798751,6.773228,0.985188,0.11794,0.12448,-82.798751,-6.773228,-0.985188,-0.11794,0.12448,-136.545347,-80.126168,-0.11794,-0.985188,-0.12448
36,2025-09-12,10:28:53,1,2,"Beversdorf, Alec",NA,Right,TEX_BOB,"Beversdorf, Alec",NA,Left,TEX_BOB,Undefined,2,Top,0,0,1,Sinker,Sinker,StrikeCalled,Undefined,Undefined,Undefined,0,0,NA,89.45543,-0.656636,-2.98733,2331.843166,245.900474,2:15:00,5.53245,1.44032,5.39351,-26.20521,9.71882,18.9519,2.73241,0.21732,81.06614,-5.514977,0.379688,0.431384,NA,NA,NA,NA,NA,NA,NA,NA,NA,NA,NA,-10.37564,5.44705,-1.18702,50,5.45563,5.89386,-129.60397,-2.43838,-17.49983,29.20796,-22.98691,TEX_BOB,TEX_BOB,TexasStateUniversity,TeamExclusive,Team,20250912-TexasStateUniversity-Private-1,30cf04a0-8fed-11f0-8c90-43581a9f29b1,87.3756,NA,NA,8.38929,NA,NA,NA,NA,NA,NA,56f72758-e25f-40a1-9430-d5cf7cab78a7,2025-09-12,15:28:53,2025-09-12T15:28:53Z,2025-09-12T15:28:53Z,NA,v3,471452,471452,NA,"Kerbow, Dylan",701749,Right,TEX_BOB,a54e9b30-bad8-454d-ba67-b8972f0328f5,55.1065,-130.74972,14.60398,5.53359,-1.53666,-11.49346,-1.43168,6.58033,-8.74991,NA,NA,NA,NA,NA,NA,NA,NA,NA,NA,NA,NA,NA,NA,NA,NA,NA,NA,NA,NA,NA,NA,NA,NA,NA,NA,NA,NA,NA,NA,NA,NA,NA,NA,NA,NA,NA,NA,NA,NA,NA,NA,NA,NA,NA,NA,NA,NA,NA,NA,High,High,High,NA,NA,NA,NA,NA,239.662663,13.055428,2271.569665,0.974152,2:00:00,-0.241592,-0.843292,-0.480096,-88.583701,-37.501658,81.720175,129.937087,79.081197,0.145236,0.981897,-0.121596,82.940557,8.350944,0.981897,0.145236,0.121596,-82.940557,-8.350944,-0.981897,-0.145236,0.121596,-129.937087,-79.081197,-0.145236,-0.981897,-0.121596
37,2025-09-12,10:29:07,1,3,"Beversdorf, Alec",NA,Right,TEX_BOB,"Beversdorf, Alec",NA,Left,TEX_BOB,Undefined,2,Top,0,0,2,Changeup,Changeup,BallCalled,Undefined,Undefined,Undefined,0,0,NA,85.36908,-0.148202,-2.319553,1980.175259,256.534963,2:30:00,5.53369,1.61145,6.11067,-32.52277,6.18524,19.83958,2.6863,1.11867,76.81139,-6.24117,1.256658,0.447788,NA,NA,NA,NA,NA,NA,NA,NA,NA,NA,NA,-10.90249,3.68961,-1.44289,50,5.50574,4.19912,-123.78275,-1.36055,-16.59021,29.13996,-26.55964,TEX_BOB,TEX_BOB,TexasStateUniversity,TeamExclusive,Team,20250912-TexasStateUniversity-Private-1,396fe160-8fed-11f0-8c90-43581a9f29b1,84.17483,NA,NA,8.55769,NA,NA,NA,NA,NA,NA,56f72758-e25f-40a1-9430-d5cf7cab78a7,2025-09-12,15:29:07,2025-09-12T15:29:07Z,2025-09-12T15:29:07Z,NA,v3,471452,471452,NA,"Kerbow, Dylan",701749,Right,TEX_BOB,ea11c756-16c0-41ef-a98f-2336c695b1f1,54.38788,-124.81143,14.56998,5.53722,-0.42296,-13.27982,-1.60147,4.78478,-8.29511,NA,NA,NA,NA,NA,NA,NA,NA,NA,NA,NA,NA,NA,NA,NA,NA,NA,NA,NA,NA,NA,NA,NA,NA,NA,NA,NA,NA,NA,NA,NA,NA,NA,NA,NA,NA,NA,NA,NA,NA,NA,NA,NA,NA,NA,NA,NA,NA,NA,NA,High,High,High,NA,NA,NA,NA,NA,236.552468,-14.903621,1913.561821,0.96636,2:00:00,0.237509,-0.805654,-0.542689,-80.129295,37.388305,63.188046,167.468634,-43.805472,0.156589,-0.692212,-0.704501,44.495881,-9.008959,0.692212,-0.156589,0.704501,-44.495881,9.008959,-0.692212,0.156589,0.704501,-167.468634,43.805472,-0.156589,0.692212,-0.704501
38,2025-09-12,10:29:21,1,4,"Beversdorf, Alec",NA,Right,TEX_BOB,"Beversdorf, Alec",NA,Left,TEX_BOB,Undefined,2,Top,0,1,2,Changeup,Changeup,StrikeCalled,Strikeout,Undefined,Undefined,0,0,NA,83.75663,-0.872616,-2.566552,2043.03504,250.453641,2:15:00,5.39502,1.58028,5.55836,-32.52809,8.5093,19.69147,1.86814,0.82159,75.51727,-6.906539,0.9464,0.461064,NA,NA,NA,NA,NA,NA,NA,NA,NA,NA,NA,-10.72812,5.03941,-1.37146,50,5.2985,4.60014,-121.3065,-2.94726,-15.71142,27.52719,-24.79376,TEX_BOB,TEX_BOB,TexasStateUniversity,TeamExclusive,Team,20250912-TexasStateUniversity-Private-1,41946230-8fed-11f0-8c90-43581a9f29b1,81.75098,NA,NA,8.23936,NA,NA,NA,NA,NA,NA,56f72758-e25f-40a1-9430-d5cf7cab78a7,2025-09-12,15:29:21,2025-09-12T15:29:21Z,2025-09-12T15:29:21Z,NA,v3,471452,471452,NA,"Kerbow, Dylan",701749,Right,TEX_BOB,f3017b69-3f47-415c-817f-64a9465cc8f6,54.94042,-122.42246,13.76359,5.39761,-1.94212,-12.39688,-1.57086,5.23708,-7.85571,NA,NA,NA,NA,NA,NA,NA,NA,NA,NA,NA,NA,NA,NA,NA,NA,NA,NA,NA,NA,NA,NA,NA,NA,NA,NA,NA,NA,NA,NA,NA,NA,NA,NA,NA,NA,NA,NA,NA,NA,NA,NA,NA,NA,NA,NA,NA,NA,NA,NA,High,High,High,NA,NA,NA,NA,NA,233.260885,-8.635927,2019.871972,0.988662,1:45:00,0.135559,-0.789903,-0.598061,-59.80392,46.572695,76.837939,174.386196,-41.426441,0.073348,-0.661658,-0.74621,41.563141,-4.206309,0.661658,-0.073348,0.74621,-41.563141,4.206309,-0.661658,0.073348,0.74621,-174.386196,41.426441,-0.073348,0.661658,-0.74621
39,2025-09-12,10:29:39,2,1,"Beversdorf, Alec",NA,Right,TEX_BOB,"Beversdorf, Alec",NA,Right,TEX_BOB,Undefined,2,Top,1,0,0,Sinker,Sinker,StrikeCalled,Undefined,Undefined,Undefined,0,0,NA,89.23687,-1.480735,-3.555872,2375.373424,252.349885,2:30:00,5.53063,1.45382,5.9416,-27.99088,7.28052,19.17887,1.82149,-0.2508,81.31493,-6.685765,-0.11423,0.427448,NA,NA,NA,NA,NA,NA,NA,NA,NA,NA,NA,-10.81642,4.53236,-1.18049,50,5.3967,7.21786,-129.35888,-4.3022,-18.23831,28.21804,-24.53169,TEX_BOB,TEX_BOB,TexasStateUniversity,TeamExclusive,Team,20250912-TexasStateUniversity-Private-1,4c76f190-8fed-11f0-8c90-43581a9f29b1,88.18024,NA,NA,7.92195,NA,NA,NA,NA,NA,NA,56f72758-e25f-40a1-9430-d5cf7cab78a7,2025-09-12,15:29:39,2025-09-12T15:29:39Z,2025-09-12T15:29:39Z,NA,v3,471452,471452,NA,"Kerbow, Dylan",701749,Right,TEX_BOB,2f879c16-f42d-4b3f-bb07-4f470709c787,54.55937,-130.34965,14.10902,5.53263,-3.44085,-12.26585,-1.44516,7.85824,-9.11915,NA,NA,NA,NA,NA,NA,NA,NA,NA,NA,NA,NA,NA,NA,NA,NA,NA,NA,NA,NA,NA,NA,NA,NA,NA,NA,NA,NA,NA,NA,NA,NA,NA,NA,NA,NA,NA,NA,NA,NA,NA,NA,NA,NA,NA,NA,NA,NA,NA,NA,High,High,High,NA,NA,NA,NA,NA,235.808348,20.344978,2227.188832,0.937616,1:45:00,-0.359564,-0.784286,-0.505578,73.172947,54.730583,60.012438,158.371103,76.917246,0.083434,0.974044,-0.21042,77.809856,4.785987,0.974044,0.083434,0.21042,-77.809856,-4.785987,-0.974044,-0.083434,0.21042,-158.371103,-76.917246,-0.083434,-0.974044,-0.21042
40,2025-09-12,10:29:53,2,2,"Beversdorf, Alec",NA,Right,TEX_BOB,"Beversdorf, Alec",NA,Right,TEX_BOB,Undefined,2,Top,1,0,1,Sinker,Changeup,StrikeCalled,Undefined,Undefined,Undefined,0,0,NA,85.24851,-0.257556,-2.694233,2088.840025,240.822937,2:00:00,5.42254,1.58327,5.59815,-27.61328,11.71965,18.50532,2.8807,0.60805,77.08176,-5.411917,0.606478,0.451388,NA,NA,NA,NA,NA,NA,NA,NA,NA,NA,NA,-10.12949,6.41839,-1.36419,50,5.38283,5.01583,-123.53769,-1.4696,-15.48006,27.16396,-22.36536,TEX_BOB,TEX_BOB,TexasStateUniversity,TeamExclusive,Team,20250912-TexasStateUniversity-Private-1,54a3d6d0-8fed-11f0-8c90-43581a9f29b1,83.50349,NA,NA,8.16675,NA,NA,NA,NA,NA,NA,56f72758-e25f-40a1-9430-d5cf7cab78a7,2025-09-12,15:29:53,2025-09-12T15:29:53Z,2025-09-12T15:29:53Z,NA,v3,471452,471452,NA,"Kerbow, Dylan",701749,Right,TEX_BOB,3b578da7-f10e-42c5-b921-ee9258655e21,54.90076,-124.61063,13.58198,5.42343,-0.5862,-11.18268,-1.57439,5.62727,-7.74003,NA,NA,NA,NA,NA,NA,NA,NA,NA,NA,NA,NA,NA,NA,NA,NA,NA,NA,NA,NA,NA,NA,NA,NA,NA,NA,NA,NA,NA,NA,NA,NA,NA,NA,NA,NA,NA,NA,NA,NA,NA,NA,NA,NA,NA,NA,NA,NA,NA,NA,High,High,High,NA,NA,NA,NA,NA,236.357291,-8.053535,2068.239045,0.990138,2:00:00,0.117858,-0.82366,-0.554702,-65.637122,47.423635,69.022775,173.624694,-41.488254,0.08318,-0.662466,-0.744459,41.664699,-4.771352,0.662466,-0.08318,0.744459,-41.664699,4.771352,-0.662466,0.08318,0.744459,-173.624694,41.488254,-0.08318,0.662466,-0.744459
41,2025-09-12,10:30:11,2,3,"Beversdorf, Alec",NA,Right,TEX_BOB,"Beversdorf, Alec",NA,Right,TEX_BOB,Undefined,2,Top,1,0,2,Changeup,Changeup,BallCalled,Undefined,Undefined,Undefined,0,0,NA,84.68318,-1.216312,-1.902122,1969.777281,245.002624,2:15:00,5.54841,1.62272,6.09564,-29.08191,9.94162,18.4291,1.99908,1.39844,76.92357,-6.661868,1.420279,0.449609,NA,NA,NA,NA,NA,NA,NA,NA,NA,NA,NA,-10.01654,5.91595,-1.48527,50,5.43953,3.34081,-122.88918,-3.50785,-15.16101,26.67371,-23.21966,TEX_BOB,TEX_BOB,TexasStateUniversity,TeamExclusive,Team,20250912-TexasStateUniversity-Private-1,5fc40b70-8fed-11f0-8c90-43581a9f29b1,83.83387,NA,NA,7.75961,NA,NA,NA,NA,NA,NA,56f72758-e25f-40a1-9430-d5cf7cab78a7,2025-09-12,15:30:11,2025-09-12T15:30:11Z,2025-09-12T15:30:11Z,NA,v3,471452,471452,NA,"Kerbow, Dylan",701749,Right,TEX_BOB,e74d1c24-3ba1-4886-ad2c-59a63c9a563f,54.40387,-123.84137,13.33686,5.54996,-2.67896,-11.60983,-1.61419,3.88202,-7.58051,NA,NA,NA,NA,NA,NA,NA,NA,NA,NA,NA,NA,NA,NA,NA,NA,NA,NA,NA,NA,NA,NA,NA,NA,NA,NA,NA,NA,NA,NA,NA,NA,NA,NA,NA,NA,NA,NA,NA,NA,NA,NA,NA,NA,NA,NA,NA,NA,NA,NA,High,High,High,NA,NA,NA,NA,NA,233.565469,-8.210731,1949.586079,0.989749,1:45:00,0.140086,-0.793078,-0.592792,-72.941879,45.527647,63.614492,177.51849,-44.332591,0.03097,-0.698822,-0.714625,44.359461,-1.774741,0.698822,-0.03097,0.714625,-44.359461,1.774741,-0.698822,0.03097,0.714625,-177.51849,44.332591,-0.03097,0.698822,-0.714625
42,2025-09-12,10:30:23,2,4,"Beversdorf, Alec",NA,Right,TEX_BOB,"Beversdorf, Alec",NA,Right,TEX_BOB,Undefined,2,Top,1,1,2,Sinker,Sinker,StrikeCalled,Strikeout,Undefined,Undefined,0,0,NA,88.6904,-0.318774,-2.733174,2358.211797,264.388265,2:45:00,5.52753,1.46863,5.50948,-33.32616,3.41225,20.74537,2.45189,0.63942,79.71705,-6.474449,0.963867,0.436246,NA,NA,NA,NA,NA,NA,NA,NA,NA,NA,NA,-11.3178,2.24366,-1.24413,50,5.47763,5.19149,-128.43236,-1.9513,-18.53592,31.42716,-28.49946,TEX_BOB,TEX_BOB,TexasStateUniversity,TeamExclusive,Team,20250912-TexasStateUniversity-Private-1,66f8fc20-8fed-11f0-8c90-43581a9f29b1,86.40177,NA,NA,8.97335,NA,NA,NA,NA,NA,NA,56f72758-e25f-40a1-9430-d5cf7cab78a7,2025-09-12,15:30:23,2025-09-12T15:30:23Z,2025-09-12T15:30:23Z,NA,v3,471452,471452,NA,"Kerbow, Dylan",701749,Right,TEX_BOB,143f82fa-cc71-49cc-b92e-7956c9fb9aa1,54.98998,-129.64765,15.71358,5.53178,-0.84922,-14.24973,-1.45874,5.90828,-9.26796,NA,NA,NA,NA,NA,NA,NA,NA,NA,NA,NA,NA,NA,NA,NA,NA,NA,NA,NA,NA,NA,NA,NA,NA,NA,NA,NA,NA,NA,NA,NA,NA,NA,NA,NA,NA,NA,NA,NA,NA,NA,NA,NA,NA,NA,NA,NA,NA,NA,NA,High,High,High,NA,NA,NA,NA,NA,234.310932,26.385078,2112.551044,0.895828,1:45:00,-0.464767,-0.730048,-0.501021,63.800462,57.574905,43.718326,173.547034,75.615912,0.027919,0.968652,-0.246847,75.703296,1.599872,0.968652,0.027919,0.246847,-75.703296,-1.599872,-0.968652,-0.027919,0.246847,-173.547034,-75.615912,-0.027919,-0.968652,-0.246847
43,2025-09-12,10:30:40,3,1,"Beversdorf, Alec",NA,Right,TEX_BOB,"Beversdorf, Alec",NA,Left,TEX_BOB,Undefined,2,Top,2,0,0,Changeup,Changeup,StrikeCalled,Undefined,Undefined,Undefined,0,0,NA,84.96766,-1.05999,-3.249866,2081.346362,231.097145,1:45:00,5.39518,1.68515,5.73253,-24.78352,14.61595,16.39032,2.34102,0.02115,76.91965,-5.715355,-0.321417,0.451769,NA,NA,NA,NA,NA,NA,NA,NA,NA,NA,NA,-9.27434,8.15926,-1.42391,50,5.29165,6.29755,-123.08106,-3.0534,-14.08566,26.69038,-19.78195,TEX_BOB,TEX_BOB,TexasStateUniversity,TeamExclusive,Team,20250912-TexasStateUniversity-Private-1,7095c510-8fed-11f0-8c90-43581a9f29b1,83.43298,NA,NA,8.04801,NA,NA,NA,NA,NA,NA,56f72758-e25f-40a1-9430-d5cf7cab78a7,2025-09-12,15:30:40,2025-09-12T15:30:40Z,2025-09-12T15:30:40Z,NA,v3,471452,471452,NA,"Kerbow, Dylan",701749,Right,TEX_BOB,3bad2f58-f9f1-49de-ac68-4dc0f5c3aa4f,54.76618,-124.11031,13.34519,5.39469,-2.29056,-9.89097,-1.67724,6.84073,-7.04283,NA,NA,NA,NA,NA,NA,NA,NA,NA,NA,NA,NA,NA,NA,NA,NA,NA,NA,NA,NA,NA,NA,NA,NA,NA,NA,NA,NA,NA,NA,NA,NA,NA,NA,NA,NA,NA,NA,NA,NA,NA,NA,NA,NA,NA,NA,NA,NA,NA,NA,High,High,High,NA,NA,NA,NA,NA,232.691985,-6.987164,2065.889095,0.992573,1:45:00,0.101907,-0.787096,-0.608354,-60.227834,48.627673,78.967979,176.591561,-45.628211,0.041576,-0.714817,-0.698074,45.678918,-2.382842,0.714817,-0.041576,0.698074,-45.678918,2.382842,-0.714817,0.041576,0.698074,-176.591561,45.628211,-0.041576,0.714817,-0.698074
44,2025-09-12,10:30:52,3,2,"Beversdorf, Alec",NA,Right,TEX_BOB,"Beversdorf, Alec",NA,Left,TEX_BOB,Undefined,2,Top,2,0,1,Changeup,Changeup,BallCalled,Undefined,Undefined,Undefined,0,0,NA,84.15309,-1.631148,-3.436956,1893.838512,247.95328,2:15:00,5.41611,1.66793,5.90992,-31.57994,8.26241,17.00922,1.26727,-0.10868,76.57556,-7.497551,-0.385407,0.454301,NA,NA,NA,NA,NA,NA,NA,NA,NA,NA,NA,-9.74619,5.13524,-1.40142,50,5.267,6.643,-121.94458,-4.49248,-14.54999,25.89769,-24.50767,TEX_BOB,TEX_BOB,TexasStateUniversity,TeamExclusive,Team,20250912-TexasStateUniversity-Private-1,780db230-8fed-11f0-8c90-43581a9f29b1,82.96795,NA,NA,7.57753,NA,NA,NA,NA,NA,NA,56f72758-e25f-40a1-9430-d5cf7cab78a7,2025-09-12,15:30:52,2025-09-12T15:30:52Z,2025-09-12T15:30:52Z,NA,v3,471452,471452,NA,"Kerbow, Dylan",701749,Right,TEX_BOB,ad86eac0-da3c-4d96-b695-726da9116a65,54.59082,-122.91568,12.94885,5.41823,-3.5735,-12.25384,-1.66074,7.18858,-7.27499,NA,NA,NA,NA,NA,NA,NA,NA,NA,NA,NA,NA,NA,NA,NA,NA,NA,NA,NA,NA,NA,NA,NA,NA,NA,NA,NA,NA,NA,NA,NA,NA,NA,NA,NA,NA,NA,NA,NA,NA,NA,NA,NA,NA,NA,NA,NA,NA,NA,NA,High,High,High,NA,NA,NA,NA,NA,236.452525,-13.410154,1842.202608,0.972735,2:00:00,0.222218,-0.803774,-0.551875,-68.225185,46.242013,70.008236,174.722874,-39.107797,0.071367,-0.630781,-0.772672,39.226966,-4.092534,0.630781,-0.071367,0.772672,-39.226966,4.092534,-0.630781,0.071367,0.772672,-174.722874,39.107797,-0.071367,0.630781,-0.772672
45,2025-09-12,10:31:06,3,3,"Beversdorf, Alec",NA,Right,TEX_BOB,"Beversdorf, Alec",NA,Left,TEX_BOB,Undefined,2,Top,2,1,1,Sinker,Sinker,BallCalled,Undefined,Undefined,Undefined,3,0,NA,87.91665,-0.116756,-2.177239,2212.682839,244.330325,2:15:00,5.50576,1.48081,5.48644,-27.33911,9.52772,17.29269,3.11819,0.88387,80.00931,-5.184424,0.902342,0.437008,NA,NA,NA,NA,NA,NA,NA,NA,NA,NA,NA,-9.30473,5.20481,-1.30177,50,5.4772,4.07848,-127.53074,-1.22816,-15.2582,27.27904,-23.63904,TEX_BOB,TEX_BOB,TexasStateUniversity,TeamExclusive,Team,20250912-TexasStateUniversity-Private-1,8015f870-8fed-11f0-8c90-43581a9f29b1,86.25116,NA,NA,7.90733,NA,NA,NA,NA,NA,NA,56f72758-e25f-40a1-9430-d5cf7cab78a7,2025-09-12,15:31:06,2025-09-12T15:31:06Z,2025-09-12T15:31:06Z,NA,v3,471452,471452,NA,"Kerbow, Dylan",701749,Right,TEX_BOB,9ee96246-0d60-4eff-9c42-b2f2dc51ae90,55.01378,-128.59872,13.63952,5.50717,-0.30268,-11.81952,-1.47314,4.67584,-7.6291,NA,NA,NA,NA,NA,NA,NA,NA,NA,NA,NA,NA,NA,NA,NA,NA,NA,NA,NA,NA,NA,NA,NA,NA,NA,NA,NA,NA,NA,NA,NA,NA,NA,NA,NA,NA,NA,NA,NA,NA,NA,NA,NA,NA,NA,NA,NA,NA,NA,NA,High,High,High,NA,NA,NA,NA,NA,236.566219,24.353157,2015.800743,0.911021,2:00:00,-0.429582,-0.761107,-0.485979,77.100587,53.645054,58.17477,145.85186,77.025367,0.126031,0.97447,-0.18581,79.20454,7.240277,0.97447,0.126031,0.18581,-79.20454,-7.240277,-0.97447,-0.126031,0.18581,-145.85186,-77.025367,-0.126031,-0.97447,-0.18581
,,,,,,,,,,,,,,,,,,,,,,,,,,,,,,,,,,,,,,,,,,,,,,,,,,,,,,,,,,,,,,,,,,,,,,,,,,,,,,,,,,,,,,,,,,,,,,,,,,,,,,,,,,,,,,,,,,,,,,,,,,,,,,,,,,,,,,,,,,,,,,,,,,,,,,,,,,,,,,,,,,,,,,,,,,,,,,,,,,,,,,,,,,,,,,,,,,,,,
,,,,,,,,,,,,,,,,,,,,,,,,,,,,,,,,,,,,,,,,,,,,,,,,,,,,,,,,,,,,,,,,,,,,,,,,,,,,,,,,,,,,,,,,,,,,,,,,,,,,,,,,,,,,,,,,,,,,,,,,,,,,,,,,,,,,,,,,,,,,,,,,,,,,,,,,,,,,,,,,,,,,,,,,,,,,,,,,,,,,,,,,,,,,,,,,,,,,,
,,,,,,,,,,,,,,,,,,,,,,,,,,,,,,,,,,,,,,,,,,,,,,,,,,,,,,,,,,,,,,,,,,,,,,,,,,,,,,,,,,,,,,,,,,,,,,,,,,,,,,,,,,,,,,,,,,,,,,,,,,,,,,,,,,,,,,,,,,,,,,,,,,,,,,,,,,,,,,,,,,,,,,,,,,,,,,,,,,,,,,,,,,,,,,,,,,,,,
,,,,,,,,,,,,,,,,,,,,,,,,,,,,,,,,,,,,,,,,,,,,,,,,,,,,,,,,,,,,,,,,,,,,,,,,,,,,,,,,,,,,,,,,,,,,,,,,,,,,,,,,,,,,,,,,,,,,,,,,,,,,,,,,,,,,,,,,,,,,,,,,,,,,,,,,,,,,,,,,,,,,,,,,,,,,,,,,,,,,,,,,,,,,,,,,,,,,,
,,,,,,,,,,,,,,,,,,,,,,,,,,,,,,,,,,,,,,,,,,,,,,,,,,,,,,,,,,,,,,,,,,,,,,,,,,,,,,,,,,,,,,,,,,,,,,,,,,,,,,,,,,,,,,,,,,,,,,,,,,,,,,,,,,,,,,,,,,,,,,,,,,,,,,,,,,,,,,,,,,,,,,,,,,,,,,,,,,,,,,,,,,,,,,,,,,,,,
,,,,,,,,,,,,,,,,,,,,,,,,,,,,,,,,,,,,,,,,,,,,,,,,,,,,,,,,,,,,,,,,,,,,,,,,,,,,,,,,,,,,,,,,,,,,,,,,,,,,,,,,,,,,,,,,,,,,,,,,,,,,,,,,,,,,,,,,,,,,,,,,,,,,,,,,,,,,,,,,,,,,,,,,,,,,,,,,,,,,,,,,,,,,,,,,,,,,,
,,,,,,,,,,,,,,,,,,,,,,,,,,,,,,,,,,,,,,,,,,,,,,,,,,,,,,,,,,,,,,,,,,,,,,,,,,,,,,,,,,,,,,,,,,,,,,,,,,,,,,,,,,,,,,,,,,,,,,,,,,,,,,,,,,,,,,,,,,,,,,,,,,,,,,,,,,,,,,,,,,,,,,,,,,,,,,,,,,,,,,,,,,,,,,,,,,,,,
,,,,,,,,,,,,,,,,,,,,,,,,,,,,,,,,,,,,,,,,,,,,,,,,,,,,,,,,,,,,,,,,,,,,,,,,,,,,,,,,,,,,,,,,,,,,,,,,,,,,,,,,,,,,,,,,,,,,,,,,,,,,,,,,,,,,,,,,,,,,,,,,,,,,,,,,,,,,,,,,,,,,,,,,,,,,,,,,,,,,,,,,,,,,,,,,,,,,,
,,,,,,,,,,,,,,,,,,,,,,,,,,,,,,,,,,,,,,,,,,,,,,,,,,,,,,,,,,,,,,,,,,,,,,,,,,,,,,,,,,,,,,,,,,,,,,,,,,,,,,,,,,,,,,,,,,,,,,,,,,,,,,,,,,,,,,,,,,,,,,,,,,,,,,,,,,,,,,,,,,,,,,,,,,,,,,,,,,,,,,,,,,,,,,,,,,,,,
,,,,,,,,,,,,,,,,,,,,,,,,,,,,,,,,,,,,,,,,,,,,,,,,,,,,,,,,,,,,,,,,,,,,,,,,,,,,,,,,,,,,,,,,,,,,,,,,,,,,,,,,,,,,,,,,,,,,,,,,,,,,,,,,,,,,,,,,,,,,,,,,,,,,,,,,,,,,,,,,,,,,,,,,,,,,,,,,,,,,,,,,,,,,,,,,,,,,,
,,,,,,,,,,,,,,,,,,,,,,,,,,,,,,,,,,,,,,,,,,,,,,,,,,,,,,,,,,,,,,,,,,,,,,,,,,,,,,,,,,,,,,,,,,,,,,,,,,,,,,,,,,,,,,,,,,,,,,,,,,,,,,,,,,,,,,,,,,,,,,,,,,,,,,,,,,,,,,,,,,,,,,,,,,,,,,,,,,,,,,,,,,,,,,,,,,,,,
57,2025-09-12,10:43:39,1,1,"Moore, Nolan",NA,Right,TEX_BOB,"Moore, Nolan",NA,Left,TEX_BOB,Undefined,3,Top,0,0,0,Fastball,Four-Seam,BallCalled,Undefined,Undefined,Undefined,0,0,NA,93.55691,-3.001307,1.041888,2132.830329,144.407796,10:45:00,6.59765,-1.38426,5.5935,-15.13202,17.21489,-11.57363,2.53121,-1.37577,85.53937,-5.859031,-1.024214,0.409343,NA,NA,NA,NA,NA,NA,NA,NA,NA,NA,NA,6.16122,9.87501,1.30262,50,6.33028,-1.93857,-135.68147,-7.60119,11.48182,29.773,-13.77137,TEX_BOB,TEX_BOB,TexasStateUniversity,TeamExclusive,Team,20250912-TexasStateUniversity-Private-1,4124c590-8fef-11f0-8c90-43581a9f29b1,92.08023,NA,NA,8.01754,NA,NA,NA,NA,NA,NA,56f72758-e25f-40a1-9430-d5cf7cab78a7,2025-09-12,15:43:39,2025-09-12T15:43:39Z,2025-09-12T15:43:39Z,NA,v3,471452,471452,NA,"Kerbow, Dylan",701749,Right,TEX_BOB,775b020f-4b87-4ef8-a853-f49b1037ec20,54.90757,-136.75412,14.8865,6.59519,-7.10505,-6.88569,1.37991,-2.35223,5.74091,NA,NA,NA,NA,NA,NA,NA,NA,NA,NA,NA,NA,NA,NA,NA,NA,NA,NA,NA,NA,NA,NA,NA,NA,NA,NA,NA,NA,NA,NA,NA,NA,NA,NA,NA,NA,NA,NA,NA,NA,NA,NA,NA,NA,NA,NA,NA,NA,NA,NA,High,High,High,NA,NA,NA,NA,NA,147.01026,-22.375939,1972.240962,0.924706,11:00:00,0.367842,0.522734,-0.769052,20.180629,13.976351,-42.831959,173.749184,19.283986,0.102772,0.330251,-0.938282,19.390735,5.898822,0.330251,0.102772,0.938282,-19.390735,-5.898822,-0.330251,-0.102772,0.938282,-173.749184,-19.283986,-0.102772,-0.330251,-0.938282
58,2025-09-12,10:43:54,1,2,"Moore, Nolan",NA,Right,TEX_BOB,"Moore, Nolan",NA,Left,TEX_BOB,Undefined,3,Top,0,1,0,Fastball,Four-Seam,BallCalled,Undefined,Undefined,Undefined,0,0,NA,93.14059,-5.387943,0.759191,2200.765722,143.986898,10:45:00,6.65536,-1.22687,5.61163,-15.22891,17.35694,-11.88741,0.34179,-1.50881,85.92412,-8.224419,-1.364482,0.410852,NA,NA,NA,NA,NA,NA,NA,NA,NA,NA,NA,6.27154,10.53583,1.17003,50,6.18379,-1.26035,-134.79487,-13.21204,11.61399,27.51291,-12.66324,TEX_BOB,TEX_BOB,TexasStateUniversity,TeamExclusive,Team,20250912-TexasStateUniversity-Private-1,4a4be950-8fef-11f0-8c90-43581a9f29b1,91.74204,NA,NA,7.21647,NA,NA,NA,NA,NA,NA,56f72758-e25f-40a1-9430-d5cf7cab78a7,2025-09-12,15:43:54,2025-09-12T15:43:54Z,2025-09-12T15:43:54Z,NA,v3,471452,471452,NA,"Kerbow, Dylan",701749,Right,TEX_BOB,575db85e-77e5-4f7e-845f-ca48c0891090,54.8912,-135.78954,13.75646,6.65317,-12.75423,-6.33162,1.22319,-1.68023,5.80699,NA,NA,NA,NA,NA,NA,NA,NA,NA,NA,NA,NA,NA,NA,NA,NA,NA,NA,NA,NA,NA,NA,NA,NA,NA,NA,NA,NA,NA,NA,NA,NA,NA,NA,NA,NA,NA,NA,NA,NA,NA,NA,NA,NA,NA,NA,NA,NA,NA,NA,High,High,High,NA,NA,NA,NA,NA,147.281408,-22.045654,2039.856888,0.926885,11:00:00,0.336948,0.534025,-0.775425,18.915596,8.590102,-32.574861,173.119851,20.402794,0.112278,0.348618,-0.930516,20.538465,6.44663,0.348618,0.112278,0.930516,-20.538465,-6.44663,-0.348618,-0.112278,0.930516,-173.119851,-20.402794,-0.112278,-0.348618,-0.930516
59,2025-09-12,10:44:18,1,3,"Moore, Nolan",NA,Right,TEX_BOB,"Moore, Nolan",NA,Left,TEX_BOB,Undefined,3,Top,0,2,0,Slider,Cutter,StrikeCalled,Undefined,Undefined,Undefined,0,0,NA,83.32356,-1.907726,1.773048,1779.411481,217.743159,1:15:00,6.27271,-1.49928,5.08345,-29.27454,11.75123,8.21599,2.03336,0.85725,77.4583,-7.226074,3.225294,0.460999,NA,NA,NA,NA,NA,NA,NA,NA,NA,NA,NA,-3.67603,6.6641,1.32455,50,6.06894,-4.09384,-120.96798,-5.07837,-5.52013,20.63074,-22.16689,TEX_BOB,TEX_BOB,TexasStateUniversity,TeamExclusive,Team,20250912-TexasStateUniversity-Private-1,5854e600-8fef-11f0-8c90-43581a9f29b1,81.76259,NA,NA,5.86526,NA,NA,NA,NA,NA,NA,56f72758-e25f-40a1-9430-d5cf7cab78a7,2025-09-12,15:44:18,2025-09-12T15:44:18Z,2025-09-12T15:44:18Z,NA,v3,471452,471452,NA,"Kerbow, Dylan",701749,Right,TEX_BOB,bd217c1d-f888-4cba-adff-5f59c219f711,55.41857,-121.8886,10.31537,6.27349,-4.08921,-11.08345,1.50173,-3.84751,-2.76007,NA,NA,NA,NA,NA,NA,NA,NA,NA,NA,NA,NA,NA,NA,NA,NA,NA,NA,NA,NA,NA,NA,NA,NA,NA,NA,NA,NA,NA,NA,NA,NA,NA,NA,NA,NA,NA,NA,NA,NA,NA,NA,NA,NA,NA,NA,NA,NA,NA,NA,High,High,High,NA,NA,NA,NA,NA,259.703334,-82.191251,241.763043,0.135867,2:45:00,0.994903,-0.100623,0.0065,54.659851,4.230183,-31.359561,109.0161,17.995603,0.899177,0.308944,-0.309894,44.912033,64.050095,0.308944,0.899177,0.309894,-44.912033,-64.050095,-0.308944,-0.899177,0.309894,-109.0161,-17.995603,-0.899177,-0.308944,-0.309894
60,2025-09-12,10:44:31,1,4,"Moore, Nolan",NA,Right,TEX_BOB,"Moore, Nolan",NA,Left,TEX_BOB,Undefined,3,Top,0,2,1,Slider,Slider,BallCalled,Undefined,Undefined,Undefined,0,0,NA,81.91035,-2.243435,0.920614,2756.167753,242.912705,2:00:00,6.3418,-1.25297,4.84339,-35.37333,7.91489,12.85607,1.26853,0.6901,75.57016,-8.623265,3.18669,0.473539,NA,NA,NA,NA,NA,NA,NA,NA,NA,NA,NA,-6.12827,4.90303,1.15024,50,6.08971,-2.45966,-118.76925,-5.95949,-8.76866,22.37988,-25.15854,TEX_BOB,TEX_BOB,TexasStateUniversity,TeamExclusive,Team,20250912-TexasStateUniversity-Private-1,60763280-8fef-11f0-8c90-43581a9f29b1,79.59726,NA,NA,6.3402,NA,NA,NA,NA,NA,NA,56f72758-e25f-40a1-9430-d5cf7cab78a7,2025-09-12,15:44:31,2025-09-12T15:44:31Z,2025-09-12T15:44:31Z,NA,v3,471452,471452,NA,"Kerbow, Dylan",701749,Right,TEX_BOB,1c16c44d-4f6b-4f75-9ea6-74caa6dd513b,55.65858,-119.83076,11.18994,6.34408,-4.76618,-12.57927,1.25704,-2.04375,-4.38433,NA,NA,NA,NA,NA,NA,NA,NA,NA,NA,NA,NA,NA,NA,NA,NA,NA,NA,NA,NA,NA,NA,NA,NA,NA,NA,NA,NA,NA,NA,NA,NA,NA,NA,NA,NA,NA,NA,NA,NA,NA,NA,NA,NA,NA,NA,NA,NA,NA,NA,High,High,High,NA,NA,NA,NA,NA,290.68917,-76.260945,654.590753,0.2375,3:45:00,0.977866,-0.183989,0.099633,21.664515,-13.126685,-34.171598,105.288742,19.191358,0.911002,0.328724,-0.24903,52.853748,65.644192,0.328724,0.911002,0.24903,-52.853748,-65.644192,-0.328724,-0.911002,0.24903,-105.288742,-19.191358,-0.911002,-0.328724,-0.24903
61,2025-09-12,10:44:49,1,5,"Moore, Nolan",NA,Right,TEX_BOB,"Moore, Nolan",NA,Left,TEX_BOB,Undefined,3,Top,0,3,1,Fastball,Four-Seam,BallCalled,Walk,Undefined,Undefined,0,0,NA,92.69401,-5.070762,0.705781,2118.655602,140.337487,10:45:00,6.56439,-1.1228,5.60588,-19.54127,13.2954,-10.2067,0.18957,-1.31447,85.74252,-8.664406,-1.118679,0.412431,NA,NA,NA,NA,NA,NA,NA,NA,NA,NA,NA,5.41087,8.36229,1.06937,50,6.1167,-1.20805,-134.23654,-12.5983,9.94807,26.98734,-16.79967,TEX_BOB,TEX_BOB,TexasStateUniversity,TeamExclusive,Team,20250912-TexasStateUniversity-Private-1,6b0a7ad0-8fef-11f0-8c90-43581a9f29b1,91.39094,NA,NA,6.95149,NA,NA,NA,NA,NA,NA,56f72758-e25f-40a1-9430-d5cf7cab78a7,2025-09-12,15:44:49,2025-09-12T15:44:49Z,2025-09-12T15:44:49Z,NA,v3,471452,471452,NA,"Kerbow, Dylan",701749,Right,TEX_BOB,86c4933c-952a-4c25-8c6e-413752627a28,54.89733,-135.21753,13.49367,6.56355,-11.98763,-8.39983,1.11986,-1.56966,4.97404,NA,NA,NA,NA,NA,NA,NA,NA,NA,NA,NA,NA,NA,NA,NA,NA,NA,NA,NA,NA,NA,NA,NA,NA,NA,NA,NA,NA,NA,NA,NA,NA,NA,NA,NA,NA,NA,NA,NA,NA,NA,NA,NA,NA,NA,NA,NA,NA,NA,NA,High,High,High,NA,NA,NA,NA,NA,145.910236,-27.166876,1884.926535,0.88968,10:45:00,0.419767,0.537062,-0.731683,16.675585,0.938968,-24.042557,168.791756,25.111036,0.176004,0.424374,-0.888217,25.537621,10.137119,0.424374,0.176004,0.888217,-25.537621,-10.137119,-0.424374,-0.176004,0.888217,-168.791756,-25.111036,-0.176004,-0.424374,-0.888217
62,2025-09-12,10:45:09,2,1,"Moore, Nolan",NA,Right,TEX_BOB,"Moore, Nolan",NA,Right,TEX_BOB,Undefined,3,Top,0,0,0,Fastball,Four-Seam,StrikeCalled,Undefined,Undefined,Undefined,0,0,NA,93.79358,-2.919735,2.00961,2351.856642,157.682715,11:15:00,6.40674,-1.33551,5.42188,-16.8456,15.37473,-5.90937,2.2639,0.05527,86.27681,-6.059548,0.958724,0.408542,NA,NA,NA,NA,NA,NA,NA,NA,NA,NA,NA,3.50335,8.80323,1.16128,50,6.13563,-4.49845,-136.02043,-7.5317,6.60615,28.01612,-15.57405,TEX_BOB,TEX_BOB,TexasStateUniversity,TeamExclusive,Team,20250912-TexasStateUniversity-Private-1,76c2f7d0-8fef-11f0-8c90-43581a9f29b1,92.26094,NA,NA,7.51677,NA,NA,NA,NA,NA,NA,56f72758-e25f-40a1-9430-d5cf7cab78a7,2025-09-12,15:45:09,2025-09-12T15:45:09Z,2025-09-12T15:45:09Z,NA,v3,471452,471452,NA,"Kerbow, Dylan",701749,Right,TEX_BOB,e9217752-c659-4eb0-9e22-a1db765e9090,55.0796,-137.06268,14.00806,6.40504,-6.95232,-7.78702,1.33321,-4.74422,3.30307,NA,NA,NA,NA,NA,NA,NA,NA,NA,NA,NA,NA,NA,NA,NA,NA,NA,NA,NA,NA,NA,NA,NA,NA,NA,NA,NA,NA,NA,NA,NA,NA,NA,NA,NA,NA,NA,NA,NA,NA,NA,NA,NA,NA,NA,NA,NA,NA,NA,NA,High,High,High,NA,NA,NA,NA,NA,147.304374,-30.919967,2017.624625,0.857886,11:00:00,0.514584,0.488981,-0.704344,24.933278,38.800896,-65.134591,163.799508,18.583741,0.264452,0.31869,-0.910221,19.29639,15.334394,0.31869,0.264452,0.910221,-19.29639,-15.334394,-0.31869,-0.264452,0.910221,-163.799508,-18.583741,-0.264452,-0.31869,-0.910221
63,2025-09-12,10:45:25,2,2,"Moore, Nolan",NA,Right,TEX_BOB,"Moore, Nolan",NA,Right,TEX_BOB,Undefined,3,Top,0,0,1,Slider,Slider,BallCalled,Undefined,Undefined,Undefined,0,0,NA,82.56716,-2.450152,0.028499,2873.325556,249.026793,2:15:00,6.3993,-1.28726,4.99667,-36.15636,6.15654,12.67457,1.07156,-0.20413,76.27263,-8.977283,2.270893,0.468175,NA,NA,NA,NA,NA,NA,NA,NA,NA,NA,NA,-6.32323,4.08481,1.2736,50,6.13407,-0.59664,-119.76911,-6.45276,-9.20839,22.57485,-26.22546,TEX_BOB,TEX_BOB,TexasStateUniversity,TeamExclusive,Team,20250912-TexasStateUniversity-Private-1,805fe7d0-8fef-11f0-8c90-43581a9f29b1,80.50936,NA,NA,6.29453,NA,NA,NA,NA,NA,NA,56f72758-e25f-40a1-9430-d5cf7cab78a7,2025-09-12,15:45:25,2025-09-12T15:45:25Z,2025-09-12T15:45:25Z,NA,v3,471452,471452,NA,"Kerbow, Dylan",701749,Right,TEX_BOB,bfd70088-9b1a-445b-9dd5-e496aa0bb3d2,55.50583,-120.80243,11.28742,6.40196,-5.25235,-13.11273,1.29126,-0.17514,-4.60419,NA,NA,NA,NA,NA,NA,NA,NA,NA,NA,NA,NA,NA,NA,NA,NA,NA,NA,NA,NA,NA,NA,NA,NA,NA,NA,NA,NA,NA,NA,NA,NA,NA,NA,NA,NA,NA,NA,NA,NA,NA,NA,NA,NA,NA,NA,NA,NA,NA,NA,High,High,High,NA,NA,NA,NA,NA,280.730929,-78.440081,575.793216,0.200393,3:15:00,0.987218,-0.154825,0.037804,24.750796,-13.625636,-34.474597,110.994361,18.533473,0.885197,0.317859,-0.339695,43.097976,62.275728,0.317859,0.885197,0.339695,-43.097976,-62.275728,-0.317859,-0.885197,0.339695,-110.994361,-18.533473,-0.885197,-0.317859,-0.339695
64,2025-09-12,10:45:40,2,3,"Moore, Nolan",NA,Right,TEX_BOB,"Moore, Nolan",NA,Right,TEX_BOB,Undefined,3,Top,0,1,1,Slider,Slider,StrikeCalled,Undefined,Undefined,Undefined,0,0,NA,82.92526,-0.439049,-0.061064,2780.592612,257.655833,2:30:00,6.40196,-1.24135,4.985,-37.82352,3.80925,11.98682,2.83538,-0.30012,76.80248,-7.279062,2.057126,0.464397,NA,NA,NA,NA,NA,NA,NA,NA,NA,NA,NA,-5.97705,2.3498,1.23693,50,6.32865,-0.38647,-120.47634,-2.33998,-8.8665,21.36687,-28.68829,TEX_BOB,TEX_BOB,TexasStateUniversity,TeamExclusive,Team,20250912-TexasStateUniversity-Private-1,88fb4650-8fef-11f0-8c90-43581a9f29b1,81.16432,NA,NA,6.12278,NA,NA,NA,NA,NA,NA,56f72758-e25f-40a1-9430-d5cf7cab78a7,2025-09-12,15:45:40,2025-09-12T15:45:40Z,2025-09-12T15:45:40Z,NA,v3,471452,471452,NA,"Kerbow, Dylan",701749,Right,TEX_BOB,27b7fc9c-42d8-4d2b-837f-2cd47dd1de68,55.51792,-121.45102,10.68344,6.40554,-1.03133,-14.34415,1.24534,0.01799,-4.43325,NA,NA,NA,NA,NA,NA,NA,NA,NA,NA,NA,NA,NA,NA,NA,NA,NA,NA,NA,NA,NA,NA,NA,NA,NA,NA,NA,NA,NA,NA,NA,NA,NA,NA,NA,NA,NA,NA,NA,NA,NA,NA,NA,NA,NA,NA,NA,NA,NA,NA,High,High,High,NA,NA,NA,NA,NA,286.942584,-75.59574,691.705491,0.248762,3:30:00,0.970436,-0.230536,0.071458,37.538799,-16.094581,-46.471541,119.260719,19.4468,0.822635,0.332931,-0.4609,35.842504,55.349424,0.332931,0.822635,0.4609,-35.842504,-55.349424,-0.332931,-0.822635,0.4609,-119.260719,-19.4468,-0.822635,-0.332931,-0.4609
65,2025-09-12,10:45:59,2,4,"Moore, Nolan",NA,Right,TEX_BOB,"Moore, Nolan",NA,Right,TEX_BOB,Undefined,3,Top,0,1,2,Fastball,Four-Seam,StrikeCalled,Strikeout,Undefined,Undefined,0,0,NA,92.9382,-3.738663,2.248741,2265.621937,151.775396,11:00:00,6.43798,-1.18768,5.38644,-16.67426,16.1278,-8.13638,1.53636,0.24321,85.84343,-6.835057,0.802877,0.412213,NA,NA,NA,NA,NA,NA,NA,NA,NA,NA,NA,4.67138,9.35402,0.99255,50,6.09146,-4.91774,-134.70456,-9.3912,8.67184,26.43346,-14.80947,TEX_BOB,TEX_BOB,TexasStateUniversity,TeamExclusive,Team,20250912-TexasStateUniversity-Private-1,94738600-8fef-11f0-8c90-43581a9f29b1,91.43915,NA,NA,7.09478,NA,NA,NA,NA,NA,NA,56f72758-e25f-40a1-9430-d5cf7cab78a7,2025-09-12,15:45:59,2025-09-12T15:45:59Z,2025-09-12T15:45:59Z,NA,v3,471452,471452,NA,"Kerbow, Dylan",701749,Right,TEX_BOB,9c545d3d-4582-4f95-85e5-06296fce3274,55.11596,-135.70477,13.21673,6.43621,-8.83083,-7.40473,1.18484,-5.24587,4.33592,NA,NA,NA,NA,NA,NA,NA,NA,NA,NA,NA,NA,NA,NA,NA,NA,NA,NA,NA,NA,NA,NA,NA,NA,NA,NA,NA,NA,NA,NA,NA,NA,NA,NA,NA,NA,NA,NA,NA,NA,NA,NA,NA,NA,NA,NA,NA,NA,NA,NA,High,High,High,NA,NA,NA,NA,NA,148.11903,-31.133678,1939.289275,0.855963,11:00:00,0.514603,0.484834,-0.707192,25.258281,1.502715,-37.343689,171.898198,19.312808,0.133002,0.330725,-0.934308,19.492893,7.643083,0.330725,0.133002,0.934308,-19.492893,-7.643083,-0.330725,-0.133002,0.934308,-171.898198,-19.312808,-0.133002,-0.330725,-0.934308
66,2025-09-12,10:46:26,3,1,"Moore, Nolan",NA,Right,TEX_BOB,"Moore, Nolan",NA,Right,TEX_BOB,Undefined,3,Top,1,0,0,Curveball,Slider,StrikeCalled,Undefined,Undefined,Undefined,0,0,NA,81.64734,-0.392202,0.821118,2333.577688,344.905236,5:30:00,6.45122,-1.13521,4.89673,-48.65144,-5.50004,1.81567,2.02592,-0.20716,75.7894,-9.113918,1.141872,0.472791,NA,NA,NA,NA,NA,NA,NA,NA,NA,NA,NA,-0.68953,-2.26484,1.05316,50,6.3714,-1.77738,-118.60493,-2.67704,-0.98956,21.0895,-35.42443,TEX_BOB,TEX_BOB,TexasStateUniversity,TeamExclusive,Team,20250912-TexasStateUniversity-Private-1,a50661e0-8fef-11f0-8c90-43581a9f29b1,79.72331,NA,NA,5.85794,NA,NA,NA,NA,NA,NA,56f72758-e25f-40a1-9430-d5cf7cab78a7,2025-09-12,15:46:26,2025-09-12T15:46:26Z,2025-09-12T15:46:26Z,NA,v3,471452,471452,NA,"Kerbow, Dylan",701749,Right,TEX_BOB,aba20c94-7ff8-4502-9473-d8a3d2efd88a,55.60725,-119.59782,10.54475,6.45818,-1.00927,-17.71222,1.13574,-1.73079,-0.49478,NA,NA,NA,NA,NA,NA,NA,NA,NA,NA,NA,NA,NA,NA,NA,NA,NA,NA,NA,NA,NA,NA,NA,NA,NA,NA,NA,NA,NA,NA,NA,NA,NA,NA,NA,NA,NA,NA,NA,NA,NA,NA,NA,NA,NA,NA,NA,NA,NA,NA,High,High,High,NA,NA,NA,NA,NA,338.770675,-66.408957,933.911281,0.400206,5:15:00,0.911956,-0.138639,0.386156,-11.684963,46.481188,-49.472182,153.706009,11.595608,0.433936,0.201003,-0.878235,12.891328,25.717628,0.201003,0.433936,0.878235,-12.891328,-25.717628,-0.201003,-0.433936,0.878235,-153.706009,-11.595608,-0.433936,-0.201003,-0.878235
67,2025-09-12,10:46:39,3,2,"Moore, Nolan",NA,Right,TEX_BOB,"Moore, Nolan",NA,Right,TEX_BOB,Undefined,3,Top,1,0,1,Curveball,Slider,StrikeCalled,Undefined,Undefined,Undefined,0,0,NA,83.22201,-0.588977,0.700507,2456.752988,344.636373,5:30:00,6.46592,-0.90823,4.92152,-50.82767,-9.05587,2.83658,1.67336,-0.00951,76.85177,-9.697576,1.202214,0.465171,NA,NA,NA,NA,NA,NA,NA,NA,NA,NA,NA,-1.2161,-3.99295,0.8374,50,6.36546,-1.60016,-120.82558,-3.23027,-1.79778,23.53603,-38.07692,TEX_BOB,TEX_BOB,TexasStateUniversity,TeamExclusive,Team,20250912-TexasStateUniversity-Private-1,acb823b0-8fef-11f0-8c90-43581a9f29b1,81.02916,NA,NA,6.37024,NA,NA,NA,NA,NA,NA,56f72758-e25f-40a1-9430-d5cf7cab78a7,2025-09-12,15:46:39,2025-09-12T15:46:39Z,2025-09-12T15:46:39Z,NA,v3,471452,471452,NA,"Kerbow, Dylan",701749,Right,TEX_BOB,954fe0d4-de18-4957-8a69-186c9cb973a3,55.58272,-121.90821,11.76802,6.47377,-1.47878,-19.03846,0.90911,-1.51746,-0.89889,NA,NA,NA,NA,NA,NA,NA,NA,NA,NA,NA,NA,NA,NA,NA,NA,NA,NA,NA,NA,NA,NA,NA,NA,NA,NA,NA,NA,NA,NA,NA,NA,NA,NA,NA,NA,NA,NA,NA,NA,NA,NA,NA,NA,NA,NA,NA,NA,NA,NA,High,High,High,NA,NA,NA,NA,NA,336.874705,-71.226869,790.636501,0.321822,5:15:00,0.94436,-0.116654,0.307531,-37.529935,48.403472,-80.795279,151.369541,-3.062118,0.478474,-0.053419,-0.876475,3.487697,-28.58581,0.053419,-0.478474,0.876475,-3.487697,28.58581,-0.053419,0.478474,0.876475,-151.369541,3.062118,-0.478474,0.053419,-0.876475
68,2025-09-12,10:46:55,3,3,"Moore, Nolan",NA,Right,TEX_BOB,"Moore, Nolan",NA,Right,TEX_BOB,Undefined,3,Top,1,0,2,Fastball,Four-Seam,BallCalled,Undefined,Undefined,Undefined,0,0,NA,93.97062,-2.267002,0.128373,2147.701009,154.742651,11:15:00,6.5784,-0.90063,5.93579,-14.81237,16.51631,-7.36103,3.23971,-1.39495,86.63364,-5.06936,-1.194164,0.402849,NA,NA,NA,NA,NA,NA,NA,NA,NA,NA,NA,3.82083,9.34579,0.89459,50,6.38894,0.01391,-136.57136,-5.86329,7.27839,27.65584,-14.37103,TEX_BOB,TEX_BOB,TexasStateUniversity,TeamExclusive,Team,20250912-TexasStateUniversity-Private-1,b650cdf0-8fef-11f0-8c90-43581a9f29b1,93.56467,NA,NA,7.33698,NA,NA,NA,NA,NA,NA,56f72758-e25f-40a1-9430-d5cf7cab78a7,2025-09-12,15:46:55,2025-09-12T15:46:55Z,2025-09-12T15:46:55Z,NA,v3,471452,471452,NA,"Kerbow, Dylan",701749,Right,TEX_BOB,e8c59c59-2eac-45f3-853e-4b276ed55b81,54.56628,-137.49293,13.82792,6.57634,-5.38441,-7.18552,0.89816,-0.22863,3.6392,NA,NA,NA,NA,NA,NA,NA,NA,NA,NA,NA,NA,NA,NA,NA,NA,NA,NA,NA,NA,NA,NA,NA,NA,NA,NA,NA,NA,NA,NA,NA,NA,NA,NA,NA,NA,NA,NA,NA,NA,NA,NA,NA,NA,NA,NA,NA,NA,NA,NA,High,High,High,NA,NA,NA,NA,NA,156.765952,-27.320131,1908.137921,0.888456,11:15:00,0.446567,0.368366,-0.815405,13.005507,12.704868,-52.826746,170.271242,22.560109,0.156053,0.383652,-0.910197,22.855664,8.977873,0.383652,0.156053,0.910197,-22.855664,-8.977873,-0.383652,-0.156053,0.910197,-170.271242,-22.560109,-0.156053,-0.383652,-0.910197
69,2025-09-12,10:47:17,3,4,"Moore, Nolan",NA,Right,TEX_BOB,"Moore, Nolan",NA,Right,TEX_BOB,Undefined,3,Top,1,1,2,Curveball,Slider,BallCalled,Undefined,Undefined,Undefined,0,0,NA,81.24724,-2.34817,1.794056,2352.378359,332.02421,5:00:00,6.46217,-1.14039,5.32659,-50.72538,-7.83205,4.78158,0.02925,0.94215,76.0933,-11.426962,2.646773,0.471375,NA,NA,NA,NA,NA,NA,NA,NA,NA,NA,NA,-1.97646,-3.0904,0.97443,50,6.21218,-3.88389,-118.00952,-6.65629,-2.81118,20.64491,-36.56962,TEX_BOB,TEX_BOB,TexasStateUniversity,TeamExclusive,Team,20250912-TexasStateUniversity-Private-1,c2fd9600-8fef-11f0-8c90-43581a9f29b1,79.9628,NA,NA,5.15394,NA,NA,NA,NA,NA,NA,56f72758-e25f-40a1-9430-d5cf7cab78a7,2025-09-12,15:47:17,2025-09-12T15:47:17Z,2025-09-12T15:47:17Z,NA,v3,471452,471452,NA,"Kerbow, Dylan",701749,Right,TEX_BOB,80828ee2-4ca1-46ab-869c-cede2f7fd662,55.1792,-118.91213,10.32246,6.46824,-5.05743,-18.28481,1.14155,-3.76098,-1.40559,NA,NA,NA,NA,NA,NA,NA,NA,NA,NA,NA,NA,NA,NA,NA,NA,NA,NA,NA,NA,NA,NA,NA,NA,NA,NA,NA,NA,NA,NA,NA,NA,NA,NA,NA,NA,NA,NA,NA,NA,NA,NA,NA,NA,NA,NA,NA,NA,NA,NA,High,High,High,NA,NA,NA,NA,NA,339.524908,-66.507224,937.736674,0.398633,5:15:00,0.90991,-0.101749,0.402133,16.21835,57.323857,-17.232238,153.737528,8.458386,0.437671,0.147091,-0.887022,9.415433,25.955376,0.147091,0.437671,0.887022,-9.415433,-25.955376,-0.147091,-0.437671,0.887022,-153.737528,-8.458386,-0.437671,-0.147091,-0.887022
70,2025-09-12,10:47:39,3,5,"Moore, Nolan",NA,Right,TEX_BOB,"Moore, Nolan",NA,Right,TEX_BOB,Undefined,3,Top,1,2,2,Curveball,Curveball,BallCalled,Undefined,Undefined,Undefined,0,0,NA,79.69102,1.825709,0.00376,2306.894763,338.12016,5:15:00,6.51962,-1.08247,5.25303,-57.89216,-12.95013,5.7424,3.41142,-0.60041,73.4511,-8.634715,1.024336,0.4825,NA,NA,NA,NA,NA,NA,NA,NA,NA,NA,NA,-2.87268,-6.57607,1.07769,50,6.6437,-0.24077,-115.7611,1.58357,-3.90282,21.36336,-41.10832,TEX_BOB,TEX_BOB,TexasStateUniversity,TeamExclusive,Team,20250912-TexasStateUniversity-Private-1,d0604090-8fef-11f0-8c90-43581a9f29b1,78.11899,NA,NA,6.23992,NA,NA,NA,NA,NA,NA,56f72758-e25f-40a1-9430-d5cf7cab78a7,2025-09-12,15:47:39,2025-09-12T15:47:39Z,2025-09-12T15:47:39Z,NA,v3,471452,471452,NA,"Kerbow, Dylan",701749,Right,TEX_BOB,11d68cd2-547f-40d2-8ab6-ab94a5e1cc96,55.25242,-116.72639,10.68168,6.53019,3.44103,-20.55416,1.08459,-0.06443,-1.95141,NA,NA,NA,NA,NA,NA,NA,NA,NA,NA,NA,NA,NA,NA,NA,NA,NA,NA,NA,NA,NA,NA,NA,NA,NA,NA,NA,NA,NA,NA,NA,NA,NA,NA,NA,NA,NA,NA,NA,NA,NA,NA,NA,NA,NA,NA,NA,NA,NA,NA,High,High,High,NA,NA,NA,NA,NA,340.194913,-57.155313,1251.175809,0.542364,5:15:00,0.833829,-0.210437,0.510338,22.12723,54.163414,-11.950721,159.788738,5.151071,0.344087,0.089782,-0.934635,5.487059,20.126098,0.089782,0.344087,0.934635,-5.487059,-20.126098,-0.089782,-0.344087,0.934635,-159.788738,-5.151071,-0.344087,-0.089782,-0.934635
71,2025-09-12,10:47:58,3,6,"Moore, Nolan",NA,Right,TEX_BOB,"Moore, Nolan",NA,Right,TEX_BOB,Undefined,3,Top,1,3,2,Fastball,Four-Seam,BallCalled,Walk,Undefined,Undefined,3,0,NA,93.88872,-3.77542,2.882328,2290.589615,156.971542,11:15:00,6.45878,-0.87339,6.01065,-15.45615,16.06202,-6.41949,1.66352,1.26425,86.44923,-6.690112,1.729357,0.404065,NA,NA,NA,NA,NA,NA,NA,NA,NA,NA,NA,4.04642,9.53989,0.65037,50,6.15299,-6.57225,-136.07021,-9.46334,7.63787,27.96069,-14.16689,TEX_BOB,TEX_BOB,TexasStateUniversity,TeamExclusive,Team,20250912-TexasStateUniversity-Private-1,db84e200-8fef-11f0-8c90-43581a9f29b1,93.283,NA,NA,7.4395,NA,NA,NA,NA,NA,NA,56f72758-e25f-40a1-9430-d5cf7cab78a7,2025-09-12,15:47:58,2025-09-12T15:47:58Z,2025-09-12T15:47:58Z,NA,v3,471452,471452,NA,"Kerbow, Dylan",701749,Right,TEX_BOB,c5b148c3-f1c9-4508-85f2-b2b2259b0488,54.49067,-136.98988,13.98034,6.45659,-8.99738,-7.08345,0.87067,-6.82347,3.81894,NA,NA,NA,NA,NA,NA,NA,NA,NA,NA,NA,NA,NA,NA,NA,NA,NA,NA,NA,NA,NA,NA,NA,NA,NA,NA,NA,NA,NA,NA,NA,NA,NA,NA,NA,NA,NA,NA,NA,NA,NA,NA,NA,NA,NA,NA,NA,NA,NA,NA,High,High,High,NA,NA,NA,NA,NA,157.580341,-33.274898,1915.042444,0.836048,11:15:00,0.564667,0.354293,-0.745404,26.903063,28.726591,-70.209246,166.000007,14.758066,0.233941,0.254738,-0.938286,15.189279,13.529195,0.254738,0.233941,0.938286,-15.189279,-13.529195,-0.254738,-0.233941,0.938286,-166.000007,-14.758066,-0.233941,-0.254738,-0.938286
72,2025-09-12,10:50:06,1,1,"Smith, Cade",NA,Right,TEX_BOB,"Smith, Cade",NA,Right,TEX_BOB,Undefined,3,Bottom,0,0,0,Fastball,Sinker,BallCalled,Undefined,Undefined,Undefined,0,0,NA,89.43367,-2.798791,-4.165579,2146.164325,239.236296,2:00:00,5.57618,2.88854,5.92957,-22.11174,12.80371,19.6793,1.12769,0.65656,82.17575,-6.925792,-0.639516,0.425285,NA,NA,NA,NA,NA,NA,NA,NA,NA,NA,NA,-11.25623,7.64363,-2.56649,50,5.33913,8.62677,-129.57985,-7.06527,-19.22475,25.93366,-19.11933,TEX_BOB,TEX_BOB,TexasStateUniversity,TeamExclusive,Team,20250912-TexasStateUniversity-Private-1,27cacad0-8ff0-11f0-8c90-43581a9f29b1,88.62866,NA,NA,7.25792,NA,NA,NA,NA,NA,NA,56f72758-e25f-40a1-9430-d5cf7cab78a7,2025-09-12,15:50:06,2025-09-12T15:50:06Z,2025-09-12T15:50:06Z,NA,v3,471452,471452,NA,NA,NA,Undefined,TEX_BOB,a2efa8cf-e30a-4b91-94cb-fdd1c4ab7d27,54.57386,-130.49204,12.96683,5.57582,-6.39277,-9.55967,-2.88182,9.30298,-9.61238,NA,NA,NA,NA,NA,NA,NA,NA,NA,NA,NA,NA,NA,NA,NA,NA,NA,NA,NA,NA,NA,NA,NA,NA,NA,NA,NA,NA,NA,NA,NA,NA,NA,NA,NA,NA,NA,NA,NA,NA,NA,NA,NA,NA,NA,NA,NA,NA,NA,NA,High,High,High,NA,NA,NA,NA,NA,242.355437,-13.069531,2090.570859,0.974096,2:00:00,0.234459,-0.850825,-0.470239,-26.913062,-45.647957,-19.421686,179.010467,-19.472011,0.016282,-0.333346,-0.942664,19.474697,-0.932931,0.333346,-0.016282,0.942664,-19.474697,0.932931,-0.333346,0.016282,0.942664,-179.010467,19.472011,-0.016282,0.333346,-0.942664
73,2025-09-12,10:50:18,1,2,"Smith, Cade",NA,Right,TEX_BOB,"Smith, Cade",NA,Right,TEX_BOB,Undefined,3,Bottom,0,1,0,Fastball,Sinker,BallCalled,Undefined,Undefined,Undefined,0,0,NA,89.88439,-1.847997,-5.453917,2280.373876,236.257796,2:00:00,5.7443,2.62597,5.8858,-20.36694,14.35001,19.84088,2.32255,-0.80064,82.31374,-5.671593,-1.914308,0.424074,NA,NA,NA,NA,NA,NA,NA,NA,NA,NA,NA,-11.63438,8.16835,-2.19629,50,5.58268,11.58288,-130.05506,-4.86346,-20.01578,26.13552,-18.12125,TEX_BOB,TEX_BOB,TexasStateUniversity,TeamExclusive,Team,20250912-TexasStateUniversity-Private-1,2f298aa0-8ff0-11f0-8c90-43581a9f29b1,88.88165,NA,NA,7.57065,NA,NA,NA,NA,NA,NA,56f72758-e25f-40a1-9430-d5cf7cab78a7,2025-09-12,15:50:18,2025-09-12T15:50:18Z,2025-09-12T15:50:18Z,NA,v3,471452,471452,NA,NA,NA,Undefined,TEX_BOB,291e6600-5874-4e10-829d-7c1c9c94f536,54.61721,-130.97964,13.06776,5.7434,-4.2224,-9.06062,-2.61857,12.29096,-10.00789,NA,NA,NA,NA,NA,NA,NA,NA,NA,NA,NA,NA,NA,NA,NA,NA,NA,NA,NA,NA,NA,NA,NA,NA,NA,NA,NA,NA,NA,NA,NA,NA,NA,NA,NA,NA,NA,NA,NA,NA,NA,NA,NA,NA,NA,NA,NA,NA,NA,NA,High,High,High,NA,NA,NA,NA,NA,239.255995,-11.57242,2234.018271,0.979672,2:00:00,0.179024,-0.835082,-0.520182,-35.915865,-36.170468,-15.005627,179.586834,-13.589849,0.007009,-0.23497,-0.971977,13.590189,-0.401598,0.23497,-0.007009,0.971977,-13.590189,0.401598,-0.23497,0.007009,0.971977,-179.586834,13.589849,-0.007009,0.23497,-0.971977
74,2025-09-12,10:50:32,1,3,"Smith, Cade",NA,Right,TEX_BOB,"Smith, Cade",NA,Right,TEX_BOB,Undefined,3,Bottom,0,2,0,Slider,Slider,BallCalled,Undefined,Undefined,Undefined,0,0,NA,79.09743,-1.594438,-2.630324,2468.397095,161.810656,11:30:00,5.56298,2.96735,5.38305,-38.02404,7.54548,-2.0115,0.89771,0.33232,72.89599,-8.526547,-2.987847,0.485857,NA,NA,NA,NA,NA,NA,NA,NA,NA,NA,NA,0.29181,4.64181,-2.73037,50,5.39326,5.34756,-114.70002,-4.45581,0.38898,21.092,-25.98647,TEX_BOB,TEX_BOB,TexasStateUniversity,TeamExclusive,Team,20250912-TexasStateUniversity-Private-1,37363db0-8ff0-11f0-8c90-43581a9f29b1,77.57924,NA,NA,6.20144,NA,NA,NA,NA,NA,NA,56f72758-e25f-40a1-9430-d5cf7cab78a7,2025-09-12,15:50:32,2025-09-12T15:50:32Z,2025-09-12T15:50:32Z,NA,v3,471452,471452,NA,NA,NA,Undefined,TEX_BOB,92e7f5a0-8d32-4549-9803-400bcfcef569,55.11853,-115.63742,10.546,5.56563,-3.30088,-12.99324,-2.96765,5.33027,0.19449,NA,NA,NA,NA,NA,NA,NA,NA,NA,NA,NA,NA,NA,NA,NA,NA,NA,NA,NA,NA,NA,NA,NA,NA,NA,NA,NA,NA,NA,NA,NA,NA,NA,NA,NA,NA,NA,NA,NA,NA,NA,NA,NA,NA,NA,NA,NA,NA,NA,NA,High,High,High,NA,NA,NA,NA,NA,110.211984,80.886298,390.979781,0.158394,9:45:00,-0.992597,0.12111,-0.009182,4.408695,12.296058,29.747511,106.054794,-35.594488,0.781442,-0.582045,-0.224884,68.875034,-51.39277,0.582045,-0.781442,0.224884,-68.875034,51.39277,-0.582045,0.781442,0.224884,-106.054794,35.594488,-0.781442,0.582045,-0.224884
75,2025-09-12,10:50:46,1,4,"Smith, Cade",NA,Right,TEX_BOB,"Smith, Cade",NA,Right,TEX_BOB,Undefined,3,Bottom,0,3,0,Slider,Slider,StrikeCalled,Undefined,Undefined,Undefined,0,0,NA,78.91457,-0.438224,-3.098755,2414.085501,135.179727,10:30:00,5.6976,2.9913,5.49555,-37.22427,8.08008,-6.73174,2.18504,-0.4712,73.06107,-7.240707,-4.29522,0.484441,NA,NA,NA,NA,NA,NA,NA,NA,NA,NA,NA,2.61567,4.59146,-2.71518,50,5.63395,6.45849,-114.51955,-2.08826,3.49952,19.67105,-26.0311,TEX_BOB,TEX_BOB,TexasStateUniversity,TeamExclusive,Team,20250912-TexasStateUniversity-Private-1,3fa0a120-8ff0-11f0-8c90-43581a9f29b1,77.80597,NA,NA,5.8535,NA,NA,NA,NA,NA,NA,56f72758-e25f-40a1-9430-d5cf7cab78a7,2025-09-12,15:50:46,2025-09-12T15:50:46Z,2025-09-12T15:50:46Z,NA,v3,471452,471452,NA,NA,NA,Undefined,TEX_BOB,2d39e360-9ea7-4a77-9175-ceefb3923742,55.00626,-115.37628,9.83553,5.70021,-0.95454,-13.01555,-2.99314,6.30608,1.74976,NA,NA,NA,NA,NA,NA,NA,NA,NA,NA,NA,NA,NA,NA,NA,NA,NA,NA,NA,NA,NA,NA,NA,NA,NA,NA,NA,NA,NA,NA,NA,NA,NA,NA,NA,NA,NA,NA,NA,NA,NA,NA,NA,NA,NA,NA,NA,NA,NA,NA,High,High,High,NA,NA,NA,NA,NA,105.329647,78.835088,467.448013,0.193634,9:30:00,-0.983804,0.179235,0.001993,16.112278,12.648715,28.553223,113.861474,-33.820775,0.759773,-0.556597,-0.336074,58.876374,-49.444148,0.556597,-0.759773,0.336074,-58.876374,49.444148,-0.556597,0.759773,0.336074,-113.861474,33.820775,-0.759773,0.556597,-0.336074
76,2025-09-12,10:51:05,1,5,"Smith, Cade",NA,Right,TEX_BOB,"Smith, Cade",NA,Right,TEX_BOB,Undefined,3,Bottom,0,3,1,Fastball,Sinker,BallCalled,Walk,Undefined,Undefined,0,0,NA,90.75907,-2.617743,-5.887999,2368.13231,237.026247,2:00:00,5.69074,2.66005,5.90473,-20.08418,13.90103,19.81918,1.57243,-1.17349,83.4485,-6.376399,-2.354828,0.419581,NA,NA,NA,NA,NA,NA,NA,NA,NA,NA,NA,-11.72016,8.11355,-2.19699,50,5.46757,12.70435,-131.21564,-6.67936,-20.60269,25.61315,-17.91136,TEX_BOB,TEX_BOB,TexasStateUniversity,TeamExclusive,Team,20250912-TexasStateUniversity-Private-1,4acb0ef0-8ff0-11f0-8c90-43581a9f29b1,89.83342,NA,NA,7.31057,NA,NA,NA,NA,NA,NA,56f72758-e25f-40a1-9430-d5cf7cab78a7,2025-09-12,15:51:05,2025-09-12T15:51:05Z,2025-09-12T15:51:05Z,NA,v3,471452,471452,NA,NA,NA,Undefined,TEX_BOB,10450b27-33fc-4c08-9039-af0ef466c718,54.59918,-132.11034,12.80658,5.68996,-6.0537,-8.95568,-2.65335,13.42403,-10.30135,NA,NA,NA,NA,NA,NA,NA,NA,NA,NA,NA,NA,NA,NA,NA,NA,NA,NA,NA,NA,NA,NA,NA,NA,NA,NA,NA,NA,NA,NA,NA,NA,NA,NA,NA,NA,NA,NA,NA,NA,NA,NA,NA,NA,NA,NA,NA,NA,NA,NA,High,High,High,NA,NA,NA,NA,NA,238.99777,-11.659638,2319.266899,0.979365,2:00:00,0.187211,-0.829354,-0.526425,-36.448394,-30.52503,-20.771782,172.046512,-9.167895,0.136602,-0.159328,-0.977729,9.255406,-7.851243,0.159328,-0.136602,0.977729,-9.255406,7.851243,-0.159328,0.136602,0.977729,-172.046512,9.167895,-0.136602,0.159328,-0.977729
77,2025-09-12,10:51:18,2,1,"Smith, Cade",NA,Right,TEX_BOB,"Smith, Cade",NA,Left,TEX_BOB,Undefined,3,Bottom,0,0,0,Slider,Slider,StrikeCalled,Undefined,Undefined,Undefined,0,0,NA,78.76011,0.40134,-1.818124,2272.834285,113.32431,9:45:00,5.57267,3.00288,5.43725,-41.61404,3.87508,-5.9517,2.48087,0.80374,72.85839,-7.190347,-2.877025,0.485428,NA,NA,NA,NA,NA,NA,NA,NA,NA,NA,NA,2.5341,2.25543,-2.83765,50,5.57933,3.86393,-114.40466,-0.5905,3.38401,19.60876,-29.1622,TEX_BOB,TEX_BOB,TexasStateUniversity,TeamExclusive,Team,20250912-TexasStateUniversity-Private-1,52c6ab00-8ff0-11f0-8c90-43581a9f29b1,77.64779,NA,NA,5.90173,NA,NA,NA,NA,NA,NA,56f72758-e25f-40a1-9430-d5cf7cab78a7,2025-09-12,15:51:18,2025-09-12T15:51:18Z,2025-09-12T15:51:18Z,NA,v3,471452,471452,NA,NA,NA,Undefined,TEX_BOB,87f21238-39e8-4129-8538-097e1869f34a,55.06471,-115.26947,9.80438,5.57701,0.69565,-14.5811,-3.00477,3.71468,1.692,NA,NA,NA,NA,NA,NA,NA,NA,NA,NA,NA,NA,NA,NA,NA,NA,NA,NA,NA,NA,NA,NA,NA,NA,NA,NA,NA,NA,NA,NA,NA,NA,NA,NA,NA,NA,NA,NA,NA,NA,NA,NA,NA,NA,NA,NA,NA,NA,NA,NA,High,High,High,NA,NA,NA,NA,NA,109.92557,79.400744,418.06192,0.183939,9:45:00,-0.983197,0.179808,-0.031508,14.166857,18.10515,22.006158,117.596574,-26.558563,0.792714,-0.447112,-0.414361,47.177235,-52.439889,0.447112,-0.792714,0.414361,-47.177235,52.439889,-0.447112,0.792714,0.414361,-117.596574,26.558563,-0.792714,0.447112,-0.414361
78,2025-09-12,10:51:31,2,2,"Smith, Cade",NA,Right,TEX_BOB,"Smith, Cade",NA,Left,TEX_BOB,Undefined,3,Bottom,0,0,1,Slider,Slider,StrikeCalled,Undefined,Undefined,Undefined,0,0,NA,78.59251,-0.238226,-3.097049,2368.197562,100.110045,9:15:00,5.68574,2.94805,5.68364,-42.33506,3.18162,-10.31237,1.93542,-0.80106,72.66728,-7.973008,-4.936715,0.485575,NA,NA,NA,NA,NA,NA,NA,NA,NA,NA,NA,4.41544,2.09847,-2.68041,50,5.63904,6.56026,-114.0596,-1.83697,5.83439,20.38183,-29.40122,TEX_BOB,TEX_BOB,TexasStateUniversity,TeamExclusive,Team,20250912-TexasStateUniversity-Private-1,5ac41bd0-8ff0-11f0-8c90-43581a9f29b1,77.62428,NA,NA,5.92523,NA,NA,NA,NA,NA,NA,56f72758-e25f-40a1-9430-d5cf7cab78a7,2025-09-12,15:51:31,2025-09-12T15:51:31Z,2025-09-12T15:51:31Z,NA,v3,471452,471452,NA,NA,NA,Undefined,TEX_BOB,653286a3-9e9b-4a06-a2e4-915ce30df77b,54.81844,-114.9174,10.19091,5.69031,-0.59957,-14.70061,-2.95134,6.31471,2.91719,NA,NA,NA,NA,NA,NA,NA,NA,NA,NA,NA,NA,NA,NA,NA,NA,NA,NA,NA,NA,NA,NA,NA,NA,NA,NA,NA,NA,NA,NA,NA,NA,NA,NA,NA,NA,NA,NA,NA,NA,NA,NA,NA,NA,NA,NA,NA,NA,NA,NA,High,High,High,NA,NA,NA,NA,NA,102.492869,79.104817,447.619846,0.189013,9:30:00,-0.983507,0.180453,0.012267,5.365726,23.131585,26.175926,115.730843,-34.392582,0.743364,-0.56486,-0.35825,57.616003,-48.018769,0.56486,-0.743364,0.35825,-57.616003,48.018769,-0.56486,0.743364,0.35825,-115.730843,34.392582,-0.743364,0.56486,-0.35825
79,2025-09-12,10:51:45,2,3,"Smith, Cade",NA,Right,TEX_BOB,"Smith, Cade",NA,Left,TEX_BOB,Undefined,3,Bottom,0,0,2,Fastball,Sinker,StrikeCalled,Strikeout,Undefined,Undefined,0,0,NA,90.85231,-1.487872,-4.63075,2311.566602,237.575574,2:00:00,5.72006,2.7905,5.7996,-20.45899,13.36288,19.46076,2.62639,0.09562,83.65405,-5.308971,-1.157598,0.418572,NA,NA,NA,NA,NA,NA,NA,NA,NA,NA,NA,-11.09981,7.49965,-2.42094,50,5.58504,9.83029,-131.69612,-4.11108,-19.69107,25.32012,-18.86965,TEX_BOB,TEX_BOB,TexasStateUniversity,TeamExclusive,Team,20250912-TexasStateUniversity-Private-1,62c11770-8ff0-11f0-8c90-43581a9f29b1,90.05011,NA,NA,7.19826,NA,NA,NA,NA,NA,NA,56f72758-e25f-40a1-9430-d5cf7cab78a7,2025-09-12,15:51:45,2025-09-12T15:51:45Z,2025-09-12T15:51:45Z,NA,v3,471452,471452,NA,NA,NA,Undefined,TEX_BOB,b2442272-bf9d-4294-baf9-9afe14505321,54.70376,-132.59739,12.66006,5.71942,-3.43942,-9.43483,-2.78332,10.53119,-9.84554,NA,NA,NA,NA,NA,NA,NA,NA,NA,NA,NA,NA,NA,NA,NA,NA,NA,NA,NA,NA,NA,NA,NA,NA,NA,NA,NA,NA,NA,NA,NA,NA,NA,NA,NA,NA,NA,NA,NA,NA,NA,NA,NA,NA,NA,NA,NA,NA,NA,NA,High,High,High,NA,NA,NA,NA,NA,241.497884,-9.570174,2279.395877,0.986083,2:00:00,0.150095,-0.86196,-0.484248,-34.59733,-36.938223,-16.86848,178.591514,-16.79627,0.023532,-0.288969,-0.957049,16.80106,-1.348386,0.288969,-0.023532,0.957049,-16.80106,1.348386,-0.288969,0.023532,0.957049,-178.591514,16.79627,-0.023532,0.288969,-0.957049
80,2025-09-12,10:52:01,3,1,"Smith, Cade",NA,Right,TEX_BOB,"Smith, Cade",NA,Left,TEX_BOB,Undefined,3,Bottom,1,0,0,Slider,Slider,BallCalled,Undefined,Undefined,Undefined,0,0,NA,79.79138,-1.715197,-3.555487,2402.595792,140.153001,10:45:00,5.68259,2.79887,5.66487,-36.45002,7.92914,-5.47229,1.04214,-0.97685,73.59269,-8.386224,-4.531008,0.479469,NA,NA,NA,NA,NA,NA,NA,NA,NA,NA,NA,1.80126,4.92965,-2.49438,50,5.51428,7.39584,-115.63571,-4.63745,2.44135,21.36284,-25.49263,TEX_BOB,TEX_BOB,TexasStateUniversity,TeamExclusive,Team,20250912-TexasStateUniversity-Private-1,6c394160-8ff0-11f0-8c90-43581a9f29b1,78.6128,NA,NA,6.19868,NA,NA,NA,NA,NA,NA,56f72758-e25f-40a1-9430-d5cf7cab78a7,2025-09-12,15:52:01,2025-09-12T15:52:01Z,2025-09-12T15:52:01Z,NA,v3,471452,471452,NA,NA,NA,Undefined,TEX_BOB,ca9e3340-fd46-4657-bb48-390a4aba2ab5,54.83571,-116.52564,10.68142,5.68535,-3.57548,-12.74632,-2.80036,7.29414,1.22067,NA,NA,NA,NA,NA,NA,NA,NA,NA,NA,NA,NA,NA,NA,NA,NA,NA,NA,NA,NA,NA,NA,NA,NA,NA,NA,NA,NA,NA,NA,NA,NA,NA,NA,NA,NA,NA,NA,NA,NA,NA,NA,NA,NA,NA,NA,NA,NA,NA,NA,High,High,High,NA,NA,NA,NA,NA,109.15668,80.44276,398.90983,0.166033,9:45:00,-0.991845,0.127253,0.007039,12.884413,19.6964,30.654125,117.610345,-32.82064,0.74467,-0.542011,-0.389475,54.299944,-48.130748,0.542011,-0.74467,0.389475,-54.299944,48.130748,-0.542011,0.74467,0.389475,-117.610345,32.82064,-0.74467,0.542011,-0.389475
81,2025-09-12,10:52:15,3,2,"Smith, Cade",NA,Right,TEX_BOB,"Smith, Cade",NA,Left,TEX_BOB,Undefined,3,Bottom,1,1,0,Slider,Slider,StrikeCalled,Undefined,Undefined,Undefined,0,0,NA,79.75867,-0.271615,-2.252523,2409.258563,130.302279,10:15:00,5.66533,2.80218,5.41126,-38.90754,5.75823,-5.1787,2.16837,0.25912,73.42713,-7.381261,-3.173117,0.481015,NA,NA,NA,NA,NA,NA,NA,NA,NA,NA,NA,1.99599,3.38378,-2.59791,50,5.61398,4.75841,-115.74701,-1.85789,2.71294,21.2186,-27.57479,TEX_BOB,TEX_BOB,TexasStateUniversity,TeamExclusive,Team,20250912-TexasStateUniversity-Private-1,74ad41c0-8ff0-11f0-8c90-43581a9f29b1,78.3602,NA,NA,6.33154,NA,NA,NA,NA,NA,NA,56f72758-e25f-40a1-9430-d5cf7cab78a7,2025-09-12,15:52:15,2025-09-12T15:52:15Z,2025-09-12T15:52:15Z,NA,v3,471452,471452,NA,NA,NA,Undefined,TEX_BOB,1642cd8e-a606-47f4-b7e3-d3c42965cad2,55.08987,-116.67636,10.6093,5.66891,-0.65016,-13.7874,-2.80372,4.63958,1.35647,NA,NA,NA,NA,NA,NA,NA,NA,NA,NA,NA,NA,NA,NA,NA,NA,NA,NA,NA,NA,NA,NA,NA,NA,NA,NA,NA,NA,NA,NA,NA,NA,NA,NA,NA,NA,NA,NA,NA,NA,NA,NA,NA,NA,NA,NA,NA,NA,NA,NA,High,High,High,NA,NA,NA,NA,NA,92.787253,80.092774,414.520958,0.172053,9:00:00,-0.985458,0.167178,0.030389,2.402891,24.533614,21.973214,113.806788,-30.641931,0.787162,-0.509671,-0.347291,55.729384,-51.921085,0.509671,-0.787162,0.347291,-55.729384,51.921085,-0.509671,0.787162,0.347291,-113.806788,30.641931,-0.787162,0.509671,-0.347291
82,2025-09-12,10:52:31,3,3,"Smith, Cade",NA,Right,TEX_BOB,"Smith, Cade",NA,Left,TEX_BOB,Undefined,3,Bottom,1,1,1,Slider,Slider,BallCalled,Undefined,Undefined,Undefined,0,0,NA,79.08356,-1.103033,-3.353966,2373.154129,110.765669,9:45:00,5.71059,2.99706,5.70099,-40.45734,4.61044,-8.54063,1.30939,-0.84364,73.02001,-8.495109,-4.878065,0.483175,NA,NA,NA,NA,NA,NA,NA,NA,NA,NA,NA,3.43717,3.05536,-2.70982,50,5.59256,7.04239,-114.69666,-3.50579,4.58082,21.12502,-28.10211,TEX_BOB,TEX_BOB,TexasStateUniversity,TeamExclusive,Team,20250912-TexasStateUniversity-Private-1,7e496e70-8ff0-11f0-8c90-43581a9f29b1,78.00991,NA,NA,6.06356,NA,NA,NA,NA,NA,NA,56f72758-e25f-40a1-9430-d5cf7cab78a7,2025-09-12,15:52:31,2025-09-12T15:52:31Z,2025-09-12T15:52:31Z,NA,v3,471452,471452,NA,NA,NA,Undefined,TEX_BOB,2534567b-1508-44a5-80f1-792c3cccc285,54.80098,-115.57753,10.56251,5.71431,-2.33399,-14.05106,-2.99949,6.85138,2.29041,NA,NA,NA,NA,NA,NA,NA,NA,NA,NA,NA,NA,NA,NA,NA,NA,NA,NA,NA,NA,NA,NA,NA,NA,NA,NA,NA,NA,NA,NA,NA,NA,NA,NA,NA,NA,NA,NA,NA,NA,NA,NA,NA,NA,NA,NA,NA,NA,NA,NA,High,High,High,NA,NA,NA,NA,NA,98.34247,77.297553,521.827807,0.219888,9:15:00,-0.979721,0.198742,0.025458,5.315621,29.201022,27.297808,120.871771,-36.142156,0.69314,-0.589791,-0.414372,54.909097,-43.879171,0.589791,-0.69314,0.414372,-54.909097,43.879171,-0.589791,0.69314,0.414372,-120.871771,36.142156,-0.69314,0.589791,-0.414372
83,2025-09-12,10:52:43,3,4,"Smith, Cade",NA,Right,TEX_BOB,"Smith, Cade",NA,Left,TEX_BOB,Undefined,3,Bottom,1,2,1,Fastball,Sinker,BallCalled,Undefined,Undefined,Undefined,3,0,NA,91.19947,-3.189891,-4.972959,2355.524585,234.73206,1:45:00,5.68321,2.72453,5.65257,-19.32155,14.56316,19.14115,1.08354,-0.33033,84.03035,-6.788662,-1.568169,0.418961,NA,NA,NA,NA,NA,NA,NA,NA,NA,NA,NA,-11.03115,8.51855,-2.31472,50,5.3993,10.65263,-131.94814,-8.03302,-19.6323,25.57905,-17.01347,TEX_BOB,TEX_BOB,TexasStateUniversity,TeamExclusive,Team,20250912-TexasStateUniversity-Private-1,857ba000-8ff0-11f0-8c90-43581a9f29b1,89.9665,NA,NA,7.16912,NA,NA,NA,NA,NA,NA,56f72758-e25f-40a1-9430-d5cf7cab78a7,2025-09-12,15:52:43,2025-09-12T15:52:43Z,2025-09-12T15:52:43Z,NA,v3,471452,471452,NA,NA,NA,Undefined,TEX_BOB,6d7da151-de1c-4cad-8afc-d61712ca7fcb,54.85129,-132.88527,12.78952,5.68219,-7.40971,-8.50674,-2.71818,11.37189,-9.81615,NA,NA,NA,NA,NA,NA,NA,NA,NA,NA,NA,NA,NA,NA,NA,NA,NA,NA,NA,NA,NA,NA,NA,NA,NA,NA,NA,NA,NA,NA,NA,NA,NA,NA,NA,NA,NA,NA,NA,NA,NA,NA,NA,NA,NA,NA,NA,NA,NA,NA,High,High,High,NA,NA,NA,NA,NA,239.049961,-4.697664,2347.611734,0.996641,2:00:00,0.084414,-0.848854,-0.521845,-45.091646,-23.601078,-9.80182,179.979591,10.19494,3.51E-04,0.176998,-0.984211,10.194941,0.020086,0.176998,3.51E-04,0.984211,-10.194941,-0.020086,-0.176998,-3.51E-04,0.984211,-179.979591,-10.19494,-3.51E-04,-0.176998,-0.984211
84,2025-09-12,10:53:48,1,1,"Moore, Nolan",NA,Right,TEX_BOB,"Moore, Nolan",NA,Left,TEX_BOB,Undefined,4,Top,0,0,0,Fastball,Four-Seam,StrikeCalled,Undefined,Undefined,Undefined,0,0,NA,92.73871,-3.439983,2.175917,2361.57062,149.518018,11:00:00,6.50426,-1.2049,5.45743,-15.72261,17.31367,-9.57847,1.96766,0.03475,85.08423,-6.389664,0.471597,0.413682,NA,NA,NA,NA,NA,NA,NA,NA,NA,NA,NA,5.42327,9.97079,1.01982,50,6.1899,-4.6678,-134.38496,-8.60553,9.95396,28.12044,-13.87356,TEX_BOB,TEX_BOB,TexasStateUniversity,TeamExclusive,Team,20250912-TexasStateUniversity-Private-1,ac67c450-8ff0-11f0-8c90-43581a9f29b1,91.11446,NA,NA,7.65448,NA,NA,NA,NA,NA,NA,56f72758-e25f-40a1-9430-d5cf7cab78a7,2025-09-12,15:53:48,2025-09-12T15:53:48Z,2025-09-12T15:53:48Z,NA,v3,471452,471452,NA,"Kerbow, Dylan",701749,Right,TEX_BOB,9013e46b-5b30-4ebd-b6a0-e2580c0920a7,55.04405,-135.43632,14.06022,6.50194,-8.08682,-6.93678,1.2013,-5.03996,4.97698,NA,NA,NA,NA,NA,NA,NA,NA,NA,NA,NA,NA,NA,NA,NA,NA,NA,NA,NA,NA,NA,NA,NA,NA,NA,NA,NA,NA,NA,NA,NA,NA,NA,NA,NA,NA,NA,NA,NA,NA,NA,NA,NA,NA,NA,NA,NA,NA,NA,NA,High,High,High,NA,NA,NA,NA,NA,151.50452,-21.28283,2200.511603,0.9318,11:00:00,0.366494,0.46553,-0.805583,14.438648,21.036359,-48.056769,167.93758,21.629372,0.194263,0.368601,-0.909063,22.071264,11.201651,0.368601,0.194263,0.909063,-22.071264,-11.201651,-0.368601,-0.194263,0.909063,-167.93758,-21.629372,-0.194263,-0.368601,-0.909063
85,2025-09-12,10:54:03,1,2,"Moore, Nolan",NA,Right,TEX_BOB,"Moore, Nolan",NA,Left,TEX_BOB,Undefined,4,Top,0,0,1,Fastball,Four-Seam,StrikeCalled,Undefined,Undefined,Undefined,0,0,NA,92.53438,-3.398221,1.26927,2311.00063,166.354794,11:30:00,6.54732,-0.9818,5.5941,-15.94253,16.85552,-3.85642,2.04128,-0.11784,85.41277,-6.380387,0.580925,0.412188,NA,NA,NA,NA,NA,NA,NA,NA,NA,NA,NA,2.28012,9.70815,0.87551,50,6.24516,-2.80284,-134.25724,-8.49926,4.20094,26.50017,-14.28747,TEX_BOB,TEX_BOB,TexasStateUniversity,TeamExclusive,Team,20250912-TexasStateUniversity-Private-1,b5455bf0-8ff0-11f0-8c90-43581a9f29b1,91.44473,NA,NA,7.12162,NA,NA,NA,NA,NA,NA,56f72758-e25f-40a1-9430-d5cf7cab78a7,2025-09-12,15:54:03,2025-09-12T15:54:03Z,2025-09-12T15:54:03Z,NA,v3,471452,471452,NA,"Kerbow, Dylan",701749,Right,TEX_BOB,c358342f-7a9c-4d65-87b4-ba6b970988d5,54.90783,-135.22249,13.25009,6.54527,-7.97884,-7.14373,0.98038,-2.95585,2.10047,NA,NA,NA,NA,NA,NA,NA,NA,NA,NA,NA,NA,NA,NA,NA,NA,NA,NA,NA,NA,NA,NA,NA,NA,NA,NA,NA,NA,NA,NA,NA,NA,NA,NA,NA,NA,NA,NA,NA,NA,NA,NA,NA,NA,NA,NA,NA,NA,NA,NA,High,High,High,NA,NA,NA,NA,NA,155.235938,-30.359451,1994.096758,0.862872,11:15:00,0.500347,0.390766,-0.772629,18.334964,22.160713,-62.932868,168.888539,20.647638,0.180339,0.35262,-0.918225,21.007955,10.389525,0.35262,0.180339,0.918225,-21.007955,-10.389525,-0.35262,-0.180339,0.918225,-168.888539,-20.647638,-0.180339,-0.35262,-0.918225
86,2025-09-12,10:54:19,1,3,"Moore, Nolan",NA,Right,TEX_BOB,"Moore, Nolan",NA,Left,TEX_BOB,Undefined,4,Top,0,0,2,Changeup,Changeup,BallCalled,Undefined,Undefined,Undefined,0,0,NA,85.24102,-4.218209,3.417414,1761.428004,108.59433,9:30:00,6.26262,-1.28782,5.78976,-33.23529,5.26248,-12.34016,-0.44531,0.86685,79.36486,-10.260204,1.20523,0.44657,NA,NA,NA,NA,NA,NA,NA,NA,NA,NA,NA,7.24634,4.04366,1.01384,50,5.89357,-6.89642,-123.46952,-10.24118,11.29529,22.33537,-25.87097,TEX_BOB,TEX_BOB,TexasStateUniversity,TeamExclusive,Team,20250912-TexasStateUniversity-Private-1,beda5cb0-8ff0-11f0-8c90-43581a9f29b1,84.40437,NA,NA,5.87615,NA,NA,NA,NA,NA,NA,56f72758-e25f-40a1-9430-d5cf7cab78a7,2025-09-12,15:54:19,2025-09-12T15:54:19Z,2025-09-12T15:54:19Z,NA,v3,471452,471452,NA,"Kerbow, Dylan",701749,Right,TEX_BOB,1f991dc6-af6a-428e-9877-94d34332b058,54.71475,-124.31949,11.16769,6.26456,-9.25667,-12.93549,1.28446,-7.32626,5.64764,NA,NA,NA,NA,NA,NA,NA,NA,NA,NA,NA,NA,NA,NA,NA,NA,NA,NA,NA,NA,NA,NA,NA,NA,NA,NA,NA,NA,NA,NA,NA,NA,NA,NA,NA,NA,NA,NA,NA,NA,NA,NA,NA,NA,NA,NA,NA,NA,NA,NA,High,High,High,NA,NA,NA,NA,NA,131.846766,-24.596014,1601.604953,0.909265,10:30:00,0.400778,0.706121,-0.583756,-31.423801,48.349405,69.222117,118.092048,-75.79327,0.216509,-0.969417,-0.115566,83.201727,-12.504056,0.969417,-0.216509,0.115566,-83.201727,12.504056,-0.969417,0.216509,0.115566,-118.092048,75.79327,-0.216509,0.969417,-0.115566
87,2025-09-12,10:54:42,1,4,"Moore, Nolan",NA,Right,TEX_BOB,"Moore, Nolan",NA,Left,TEX_BOB,Undefined,4,Top,0,1,2,Changeup,Sinker,BallCalled,Undefined,Undefined,Undefined,0,0,NA,87.22458,-4.199656,2.121586,1962.039767,109.996905,9:45:00,6.25424,-1.18578,5.51813,-30.58821,6.74701,-15.35339,-0.23139,-0.48055,80.5671,-9.76209,-0.620618,0.439775,NA,NA,NA,NA,NA,NA,NA,NA,NA,NA,NA,8.46473,4.8613,1.01192,50,5.86681,-4.04962,-126.34707,-10.37023,13.71063,25.2566,-24.3,TEX_BOB,TEX_BOB,TexasStateUniversity,TeamExclusive,Team,20250912-TexasStateUniversity-Private-1,cc537570-8ff0-11f0-8c90-43581a9f29b1,85.70844,NA,NA,6.65748,NA,NA,NA,NA,NA,NA,56f72758-e25f-40a1-9430-d5cf7cab78a7,2025-09-12,15:54:42,2025-09-12T15:54:42Z,2025-09-12T15:54:42Z,NA,v3,471452,471452,NA,"Kerbow, Dylan",701749,Right,TEX_BOB,4cec0cb1-c8a5-4fa0-8ecc-e109f404e58b,54.986,-127.33987,12.6283,6.25567,-9.41504,-12.15,1.18169,-4.58856,6.85531,NA,NA,NA,NA,NA,NA,NA,NA,NA,NA,NA,NA,NA,NA,NA,NA,NA,NA,NA,NA,NA,NA,NA,NA,NA,NA,NA,NA,NA,NA,NA,NA,NA,NA,NA,NA,NA,NA,NA,NA,NA,NA,NA,NA,NA,NA,NA,NA,NA,NA,High,High,High,NA,NA,NA,NA,NA,134.500803,-20.102332,1842.512827,0.93908,10:30:00,0.317891,0.693162,-0.646894,118.980059,-23.308574,13.416507,129.863127,-76.748376,0.17595,-0.973373,-0.146925,81.416332,-10.133965,0.973373,-0.17595,0.146925,-81.416332,10.133965,-0.973373,0.17595,0.146925,-129.863127,76.748376,-0.17595,0.973373,-0.146925
88,2025-09-12,10:55:04,1,5,"Moore, Nolan",NA,Right,TEX_BOB,"Moore, Nolan",NA,Left,TEX_BOB,Undefined,4,Top,0,2,2,Fastball,Four-Seam,BallCalled,Undefined,Undefined,Undefined,0,0,NA,92.60746,-0.197141,0.655644,2361.07457,161.546994,11:30:00,6.53313,-1.11637,5.7727,-15.46202,17.25532,-5.41237,5.06116,-0.95723,84.4335,-3.144503,-0.313476,0.411681,NA,NA,NA,NA,NA,NA,NA,NA,NA,NA,NA,2.92862,9.14626,1.06542,50,6.50752,-1.29478,-134.496,-0.93152,5.36124,29.32977,-15.43052,TEX_BOB,TEX_BOB,TexasStateUniversity,TeamExclusive,Team,20250912-TexasStateUniversity-Private-1,d954ed30-8ff0-11f0-8c90-43581a9f29b1,91.55746,NA,NA,8.17397,NA,NA,NA,NA,NA,NA,56f72758-e25f-40a1-9430-d5cf7cab78a7,2025-09-12,15:55:04,2025-09-12T15:55:04Z,2025-09-12T15:55:04Z,NA,v3,471452,471452,NA,"Kerbow, Dylan",701749,Right,TEX_BOB,bd3cae8e-4fa5-420c-8cf1-246268e45a2f,54.7267,-135.52284,14.66489,6.53068,-0.3913,-7.71526,1.11404,-1.48248,2.68062,NA,NA,NA,NA,NA,NA,NA,NA,NA,NA,NA,NA,NA,NA,NA,NA,NA,NA,NA,NA,NA,NA,NA,NA,NA,NA,NA,NA,NA,NA,NA,NA,NA,NA,NA,NA,NA,NA,NA,NA,NA,NA,NA,NA,NA,NA,NA,NA,NA,NA,High,High,High,NA,NA,NA,NA,NA,155.684788,-29.343744,2058.137811,0.871695,11:15:00,0.497868,0.36061,-0.788725,13.517478,33.627589,-70.672087,161.542578,23.376272,0.290613,0.396768,-0.870701,24.498185,16.89466,0.396768,0.290613,0.870701,-24.498185,-16.89466,-0.396768,-0.290613,0.870701,-161.542578,-23.376272,-0.290613,-0.396768,-0.870701
89,2025-09-12,10:55:32,1,6,"Moore, Nolan",NA,Right,TEX_BOB,"Moore, Nolan",NA,Left,TEX_BOB,Undefined,4,Top,0,3,2,Changeup,Changeup,StrikeCalled,Strikeout,Undefined,Undefined,0,0,NA,86.60384,-2.021678,1.947702,1901.650022,120.186131,10:00:00,6.28753,-1.28945,5.72839,-28.01242,9.31552,-14.07528,2.06835,-0.64765,79.82868,-7.189955,-0.572738,0.439732,NA,NA,NA,NA,NA,NA,NA,NA,NA,NA,NA,7.72965,5.61512,1.13589,50,6.10134,-3.70223,-125.75873,-5.38793,12.43868,24.34665,-23.13808,TEX_BOB,TEX_BOB,TexasStateUniversity,TeamExclusive,Team,20250912-TexasStateUniversity-Private-1,ea2a2940-8ff0-11f0-8c90-43581a9f29b1,85.71679,NA,NA,6.77516,NA,NA,NA,NA,NA,NA,56f72758-e25f-40a1-9430-d5cf7cab78a7,2025-09-12,15:55:32,2025-09-12T15:55:32Z,2025-09-12T15:55:32Z,NA,v3,471452,471452,NA,"Kerbow, Dylan",701749,Right,TEX_BOB,e88fb1de-4def-4a4b-959d-d4cda2a48b3f,54.77445,-126.67969,12.17333,6.28859,-4.51269,-11.56904,1.28483,-4.17275,6.21934,NA,NA,NA,NA,NA,NA,NA,NA,NA,NA,NA,NA,NA,NA,NA,NA,NA,NA,NA,NA,NA,NA,NA,NA,NA,NA,NA,NA,NA,NA,NA,NA,NA,NA,NA,NA,NA,NA,NA,NA,NA,NA,NA,NA,NA,NA,NA,NA,NA,NA,High,High,High,NA,NA,NA,NA,NA,133.400787,-29.483774,1655.377061,0.870495,10:30:00,0.489616,0.649441,-0.58181,-23.764245,41.681847,63.15921,100.370586,-79.989792,0.170984,-0.984777,-0.031291,88.180072,-9.845039,0.984777,-0.170984,0.031291,-88.180072,9.845039,-0.984777,0.170984,0.031291,-100.370586,79.989792,-0.170984,0.984777,-0.031291
90,2025-09-12,10:55:44,2,1,"Moore, Nolan",NA,Right,TEX_BOB,"Moore, Nolan",NA,Right,TEX_BOB,Undefined,4,Top,1,0,0,Changeup,Changeup,BallCalled,Undefined,Undefined,Undefined,0,0,NA,85.7088,-1.844747,1.251971,1796.430224,115.263955,9:45:00,6.37137,-1.27877,6.05263,-29.66356,7.97044,-14.488,2.1907,-1.32694,79.04112,-7.340762,-1.359667,0.441531,NA,NA,NA,NA,NA,NA,NA,NA,NA,NA,NA,7.848,4.94004,1.18927,50,6.21175,-2.16135,-124.56891,-4.96101,12.37799,24.14052,-24.38254,TEX_BOB,TEX_BOB,TexasStateUniversity,TeamExclusive,Team,20250912-TexasStateUniversity-Private-1,f161b200-8ff0-11f0-8c90-43581a9f29b1,85.36752,NA,NA,6.66768,NA,NA,NA,NA,NA,NA,56f72758-e25f-40a1-9430-d5cf7cab78a7,2025-09-12,15:55:44,2025-09-12T15:55:44Z,2025-09-12T15:55:44Z,NA,v3,471452,471452,NA,"Kerbow, Dylan",701749,Right,TEX_BOB,68c8f3c7-28f0-4046-83db-4f628862b9c6,54.45031,-125.42838,12.07026,6.37292,-4.09293,-12.19127,1.27407,-2.60204,6.18899,NA,NA,NA,NA,NA,NA,NA,NA,NA,NA,NA,NA,NA,NA,NA,NA,NA,NA,NA,NA,NA,NA,NA,NA,NA,NA,NA,NA,NA,NA,NA,NA,NA,NA,NA,NA,NA,NA,NA,NA,NA,NA,NA,NA,NA,NA,NA,NA,NA,NA,High,High,High,NA,NA,NA,NA,NA,131.979951,-26.094568,1613.318794,0.898069,10:30:00,0.43116,0.681419,-0.591413,-27.779095,46.4582,65.903524,118.228931,-78.077919,0.182011,-0.978429,-0.097712,84.296996,-10.486945,0.978429,-0.182011,0.097712,-84.296996,10.486945,-0.978429,0.182011,0.097712,-118.228931,78.077919,-0.182011,0.978429,-0.097712
91,2025-09-12,10:55:59,2,2,"Moore, Nolan",NA,Right,TEX_BOB,"Moore, Nolan",NA,Right,TEX_BOB,Undefined,4,Top,1,1,0,Changeup,Four-Seam,StrikeCalled,Undefined,Undefined,Undefined,0,0,NA,93.80125,-2.578563,1.074108,2362.109716,147.085138,11:00:00,6.43236,-1.08282,5.74396,-17.40347,14.43355,-8.71,2.57911,-0.80844,86.15239,-5.840118,-0.485378,0.406104,NA,NA,NA,NA,NA,NA,NA,NA,NA,NA,NA,4.73996,8.34713,0.99897,50,6.20714,-2.16519,-136.17599,-6.71678,8.93617,28.78654,-16.43742,TEX_BOB,TEX_BOB,TexasStateUniversity,TeamExclusive,Team,20250912-TexasStateUniversity-Private-1,fa0c04a0-8ff0-11f0-8c90-43581a9f29b1,92.81469,NA,NA,7.64887,NA,NA,NA,NA,NA,NA,56f72758-e25f-40a1-9430-d5cf7cab78a7,2025-09-12,15:55:59,2025-09-12T15:55:59Z,2025-09-12T15:55:59Z,NA,v3,471452,471452,NA,"Kerbow, Dylan",701749,Right,TEX_BOB,b7432352-8801-419c-a99e-5a96fa616965,54.75781,-137.17806,14.39327,6.431,-6.14458,-8.21871,1.07976,-2.47627,4.46808,NA,NA,NA,NA,NA,NA,NA,NA,NA,NA,NA,NA,NA,NA,NA,NA,NA,NA,NA,NA,NA,NA,NA,NA,NA,NA,NA,NA,NA,NA,NA,NA,NA,NA,NA,NA,NA,NA,NA,NA,NA,NA,NA,NA,NA,NA,NA,NA,NA,NA,High,High,High,NA,NA,NA,NA,NA,151.584308,-32.127496,2000.392323,0.846867,11:00:00,0.527008,0.426512,-0.735085,20.869245,34.368832,-70.643745,166.079073,19.57592,0.226677,0.335056,-0.914525,20.121384,13.101482,0.335056,0.226677,0.914525,-20.121384,-13.101482,-0.335056,-0.226677,0.914525,-166.079073,-19.57592,-0.226677,-0.335056,-0.914525
92,2025-09-12,10:56:11,2,3,"Moore, Nolan",NA,Right,TEX_BOB,"Moore, Nolan",NA,Right,TEX_BOB,Undefined,4,Top,1,1,1,Changeup,Changeup,BallCalled,Undefined,Undefined,Undefined,0,0,NA,85.94315,-2.923897,1.378606,1835.420388,132.920466,10:30:00,6.31988,-1.11573,5.757,-26.13883,11.97284,-11.55568,1.41671,-0.79514,78.86032,-7.764976,-0.69255,0.444325,NA,NA,NA,NA,NA,NA,NA,NA,NA,NA,NA,6.31386,7.29477,1.00865,50,6.06122,-2.53159,-124.66874,-7.22125,9.92566,25.32672,-20.70633,TEX_BOB,TEX_BOB,TexasStateUniversity,TeamExclusive,Team,20250912-TexasStateUniversity-Private-1,01ab9e00-8ff1-11f0-8c90-43581a9f29b1,84.83084,NA,NA,7.08283,NA,NA,NA,NA,NA,NA,56f72758-e25f-40a1-9430-d5cf7cab78a7,2025-09-12,15:56:11,2025-09-12T15:56:11Z,2025-09-12T15:56:11Z,NA,v3,471452,471452,NA,"Kerbow, Dylan",701749,Right,TEX_BOB,ff9e73e5-29fa-4359-9868-0d6aeb84abcd,54.7447,-125.62893,12.66336,6.32012,-6.43622,-10.35317,1.11176,-2.9079,4.96283,NA,NA,NA,NA,NA,NA,NA,NA,NA,NA,NA,NA,NA,NA,NA,NA,NA,NA,NA,NA,NA,NA,NA,NA,NA,NA,NA,NA,NA,NA,NA,NA,NA,NA,NA,NA,NA,NA,NA,NA,NA,NA,NA,NA,NA,NA,NA,NA,NA,NA,High,High,High,NA,NA,NA,NA,NA,134.530285,-33.440622,1531.580072,0.834457,10:30:00,0.53394,0.622203,-0.572513,-28.061571,41.763662,56.320836,111.175105,-81.290278,0.141204,-0.988468,-0.054699,86.83265,-8.117535,0.988468,-0.141204,0.054699,-86.83265,8.117535,-0.988468,0.141204,0.054699,-111.175105,81.290278,-0.141204,0.988468,-0.054699
93,2025-09-12,10:56:23,2,4,"Moore, Nolan",NA,Right,TEX_BOB,"Moore, Nolan",NA,Right,TEX_BOB,Undefined,4,Top,1,2,1,Changeup,Changeup,BallCalled,Undefined,Undefined,Undefined,0,0,NA,85.18083,-2.925457,2.087052,1774.339575,113.263331,9:45:00,6.31541,-1.22004,5.79931,-31.30439,7.10272,-13.91784,0.98146,-0.43776,79.00105,-8.66217,-0.410389,0.446044,NA,NA,NA,NA,NA,NA,NA,NA,NA,NA,NA,7.68811,4.70567,1.05702,50,6.05564,-3.95664,-123.66003,-7.37082,12.00482,22.71658,-24.82623,TEX_BOB,TEX_BOB,TexasStateUniversity,TeamExclusive,Team,20250912-TexasStateUniversity-Private-1,088ec530-8ff1-11f0-8c90-43581a9f29b1,84.50395,NA,NA,6.17978,NA,NA,NA,NA,NA,NA,56f72758-e25f-40a1-9430-d5cf7cab78a7,2025-09-12,15:56:23,2025-09-12T15:56:23Z,2025-09-12T15:56:23Z,NA,v3,471452,471452,NA,"Kerbow, Dylan",701749,Right,TEX_BOB,a4d966c2-0482-4937-8d4c-b5591460f178,54.70413,-124.52119,11.35829,6.31722,-6.42969,-12.41312,1.21564,-4.41173,6.00241,NA,NA,NA,NA,NA,NA,NA,NA,NA,NA,NA,NA,NA,NA,NA,NA,NA,NA,NA,NA,NA,NA,NA,NA,NA,NA,NA,NA,NA,NA,NA,NA,NA,NA,NA,NA,NA,NA,NA,NA,NA,NA,NA,NA,NA,NA,NA,NA,NA,NA,High,High,High,NA,NA,NA,NA,NA,133.123278,-29.452536,1545.029822,0.870763,10:30:00,0.479998,0.659823,-0.578131,-24.942959,45.612317,60.235021,128.017465,-78.66625,0.154826,-0.980499,-0.121039,82.962633,-8.906701,0.980499,-0.154826,0.121039,-82.962633,8.906701,-0.980499,0.154826,0.121039,-128.017465,78.66625,-0.154826,0.980499,-0.121039
94,2025-09-12,10:56:43,2,5,"Moore, Nolan",NA,Right,TEX_BOB,"Moore, Nolan",NA,Right,TEX_BOB,Undefined,4,Top,1,3,1,Fastball,Four-Seam,BallCalled,Walk,Undefined,Undefined,3,0,NA,93.34679,-1.797086,1.264484,2237.023938,161.277245,11:30:00,6.52146,-0.8992,5.63008,-14.75875,17.44391,-5.58382,3.61376,-0.18445,85.75065,-4.588221,0.267386,0.40843,NA,NA,NA,NA,NA,NA,NA,NA,NA,NA,NA,3.15642,9.60804,0.79514,50,6.35898,-2.73762,-135.55899,-4.72224,5.91113,27.84997,-14.18064,TEX_BOB,TEX_BOB,TexasStateUniversity,TeamExclusive,Team,20250912-TexasStateUniversity-Private-1,14aa22b0-8ff1-11f0-8c90-43581a9f29b1,92.28628,NA,NA,7.59614,NA,NA,NA,NA,NA,NA,56f72758-e25f-40a1-9430-d5cf7cab78a7,2025-09-12,15:56:43,2025-09-12T15:56:43Z,2025-09-12T15:56:43Z,NA,v3,471452,471452,NA,"Kerbow, Dylan",701749,Right,TEX_BOB,e1f72c61-7b1f-464f-bbce-b4ced5d7d134,54.87076,-136.556,13.92498,6.51895,-4.21458,-7.09032,0.89694,-2.94924,2.95557,NA,NA,NA,NA,NA,NA,NA,NA,NA,NA,NA,NA,NA,NA,NA,NA,NA,NA,NA,NA,NA,NA,NA,NA,NA,NA,NA,NA,NA,NA,NA,NA,NA,NA,NA,NA,NA,NA,NA,NA,NA,NA,NA,NA,NA,NA,NA,NA,NA,NA,High,High,High,NA,NA,NA,NA,NA,157.322032,-34.07782,1852.876147,0.828277,11:15:00,0.566759,0.336758,-0.751916,23.381476,25.797709,-77.385003,171.461624,15.737011,0.142907,0.271222,-0.951849,15.904509,8.216074,0.271222,0.142907,0.951849,-15.904509,-8.216074,-0.271222,-0.142907,0.951849,-171.461624,-15.737011,-0.142907,-0.271222,-0.951849
95,2025-09-12,10:59:06,1,1,"Smith, Cade",NA,Right,TEX_BOB,"Smith, Cade",NA,Left,TEX_BOB,Undefined,4,Bottom,0,0,0,Fastball,Sinker,StrikeCalled,Undefined,Undefined,Undefined,0,0,NA,91.43303,-1.523315,-3.877832,2275.277754,241.758137,2:00:00,5.74211,2.64728,5.73918,-20.98978,12.62516,21.5434,2.57088,0.82605,83.73865,-5.445571,-0.030566,0.41729,NA,NA,NA,NA,NA,NA,NA,NA,NA,NA,NA,-11.97194,7.15107,-2.33725,50,5.60212,8.02974,-132.56897,-4.2443,-21.38122,27.39449,-19.40261,TEX_BOB,TEX_BOB,TexasStateUniversity,TeamExclusive,Team,20250912-TexasStateUniversity-Private-1,69d8c6b0-8ff1-11f0-8c90-43581a9f29b1,90.3268,NA,NA,7.69438,NA,NA,NA,NA,NA,NA,56f72758-e25f-40a1-9430-d5cf7cab78a7,2025-09-12,15:59:06,2025-09-12T15:59:06Z,2025-09-12T15:59:06Z,NA,v3,471452,471452,NA,NA,NA,Undefined,TEX_BOB,8942ff1d-e22b-487c-982d-12cd9d949e3f,54.76326,-133.54964,13.69725,5.74163,-3.54973,-9.70131,-2.6384,8.79514,-10.69061,NA,NA,NA,NA,NA,NA,NA,NA,NA,NA,NA,NA,NA,NA,NA,NA,NA,NA,NA,NA,NA,NA,NA,NA,NA,NA,NA,NA,NA,NA,NA,NA,NA,NA,NA,NA,NA,NA,NA,NA,NA,NA,NA,NA,NA,NA,NA,NA,NA,NA,High,High,High,NA,NA,NA,NA,NA,238.912758,-6.020933,2262.726502,0.994484,2:00:00,0.092476,-0.848569,-0.520941,-35.670292,-31.870271,-15.014851,179.244956,17.075117,0.012597,0.293625,-0.955838,17.076513,0.72176,0.293625,0.012597,0.955838,-17.076513,-0.72176,-0.293625,-0.012597,0.955838,-179.244956,-17.075117,-0.012597,-0.293625,-0.955838
96,2025-09-12,10:59:17,1,2,"Smith, Cade",NA,Right,TEX_BOB,"Smith, Cade",NA,Left,TEX_BOB,Undefined,4,Bottom,0,0,1,Fastball,Sinker,BallCalled,Undefined,Undefined,Undefined,0,0,NA,91.16582,-2.654643,-5.608038,2377.031056,238.547872,2:00:00,5.65375,2.55497,6.17939,-19.45891,13.96032,21.08836,1.56704,-0.88331,83.53381,-6.326318,-1.825376,0.416073,NA,NA,NA,NA,NA,NA,NA,NA,NA,NA,NA,-12.38481,8.24937,-2.14025,50,5.44201,12.07227,-131.86075,-6.7345,-21.90228,26.86918,-17.58518,TEX_BOB,TEX_BOB,TexasStateUniversity,TeamExclusive,Team,20250912-TexasStateUniversity-Private-1,707ebdd0-8ff1-11f0-8c90-43581a9f29b1,90.59094,NA,NA,7.63201,NA,NA,NA,NA,NA,NA,56f72758-e25f-40a1-9430-d5cf7cab78a7,2025-09-12,15:59:17,2025-09-12T15:59:17Z,2025-09-12T15:59:17Z,NA,v3,471452,471452,NA,NA,NA,Undefined,TEX_BOB,c992fc40-41b6-4b0e-8189-9b136a2904eb,54.32346,-132.73881,13.43459,5.6527,-6.15983,-8.79259,-2.54646,12.78803,-10.95114,NA,NA,NA,NA,NA,NA,NA,NA,NA,NA,NA,NA,NA,NA,NA,NA,NA,NA,NA,NA,NA,NA,NA,NA,NA,NA,NA,NA,NA,NA,NA,NA,NA,NA,NA,NA,NA,NA,NA,NA,NA,NA,NA,NA,NA,NA,NA,NA,NA,NA,High,High,High,NA,NA,NA,NA,NA,239.727966,-10.140876,2339.896649,0.984378,2:00:00,0.165732,-0.841083,-0.514891,-33.910363,-33.646346,-10.953102,178.999082,18.68034,0.016548,0.320288,-0.947176,18.682993,0.948184,0.320288,0.016548,0.947176,-18.682993,-0.948184,-0.320288,-0.016548,0.947176,-178.999082,-18.68034,-0.016548,-0.320288,-0.947176
97,2025-09-12,10:59:31,1,3,"Smith, Cade",NA,Right,TEX_BOB,"Smith, Cade",NA,Left,TEX_BOB,Undefined,4,Bottom,0,1,1,Changeup,Changeup,StrikeCalled,Undefined,Undefined,Undefined,0,0,NA,84.09046,-2.090176,-4.970897,1714.143994,231.485506,1:45:00,5.63201,2.75587,6.15055,-25.76368,13.55839,15.45178,1.54555,-0.56119,77.08363,-6.915238,-2.197034,0.451325,NA,NA,NA,NA,NA,NA,NA,NA,NA,NA,NA,-9.36571,7.96418,-2.38467,50,5.45901,10.00091,-121.74259,-5.21523,-14.08043,23.51614,-20.20074,TEX_BOB,TEX_BOB,TexasStateUniversity,TeamExclusive,Team,20250912-TexasStateUniversity-Private-1,785c2380-8ff1-11f0-8c90-43581a9f29b1,83.51504,NA,NA,7.00683,NA,NA,NA,NA,NA,NA,56f72758-e25f-40a1-9430-d5cf7cab78a7,2025-09-12,15:59:31,2025-09-12T15:59:31Z,2025-09-12T15:59:31Z,NA,v3,471452,471452,NA,NA,NA,Undefined,TEX_BOB,b81e98ec-767e-4f04-8071-f6c3865067e2,54.35134,-122.58022,11.75807,5.63196,-4.49569,-10.10037,-2.74983,10.50244,-7.04022,NA,NA,NA,NA,NA,NA,NA,NA,NA,NA,NA,NA,NA,NA,NA,NA,NA,NA,NA,NA,NA,NA,NA,NA,NA,NA,NA,NA,NA,NA,NA,NA,NA,NA,NA,NA,NA,NA,NA,NA,NA,NA,NA,NA,NA,NA,NA,NA,NA,NA,High,High,High,NA,NA,NA,NA,NA,243.649371,-10.459399,1685.661431,0.983384,2:00:00,0.174933,-0.873997,-0.453351,-29.246321,-37.895735,52.156227,114.027057,36.035337,0.738587,0.588284,-0.329258,60.764589,47.611196,0.588284,0.738587,0.329258,-60.764589,-47.611196,-0.588284,-0.738587,0.329258,-114.027057,-36.035337,-0.738587,-0.588284,-0.329258
98,2025-09-12,10:59:48,1,4,"Smith, Cade",NA,Right,TEX_BOB,"Smith, Cade",NA,Left,TEX_BOB,Undefined,4,Bottom,0,1,2,Changeup,Changeup,StrikeCalled,Strikeout,Undefined,Undefined,0,0,NA,82.80704,-0.737141,-4.110526,1737.278854,252.617638,2:30:00,5.64856,2.48887,5.80717,-34.09899,6.74867,17.54202,2.11963,0.12134,76.14461,-7.026748,-0.973854,0.459997,NA,NA,NA,NA,NA,NA,NA,NA,NA,NA,NA,-10.058,4.02103,-2.16161,50,5.56748,7.94003,-120.08116,-2.66133,-14.74813,22.33003,-26.27798,TEX_BOB,TEX_BOB,TexasStateUniversity,TeamExclusive,Team,20250912-TexasStateUniversity-Private-1,82dc6ea0-8ff1-11f0-8c90-43581a9f29b1,81.9406,NA,NA,6.66244,NA,NA,NA,NA,NA,NA,56f72758-e25f-40a1-9430-d5cf7cab78a7,2025-09-12,15:59:48,2025-09-12T15:59:48Z,2025-09-12T15:59:48Z,NA,v3,471452,471452,NA,NA,NA,Undefined,TEX_BOB,abf969dd-1296-42b6-b5bd-3faa8d5b4614,54.69554,-120.95118,11.16501,5.65123,-1.63749,-13.13899,-2.48216,8.51465,-7.37407,NA,NA,NA,NA,NA,NA,NA,NA,NA,NA,NA,NA,NA,NA,NA,NA,NA,NA,NA,NA,NA,NA,NA,NA,NA,NA,NA,NA,NA,NA,NA,NA,NA,NA,NA,NA,NA,NA,NA,NA,NA,NA,NA,NA,NA,NA,NA,NA,NA,NA,High,High,High,NA,NA,NA,NA,NA,242.43162,-10.610277,1707.575449,0.982902,2:00:00,0.162212,-0.868862,-0.467725,-27.09608,-34.658052,46.639514,120.223022,36.551498,0.694128,0.595545,-0.404366,55.824103,43.957807,0.595545,0.694128,0.404366,-55.824103,-43.957807,-0.595545,-0.694128,0.404366,-120.223022,-36.551498,-0.694128,-0.595545,-0.404366
99,2025-09-12,11:00:02,2,1,"Smith, Cade",NA,Right,TEX_BOB,"Smith, Cade",NA,Left,TEX_BOB,Undefined,4,Bottom,1,0,0,Fastball,Sinker,StrikeCalled,Undefined,Undefined,Undefined,0,0,NA,91.12054,-1.651404,-4.359746,2393.237579,232.272683,1:45:00,5.79283,2.65007,5.72289,-17.34654,16.55072,20.01395,2.80416,0.24906,83.38558,-4.926644,-0.791608,0.419038,NA,NA,NA,NA,NA,NA,NA,NA,NA,NA,NA,-11.32237,9.1743,-2.29771,50,5.6438,9.18083,-132.02233,-4.36482,-20.0667,27.01124,-15.91436,TEX_BOB,TEX_BOB,TexasStateUniversity,TeamExclusive,Team,20250912-TexasStateUniversity-Private-1,8af1fb50-8ff1-11f0-8c90-43581a9f29b1,89.94987,NA,NA,7.73496,NA,NA,NA,NA,NA,NA,56f72758-e25f-40a1-9430-d5cf7cab78a7,2025-09-12,16:00:02,2025-09-12T16:00:02Z,2025-09-12T16:00:02Z,NA,v3,471452,471452,NA,NA,NA,Undefined,TEX_BOB,fdcd664e-3bd5-4350-a85d-36d0401bb04f,54.77934,-132.99657,13.50562,5.79087,-3.79082,-7.95718,-2.6419,9.90459,-10.03335,NA,NA,NA,NA,NA,NA,NA,NA,NA,NA,NA,NA,NA,NA,NA,NA,NA,NA,NA,NA,NA,NA,NA,NA,NA,NA,NA,NA,NA,NA,NA,NA,NA,NA,NA,NA,NA,NA,NA,NA,NA,NA,NA,NA,NA,NA,NA,NA,NA,NA,High,High,High,NA,NA,NA,NA,NA,237.930307,-4.366794,2386.290124,0.997097,2:00:00,0.059924,-0.842398,-0.535514,-35.556019,-28.992881,-19.060262,178.180057,-15.447235,0.030611,-0.266351,-0.96339,15.454659,-1.754178,0.266351,-0.030611,0.96339,-15.454659,1.754178,-0.266351,0.030611,0.96339,-178.180057,15.447235,-0.030611,0.266351,-0.96339
100,2025-09-12,11:00:14,2,2,"Smith, Cade",NA,Right,TEX_BOB,"Smith, Cade",NA,Left,TEX_BOB,Undefined,4,Bottom,1,0,1,Changeup,Changeup,BallCalled,Undefined,Undefined,Undefined,0,0,NA,84.14074,-2.103315,-5.259324,1757.701222,236.911195,2:00:00,5.67686,2.61871,6.04177,-27.12072,12.26698,16.92154,1.46022,-0.85453,77.29188,-7.155417,-2.229257,0.451701,NA,NA,NA,NA,NA,NA,NA,NA,NA,NA,NA,-10.13993,7.25414,-2.21669,50,5.49737,10.55783,-121.77431,-5.31568,-15.28812,23.00223,-21.23689,TEX_BOB,TEX_BOB,TexasStateUniversity,TeamExclusive,Team,20250912-TexasStateUniversity-Private-1,92644320-8ff1-11f0-8c90-43581a9f29b1,83.44546,NA,NA,6.84886,NA,NA,NA,NA,NA,NA,56f72758-e25f-40a1-9430-d5cf7cab78a7,2025-09-12,16:00:14,2025-09-12T16:00:14Z,2025-09-12T16:00:14Z,NA,v3,471452,471452,NA,NA,NA,Undefined,TEX_BOB,7bc3cbe3-8c93-42e8-bda8-6cf5cc3dcba3,54.46068,-122.614,11.50112,5.67727,-4.54043,-10.61845,-2.61229,11.11593,-7.64406,NA,NA,NA,NA,NA,NA,NA,NA,NA,NA,NA,NA,NA,NA,NA,NA,NA,NA,NA,NA,NA,NA,NA,NA,NA,NA,NA,NA,NA,NA,NA,NA,NA,NA,NA,NA,NA,NA,NA,NA,NA,NA,NA,NA,NA,NA,NA,NA,NA,NA,High,High,High,NA,NA,NA,NA,NA,240.768121,-1.730723,1756.899374,0.999544,2:00:00,0.01719,-0.870556,-0.491769,-37.810244,-36.871813,57.079096,107.056565,24.152111,0.872328,0.409161,-0.26764,56.810553,60.730346,0.409161,0.872328,0.26764,-56.810553,-60.730346,-0.409161,-0.872328,0.26764,-107.056565,-24.152111,-0.872328,-0.409161,-0.26764
101,2025-09-12,11:00:27,2,3,"Smith, Cade",NA,Right,TEX_BOB,"Smith, Cade",NA,Left,TEX_BOB,Undefined,4,Bottom,1,1,1,Changeup,Changeup,BallCalled,Undefined,Undefined,Undefined,0,0,NA,84.10999,-3.076377,-4.418827,1536.154425,251.181764,2:15:00,5.6129,2.53295,5.92504,-33.09612,6.45126,15.34269,-0.01108,-0.29706,77.6566,-9.154229,-1.668167,0.452616,NA,NA,NA,NA,NA,NA,NA,NA,NA,NA,NA,-9.18032,4.45429,-2.18796,50,5.34668,8.83563,-121.80269,-7.63075,-13.83989,23.13767,-25.45893,TEX_BOB,TEX_BOB,TexasStateUniversity,TeamExclusive,Team,20250912-TexasStateUniversity-Private-1,9a3d6310-8ff1-11f0-8c90-43581a9f29b1,83.27682,NA,NA,6.45339,NA,NA,NA,NA,NA,NA,56f72758-e25f-40a1-9430-d5cf7cab78a7,2025-09-12,16:00:27,2025-09-12T16:00:27Z,2025-09-12T16:00:27Z,NA,v3,471452,471452,NA,NA,NA,Undefined,TEX_BOB,db82007d-9295-4c79-ae8e-24636e190425,54.57929,-122.66949,11.56883,5.61468,-6.67699,-12.72947,-2.52868,9.35411,-6.91994,NA,NA,NA,NA,NA,NA,NA,NA,NA,NA,NA,NA,NA,NA,NA,NA,NA,NA,NA,NA,NA,NA,NA,NA,NA,NA,NA,NA,NA,NA,NA,NA,NA,NA,NA,NA,NA,NA,NA,NA,NA,NA,NA,NA,NA,NA,NA,NA,NA,NA,High,High,High,NA,NA,NA,NA,NA,243.932182,-12.435503,1500.114756,0.976539,2:15:00,0.228265,-0.864379,-0.448044,-24.611965,-42.998412,52.118254,110.164064,41.624054,0.701703,0.66424,-0.257677,68.797356,44.563828,0.66424,0.701703,0.257677,-68.797356,-44.563828,-0.66424,-0.701703,0.257677,-110.164064,-41.624054,-0.701703,-0.66424,-0.257677
102,2025-09-12,11:00:49,2,4,"Smith, Cade",NA,Right,TEX_BOB,"Smith, Cade",NA,Left,TEX_BOB,Undefined,4,Bottom,1,2,1,Fastball,Sinker,BallCalled,Undefined,Undefined,Undefined,0,0,NA,91.35366,-0.622939,-2.793269,2357.146111,235.210318,1:45:00,5.74292,2.65716,5.89005,-18.94186,14.5178,19.38336,3.58529,1.67668,83.47691,-4.198228,0.681812,0.416325,NA,NA,NA,NA,NA,NA,NA,NA,NA,NA,NA,-10.63678,7.91075,-2.44275,50,5.6817,5.62036,-132.62191,-2.04402,-18.97133,27.98476,-18.06472,TEX_BOB,TEX_BOB,TexasStateUniversity,TeamExclusive,Team,20250912-TexasStateUniversity-Private-1,a6c67680-8ff1-11f0-8c90-43581a9f29b1,90.53613,NA,NA,7.87676,NA,NA,NA,NA,NA,NA,56f72758-e25f-40a1-9430-d5cf7cab78a7,2025-09-12,16:00:49,2025-09-12T16:00:49Z,2025-09-12T16:00:49Z,NA,v3,471452,471452,NA,NA,NA,Undefined,TEX_BOB,64f622b5-e806-4ea2-8151-52d258aed72e,54.61137,-133.59142,13.99238,5.74167,-1.41819,-9.03236,-2.64885,6.2776,-9.48567,NA,NA,NA,NA,NA,NA,NA,NA,NA,NA,NA,NA,NA,NA,NA,NA,NA,NA,NA,NA,NA,NA,NA,NA,NA,NA,NA,NA,NA,NA,NA,NA,NA,NA,NA,NA,NA,NA,NA,NA,NA,NA,NA,NA,NA,NA,NA,NA,NA,NA,High,High,High,NA,NA,NA,NA,NA,241.20829,-13.298518,2293.938823,0.973185,2:00:00,0.216158,-0.850325,-0.479816,-31.879883,-34.079384,-17.796494,173.012536,-16.50234,0.116641,-0.284055,-0.951687,16.619036,-6.698291,0.284055,-0.116641,0.951687,-16.619036,6.698291,-0.284055,0.116641,0.951687,-173.012536,16.50234,-0.116641,0.284055,-0.951687
103,2025-09-12,11:01:02,2,5,"Smith, Cade",NA,Right,TEX_BOB,"Smith, Cade",NA,Left,TEX_BOB,Undefined,4,Bottom,1,3,1,Changeup,Changeup,StrikeCalled,Undefined,Undefined,Undefined,0,0,NA,83.22487,-0.465831,-3.683527,1923.778465,237.770178,2:00:00,5.62933,2.64367,5.76126,-28.69978,11.51949,16.4328,2.80318,0.57971,76.85795,-5.780262,-0.747702,0.456445,NA,NA,NA,NA,NA,NA,NA,NA,NA,NA,NA,-9.27134,6.34894,-2.3481,50,5.57311,7.12233,-120.80188,-1.90418,-13.85423,21.05615,-22.6868,TEX_BOB,TEX_BOB,TexasStateUniversity,TeamExclusive,Team,20250912-TexasStateUniversity-Private-1,aed39ec0-8ff1-11f0-8c90-43581a9f29b1,82.57825,NA,NA,6.36692,NA,NA,NA,NA,NA,NA,56f72758-e25f-40a1-9430-d5cf7cab78a7,2025-09-12,16:01:02,2025-09-12T16:01:02Z,2025-09-12T16:01:02Z,NA,v3,471452,471452,NA,NA,NA,Undefined,TEX_BOB,2f9cdb0a-08e5-43d1-9c79-f20eac65d5cd,54.74114,-121.62547,10.52808,5.63024,-1.01681,-11.3434,-2.63728,7.66423,-6.92711,NA,NA,NA,NA,NA,NA,NA,NA,NA,NA,NA,NA,NA,NA,NA,NA,NA,NA,NA,NA,NA,NA,NA,NA,NA,NA,NA,NA,NA,NA,NA,NA,NA,NA,NA,NA,NA,NA,NA,NA,NA,NA,NA,NA,NA,NA,NA,NA,NA,NA,High,High,High,NA,NA,NA,NA,NA,241.115557,1.176655,1923.372805,0.999789,2:00:00,-0.044416,-0.875549,-0.481083,-21.626348,-25.42552,51.624461,109.801155,25.211451,0.851248,0.42596,-0.306488,54.264163,58.347681,0.42596,0.851248,0.306488,-54.264163,-58.347681,-0.42596,-0.851248,0.306488,-109.801155,-25.211451,-0.851248,-0.42596,-0.306488
104,2025-09-12,11:01:17,2,6,"Smith, Cade",NA,Right,TEX_BOB,"Smith, Cade",NA,Left,TEX_BOB,Undefined,4,Bottom,1,3,2,Changeup,Changeup,BallCalled,Walk,Undefined,Undefined,0,0,NA,82.86975,-3.914618,-6.320139,1805.691277,234.855633,1:45:00,5.6986,2.55268,6.40317,-27.77667,12.47406,15.92174,-0.24366,-1.95619,76.46944,-9.085583,-3.456994,0.456624,NA,NA,NA,NA,NA,NA,NA,NA,NA,NA,NA,-10.10438,7.92756,-2.10545,50,5.40296,12.69856,-119.61849,-9.01093,-14.71532,21.96454,-20.62888,TEX_BOB,TEX_BOB,TexasStateUniversity,TeamExclusive,Team,20250912-TexasStateUniversity-Private-1,b7dbefe0-8ff1-11f0-8c90-43581a9f29b1,82.54599,NA,NA,6.40031,NA,NA,NA,NA,NA,NA,56f72758-e25f-40a1-9430-d5cf7cab78a7,2025-09-12,16:01:17,2025-09-12T16:01:17Z,2025-09-12T16:01:17Z,NA,v3,471452,471452,NA,NA,NA,Undefined,TEX_BOB,ee0cbff6-ca60-435b-8108-8fc8d05e50a2,54.10096,-120.36916,10.98227,5.69887,-8.30591,-10.31444,-2.54803,13.20148,-7.35766,NA,NA,NA,NA,NA,NA,NA,NA,NA,NA,NA,NA,NA,NA,NA,NA,NA,NA,NA,NA,NA,NA,NA,NA,NA,NA,NA,NA,NA,NA,NA,NA,NA,NA,NA,NA,NA,NA,NA,NA,NA,NA,NA,NA,NA,NA,NA,NA,NA,NA,High,High,High,NA,NA,NA,NA,NA,241.626193,-1.644104,1804.947921,0.999588,2:00:00,0.035836,-0.875493,-0.4819,-39.453322,-35.21971,59.351268,107.66336,22.812865,0.87832,0.387723,-0.279689,54.194707,61.440322,0.387723,0.87832,0.279689,-54.194707,-61.440322,-0.387723,-0.87832,0.279689,-107.66336,-22.812865,-0.87832,-0.387723,-0.279689
105,2025-09-12,11:01:47,3,1,"Smith, Cade",NA,Right,TEX_BOB,"Smith, Cade",NA,Right,TEX_BOB,Undefined,4,Bottom,1,0,0,Changeup,Changeup,BallCalled,Undefined,Undefined,Undefined,0,0,NA,82.75541,-0.740478,-2.707001,1672.293548,254.077184,2:30:00,5.6539,2.71815,6.26955,-33.94585,6.40524,17.85706,2.14161,1.70871,75.68838,-7.072058,0.521192,0.457192,NA,NA,NA,NA,NA,NA,NA,NA,NA,NA,NA,-9.99918,3.95973,-2.52574,50,5.58274,5.00439,-120.16925,-2.58223,-14.56975,24.05582,-26.40437,TEX_BOB,TEX_BOB,TexasStateUniversity,TeamExclusive,Team,20250912-TexasStateUniversity-Private-1,c9fe1e50-8ff1-11f0-8c90-43581a9f29b1,82.44326,NA,NA,7.06703,NA,NA,NA,NA,NA,NA,56f72758-e25f-40a1-9430-d5cf7cab78a7,2025-09-12,16:01:47,2025-09-12T16:01:47Z,2025-09-12T16:01:47Z,NA,v3,471452,471452,NA,NA,NA,Undefined,TEX_BOB,303ed3c2-e39d-4859-8d70-2adcae265c68,54.23157,-121.01337,12.02791,5.65709,-1.6557,-13.20219,-2.71032,5.51565,-7.28488,NA,NA,NA,NA,NA,NA,NA,NA,NA,NA,NA,NA,NA,NA,NA,NA,NA,NA,NA,NA,NA,NA,NA,NA,NA,NA,NA,NA,NA,NA,NA,NA,NA,NA,NA,NA,NA,NA,NA,NA,NA,NA,NA,NA,NA,NA,NA,NA,NA,NA,High,High,High,NA,NA,NA,NA,NA,244.423259,-7.48477,1658.044808,0.99148,2:15:00,0.121435,-0.892564,-0.434261,-26.947335,-35.023195,49.795764,112.744865,36.298959,0.743266,0.591999,-0.311599,62.239892,48.01035,0.591999,0.743266,0.311599,-62.239892,-48.01035,-0.591999,-0.743266,0.311599,-112.744865,-36.298959,-0.743266,-0.591999,-0.311599
,,,,,,,,,,,,,,,,,,,,,,,,,,,,,,,,,,,,,,,,,,,,,,,,,,,,,,,,,,,,,,,,,,,,,,,,,,,,,,,,,,,,,,,,,,,,,,,,,,,,,,,,,,,,,,,,,,,,,,,,,,,,,,,,,,,,,,,,,,,,,,,,,,,,,,,,,,,,,,,,,,,,,,,,,,,,,,,,,,,,,,,,,,,,,,,,,,,,,
,,,,,,,,,,,,,,,,,,,,,,,,,,,,,,,,,,,,,,,,,,,,,,,,,,,,,,,,,,,,,,,,,,,,,,,,,,,,,,,,,,,,,,,,,,,,,,,,,,,,,,,,,,,,,,,,,,,,,,,,,,,,,,,,,,,,,,,,,,,,,,,,,,,,,,,,,,,,,,,,,,,,,,,,,,,,,,,,,,,,,,,,,,,,,,,,,,,,,
,,,,,,,,,,,,,,,,,,,,,,,,,,,,,,,,,,,,,,,,,,,,,,,,,,,,,,,,,,,,,,,,,,,,,,,,,,,,,,,,,,,,,,,,,,,,,,,,,,,,,,,,,,,,,,,,,,,,,,,,,,,,,,,,,,,,,,,,,,,,,,,,,,,,,,,,,,,,,,,,,,,,,,,,,,,,,,,,,,,,,,,,,,,,,,,,,,,,,
,,,,,,,,,,,,,,,,,,,,,,,,,,,,,,,,,,,,,,,,,,,,,,,,,,,,,,,,,,,,,,,,,,,,,,,,,,,,,,,,,,,,,,,,,,,,,,,,,,,,,,,,,,,,,,,,,,,,,,,,,,,,,,,,,,,,,,,,,,,,,,,,,,,,,,,,,,,,,,,,,,,,,,,,,,,,,,,,,,,,,,,,,,,,,,,,,,,,,
,,,,,,,,,,,,,,,,,,,,,,,,,,,,,,,,,,,,,,,,,,,,,,,,,,,,,,,,,,,,,,,,,,,,,,,,,,,,,,,,,,,,,,,,,,,,,,,,,,,,,,,,,,,,,,,,,,,,,,,,,,,,,,,,,,,,,,,,,,,,,,,,,,,,,,,,,,,,,,,,,,,,,,,,,,,,,,,,,,,,,,,,,,,,,,,,,,,,,
,,,,,,,,,,,,,,,,,,,,,,,,,,,,,,,,,,,,,,,,,,,,,,,,,,,,,,,,,,,,,,,,,,,,,,,,,,,,,,,,,,,,,,,,,,,,,,,,,,,,,,,,,,,,,,,,,,,,,,,,,,,,,,,,,,,,,,,,,,,,,,,,,,,,,,,,,,,,,,,,,,,,,,,,,,,,,,,,,,,,,,,,,,,,,,,,,,,,,
,,,,,,,,,,,,,,,,,,,,,,,,,,,,,,,,,,,,,,,,,,,,,,,,,,,,,,,,,,,,,,,,,,,,,,,,,,,,,,,,,,,,,,,,,,,,,,,,,,,,,,,,,,,,,,,,,,,,,,,,,,,,,,,,,,,,,,,,,,,,,,,,,,,,,,,,,,,,,,,,,,,,,,,,,,,,,,,,,,,,,,,,,,,,,,,,,,,,,
,,,,,,,,,,,,,,,,,,,,,,,,,,,,,,,,,,,,,,,,,,,,,,,,,,,,,,,,,,,,,,,,,,,,,,,,,,,,,,,,,,,,,,,,,,,,,,,,,,,,,,,,,,,,,,,,,,,,,,,,,,,,,,,,,,,,,,,,,,,,,,,,,,,,,,,,,,,,,,,,,,,,,,,,,,,,,,,,,,,,,,,,,,,,,,,,,,,,,
,,,,,,,,,,,,,,,,,,,,,,,,,,,,,,,,,,,,,,,,,,,,,,,,,,,,,,,,,,,,,,,,,,,,,,,,,,,,,,,,,,,,,,,,,,,,,,,,,,,,,,,,,,,,,,,,,,,,,,,,,,,,,,,,,,,,,,,,,,,,,,,,,,,,,,,,,,,,,,,,,,,,,,,,,,,,,,,,,,,,,,,,,,,,,,,,,,,,,
,,,,,,,,,,,,,,,,,,,,,,,,,,,,,,,,,,,,,,,,,,,,,,,,,,,,,,,,,,,,,,,,,,,,,,,,,,,,,,,,,,,,,,,,,,,,,,,,,,,,,,,,,,,,,,,,,,,,,,,,,,,,,,,,,,,,,,,,,,,,,,,,,,,,,,,,,,,,,,,,,,,,,,,,,,,,,,,,,,,,,,,,,,,,,,,,,,,,,
,,,,,,,,,,,,,,,,,,,,,,,,,,,,,,,,,,,,,,,,,,,,,,,,,,,,,,,,,,,,,,,,,,,,,,,,,,,,,,,,,,,,,,,,,,,,,,,,,,,,,,,,,,,,,,,,,,,,,,,,,,,,,,,,,,,,,,,,,,,,,,,,,,,,,,,,,,,,,,,,,,,,,,,,,,,,,,,,,,,,,,,,,,,,,,,,,,,,,
,,,,,,,,,,,,,,,,,,,,,,,,,,,,,,,,,,,,,,,,,,,,,,,,,,,,,,,,,,,,,,,,,,,,,,,,,,,,,,,,,,,,,,,,,,,,,,,,,,,,,,,,,,,,,,,,,,,,,,,,,,,,,,,,,,,,,,,,,,,,,,,,,,,,,,,,,,,,,,,,,,,,,,,,,,,,,,,,,,,,,,,,,,,,,,,,,,,,,
,,,,,,,,,,,,,,,,,,,,,,,,,,,,,,,,,,,,,,,,,,,,,,,,,,,,,,,,,,,,,,,,,,,,,,,,,,,,,,,,,,,,,,,,,,,,,,,,,,,,,,,,,,,,,,,,,,,,,,,,,,,,,,,,,,,,,,,,,,,,,,,,,,,,,,,,,,,,,,,,,,,,,,,,,,,,,,,,,,,,,,,,,,,,,,,,,,,,,
,,,,,,,,,,,,,,,,,,,,,,,,,,,,,,,,,,,,,,,,,,,,,,,,,,,,,,,,,,,,,,,,,,,,,,,,,,,,,,,,,,,,,,,,,,,,,,,,,,,,,,,,,,,,,,,,,,,,,,,,,,,,,,,,,,,,,,,,,,,,,,,,,,,,,,,,,,,,,,,,,,,,,,,,,,,,,,,,,,,,,,,,,,,,,,,,,,,,,
,,,,,,,,,,,,,,,,,,,,,,,,,,,,,,,,,,,,,,,,,,,,,,,,,,,,,,,,,,,,,,,,,,,,,,,,,,,,,,,,,,,,,,,,,,,,,,,,,,,,,,,,,,,,,,,,,,,,,,,,,,,,,,,,,,,,,,,,,,,,,,,,,,,,,,,,,,,,,,,,,,,,,,,,,,,,,,,,,,,,,,,,,,,,,,,,,,,,,
,,,,,,,,,,,,,,,,,,,,,,,,,,,,,,,,,,,,,,,,,,,,,,,,,,,,,,,,,,,,,,,,,,,,,,,,,,,,,,,,,,,,,,,,,,,,,,,,,,,,,,,,,,,,,,,,,,,,,,,,,,,,,,,,,,,,,,,,,,,,,,,,,,,,,,,,,,,,,,,,,,,,,,,,,,,,,,,,,,,,,,,,,,,,,,,,,,,,,
,,,,,,,,,,,,,,,,,,,,,,,,,,,,,,,,,,,,,,,,,,,,,,,,,,,,,,,,,,,,,,,,,,,,,,,,,,,,,,,,,,,,,,,,,,,,,,,,,,,,,,,,,,,,,,,,,,,,,,,,,,,,,,,,,,,,,,,,,,,,,,,,,,,,,,,,,,,,,,,,,,,,,,,,,,,,,,,,,,,,,,,,,,,,,,,,,,,,,
,,,,,,,,,,,,,,,,,,,,,,,,,,,,,,,,,,,,,,,,,,,,,,,,,,,,,,,,,,,,,,,,,,,,,,,,,,,,,,,,,,,,,,,,,,,,,,,,,,,,,,,,,,,,,,,,,,,,,,,,,,,,,,,,,,,,,,,,,,,,,,,,,,,,,,,,,,,,,,,,,,,,,,,,,,,,,,,,,,,,,,,,,,,,,,,,,,,,,
,,,,,,,,,,,,,,,,,,,,,,,,,,,,,,,,,,,,,,,,,,,,,,,,,,,,,,,,,,,,,,,,,,,,,,,,,,,,,,,,,,,,,,,,,,,,,,,,,,,,,,,,,,,,,,,,,,,,,,,,,,,,,,,,,,,,,,,,,,,,,,,,,,,,,,,,,,,,,,,,,,,,,,,,,,,,,,,,,,,,,,,,,,,,,,,,,,,,,
,,,,,,,,,,,,,,,,,,,,,,,,,,,,,,,,,,,,,,,,,,,,,,,,,,,,,,,,,,,,,,,,,,,,,,,,,,,,,,,,,,,,,,,,,,,,,,,,,,,,,,,,,,,,,,,,,,,,,,,,,,,,,,,,,,,,,,,,,,,,,,,,,,,,,,,,,,,,,,,,,,,,,,,,,,,,,,,,,,,,,,,,,,,,,,,,,,,,,
,,,,,,,,,,,,,,,,,,,,,,,,,,,,,,,,,,,,,,,,,,,,,,,,,,,,,,,,,,,,,,,,,,,,,,,,,,,,,,,,,,,,,,,,,,,,,,,,,,,,,,,,,,,,,,,,,,,,,,,,,,,,,,,,,,,,,,,,,,,,,,,,,,,,,,,,,,,,,,,,,,,,,,,,,,,,,,,,,,,,,,,,,,,,,,,,,,,,,
,,,,,,,,,,,,,,,,,,,,,,,,,,,,,,,,,,,,,,,,,,,,,,,,,,,,,,,,,,,,,,,,,,,,,,,,,,,,,,,,,,,,,,,,,,,,,,,,,,,,,,,,,,,,,,,,,,,,,,,,,,,,,,,,,,,,,,,,,,,,,,,,,,,,,,,,,,,,,,,,,,,,,,,,,,,,,,,,,,,,,,,,,,,,,,,,,,,,,
,,,,,,,,,,,,,,,,,,,,,,,,,,,,,,,,,,,,,,,,,,,,,,,,,,,,,,,,,,,,,,,,,,,,,,,,,,,,,,,,,,,,,,,,,,,,,,,,,,,,,,,,,,,,,,,,,,,,,,,,,,,,,,,,,,,,,,,,,,,,,,,,,,,,,,,,,,,,,,,,,,,,,,,,,,,,,,,,,,,,,,,,,,,,,,,,,,,,,
,,,,,,,,,,,,,,,,,,,,,,,,,,,,,,,,,,,,,,,,,,,,,,,,,,,,,,,,,,,,,,,,,,,,,,,,,,,,,,,,,,,,,,,,,,,,,,,,,,,,,,,,,,,,,,,,,,,,,,,,,,,,,,,,,,,,,,,,,,,,,,,,,,,,,,,,,,,,,,,,,,,,,,,,,,,,,,,,,,,,,,,,,,,,,,,,,,,,,
,,,,,,,,,,,,,,,,,,,,,,,,,,,,,,,,,,,,,,,,,,,,,,,,,,,,,,,,,,,,,,,,,,,,,,,,,,,,,,,,,,,,,,,,,,,,,,,,,,,,,,,,,,,,,,,,,,,,,,,,,,,,,,,,,,,,,,,,,,,,,,,,,,,,,,,,,,,,,,,,,,,,,,,,,,,,,,,,,,,,,,,,,,,,,,,,,,,,,
,,,,,,,,,,,,,,,,,,,,,,,,,,,,,,,,,,,,,,,,,,,,,,,,,,,,,,,,,,,,,,,,,,,,,,,,,,,,,,,,,,,,,,,,,,,,,,,,,,,,,,,,,,,,,,,,,,,,,,,,,,,,,,,,,,,,,,,,,,,,,,,,,,,,,,,,,,,,,,,,,,,,,,,,,,,,,,,,,,,,,,,,,,,,,,,,,,,,,
,,,,,,,,,,,,,,,,,,,,,,,,,,,,,,,,,,,,,,,,,,,,,,,,,,,,,,,,,,,,,,,,,,,,,,,,,,,,,,,,,,,,,,,,,,,,,,,,,,,,,,,,,,,,,,,,,,,,,,,,,,,,,,,,,,,,,,,,,,,,,,,,,,,,,,,,,,,,,,,,,,,,,,,,,,,,,,,,,,,,,,,,,,,,,,,,,,,,,
,,,,,,,,,,,,,,,,,,,,,,,,,,,,,,,,,,,,,,,,,,,,,,,,,,,,,,,,,,,,,,,,,,,,,,,,,,,,,,,,,,,,,,,,,,,,,,,,,,,,,,,,,,,,,,,,,,,,,,,,,,,,,,,,,,,,,,,,,,,,,,,,,,,,,,,,,,,,,,,,,,,,,,,,,,,,,,,,,,,,,,,,,,,,,,,,,,,,,
,,,,,,,,,,,,,,,,,,,,,,,,,,,,,,,,,,,,,,,,,,,,,,,,,,,,,,,,,,,,,,,,,,,,,,,,,,,,,,,,,,,,,,,,,,,,,,,,,,,,,,,,,,,,,,,,,,,,,,,,,,,,,,,,,,,,,,,,,,,,,,,,,,,,,,,,,,,,,,,,,,,,,,,,,,,,,,,,,,,,,,,,,,,,,,,,,,,,,
,,,,,,,,,,,,,,,,,,,,,,,,,,,,,,,,,,,,,,,,,,,,,,,,,,,,,,,,,,,,,,,,,,,,,,,,,,,,,,,,,,,,,,,,,,,,,,,,,,,,,,,,,,,,,,,,,,,,,,,,,,,,,,,,,,,,,,,,,,,,,,,,,,,,,,,,,,,,,,,,,,,,,,,,,,,,,,,,,,,,,,,,,,,,,,,,,,,,,
,,,,,,,,,,,,,,,,,,,,,,,,,,,,,,,,,,,,,,,,,,,,,,,,,,,,,,,,,,,,,,,,,,,,,,,,,,,,,,,,,,,,,,,,,,,,,,,,,,,,,,,,,,,,,,,,,,,,,,,,,,,,,,,,,,,,,,,,,,,,,,,,,,,,,,,,,,,,,,,,,,,,,,,,,,,,,,,,,,,,,,,,,,,,,,,,,,,,,
,,,,,,,,,,,,,,,,,,,,,,,,,,,,,,,,,,,,,,,,,,,,,,,,,,,,,,,,,,,,,,,,,,,,,,,,,,,,,,,,,,,,,,,,,,,,,,,,,,,,,,,,,,,,,,,,,,,,,,,,,,,,,,,,,,,,,,,,,,,,,,,,,,,,,,,,,,,,,,,,,,,,,,,,,,,,,,,,,,,,,,,,,,,,,,,,,,,,,
,,,,,,,,,,,,,,,,,,,,,,,,,,,,,,,,,,,,,,,,,,,,,,,,,,,,,,,,,,,,,,,,,,,,,,,,,,,,,,,,,,,,,,,,,,,,,,,,,,,,,,,,,,,,,,,,,,,,,,,,,,,,,,,,,,,,,,,,,,,,,,,,,,,,,,,,,,,,,,,,,,,,,,,,,,,,,,,,,,,,,,,,,,,,,,,,,,,,,
,,,,,,,,,,,,,,,,,,,,,,,,,,,,,,,,,,,,,,,,,,,,,,,,,,,,,,,,,,,,,,,,,,,,,,,,,,,,,,,,,,,,,,,,,,,,,,,,,,,,,,,,,,,,,,,,,,,,,,,,,,,,,,,,,,,,,,,,,,,,,,,,,,,,,,,,,,,,,,,,,,,,,,,,,,,,,,,,,,,,,,,,,,,,,,,,,,,,,
,,,,,,,,,,,,,,,,,,,,,,,,,,,,,,,,,,,,,,,,,,,,,,,,,,,,,,,,,,,,,,,,,,,,,,,,,,,,,,,,,,,,,,,,,,,,,,,,,,,,,,,,,,,,,,,,,,,,,,,,,,,,,,,,,,,,,,,,,,,,,,,,,,,,,,,,,,,,,,,,,,,,,,,,,,,,,,,,,,,,,,,,,,,,,,,,,,,,,
,,,,,,,,,,,,,,,,,,,,,,,,,,,,,,,,,,,,,,,,,,,,,,,,,,,,,,,,,,,,,,,,,,,,,,,,,,,,,,,,,,,,,,,,,,,,,,,,,,,,,,,,,,,,,,,,,,,,,,,,,,,,,,,,,,,,,,,,,,,,,,,,,,,,,,,,,,,,,,,,,,,,,,,,,,,,,,,,,,,,,,,,,,,,,,,,,,,,,
,,,,,,,,,,,,,,,,,,,,,,,,,,,,,,,,,,,,,,,,,,,,,,,,,,,,,,,,,,,,,,,,,,,,,,,,,,,,,,,,,,,,,,,,,,,,,,,,,,,,,,,,,,,,,,,,,,,,,,,,,,,,,,,,,,,,,,,,,,,,,,,,,,,,,,,,,,,,,,,,,,,,,,,,,,,,,,,,,,,,,,,,,,,,,,,,,,,,,
,,,,,,,,,,,,,,,,,,,,,,,,,,,,,,,,,,,,,,,,,,,,,,,,,,,,,,,,,,,,,,,,,,,,,,,,,,,,,,,,,,,,,,,,,,,,,,,,,,,,,,,,,,,,,,,,,,,,,,,,,,,,,,,,,,,,,,,,,,,,,,,,,,,,,,,,,,,,,,,,,,,,,,,,,,,,,,,,,,,,,,,,,,,,,,,,,,,,,
,,,,,,,,,,,,,,,,,,,,,,,,,,,,,,,,,,,,,,,,,,,,,,,,,,,,,,,,,,,,,,,,,,,,,,,,,,,,,,,,,,,,,,,,,,,,,,,,,,,,,,,,,,,,,,,,,,,,,,,,,,,,,,,,,,,,,,,,,,,,,,,,,,,,,,,,,,,,,,,,,,,,,,,,,,,,,,,,,,,,,,,,,,,,,,,,,,,,,
,,,,,,,,,,,,,,,,,,,,,,,,,,,,,,,,,,,,,,,,,,,,,,,,,,,,,,,,,,,,,,,,,,,,,,,,,,,,,,,,,,,,,,,,,,,,,,,,,,,,,,,,,,,,,,,,,,,,,,,,,,,,,,,,,,,,,,,,,,,,,,,,,,,,,,,,,,,,,,,,,,,,,,,,,,,,,,,,,,,,,,,,,,,,,,,,,,,,,
,,,,,,,,,,,,,,,,,,,,,,,,,,,,,,,,,,,,,,,,,,,,,,,,,,,,,,,,,,,,,,,,,,,,,,,,,,,,,,,,,,,,,,,,,,,,,,,,,,,,,,,,,,,,,,,,,,,,,,,,,,,,,,,,,,,,,,,,,,,,,,,,,,,,,,,,,,,,,,,,,,,,,,,,,,,,,,,,,,,,,,,,,,,,,,,,,,,,,
,,,,,,,,,,,,,,,,,,,,,,,,,,,,,,,,,,,,,,,,,,,,,,,,,,,,,,,,,,,,,,,,,,,,,,,,,,,,,,,,,,,,,,,,,,,,,,,,,,,,,,,,,,,,,,,,,,,,,,,,,,,,,,,,,,,,,,,,,,,,,,,,,,,,,,,,,,,,,,,,,,,,,,,,,,,,,,,,,,,,,,,,,,,,,,,,,,,,,
,,,,,,,,,,,,,,,,,,,,,,,,,,,,,,,,,,,,,,,,,,,,,,,,,,,,,,,,,,,,,,,,,,,,,,,,,,,,,,,,,,,,,,,,,,,,,,,,,,,,,,,,,,,,,,,,,,,,,,,,,,,,,,,,,,,,,,,,,,,,,,,,,,,,,,,,,,,,,,,,,,,,,,,,,,,,,,,,,,,,,,,,,,,,,,,,,,,,,
,,,,,,,,,,,,,,,,,,,,,,,,,,,,,,,,,,,,,,,,,,,,,,,,,,,,,,,,,,,,,,,,,,,,,,,,,,,,,,,,,,,,,,,,,,,,,,,,,,,,,,,,,,,,,,,,,,,,,,,,,,,,,,,,,,,,,,,,,,,,,,,,,,,,,,,,,,,,,,,,,,,,,,,,,,,,,,,,,,,,,,,,,,,,,,,,,,,,,
,,,,,,,,,,,,,,,,,,,,,,,,,,,,,,,,,,,,,,,,,,,,,,,,,,,,,,,,,,,,,,,,,,,,,,,,,,,,,,,,,,,,,,,,,,,,,,,,,,,,,,,,,,,,,,,,,,,,,,,,,,,,,,,,,,,,,,,,,,,,,,,,,,,,,,,,,,,,,,,,,,,,,,,,,,,,,,,,,,,,,,,,,,,,,,,,,,,,,
,,,,,,,,,,,,,,,,,,,,,,,,,,,,,,,,,,,,,,,,,,,,,,,,,,,,,,,,,,,,,,,,,,,,,,,,,,,,,,,,,,,,,,,,,,,,,,,,,,,,,,,,,,,,,,,,,,,,,,,,,,,,,,,,,,,,,,,,,,,,,,,,,,,,,,,,,,,,,,,,,,,,,,,,,,,,,,,,,,,,,,,,,,,,,,,,,,,,,
,,,,,,,,,,,,,,,,,,,,,,,,,,,,,,,,,,,,,,,,,,,,,,,,,,,,,,,,,,,,,,,,,,,,,,,,,,,,,,,,,,,,,,,,,,,,,,,,,,,,,,,,,,,,,,,,,,,,,,,,,,,,,,,,,,,,,,,,,,,,,,,,,,,,,,,,,,,,,,,,,,,,,,,,,,,,,,,,,,,,,,,,,,,,,,,,,,,,,
,,,,,,,,,,,,,,,,,,,,,,,,,,,,,,,,,,,,,,,,,,,,,,,,,,,,,,,,,,,,,,,,,,,,,,,,,,,,,,,,,,,,,,,,,,,,,,,,,,,,,,,,,,,,,,,,,,,,,,,,,,,,,,,,,,,,,,,,,,,,,,,,,,,,,,,,,,,,,,,,,,,,,,,,,,,,,,,,,,,,,,,,,,,,,,,,,,,,,
,,,,,,,,,,,,,,,,,,,,,,,,,,,,,,,,,,,,,,,,,,,,,,,,,,,,,,,,,,,,,,,,,,,,,,,,,,,,,,,,,,,,,,,,,,,,,,,,,,,,,,,,,,,,,,,,,,,,,,,,,,,,,,,,,,,,,,,,,,,,,,,,,,,,,,,,,,,,,,,,,,,,,,,,,,,,,,,,,,,,,,,,,,,,,,,,,,,,,
,,,,,,,,,,,,,,,,,,,,,,,,,,,,,,,,,,,,,,,,,,,,,,,,,,,,,,,,,,,,,,,,,,,,,,,,,,,,,,,,,,,,,,,,,,,,,,,,,,,,,,,,,,,,,,,,,,,,,,,,,,,,,,,,,,,,,,,,,,,,,,,,,,,,,,,,,,,,,,,,,,,,,,,,,,,,,,,,,,,,,,,,,,,,,,,,,,,,,
,,,,,,,,,,,,,,,,,,,,,,,,,,,,,,,,,,,,,,,,,,,,,,,,,,,,,,,,,,,,,,,,,,,,,,,,,,,,,,,,,,,,,,,,,,,,,,,,,,,,,,,,,,,,,,,,,,,,,,,,,,,,,,,,,,,,,,,,,,,,,,,,,,,,,,,,,,,,,,,,,,,,,,,,,,,,,,,,,,,,,,,,,,,,,,,,,,,,,
,,,,,,,,,,,,,,,,,,,,,,,,,,,,,,,,,,,,,,,,,,,,,,,,,,,,,,,,,,,,,,,,,,,,,,,,,,,,,,,,,,,,,,,,,,,,,,,,,,,,,,,,,,,,,,,,,,,,,,,,,,,,,,,,,,,,,,,,,,,,,,,,,,,,,,,,,,,,,,,,,,,,,,,,,,,,,,,,,,,,,,,,,,,,,,,,,,,,,
,,,,,,,,,,,,,,,,,,,,,,,,,,,,,,,,,,,,,,,,,,,,,,,,,,,,,,,,,,,,,,,,,,,,,,,,,,,,,,,,,,,,,,,,,,,,,,,,,,,,,,,,,,,,,,,,,,,,,,,,,,,,,,,,,,,,,,,,,,,,,,,,,,,,,,,,,,,,,,,,,,,,,,,,,,,,,,,,,,,,,,,,,,,,,,,,,,,,,
,,,,,,,,,,,,,,,,,,,,,,,,,,,,,,,,,,,,,,,,,,,,,,,,,,,,,,,,,,,,,,,,,,,,,,,,,,,,,,,,,,,,,,,,,,,,,,,,,,,,,,,,,,,,,,,,,,,,,,,,,,,,,,,,,,,,,,,,,,,,,,,,,,,,,,,,,,,,,,,,,,,,,,,,,,,,,,,,,,,,,,,,,,,,,,,,,,,,,
,,,,,,,,,,,,,,,,,,,,,,,,,,,,,,,,,,,,,,,,,,,,,,,,,,,,,,,,,,,,,,,,,,,,,,,,,,,,,,,,,,,,,,,,,,,,,,,,,,,,,,,,,,,,,,,,,,,,,,,,,,,,,,,,,,,,,,,,,,,,,,,,,,,,,,,,,,,,,,,,,,,,,,,,,,,,,,,,,,,,,,,,,,,,,,,,,,,,,
,,,,,,,,,,,,,,,,,,,,,,,,,,,,,,,,,,,,,,,,,,,,,,,,,,,,,,,,,,,,,,,,,,,,,,,,,,,,,,,,,,,,,,,,,,,,,,,,,,,,,,,,,,,,,,,,,,,,,,,,,,,,,,,,,,,,,,,,,,,,,,,,,,,,,,,,,,,,,,,,,,,,,,,,,,,,,,,,,,,,,,,,,,,,,,,,,,,,,
,,,,,,,,,,,,,,,,,,,,,,,,,,,,,,,,,,,,,,,,,,,,,,,,,,,,,,,,,,,,,,,,,,,,,,,,,,,,,,,,,,,,,,,,,,,,,,,,,,,,,,,,,,,,,,,,,,,,,,,,,,,,,,,,,,,,,,,,,,,,,,,,,,,,,,,,,,,,,,,,,,,,,,,,,,,,,,,,,,,,,,,,,,,,,,,,,,,,,
,,,,,,,,,,,,,,,,,,,,,,,,,,,,,,,,,,,,,,,,,,,,,,,,,,,,,,,,,,,,,,,,,,,,,,,,,,,,,,,,,,,,,,,,,,,,,,,,,,,,,,,,,,,,,,,,,,,,,,,,,,,,,,,,,,,,,,,,,,,,,,,,,,,,,,,,,,,,,,,,,,,,,,,,,,,,,,,,,,,,,,,,,,,,,,,,,,,,,
,,,,,,,,,,,,,,,,,,,,,,,,,,,,,,,,,,,,,,,,,,,,,,,,,,,,,,,,,,,,,,,,,,,,,,,,,,,,,,,,,,,,,,,,,,,,,,,,,,,,,,,,,,,,,,,,,,,,,,,,,,,,,,,,,,,,,,,,,,,,,,,,,,,,,,,,,,,,,,,,,,,,,,,,,,,,,,,,,,,,,,,,,,,,,,,,,,,,,
,,,,,,,,,,,,,,,,,,,,,,,,,,,,,,,,,,,,,,,,,,,,,,,,,,,,,,,,,,,,,,,,,,,,,,,,,,,,,,,,,,,,,,,,,,,,,,,,,,,,,,,,,,,,,,,,,,,,,,,,,,,,,,,,,,,,,,,,,,,,,,,,,,,,,,,,,,,,,,,,,,,,,,,,,,,,,,,,,,,,,,,,,,,,,,,,,,,,,
,,,,,,,,,,,,,,,,,,,,,,,,,,,,,,,,,,,,,,,,,,,,,,,,,,,,,,,,,,,,,,,,,,,,,,,,,,,,,,,,,,,,,,,,,,,,,,,,,,,,,,,,,,,,,,,,,,,,,,,,,,,,,,,,,,,,,,,,,,,,,,,,,,,,,,,,,,,,,,,,,,,,,,,,,,,,,,,,,,,,,,,,,,,,,,,,,,,,,
,,,,,,,,,,,,,,,,,,,,,,,,,,,,,,,,,,,,,,,,,,,,,,,,,,,,,,,,,,,,,,,,,,,,,,,,,,,,,,,,,,,,,,,,,,,,,,,,,,,,,,,,,,,,,,,,,,,,,,,,,,,,,,,,,,,,,,,,,,,,,,,,,,,,,,,,,,,,,,,,,,,,,,,,,,,,,,,,,,,,,,,,,,,,,,,,,,,,,
,,,,,,,,,,,,,,,,,,,,,,,,,,,,,,,,,,,,,,,,,,,,,,,,,,,,,,,,,,,,,,,,,,,,,,,,,,,,,,,,,,,,,,,,,,,,,,,,,,,,,,,,,,,,,,,,,,,,,,,,,,,,,,,,,,,,,,,,,,,,,,,,,,,,,,,,,,,,,,,,,,,,,,,,,,,,,,,,,,,,,,,,,,,,,,,,,,,,,
,,,,,,,,,,,,,,,,,,,,,,,,,,,,,,,,,,,,,,,,,,,,,,,,,,,,,,,,,,,,,,,,,,,,,,,,,,,,,,,,,,,,,,,,,,,,,,,,,,,,,,,,,,,,,,,,,,,,,,,,,,,,,,,,,,,,,,,,,,,,,,,,,,,,,,,,,,,,,,,,,,,,,,,,,,,,,,,,,,,,,,,,,,,,,,,,,,,,,
,,,,,,,,,,,,,,,,,,,,,,,,,,,,,,,,,,,,,,,,,,,,,,,,,,,,,,,,,,,,,,,,,,,,,,,,,,,,,,,,,,,,,,,,,,,,,,,,,,,,,,,,,,,,,,,,,,,,,,,,,,,,,,,,,,,,,,,,,,,,,,,,,,,,,,,,,,,,,,,,,,,,,,,,,,,,,,,,,,,,,,,,,,,,,,,,,,,,,
,,,,,,,,,,,,,,,,,,,,,,,,,,,,,,,,,,,,,,,,,,,,,,,,,,,,,,,,,,,,,,,,,,,,,,,,,,,,,,,,,,,,,,,,,,,,,,,,,,,,,,,,,,,,,,,,,,,,,,,,,,,,,,,,,,,,,,,,,,,,,,,,,,,,,,,,,,,,,,,,,,,,,,,,,,,,,,,,,,,,,,,,,,,,,,,,,,,,,
,,,,,,,,,,,,,,,,,,,,,,,,,,,,,,,,,,,,,,,,,,,,,,,,,,,,,,,,,,,,,,,,,,,,,,,,,,,,,,,,,,,,,,,,,,,,,,,,,,,,,,,,,,,,,,,,,,,,,,,,,,,,,,,,,,,,,,,,,,,,,,,,,,,,,,,,,,,,,,,,,,,,,,,,,,,,,,,,,,,,,,,,,,,,,,,,,,,,,
,,,,,,,,,,,,,,,,,,,,,,,,,,,,,,,,,,,,,,,,,,,,,,,,,,,,,,,,,,,,,,,,,,,,,,,,,,,,,,,,,,,,,,,,,,,,,,,,,,,,,,,,,,,,,,,,,,,,,,,,,,,,,,,,,,,,,,,,,,,,,,,,,,,,,,,,,,,,,,,,,,,,,,,,,,,,,,,,,,,,,,,,,,,,,,,,,,,,,
,,,,,,,,,,,,,,,,,,,,,,,,,,,,,,,,,,,,,,,,,,,,,,,,,,,,,,,,,,,,,,,,,,,,,,,,,,,,,,,,,,,,,,,,,,,,,,,,,,,,,,,,,,,,,,,,,,,,,,,,,,,,,,,,,,,,,,,,,,,,,,,,,,,,,,,,,,,,,,,,,,,,,,,,,,,,,,,,,,,,,,,,,,,,,,,,,,,,,
,,,,,,,,,,,,,,,,,,,,,,,,,,,,,,,,,,,,,,,,,,,,,,,,,,,,,,,,,,,,,,,,,,,,,,,,,,,,,,,,,,,,,,,,,,,,,,,,,,,,,,,,,,,,,,,,,,,,,,,,,,,,,,,,,,,,,,,,,,,,,,,,,,,,,,,,,,,,,,,,,,,,,,,,,,,,,,,,,,,,,,,,,,,,,,,,,,,,,
,,,,,,,,,,,,,,,,,,,,,,,,,,,,,,,,,,,,,,,,,,,,,,,,,,,,,,,,,,,,,,,,,,,,,,,,,,,,,,,,,,,,,,,,,,,,,,,,,,,,,,,,,,,,,,,,,,,,,,,,,,,,,,,,,,,,,,,,,,,,,,,,,,,,,,,,,,,,,,,,,,,,,,,,,,,,,,,,,,,,,,,,,,,,,,,,,,,,,
,,,,,,,,,,,,,,,,,,,,,,,,,,,,,,,,,,,,,,,,,,,,,,,,,,,,,,,,,,,,,,,,,,,,,,,,,,,,,,,,,,,,,,,,,,,,,,,,,,,,,,,,,,,,,,,,,,,,,,,,,,,,,,,,,,,,,,,,,,,,,,,,,,,,,,,,,,,,,,,,,,,,,,,,,,,,,,,,,,,,,,,,,,,,,,,,,,,,,
,,,,,,,,,,,,,,,,,,,,,,,,,,,,,,,,,,,,,,,,,,,,,,,,,,,,,,,,,,,,,,,,,,,,,,,,,,,,,,,,,,,,,,,,,,,,,,,,,,,,,,,,,,,,,,,,,,,,,,,,,,,,,,,,,,,,,,,,,,,,,,,,,,,,,,,,,,,,,,,,,,,,,,,,,,,,,,,,,,,,,,,,,,,,,,,,,,,,,
,,,,,,,,,,,,,,,,,,,,,,,,,,,,,,,,,,,,,,,,,,,,,,,,,,,,,,,,,,,,,,,,,,,,,,,,,,,,,,,,,,,,,,,,,,,,,,,,,,,,,,,,,,,,,,,,,,,,,,,,,,,,,,,,,,,,,,,,,,,,,,,,,,,,,,,,,,,,,,,,,,,,,,,,,,,,,,,,,,,,,,,,,,,,,,,,,,,,,
,,,,,,,,,,,,,,,,,,,,,,,,,,,,,,,,,,,,,,,,,,,,,,,,,,,,,,,,,,,,,,,,,,,,,,,,,,,,,,,,,,,,,,,,,,,,,,,,,,,,,,,,,,,,,,,,,,,,,,,,,,,,,,,,,,,,,,,,,,,,,,,,,,,,,,,,,,,,,,,,,,,,,,,,,,,,,,,,,,,,,,,,,,,,,,,,,,,,,
,,,,,,,,,,,,,,,,,,,,,,,,,,,,,,,,,,,,,,,,,,,,,,,,,,,,,,,,,,,,,,,,,,,,,,,,,,,,,,,,,,,,,,,,,,,,,,,,,,,,,,,,,,,,,,,,,,,,,,,,,,,,,,,,,,,,,,,,,,,,,,,,,,,,,,,,,,,,,,,,,,,,,,,,,,,,,,,,,,,,,,,,,,,,,,,,,,,,,
,,,,,,,,,,,,,,,,,,,,,,,,,,,,,,,,,,,,,,,,,,,,,,,,,,,,,,,,,,,,,,,,,,,,,,,,,,,,,,,,,,,,,,,,,,,,,,,,,,,,,,,,,,,,,,,,,,,,,,,,,,,,,,,,,,,,,,,,,,,,,,,,,,,,,,,,,,,,,,,,,,,,,,,,,,,,,,,,,,,,,,,,,,,,,,,,,,,,,
,,,,,,,,,,,,,,,,,,,,,,,,,,,,,,,,,,,,,,,,,,,,,,,,,,,,,,,,,,,,,,,,,,,,,,,,,,,,,,,,,,,,,,,,,,,,,,,,,,,,,,,,,,,,,,,,,,,,,,,,,,,,,,,,,,,,,,,,,,,,,,,,,,,,,,,,,,,,,,,,,,,,,,,,,,,,,,,,,,,,,,,,,,,,,,,,,,,,,
,,,,,,,,,,,,,,,,,,,,,,,,,,,,,,,,,,,,,,,,,,,,,,,,,,,,,,,,,,,,,,,,,,,,,,,,,,,,,,,,,,,,,,,,,,,,,,,,,,,,,,,,,,,,,,,,,,,,,,,,,,,,,,,,,,,,,,,,,,,,,,,,,,,,,,,,,,,,,,,,,,,,,,,,,,,,,,,,,,,,,,,,,,,,,,,,,,,,,
,,,,,,,,,,,,,,,,,,,,,,,,,,,,,,,,,,,,,,,,,,,,,,,,,,,,,,,,,,,,,,,,,,,,,,,,,,,,,,,,,,,,,,,,,,,,,,,,,,,,,,,,,,,,,,,,,,,,,,,,,,,,,,,,,,,,,,,,,,,,,,,,,,,,,,,,,,,,,,,,,,,,,,,,,,,,,,,,,,,,,,,,,,,,,,,,,,,,,
,,,,,,,,,,,,,,,,,,,,,,,,,,,,,,,,,,,,,,,,,,,,,,,,,,,,,,,,,,,,,,,,,,,,,,,,,,,,,,,,,,,,,,,,,,,,,,,,,,,,,,,,,,,,,,,,,,,,,,,,,,,,,,,,,,,,,,,,,,,,,,,,,,,,,,,,,,,,,,,,,,,,,,,,,,,,,,,,,,,,,,,,,,,,,,,,,,,,,
,,,,,,,,,,,,,,,,,,,,,,,,,,,,,,,,,,,,,,,,,,,,,,,,,,,,,,,,,,,,,,,,,,,,,,,,,,,,,,,,,,,,,,,,,,,,,,,,,,,,,,,,,,,,,,,,,,,,,,,,,,,,,,,,,,,,,,,,,,,,,,,,,,,,,,,,,,,,,,,,,,,,,,,,,,,,,,,,,,,,,,,,,,,,,,,,,,,,,
,,,,,,,,,,,,,,,,,,,,,,,,,,,,,,,,,,,,,,,,,,,,,,,,,,,,,,,,,,,,,,,,,,,,,,,,,,,,,,,,,,,,,,,,,,,,,,,,,,,,,,,,,,,,,,,,,,,,,,,,,,,,,,,,,,,,,,,,,,,,,,,,,,,,,,,,,,,,,,,,,,,,,,,,,,,,,,,,,,,,,,,,,,,,,,,,,,,,,
,,,,,,,,,,,,,,,,,,,,,,,,,,,,,,,,,,,,,,,,,,,,,,,,,,,,,,,,,,,,,,,,,,,,,,,,,,,,,,,,,,,,,,,,,,,,,,,,,,,,,,,,,,,,,,,,,,,,,,,,,,,,,,,,,,,,,,,,,,,,,,,,,,,,,,,,,,,,,,,,,,,,,,,,,,,,,,,,,,,,,,,,,,,,,,,,,,,,,
,,,,,,,,,,,,,,,,,,,,,,,,,,,,,,,,,,,,,,,,,,,,,,,,,,,,,,,,,,,,,,,,,,,,,,,,,,,,,,,,,,,,,,,,,,,,,,,,,,,,,,,,,,,,,,,,,,,,,,,,,,,,,,,,,,,,,,,,,,,,,,,,,,,,,,,,,,,,,,,,,,,,,,,,,,,,,,,,,,,,,,,,,,,,,,,,,,,,,
,,,,,,,,,,,,,,,,,,,,,,,,,,,,,,,,,,,,,,,,,,,,,,,,,,,,,,,,,,,,,,,,,,,,,,,,,,,,,,,,,,,,,,,,,,,,,,,,,,,,,,,,,,,,,,,,,,,,,,,,,,,,,,,,,,,,,,,,,,,,,,,,,,,,,,,,,,,,,,,,,,,,,,,,,,,,,,,,,,,,,,,,,,,,,,,,,,,,,
,,,,,,,,,,,,,,,,,,,,,,,,,,,,,,,,,,,,,,,,,,,,,,,,,,,,,,,,,,,,,,,,,,,,,,,,,,,,,,,,,,,,,,,,,,,,,,,,,,,,,,,,,,,,,,,,,,,,,,,,,,,,,,,,,,,,,,,,,,,,,,,,,,,,,,,,,,,,,,,,,,,,,,,,,,,,,,,,,,,,,,,,,,,,,,,,,,,,,
,,,,,,,,,,,,,,,,,,,,,,,,,,,,,,,,,,,,,,,,,,,,,,,,,,,,,,,,,,,,,,,,,,,,,,,,,,,,,,,,,,,,,,,,,,,,,,,,,,,,,,,,,,,,,,,,,,,,,,,,,,,,,,,,,,,,,,,,,,,,,,,,,,,,,,,,,,,,,,,,,,,,,,,,,,,,,,,,,,,,,,,,,,,,,,,,,,,,,
,,,,,,,,,,,,,,,,,,,,,,,,,,,,,,,,,,,,,,,,,,,,,,,,,,,,,,,,,,,,,,,,,,,,,,,,,,,,,,,,,,,,,,,,,,,,,,,,,,,,,,,,,,,,,,,,,,,,,,,,,,,,,,,,,,,,,,,,,,,,,,,,,,,,,,,,,,,,,,,,,,,,,,,,,,,,,,,,,,,,,,,,,,,,,,,,,,,,,
,,,,,,,,,,,,,,,,,,,,,,,,,,,,,,,,,,,,,,,,,,,,,,,,,,,,,,,,,,,,,,,,,,,,,,,,,,,,,,,,,,,,,,,,,,,,,,,,,,,,,,,,,,,,,,,,,,,,,,,,,,,,,,,,,,,,,,,,,,,,,,,,,,,,,,,,,,,,,,,,,,,,,,,,,,,,,,,,,,,,,,,,,,,,,,,,,,,,,
,,,,,,,,,,,,,,,,,,,,,,,,,,,,,,,,,,,,,,,,,,,,,,,,,,,,,,,,,,,,,,,,,,,,,,,,,,,,,,,,,,,,,,,,,,,,,,,,,,,,,,,,,,,,,,,,,,,,,,,,,,,,,,,,,,,,,,,,,,,,,,,,,,,,,,,,,,,,,,,,,,,,,,,,,,,,,,,,,,,,,,,,,,,,,,,,,,,,,
,,,,,,,,,,,,,,,,,,,,,,,,,,,,,,,,,,,,,,,,,,,,,,,,,,,,,,,,,,,,,,,,,,,,,,,,,,,,,,,,,,,,,,,,,,,,,,,,,,,,,,,,,,,,,,,,,,,,,,,,,,,,,,,,,,,,,,,,,,,,,,,,,,,,,,,,,,,,,,,,,,,,,,,,,,,,,,,,,,,,,,,,,,,,,,,,,,,,,
,,,,,,,,,,,,,,,,,,,,,,,,,,,,,,,,,,,,,,,,,,,,,,,,,,,,,,,,,,,,,,,,,,,,,,,,,,,,,,,,,,,,,,,,,,,,,,,,,,,,,,,,,,,,,,,,,,,,,,,,,,,,,,,,,,,,,,,,,,,,,,,,,,,,,,,,,,,,,,,,,,,,,,,,,,,,,,,,,,,,,,,,,,,,,,,,,,,,,
,,,,,,,,,,,,,,,,,,,,,,,,,,,,,,,,,,,,,,,,,,,,,,,,,,,,,,,,,,,,,,,,,,,,,,,,,,,,,,,,,,,,,,,,,,,,,,,,,,,,,,,,,,,,,,,,,,,,,,,,,,,,,,,,,,,,,,,,,,,,,,,,,,,,,,,,,,,,,,,,,,,,,,,,,,,,,,,,,,,,,,,,,,,,,,,,,,,,,
,,,,,,,,,,,,,,,,,,,,,,,,,,,,,,,,,,,,,,,,,,,,,,,,,,,,,,,,,,,,,,,,,,,,,,,,,,,,,,,,,,,,,,,,,,,,,,,,,,,,,,,,,,,,,,,,,,,,,,,,,,,,,,,,,,,,,,,,,,,,,,,,,,,,,,,,,,,,,,,,,,,,,,,,,,,,,,,,,,,,,,,,,,,,,,,,,,,,,
,,,,,,,,,,,,,,,,,,,,,,,,,,,,,,,,,,,,,,,,,,,,,,,,,,,,,,,,,,,,,,,,,,,,,,,,,,,,,,,,,,,,,,,,,,,,,,,,,,,,,,,,,,,,,,,,,,,,,,,,,,,,,,,,,,,,,,,,,,,,,,,,,,,,,,,,,,,,,,,,,,,,,,,,,,,,,,,,,,,,,,,,,,,,,,,,,,,,,
,,,,,,,,,,,,,,,,,,,,,,,,,,,,,,,,,,,,,,,,,,,,,,,,,,,,,,,,,,,,,,,,,,,,,,,,,,,,,,,,,,,,,,,,,,,,,,,,,,,,,,,,,,,,,,,,,,,,,,,,,,,,,,,,,,,,,,,,,,,,,,,,,,,,,,,,,,,,,,,,,,,,,,,,,,,,,,,,,,,,,,,,,,,,,,,,,,,,,
,,,,,,,,,,,,,,,,,,,,,,,,,,,,,,,,,,,,,,,,,,,,,,,,,,,,,,,,,,,,,,,,,,,,,,,,,,,,,,,,,,,,,,,,,,,,,,,,,,,,,,,,,,,,,,,,,,,,,,,,,,,,,,,,,,,,,,,,,,,,,,,,,,,,,,,,,,,,,,,,,,,,,,,,,,,,,,,,,,,,,,,,,,,,,,,,,,,,,
38,2026-02-25,13:25:48,1,1,"Canalichio, Will",1000305076,Left,TEX_BOB,"Canalichio, Will",1000305076,Left,TEX_BOB,Undefined,3,Top,0,0,0,Fastball,Four-Seam,StrikeCalled,Undefined,Undefined,Undefined,0,0,NA,92.09399,-2.7124,1.523095,2200.974237,170.948486,11:45:00,6.51927,-1.53676,5.89211,-11.17957,22.01942,-3.32685,3.0663300000000000,-0.39943,83.61286,-4.901535,0.926397,0.4147,NA,NA,NA,NA,NA,NA,NA,NA,NA,NA,NA,2.15102,12.39985,1.41589,50,6.29407,-3.40372,-133.52367,-6.59055,3.85816,30.49055,-9.9334,TEX_BOB,TEX_BOB,TexasStateUniversity,TeamExclusive,Team,20260225-TexasStateUniversity-Private-1,c9d2d4a0-127f-11f1-88fc-8f30e08bb6cd,90.89086,NA,NA,8.48113,NA,NA,NA,NA,NA,NA,67ccd8e4-706e-4cbe-a43d-67693408dd2a,2026-02-25,19:25:48,2026-02-25T19:25:48Z,2026-02-25T19:25:48Z,NA,v3,471452,471452,NA,"Galloway, Rashawn",1000183398,Right,TEX_BOB,073a5c98-2233-4005-8af6-9dfea167aecc,54.6077,-134.57174,15.24528,6.51474,-6.2491,-4.9667,1.53516,-3.53634,1.92908,NA,NA,NA,NA,NA,NA,NA,NA,NA,NA,NA,NA,NA,NA,NA,NA,NA,NA,NA,NA,NA,NA,NA,NA,NA,NA,NA,NA,NA,NA,NA,NA,NA,NA,NA,NA,NA,NA,NA,NA,NA,NA,NA,NA,NA,NA,NA,NA,NA,NA,High,High,High,NA,NA,NA,NA,NA,161.736556,-32.819601,1849.657447,0.840381,11:30:00,0.549951,0.288718,-0.783707,37.236237,0.550768,-44.994455,168.893768,-0.054932,0.192629,-9.59E-04,-0.981271,0.05598,-11.106227,9.59E-04,-0.192629,0.981271,-0.05598,11.106227,-9.59E-04,0.192629,0.981271,-168.893768,0.054932,-0.192629,9.59E-04,-0.981271
39,2026-02-25,13:26:05,1,2,"Canalichio, Will",1000305076,Left,TEX_BOB,"Canalichio, Will",1000305076,Left,TEX_BOB,Undefined,3,Top,0,0,1,Fastball,Four-Seam,BallCalled,Undefined,Undefined,Undefined,0,0,NA,92.85764,-4.306583,0.947835,2267.545849,166.480423,11:30:00,6.45899,-1.41203,6.2692,-10.16579,22.33308,-5.0824,1.63337,-0.96163,83.83727,-6.327544,0.029392,0.410304,NA,NA,NA,NA,NA,NA,NA,NA,NA,NA,NA,2.9311,13.29532,1.34421,50,6.13442,-2.00743,-134.4268,-10.31696,5.28831,32.94941,-8.18663,TEX_BOB,TEX_BOB,TexasStateUniversity,TeamExclusive,Team,20260225-TexasStateUniversity-Private-1,d4157a80-127f-11f1-88fc-8f30e08bb6cd,91.86471,NA,NA,9.02037,NA,NA,NA,NA,NA,NA,67ccd8e4-706e-4cbe-a43d-67693408dd2a,2026-02-25,19:26:05,2026-02-25T19:26:05Z,2026-02-25T19:26:05Z,NA,v3,471452,471452,NA,"Galloway, Rashawn",1000183398,Right,TEX_BOB,11ca350f-1c31-458c-8ca4-daf861a0cfa2,54.22991,-135.45962,16.47471,6.45379,-10.06034,-4.09331,1.40973,-2.1732,2.64415,NA,NA,NA,NA,NA,NA,NA,NA,NA,NA,NA,NA,NA,NA,NA,NA,NA,NA,NA,NA,NA,NA,NA,NA,NA,NA,NA,NA,NA,NA,NA,NA,NA,NA,NA,NA,NA,NA,NA,NA,NA,NA,NA,NA,NA,NA,NA,NA,NA,NA,High,High,High,NA,NA,NA,NA,NA,161.83209,-28.060031,2001.007683,0.882455,11:30:00,0.462215,0.309699,-0.83093,32.935056,-11.11362,-41.902168,178.529065,0.276852,0.02567,0.004832,-0.999659,0.276943,1.470918,0.004832,0.02567,0.999659,-0.276943,-1.470918,-0.004832,-0.02567,0.999659,-178.529065,-0.276852,-0.02567,-0.004832,-0.999659
40,2026-02-25,13:26:22,1,3,"Canalichio, Will",1000305076,Left,TEX_BOB,"Canalichio, Will",1000305076,Left,TEX_BOB,Undefined,3,Top,0,1,1,Slider,Slider,BallCalled,Undefined,Undefined,Undefined,0,0,NA,84.90589,0.01022,2.272952,2268.241996,221.743723,01:30:00,6.18435,-1.55518,5.02432,-33.46671,7.49815,5.29898,3.40511,1.03245,76.13989,-6.143449,3.207626,0.460656,NA,NA,NA,NA,NA,NA,NA,NA,NA,NA,NA,-1.82961,4.17201,1.33303,50,6.15909,-5.11568,-122.77244,-1.21828,-2.73153,29.25853,-25.94542,TEX_BOB,TEX_BOB,TexasStateUniversity,TeamExclusive,Team,20260225-TexasStateUniversity-Private-1,de94db40-127f-11f1-88fc-8f30e08bb6cd,81.82335,NA,NA,8.76599,NA,NA,NA,NA,NA,NA,67ccd8e4-706e-4cbe-a43d-67693408dd2a,2026-02-25,19:26:22,2026-02-25T19:26:22Z,2026-02-25T19:26:22Z,NA,v3,471452,471452,NA,"Galloway, Rashawn",1000183398,Right,TEX_BOB,87aeb6bd-edca-4874-b853-bc93de74e3c0,55.4722,-124.06969,14.62927,6.18761,-0.06793,-12.97271,1.55717,-4.99457,-1.36577,NA,NA,NA,NA,NA,NA,NA,NA,NA,NA,NA,NA,NA,NA,NA,NA,NA,NA,NA,NA,NA,NA,NA,NA,NA,NA,NA,NA,NA,NA,NA,NA,NA,NA,NA,NA,NA,NA,NA,NA,NA,NA,NA,NA,NA,NA,NA,NA,NA,NA,High,High,High,NA,NA,NA,NA,NA,195.673137,-77.633545,485.774588,0.214163,12:30:00,0.984197,-0.05803,-0.167299,-31.348902,-2.369982,-44.368988,104.336934,47.436624,0.65534,0.73653,-0.167494,77.188275,40.945402,0.73653,0.65534,0.167494,-77.188275,-40.945402,-0.73653,-0.65534,0.167494,-104.336934,-47.436624,-0.65534,-0.73653,-0.167494
41,2026-02-25,13:26:38,1,4,"Canalichio, Will",1000305076,Left,TEX_BOB,"Canalichio, Will",1000305076,Left,TEX_BOB,Undefined,3,Top,0,2,1,Slider,Slider,StrikeCalled,Undefined,Undefined,Undefined,0,0,NA,84.80278,-0.635855,1.498956,2385.176408,202.124247,12:45:00,6.26338,-1.76923,5.45704,-32.47037,7.90437,2.58504,2.96205,-0.15029,76.08912,-6.655975,1.959256,0.457326,NA,NA,NA,NA,NA,NA,NA,NA,NA,NA,NA,-0.77646,4.65677,1.63522,50,6.18555,-3.3254,-122.76389,-2.49023,-1.15817,29.42056,-25.22788,TEX_BOB,TEX_BOB,TexasStateUniversity,TeamExclusive,Team,20260225-TexasStateUniversity-Private-1,e7de05f0-127f-11f1-88fc-8f30e08bb6cd,82.41912,NA,NA,8.71367,NA,NA,NA,NA,NA,NA,67ccd8e4-706e-4cbe-a43d-67693408dd2a,2026-02-25,19:26:38,2026-02-25T19:26:38Z,2026-02-25T19:26:38Z,NA,v3,471452,471452,NA,"Galloway, Rashawn",1000183398,Right,TEX_BOB,91d3d52f-61cf-422b-8aac-bc07ff4baa73,55.0396,-123.96575,14.71028,6.26622,-1.45964,-12.61394,1.7701,-3.27809,-0.57908,NA,NA,NA,NA,NA,NA,NA,NA,NA,NA,NA,NA,NA,NA,NA,NA,NA,NA,NA,NA,NA,NA,NA,NA,NA,NA,NA,NA,NA,NA,NA,NA,NA,NA,NA,NA,NA,NA,NA,NA,NA,NA,NA,NA,NA,NA,NA,NA,NA,NA,High,High,High,NA,NA,NA,NA,NA,186.415604,-75.7004,589.120071,0.246992,12:15:00,0.975353,-0.016843,-0.220007,-22.784405,-6.273132,-41.833181,92.342326,44.782857,0.709188,0.704422,-0.029009,87.641842,45.168928,0.704422,0.709188,0.029009,-87.641842,-45.168928,-0.704422,-0.709188,0.029009,-92.342326,-44.782857,-0.709188,-0.704422,-0.029009
42,2026-02-25,13:26:59,1,5,"Canalichio, Will",1000305076,Left,TEX_BOB,"Canalichio, Will",1000305076,Left,TEX_BOB,Undefined,3,Top,0,2,2,Curveball,Slider,StrikeCalled,Strikeout,Undefined,Undefined,0,0,NA,78.86637,0.180471,0.483516,2266.94182,304.456856,04:15:00,6.29639,-1.62629,5.38344,-55.0344,-8.4876,14.79658,1.87938,0.06002,71.64036,-9.820153,3.121779,0.491039,NA,NA,NA,NA,NA,NA,NA,NA,NA,NA,NA,-7.29276,-3.87477,1.57215,50,6.27361,-1.55418,-114.37626,-1.55737,-9.4691,24.9954,-37.20512,TEX_BOB,TEX_BOB,TexasStateUniversity,TeamExclusive,Team,20260225-TexasStateUniversity-Private-1,f423ced0-127f-11f1-88fc-8f30e08bb6cd,76.76054,NA,NA,7.22601,NA,NA,NA,NA,NA,NA,67ccd8e4-706e-4cbe-a43d-67693408dd2a,2026-02-25,19:26:59,2026-02-25T19:26:59Z,2026-02-25T19:26:59Z,NA,v3,471452,471452,NA,"Galloway, Rashawn",1000183398,Right,TEX_BOB,08414d4a-3dbb-46c4-a43e-bc8c5d702947,55.11957,-115.48965,12.4977,6.30607,0.0999,-18.60256,1.63199,-1.13239,-4.73455,NA,NA,NA,NA,NA,NA,NA,NA,NA,NA,NA,NA,NA,NA,NA,NA,NA,NA,NA,NA,NA,NA,NA,NA,NA,NA,NA,NA,NA,NA,NA,NA,NA,NA,NA,NA,NA,NA,NA,NA,NA,NA,NA,NA,NA,NA,NA,NA,NA,NA,High,High,High,NA,NA,NA,NA,NA,330.310964,-67.366284,872.406559,0.384839,05:00:00,0.919525,-0.193514,0.342091,-26.671873,-28.941712,-33.77875,97.344874,68.204616,0.368246,0.928516,-0.047467,87.073531,21.607511,0.928516,0.368246,0.047467,-87.073531,-21.607511,-0.928516,-0.368246,0.047467,-97.344874,-68.204616,-0.368246,-0.928516,-0.047467
43,2026-02-25,13:27:17,2,1,"Canalichio, Will",1000305076,Left,TEX_BOB,"Canalichio, Will",1000305076,Left,TEX_BOB,Undefined,3,Top,1,0,0,Curveball,Slider,BallCalled,Undefined,Undefined,Undefined,0,0,NA,77.8131,0.586001,-0.640727,2236.183786,297.960128,04:00:00,6.31967,-1.52192,5.7589,-52.73849,-6.28985,14.61095,2.47033,-0.90078,71.53763,-9.055279,1.981786,0.490522,NA,NA,NA,NA,NA,NA,NA,NA,NA,NA,NA,-7.61823,-2.90669,1.56614,50,6.3363,0.71464,-113.07753,-0.56562,-9.82124,21.45128,-35.92127,TEX_BOB,TEX_BOB,TexasStateUniversity,TeamExclusive,Team,20260225-TexasStateUniversity-Private-1,ff02dbc0-127f-11f1-88fc-8f30e08bb6cd,76.84156,NA,NA,6.27548,NA,NA,NA,NA,NA,NA,67ccd8e4-706e-4cbe-a43d-67693408dd2a,2026-02-25,19:27:17,2026-02-25T19:27:17Z,2026-02-25T19:27:17Z,NA,v3,471452,471452,NA,"Galloway, Rashawn",1000183398,Right,TEX_BOB,61473a92-f993-4c42-b839-2fb309c8d7e7,54.74524,-113.97416,10.72564,6.32856,0.93584,-17.96063,1.52769,1.12515,-4.91062,NA,NA,NA,NA,NA,NA,NA,NA,NA,NA,NA,NA,NA,NA,NA,NA,NA,NA,NA,NA,NA,NA,NA,NA,NA,NA,NA,NA,NA,NA,NA,NA,NA,NA,NA,NA,NA,NA,NA,NA,NA,NA,NA,NA,NA,NA,NA,NA,NA,NA,High,High,High,NA,NA,NA,NA,NA,330.861188,-60.17547,1112.155803,0.497345,05:00:00,0.869834,-0.251031,0.424702,-6.400691,-33.655299,-50.568532,90.167774,31.08753,0.856376,0.516347,-0.002508,89.721743,58.912062,0.516347,0.856376,0.002508,-89.721743,-58.912062,-0.516347,-0.856376,0.002508,-90.167774,-31.08753,-0.856376,-0.516347,-0.002508
44,2026-02-25,13:27:39,2,2,"Canalichio, Will",1000305076,Left,TEX_BOB,"Canalichio, Will",1000305076,Left,TEX_BOB,Undefined,3,Top,1,1,0,Fastball,Four-Seam,StrikeCalled,Undefined,Undefined,Undefined,0,0,NA,93.22821,-3.566569,1.425039,2295.600556,174.006392,11:45:00,6.38652,-1.41649,6.08413,-10.61528,21.48363,-2.14319,2.19692,-0.2764,84.97412,-5.64422,1.03922,0.407771,NA,NA,NA,NA,NA,NA,NA,NA,NA,NA,NA,1.51532,12.42816,1.30752,50,6.10491,-3.27022,-135.16217,-8.66992,2.79395,30.37,-9.25917,TEX_BOB,TEX_BOB,TexasStateUniversity,TeamExclusive,Team,20260225-TexasStateUniversity-Private-1,0bea14c0-1280-11f1-88fc-8f30e08bb6cd,92.43526,NA,NA,8.25408,NA,NA,NA,NA,NA,NA,67ccd8e4-706e-4cbe-a43d-67693408dd2a,2026-02-25,19:27:39,2026-02-25T19:27:39Z,2026-02-25T19:27:39Z,NA,v3,471452,471452,NA,"Galloway, Rashawn",1000183398,Right,TEX_BOB,f6daa907-171d-4b44-a2fe-fdb4e249eeae,54.41669,-136.15095,15.185,6.38227,-8.36846,-4.62958,1.41547,-3.36118,1.3969800000000000,NA,NA,NA,NA,NA,NA,NA,NA,NA,NA,NA,NA,NA,NA,NA,NA,NA,NA,NA,NA,NA,NA,NA,NA,NA,NA,NA,NA,NA,NA,NA,NA,NA,NA,NA,NA,NA,NA,NA,NA,NA,NA,NA,NA,NA,NA,NA,NA,NA,NA,High,High,High,NA,NA,NA,NA,NA,162.431041,-30.873165,1970.326193,0.858305,11:30:00,0.516225,0.290502,-0.80568,-1.952706,-50.073181,28.110687,166.210908,-2.647243,0.238094,-0.046187,-0.970143,2.725685,-13.774087,0.046187,-0.238094,0.970143,-2.725685,13.774087,-0.046187,0.238094,0.970143,-166.210908,2.647243,-0.238094,0.046187,-0.970143
45,2026-02-25,13:27:58,2,3,"Canalichio, Will",1000305076,Left,TEX_BOB,"Canalichio, Will",1000305076,Left,TEX_BOB,Undefined,3,Top,1,1,1,Changeup,Four-Seam,BallCalled,Undefined,Undefined,Undefined,0,0,NA,85.03958,-4.82908,0.994465,1928.062386,170.851694,11:45:00,6.38219,-1.63565,6.31397,-20.55147,17.87064,-2.66654,0.20996,-0.9417,77.78693,-8.704745,0.511643,0.446131,NA,NA,NA,NA,NA,NA,NA,NA,NA,NA,NA,1.68189,11.12257,1.56404,50,6.01776,-2.03668,-123.12712,-10.95255,2.56787,25.69491,-15.19248,TEX_BOB,TEX_BOB,TexasStateUniversity,TeamExclusive,Team,20260225-TexasStateUniversity-Private-1,174cd0a0-1280-11f1-88fc-8f30e08bb6cd,84.48747,NA,NA,7.25266,NA,NA,NA,NA,NA,NA,67ccd8e4-706e-4cbe-a43d-67693408dd2a,2026-02-25,19:27:58,2026-02-25T19:27:58Z,2026-02-25T19:27:58Z,NA,v3,471452,471452,NA,"Galloway, Rashawn",1000183398,Right,TEX_BOB,65689135-955c-42d9-bdda-02261ccb3a72,54.18651,-123.99771,12.84745,6.38013,-10.43781,-7.59624,1.63452,-2.12368,1.28393,NA,NA,NA,NA,NA,NA,NA,NA,NA,NA,NA,NA,NA,NA,NA,NA,NA,NA,NA,NA,NA,NA,NA,NA,NA,NA,NA,NA,NA,NA,NA,NA,NA,NA,NA,NA,NA,NA,NA,NA,NA,NA,NA,NA,NA,NA,NA,NA,NA,NA,High,High,High,NA,NA,NA,NA,NA,149.692885,-12.841157,1879.841467,0.97499,11:00:00,0.194622,0.508977,-0.838489,-43.380437,8.095618,-77.161388,143.186906,-56.50102,0.330715,-0.833896,-0.441866,62.081715,-19.312202,0.833896,-0.330715,0.441866,-62.081715,19.312202,-0.833896,0.330715,0.441866,-143.186906,56.50102,-0.330715,0.833896,-0.441866
46,2026-02-25,13:28:16,2,4,"Canalichio, Will",1000305076,Left,TEX_BOB,"Canalichio, Will",1000305076,Left,TEX_BOB,Undefined,3,Top,1,2,1,Changeup,Changeup,BallCalled,Undefined,Undefined,Undefined,0,0,NA,84.42894,-5.785954,2.377789,1829.669023,156.599087,11:15:00,6.28515,-1.58785,5.97494,-21.38781,18.31942,-7.32556,-0.88417,0.00735,77.207,-9.777796,1.060847,0.45353,NA,NA,NA,NA,NA,NA,NA,NA,NA,NA,NA,4.54709,11.60658,1.4039,50,5.81357,-4.78833,-121.9333,-12.98065,6.79458,25.64728,-14.8307,TEX_BOB,TEX_BOB,TexasStateUniversity,TeamExclusive,Team,20260225-TexasStateUniversity-Private-1,226d7a70-1280-11f1-88fc-8f30e08bb6cd,83.10898,NA,NA,7.22194,NA,NA,NA,NA,NA,NA,67ccd8e4-706e-4cbe-a43d-67693408dd2a,2026-02-25,19:28:16,2026-02-25T19:28:16Z,2026-02-25T19:28:16Z,NA,v3,471452,471452,NA,"Galloway, Rashawn",1000183398,Right,TEX_BOB,3c3fe27e-800f-40e5-ad5c-c3265649bb50,54.52811,-122.88205,12.82364,6.2836,-12.43203,-7.41535,1.58568,-5.03968,3.39729,NA,NA,NA,NA,NA,NA,NA,NA,NA,NA,NA,NA,NA,NA,NA,NA,NA,NA,NA,NA,NA,NA,NA,NA,NA,NA,NA,NA,NA,NA,NA,NA,NA,NA,NA,NA,NA,NA,NA,NA,NA,NA,NA,NA,NA,NA,NA,NA,NA,NA,High,High,High,NA,NA,NA,NA,NA,149.735082,-16.143091,1757.525756,0.96057,11:00:00,0.262039,0.50969,-0.819483,-46.860095,9.384988,-71.423753,138.810982,-66.689404,0.260596,-0.918373,-0.297792,72.034174,-15.105457,0.918373,-0.260596,0.297792,-72.034174,15.105457,-0.918373,0.260596,0.297792,-138.810982,66.689404,-0.260596,0.918373,-0.297792
47,2026-02-25,13:28:43,2,5,"Canalichio, Will",1000305076,Left,TEX_BOB,"Canalichio, Will",1000305076,Left,TEX_BOB,Undefined,3,Top,1,3,1,Changeup,Changeup,StrikeCalled,Undefined,Undefined,Undefined,0,0,NA,82.15593,-2.340544,1.622477,1760.410524,164.828849,11:30:00,6.38789,-1.66123,6.014,-25.60403,15.86497,-3.92268,2.08387,-0.48466,74.99297,-7.145552,0.916635,0.463482,NA,NA,NA,NA,NA,NA,NA,NA,NA,NA,NA,2.49091,9.26867,1.536,50,6.19014,-3.22425,-119.16607,-5.6088,3.56196,24.08434,-18.91998,TEX_BOB,TEX_BOB,TexasStateUniversity,TeamExclusive,Team,20260225-TexasStateUniversity-Private-1,327ef150-1280-11f1-88fc-8f30e08bb6cd,81.32443,NA,NA,7.16295,NA,NA,NA,NA,NA,NA,67ccd8e4-706e-4cbe-a43d-67693408dd2a,2026-02-25,19:28:43,2026-02-25T19:28:43Z,2026-02-25T19:28:43Z,NA,v3,471452,471452,NA,"Galloway, Rashawn",1000183398,Right,TEX_BOB,5cd892e3-7c53-4682-ac00-983e1388453b,54.48549,-120.0692,12.04217,6.38716,-4.89933,-9.45999,1.65941,-3.35782,1.78098,NA,NA,NA,NA,NA,NA,NA,NA,NA,NA,NA,NA,NA,NA,NA,NA,NA,NA,NA,NA,NA,NA,NA,NA,NA,NA,NA,NA,NA,NA,NA,NA,NA,NA,NA,NA,NA,NA,NA,NA,NA,NA,NA,NA,NA,NA,NA,NA,NA,NA,High,High,High,NA,NA,NA,NA,NA,151.259395,-21.515487,1637.742429,0.930318,11:00:00,0.371134,0.461944,-0.805523,53.28634,-20.916647,83.697987,149.245473,-69.466936,0.179359,-0.93647,-0.301421,72.158234,-10.332412,0.93647,-0.179359,0.301421,-72.158234,10.332412,-0.93647,0.179359,0.301421,-149.245473,69.466936,-0.179359,0.93647,-0.301421
48,2026-02-25,13:29:17,2,6,"Canalichio, Will",1000305076,Left,TEX_BOB,"Canalichio, Will",1000305076,Left,TEX_BOB,Undefined,3,Top,1,3,2,Fastball,Four-Seam,BallCalled,Walk,Undefined,Undefined,0,0,NA,93.04414,-1.823383,1.063674,2272.982713,177.37175,12:00:00,6.49424,-1.27227,5.98688,-11.77012,20.72316,-0.89894,3.82249,-0.36118,84.10566,-4.130237,0.902105,0.410268,NA,NA,NA,NA,NA,NA,NA,NA,NA,NA,NA,0.78717,11.50607,1.18878,50,6.34363,-2.46545,-134.95438,-4.57573,1.43619,32.30061,-11.18112,TEX_BOB,TEX_BOB,TexasStateUniversity,TeamExclusive,Team,20260225-TexasStateUniversity-Private-1,469b1b00-1280-11f1-88fc-8f30e08bb6cd,91.87264,NA,NA,8.93848,NA,NA,NA,NA,NA,NA,67ccd8e4-706e-4cbe-a43d-67693408dd2a,2026-02-25,19:29:17,2026-02-25T19:29:17Z,2026-02-25T19:29:17Z,NA,v3,471452,471452,NA,"Galloway, Rashawn",1000183398,Right,TEX_BOB,0fdc2f66-a1cf-47e6-b364-81c16ea7cb7c,54.51148,-136.0299,16.15031,6.48979,-4.20343,-5.59056,1.27167,-2.51327,0.71809,NA,NA,NA,NA,NA,NA,NA,NA,NA,NA,NA,NA,NA,NA,NA,NA,NA,NA,NA,NA,NA,NA,NA,NA,NA,NA,NA,NA,NA,NA,NA,NA,NA,NA,NA,NA,NA,NA,NA,NA,NA,NA,NA,NA,NA,NA,NA,NA,NA,NA,High,High,High,NA,NA,NA,NA,NA,159.938615,-24.446462,2069.206101,0.910348,11:15:00,0.419501,0.325284,-0.847472,4.759507,-29.87756,20.238026,179.039537,4.462883,0.016712,0.077813,-0.996828,4.463508,0.957551,0.077813,0.016712,0.996828,-4.463508,-0.957551,-0.077813,-0.016712,0.996828,-179.039537,-4.462883,-0.016712,-0.077813,-0.996828
49,2026-02-25,13:29:32,3,1,"Canalichio, Will",1000305076,Left,TEX_BOB,"Canalichio, Will",1000305076,Left,TEX_BOB,Undefined,3,Top,1,0,0,Slider,Cutter,StrikeCalled,Undefined,Undefined,Undefined,0,0,NA,82.80273,-0.862668,2.663276,2215.011275,180.929867,12:00:00,5.97574,-1.73844,5.37673,-32.33892,9.70441,0.13374,2.47113,0.77138,75.17593,-6.825794,2.687026,0.466681,NA,NA,NA,NA,NA,NA,NA,NA,NA,NA,NA,0.75335,5.57847,1.49959,50,5.87588,-5.58379,-119.91703,-2.9109,1.08571,25.41215,-24.13448,TEX_BOB,TEX_BOB,TexasStateUniversity,TeamExclusive,Team,20260225-TexasStateUniversity-Private-1,4f9a6b70-1280-11f1-88fc-8f30e08bb6cd,80.76706,NA,NA,7.62681,NA,NA,NA,NA,NA,NA,67ccd8e4-706e-4cbe-a43d-67693408dd2a,2026-02-25,19:29:32,2026-02-25T19:29:32Z,2026-02-25T19:29:32Z,NA,v3,471452,471452,NA,"Galloway, Rashawn",1000183398,Right,TEX_BOB,6f885071-9280-4235-9c41-4870de5bd044,55.12172,-120.99752,12.70608,5.97783,-1.88472,-12.06724,1.73799,-5.62995,0.54285,NA,NA,NA,NA,NA,NA,NA,NA,NA,NA,NA,NA,NA,NA,NA,NA,NA,NA,NA,NA,NA,NA,NA,NA,NA,NA,NA,NA,NA,NA,NA,NA,NA,NA,NA,NA,NA,NA,NA,NA,NA,NA,NA,NA,NA,NA,NA,NA,NA,NA,High,High,High,NA,NA,NA,NA,NA,189.611688,-74.338479,597.950839,0.269954,12:15:00,0.97477,-0.030572,-0.221109,-18.085765,-0.018842,-46.963116,90.326897,43.442597,0.726052,0.687627,-0.004142,89.654837,46.556418,0.687627,0.726052,0.004142,-89.654837,-46.556418,-0.687627,-0.726052,0.004142,-90.326897,-43.442597,-0.726052,-0.687627,-0.004142
50,2026-02-25,13:29:49,3,2,"Canalichio, Will",1000305076,Left,TEX_BOB,"Canalichio, Will",1000305076,Left,TEX_BOB,Undefined,3,Top,1,0,1,Slider,Slider,StrikeCalled,Undefined,Undefined,Undefined,0,0,NA,83.66784,-0.96609,2.322521,2365.186172,179.390575,12:00:00,6.2647,-1.59437,5.2335,-32.21801,9.01611,-0.0811,2.67088,0.58328,76.22582,-6.879861,2.308147,0.462168,NA,NA,NA,NA,NA,NA,NA,NA,NA,NA,NA,0.73012,5.20925,1.38046,50,6.15195,-4.91314,-121.22543,-3.18607,1.07938,25.13969,-24.47274,TEX_BOB,TEX_BOB,TexasStateUniversity,TeamExclusive,Team,20260225-TexasStateUniversity-Private-1,59cd0bc0-1280-11f1-88fc-8f30e08bb6cd,81.55574,NA,NA,7.44203,NA,NA,NA,NA,NA,NA,67ccd8e4-706e-4cbe-a43d-67693408dd2a,2026-02-25,19:29:49,2026-02-25T19:29:49Z,2026-02-25T19:29:49Z,NA,v3,471452,471452,NA,"Galloway, Rashawn",1000183398,Right,TEX_BOB,2e71f7dc-e9dd-4b9b-a3b7-5cf17bcb1d9e,55.2658,-122.31258,12.56985,6.26684,-2.12777,-12.23637,1.59393,-4.95981,0.53969,NA,NA,NA,NA,NA,NA,NA,NA,NA,NA,NA,NA,NA,NA,NA,NA,NA,NA,NA,NA,NA,NA,NA,NA,NA,NA,NA,NA,NA,NA,NA,NA,NA,NA,NA,NA,NA,NA,NA,NA,NA,NA,NA,NA,NA,NA,NA,NA,NA,NA,High,High,High,NA,NA,NA,NA,NA,202.425539,-78.851338,457.321318,0.193355,12:45:00,0.988669,-0.057209,-0.138782,-26.412811,-9.462761,-40.655765,92.526843,48.9197,0.656477,0.753789,-0.028971,87.799021,41.031753,0.753789,0.656477,0.028971,-87.799021,-41.031753,-0.753789,-0.656477,0.028971,-92.526843,-48.9197,-0.656477,-0.753789,-0.028971
51,2026-02-25,13:30:09,3,3,"Canalichio, Will",1000305076,Left,TEX_BOB,"Canalichio, Will",1000305076,Left,TEX_BOB,Undefined,3,Top,1,0,2,Fastball,Four-Seam,BallCalled,Undefined,Undefined,Undefined,0,0,NA,93.72957,-1.278445,0.708834,2315.957216,166.216367,11:30:00,6.46719,-1.63368,6.14252,-10.70776,21.3684,-4.94701,4.39311,-1.39082,83.98098,-3.417861,-0.183065,0.407627,NA,NA,NA,NA,NA,NA,NA,NA,NA,NA,NA,2.75669,11.73249,1.58195,50,6.36382,-1.4569,-135.89741,-3.24011,5.05601,35.12721,-10.65555,TEX_BOB,TEX_BOB,TexasStateUniversity,TeamExclusive,Team,20260225-TexasStateUniversity-Private-1,65a60910-1280-11f1-88fc-8f30e08bb6cd,92.46806,NA,NA,9.74859,NA,NA,NA,NA,NA,NA,67ccd8e4-706e-4cbe-a43d-67693408dd2a,2026-02-25,19:30:09,2026-02-25T19:30:09Z,2026-02-25T19:30:09Z,NA,v3,471452,471452,NA,"Galloway, Rashawn",1000183398,Right,TEX_BOB,521f1cbe-fa82-4519-a3d2-344f76acf3f5,54.35356,-137.01811,17.5636,6.46177,-2.90015,-5.32777,1.631,-1.61821,2.52801,NA,NA,NA,NA,NA,NA,NA,NA,NA,NA,NA,NA,NA,NA,NA,NA,NA,NA,NA,NA,NA,NA,NA,NA,NA,NA,NA,NA,NA,NA,NA,NA,NA,NA,NA,NA,NA,NA,NA,NA,NA,NA,NA,NA,NA,NA,NA,NA,NA,NA,High,High,High,NA,NA,NA,NA,NA,159.703473,-31.127441,1982.504775,0.85602,11:15:00,0.520083,0.308395,-0.796496,-0.684573,-51.676246,33.188811,165.50237,0.854101,0.250312,0.014906,-0.96805,0.882187,14.495984,0.014906,0.250312,0.96805,-0.882187,-14.495984,-0.014906,-0.250312,0.96805,-165.50237,-0.854101,-0.250312,-0.014906,-0.96805
52,2026-02-25,13:30:28,3,4,"Canalichio, Will",1000305076,Left,TEX_BOB,"Canalichio, Will",1000305076,Left,TEX_BOB,Undefined,3,Top,1,1,2,Curveball,Curveball,StrikeCalled,Strikeout,Undefined,Undefined,0,0,NA,77.88843,0.109906,1.108707,2083.339614,338.420352,05:15:00,6.31183,-1.64577,5.55809,-54.60534,-7.74256,3.66166,1.8641,-0.30458,71.53852,-9.8201,1.763662,0.492703,NA,NA,NA,NA,NA,NA,NA,NA,NA,NA,NA,-1.5263,-3.52666,1.54746,50,6.2851,-2.32856,-113.10236,-1.61506,-1.96269,22.03473,-36.70896,TEX_BOB,TEX_BOB,TexasStateUniversity,TeamExclusive,Team,20260225-TexasStateUniversity-Private-1,70cc0a10-1280-11f1-88fc-8f30e08bb6cd,76.50133,NA,NA,6.34991,NA,NA,NA,NA,NA,NA,67ccd8e4-706e-4cbe-a43d-67693408dd2a,2026-02-25,19:30:28,2026-02-25T19:30:28Z,2026-02-25T19:30:28Z,NA,v3,471452,471452,NA,"Galloway, Rashawn",1000183398,Right,TEX_BOB,7b725e9e-2824-4815-a912-03333f70ad57,54.94568,-114.06182,11.01737,6.32062,-0.01664,-18.35448,1.64699,-2.2431,-0.98134,NA,NA,NA,NA,NA,NA,NA,NA,NA,NA,NA,NA,NA,NA,NA,NA,NA,NA,NA,NA,NA,NA,NA,NA,NA,NA,NA,NA,NA,NA,NA,NA,NA,NA,NA,NA,NA,NA,NA,NA,NA,NA,NA,NA,NA,NA,NA,NA,NA,NA,High,High,High,NA,NA,NA,NA,NA,332.551638,-60.990435,1010.327275,0.484956,05:00:00,0.865617,-0.225217,0.447195,-4.59854,-22.17506,-47.897939,109.654279,59.433611,0.478909,0.86104,-0.171043,78.764627,28.61415,0.86104,0.478909,0.171043,-78.764627,-28.61415,-0.86104,-0.478909,0.171043,-109.654279,-59.433611,-0.478909,-0.86104,-0.171043
53,2026-02-25,13:30:50,4,1,"Canalichio, Will",1000305076,Left,TEX_BOB,"Canalichio, Will",1000305076,Left,TEX_BOB,Undefined,3,Top,2,0,0,Curveball,Slider,BallCalled,Undefined,Undefined,Undefined,0,0,NA,80.56103,-0.528668,0.746068,2240.786073,300.196603,04:00:00,6.19033,-1.62885,5.56894,-51.64089,-7.69756,15.72402,1.39301,0.37847,73.8327,-9.91228,3.559554,0.477109,NA,NA,NA,NA,NA,NA,NA,NA,NA,NA,NA,-7.76245,-3.34437,1.55384,50,6.11064,-2.14094,-116.96703,-2.8654,-10.62936,24.44723,-36.75358,TEX_BOB,TEX_BOB,TexasStateUniversity,TeamExclusive,Team,20260225-TexasStateUniversity-Private-1,7e19f420-1280-11f1-88fc-8f30e08bb6cd,79.0017,NA,NA,6.72833,NA,NA,NA,NA,NA,NA,67ccd8e4-706e-4cbe-a43d-67693408dd2a,2026-02-25,19:30:50,2026-02-25T19:30:50Z,2026-02-25T19:30:50Z,NA,v3,471452,471452,NA,"Galloway, Rashawn",1000183398,Right,TEX_BOB,d8b98806-b280-4975-8e01-0eb1748fde9d,54.93527,-117.99404,12.22362,6.19859,-1.32141,-18.37679,1.6344,-1.69441,-5.31468,NA,NA,NA,NA,NA,NA,NA,NA,NA,NA,NA,NA,NA,NA,NA,NA,NA,NA,NA,NA,NA,NA,NA,NA,NA,NA,NA,NA,NA,NA,NA,NA,NA,NA,NA,NA,NA,NA,NA,NA,NA,NA,NA,NA,NA,NA,NA,NA,NA,NA,High,High,High,NA,NA,NA,NA,NA,328.381738,-59.269177,1145.0538,0.511005,05:00:00,0.856274,-0.259956,0.446339,5.361984,-30.243023,-52.219455,92.029829,31.129263,0.855466,0.516971,-0.030319,86.643544,58.811258,0.516971,0.855466,0.030319,-86.643544,-58.811258,-0.516971,-0.855466,0.030319,-92.029829,-31.129263,-0.855466,-0.516971,-0.030319
54,2026-02-25,13:31:07,4,2,"Canalichio, Will",1000305076,Left,TEX_BOB,"Canalichio, Will",1000305076,Left,TEX_BOB,Undefined,3,Top,2,1,0,Fastball,Four-Seam,StrikeCalled,Undefined,Undefined,Undefined,0,0,NA,93.5263,-3.148104,1.917142,2239.450101,171.560024,11:45:00,6.3978,-1.28983,6.03104,-11.1369,21.25726,-2.9737,2.54969,0.23849,84.07328,-5.347473,1.382574,0.409642,NA,NA,NA,NA,NA,NA,NA,NA,NA,NA,NA,2.15177,12.2906,1.14148,50,6.14528,-4.39916,-135.39643,-7.69701,3.92481,34.3648,-9.75606,TEX_BOB,TEX_BOB,TexasStateUniversity,TeamExclusive,Team,20260225-TexasStateUniversity-Private-1,880bbae0-1280-11f1-88fc-8f30e08bb6cd,92.01305,NA,NA,9.45302,NA,NA,NA,NA,NA,NA,67ccd8e4-706e-4cbe-a43d-67693408dd2a,2026-02-25,19:31:07,2026-02-25T19:31:07Z,2026-02-25T19:31:07Z,NA,v3,471452,471452,NA,"Galloway, Rashawn",1000183398,Right,TEX_BOB,bcf49a16-3b98-4f57-ba47-3cc507f35eac,54.46693,-136.52547,17.1824,6.39289,-7.37648,-4.87803,1.28813,-4.52811,1.96241,NA,NA,NA,NA,NA,NA,NA,NA,NA,NA,NA,NA,NA,NA,NA,NA,NA,NA,NA,NA,NA,NA,NA,NA,NA,NA,NA,NA,NA,NA,NA,NA,NA,NA,NA,NA,NA,NA,NA,NA,NA,NA,NA,NA,NA,NA,NA,NA,NA,NA,High,High,High,NA,NA,NA,NA,NA,161.399339,-33.910694,1858.537928,0.829908,11:30:00,0.568531,0.294955,-0.767968,11.820243,-57.675688,9.35627,161.133354,-0.284307,0.323363,-0.004962,-0.946262,0.300448,-18.866405,0.004962,-0.323363,0.946262,-0.300448,18.866405,-0.004962,0.323363,0.946262,-161.133354,0.284307,-0.323363,0.004962,-0.946262
