Exam Date,Email,ArmCare ID,Last Name,First Name,Gender,DOB,Height (ft),Height (in),Weight (lbs),Height (cm),Weight (kg),Country,State/Prov,Position 1,Position 2,Position 3,Position 4,Position 5,Playing Level,Throws,Bats,Surgery,Time,Timezone,Exam Type,Sensor Serial Number,ArmShield Eligibility,Arm Score,Total Strength,IRTARM Strength,IRTARM RS,IRTARM Recovery,ERTARM Strength,ERTARM RS,ERTARM Recovery,STARM Strength,STARM RS,STARM Recovery,GTARM Strength,GTARM RS,GTARM Recovery,Shoulder Balance,Velo,SVR,Total Strength Post,Post Strength Loss,Total %Fresh,IRTARM Post Strength,IRTARM Post Loss,IRTARM %Fresh,ERTARM Post Strength,ERTARM Post Loss,ERTARM %Fresh,STARM Post Strength,STARM Post Loss,STARM %Fresh,GTARM Post Strength,GTARM Post Loss,GTARM %Fresh,IRTARM Peak Force-Lbs 1,IRTARM Peak Force-Lbs 2,IRTARM Peak Force-Lbs 3,IRTARM Max-Lbs,IRNTARM Peak Force-Lbs 1,IRNTARM Peak Force-Lbs 2,IRNTARM Peak Force-Lbs 3,IRNTARM Max-Lbs,ERTARM Peak Force-Lbs 1,ERTARM Peak Force-Lbs 2,ERTARM Peak Force-Lbs 3,ERTARM Max-Lbs,ERNTARM Peak Force-Lbs 1,ERNTARM Peak Force-Lbs 2,ERNTARM Peak Force-Lbs 3,ERNTARM Max-Lbs,STARM Peak Force-Lbs 1,STARM Peak Force-Lbs 2,STARM Peak Force-Lbs 3,STARM Max-Lbs,SNTARM Peak Force-Lbs 1,SNTARM Peak Force-Lbs 2,SNTARM Peak Force-Lbs 3,SNTARM Max-Lbs,GTARM Peak Force-Lbs 1,GTARM Peak Force-Lbs 2,GTARM Peak Force-Lbs 3,GTARM Max-Lbs,GNTARM Peak Force-Lbs 1,GNTARM Peak Force-Lbs 2,GNTARM Peak Force-Lbs 3,GNTARM Max-Lbs,Accel Peak Force-Lbs 1,Accel Peak Force-Lbs 2,Accel Peak Force-Lbs 3,Accel Max-Lbs,Decel Peak Force-Lbs 1,Decel Peak Force-Lbs 2,Decel Peak Force-Lbs 3,Decel Max-Lbs,Total Primer Max-Lbs,IRTARM ROM,IRNTARM ROM,ERTARM ROM,ERNTARM ROM,TARM TARC,NTARM TARC,FTARM ROM,FNTARM ROM,Fresh- Last Outing,Fresh- Threw Today,Fresh- RPE,Fresh- Arm Feels,Fresh- Location,Fresh- Warmed up,Post- Threw Today,Post- Throwing Activity,Post- Throwing Time,Post- Pitch Count,Post- High Intent Throws,Post-RPE
09/28/2026,Axw22@txstate.edu,,Walton ,Tyler ,Male,5/10/2005,6,1,200,,,Usa,Texas,Pitcher,Pitcher,,,,Collegiate,Right,Right,,2:17:15,America/chicago,Fresh - Quick,ACTIV5-AP-7718,not_eligible,94.2,188.3,53.1,0.26,Normal,50.4,0.25,Normal,38.6,0.19,Normal,46.2,0.23,Normal,0.94, , , , , , , , , , , , , , , , , ,45.1,52.7,53.1,53.1, , , , ,47.9,50.4, ,50.4, , , , ,37.1,38.6, ,38.6, , , , ,46.2,45.1, ,46.2, , , , , , , , , , , , , , , , , , , , , ,,, , ,,Yes, , , , , , 
09/25/2026,Axw22@txstate.edu,,Walton ,Tyler ,Male,5/10/2005,6,1,200,,,Usa,Texas,Pitcher,Pitcher,,,,Collegiate,Right,Right,,2:4:17,America/chicago,Fresh - Quick,ACTIV5-AO-9489,not_eligible,100.6,201.2,51.2,0.25,Normal,52.9,0.26,Normal,45,0.22,Normal,52.1,0.26,Normal,1.03, , , , , , , , , , , , , , , , , ,51.2,51.2, ,51.2, , , , ,52.9,50.5, ,52.9, , , , ,45,42.2, ,45, , , , ,51.2,52.1, ,52.1, , , , , , , , , , , , , , , , , , , , , ,,, , ,,Yes, , , , , , 
09/23/2026,Axw22@txstate.edu,,Walton ,Tyler ,Male,5/10/2005,6,1,200,,,Usa,Texas,Pitcher,Pitcher,,,,Collegiate,Right,Right,,5:32:1,America/chicago,Fresh - Quick,ACTIV5-AP-7735,not_eligible,93.2,186.5,47.6,0.23,Watch,50.4,0.25,Normal,38.4,0.19,Normal,50.1,0.25,Normal,1.05, , , , , , , , , , , , , , , , , ,47.6,45.1, ,47.6, , , , ,48.2,50.4, ,50.4, , , , ,36.6,38.4, ,38.4, , , , ,50.1,44.7, ,50.1, , , , , , , , , , , , , , , , , , , , , ,,, , ,,Yes, , , , , , 
09/10/2026,Axw22@txstate.edu,,Walton ,Tyler ,Male,5/10/2005,6,1,200,,,Usa,Texas,Pitcher,Pitcher,,,,Collegiate,Right,Right,,1:33:58,America/chicago,Fresh - Quick,ACTIV5-AP-7735,not_eligible,93,186,47.1,0.23,Watch,54.6,0.27,Normal,35.8,0.17,Normal,48.5,0.24,Normal,1.15, , , , , , , , , , , , , , , , , ,47.1,46.6, ,47.1, , , , ,51,54.6, ,54.6, , , , ,32.5,35.8, ,35.8, , , , ,47.2,48.5, ,48.5, , , , , , , , , , , , , , , , , , , , , ,,, , ,,Yes, , , , , , 
09/10/2026,Axw22@txstate.edu,,Walton ,Tyler ,Male,5/10/2005,6,1,200,,,Usa,Texas,Pitcher,Pitcher,,,,Collegiate,Right,Right,,3:20:44,America/chicago,Post,ACTIV5-AP-7735,not_eligible, , , , , , , , , , , , , , , , , ,183,-3,98.3,50.2,3.1,106.5,50.5,-4.1,92.4,37,1.2,103.3,45.3,-3.2,93.4,50.2,49.9, ,50.2, , , , ,45.2,50.5, ,50.5, , , , ,34.7,37, ,37, , , , ,45,45.3, ,45.3, , , , , , , , , , , , , , , , , , , , , , , , , , , ,Yes,Bullpen, ,20, ,7
05/26/2026,Axw22@txstate.edu,,Walton ,Tyler ,Male,5/10/2005,6,1,200,,,Usa,Texas,Pitcher,Pitcher,,,,Collegiate,Right,Right,,2:56:37,America/chicago,Fresh - Quick,,not_eligible,96.5,193,57.9,0.28,Normal,51.3,0.25,Normal,37.1,0.18,Normal,46.7,0.23,Normal,0.88, , , , , , , , , , , , , , , , , ,57.9,57.3, ,57.9, , , , ,46.3,51.3, ,51.3, , , , ,37.1,36.8, ,37.1, , , , ,46.7,46.5, ,46.7, , , , , , , , , , , , , ,90, ,129, ,219, ,201, ,,, , ,,Yes, , , , , , 
05/13/2026,Axw22@txstate.edu,,Walton ,Tyler ,Male,5/10/2005,6,1,200,,,Usa,Texas,Pitcher,Pitcher,,,,Collegiate,Right,Right,,4:51:38,America/chicago,Fresh - Quick,,not_eligible,90.1,180.2,48.8,0.24,Watch,48.6,0.24,Normal,36.7,0.18,Normal,46.1,0.23,Normal,0.99, , , , , , , , , , , , , , , , , ,48.8,47, ,48.8, , , , ,43.3,48.6, ,48.6, , , , ,36.7,35.5, ,36.7, , , , ,46.1,45.1, ,46.1, , , , , , , , , , , , , ,85, ,114, ,199, ,204, ,,, , ,,Yes, , , , , , 
05/06/2026,Axw22@txstate.edu,,Walton ,Tyler ,Male,5/10/2005,6,1,200,,,Usa,Texas,Pitcher,Pitcher,,,,Collegiate,Right,Right,,3:27:19,America/chicago,Post,,not_eligible, , , , , , , , , , , , , , , , , ,200.8,1.4,100.7,55.3,-2.7,95.3,53.6,0.9,101.7,41.8,-0.6,98.5,50.1,3.8,108.2,53.7,55.3, ,55.3, , , , ,52.1,53.6, ,53.6, , , , ,40.3,41.8, ,41.8, , , , ,49,50.1, ,50.1, , , , , , , , , , , , , ,89, ,100, ,189, ,187, , , , , , , ,Yes,Pitch in game, ,20, ,9
04/29/2026,Axw22@txstate.edu,,Walton ,Tyler ,Male,5/10/2005,6,1,200,,,Usa,Texas,Pitcher,Pitcher,,,,Collegiate,Right,Right,,4:23:27,America/chicago,Fresh - Quick,,not_eligible,99.7,199.4,58,0.29,Normal,52.7,0.26,Normal,42.4,0.21,Normal,46.3,0.23,Normal,0.9, , , , , , , , , , , , , , , , , ,50.3,58,55.8,58, , , , ,50.3,52.7, ,52.7, , , , ,35.2,41.1,42.4,42.4, , , , ,46.3,44, ,46.3, , , , , , , , , , , , , ,82, ,136, ,218, ,226, ,,, , ,,Yes, , , , , , 
04/22/2026,Axw22@txstate.edu,,Walton ,Tyler ,Male,5/10/2005,6,1,200,,,Usa,Texas,Pitcher,Pitcher,,,,Collegiate,Right,Right,,1:48:4,America/chicago,Fresh - Quick,,not_eligible,91.8,183.6,55.3,0.27,Normal,46.5,0.23,Normal,36.8,0.18,Normal,45,0.22,Normal,0.84, , , , , , , , , , , , , , , , , ,52.7,55.3, ,55.3, , , , ,45,46.5, ,46.5, , , , ,35.7,36.8, ,36.8, , , , ,45,42.2, ,45, , , , , , , , , , , , , ,83, ,139, ,222, ,208, ,,, , ,,Yes, , , , , , 
04/22/2026,Axw22@txstate.edu,,Walton ,Tyler ,Male,5/10/2005,6,1,200,,,Usa,Texas,Pitcher,Pitcher,,,,Collegiate,Right,Right,,3:21:26,America/chicago,Post,,not_eligible, , , , , , , , , , , , , , , , , ,183.6, ,100,53.8,-1.5,97.2,45,-1.5,96.7,38.8,2,105.4,46,1,102.2,53.8,50, ,53.8, , , , ,44,45, ,45, , , , ,38.8,37.4, ,38.8, , , , ,46,45.1, ,46, , , , , , , , , , , , , ,87, ,129, ,216, ,192, , , , , , , ,Yes,Pitch in game, ,20, ,10
04/14/2026,Axw22@txstate.edu,,Walton ,Tyler ,Male,5/10/2005,6,1,200,,,Usa,Texas,Pitcher,Pitcher,,,,Collegiate,Right,Right,,5:30:35,America/chicago,Fresh - Quick,,not_eligible,100.6,201.2,62.6,0.31,Normal,53.1,0.26,Normal,38.2,0.19,Normal,47.3,0.23,Normal,0.84, , , , , , , , , , , , , , , , , ,61.3,62.6, ,62.6, , , , ,50,58,53.1,53.1, , , , ,35.5,38.2, ,38.2, , , , ,47.3,45.2, ,47.3, , , , , , , , , , , , , ,86, ,126, ,212, ,203, ,,, , ,,Yes, , , , , , 
01/13/2026,Axw22@txstate.edu,,Walton ,Tyler ,Male,5/10/2005,6,1,200,,,Usa,Texas,Pitcher,Pitcher,,,,Collegiate,Right,Right,,12:37:1,America/chicago,Fresh - Quick,,not_eligible,79.4,158.9,43.8,0.21,Watch,39.3,0.19,Watch,30.3,0.15,Normal,45.5,0.22,Normal,0.89, , , , , , , , , , , , , , , , , ,39.7,43.8, ,43.8, , , , ,35.7,39.3, ,39.3, , , , ,30.3,29.8, ,30.3, , , , ,45.5,45.3, ,45.5, , , , , , , , , , , , , ,79, ,122, ,201, ,192, ,,, , ,,Yes, , , , , , 
01/13/2026,Axw22@txstate.edu,,Walton ,Tyler ,Male,5/10/2005,6,1,200,,,Usa,Texas,Pitcher,Pitcher,,,,Collegiate,Right,Right,,11:33:36,America/chicago,Fresh - Full,,not_eligible,78.6,157.2,41.5,0.2,Warning,39.2,0.19,Watch,33,0.16,Normal,43.5,0.21,Normal,0.94, , , , , , , , , , , , , , , , , ,40,41.5, ,41.5, , , , ,37.5,39.2, ,39.2, , , , ,31.7,33, ,33, , , , ,43.5,40.2, ,43.5, , , , , , , , , , , , , ,74,91,146,101,220,192,195,177,,, , ,,Yes, , , , , , 
10/06/2025,Axw22@txstate.edu,,Walton ,Tyler ,Male,5/10/2005,6,1,200,,,Usa,Texas,Pitcher,Pitcher,,,,Collegiate,Right,Right,,4:16:4,America/chicago,Fresh - Quick,,,94.6,189.1,57,0.28,Normal,48.8,0.24,Normal,37,0.18,Normal,46.3,0.23,Normal,0.85, , , , , , , , , , , , , , , , , ,55.7,57, ,57, , , , ,48.8,46.7, ,48.8, , , , ,36.6,37, ,37, , , , ,46.3,46.2, ,46.3, , , , , , , , , , , , , ,75, ,127, ,202, ,197, ,,, , ,,Yes, , , , , , 
08/29/2025,Axw22@txstate.edu,,Walton ,Tyler ,Male,5/10/2005,6,1,200,,,Usa,Texas,Pitcher,Pitcher,,,,Collegiate,Right,Right,,12:15:10,America/chicago,Fresh - Full,,,98.9,197.8,58.2,0.29,Normal,52.2,0.26,Normal,37,0.18,Normal,50.4,0.25,Normal,0.89, , , , , , , , , , , , , , , , , ,56.2,58.2, ,58.2,56,54.6, ,56,49.3,52.2, ,52.2,50.3,47.3, ,50.3,37,36.3, ,37,35,34.4, ,35,50.4,46.7, ,50.4,35.7,35.1, ,35.7, , , , , , , , , ,78,87,132,112,210,199,195,196,,, , ,,Yes, , , , , , 
09/19/2024,Axw22@txstate.edu,,Walton ,Tyler ,Male,5/10/2005,6,1,200,,,Usa,Texas,Pitcher,Pitcher,,,,Collegiate,Right,Right,,3:54:38,America/chicago,Fresh - Quick,,,80.8,161.7,46.5,0.23,Normal,37.4,0.18,Watch,30.5,0.15,Normal,47.3,0.23,Normal,0.8, , , , , , , , , , , , , , , , , ,45.8,46.5, ,46.5, , , , ,37.4,36.9, ,37.4, , , , ,30.3,30.5, ,30.5, , , , ,45.5,47.3, ,47.3, , , , , , , , , , , , , ,72, ,110, ,182, ,203, ,,, , ,,Yes, , , , , , 
09/19/2024,Axw22@txstate.edu,,Walton ,Tyler ,Male,5/10/2005,6,1,200,,,Usa,Texas,Pitcher,Pitcher,,,,Collegiate,Right,Right,,4:28:24,America/chicago,Post,,, , , , , , , , , , , , , , , , , ,141.3,-20.4,87.3,34.4,-12.1,73.9,35.8,-1.6,95.7,28.1,-2.4,92.1,43,-4.3,90.9,34.4,33.5, ,34.4, , , , ,33.2,35.8, ,35.8, , , , ,28.1,26.7, ,28.1, , , , ,43,42.4, ,43, , , , , , , , , , , , , ,67, ,119, ,186, ,197, , , , , , , ,Yes,Bullpen, ,25, ,8
09/16/2024,Axw22@txstate.edu,,Walton ,Tyler ,Male,5/10/2005,6,1,200,,,Usa,Texas,Pitcher,Pitcher,,,,Collegiate,Right,Right,,2:59:53,America/chicago,Fresh - Quick,,,90.4,180.7,52.3,0.26,Normal,47.3,0.23,Normal,32.1,0.16,Normal,49,0.24,Normal,0.9, , , , , , , , , , , , , , , , , ,52.3,45.9, ,52.3, , , , ,43.4,47.3, ,47.3, , , , ,31.6,32.1, ,32.1, , , , ,49,46.6, ,49, , , , , , , , , , , , , ,87, ,123, ,210, ,208, ,,, , ,,Yes, , , , , , 
09/16/2024,Axw22@txstate.edu,,Walton ,Tyler ,Male,5/10/2005,6,1,200,,,Usa,Texas,Pitcher,Pitcher,,,,Collegiate,Right,Right,,4:23:39,America/chicago,Post,,, , , , , , , , , , , , , , , , , ,141.5,-39.2,78.3,36.8,-15.5,70.3,31.7,-15.6,67,27.4,-4.7,85.3,45.6,-3.4,93,32.6,36.8, ,36.8, , , , ,35.7,29.9,31.7,31.7, , , , ,27.4,22.8,25.3,27.4, , , , ,45.6,40.6, ,45.6, , , , , , , , , , , , , ,83, ,92, ,175, ,172, , , , , , , ,Yes,Bullpen, ,30, ,8
08/30/2024,Axw22@txstate.edu,,Walton ,Tyler ,Male,5/10/2005,6,1,200,,,Usa,Texas,Pitcher,Pitcher,,,,Collegiate,Right,Right,,12:32:10,America/chicago,Fresh - Full,,,84.2,168.4,49.4,0.24,Normal,41,0.2,Normal,32.2,0.16,Normal,45.8,0.22,Normal,0.82, , , , , , , , , , , , , , , , , ,40.9,48.5,49.4,49.4,49.2,47.1, ,49.2,39.4,41, ,41,42.9,42.9, ,42.9,32.2,30.5, ,32.2,31,31.1, ,31.1,45.8,44.6, ,45.8,24.9,27.9, ,27.9, , , , , , , , , ,76,88,124,116,200,204,201,203,,, , ,,Yes, , , , , , 
09/01/2026,Uqs24@txstate.edu,,Tovar ,Jesus ,Male,1/4/2003,6,0,179,,,Usa,Texas,Pitcher,,,,,Collegiate,Left,Left,,3:33:3,America/chicago,Fresh - Quick,ACTIV5-AM-8707,not_eligible,97.1,173.8,52,0.28,Normal,44.9,0.24,Normal,31.8,0.17,Normal,45.1,0.24,Normal,0.86,93,1.87, , , , , , , , , , , , , , , ,52,51, ,52, , , , ,44.9,41.8, ,44.9, , , , ,31.8,31, ,31.8, , , , ,45.1,44.8, ,45.1, , , , , , , , , , , , , ,63, ,107, ,170, ,196, ,,, , ,,Yes, , , , , , 
05/26/2026,Uqs24@txstate.edu,,Tovar ,Jesus ,Male,1/4/2003,6,0,179,,,Usa,Texas,Pitcher,,,,,Collegiate,Left,Left,,1:31:0,America/chicago,Fresh - Quick,,not_eligible,89,159.3,47.6,0.25,Warning,38.1,0.2,Normal,27.4,0.14,Normal,46.2,0.24,Normal,0.8,93,1.71, , , , , , , , , , , , , , , ,43.9,47.6, ,47.6, , , , ,38.1,37.9, ,38.1, , , , ,26.1,27.4, ,27.4, , , , ,46.2,45.5, ,46.2, , , , , , , , , , , , , ,64, ,117, ,181, ,178, ,,, , ,,Yes, , , , , , 
05/06/2026,Uqs24@txstate.edu,,Tovar ,Jesus ,Male,1/4/2003,6,0,179,,,Usa,Texas,Pitcher,,,,,Collegiate,Left,Left,,3:46:1,America/chicago,Fresh - Quick,,not_eligible,112,200.5,64.3,0.34,Normal,48.4,0.26,Normal,34.4,0.18,Normal,53.4,0.28,Normal,0.75,93,2.16, , , , , , , , , , , , , , , ,60.1,64.3, ,64.3, , , , ,44,48.4, ,48.4, , , , ,34.4,33.8, ,34.4, , , , ,53.4,52, ,53.4, , , , , , , , , , , , , ,67, ,94, ,161, ,183, ,,, , ,,Yes, , , , , , 
05/06/2026,Uqs24@txstate.edu,,Tovar ,Jesus ,Male,1/4/2003,6,0,179,,,Usa,Texas,Pitcher,,,,,Collegiate,Left,Left,,4:52:59,America/chicago,Post,,not_eligible, , , , , , , , , , , , , , , , , ,159.1,-41.4,79.3,48.9,-15.4,76,39.9,-8.5,82.4,28.1,-6.3,81.6,42.2,-11.2,79,48.9,47.1, ,48.9, , , , ,34.7,39.9, ,39.9, , , , ,28.1,24.7, ,28.1, , , , ,50.4,38,42.2,42.2, , , , , , , , , , , , , ,63, ,105, ,168, ,188, , , , , , , ,Yes,Bullpen, ,20, ,9
04/30/2026,Uqs24@txstate.edu,,Tovar ,Jesus ,Male,1/4/2003,6,0,179,,,Usa,Texas,Pitcher,,,,,Collegiate,Left,Left,,3:48:8,America/chicago,Fresh - Quick,,not_eligible,95.3,170.6,53,0.28,Normal,39.1,0.21,Normal,28.6,0.15,Normal,49.9,0.26,Normal,0.73,93,1.83, , , , , , , , , , , , , , , ,49.3,53, ,53, , , , ,39.1,37.4, ,39.1, , , , ,28.6,28.5, ,28.6, , , , ,49.9,49.2, ,49.9, , , , , , , , , , , , , ,68, ,110, ,178, ,179, ,,, , ,,Yes, , , , , , 
04/30/2026,Uqs24@txstate.edu,,Tovar ,Jesus ,Male,1/4/2003,6,0,179,,,Usa,Texas,Pitcher,,,,,Collegiate,Left,Left,,4:32:53,America/chicago,Post,,not_eligible, , , , , , , , , , , , , , , , , ,178.3,7.7,104.5,53.3,0.3,100.5,40,0.9,102.3,32.9,4.3,115,52.1,2.2,104.4,53.3,52.9, ,53.3, , , , ,40,39.9, ,40, , , , ,31.3,32.9, ,32.9, , , , ,52.1,51.6, ,52.1, , , , , , , , , , , , , ,62, ,110, ,172, ,190, , , , , , , ,Yes,Bullpen, ,30, ,10
04/13/2026,Uqs24@txstate.edu,,Tovar ,Jesus ,Male,1/4/2003,6,0,179,,,Usa,Texas,Pitcher,,,,,Collegiate,Left,Left,,3:36:20,America/chicago,Fresh - Quick,,not_eligible,95.8,171.4,53,0.28,Normal,39,0.21,Normal,30.7,0.16,Normal,48.7,0.26,Watch,0.73,93,1.84, , , , , , , , , , , , , , , ,47.4,53, ,53, , , , ,38.9,39, ,39, , , , ,28.5,30.7, ,30.7, , , , ,48.7,40.8,44.8,48.7, , , , , , , , , , , , , ,69, ,111, ,180, ,175, ,,, , ,,Yes, , , , , , 
04/11/2026,Uqs24@txstate.edu,,Tovar ,Jesus ,Male,1/4/2003,6,0,179,,,Usa,Texas,Pitcher,,,,,Collegiate,Left,Left,,12:21:34,America/chicago,Fresh - Quick,,not_eligible,98.1,175.6,54.8,0.29,Normal,40,0.21,Normal,30.8,0.16,Normal,50,0.27,Watch,0.72,93,1.89, , , , , , , , , , , , , , , ,53.4,54.8, ,54.8, , , , ,39.5,40, ,40, , , , ,30.8,30.2, ,30.8, , , , ,50,47.1, ,50, , , , , , , , , , , , , ,76, ,105, ,181, ,192, ,,, , ,,Yes, , , , , , 
04/06/2026,Uqs24@txstate.edu,,Tovar ,Jesus ,Male,1/4/2003,6,0,179,,,Usa,Texas,Pitcher,,,,,Collegiate,Left,Left,,3:46:28,America/chicago,Fresh - Quick,,not_eligible,108.7,194.6,61.9,0.33,Normal,43.6,0.23,Normal,31.7,0.17,Normal,57.4,0.31,Normal,0.7,93,2.09, , , , , , , , , , , , , , , ,49,56.5,61.9,61.9, , , , ,43.6,43.4, ,43.6, , , , ,30.7,31.7, ,31.7, , , , ,57.4,52.9, ,57.4, , , , , , , , , , , , , ,70, ,96, ,166, ,185, ,,, , ,,Yes, , , , , , 
03/22/2026,Uqs24@txstate.edu,,Tovar ,Jesus ,Male,1/4/2003,6,0,179,,,Usa,Texas,Pitcher,,,,,Collegiate,Left,Left,,1:19:32,America/chicago,Fresh - Quick,,not_eligible,100.5,179.9,50.9,0.27,Watch,42.2,0.22,Normal,30.1,0.16,Normal,56.7,0.3,Normal,0.82,93,1.93, , , , , , , , , , , , , , , ,50.9,50.9, ,50.9, , , , ,42.2,35.2,39.7,42.2, , , , ,28.7,30.1, ,30.1, , , , ,56.7,51.7, ,56.7, , , , , , , , , , , , , ,68, ,113, ,181, ,185, ,,, , ,,Yes, , , , , , 
03/19/2026,Uqs24@txstate.edu,,Tovar ,Jesus ,Male,1/4/2003,6,0,179,,,Usa,Texas,Pitcher,,,,,Collegiate,Left,Left,,1:42:13,America/chicago,Fresh - Quick,,not_eligible,102.6,183.6,54.8,0.29,Normal,44.3,0.23,Normal,30.2,0.16,Normal,54.3,0.29,Normal,0.8,93,1.97, , , , , , , , , , , , , , , ,54.5,54.8, ,54.8, , , , ,43.7,44.3, ,44.3, , , , ,29.4,30.2, ,30.2, , , , ,54.3,51, ,54.3, , , , , , , , , , , , , ,52, ,119, ,171, ,176, ,,, , ,,Yes, , , , , , 
03/15/2026,Uqs24@txstate.edu,,Tovar ,Jesus ,Male,1/4/2003,6,0,179,,,Usa,Texas,Pitcher,,,,,Collegiate,Left,Left,,1:20:6,America/chicago,Fresh - Quick,,not_eligible,104.9,187.8,55.9,0.3,Watch,43,0.23,Normal,33,0.17,Normal,55.9,0.3,Normal,0.76,93,2.02, , , , , , , , , , , , , , , ,53.7,55.9, ,55.9, , , , ,40.2,43, ,43, , , , ,33,32.6, ,33, , , , ,55.9,54.1, ,55.9, , , , , , , , , , , , , ,70, ,100, ,170, ,179, ,,, , ,,Yes, , , , , , 
02/22/2026,Uqs24@txstate.edu,,Tovar ,Jesus ,Male,1/4/2003,6,0,179,,,Usa,Texas,Pitcher,,,,,Collegiate,Left,Left,,1:16:34,America/chicago,Fresh - Quick,,not_eligible,107.5,192.5,58.8,0.31,Normal,42.2,0.22,Normal,33.4,0.18,Normal,58.1,0.31,Normal,0.71,93,2.07, , , , , , , , , , , , , , , ,56.5,58.8, ,58.8, , , , ,42.2,41.3, ,42.2, , , , ,31.6,33.4, ,33.4, , , , ,58.1,55.9, ,58.1, , , , , , , , , , , , , ,62, ,106, ,168, ,189, ,,, , ,,Yes, , , , , , 
02/15/2026,Uqs24@txstate.edu,,Tovar ,Jesus ,Male,1/4/2003,6,0,179,,,Usa,Texas,Pitcher,,,,,Collegiate,Left,Left,,1:24:1,America/chicago,Fresh - Quick,,not_eligible,110.9,198.6,62.8,0.33,Normal,43.8,0.23,Normal,34.2,0.18,Normal,57.8,0.31,Normal,0.69,93,2.14, , , , , , , , , , , , , , , ,56.5,62.8, ,62.8, , , , ,43.8,43, ,43.8, , , , ,32.4,34.2, ,34.2, , , , ,57.1,57.8, ,57.8, , , , , , , , , , , , , ,67, ,101, ,168, ,186, ,,, , ,,Yes, , , , , , 
02/11/2026,Uqs24@txstate.edu,,Tovar ,Jesus ,Male,1/4/2003,6,0,179,,,Usa,Texas,Pitcher,,,,,Collegiate,Left,Left,,4:33:37,America/chicago,Fresh - Quick,,not_eligible,106.7,191,59.5,0.32,Normal,44,0.23,Normal,33.6,0.18,Normal,53.9,0.29,Normal,0.73,93,2.05, , , , , , , , , , , , , , , ,59.5,59.1, ,59.5, , , , ,44,44, ,44, , , , ,33.6,32.7, ,33.6, , , , ,53.9,52.4, ,53.9, , , , , , , , , , , , , ,62, ,104, ,166, ,192, ,,, , ,,Yes, , , , , , 
02/11/2026,Uqs24@txstate.edu,,Tovar ,Jesus ,Male,1/4/2003,6,0,179,,,Usa,Texas,Pitcher,,,,,Collegiate,Left,Left,,5:37:2,America/chicago,Post,,not_eligible, , , , , , , , , , , , , , , , , ,172.6,-18.4,90.3,50.1,-9.4,84.2,41.6,-2.4,94.5,31.9,-1.7,94.9,49,-4.9,90.9,46.3,50.1, ,50.1, , , , ,38.5,41.6, ,41.6, , , , ,31.9,30.1, ,31.9, , , , ,47.6,49, ,49, , , , , , , , , , , , , ,68, ,94, ,162, ,185, , , , , , , ,Yes,Bullpen, ,26, ,9
02/06/2026,Uqs24@txstate.edu,,Tovar ,Jesus ,Male,1/4/2003,6,0,179,,,Usa,Texas,Pitcher,,,,,Collegiate,Left,Left,,6:14:56,America/chicago,Fresh - Quick,,not_eligible,115.4,206.5,68.3,0.36,Normal,47.9,0.25,Normal,34.6,0.18,Normal,55.7,0.3,Normal,0.7,93,2.22, , , , , , , , , , , , , , , ,63.4,68.3, ,68.3, , , , ,47.9,46.4, ,47.9, , , , ,33.9,34.6, ,34.6, , , , ,54.6,55.7, ,55.7, , , , , , , , , , , , , ,68, ,102, ,170, ,196, ,,, , ,,Yes, , , , , , 
02/06/2026,Uqs24@txstate.edu,,Tovar ,Jesus ,Male,1/4/2003,6,0,179,,,Usa,Texas,Pitcher,,,,,Collegiate,Left,Left,,8:20:19,America/chicago,Post,,not_eligible, , , , , , , , , , , , , , , , , ,187.1,-19.4,90.6,56.2,-12.1,82.2,47.8,-0.1,99.7,32.7,-1.9,94.5,50.4,-5.3,90.4,54.2,56.2, ,56.2, , , , ,47.8,43.9, ,47.8, , , , ,32.7,31.1, ,32.7, , , , ,50.4,49.6, ,50.4, , , , , , , , , , , , , ,58, ,107, ,165, ,178, , , , , , , ,Yes,Pitch in game, ,55, ,10
02/03/2026,Uqs24@txstate.edu,,Tovar ,Jesus ,Male,1/4/2003,6,0,179,,,Usa,Texas,Pitcher,,,,,Collegiate,Left,Left,,1:54:19,America/chicago,Fresh - Quick,,not_eligible,103.8,185.8,55.5,0.3,Normal,43.5,0.23,Normal,31,0.16,Normal,55.8,0.3,Normal,0.78,93,2, , , , , , , , , , , , , , , ,53.2,55.5, ,55.5, , , , ,42,43.5, ,43.5, , , , ,31,29.8, ,31, , , , ,55.8,50.2, ,55.8, , , , , , , , , , , , , ,57, ,107, ,164, ,186, ,,, , ,,Yes, , , , , , 
02/03/2026,Uqs24@txstate.edu,,Tovar ,Jesus ,Male,1/4/2003,6,0,179,,,Usa,Texas,Pitcher,,,,,Collegiate,Left,Left,,2:59:12,America/chicago,Post,,not_eligible, , , , , , , , , , , , , , , , , ,168.1,-17.7,90.4,49.1,-6.4,88.4,40.2,-3.3,92.4,28.3,-2.7,91.2,50.5,-5.3,90.5,49.1,39.9,47,49.1, , , , ,35.7,40.2, ,40.2, , , , ,28.3,26.9, ,28.3, , , , ,50.5,50.4, ,50.5, , , , , , , , , , , , , ,55, ,113, ,168, ,182, , , , , , , ,Yes,Bullpen, ,20, ,10
01/30/2026,Uqs24@txstate.edu,,Tovar ,Jesus ,Male,1/4/2003,6,0,179,,,Usa,Texas,Pitcher,,,,,Collegiate,Left,Left,,1:11:15,America/chicago,Fresh - Quick,,not_eligible,105.4,188.7,62.1,0.33,Normal,42.2,0.22,Normal,30.6,0.16,Normal,53.8,0.29,Normal,0.67,93,2.03, , , , , , , , , , , , , , , ,58.2,62.1, ,62.1, , , , ,42.2,41, ,42.2, , , , ,30.6,29.2, ,30.6, , , , ,53.8,51.5, ,53.8, , , , , , , , , , , , , ,66, ,109, ,175, ,176, ,,, , ,,Yes, , , , , , 
01/30/2026,Uqs24@txstate.edu,,Tovar ,Jesus ,Male,1/4/2003,6,0,179,,,Usa,Texas,Pitcher,,,,,Collegiate,Left,Left,,3:41:56,America/chicago,Post,,not_eligible, , , , , , , , , , , , , , , , , ,170.4,-18.3,90.3,54,-8.1,86.9,39.6,-2.6,93.8,28.8,-1.8,94.1,48,-5.8,89.2,46.6,54,53.1,54, , , , ,39.6,38.5, ,39.6, , , , ,28.7,28.8, ,28.8, , , , ,48,46.8, ,48, , , , , , , , , , , , , ,76, ,104, ,180, ,188, , , , , , , ,Yes,Pitch in game, ,55, ,10
01/27/2026,Uqs24@txstate.edu,,Tovar ,Jesus ,Male,1/4/2003,6,0,179,,,Usa,Texas,Pitcher,,,,,Collegiate,Left,Left,,2:15:1,America/chicago,Fresh - Quick,,not_eligible,111.1,198.8,60.8,0.32,Normal,49.5,0.26,Normal,33.4,0.18,Normal,55.1,0.29,Normal,0.81,93,2.14, , , , , , , , , , , , , , , ,56.2,60.8, ,60.8, , , , ,45.1,49.5, ,49.5, , , , ,32.4,33.4, ,33.4, , , , ,55.1,50.6, ,55.1, , , , , , , , , , , , , ,62, ,100, ,162, ,186, ,,, , ,,Yes, , , , , , 
01/27/2026,Uqs24@txstate.edu,,Tovar ,Jesus ,Male,1/4/2003,6,0,179,,,Usa,Texas,Pitcher,,,,,Collegiate,Left,Left,,3:22:45,America/chicago,Post,,not_eligible, , , , , , , , , , , , , , , , , ,188,-10.8,94.5,59.3,-1.5,97.5,43.2,-6.3,87.2,31.8,-1.6,95.2,53.7,-1.4,97.4,56.9,59.3, ,59.3, , , , ,43.2,41.2, ,43.2, , , , ,31.8,31.7, ,31.8, , , , ,53.6,53.7, ,53.7, , , , , , , , , , , , , ,66, ,113, ,179, ,195, , , , , , , ,Yes,Bullpen, ,30, ,9
01/23/2026,Uqs24@txstate.edu,,Tovar ,Jesus ,Male,1/4/2003,6,0,179,,,Usa,Texas,Pitcher,,,,,Collegiate,Left,Left,,12:50:39,America/chicago,Fresh - Quick,,not_eligible,99.4,178,48.8,0.26,Watch,43.8,0.23,Normal,32.5,0.17,Normal,52.9,0.28,Normal,0.89,93,1.91, , , , , , , , , , , , , , , ,45.5,48.8, ,48.8, , , , ,36.7,43.8,43.2,43.8, , , , ,29.7,32.5, ,32.5, , , , ,52.9,51.1, ,52.9, , , , , , , , , , , , , ,62, ,103, ,165, ,195, ,,, , ,,Yes, , , , , , 
01/23/2026,Uqs24@txstate.edu,,Tovar ,Jesus ,Male,1/4/2003,6,0,179,,,Usa,Texas,Pitcher,,,,,Collegiate,Left,Left,,2:14:43,America/chicago,Post,,not_eligible, , , , , , , , , , , , , , , , , ,178, ,100,52.6,3.8,107.7,42.5,-1.3,97,28.9,-3.6,88.9,54,1.1,102,52.6,51.5, ,52.6, , , , ,42.5,38.3, ,42.5, , , , ,28.9,28.6, ,28.9, , , , ,54,41.8,49.6,54, , , , , , , , , , , , , ,50, ,100, ,150, ,179, , , , , , , ,Yes,Pitch in game, ,30, ,10
01/20/2026,Uqs24@txstate.edu,,Tovar ,Jesus ,Male,1/4/2003,6,0,179,,,Usa,Texas,Pitcher,,,,,Collegiate,Left,Left,,1:10:6,America/chicago,Fresh - Quick,,not_eligible,97.2,173.9,51.3,0.27,Watch,40.6,0.21,Watch,28.8,0.15,Normal,53.2,0.28,Normal,0.79,93,1.87, , , , , , , , , , , , , , , ,51.1,51.3, ,51.3, , , , ,37.4,40.6, ,40.6, , , , ,28.8,28.4, ,28.8, , , , ,53.2,48.8, ,53.2, , , , , , , , , , , , , ,68, ,112, ,180, ,185, ,,, , ,,Yes, , , , , , 
01/20/2026,Uqs24@txstate.edu,,Tovar ,Jesus ,Male,1/4/2003,6,0,179,,,Usa,Texas,Pitcher,,,,,Collegiate,Left,Left,,2:17:21,America/chicago,Post,,not_eligible, , , , , , , , , , , , , , , , , ,174.3,0.4,100.2,50,-1.3,97.4,42.2,1.6,103.9,29.2,0.4,101.3,52.9,-0.3,99.4,44.6,50, ,50, , , , ,39.1,42.2, ,42.2, , , , ,29.1,29.2, ,29.2, , , , ,51.7,52.9, ,52.9, , , , , , , , , , , , , ,58, ,112, ,170, ,183, , , , , , , ,Yes,Bullpen, ,36, ,9
01/16/2026,Uqs24@txstate.edu,,Tovar ,Jesus ,Male,1/4/2003,6,0,179,,,Usa,Texas,Pitcher,,,,,Collegiate,Left,Left,,12:53:4,America/chicago,Fresh - Quick,,not_eligible,98.7,176.7,51.3,0.27,Watch,40.1,0.21,Watch,29.5,0.15,Normal,55.8,0.3,Normal,0.78,93,1.9, , , , , , , , , , , , , , , ,44,51.3,49.7,51.3, , , , ,38.3,40.1, ,40.1, , , , ,29.5,28.2, ,29.5, , , , ,55.8,51.2, ,55.8, , , , , , , , , , , , , ,66, ,104, ,170, ,203, ,,, , ,,Yes, , , , , , 
01/16/2026,Uqs24@txstate.edu,,Tovar ,Jesus ,Male,1/4/2003,6,0,179,,,Usa,Texas,Pitcher,,,,,Collegiate,Left,Left,,2:16:33,America/chicago,Post,,not_eligible, , , , , , , , , , , , , , , , , ,161.8,-14.9,91.5,44.9,-6.4,87.5,34.6,-5.5,86.2,29.5, ,100,52.8,-3,94.6,44.9,42.8, ,44.9, , , , ,33.6,34.6, ,34.6, , , , ,29.5,27, ,29.5, , , , ,52.8,51.6, ,52.8, , , , , , , , , , , , , ,59, ,117, ,176, ,176, , , , , , , ,Yes,Pitch in game, , , ,10
01/13/2026,Uqs24@txstate.edu,,Tovar ,Jesus ,Male,1/4/2003,6,0,174,,,Usa,Texas,Pitcher,,,,,Collegiate,Left,Left,,11:2:19,America/chicago,Fresh - Quick,,not_eligible,109.5,190.6,56.6,0.3,Normal,48.5,0.26,Normal,30.8,0.16,Normal,54.7,0.29,Normal,0.85,93,2.05, , , , , , , , , , , , , , , ,51.1,56.6, ,56.6, , , , ,48.4,48.5, ,48.5, , , , ,30.8,30.8, ,30.8, , , , ,54.7,51.1, ,54.7, , , , , , , , , , , , , ,71, ,108, ,179, ,178, ,,, , ,,Yes, , , , , , 
01/13/2026,Uqs24@txstate.edu,,Tovar ,Jesus ,Male,1/4/2003,6,0,179,,,Usa,Texas,Pitcher,,,,,Collegiate,Left,Left,,12:18:6,America/chicago,Post,,not_eligible, , , , , , , , , , , , , , , , , ,192,1.4,100.7,56.2,-0.4,99.2,47.1,-1.4,97.1,31.7,0.9,102.9,57,2.3,104.2,51.7,56.2, ,56.2, , , , ,43.7,47.1, ,47.1, , , , ,31.7,31, ,31.7, , , , ,57,49.9, ,57, , , , , , , , , , , , , ,59, ,100, ,159, ,181, , , , , , , ,Yes,Bullpen, , , ,8
11/07/2025,Uqs24@txstate.edu,,Tovar ,Jesus ,Male,1/4/2003,6,0,174,,,Usa,Texas,Pitcher,,,,,Collegiate,Left,Left,,2:8:32,America/chicago,Fresh - Quick,,not_eligible,114.1,198.5,59.9,0.32,Normal,49.1,0.26,Normal,34.5,0.18,Normal,55,0.29,Normal,0.81,93,2.13, , , , , , , , , , , , , , , ,47.6,59,59.9,59.9, , , , ,49.1,46.9, ,49.1, , , , ,34.5,34.4, ,34.5, , , , ,55,53.2, ,55, , , , , , , , , , , , , ,61, ,117, ,178, ,193, ,,, , ,,Yes, , , , , , 
11/03/2025,Uqs24@txstate.edu,,Tovar ,Jesus ,Male,1/4/2003,6,0,174,,,Usa,Texas,Pitcher,,,,,Collegiate,Left,Left,,2:13:18,America/chicago,Fresh - Quick,,,116.3,202.3,62.9,0.34,Normal,50.2,0.27,Normal,33.8,0.18,Normal,55.4,0.29,Normal,0.79,93,2.18, , , , , , , , , , , , , , , ,50.3,62.9,59.5,62.9, , , , ,50.2,48.2, ,50.2, , , , ,33.8,33.3, ,33.8, , , , ,55.4,52.4, ,55.4, , , , , , , , , , , , , ,70, ,110, ,180, ,194, ,,, , ,,Yes, , , , , , 
11/03/2025,Uqs24@txstate.edu,,Tovar ,Jesus ,Male,1/4/2003,6,0,174,,,Usa,Texas,Pitcher,,,,,Collegiate,Left,Left,,3:6:12,America/chicago,Post,,, , , , , , , , , , , , , , , , , ,160.9,-41.4,79.5,45.8,-17.1,72.8,39.1,-11.1,77.8,28.2,-5.6,83.4,47.8,-7.6,86.2,42.2,45.8, ,45.8, , , , ,34.9,39.1, ,39.1, , , , ,28.2,28.1, ,28.2, , , , ,47.8,43.9, ,47.8, , , , , , , , , , , , , ,71, ,110, ,181, ,187, , , , , , , ,Yes,Bullpen, ,20, ,8
10/30/2025,Uqs24@txstate.edu,,Tovar ,Jesus ,Male,1/4/2003,6,0,174,,,Usa,Texas,Pitcher,,,,,Collegiate,Left,Left,,4:9:37,America/chicago,Fresh - Quick,,,103.6,180.2,50.4,0.27,Normal,41,0.22,Normal,29.4,0.15,Normal,59.4,0.32,Normal,0.81,93,1.94, , , , , , , , , , , , , , , ,49.8,50.4, ,50.4, , , , ,41,39.4, ,41, , , , ,29.4,28.6, ,29.4, , , , ,59.4,54.9, ,59.4, , , , , , , , , , , , , ,72, ,111, ,183, ,192, ,,, , ,,Yes, , , , , , 
10/30/2025,Uqs24@txstate.edu,,Tovar ,Jesus ,Male,1/4/2003,6,0,174,,,Usa,Texas,Pitcher,,,,,Collegiate,Left,Left,,7:13:29,America/chicago,Post,,, , , , , , , , , , , , , , , , , ,176.8,-3.4,98.1,42.4,-8,84.1,45.5,4.5,110.9,32.2,2.8,109.5,56.7,-2.7,95.4,41.5,42.4, ,42.4, , , , ,45.5,43.4, ,45.5, , , , ,32.2,30.8, ,32.2, , , , ,56.7,54.5, ,56.7, , , , , , , , , , , , , ,79, ,107, ,186, ,181, , , , , , , ,Yes,Pitch in game, ,60, ,10
10/27/2025,Uqs24@txstate.edu,,Tovar ,Jesus ,Male,1/4/2003,6,0,174,,,Usa,Texas,Pitcher,,,,,Collegiate,Left,Left,,1:24:21,America/chicago,Fresh - Quick,,,104,180.9,52.2,0.28,Normal,44,0.23,Normal,29.9,0.16,Normal,54.8,0.29,Normal,0.84,93,1.95, , , , , , , , , , , , , , , ,47.1,52.2, ,52.2, , , , ,44,39.9, ,44, , , , ,28.1,29.9, ,29.9, , , , ,54.1,54.8, ,54.8, , , , , , , , , , , , , ,83, ,115, ,198, ,195, ,,, , ,,Yes, , , , , , 
10/27/2025,Uqs24@txstate.edu,,Tovar ,Jesus ,Male,1/4/2003,6,0,174,,,Usa,Texas,Pitcher,,,,,Collegiate,Left,Left,,2:34:10,America/chicago,Post,,, , , , , , , , , , , , , , , , , ,163.1,-17.8,90.1,40.7,-11.5,77.9,43,-1,97.7,29.4,-0.5,98.3,50,-4.8,91.2,40.2,40.7, ,40.7, , , , ,42.7,43, ,43, , , , ,29.4,28.4, ,29.4, , , , ,50,47.3, ,50, , , , , , , , , , , , , ,70, ,100, ,170, ,188, , , , , , , ,Yes,Bullpen, ,25, ,9
10/23/2025,Uqs24@txstate.edu,,Tovar ,Jesus ,Male,1/4/2003,6,0,174,,,Usa,Texas,Pitcher,,,,,Collegiate,Left,Left,,4:19:9,America/chicago,Fresh - Quick,,,106.3,184.9,54.2,0.29,Normal,43.8,0.23,Normal,31.7,0.17,Normal,55.2,0.29,Normal,0.8,93,1.99, , , , , , , , , , , , , , , ,52.7,54.2, ,54.2, , , , ,43.8,43.1, ,43.8, , , , ,31.7,30.4, ,31.7, , , , ,55.2,54, ,55.2, , , , , , , , , , , , , ,64, ,111, ,175, ,185, ,,, , ,,Yes, , , , , , 
10/20/2025,Uqs24@txstate.edu,,Tovar ,Jesus ,Male,1/4/2003,6,0,174,,,Usa,Texas,Pitcher,,,,,Collegiate,Left,Left,,2:43:52,America/chicago,Fresh - Quick,,,99.4,173,48.4,0.26,Watch,43.7,0.23,Normal,28.6,0.15,Normal,52.3,0.28,Normal,0.9,93,1.86, , , , , , , , , , , , , , , ,45.1,48.4, ,48.4, , , , ,43.7,41.9, ,43.7, , , , ,28.1,28.6, ,28.6, , , , ,51.6,52.3, ,52.3, , , , , , , , , , , , , ,76, ,99, ,175, ,190, ,,, , ,,Yes, , , , , , 
10/20/2025,Uqs24@txstate.edu,,Tovar ,Jesus ,Male,1/4/2003,6,0,174,,,Usa,Texas,Pitcher,,,,,Collegiate,Left,Left,,3:41:43,America/chicago,Post,,, , , , , , , , , , , , , , , , , ,191.8,18.8,110.8,53.7,5.3,110.9,51,7.3,116.7,32.2,3.6,112.5,54.9,2.6,104.9,49.4,53.7, ,53.7, , , , ,51,45.7, ,51, , , , ,32.2,31.1, ,32.2, , , , ,54.9,54, ,54.9, , , , , , , , , , , , , ,63, ,102, ,165, ,182, , , , , , , ,Yes,Bullpen, ,19, ,8
10/13/2025,Uqs24@txstate.edu,,Tovar ,Jesus ,Male,1/4/2003,6,0,174,,,Usa,Texas,Pitcher,,,,,Collegiate,Left,Left,,5:17:46,America/chicago,Fresh - Quick,,,109.5,190.6,54,0.29,Normal,47.5,0.25,Normal,33.5,0.18,Normal,55.6,0.3,Normal,0.87,93,2.05, , , , , , , , , , , , , , , ,53.5,54, ,54, , , , ,46.4,47.5, ,47.5, , , , ,33.5,33, ,33.5, , , , ,55.6,51.7, ,55.6, , , , , , , , , , , , , ,59, ,109, ,168, ,180, ,,, , ,,Yes, , , , , , 
10/09/2025,Uqs24@txstate.edu,,Tovar ,Jesus ,Male,1/4/2003,6,0,174,,,Usa,Texas,Pitcher,,,,,Collegiate,Left,Left,,4:20:37,America/chicago,Fresh - Quick,,,106,184.4,53.7,0.29,Normal,45.2,0.24,Normal,31.8,0.17,Normal,53.7,0.29,Normal,0.84,93,1.98, , , , , , , , , , , , , , , ,51.2,53.7, ,53.7, , , , ,45.2,43.1, ,45.2, , , , ,31.8,30.5, ,31.8, , , , ,53.7,50.4, ,53.7, , , , , , , , , , , , , ,62, ,105, ,167, ,189, ,,, , ,,Yes, , , , , , 
10/09/2025,Uqs24@txstate.edu,,Tovar ,Jesus ,Male,1/4/2003,6,0,174,,,Usa,Texas,Pitcher,,,,,Collegiate,Left,Left,,6:47:17,America/chicago,Post,,, , , , , , , , , , , , , , , , , ,173,-11.4,93.8,47.3,-6.4,88,45.5,0.3,100.6,30.6,-1.2,96.2,49.6,-4.1,92.3,44.5,47.3, ,47.3, , , , ,45.5,43.3, ,45.5, , , , ,30.6,29.9, ,30.6, , , , ,49.6,46.6, ,49.6, , , , , , , , , , , , , ,58, ,107, ,165, ,186, , , , , , , ,Yes,Pitch in game, ,35, ,10
10/06/2025,Uqs24@txstate.edu,,Tovar ,Jesus ,Male,1/4/2003,6,0,174,,,Usa,Texas,Pitcher,,,,,Collegiate,Left,Left,,12:28:58,America/chicago,Fresh - Quick,,,112.8,196.3,60.5,0.32,Normal,49.9,0.26,Normal,33.9,0.18,Normal,52,0.28,Normal,0.82,93,2.11, , , , , , , , , , , , , , , ,57.2,60.5, ,60.5, , , , ,49.9,46.3, ,49.9, , , , ,33.5,33.9, ,33.9, , , , ,52,51.6, ,52, , , , , , , , , , , , , ,63, ,107, ,170, ,195, ,,, , ,,Yes, , , , , , 
10/06/2025,Uqs24@txstate.edu,,Tovar ,Jesus ,Male,1/4/2003,6,0,174,,,Usa,Texas,Pitcher,,,,,Collegiate,Left,Left,,1:49:55,America/chicago,Post,,, , , , , , , , , , , , , , , , , ,180.3,-16,91.8,55.2,-5.3,91.2,43,-6.9,86.1,31.9,-2,94.1,50.2,-1.8,96.5,49.9,55.2, ,55.2, , , , ,43,41.5, ,43, , , , ,31.9,31.7, ,31.9, , , , ,50.2,48.2, ,50.2, , , , , , , , , , , , , ,59, ,103, ,162, ,192, , , , , , , ,Yes,Bullpen, ,25, ,8
10/02/2025,Uqs24@txstate.edu,,Tovar ,Jesus ,Male,1/4/2003,6,0,174,,,Usa,Texas,Pitcher,,,,,Collegiate,Left,Left,,4:8:52,America/chicago,Fresh - Quick,,,100.9,175.5,50.2,0.27,Normal,41.6,0.22,Normal,31.3,0.16,Normal,52.4,0.28,Normal,0.82,93,1.89, , , , , , , , , , , , , , , ,46.9,50.2, ,50.2, , , , ,39.4,41.6, ,41.6, , , , ,31.3,28.9, ,31.3, , , , ,52.4,50.3, ,52.4, , , , , , , , , , , , , ,67, ,105, ,172, ,185, ,,, , ,,Yes, , , , , , 
10/02/2025,Uqs24@txstate.edu,,Tovar ,Jesus ,Male,1/4/2003,6,0,174,,,Usa,Texas,Pitcher,,,,,Collegiate,Left,Left,,6:15:49,America/chicago,Post,,, , , , , , , , , , , , , , , , , ,166,-9.5,94.5,44.1,-6.1,87.8,43.7,2.1,105,28.1,-3.2,89.7,50.1,-2.3,95.6,42.3,44.1, ,44.1, , , , ,43.7,41.5, ,43.7, , , , ,28.1,27.4, ,28.1, , , , ,50.1,48.8, ,50.1, , , , , , , , , , , , , ,66, ,108, ,174, ,168, , , , , , , ,Yes,Pitch in game, ,35, ,10
09/29/2025,Uqs24@txstate.edu,,Tovar ,Jesus ,Male,1/4/2003,6,0,174,,,Usa,Texas,Pitcher,,,,,Collegiate,Left,Left,,12:29:11,America/chicago,Fresh - Quick,,,100.7,175.2,51.5,0.27,Normal,41.6,0.22,Normal,32.3,0.17,Normal,49.8,0.26,Normal,0.8,93,1.88, , , , , , , , , , , , , , , ,45.8,51.5, ,51.5, , , , ,38.9,41.6, ,41.6, , , , ,32.3,32, ,32.3, , , , ,49.8,47.4, ,49.8, , , , , , , , , , , , , ,62, ,116, ,178, ,182, ,,, , ,,Yes, , , , , , 
09/29/2025,Uqs24@txstate.edu,,Tovar ,Jesus ,Male,1/4/2003,6,0,174,,,Usa,Texas,Pitcher,,,,,Collegiate,Left,Left,,1:49:21,America/chicago,Post,,, , , , , , , , , , , , , , , , , ,182.6,7.4,104.2,51.8,0.3,100.5,45.7,4.1,109.8,33.8,1.5,104.6,51.3,1.5,103,48.1,51.8, ,51.8, , , , ,45.7,40.5, ,45.7, , , , ,33.8,33.5, ,33.8, , , , ,50.9,51.3, ,51.3, , , , , , , , , , , , , ,55, ,109, ,164, ,184, , , , , , , ,Yes,Bullpen, ,40, ,8
09/25/2025,Uqs24@txstate.edu,,Tovar ,Jesus ,Male,1/4/2003,6,0,174,,,Usa,Texas,Pitcher,,,,,Collegiate,Left,Left,,2:14:39,America/chicago,Fresh - Quick,,,105.1,182.9,56.7,0.3,Normal,42.5,0.22,Normal,30.2,0.16,Normal,53.5,0.28,Normal,0.74,93,1.97, , , , , , , , , , , , , , , ,52.4,56.7, ,56.7, , , , ,42.5,41.1, ,42.5, , , , ,29.2,30.2, ,30.2, , , , ,53.5,52.7, ,53.5, , , , , , , , , , , , , ,65, ,125, ,190, ,185, ,,, , ,,Yes, , , , , , 
09/25/2025,Uqs24@txstate.edu,,Tovar ,Jesus ,Male,1/4/2003,6,0,174,,,Usa,Texas,Pitcher,,,,,Collegiate,Left,Left,,4:28:50,America/chicago,Post,,, , , , , , , , , , , , , , , , , ,160.9,-22,87.9,43.2,-13.5,76.1,40.3,-2.2,94.8,29,-1.2,96,48.4,-5.1,90.4,43.2,42.1, ,43.2, , , , ,39.7,40.3, ,40.3, , , , ,29,27.9, ,29, , , , ,48.4,47, ,48.4, , , , , , , , , , , , , ,63, ,105, ,168, ,162, , , , , , , ,Yes,Bullpen, ,35, ,10
09/22/2025,Uqs24@txstate.edu,,Tovar ,Jesus ,Male,1/4/2003,6,0,174,,,Usa,Texas,Pitcher,,,,,Collegiate,Left,Left,,12:25:15,America/chicago,Fresh - Quick,,,115.3,200.7,64.5,0.34,Normal,49.7,0.26,Normal,34.2,0.18,Normal,52.3,0.28,Normal,0.77,93,2.16, , , , , , , , , , , , , , , ,59.6,64.5, ,64.5, , , , ,46.1,49.7, ,49.7, , , , ,33,34.2, ,34.2, , , , ,52.3,51.8, ,52.3, , , , , , , , , , , , , ,69, ,108, ,177, ,190, ,,, , ,,Yes, , , , , , 
09/22/2025,Uqs24@txstate.edu,,Tovar ,Jesus ,Male,1/4/2003,6,0,174,,,Usa,Texas,Pitcher,,,,,Collegiate,Left,Left,,1:46:56,America/chicago,Post,,, , , , , , , , , , , , , , , , , ,191.6,-9.1,95.4,53.3,-11.2,82.6,51.3,1.6,103.2,35.2,1,102.9,51.8,-0.5,99,52.6,53.3, ,53.3, , , , ,47.2,51.3, ,51.3, , , , ,35.2,31.3, ,35.2, , , , ,51.8,49.8, ,51.8, , , , , , , , , , , , , ,67, ,98, ,165, ,186, , , , , , , ,Yes,Bullpen, ,25, ,8
09/18/2025,Uqs24@txstate.edu,,Tovar ,Jesus ,Male,1/4/2003,6,0,174,,,Usa,Texas,Pitcher,,,,,Collegiate,Left,Left,,12:33:47,America/chicago,Fresh - Quick,,,99.1,172.4,46.9,0.25,Watch,45.1,0.24,Normal,30.3,0.16,Normal,50.1,0.27,Normal,0.96,93,1.85, , , , , , , , , , , , , , , ,46.9,44.8, ,46.9, , , , ,41.8,45.1, ,45.1, , , , ,30.3,29.1, ,30.3, , , , ,50.1,45.1, ,50.1, , , , , , , , , , , , , ,74, ,106, ,180, ,176, ,,, , ,,Yes, , , , , , 
09/18/2025,Uqs24@txstate.edu,,Tovar ,Jesus ,Male,1/4/2003,6,0,174,,,Usa,Texas,Pitcher,,,,,Collegiate,Left,Left,,1:42:30,America/chicago,Post,,, , , , , , , , , , , , , , , , , ,165.1,-7.3,95.7,43.3,-3.6,92.3,44.2,-0.9,98,29.5,-0.8,97.3,48.1,-2,96,38.8,43.3, ,43.3, , , , ,40.7,44.2, ,44.2, , , , ,27.2,29.5, ,29.5, , , , ,48.1,47.5, ,48.1, , , , , , , , , , , , , ,63, ,99, ,162, ,185, , , , , , , ,Yes,Velo day, , ,1-25,10
09/15/2025,Uqs24@txstate.edu,,Tovar ,Jesus ,Male,1/4/2003,6,0,174,,,Usa,Texas,Pitcher,,,,,Collegiate,Left,Left,,12:39:42,America/chicago,Fresh - Quick,,,103.6,180.3,50.4,0.27,Normal,47.5,0.25,Normal,30.6,0.16,Normal,51.8,0.28,Normal,0.94,93,1.94, , , , , , , , , , , , , , , ,45.8,50.4, ,50.4, , , , ,47.5,44.1, ,47.5, , , , ,30.6,29.8, ,30.6, , , , ,51.8,50.2, ,51.8, , , , , , , , , , , , , ,75, ,117, ,192, ,170, ,,, , ,,Yes, , , , , , 
09/15/2025,Uqs24@txstate.edu,,Tovar ,Jesus ,Male,1/4/2003,6,0,174,,,Usa,Texas,Pitcher,,,,,Collegiate,Left,Left,,1:35:29,America/chicago,Post,,, , , , , , , , , , , , , , , , , ,174.6,-5.7,96.8,43.8,-6.6,86.9,48.8,1.3,102.7,32.5,1.9,106.2,49.5,-2.3,95.5,40.8,43.8, ,43.8, , , , ,48.8,47.1, ,48.8, , , , ,32.1,32.5, ,32.5, , , , ,49.5,48, ,49.5, , , , , , , , , , , , , ,71, ,105, ,176, ,176, , , , , , , ,Yes,Bullpen, ,20, ,9
09/10/2025,Uqs24@txstate.edu,,Tovar ,Jesus ,Male,1/4/2003,6,0,172,,,Usa,Texas,Pitcher,,,,,Collegiate,Left,Left,,11:49:33,America/chicago,Fresh - Quick,,,104.3,179.4,52.1,0.28,Watch,43.7,0.23,Watch,31.9,0.17,Normal,51.7,0.27,Normal,0.83,93,1.93, , , , , , , , , , , , , , , ,49.5,52.1, ,52.1, , , , ,41.4,43.7, ,43.7, , , , ,31.9,30.7, ,31.9, , , , ,51.7,50.3, ,51.7, , , , , , , , , , , , , ,69, ,115, ,184, ,181, ,,, , ,,Yes, , , , , , 
09/10/2025,Uqs24@txstate.edu,,Tovar ,Jesus ,Male,1/4/2003,6,0,174,,,Usa,Texas,Pitcher,,,,,Collegiate,Left,Left,,1:21:1,America/chicago,Post,,, , , , , , , , , , , , , , , , , ,184.2,4.8,102.6,48.2,-3.9,92.5,51.4,7.7,117.6,32.2,0.3,100.9,52.4,0.7,101.3,48.2,44.9, ,48.2, , , , ,47,51.4, ,51.4, , , , ,32,32.2, ,32.2, , , , ,52.4,47.1, ,52.4, , , , , , , , , , , , , ,78, ,102, ,180, ,179, , , , , , , ,Yes,Bullpen, ,30, ,10
09/03/2025,Uqs24@txstate.edu,,Tovar ,Jesus ,Male,1/4/2003,6,0,172,,,Usa,Texas,Pitcher,,,,,Collegiate,Left,Left,,12:29:11,America/chicago,Fresh - Quick,,,104.3,179.4,52.1,0.28,Watch,45.1,0.24,Normal,32.7,0.17,Normal,49.5,0.26,Normal,0.86,93,1.93, , , , , , , , , , , , , , , ,51.5,52.1, ,52.1, , , , ,45.1,43.3, ,45.1, , , , ,31.6,32.7, ,32.7, , , , ,49.5,41.3,49.3,49.5, , , , , , , , , , , , , ,77, ,120, ,197, ,177, ,,, , ,,Yes, , , , , , 
09/03/2025,Uqs24@txstate.edu,,Tovar ,Jesus ,Male,1/4/2003,6,0,172,,,Usa,Texas,Pitcher,,,,,Collegiate,Left,Left,,1:2:11,America/chicago,Post,,, , , , , , , , , , , , , , , , , ,172.7,-6.7,96.2,48.8,-3.3,93.6,44.2,-0.9,98,31,-1.7,94.8,48.7,-0.8,98.3,43.4,48.8, ,48.8, , , , ,44.2,43.7, ,44.2, , , , ,29.9,31, ,31, , , , ,48.6,48.7, ,48.7, , , , , , , , , , , , , ,74, ,113, ,187, ,187, , , , , , , ,Yes,Bullpen, ,22, ,10
08/29/2025,Uqs24@txstate.edu,,Tovar ,Jesus ,Male,1/4/2003,6,0,172,,,Usa,Texas,Pitcher,,,,,Collegiate,Left,Left,,11:13:17,America/chicago,Fresh - Full,,,109.1,187.7,58.9,0.31,Normal,47.5,0.25,Normal,30.4,0.16,Normal,50.9,0.27,Normal,0.8,93,2.02, , , , , , , , , , , , , , , ,57.1,58.9, ,58.9,50,45.6, ,50,47.4,47.5, ,47.5,44.5,41.3, ,44.5,29.8,30.4, ,30.4,32.4,32.2, ,32.4,50.9,49, ,50.9,33.8,34.4, ,34.4, , , , , , , , , ,70,77,113,98,183,175,190,178,,, , ,,Yes, , , , , , 
08/04/2025,Uqs24@txstate.edu,,Tovar ,Jesus ,Male,1/4/2003,6,0,172,,,Usa,Texas,Pitcher,,,,,Collegiate,Left,Left,,2:2:46,America/chicago,Fresh - Quick,,,109.2,187.9,54.7,0.29,Normal,48.7,0.26,Normal,32.6,0.17,Normal,51.9,0.28,Normal,0.89,93,2.02, , , , , , , , , , , , , , , ,52.8,54.7, ,54.7, , , , ,48.7,47.5, ,48.7, , , , ,32.6,32.4, ,32.6, , , , ,51.9,48.5, ,51.9, , , , , , , , , , , , , ,69, ,98, ,167, ,175, ,,, , ,,Yes, , , , , , 
08/04/2025,Uqs24@txstate.edu,,Tovar ,Jesus ,Male,1/4/2003,6,0,172,,,Usa,Texas,Pitcher,,,,,Collegiate,Left,Left,,1:59:20,America/chicago,Arm Primer,, , , , , , , , , , , , , , , , , , , , , , , , , , , , , , , , , , , , , , , , , , , , , , , , , , , , , , , , , , , , , , , , , ,37,39, ,39,23.6,23.9, ,23.9,62.9, , , , , , , , , , , , , , , , , , , , 
07/17/2025,Uqs24@txstate.edu,,Tovar ,Jesus ,Male,1/4/2003,6,0,165,,,Usa,Texas,Pitcher,,,,,Collegiate,Left,Left,,1:44:18,America/chicago,Fresh - Quick,,,123.7,204.1,63.2,0.34,Normal,55.6,0.3,Normal,36.1,0.19,Normal,49.2,0.26,Normal,0.87,93,2.19, , , , , , , , , , , , , , , ,63.2,62.2, ,63.2, , , , ,55.6,51.5, ,55.6, , , , ,35.8,36.1, ,36.1, , , , ,48.6,49.2, ,49.2, , , , , , , , , , , , , ,68, ,98, ,166, ,182, ,,, , ,,Yes, , , , , , 
07/09/2025,Uqs24@txstate.edu,,Tovar ,Jesus ,Male,1/4/2003,6,0,165,,,Usa,Texas,Pitcher,,,,,Collegiate,Left,Left,,1:20:53,America/chicago,Fresh - Quick,,,116.3,191.9,60.7,0.32,Normal,48,0.25,Normal,33.1,0.17,Normal,50.1,0.27,Normal,0.79,92,2.09, , , , , , , , , , , , , , , ,60.7,57, ,60.7, , , , ,48,47.7, ,48, , , , ,33.1,32.4, ,33.1, , , , ,49.9,50.1, ,50.1, , , , , , , , , , , , , ,75, ,101, ,176, ,179, ,,, , ,,Yes, , , , , , 
07/02/2025,Uqs24@txstate.edu,,Tovar ,Jesus ,Male,1/4/2003,6,0,165,,,Usa,Texas,Pitcher,,,,,Collegiate,Left,Left,,1:43:46,America/chicago,Fresh - Quick,,,110.2,181.8,51.4,0.27,Watch,49,0.26,Normal,31.6,0.17,Normal,49.8,0.26,Normal,0.95,92,1.98, , , , , , , , , , , , , , , ,50.7,51.4, ,51.4, , , , ,49,46.6, ,49, , , , ,31.6,29.8, ,31.6, , , , ,49.8,49.6, ,49.8, , , , , , , , , , , , , ,74, ,108, ,182, ,170, ,,, , ,,Yes, , , , , , 
06/25/2025,Uqs24@txstate.edu,,Tovar ,Jesus ,Male,1/4/2003,6,0,165,,,Usa,Texas,Pitcher,,,,,Collegiate,Left,Left,,11:44:34,America/chicago,Fresh - Quick,,,109.3,180.3,55.6,0.3,Normal,46.6,0.25,Normal,30.7,0.16,Normal,47.4,0.25,Normal,0.83,92,1.96, , , , , , , , , , , , , , , ,55.6,52.1, ,55.6, , , , ,45.1,46.6, ,46.6, , , , ,30.7,29.9, ,30.7, , , , ,47.4,46.7, ,47.4, , , , , , , , , , , , , ,63, ,95, ,158, ,168, ,,, , ,,Yes, , , , , , 
06/24/2025,Uqs24@txstate.edu,,Tovar ,Jesus ,Male,1/4/2003,6,0,165,,,Usa,Texas,Pitcher,,,,,Collegiate,Left,Left,,1:34:51,America/chicago,Arm Primer,, , , , , , , , , , , , , , , , , , , , , , , , , , , , , , , , , , , , , , , , , , , , , , , , , , , , , , , , , , , , , , , , , ,44.7,46.3, ,46.3,25.5,25.5, ,25.5,71.8, , , , , , , , , , , , , , , , , , , , 
06/16/2025,Uqs24@txstate.edu,,Tovar ,Jesus ,Male,1/4/2003,6,0,165,,,Usa,Texas,Pitcher,,,,,Collegiate,Left,Left,,1:41:32,America/chicago,Fresh - Quick,,,119.6,197.3,57.3,0.3,Normal,52,0.28,Normal,35.8,0.19,Normal,52.2,0.28,Normal,0.9,92,2.14, , , , , , , , , , , , , , , ,57.3,56.2, ,57.3, , , , ,52,51.1, ,52, , , , ,35.8,34.6, ,35.8, , , , ,52.2,48.4, ,52.2, , , , , , , , , , , , , ,65, ,107, ,172, ,173, ,,, , ,,Yes, , , , , , 
06/09/2025,Uqs24@txstate.edu,,Tovar ,Jesus ,Male,1/4/2003,6,0,165,,,Usa,Texas,Pitcher,,,,,Collegiate,Left,Left,,1:51:17,America/chicago,Fresh - Quick,,,114.4,188.7,61.3,0.33,Normal,45.2,0.24,Normal,31.3,0.16,Normal,50.9,0.27,Normal,0.73,92,2.05, , , , , , , , , , , , , , , ,60.7,61.3, ,61.3, , , , ,43.5,45.2, ,45.2, , , , ,31.3,30.5, ,31.3, , , , ,50.9,47.1, ,50.9, , , , , , , , , , , , , ,63, ,99, ,162, ,162, ,,, , ,,Yes, , , , , , 
05/06/2025,Uqs24@txstate.edu,,Tovar ,Jesus ,Male,1/4/2003,6,0,165,,,Usa,Texas,Pitcher,,,,,Collegiate,Left,Left,,3:41:45,America/chicago,Fresh - Quick,,,106.7,176.1,53.3,0.28,Normal,46.5,0.25,Normal,32.1,0.17,Normal,44.2,0.23,Normal,0.87,92,1.91, , , , , , , , , , , , , , , ,49,53.3, ,53.3, , , , ,45.4,46.5, ,46.5, , , , ,30.6,32.1, ,32.1, , , , ,50.9,42.3,44.2,44.2, , , , , , , , , , , , , ,73, ,105, ,178, ,166, ,,, , ,,Yes, , , , , , 
04/29/2025,Uqs24@txstate.edu,,Tovar ,Jesus ,Male,1/4/2003,6,0,165,,,Usa,Texas,Pitcher,,,,,Collegiate,Left,Left,,5:39:58,America/chicago,Fresh - Quick,,,99.5,164.1,50.5,0.27,Normal,42.1,0.22,Normal,30,0.16,Normal,41.5,0.22,Watch,0.83,92,1.78, , , , , , , , , , , , , , , ,50.5,50.3, ,50.5, , , , ,41.9,42.1, ,42.1, , , , ,30,30, ,30, , , , ,41.3,48.1,41.5,41.5, , , , , , , , , , , , , ,65, ,120, ,185, ,187, ,,, , ,,Yes, , , , , , 
04/09/2025,Uqs24@txstate.edu,,Tovar ,Jesus ,Male,1/4/2003,6,0,165,,,Usa,Texas,Pitcher,,,,,Collegiate,Left,Left,,4:5:12,America/chicago,Fresh - Quick,,,100.9,166.5,47.9,0.25,Normal,39.9,0.21,Normal,29.1,0.15,Normal,49.6,0.26,Normal,0.83,92,1.81, , , , , , , , , , , , , , , ,41.8,47.9, ,47.9, , , , ,39.9,38.3, ,39.9, , , , ,28.5,29.1, ,29.1, , , , ,49.6,43.8, ,49.6, , , , , , , , , , , , , ,71, ,110, ,181, ,179, ,,, , ,,Yes, , , , , , 
04/06/2025,Uqs24@txstate.edu,,Tovar ,Jesus ,Male,1/4/2003,6,0,165,,,Usa,Texas,Pitcher,,,,,Collegiate,Left,Left,,3:7:4,America/chicago,Fresh - Quick,,,95.3,157.2,47.2,0.25,Watch,41.9,0.22,Normal,27.3,0.14,Normal,40.8,0.22,Watch,0.88,92,1.71, , , , , , , , , , , , , , , ,46.6,47.2, ,47.2, , , , ,40.3,41.9, ,41.9, , , , ,26.9,27.3, ,27.3, , , , ,39,40.8, ,40.8, , , , , , , , , , , , , ,61, ,103, ,164, ,188, ,,, , ,,Yes, , , , , , 
04/02/2025,Uqs24@txstate.edu,,Tovar ,Jesus ,Male,1/4/2003,6,0,165,,,Usa,Texas,Pitcher,,,,,Collegiate,Left,Left,,4:14:20,America/chicago,Fresh - Quick,,,99.3,163.8,49.6,0.26,Normal,42.2,0.22,Normal,28.6,0.15,Normal,43.4,0.23,Watch,0.85,92,1.78, , , , , , , , , , , , , , , ,49.5,49.6, ,49.6, , , , ,42.1,42.2, ,42.2, , , , ,28,28.6, ,28.6, , , , ,43,43.4, ,43.4, , , , , , , , , , , , , ,65, ,94, ,159, ,176, ,,, , ,,Yes, , , , , , 
03/29/2025,Uqs24@txstate.edu,,Tovar ,Jesus ,Male,1/4/2003,6,0,165,,,Usa,Texas,Pitcher,,,,,Collegiate,Left,Left,,2:55:21,America/chicago,Fresh - Quick,,,111.6,184.1,53.4,0.28,Normal,45.7,0.24,Normal,32.5,0.17,Normal,52.5,0.28,Normal,0.85,92,2, , , , , , , , , , , , , , , ,51.8,53.4, ,53.4, , , , ,45.2,45.7, ,45.7, , , , ,32.5,31.4, ,32.5, , , , ,52.5,48.2, ,52.5, , , , , , , , , , , , , ,66, ,124, ,190, ,190, ,,, , ,,Yes, , , , , , 
03/19/2025,Uqs24@txstate.edu,,Tovar ,Jesus ,Male,1/4/2003,6,0,165,,,Usa,Texas,Pitcher,,,,,Collegiate,Left,Left,,4:53:11,America/chicago,Fresh - Quick,,,102.4,168.9,51.7,0.27,Normal,44.2,0.23,Normal,29.5,0.15,Normal,43.5,0.23,Normal,0.85,92,1.84, , , , , , , , , , , , , , , ,47.9,51.7, ,51.7, , , , ,44.2,42.2, ,44.2, , , , ,28.8,29.5, ,29.5, , , , ,40,43.5, ,43.5, , , , , , , , , , , , , ,70, ,117, ,187, ,187, ,,, , ,,Yes, , , , , , 
03/12/2025,Uqs24@txstate.edu,,Tovar ,Jesus ,Male,1/4/2003,6,0,165,,,Usa,Texas,Pitcher,,,,,Collegiate,Left,Left,,3:49:46,America/chicago,Fresh - Quick,,,111.5,184,55.5,0.3,Normal,44.7,0.24,Normal,31.3,0.16,Normal,52.5,0.28,Normal,0.8, , , , , , , , , , , , , , , , , ,53,55.5, ,55.5, , , , ,44.7,44.6, ,44.7, , , , ,31.3,31.3, ,31.3, , , , ,52.5,47.7, ,52.5, , , , , , , , , , , , , ,66, ,111, ,177, ,189, ,,, , ,,Yes, , , , , , 
02/08/2025,Uqs24@txstate.edu,,Tovar ,Jesus ,Male,1/4/2003,6,0,165,,,Usa,Texas,Pitcher,,,,,Collegiate,Left,Left,,12:31:44,America/chicago,Fresh - Quick,,,107.5,177.4,49.3,0.26,Normal,42.6,0.23,Normal,31.1,0.16,Normal,54.4,0.29,Normal,0.86, , , , , , , , , , , , , , , , , ,46.8,49.3, ,49.3, , , , ,42.6,41.5, ,42.6, , , , ,31.1,30.5, ,31.1, , , , ,54.4,53.8, ,54.4, , , , , , , , , , , , , ,67, ,114, ,181, ,185, ,,, , ,,Yes, , , , , , 
02/08/2025,Uqs24@txstate.edu,,Tovar ,Jesus ,Male,1/4/2003,6,0,165,,,Usa,Texas,Pitcher,,,,,Collegiate,Left,Left,,2:14:16,America/chicago,Post,,, , , , , , , , , , , , , , , , , ,154.4,-23,87,42.5,-6.8,86.2,38.7,-3.9,90.8,29,-2.1,93.2,44.2,-10.2,81.2,39.6,45.8,42.5,42.5, , , , ,38.7,36.6, ,38.7, , , , ,29,28.8, ,29, , , , ,43.2,44.2, ,44.2, , , , , , , , , , , , , ,79, ,115, ,194, ,180, , , , , , , ,Yes,Pitch in game, ,64, ,10
02/01/2025,Uqs24@txstate.edu,,Tovar ,Jesus ,Male,1/4/2003,6,0,165,,,Usa,Texas,Pitcher,,,,,Collegiate,Left,Left,,12:18:15,America/chicago,Fresh - Quick,,,98.1,161.8,47.6,0.25,Normal,43.8,0.23,Normal,28.6,0.15,Normal,41.8,0.22,Normal,0.92, , , , , , , , , , , , , , , , , ,47.6,45.7, ,47.6, , , , ,43.8,42.2, ,43.8, , , , ,26.9,28.6, ,28.6, , , , ,41.8,40.5, ,41.8, , , , , , , , , , , , , ,72, ,111, ,183, ,191, ,,, , ,,Yes, , , , , , 
02/01/2025,Uqs24@txstate.edu,,Tovar ,Jesus ,Male,1/4/2003,6,0,165,,,Usa,Texas,Pitcher,,,,,Collegiate,Left,Left,,2:1:17,America/chicago,Post,,, , , , , , , , , , , , , , , , , ,155.9,-5.9,96.3,45.1,-2.5,94.7,41.9,-1.9,95.6,29.4,0.8,102.7,39.5,-2.3,94.4,42.1,45.1, ,45.1, , , , ,41.9,41, ,41.9, , , , ,29.4,28.9, ,29.4, , , , ,37.9,39.5, ,39.5, , , , , , , , , , , , , ,65, ,122, ,187, ,178, , , , , , , ,Yes,Pitch in game, ,55, ,10
01/29/2025,Uqs24@txstate.edu,,Tovar ,Jesus ,Male,1/4/2003,6,0,165,,,Usa,Texas,Pitcher,,,,,Collegiate,Left,Left,,4:57:54,America/chicago,Fresh - Quick,,,98.5,162.5,49.5,0.26,Normal,41.7,0.22,Normal,30.2,0.16,Normal,41.1,0.22,Watch,0.84, , , , , , , , , , , , , , , , , ,47.9,49.5, ,49.5, , , , ,41.7,41.2, ,41.7, , , , ,29.7,30.2, ,30.2, , , , ,41.1,41.1, ,41.1, , , , , , , , , , , , , ,64, ,118, ,182, ,174, ,,, , ,,Yes, , , , , , 
01/29/2025,Uqs24@txstate.edu,,Tovar ,Jesus ,Male,1/4/2003,6,0,165,,,Usa,Texas,Pitcher,,,,,Collegiate,Left,Left,,5:18:7,America/chicago,Post,,, , , , , , , , , , , , , , , , , ,159.1,-3.4,97.9,48.8,-0.7,98.5,40.9,-0.8,98,29.1,-1.1,96.3,40.3,-0.8,98,46.8,48.8, ,48.8, , , , ,40.9,38.4, ,40.9, , , , ,29.1,27.8, ,29.1, , , , ,40.3,39.6, ,40.3, , , , , , , , , , , , , ,62, ,113, ,175, ,187, , , , , , , ,Yes,Bullpen, ,20, ,7
01/29/2025,Uqs24@txstate.edu,,Tovar ,Jesus ,Male,1/4/2003,6,0,165,,,Usa,Texas,Pitcher,,,,,Collegiate,Left,Left,,4:54:25,America/chicago,Arm Primer,, , , , , , , , , , , , , , , , , , , , , , , , , , , , , , , , , , , , , , , , , , , , , , , , , , , , , , , , , , , , , , , , , ,35,36.1, ,36.1,20.6,21.7, ,21.7,57.8, , , , , , , , , , , , , , , , , , , , 
01/26/2025,Uqs24@txstate.edu,,Tovar ,Jesus ,Male,1/4/2003,6,0,165,,,Usa,Texas,Pitcher,,,,,Collegiate,Left,Left,,7:38:38,America/chicago,Fresh - Quick,,,106.2,175.3,52.9,0.28,Normal,42.9,0.23,Normal,30.2,0.16,Normal,49.3,0.26,Normal,0.81, , , , , , , , , , , , , , , , , ,52.9,46.6, ,52.9, , , , ,42.9,42.2, ,42.9, , , , ,29.1,30.2, ,30.2, , , , ,49.3,48.7, ,49.3, , , , , , , , , , , , , ,72, ,109, ,181, ,178, ,,, , ,,Yes, , , , , , 
01/26/2025,Uqs24@txstate.edu,,Tovar ,Jesus ,Male,1/4/2003,6,0,165,,,Usa,Texas,Pitcher,,,,,Collegiate,Left,Left,,8:54:51,America/chicago,Post,,, , , , , , , , , , , , , , , , , ,174.6,-0.7,99.6,54.3,1.4,102.6,44.4,1.5,103.4,31.2,1,103.3,44.7,-4.6,90.6,50.4,54.3, ,54.3, , , , ,44.4,42.5, ,44.4, , , , ,29.8,31.2, ,31.2, , , , ,42.9,44.7, ,44.7, , , , , , , , , , , , , ,62, ,118, ,180, ,176, , , , , , , ,Yes,Pitch in game, ,26, ,10
01/23/2025,Uqs24@txstate.edu,,Tovar ,Jesus ,Male,1/4/2003,6,0,165,,,Usa,Texas,Pitcher,,,,,Collegiate,Left,Left,,3:46:24,America/chicago,Fresh - Quick,,,100.7,166.1,46.9,0.25,Normal,41.4,0.22,Normal,29.7,0.16,Normal,48.1,0.26,Normal,0.88, , , , , , , , , , , , , , , , , ,46.9,45.8, ,46.9, , , , ,41.4,39, ,41.4, , , , ,29.7,29.5, ,29.7, , , , ,48.1,46.4, ,48.1, , , , , , , , , , , , , ,63, ,116, ,179, ,181, ,,, , ,,Yes, , , , , , 
01/23/2025,Uqs24@txstate.edu,,Tovar ,Jesus ,Male,1/4/2003,6,0,165,,,Usa,Texas,Pitcher,,,,,Collegiate,Left,Left,,4:38:49,America/chicago,Post,,, , , , , , , , , , , , , , , , , ,157.9,-8.2,95,44.4,-2.5,94.6,42.4,1,102.4,29.3,-0.4,98.6,41.8,-6.3,86.9,42.1,44.4, ,44.4, , , , ,42.4,40.8, ,42.4, , , , ,29.3,28.6, ,29.3, , , , ,41.8,41.7, ,41.8, , , , , , , , , , , , , ,65, ,110, ,175, ,177, , , , , , , ,Yes,Bullpen, ,30, ,8
01/23/2025,Uqs24@txstate.edu,,Tovar ,Jesus ,Male,1/4/2003,6,0,165,,,Usa,Texas,Pitcher,,,,,Collegiate,Left,Left,,3:42:14,America/chicago,Arm Primer,, , , , , , , , , , , , , , , , , , , , , , , , , , , , , , , , , , , , , , , , , , , , , , , , , , , , , , , , , , , , , , , , , ,37.7,36.7, ,37.7,22.8,21.9, ,22.8,60.5, , , , , , , , , , , , , , , , , , , , 
01/22/2025,Uqs24@txstate.edu,,Tovar ,Jesus ,Male,1/4/2003,6,0,165,,,Usa,Texas,Pitcher,,,,,Collegiate,Left,Left,,4:17:11,America/chicago,Arm Primer,, , , , , , , , , , , , , , , , , , , , , , , , , , , , , , , , , , , , , , , , , , , , , , , , , , , , , , , , , , , , , , , , , ,38,37.3, ,38,21.5,20.5, ,21.5,59.5, , , , , , , , , , , , , , , , , , , , 
01/19/2025,Uqs24@txstate.edu,,Tovar ,Jesus ,Male,1/4/2003,6,0,165,,,Usa,Texas,Pitcher,,,,,Collegiate,Left,Left,,3:48:18,America/chicago,Arm Primer,, , , , , , , , , , , , , , , , , , , , , , , , , , , , , , , , , , , , , , , , , , , , , , , , , , , , , , , , , , , , , , , , , ,36.4,36.4, ,36.4,24.8,23.1, ,24.8,61.2, , , , , , , , , , , , , , , , , , , , 
01/16/2025,Uqs24@txstate.edu,,Tovar ,Jesus ,Male,1/4/2003,6,0,165,,,Usa,Texas,Pitcher,,,,,Collegiate,Left,Left,,2:58:36,America/chicago,Arm Primer,, , , , , , , , , , , , , , , , , , , , , , , , , , , , , , , , , , , , , , , , , , , , , , , , , , , , , , , , , , , , , , , , , ,35.4,34.9, ,35.4,19.9,20, ,20,55.4, , , , , , , , , , , , , , , , , , , , 
01/07/2025,Uqs24@txstate.edu,,Tovar ,Jesus ,Male,1/4/2003,6,0,165,,,Usa,Texas,Pitcher,,,,,Collegiate,Left,Left,,1:26:57,America/chicago,Fresh - Quick,,,69.3,114.4, , ,Normal,44.1,0.23,Normal,26.5,0.14,Normal,43.8,0.23,Normal, , , , , , , , , , , , , , , , , , , , , , , , , , ,43,44.1, ,44.1, , , , ,25.6,26.5, ,26.5, , , , ,43.8,39.9, ,43.8, , , , , , , , , , , , , ,77, ,117, ,194, ,183, ,,, , ,,Yes, , , , , , 
12/23/2024,Uqs24@txstate.edu,,Tovar ,Jesus ,Male,1/4/2003,6,0,165,,,Usa,Texas,Pitcher,,,,,Collegiate,Left,Left,,1:30:46,America/chicago,Fresh - Quick,,,76.2,125.8, , ,Normal,46.5,0.25,Normal,31.4,0.16,Normal,47.9,0.25,Normal, , , , , , , , , , , , , , , , , , , , , , , , , , ,46.1,46.5, ,46.5, , , , ,30.9,31.4, ,31.4, , , , ,47.9,46, ,47.9, , , , , , , , , , , , , ,62, ,112, ,174, ,180, ,,, , ,,Yes, , , , , , 
11/15/2024,Uqs24@txstate.edu,,Tovar ,Jesus ,Male,1/4/2003,6,0,165,,,Usa,Texas,Pitcher,,,,,Collegiate,Left,Left,,3:30:26,America/chicago,Fresh - Quick,,,76.2,125.8, , ,Normal,43.5,0.23,Normal,30.5,0.16,Normal,51.8,0.28,Normal, , , , , , , , , , , , , , , , , , , , , , , , , , ,42,43.5, ,43.5, , , , ,30.5,30, ,30.5, , , , ,50.9,51.8, ,51.8, , , , , , , , , , , , , ,66, ,111, ,177, ,198, ,,, , ,,Yes, , , , , , 
11/15/2024,Uqs24@txstate.edu,,Tovar ,Jesus ,Male,1/4/2003,6,0,165,,,Usa,Texas,Pitcher,,,,,Collegiate,Left,Left,,5:25:49,America/chicago,Post,,, , , , , , , , , , , , , , , , , ,121.3,-4.5,96.4,3.1,3.1, ,40.3,-3.2,92.6,30.6,0.1,100.3,47.3,-4.5,91.3,3.1,3, ,3.1, , , , ,40.3,38.9, ,40.3, , , , ,30.6,29.2, ,30.6, , , , ,47.3,46.3, ,47.3, , , , , , , , , , , , , ,62, ,111, ,173, ,187, , , , , , , ,Yes,Pitch in game, ,55, ,10
11/08/2024,Uqs24@txstate.edu,,Tovar ,Jesus ,Male,1/4/2003,6,0,165,,,Usa,Texas,Pitcher,,,,,Collegiate,Left,Left,,3:28:29,America/chicago,Fresh - Quick,,,71.2,117.4, , ,Normal,40.8,0.22,Normal,28.4,0.15,Normal,48.2,0.26,Normal, , , , , , , , , , , , , , , , , , , , , , , , , , ,38.8,40.8, ,40.8, , , , ,28.4,28, ,28.4, , , , ,48.2,46.8, ,48.2, , , , , , , , , , , , , ,69, ,115, ,184, ,190, ,,, , ,,Yes, , , , , , 
11/08/2024,Uqs24@txstate.edu,,Tovar ,Jesus ,Male,1/4/2003,6,0,165,,,Usa,Texas,Pitcher,,,,,Collegiate,Left,Left,,5:19:25,America/chicago,Post,,, , , , , , , , , , , , , , , , , ,118.9,1.5,101.2,3.2,3.2, ,39.9,-0.9,97.7,28.5,0.1,100.3,47.3,-0.9,98.1,3.1,3.2, ,3.2, , , , ,39.9,37.7, ,39.9, , , , ,28.5,28.3, ,28.5, , , , ,47.3,45.2, ,47.3, , , , , , , , , , , , , ,63, ,108, ,171, ,184, , , , , , , ,Yes,Pitch in game, ,62, ,10
11/02/2024,Uqs24@txstate.edu,,Tovar ,Jesus ,Male,1/4/2003,6,0,165,,,Usa,Texas,Pitcher,,,,,Collegiate,Left,Left,,1:42:33,America/chicago,Fresh - Quick,,,73.2,120.7, , ,Normal,44.3,0.23,Normal,29.4,0.15,Normal,47,0.25,Normal, , , , , , , , , , , , , , , , , , , , , , , , , , ,41.9,44.3, ,44.3, , , , ,29.4,29.3, ,29.4, , , , ,47,45, ,47, , , , , , , , , , , , , ,63, ,108, ,171, ,187, ,,, , ,,Yes, , , , , , 
11/02/2024,Uqs24@txstate.edu,,Tovar ,Jesus ,Male,1/4/2003,6,0,165,,,Usa,Texas,Pitcher,,,,,Collegiate,Left,Left,,3:16:5,America/chicago,Post,,, , , , , , , , , , , , , , , , , ,112.3,-8.4,93,2.5,2.5, ,38.4,-5.9,86.6,28.7,-0.7,97.6,42.7,-4.3,90.8,2.5,2.4, ,2.5, , , , ,36.7,38.4, ,38.4, , , , ,27.7,28.7, ,28.7, , , , ,42.6,42.7, ,42.7, , , , , , , , , , , , , ,57, ,105, ,162, ,179, , , , , , , ,Yes,Pitch in game, ,31, ,10
10/30/2024,Uqs24@txstate.edu,,Tovar ,Jesus ,Male,1/4/2003,6,0,165,,,Usa,Texas,Pitcher,,,,,Collegiate,Left,Left,,4:11:3,America/chicago,Fresh - Quick,,,73.2,120.7, , ,Normal,44.9,0.24,Normal,31.2,0.16,Normal,44.6,0.24,Normal, , , , , , , , , , , , , , , , , , , , , , , , , , ,41.8,44.9, ,44.9, , , , ,31.2,29.2, ,31.2, , , , ,44.6,44, ,44.6, , , , , , , , , , , , , ,62, ,115, ,177, ,181, ,,, , ,,Yes, , , , , , 
10/30/2024,Uqs24@txstate.edu,,Tovar ,Jesus ,Male,1/4/2003,6,0,165,,,Usa,Texas,Pitcher,,,,,Collegiate,Left,Left,,5:57:46,America/chicago,Post,,, , , , , , , , , , , , , , , , , ,116.6,-4.1,96.6,3,3, ,41.7,-3.2,92.8,28.9,-2.3,92.6,43,-1.6,96.4,2.1,3, ,3, , , , ,41.7,40.3, ,41.7, , , , ,28.9,28.6, ,28.9, , , , ,43,40.8, ,43, , , , , , , , , , , , , ,61, ,110, ,171, ,180, , , , , , , ,Yes,Bullpen, ,30, ,8
10/24/2024,Uqs24@txstate.edu,,Tovar ,Jesus ,Male,1/4/2003,6,0,165,,,Usa,Texas,Pitcher,,,,,Collegiate,Left,Left,,5:4:11,America/chicago,Fresh - Quick,,,72.7,119.9, , ,Normal,43.3,0.23,Normal,30.5,0.16,Normal,46.1,0.24,Normal, , , , , , , , , , , , , , , , , , , , , , , , , , ,38.9,43.3, ,43.3, , , , ,30.5,27.3, ,30.5, , , , ,46.1,44.7, ,46.1, , , , , , , , , , , , , ,67, ,118, ,185, ,178, ,,, , ,,Yes, , , , , , 
10/24/2024,Uqs24@txstate.edu,,Tovar ,Jesus ,Male,1/4/2003,6,0,165,,,Usa,Texas,Pitcher,,,,,Collegiate,Left,Left,,6:41:59,America/chicago,Post,,, , , , , , , , , , , , , , , , , ,123.4,3.5,102.9,3.1,3.1, ,42.1,-1.2,97.2,29.9,-0.6,98,48.3,2.2,104.7,2.4,3.1, ,3.1, , , , ,40,42.1, ,42.1, , , , ,29.9,29.7, ,29.9, , , , ,48.3,46.3, ,48.3, , , , , , , , , , , , , ,71, ,110, ,181, ,180, , , , , , , ,Yes,Pitch in game, ,50, ,10
10/21/2024,Uqs24@txstate.edu,,Tovar ,Jesus ,Male,1/4/2003,6,0,165,,,Usa,Texas,Pitcher,,,,,Collegiate,Left,Left,,4:25:12,America/chicago,Fresh - Quick,,,71,117.2, , ,Normal,44.4,0.24,Normal,31.3,0.16,Normal,41.5,0.22,Normal, , , , , , , , , , , , , , , , , , , , , , , , , , ,39.3,44.4, ,44.4, , , , ,31.3,26.7,29.8,31.3, , , , ,41.5,39.9, ,41.5, , , , , , , , , , , , , ,63, ,123, ,186, ,185, ,,, , ,,Yes, , , , , , 
10/21/2024,Uqs24@txstate.edu,,Tovar ,Jesus ,Male,1/4/2003,6,0,165,,,Usa,Texas,Pitcher,,,,,Collegiate,Left,Left,,4:54:24,America/chicago,Post,,, , , , , , , , , , , , , , , , , ,112.4,-4.8,95.9,1.7,1.7, ,37.1,-7.3,83.5,27.3,-4,87.2,46.3,4.8,111.5,1.7,1.6, ,1.7, , , , ,35.1,37.1, ,37.1, , , , ,27.3,26.6, ,27.3, , , , ,46.3,43, ,46.3, , , , , , , , , , , , , ,57, ,117, ,174, ,186, , , , , , , ,Yes,Bullpen, ,25, ,7
10/18/2024,Uqs24@txstate.edu,,Tovar ,Jesus ,Male,1/4/2003,6,0,165,,,Usa,Texas,Pitcher,,,,,Collegiate,Left,Left,,4:24:18,America/chicago,Fresh - Quick,,,69.8,115.2, , ,Normal,42.7,0.23,Normal,28.7,0.15,Normal,43.8,0.23,Normal, , , , , , , , , , , , , , , , , , , , , , , , , , ,40.9,42.7, ,42.7, , , , ,28.4,28.7, ,28.7, , , , ,43.8,42.7, ,43.8, , , , , , , , , , , , , ,62, ,115, ,177, ,180, ,,, , ,,Yes, , , , , , 
10/18/2024,Uqs24@txstate.edu,,Tovar ,Jesus ,Male,1/4/2003,6,0,165,,,Usa,Texas,Pitcher,,,,,Collegiate,Left,Left,,5:31:4,America/chicago,Post,,, , , , , , , , , , , , , , , , , ,117.5,2.3,101.9,3.7,3.7, ,38.8,-3.9,90.8,28.5,-0.2,99.3,46.5,2.7,106.1,3.7,2.6, ,3.7, , , , ,38.8,37.8, ,38.8, , , , ,27.8,28.5, ,28.5, , , , ,46.5,42.9, ,46.5, , , , , , , , , , , , , ,62, ,113, ,175, ,181, , , , , , , ,Yes,Pitch in game, ,41, ,10
10/15/2024,Uqs24@txstate.edu,,Tovar ,Jesus ,Male,1/4/2003,6,0,165,,,Usa,Texas,Pitcher,,,,,Collegiate,Left,Left,,4:16:30,America/chicago,Fresh - Quick,,,74.7,123.3, , ,Normal,45.8,0.24,Normal,31,0.16,Normal,46.5,0.25,Normal, , , , , , , , , , , , , , , , , , , , , , , , , , ,42.4,45.8, ,45.8, , , , ,31,30.2, ,31, , , , ,46.5,44.4, ,46.5, , , , , , , , , , , , , ,65, ,109, ,174, ,186, ,,, , ,,Yes, , , , , , 
10/15/2024,Uqs24@txstate.edu,,Tovar ,Jesus ,Male,1/4/2003,6,0,165,,,Usa,Texas,Pitcher,,,,,Collegiate,Left,Left,,5:49:11,America/chicago,Post,,, , , , , , , , , , , , , , , , , ,118.8,-4.5,96.3,4,4, ,40.9,-4.9,89.3,29.7,-1.3,95.8,44.2,-2.3,95,4,2.3, ,4, , , , ,40.9,37.5, ,40.9, , , , ,29.7,28.1, ,29.7, , , , ,44.2,42.9, ,44.2, , , , , , , , , , , , , ,59, ,111, ,170, ,180, , , , , , , ,Yes,Bullpen, ,35, ,8
10/11/2024,Uqs24@txstate.edu,,Tovar ,Jesus ,Male,1/4/2003,6,0,165,,,Usa,Texas,Pitcher,,,,,Collegiate,Left,Left,,4:34:34,America/chicago,Fresh - Quick,,,69.6,114.9, , ,Normal,39.9,0.21,Normal,28.8,0.15,Normal,46.2,0.24,Normal, , , , , , , , , , , , , , , , , , , , , , , , , , ,39.9,39.8, ,39.9, , , , ,28.8,28.7, ,28.8, , , , ,46.2,44, ,46.2, , , , , , , , , , , , , ,64, ,119, ,183, ,196, ,,, , ,,Yes, , , , , , 
10/11/2024,Uqs24@txstate.edu,,Tovar ,Jesus ,Male,1/4/2003,6,0,165,,,Usa,Texas,Pitcher,,,,,Collegiate,Left,Left,,5:31:22,America/chicago,Post,,, , , , , , , , , , , , , , , , , ,116.9,2,101.7,3.3,3.3, ,40.5,0.6,101.5,28.4,-0.4,98.6,44.7,-1.5,96.7,3.2,3.3, ,3.3, , , , ,39.7,40.5, ,40.5, , , , ,27.8,28.4, ,28.4, , , , ,44.7,44, ,44.7, , , , , , , , , , , , , ,65, ,102, ,167, ,172, , , , , , , ,Yes,Pitch in game, ,26, ,10
10/08/2024,Uqs24@txstate.edu,,Tovar ,Jesus ,Male,1/4/2003,6,0,165,,,Usa,Texas,Pitcher,,,,,Collegiate,Left,Left,,4:15:23,America/chicago,Fresh - Quick,,,68.7,113.3, , ,Normal,40,0.21,Normal,29.3,0.15,Normal,44,0.23,Normal, , , , , , , , , , , , , , , , , , , , , , , , , , ,37.9,40, ,40, , , , ,29.3,29.3, ,29.3, , , , ,44,40.9, ,44, , , , , , , , , , , , , ,63, ,115, ,178, ,182, ,,, , ,,Yes, , , , , , 
10/08/2024,Uqs24@txstate.edu,,Tovar ,Jesus ,Male,1/4/2003,6,0,165,,,Usa,Texas,Pitcher,,,,,Collegiate,Left,Left,,5:51:46,America/chicago,Post,,, , , , , , , , , , , , , , , , , ,118.6,5.3,104.6,3.1,3.1, ,44.5,4.5,111.2,28.9,-0.4,98.6,42.1,-1.9,95.6,3.1,2.7, ,3.1, , , , ,42.4,44.5, ,44.5, , , , ,28.9,28.9, ,28.9, , , , ,42.1,42.1, ,42.1, , , , , , , , , , , , , ,64, ,113, ,177, ,184, , , , , , , ,,, , , , 
10/07/2024,Uqs24@txstate.edu,,Tovar ,Jesus ,Male,1/4/2003,6,0,165,,,Usa,Texas,Pitcher,,,,,Collegiate,Left,Left,,4:17:56,America/chicago,Arm Primer,, , , , , , , , , , , , , , , , , , , , , , , , , , , , , , , , , , , , , , , , , , , , , , , , , , , , , , , , , , , , , , , , , ,34.3,35.9, ,35.9,19.6,17.7, ,19.6,55.5, , , , , , , , , , , , , , , , , , , , 
10/04/2024,Uqs24@txstate.edu,,Tovar ,Jesus ,Male,1/4/2003,6,0,165,,,Usa,Texas,Pitcher,,,,,Collegiate,Left,Left,,4:4:54,America/chicago,Fresh - Quick,,,68.8,113.5, , ,Normal,44.3,0.23,Normal,30.3,0.16,Normal,38.9,0.21,Normal, , , , , , , , , , , , , , , , , , , , , , , , , , ,44.3,42.2, ,44.3, , , , ,30.3,29.9, ,30.3, , , , ,38.9,37.4, ,38.9, , , , , , , , , , , , , ,67, ,121, ,188, ,181, ,,, , ,,Yes, , , , , , 
10/04/2024,Uqs24@txstate.edu,,Tovar ,Jesus ,Male,1/4/2003,6,0,165,,,Usa,Texas,Pitcher,,,,,Collegiate,Left,Left,,4:39:14,America/chicago,Post,,, , , , , , , , , , , , , , , , , ,116.9,3.4,102.9,5.4,5.4, ,41.4,-2.9,93.4,29,-1.3,95.7,41.1,2.2,105.6,4.9,5.4, ,5.4, , , , ,41.4,41, ,41.4, , , , ,29,29, ,29, , , , ,41.1,41.1, ,41.1, , , , , , , , , , , , , ,65, ,109, ,174, ,173, , , , , , , ,Yes,Bullpen, ,25, ,9
10/01/2024,Uqs24@txstate.edu,,Tovar ,Jesus ,Male,1/4/2003,6,0,165,,,Usa,Texas,Pitcher,,,,,Collegiate,Left,Left,,3:54:42,America/chicago,Fresh - Quick,,,98.7,162.8,45.4,0.24,Normal,44.2,0.23,Normal,30.6,0.16,Normal,42.6,0.23,Normal,0.97, , , , , , , , , , , , , , , , , ,42.5,45.4, ,45.4, , , , ,42.7,44.2, ,44.2, , , , ,30.6,29.4, ,30.6, , , , ,42.6,41.1, ,42.6, , , , , , , , , , , , , ,64, ,119, ,183, ,190, ,,, , ,,Yes, , , , , , 
09/26/2024,Uqs24@txstate.edu,,Tovar ,Jesus ,Male,1/4/2003,6,0,165,,,Usa,Texas,Pitcher,,,,,Collegiate,Left,Left,,5:5:17,America/chicago,Fresh - Quick,,,95.8,158,45.6,0.24,Normal,42.2,0.22,Normal,27.3,0.14,Normal,42.9,0.23,Normal,0.92, , , , , , , , , , , , , , , , , ,42.7,45.6, ,45.6, , , , ,37.9,42.2, ,42.2, , , , ,25.9,27.3, ,27.3, , , , ,42.9,37.8, ,42.9, , , , , , , , , , , , , ,62, ,113, ,175, ,193, ,,, , ,,Yes, , , , , , 
09/26/2024,Uqs24@txstate.edu,,Tovar ,Jesus ,Male,1/4/2003,6,0,165,,,Usa,Texas,Pitcher,,,,,Collegiate,Left,Left,,5:59:39,America/chicago,Post,,, , , , , , , , , , , , , , , , , ,147.7,-10.3,93.4,38.2,-7.4,83.7,39.4,-2.8,93.3,26.4,-0.9,96.7,43.7,0.8,101.8,33.4,38.2, ,38.2, , , , ,39.4,38.6, ,39.4, , , , ,26.4,26, ,26.4, , , , ,43.7,39.6, ,43.7, , , , , , , , , , , , , ,59, ,114, ,173, ,182, , , , , , , ,Yes,Bullpen, ,35, ,9
09/23/2024,Uqs24@txstate.edu,,Tovar ,Jesus ,Male,1/4/2003,6,0,165,,,Usa,Texas,Pitcher,,,,,Collegiate,Left,Left,,5:25:5,America/chicago,Fresh - Quick,,,93.4,154.1,48.3,0.26,Normal,38.3,0.2,Normal,28.5,0.15,Normal,39,0.21,Normal,0.79, , , , , , , , , , , , , , , , , ,44.7,48.3, ,48.3, , , , ,36.9,38.3, ,38.3, , , , ,28.5,27.8, ,28.5, , , , ,39,37.5, ,39, , , , , , , , , , , , , ,62, ,116, ,178, ,182, ,,, , ,,Yes, , , , , , 
09/23/2024,Uqs24@txstate.edu,,Tovar ,Jesus ,Male,1/4/2003,6,0,165,,,Usa,Texas,Pitcher,,,,,Collegiate,Left,Left,,6:3:10,America/chicago,Post,,, , , , , , , , , , , , , , , , , ,150.5,-3.6,97.6,42.5,-5.8,87.9,43.9,5.6,114.6,30.3,1.8,106.3,33.8,-5.2,86.6,40,42.5, ,42.5, , , , ,39.7,43.9, ,43.9, , , , ,30.3,28.8, ,30.3, , , , ,39,33.8,32.8,33.8, , , , , , , , , , , , , ,62, ,112, ,174, ,182, , , , , , , ,Yes,Bullpen, ,30, ,8
09/23/2024,Uqs24@txstate.edu,,Tovar ,Jesus ,Male,1/4/2003,6,0,165,,,Usa,Texas,Pitcher,,,,,Collegiate,Left,Left,,5:20:5,America/chicago,Arm Primer,, , , , , , , , , , , , , , , , , , , , , , , , , , , , , , , , , , , , , , , , , , , , , , , , , , , , , , , , , , , , , , , , , ,37.9,36.8, ,37.9,23.6,22.6, ,23.6,61.5, , , , , , , , , , , , , , , , , , , , 
09/19/2024,Uqs24@txstate.edu,,Tovar ,Jesus ,Male,1/4/2003,6,0,165,,,Usa,Texas,Pitcher,,,,,Collegiate,Left,Left,,4:49:39,America/chicago,Fresh - Quick,,,95.5,157.6,49.9,0.26,Normal,40.6,0.21,Normal,29.1,0.15,Normal,38,0.2,Normal,0.81, , , , , , , , , , , , , , , , , ,48.5,49.9, ,49.9, , , , ,40.6,39.5, ,40.6, , , , ,29.1,29.1, ,29.1, , , , ,38,33.3, ,38, , , , , , , , , , , , , ,68, ,120, ,188, ,185, ,,, , ,,Yes, , , , , , 
09/19/2024,Uqs24@txstate.edu,,Tovar ,Jesus ,Male,1/4/2003,6,0,165,,,Usa,Texas,Pitcher,,,,,Collegiate,Left,Left,,5:17:25,America/chicago,Post,,, , , , , , , , , , , , , , , , , ,154,-3.6,97.7,45.5,-4.4,91.1,41.4,0.8,101.9,29.1, ,100,38, ,100,41.7,45.5, ,45.5, , , , ,41.3,41.4, ,41.4, , , , ,29.1,27.2, ,29.1, , , , ,38,35.7, ,38, , , , , , , , , , , , , ,65, ,111, ,176, ,188, , , , , , , ,Yes,Bullpen, ,22, ,7
09/18/2024,Uqs24@txstate.edu,,Tovar ,Jesus ,Male,1/4/2003,6,0,165,,,Usa,Texas,Pitcher,,,,,Collegiate,Left,Left,,3:46:57,America/chicago,Arm Primer,, , , , , , , , , , , , , , , , , , , , , , , , , , , , , , , , , , , , , , , , , , , , , , , , , , , , , , , , , , , , , , , , , ,36.1,34.2, ,36.1,18.7,21.6, ,21.6,57.7, , , , , , , , , , , , , , , , , , , , 
09/17/2024,Uqs24@txstate.edu,,Tovar ,Jesus ,Male,1/4/2003,6,0,165,,,Usa,Texas,Pitcher,,,,,Collegiate,Left,Left,,3:39:54,America/chicago,Arm Primer,, , , , , , , , , , , , , , , , , , , , , , , , , , , , , , , , , , , , , , , , , , , , , , , , , , , , , , , , , , , , , , , , , ,34.7,35.4, ,35.4,20.4,20.1, ,20.4,55.8, , , , , , , , , , , , , , , , , , , , 
09/25/2026,Dmu21@txstate.edu,,Hall ,Sam ,Male,7/12/2003,6,3,200,,,Usa,Texas,Pitcher,,,,,Collegiate,Right,Right,,1:54:34,America/chicago,Fresh - Quick,ACTIV5-AO-9489,not_eligible,103.8,207.7,67.3,0.33,Watch,58,0.29,Watch,40,0.2,Normal,42.4,0.21,Normal,0.86, , , , , , , , , , , , , , , , , ,67.3,66.4, ,67.3, , , , ,50,58,55.6,58, , , , ,40,37.6, ,40, , , , ,42.4,38.2, ,42.4, , , , , , , , , , , , , ,54, ,136, ,190, ,242, ,,, , ,,Yes, , , , , , 
09/10/2026,Dmu21@txstate.edu,,Hall ,Sam ,Male,7/12/2003,6,3,200,,,Usa,Texas,Pitcher,,,,,Collegiate,Right,Right,,2:5:23,America/chicago,Fresh - Quick,ACTIV5-AP-7735,not_eligible,109.3,218.6,80,0.4,Normal,57.6,0.28,Watch,39.1,0.19,Normal,41.9,0.2,Normal,0.72, , , , , , , , , , , , , , , , , ,80,77.1, ,80, , , , ,57.6,56, ,57.6, , , , ,39.1,36.4, ,39.1, , , , ,39,41.9, ,41.9, , , , , , , , , , , , , ,65, ,128, ,193, ,213, ,,, , ,,Yes, , , , , , 
08/31/2026,Dmu21@txstate.edu,,Hall ,Sam ,Male,7/12/2003,6,3,200,,,Usa,Texas,Pitcher,,,,,Collegiate,Right,Right,,2:5:24,America/chicago,Fresh - Quick,ACTIV5-AO-9489,not_eligible,120.5,241,82.1,0.41,Normal,72.8,0.36,Normal,44.7,0.22,Normal,41.4,0.2,Normal,0.88, , , , , , , , , , , , , , , , , ,74.5,82.1, ,82.1, , , , ,72.8,71.9, ,72.8, , , , ,44.3,44.7, ,44.7, , , , ,41.1,41.4, ,41.4, , , , , , , , , , , , , ,44, ,130, ,174, ,198, ,,, , ,,Yes, , , , , , 
05/26/2026,Dmu21@txstate.edu,,Hall ,Sam ,Male,7/12/2003,6,3,200,,,Usa,Texas,Pitcher,,,,,Collegiate,Right,Right,,2:0:47,America/chicago,Fresh - Quick,,not_eligible,107.6,215.2,68.7,0.34,Normal,61.7,0.3,Normal,36.9,0.18,Normal,47.9,0.23,Normal,0.89, , , , , , , , , , , , , , , , , ,66.2,68.7, ,68.7, , , , ,61.7,54.8, ,61.7, , , , ,36.9,36.8, ,36.9, , , , ,47.9,44.9, ,47.9, , , , , , , , , , , , , ,51, ,130, ,181, ,219, ,,, , ,,Yes, , , , , , 
04/29/2026,Dmu21@txstate.edu,,Hall ,Sam ,Male,7/12/2003,6,3,200,,,Usa,Texas,Pitcher,,,,,Collegiate,Right,Right,,3:24:58,America/chicago,Fresh - Quick,,not_eligible,107.8,215.7,65.3,0.32,Normal,66.5,0.33,Normal,41.6,0.2,Normal,42.3,0.21,Normal,1.01, , , , , , , , , , , , , , , , , ,65.3,61.2, ,65.3, , , , ,62,66.5, ,66.5, , , , ,41.6,40.2, ,41.6, , , , ,42.3,38.2, ,42.3, , , , , , , , , , , , , ,44, ,125, ,169, ,213, ,,, , ,,Yes, , , , , , 
04/13/2026,Dmu21@txstate.edu,,Hall ,Sam ,Male,7/12/2003,6,3,200,,,Usa,Texas,Pitcher,,,,,Collegiate,Right,Right,,3:33:7,America/chicago,Fresh - Quick,,not_eligible,99,197.9,65.6,0.32,Normal,58.6,0.29,Normal,44,0.22,Normal,29.7,0.14,Medical,0.89, , , , , , , , , , , , , , , , , ,65.6,64.5, ,65.6, , , , ,57.6,58.6, ,58.6, , , , ,44,41.6, ,44, , , , ,34.6,29,29.7,29.7, , , , , , , , , , , , , ,61, ,122, ,183, ,211, ,,, , ,,Yes, , , , , , 
03/16/2026,Dmu21@txstate.edu,,Hall ,Sam ,Male,7/12/2003,6,3,200,,,Usa,Texas,Pitcher,,,,,Collegiate,Right,Right,,3:41:29,America/chicago,Fresh - Quick,,not_eligible,99.8,199.7,65.3,0.32,Normal,52.9,0.26,Normal,39.4,0.19,Normal,42.1,0.21,Normal,0.81, , , , , , , , , , , , , , , , , ,65.3,64.8, ,65.3, , , , ,52.9,51.1, ,52.9, , , , ,39.4,37.1, ,39.4, , , , ,41.3,42.1, ,42.1, , , , , , , , , , , , , ,50, ,130, ,180, ,214, ,,, , ,,Yes, , , , , , 
03/11/2026,Dmu21@txstate.edu,,Hall ,Sam ,Male,7/12/2003,6,3,200,,,Usa,Texas,Pitcher,,,,,Collegiate,Right,Right,,3:7:21,America/chicago,Fresh - Quick,,not_eligible,104.9,209.8,66.2,0.33,Normal,48.8,0.24,Warning,37.7,0.18,Normal,57.1,0.28,Normal,0.73, , , , , , , , , , , , , , , , , ,63.1,66.2, ,66.2, , , , ,48.8,46.6, ,48.8, , , , ,37.7,35.3, ,37.7, , , , ,57.1,51, ,57.1, , , , , , , , , , , , , ,72, ,139, ,211, ,218, ,,, , ,,Yes, , , , , , 
03/05/2026,Dmu21@txstate.edu,,Hall ,Sam ,Male,7/12/2003,6,3,200,,,Usa,Texas,Pitcher,,,,,Collegiate,Right,Right,,6:27:22,America/chicago,Fresh - Quick,,not_eligible,103.2,206.4,69.8,0.34,Normal,56.2,0.28,Normal,40.2,0.2,Normal,40.2,0.2,Normal,0.8, , , , , , , , , , , , , , , , , ,63.6,69.8, ,69.8, , , , ,56.2,53.4, ,56.2, , , , ,40.2,39.2, ,40.2, , , , ,37.7,40.2, ,40.2, , , , , , , , , , , , , ,54, ,140, ,194, ,209, ,,, , ,,Yes, , , , , , 
02/04/2026,Dmu21@txstate.edu,,Hall ,Sam ,Male,7/12/2003,6,3,200,,,Usa,Texas,Pitcher,,,,,Collegiate,Right,Right,,2:16:35,America/chicago,Fresh - Quick,,not_eligible,100.5,201,65.3,0.32,Normal,56.5,0.28,Normal,37.2,0.18,Normal,42,0.21,Normal,0.86, , , , , , , , , , , , , , , , , ,65.3,63.3, ,65.3, , , , ,55.7,56.5, ,56.5, , , , ,35.7,37.2, ,37.2, , , , ,42,40.8, ,42, , , , , , , , , , , , , ,71, ,140, ,211, ,218, ,,, , ,,Yes, , , , , , 
10/06/2025,Dmu21@txstate.edu,,Hall ,Sam ,Male,7/12/2003,6,3,200,,,Usa,Texas,Pitcher,,,,,Collegiate,Right,Right,,4:16:21,America/chicago,Fresh - Quick,,,102.7,205.4,68.3,0.34,Normal,57.3,0.28,Normal,38.3,0.19,Normal,41.5,0.2,Normal,0.83, , , , , , , , , , , , , , , , , ,66.4,68.3, ,68.3, , , , ,55.5,57.3, ,57.3, , , , ,38.3,37.3, ,38.3, , , , ,41.5,38.8, ,41.5, , , , , , , , , , , , , ,68, ,141, ,209, ,227, ,,, , ,,Yes, , , , , , 
08/29/2025,Dmu21@txstate.edu,,Hall ,Sam ,Male,7/12/2003,6,3,205,,,Usa,Texas,Pitcher,,,,,Collegiate,Right,Right,,12:27:51,America/chicago,Fresh - Full,,,102.1,209.3,57.3,0.28,Normal,66.9,0.33,Normal,46.2,0.23,Normal,38.9,0.19,Normal,1.16, , , , , , , , , , , , , , , , , ,46.8,57.3,54.5,57.3,66.3,61.5, ,66.3,64.7,66.9, ,66.9,52.2,54.3, ,54.3,46.2,42.6, ,46.2,38.2,39.4, ,39.4,42.7,36.1,38.9,38.9,38,37.4, ,38, , , , , , , , , ,51,50,119,90,170,140,200,193,,, , ,,Yes, , , , , , 
03/05/2025,Dmu21@txstate.edu,,Hall ,Sam ,Male,7/12/2003,6,3,205,,,Usa,Texas,Pitcher,,,,,Collegiate,Right,Right,,3:57:35,America/chicago,Fresh - Quick,,,94.7,194.1,55.7,0.27,Normal,60.9,0.3,Normal,40.7,0.2,Normal,36.8,0.18,Warning,1.09, , , , , , , , , , , , , , , , , ,49.1,55.7, ,55.7, , , , ,60.9,56.5, ,60.9, , , , ,37.5,40.7, ,40.7, , , , ,36.8,34.2, ,36.8, , , , , , , , , , , , , ,54, ,130, ,184, ,206, ,,, , ,,Yes, , , , , , 
03/01/2025,Dmu21@txstate.edu,,Hall ,Sam ,Male,7/12/2003,6,3,205,,,Usa,Texas,Pitcher,,,,,Collegiate,Right,Right,,2:53:26,America/chicago,Fresh - Quick,,,99,203,60.6,0.3,Normal,60.7,0.3,Normal,40.2,0.2,Normal,41.5,0.2,Normal,1, , , , , , , , , , , , , , , , , ,60.6,59.5, ,60.6, , , , ,60.7,54.3, ,60.7, , , , ,38.3,40.2, ,40.2, , , , ,41.5,33.5,38.2,41.5, , , , , , , , , , , , , ,85, ,132, ,217, ,213, ,,, , ,,Yes, , , , , , 
03/01/2025,Dmu21@txstate.edu,,Hall ,Sam ,Male,7/12/2003,6,3,205,,,Usa,Texas,Pitcher,,,,,Collegiate,Right,Right,,5:4:59,America/chicago,Post,,, , , , , , , , , , , , , , , , , ,190.1,-12.9,93.6,57.1,-3.5,94.2,53.4,-7.3,87.9,38.6,-1.6,96,41,-0.5,98.7,54.1,57.1, ,57.1, , , , ,52,53.4, ,53.4, , , , ,38.6,38.2, ,38.6, , , , ,41,37.9, ,41, , , , , , , , , , , , , ,75, ,132, ,207, ,218, , , , , , , ,Yes,Pitch in game, ,65, ,10
02/12/2025,Dmu21@txstate.edu,,Hall ,Sam ,Male,7/12/2003,6,3,205,,,Usa,Texas,Pitcher,,,,,Collegiate,Right,Right,,5:10:0,America/chicago,Fresh - Quick,,,95.4,195.5,54.5,0.27,Watch,56.8,0.28,Normal,39.3,0.19,Normal,44.9,0.22,Normal,1.04, , , , , , , , , , , , , , , , , ,52.8,54.5, ,54.5, , , , ,56.8,55.2, ,56.8, , , , ,39.3,38.1, ,39.3, , , , ,44.9,41.8, ,44.9, , , , , , , , , , , , , ,53, ,176, ,229, ,210, ,,, , ,,Yes, , , , , , 
02/04/2025,Dmu21@txstate.edu,,Hall ,Sam ,Male,7/12/2003,6,3,205,,,Usa,Texas,Pitcher,,,,,Collegiate,Right,Right,,3:44:54,America/chicago,Fresh - Quick,,,100.7,206.4,64.4,0.32,Normal,56.5,0.28,Normal,40.5,0.2,Normal,45,0.22,Normal,0.87, , , , , , , , , , , , , , , , , ,57.6,64.4, ,64.4, , , , ,56.5,52.2, ,56.5, , , , ,40.5,36.7, ,40.5, , , , ,45,41, ,45, , , , , , , , , , , , , ,66, ,121, ,187, ,231, ,,, , ,,Yes, , , , , , 
01/31/2025,Dmu21@txstate.edu,,Hall ,Sam ,Male,7/12/2003,6,3,208,,,Usa,Texas,Pitcher,,,,,Collegiate,Right,Right,,2:12:24,America/chicago,Fresh - Quick,,,104.5,217.4,62,0.31,Normal,59.8,0.29,Normal,42.9,0.21,Normal,52.7,0.26,Normal,0.96, , , , , , , , , , , , , , , , , ,60.4,62, ,62, , , , ,59.8,57.6, ,59.8, , , , ,42.9,42.7, ,42.9, , , , ,52.7,47.3, ,52.7, , , , , , , , , , , , , ,58, ,130, ,188, ,203, ,,, , ,,Yes, , , , , , 
01/31/2025,Dmu21@txstate.edu,,Hall ,Sam ,Male,7/12/2003,6,3,208,,,Usa,Texas,Pitcher,,,,,Collegiate,Right,Right,,4:4:40,America/chicago,Post,,, , , , , , , , , , , , , , , , , ,184.9,-32.5,85,57.6,-4.4,92.9,48.9,-10.9,81.7,37.3,-5.6,86.9,41.1,-11.6,77.9,52.4,57.6, ,57.6, , , , ,48.9,47.1, ,48.9, , , , ,37.3,34.6, ,37.3, , , , ,41.1,37.2, ,41.1, , , , , , , , , , , , , ,48, ,128, ,176, ,212, , , , , , , ,Yes,Pitch in game, ,62, ,10
01/22/2025,Dmu21@txstate.edu,,Hall ,Sam ,Male,7/12/2003,6,3,208,,,Usa,Texas,Pitcher,,,,,Collegiate,Right,Right,,2:55:36,America/chicago,Fresh - Quick,,,99,205.9,60.7,0.3,Normal,59.6,0.29,Normal,42.8,0.21,Normal,42.8,0.21,Normal,0.98, , , , , , , , , , , , , , , , , ,54.8,60.7, ,60.7, , , , ,59.6,57.4, ,59.6, , , , ,42.8,42.1, ,42.8, , , , ,37.7,42.8, ,42.8, , , , , , , , , , , , , ,102, ,141, ,243, ,203, ,,, , ,,Yes, , , , , , 
01/22/2025,Dmu21@txstate.edu,,Hall ,Sam ,Male,7/12/2003,6,3,208,,,Usa,Texas,Pitcher,,,,,Collegiate,Right,Right,,3:41:18,America/chicago,Post,,, , , , , , , , , , , , , , , , , ,192.9,-13,93.6,55.6,-5.1,91.5,56.6,-3,94.9,38.5,-4.3,89.9,42.2,-0.6,98.5,55.6,53, ,55.6, , , , ,56.6,51, ,56.6, , , , ,38.5,37.2, ,38.5, , , , ,38.9,46.6,42.2,42.2, , , , , , , , , , , , , ,57, ,133, ,190, ,203, , , , , , , ,Yes,Bullpen, ,25, ,7
01/13/2025,Dmu21@txstate.edu,,Hall ,Sam ,Male,7/12/2003,6,3,208,,,Usa,Texas,Pitcher,,,,,Collegiate,Right,Right,,3:1:59,America/chicago,Fresh - Quick,,,93.8,195.1,55.1,0.27,Watch,55.7,0.27,Normal,37.2,0.18,Watch,47.1,0.23,Normal,1.01, , , , , , , , , , , , , , , , , ,55.1,55.1, ,55.1, , , , ,53,55.7, ,55.7, , , , ,37.2,37.1, ,37.2, , , , ,47.1,42.5, ,47.1, , , , , , , , , , , , , ,45, ,141, ,186, ,203, ,,, , ,,Yes, , , , , , 
01/13/2025,Dmu21@txstate.edu,,Hall ,Sam ,Male,7/12/2003,6,3,208,,,Usa,Texas,Pitcher,,,,,Collegiate,Right,Right,,4:18:42,America/chicago,Post,,, , , , , , , , , , , , , , , , , ,175.8,-19.3,90.1,44.1,-11,80,50.4,-5.3,90.4,38.2,1,102.6,43.1,-4,91.5,53.5,44.1,43.5,44.1, , , , ,48.2,50.4, ,50.4, , , , ,37.2,38.2, ,38.2, , , , ,43.1,40, ,43.1, , , , , , , , , , , , , ,44, ,125, ,169, ,193, , , , , , , ,Yes,Bullpen, ,30, ,9
10/18/2024,Dmu21@txstate.edu,,Hall ,Sam ,Male,7/12/2003,6,3,208,,,Usa,Texas,Pitcher,,,,,Collegiate,Right,Right,,3:16:46,America/chicago,Fresh - Quick,,,95.1,197.8,59.9,0.29,Normal,57.4,0.28,Normal,39.6,0.19,Normal,40.9,0.2,Normal,0.95, , , , , , , , , , , , , , , , , ,59.9,57.6, ,59.9, , , , ,55.7,57.4, ,57.4, , , , ,39.6,38, ,39.6, , , , ,40.9,40.4, ,40.9, , , , , , , , , , , , , ,67, ,121, ,188, ,219, ,,, , ,,Yes, , , , , , 
10/15/2024,Dmu21@txstate.edu,,Hall ,Sam ,Male,7/12/2003,6,3,208,,,Usa,Texas,Pitcher,,,,,Collegiate,Right,Right,,4:21:1,America/chicago,Fresh - Quick,,,95.7,199.1,65.6,0.32,Normal,61.4,0.3,Normal,36.5,0.18,Watch,35.6,0.17,Warning,0.93, , , , , , , , , , , , , , , , , ,59.4,65.6, ,65.6, , , , ,61.4,60.9, ,61.4, , , , ,42.6,35,36.5,36.5, , , , ,40.7,32.1,35.6,35.6, , , , , , , , , , , , , ,88, ,129, ,217, ,204, ,,, , ,,Yes, , , , , , 
10/15/2024,Dmu21@txstate.edu,,Hall ,Sam ,Male,7/12/2003,6,3,208,,,Usa,Texas,Pitcher,,,,,Collegiate,Right,Right,,5:35:24,America/chicago,Post,,, , , , , , , , , , , , , , , , , ,199.8,0.7,100.3,56.2,-9.4,85.6,63.1,1.7,102.7,42.4,5.9,116.1,38.1,2.5,107,55.8,56.2, ,56.2, , , , ,63.1,58.1, ,63.1, , , , ,42.4,40.5, ,42.4, , , , ,38.1,36, ,38.1, , , , , , , , , , , , , ,68, ,112, ,180, ,220, , , , , , , ,Yes,Bullpen, ,25, ,7
10/11/2024,Dmu21@txstate.edu,,Hall ,Sam ,Male,7/12/2003,6,3,208,,,Usa,Texas,Pitcher,,,,,Collegiate,Right,Right,,3:32:18,America/chicago,Fresh - Quick,,,98.9,205.8,63.2,0.31,Normal,55.7,0.27,Normal,42.2,0.21,Normal,44.7,0.22,Normal,0.88, , , , , , , , , , , , , , , , , ,63.2,57.1, ,63.2, , , , ,55.7,54, ,55.7, , , , ,42.2,37.5, ,42.2, , , , ,44.7,39.3, ,44.7, , , , , , , , , , , , , ,67, ,109, ,176, ,207, ,,, , ,,Yes, , , , , , 
10/11/2024,Dmu21@txstate.edu,,Hall ,Sam ,Male,7/12/2003,6,3,208,,,Usa,Texas,Pitcher,,,,,Collegiate,Right,Right,,5:26:30,America/chicago,Post,,, , , , , , , , , , , , , , , , , ,207.6,1.8,100.8,64.7,1.5,102.3,63.7,8,114.3,38.4,-3.8,90.9,40.8,-3.9,91.2,58.2,64.7, ,64.7, , , , ,63.7,60.9, ,63.7, , , , ,38.4,35.8, ,38.4, , , , ,40.8,37.6, ,40.8, , , , , , , , , , , , , ,62, ,117, ,179, ,208, , , , , , , ,Yes,Pitch in game, ,22, ,9
10/08/2024,Dmu21@txstate.edu,,Hall ,Sam ,Male,7/12/2003,6,3,208,,,Usa,Texas,Pitcher,,,,,Collegiate,Right,Right,,4:52:11,America/chicago,Fresh - Quick,,,98.7,205.2,61,0.3,Normal,55.6,0.27,Normal,44.6,0.22,Normal,44,0.22,Normal,0.91, , , , , , , , , , , , , , , , , ,59.4,61, ,61, , , , ,55.6,55, ,55.6, , , , ,44.6,42.9, ,44.6, , , , ,44,41.7, ,44, , , , , , , , , , , , , ,64, ,132, ,196, ,210, ,,, , ,,Yes, , , , , , 
10/08/2024,Dmu21@txstate.edu,,Hall ,Sam ,Male,7/12/2003,6,3,208,,,Usa,Texas,Pitcher,,,,,Collegiate,Right,Right,,5:31:10,America/chicago,Post,,, , , , , , , , , , , , , , , , , ,203.9,-1.3,99.3,59.2,-1.8,97,58.1,2.5,104.4,42.9,-1.7,96.1,43.7,-0.3,99.3,57.8,59.2, ,59.2, , , , ,58.1,55.1, ,58.1, , , , ,42.9,39.5, ,42.9, , , , ,43.7,38.9, ,43.7, , , , , , , , , , , , , ,55, ,124, ,179, ,208, , , , , , , ,Yes,Bullpen, ,31, ,8
10/07/2024,Dmu21@txstate.edu,,Hall ,Sam ,Male,7/12/2003,6,3,208,,,Usa,Texas,Pitcher,,,,,Collegiate,Right,Right,,4:17:49,America/chicago,Arm Primer,, , , , , , , , , , , , , , , , , , , , , , , , , , , , , , , , , , , , , , , , , , , , , , , , , , , , , , , , , , , , , , , , , ,44.1,45.4, ,45.4,29,30.6, ,30.6,76, , , , , , , , , , , , , , , , , , , , 
10/03/2024,Dmu21@txstate.edu,,Hall ,Sam ,Male,7/12/2003,6,3,208,,,Usa,Texas,Pitcher,,,,,Collegiate,Right,Right,,4:5:18,America/chicago,Fresh - Quick,,,94.5,196.5,55.3,0.27,Normal,50.7,0.25,Normal,38.2,0.19,Normal,52.3,0.26,Normal,0.91, , , , , , , , , , , , , , , , , ,55.3,54, ,55.3, , , , ,50.7,47.6, ,50.7, , , , ,36.1,38.2, ,38.2, , , , ,52.3,49.5, ,52.3, , , , , , , , , , , , , ,71, ,126, ,197, ,207, ,,, , ,,Yes, , , , , , 
09/30/2024,Dmu21@txstate.edu,,Hall ,Sam ,Male,7/12/2003,6,3,208,,,Usa,Texas,Pitcher,,,,,Collegiate,Right,Right,,3:40:20,America/chicago,Fresh - Quick,,,96.9,201.6,60.4,0.3,Normal,55.4,0.27,Normal,41,0.2,Normal,44.8,0.22,Normal,0.91, , , , , , , , , , , , , , , , , ,60.4,59, ,60.4, , , , ,55.4,53.4, ,55.4, , , , ,40.5,41, ,41, , , , ,44.8,40, ,44.8, , , , , , , , , , , , , ,55, ,114, ,169, ,209, ,,, , ,,Yes, , , , , , 
09/30/2024,Dmu21@txstate.edu,,Hall ,Sam ,Male,7/12/2003,6,3,208,,,Usa,Texas,Pitcher,,,,,Collegiate,Right,Right,,4:20:35,America/chicago,Post,,, , , , , , , , , , , , , , , , , ,188.8,-12.8,93.6,57.6,-2.8,95.3,49.8,-5.6,89.8,38.2,-2.8,93.1,43.2,-1.6,96.4,57.6,57.5, ,57.6, , , , ,49.8,48.3, ,49.8, , , , ,35.3,38.2, ,38.2, , , , ,43.2,42.2, ,43.2, , , , , , , , , , , , , ,56, ,123, ,179, ,195, , , , , , , ,Yes,Bullpen, ,40, ,8
09/26/2024,Dmu21@txstate.edu,,Hall ,Sam ,Male,7/12/2003,6,3,208,,,Usa,Texas,Pitcher,,,,,Collegiate,Right,Right,,3:32:50,America/chicago,Fresh - Quick,,,94,195.5,62.1,0.31,Normal,53,0.26,Normal,40.7,0.2,Normal,39.7,0.19,Normal,0.85, , , , , , , , , , , , , , , , , ,62.1,56.2, ,62.1, , , , ,53,49.8, ,53, , , , ,40.7,39.7, ,40.7, , , , ,39.7,38.4, ,39.7, , , , , , , , , , , , , ,67, ,116, ,183, ,195, ,,, , ,,Yes, , , , , , 
09/26/2024,Dmu21@txstate.edu,,Hall ,Sam ,Male,7/12/2003,6,3,208,,,Usa,Texas,Pitcher,,,,,Collegiate,Right,Right,,4:15:4,America/chicago,Post,,, , , , , , , , , , , , , , , , , ,166.5,-29,85.1,55.4,-6.7,89.2,41.1,-11.9,77.5,30.2,-10.5,74.2,39.8,0.1,100.2,55.4,52.3, ,55.4, , , , ,41.1,38, ,41.1, , , , ,30.2,30, ,30.2, , , , ,39.8,39.6, ,39.8, , , , , , , , , , , , , ,56, ,115, ,171, ,191, , , , , , , ,Yes,Bullpen, ,43, ,10
09/23/2024,Dmu21@txstate.edu,,Hall ,Sam ,Male,7/12/2003,6,3,208,,,Usa,Texas,Pitcher,,,,,Collegiate,Right,Right,,3:42:56,America/chicago,Fresh - Quick,,,86.9,180.7,60,0.3,Normal,50.1,0.25,Normal,34.6,0.17,Normal,36,0.18,Normal,0.83, , , , , , , , , , , , , , , , , ,57.8,60, ,60, , , , ,50.1,49, ,50.1, , , , ,34.6,31.7, ,34.6, , , , ,46.8,36,34.9,36, , , , , , , , , , , , , ,91, ,85, ,176, ,272, ,,, , ,,Yes, , , , , , 
09/23/2024,Dmu21@txstate.edu,,Hall ,Sam ,Male,7/12/2003,6,3,208,,,Usa,Texas,Pitcher,,,,,Collegiate,Right,Right,,4:10:26,America/chicago,Post,,, , , , , , , , , , , , , , , , , ,180.9,0.2,100.1,50.8,-9.2,84.6,53.4,3.3,106.5,35.6,1,102.8,41.1,5.1,114.1,50.8,46.5, ,50.8, , , , ,53.4,48.7, ,53.4, , , , ,35.6,34.7, ,35.6, , , , ,41,41.1, ,41.1, , , , , , , , , , , , , ,51, ,116, ,167, ,201, , , , , , , ,Yes,Bullpen, ,31, ,10
09/19/2024,Dmu21@txstate.edu,,Hall ,Sam ,Male,7/12/2003,6,3,208,,,Usa,Texas,Pitcher,,,,,Collegiate,Right,Right,,3:16:22,America/chicago,Fresh - Quick,,,80.8,168,53.4,0.26,Normal,49.3,0.24,Normal,33.6,0.16,Normal,31.7,0.15,Normal,0.92, , , , , , , , , , , , , , , , , ,53.4,52.9, ,53.4, , , , ,47.4,49.3, ,49.3, , , , ,33.3,33.6, ,33.6, , , , ,31.7,29.9, ,31.7, , , , , , , , , , , , , ,53, ,106, ,159, ,194, ,,, , ,,Yes, , , , , , 
09/19/2024,Dmu21@txstate.edu,,Hall ,Sam ,Male,7/12/2003,6,3,208,,,Usa,Texas,Pitcher,,,,,Collegiate,Right,Right,,3:50:55,America/chicago,Post,,, , , , , , , , , , , , , , , , , ,161.6,-6.4,96.1,48.8,-4.6,91.3,47.7,-1.6,96.7,35.2,1.6,104.7,29.9,-1.8,94.3,48.8,48.1, ,48.8, , , , ,44.2,47.7, ,47.7, , , , ,35.2,32, ,35.2, , , , ,26.8,29.9, ,29.9, , , , , , , , , , , , , ,50, ,91, ,141, ,180, , , , , , , ,Yes,Bullpen, ,35, ,9
09/16/2024,Dmu21@txstate.edu,,Hall ,Sam ,Male,7/12/2003,6,3,208,,,Usa,Texas,Pitcher,,,,,Collegiate,Right,Right,,3:34:36,America/chicago,Fresh - Quick,,,85,176.7,57.1,0.28,Normal,54.7,0.27,Normal,35.9,0.17,Normal,29,0.14,Normal,0.95, , , , , , , , , , , , , , , , , ,57.1,52, ,57.1, , , , ,50.4,54.7, ,54.7, , , , ,35.9,34.2, ,35.9, , , , ,28.7,29, ,29, , , , , , , , , , , , , ,56, ,37, ,93, ,187, ,,, , ,,Yes, , , , , , 
09/16/2024,Dmu21@txstate.edu,,Hall ,Sam ,Male,7/12/2003,6,3,208,,,Usa,Texas,Pitcher,,,,,Collegiate,Right,Right,,4:24:11,America/chicago,Post,,, , , , , , , , , , , , , , , , , ,145.2,-31.5,82.1,46.6,-10.5,81.6,39.1,-15.6,71.4,32.3,-3.6,89.9,27.2,-1.8,93.7,45.7,46.6, ,46.6, , , , ,34.4,39.1, ,39.1, , , , ,32.3,31.3, ,32.3, , , , ,27.2,26.2, ,27.2, , , , , , , , , , , , , ,59, ,102, ,161, ,204, , , , , , , ,Yes,Bullpen, ,29, ,9
09/10/2024,Dmu21@txstate.edu,,Hall ,Sam ,Male,7/12/2003,6,3,208,,,Usa,Texas,Pitcher,,,,,Collegiate,Right,Right,,3:27:52,America/chicago,Arm Primer,, , , , , , , , , , , , , , , , , , , , , , , , , , , , , , , , , , , , , , , , , , , , , , , , , , , , , , , , , , , , , , , , , ,41.7,39.4, ,41.7,31.1,30.8, ,31.1,72.8, , , , , , , , , , , , , , , , , , , , 
09/09/2024,Dmu21@txstate.edu,,Hall ,Sam ,Male,7/12/2003,6,3,208,,,Usa,Texas,Pitcher,,,,,Collegiate,Right,Right,,2:59:41,America/chicago,Arm Primer,, , , , , , , , , , , , , , , , , , , , , , , , , , , , , , , , , , , , , , , , , , , , , , , , , , , , , , , , , , , , , , , , , ,41.9,42.1, ,42.1,29.5,27.8, ,29.5,71.6, , , , , , , , , , , , , , , , , , , , 
09/05/2024,Dmu21@txstate.edu,,Hall ,Sam ,Male,7/12/2003,6,3,208,,,Usa,Texas,Pitcher,,,,,Collegiate,Right,Right,,3:26:2,America/chicago,Arm Primer,, , , , , , , , , , , , , , , , , , , , , , , , , , , , , , , , , , , , , , , , , , , , , , , , , , , , , , , , , , , , , , , , , ,37.8,39.6, ,39.6,28.3,27.6, ,28.3,67.9, , , , , , , , , , , , , , , , , , , , 
09/04/2024,Dmu21@txstate.edu,,Hall ,Sam ,Male,7/12/2003,6,3,208,,,Usa,Texas,Pitcher,,,,,Collegiate,Right,Right,,2:49:34,America/chicago,Arm Primer,, , , , , , , , , , , , , , , , , , , , , , , , , , , , , , , , , , , , , , , , , , , , , , , , , , , , , , , , , , , , , , , , , ,34.9,34.2, ,34.9,27.7,26.2, ,27.7,62.6, , , , , , , , , , , , , , , , , , , , 
08/29/2024,Dmu21@txstate.edu,,Hall ,Sam ,Male,7/12/2003,6,3,208,,,Usa,Texas,Pitcher,,,,,Collegiate,Right,Right,,3:33:34,America/chicago,Arm Primer,, , , , , , , , , , , , , , , , , , , , , , , , , , , , , , , , , , , , , , , , , , , , , , , , , , , , , , , , , , , , , , , , , ,16.7,31,39.1,39.1,24.8,26, ,26,65.1, , , , , , , , , , , , , , , , , , , , 
08/27/2024,Dmu21@txstate.edu,,Hall ,Sam ,Male,7/12/2003,6,3,208,,,Usa,Texas,Pitcher,,,,,Collegiate,Right,Right,,10:53:16,America/chicago,Fresh - Full,,,73.7,153.2,41.6,0.2,Normal,44.9,0.22,Normal,33.1,0.16,Normal,33.6,0.16,Normal,1.07, , , , , , , , , , , , , , , , , ,32.2,41.6,41.6,41.6,43,42.4, ,43,36.1,42.5,44.9,44.9,44,42.6, ,44,33.1,33, ,33.1,31.9,32.2, ,32.2,30.6,33.6, ,33.6,27.7,27, ,27.7, , , , , , , , , ,37,60,95,77,132,137,175,183,,, , ,,Yes, , , , , , 
02/10/2026,Zpj26@txstate.edu,,Moore,Nolan,Male,4/19/2007,6,3,225,,,Usa,Texas,Pitcher,,,,,Collegiate,Left,Left,,2:21:28,America/chicago,Fresh - Quick,,not_eligible,114,256.4,95.3,0.42,Normal,62.5,0.27,Normal,46.8,0.2,Normal,51.8,0.23,Normal,0.65, , , , , , , , , , , , , , , , , ,95.3,85.1, ,95.3, , , , ,62.5,60.7, ,62.5, , , , ,45.7,46.8, ,46.8, , , , ,40.3,47.1,51.8,51.8, , , , , , , , , , , , , ,78, ,119, ,197, ,187, ,,, , ,,Yes, , , , , , 
01/29/2026,Zpj26@txstate.edu,,Moore,Nolan,Male,4/19/2007,6,3,225,,,Usa,Texas,Pitcher,,,,,Collegiate,Left,Left,,3:51:9,America/chicago,Fresh - Quick,,not_eligible,100.8,226.7,80.5,0.35,Normal,52.1,0.23,Normal,42.5,0.18,Normal,51.6,0.22,Normal,0.64, , , , , , , , , , , , , , , , , ,78,80.5, ,80.5, , , , ,48.7,52.1, ,52.1, , , , ,42.5,41.7, ,42.5, , , , ,51.6,48.4, ,51.6, , , , , , , , , , , , , ,80, ,109, ,189, ,199, ,,, , ,,Yes, , , , , , 
01/26/2026,Zpj26@txstate.edu,,Moore,Nolan,Male,4/19/2007,6,3,225,,,Usa,Texas,Pitcher,,,,,Collegiate,Left,Left,,3:9:59,America/chicago,Fresh - Quick,,not_eligible,88.9,200,76.6,0.34,Watch,46.2,0.2,Watch,36.5,0.16,Normal,40.7,0.18,Normal,0.6, , , , , , , , , , , , , , , , , ,58.7,72.4,76.6,76.6, , , , ,46,46.2, ,46.2, , , , ,34.4,36.5, ,36.5, , , , ,40.7,39.1, ,40.7, , , , , , , , , , , , , ,87, ,118, ,205, ,188, ,,, , ,,Yes, , , , , , 
01/19/2026,Zpj26@txstate.edu,,Moore,Nolan,Male,4/19/2007,6,3,225,,,Usa,Texas,Pitcher,,,,,Collegiate,Left,Left,,1:16:51,America/chicago,Post,,not_eligible, , , , , , , , , , , , , , , , , ,187.3,-30.8,85.8,60,-23.3,72,44.4,-10.7,80.5,34.7,-5.3,86.7,48.2,8.5,121.4,55.4,60, ,60, , , , ,40.8,44.4, ,44.4, , , , ,34.4,34.7, ,34.7, , , , ,48.2,42, ,48.2, , , , , , , , , , , , , ,82, ,112, ,194, ,187, , , , , , , ,Yes,Bullpen, , , ,7
01/12/2026,Zpj26@txstate.edu,,Moore,Nolan,Male,4/19/2007,6,3,225,,,Usa,Texas,Pitcher,,,,,Collegiate,Left,Left,,12:21:22,America/chicago,Fresh - Quick,,not_eligible,96.9,218.1,83.3,0.37,Normal,55.1,0.24,Normal,40,0.17,Normal,39.7,0.17,Normal,0.66, , , , , , , , , , , , , , , , , ,79.5,83.3, ,83.3, , , , ,55.1,52.6, ,55.1, , , , ,40,38.4, ,40, , , , ,39.7,38.7, ,39.7, , , , , , , , , , , , , ,89, ,123, ,212, ,187, ,,, , ,,Yes, , , , , , 
01/12/2026,Zpj26@txstate.edu,,Moore,Nolan,Male,4/19/2007,6,3,225,,,Usa,Texas,Pitcher,,,,,Collegiate,Left,Left,,1:19:9,America/chicago,Post,,not_eligible, , , , , , , , , , , , , , , , , ,214.2,-3.9,98.2,75.9,-7.4,91.1,52,-3.1,94.3,41.1,1.1,102.7,45.2,5.5,113.8,75.9,67.9, ,75.9, , , , ,52,49.8, ,52, , , , ,41.1,37.5, ,41.1, , , , ,39.3,45.2, ,45.2, , , , , , , , , , , , , ,94, ,103, ,197, ,186, , , , , , , ,Yes,Bullpen, , , ,7
11/04/2025,Zpj26@txstate.edu,,Moore,Nolan,Male,4/19/2007,6,3,225,,,Usa,Texas,Pitcher,,,,,Collegiate,Left,Left,,2:50:43,America/chicago,Fresh - Quick,,not_eligible,99.6,224.2,87.5,0.38,Normal,50.1,0.22,Normal,37.5,0.16,Normal,49.1,0.21,Normal,0.57, , , , , , , , , , , , , , , , , ,87.5,83.7, ,87.5, , , , ,50.1,48, ,50.1, , , , ,37.5,37.1, ,37.5, , , , ,42.9,49.1, ,49.1, , , , , , , , , , , , , ,68, ,105, ,173, ,178, ,,, , ,,Yes, , , , , , 
10/21/2025,Zpj26@txstate.edu,,Moore,Nolan,Male,4/19/2007,6,3,225,,,Usa,Texas,Pitcher,,,,,Collegiate,Left,Left,,2:41:36,America/chicago,Fresh - Quick,,,94.8,213.2,74,0.32,Normal,50.9,0.22,Normal,40.3,0.17,Normal,48,0.21,Normal,0.68, , , , , , , , , , , , , , , , , ,61.2,71.3,74,74, , , , ,50.9,50.5, ,50.9, , , , ,39.1,40.3, ,40.3, , , , ,48,45.1, ,48, , , , , , , , , , , , , ,85, ,114, ,199, ,172, ,,, , ,,Yes, , , , , , 
10/21/2025,Zpj26@txstate.edu,,Moore,Nolan,Male,4/19/2007,6,3,225,,,Usa,Texas,Pitcher,,,,,Collegiate,Left,Left,,4:12:0,America/chicago,Post,,, , , , , , , , , , , , , , , , , ,219.9,6.7,103.1,78.9,4.9,106.6,53.4,2.5,104.9,41,0.7,101.7,46.6,-1.4,97,70.2,78.9, ,78.9, , , , ,52.4,53.4, ,53.4, , , , ,41,36.9, ,41, , , , ,46.6,41.9, ,46.6, , , , , , , , , , , , , ,82, ,102, ,184, ,174, , , , , , , ,Yes,Bullpen, , , ,8
10/14/2025,Zpj26@txstate.edu,,Moore,Nolan,Male,4/19/2007,6,3,225,,,Usa,Texas,Pitcher,,,,,Collegiate,Left,Left,,6:9:22,America/chicago,Post,,, , , , , , , , , , , , , , , , , ,219.1,-0.2,99.9,79,-4.5,94.6,56,6.5,113.1,42.8,1.4,103.3,41.3,-3.6,91.9,41.5,78.3,79,79, , , , ,56,53.2, ,56, , , , ,42.8,41, ,42.8, , , , ,35.9,41.3, ,41.3, , , , , , , , , , , , , ,72, ,113, ,185, ,182, , , , , , , ,Yes,Bullpen, , , ,7
10/08/2025,Zpj26@txstate.edu,,Moore,Nolan,Male,4/19/2007,6,3,225,,,Usa,Texas,Pitcher,,,,,Collegiate,Left,Left,,4:3:46,America/chicago,Fresh - Quick,,,97.5,219.3,83.5,0.37,Normal,49.5,0.22,Normal,41.4,0.18,Normal,44.9,0.19,Normal,0.59, , , , , , , , , , , , , , , , , ,61,81.6,83.5,83.5, , , , ,49.5,48.9, ,49.5, , , , ,41.4,41.2, ,41.4, , , , ,30.6,40.2,44.9,44.9, , , , , , , , , , , , , ,79, ,115, ,194, ,174, ,,, , ,,Yes, , , , , , 
10/01/2025,Zpj26@txstate.edu,,Moore,Nolan,Male,4/19/2007,6,3,225,,,Usa,Texas,Pitcher,,,,,Collegiate,Left,Left,,4:5:2,America/chicago,Fresh - Quick,,,90.8,204.2,76.4,0.33,Normal,52.7,0.23,Normal,43.8,0.19,Normal,31.3,0.13,Normal,0.68, , , , , , , , , , , , , , , , , ,73.1,76.4, ,76.4, , , , ,51,52.7, ,52.7, , , , ,43.8,41.5, ,43.8, , , , ,31.3,28.2, ,31.3, , , , , , , , , , , , , ,89, ,123, ,212, ,178, ,,, , ,,Yes, , , , , , 
09/23/2025,Zpj26@txstate.edu,,Moore,Nolan,Male,4/19/2007,6,3,225,,,Usa,Texas,Pitcher,,,,,Collegiate,Left,Left,,2:43:12,America/chicago,Post,,, , , , , , , , , , , , , , , , , ,185,-26.1,87.6,55.2,-26.5,67.5,55.1,1.2,102.2,43.4,4.6,111.8,31.3,-5.4,85.2,63.9,55.2,50.4,55.2, , , , ,52,55.1, ,55.1, , , , ,43.4,43.4, ,43.4, , , , ,31.3,29.9, ,31.3, , , , , , , , , , , , , ,95, ,96, ,191, ,228, , , , , , , ,Yes,Bullpen, , , ,7
09/19/2025,Zpj26@txstate.edu,,Moore,Nolan,Male,4/19/2007,6,3,225,,,Usa,Texas,Pitcher,,,,,Collegiate,Left,Left,,12:14:52,America/chicago,Fresh - Quick,,,93.8,211.1,81.7,0.36,Normal,53.9,0.23,Normal,38.8,0.17,Normal,36.7,0.16,Normal,0.65, , , , , , , , , , , , , , , , , ,76.8,81.7, ,81.7, , , , ,48.7,53.9, ,53.9, , , , ,36.4,42,38.8,38.8, , , , ,36.7,36.1, ,36.7, , , , , , , , , , , , , ,109, ,110, ,219, ,178, ,,, , ,,Yes, , , , , , 
08/29/2025,Zpj26@txstate.edu,,Moore,Nolan,Male,4/19/2007,6,3,225,,,Usa,Texas,Pitcher,,,,,Collegiate,Left,Left,,11:38:0,America/chicago,Fresh - Full,,,80.4,180.9,57.1,0.25,Normal,52.6,0.23,Normal,40.5,0.18,Normal,30.7,0.13,Normal,0.92, , , , , , , , , , , , , , , , , ,51.2,57.1, ,57.1,70,73.6, ,73.6,50.9,52.6, ,52.6,48.5,51.6, ,51.6,40.5,38.9, ,40.5,35.8,38.1, ,38.1,30.7,27.7, ,30.7,31.6,31.3, ,31.6, , , , , , , , , , , , , , , , , ,,, , ,,Yes, , , , , , 
09/28/2026,Dxt24@txstate.edu,,Targac,Titan,Male,3/26/2007,6,0,185,,,Usa,Texas,Pitcher,,,,,Collegiate,Left,Switch,,2:56:55,America/chicago,Fresh - Quick,ACTIV5-AO-9489,not_eligible,97.9,181.1,56.7,0.3,Normal,45.8,0.24,Normal,36.8,0.19,Normal,41.8,0.22,Normal,0.8, , , , , , , , , , , , , , , , , ,55.3,56.7, ,56.7, , , , ,44.6,45.8, ,45.8, , , , ,33.9,36.8, ,36.8, , , , ,41.8,40.7, ,41.8, , , , , , , , , , , , , ,59, ,104, ,163, ,219, ,,, , ,,Yes, , , , , , 
09/28/2026,Dxt24@txstate.edu,,Targac,Titan,Male,3/26/2007,6,0,185,,,Usa,Texas,Pitcher,,,,,Collegiate,Left,Switch,,3:44:38,America/chicago,Post,ACTIV5-AP-7718,not_eligible, , , , , , , , , , , , , , , , , ,175.6,-5.5,96.9,52.8,-3.9,93.1,47,1.2,102.6,36.5,-0.3,99.1,39.3,-2.5,94,51,52.8, ,52.8, , , , ,47,45.6, ,47, , , , ,33.9,36.5, ,36.5, , , , ,39.3,39.3, ,39.3, , , , , , , , , , , , , ,58, ,116, ,174, ,215, , , , , , , ,Yes,Bullpen, ,23, ,6
09/25/2026,Dxt24@txstate.edu,,Targac,Titan,Male,3/26/2007,6,0,185,,,Usa,Texas,Pitcher,,,,,Collegiate,Left,Switch,,1:57:14,America/chicago,Fresh - Quick,ACTIV5-AP-7735,not_eligible,84.6,156.5,47,0.25,Warning,40,0.21,Warning,31.6,0.17,Normal,37.9,0.2,Watch,0.85, , , , , , , , , , , , , , , , , ,46.3,47, ,47, , , , ,40,37.3, ,40, , , , ,31.6,31.2, ,31.6, , , , ,37.9,37.1, ,37.9, , , , , , , , , , , , , ,61, ,103, ,164, ,242, ,,, , ,,Yes, , , , , , 
09/23/2026,Dxt24@txstate.edu,,Targac,Titan,Male,3/26/2007,6,0,185,,,Usa,Texas,Pitcher,,,,,Collegiate,Left,Switch,,5:43:20,America/chicago,Fresh - Quick,ACTIV5-AP-7718,not_eligible,90.4,167.2,54.2,0.29,Watch,44.7,0.24,Watch,29.2,0.15,Warning,39.1,0.21,Watch,0.82, , , , , , , , , , , , , , , , , ,54.2,53.5, ,54.2, , , , ,44.7,44.7, ,44.7, , , , ,29.2,28.3, ,29.2, , , , ,37.7,39.1, ,39.1, , , , , , , , , , , , , ,58, ,105, ,163, ,210, ,,, , ,,Yes, , , , , , 
09/14/2026,Dxt24@txstate.edu,,Targac,Titan,Male,3/26/2007,6,0,185,,,Usa,Texas,Pitcher,,,,,Collegiate,Left,Switch,,4:4:57,America/chicago,Fresh - Quick,ACTIV5-AP-7718,not_eligible,98.6,182.5,51.8,0.28,Medical,48.8,0.26,Normal,38.4,0.2,Normal,43.5,0.23,Watch,0.94, , , , , , , , , , , , , , , , , ,51,51.8, ,51.8, , , , ,48.8,46.9, ,48.8, , , , ,33.2,38.4,37.8,38.4, , , , ,43.5,40.8, ,43.5, , , , , , , , , , , , , ,65, ,100, ,165, ,200, ,,, , ,,Yes, , , , , , 
09/10/2026,Dxt24@txstate.edu,,Targac,Titan,Male,3/26/2007,6,0,185,,,Usa,Texas,Pitcher,,,,,Collegiate,Left,Switch,,12:50:53,America/chicago,Fresh - Quick,ACTIV5-AP-7735,not_eligible,97.4,180.2,56.7,0.3,Medical,48.3,0.26,Normal,34.1,0.18,Watch,41.1,0.22,Warning,0.85, , , , , , , , , , , , , , , , , ,56.7,54.2, ,56.7, , , , ,48.3,47.3, ,48.3, , , , ,33.6,34.1, ,34.1, , , , ,41.1,38.1, ,41.1, , , , , , , , , , , , , ,73, ,116, ,189, ,204, ,,, , ,,Yes, , , , , , 
09/10/2026,Dxt24@txstate.edu,,Targac,Titan,Male,3/26/2007,6,0,185,,,Usa,Texas,Pitcher,,,,,Collegiate,Left,Switch,,2:20:12,America/chicago,Post,ACTIV5-AP-7735,not_eligible, , , , , , , , , , , , , , , , , ,134.5,-45.7,74.6,40.7,-16,71.7,37.2,-11.1,77,23.2,-10.9,68,33.4,-7.7,81.2,36.3,40.7, ,40.7, , , , ,36.3,37.2, ,37.2, , , , ,22,23.2, ,23.2, , , , ,33.4,32.2, ,33.4, , , , , , , , , , , , , ,74, ,120, ,194, ,238, , , , , , , ,Yes,Velo day, , ,1-25,9
09/03/2026,Dxt24@txstate.edu,,Targac,Titan,Male,3/26/2007,6,0,185,,,Usa,Texas,Pitcher,,,,,Collegiate,Left,Switch,,12:53:55,America/chicago,Fresh - Quick,ACTIV5-AO-9489,not_eligible,112.5,208.1,66,0.35,Normal,49.8,0.26,Normal,41.8,0.22,Normal,50.5,0.27,Normal,0.75, , , , , , , , , , , , , , , , , ,65.1,66, ,66, , , , ,48.1,49.8, ,49.8, , , , ,41,41.8, ,41.8, , , , ,50.5,50.4, ,50.5, , , , , , , , , , , , , ,76, ,114, ,190, ,220, ,,, , ,,Yes, , , , , , 
08/31/2026,Dxt24@txstate.edu,,Targac,Titan,Male,3/26/2007,6,0,185,,,Usa,Texas,Pitcher,,,,,Collegiate,Left,Switch,,2:32:45,America/chicago,Fresh - Quick,ACTIV5-AO-9489,not_eligible,116.3,215.1,66.4,0.35,Normal,54.5,0.29,Normal,41.5,0.22,Normal,52.7,0.28,Normal,0.82, , , , , , , , , , , , , , , , , ,66.4,65.7, ,66.4, , , , ,54.5,50.8, ,54.5, , , , ,41.5,41.4, ,41.5, , , , ,52.7,49.6, ,52.7, , , , , , , , , , , , , ,80, ,120, ,200, ,215, ,,, , ,,Yes, , , , , , 
05/13/2026,Dxt24@txstate.edu,,Targac,Titan,Male,3/26/2007,6,0,185,,,Usa,Texas,Pitcher,,,,,Collegiate,Left,Switch,,3:24:22,America/chicago,Fresh - Quick,,not_eligible,118.2,218.7,78.5,0.42,Normal,50.2,0.27,Normal,39.5,0.21,Normal,50.5,0.27,Normal,0.63, , , , , , , , , , , , , , , , , ,78.5,71.9, ,78.5, , , , ,50.2,48.7, ,50.2, , , , ,39.3,39.5, ,39.5, , , , ,50.5,48.1, ,50.5, , , , , , , , , , , , , ,78, ,106, ,184, ,211, ,,, , ,,Yes, , , , , , 
05/06/2026,Dxt24@txstate.edu,,Targac,Titan,Male,3/26/2007,6,0,185,,,Usa,Texas,Pitcher,,,,,Collegiate,Left,Switch,,3:51:39,America/chicago,Fresh - Quick,,not_eligible,110.4,204.3,64.1,0.34,Normal,50.9,0.27,Normal,37.1,0.2,Normal,52.2,0.28,Normal,0.79, , , , , , , , , , , , , , , , , ,56.8,64.1, ,64.1, , , , ,50.9,50.9, ,50.9, , , , ,37.1,36.4, ,37.1, , , , ,49.6,52.2, ,52.2, , , , , , , , , , , , , ,85, ,130, ,215, ,214, ,,, , ,,Yes, , , , , , 
04/29/2026,Dxt24@txstate.edu,,Targac,Titan,Male,3/26/2007,6,0,185,,,Usa,Texas,Pitcher,,,,,Collegiate,Left,Switch,,3:29:14,America/chicago,Fresh - Quick,,not_eligible,101.2,187.3,53.1,0.28,Normal,50,0.27,Normal,35.2,0.19,Normal,49,0.26,Normal,0.94, , , , , , , , , , , , , , , , , ,52.8,53.1, ,53.1, , , , ,48.3,50, ,50, , , , ,35.1,35.2, ,35.2, , , , ,49,45.8, ,49, , , , , , , , , , , , , ,70, ,123, ,193, ,204, ,,, , ,,Yes, , , , , , 
04/15/2026,Dxt24@txstate.edu,,Targac,Titan,Male,3/26/2007,6,0,185,,,Usa,Texas,Pitcher,,,,,Collegiate,Left,Switch,,3:44:17,America/chicago,Fresh - Quick,,not_eligible,100.4,185.8,55.3,0.29,Normal,48.2,0.26,Normal,35.6,0.19,Normal,46.7,0.25,Normal,0.87, , , , , , , , , , , , , , , , , ,55.3,49.1, ,55.3, , , , ,48.2,46.7, ,48.2, , , , ,33.8,35.6, ,35.6, , , , ,46.7,44.4, ,46.7, , , , , , , , , , , , , ,85, ,115, ,200, ,209, ,,, , ,,Yes, , , , , , 
04/13/2026,Dxt24@txstate.edu,,Targac,Titan,Male,3/26/2007,6,0,185,,,Usa,Texas,Pitcher,,,,,Collegiate,Left,Switch,,3:41:38,America/chicago,Fresh - Quick,,not_eligible,107,198,62.4,0.33,Normal,49.5,0.26,Normal,37.1,0.2,Normal,49,0.26,Normal,0.79, , , , , , , , , , , , , , , , , ,62.4,61.8, ,62.4, , , , ,49.5,47.7, ,49.5, , , , ,35.9,37.1, ,37.1, , , , ,49,43.6, ,49, , , , , , , , , , , , , ,77, ,111, ,188, ,212, ,,, , ,,Yes, , , , , , 
04/06/2026,Dxt24@txstate.edu,,Targac,Titan,Male,3/26/2007,6,0,185,,,Usa,Texas,Pitcher,,,,,Collegiate,Left,Switch,,3:42:11,America/chicago,Fresh - Quick,,not_eligible,95.5,176.6,53.5,0.28,Normal,43.3,0.23,Normal,33,0.17,Normal,46.8,0.25,Normal,0.8, , , , , , , , , , , , , , , , , ,53.5,52.3, ,53.5, , , , ,43.3,42.2, ,43.3, , , , ,32.8,33, ,33, , , , ,45.5,46.8, ,46.8, , , , , , , , , , , , , ,76, ,120, ,196, ,214, ,,, , ,,Yes, , , , , , 
03/23/2026,Dxt24@txstate.edu,,Targac,Titan,Male,3/26/2007,6,0,185,,,Usa,Texas,Pitcher,,,,,Collegiate,Left,Switch,,7:26:27,America/chicago,Fresh - Quick,,not_eligible,96.1,177.8,49.5,0.26,Normal,44.7,0.24,Normal,34.2,0.18,Normal,49.4,0.26,Normal,0.9, , , , , , , , , , , , , , , , , ,49.5,49, ,49.5, , , , ,44.7,41.3, ,44.7, , , , ,34.2,32.7, ,34.2, , , , ,49.4,44.5, ,49.4, , , , , , , , , , , , , ,74, ,129, ,203, ,210, ,,, , ,,Yes, , , , , , 
03/16/2026,Dxt24@txstate.edu,,Targac,Titan,Male,3/26/2007,6,0,185,,,Usa,Texas,Pitcher,,,,,Collegiate,Left,Switch,,3:12:54,America/chicago,Fresh - Quick,,not_eligible,85,157.2,42.1,0.22,Watch,40.7,0.22,Normal,31.3,0.16,Normal,43.1,0.23,Normal,0.96, , , , , , , , , , , , , , , , , ,42.1,42, ,42.1, , , , ,37.7,40.7, ,40.7, , , , ,30.8,31.3, ,31.3, , , , ,43.1,40.7, ,43.1, , , , , , , , , , , , , ,75, ,125, ,200, ,209, ,,, , ,,Yes, , , , , , 
02/09/2026,Dxt24@txstate.edu,,Targac,Titan,Male,3/26/2007,6,0,185,,,Usa,Texas,Pitcher,,,,,Collegiate,Left,Switch,,4:23:30,America/chicago,Fresh - Quick,,not_eligible,98.5,182.3,51.8,0.28,Normal,42.5,0.22,Normal,36.4,0.19,Normal,51.6,0.27,Normal,0.82, , , , , , , , , , , , , , , , , ,51.6,51.8, ,51.8, , , , ,42.5,36.7,41.6,42.5, , , , ,36.4,34.7, ,36.4, , , , ,51.6,48.2, ,51.6, , , , , , , , , , , , , ,78, ,119, ,197, ,209, ,,, , ,,Yes, , , , , , 
02/09/2026,Dxt24@txstate.edu,,Targac,Titan,Male,3/26/2007,6,0,185,,,Usa,Texas,Pitcher,,,,,Collegiate,Left,Switch,,5:8:40,America/chicago,Post,,not_eligible, , , , , , , , , , , , , , , , , ,164.8,-17.5,90.4,46.2,-5.6,89.1,39.3,-3.2,92.4,33.5,-2.9,92,45.8,-5.8,88.7,45.8,46.2, ,46.2, , , , ,39.3,34.9, ,39.3, , , , ,33.5,30.8, ,33.5, , , , ,45.8,42.4, ,45.8, , , , , , , , , , , , , ,79, ,125, ,204, ,219, , , , , , , ,Yes,Bullpen, ,28, ,8
01/29/2026,Dxt24@txstate.edu,,Targac,Titan,Male,3/26/2007,6,0,185,,,Usa,Texas,Pitcher,,,,,Collegiate,Left,Switch,,3:47:40,America/chicago,Fresh - Quick,,not_eligible,81.4,150.5,44.8,0.24,Normal,33.2,0.17,Warning,28.2,0.15,Normal,44.3,0.23,Normal,0.74, , , , , , , , , , , , , , , , , ,44.6,37.9,44.8,44.8, , , , ,31,36.4,33.2,33.2, , , , ,28,28.2, ,28.2, , , , ,44.3,41.8, ,44.3, , , , , , , , , , , , , ,74, ,132, ,206, ,211, ,,, , ,,Yes, , , , , , 
01/26/2026,Dxt24@txstate.edu,,Targac,Titan,Male,3/26/2007,6,0,185,,,Usa,Texas,Pitcher,,,,,Collegiate,Left,Switch,,3:9:0,America/chicago,Fresh - Quick,,not_eligible,81.6,151,43.6,0.23,Warning,36.3,0.19,Warning,30.3,0.16,Normal,40.8,0.22,Warning,0.83, , , , , , , , , , , , , , , , , ,42.3,43.6, ,43.6, , , , ,36.3,35.2, ,36.3, , , , ,30.3,28.7, ,30.3, , , , ,40.8,38.8, ,40.8, , , , , , , , , , , , , ,71, ,129, ,200, ,215, ,,, , ,,Yes, , , , , , 
01/19/2026,Dxt24@txstate.edu,,Targac,Titan,Male,3/26/2007,6,0,185,,,Usa,Texas,Pitcher,,,,,Collegiate,Left,Switch,,12:27:35,America/chicago,Fresh - Quick,,not_eligible,99.5,184.1,55.3,0.29,Normal,43.2,0.23,Normal,33.6,0.18,Normal,52,0.28,Normal,0.78, , , , , , , , , , , , , , , , , ,55.3,53.8, ,55.3, , , , ,42.2,43.2, ,43.2, , , , ,32.9,33.6, ,33.6, , , , ,49.8,52, ,52, , , , , , , , , , , , , ,70, ,129, ,199, ,222, ,,, , ,,Yes, , , , , , 
01/19/2026,Dxt24@txstate.edu,,Targac,Titan,Male,3/26/2007,6,0,185,,,Usa,Texas,Pitcher,,,,,Collegiate,Left,Switch,,1:12:26,America/chicago,Post,,not_eligible, , , , , , , , , , , , , , , , , ,177.4,-6.7,96.3,53.2,-2.1,96.2,40.4,-2.8,93.5,34.9,1.3,103.8,48.9,-3.1,94,53.2,51.6, ,53.2, , , , ,40.4,38.9, ,40.4, , , , ,34.9,34.5, ,34.9, , , , ,48.9,45.5, ,48.9, , , , , , , , , , , , , ,76, ,131, ,207, ,213, , , , , , , ,Yes,Bullpen, , , ,6
01/15/2026,Dxt24@txstate.edu,,Targac,Titan,Male,3/26/2007,6,0,185,,,Usa,Texas,Pitcher,,,,,Collegiate,Left,Switch,,2:55:20,America/chicago,Fresh - Quick,,not_eligible,95.4,176.5,49.8,0.26,Normal,45.9,0.24,Normal,34.9,0.18,Normal,45.9,0.24,Normal,0.92, , , , , , , , , , , , , , , , , ,48.5,49.8, ,49.8, , , , ,45.9,43.8, ,45.9, , , , ,34.9,34.9, ,34.9, , , , ,45.1,45.9, ,45.9, , , , , , , , , , , , , ,81, ,138, ,219, ,212, ,,, , ,,Yes, , , , , , 
01/15/2026,Dxt24@txstate.edu,,Targac,Titan,Male,3/26/2007,6,0,185,,,Usa,Texas,Pitcher,,,,,Collegiate,Left,Switch,,4:27:38,America/chicago,Post,,not_eligible, , , , , , , , , , , , , , , , , ,181.3,4.8,102.7,49.9,0.1,100.2,44.2,-1.7,96.2,33.3,-1.6,95.4,53.9,8,117.4,49.9,48.9, ,49.9, , , , ,44.2,40.5, ,44.2, , , , ,33.3,31, ,33.3, , , , ,53.9,49, ,53.9, , , , , , , , , , , , , ,69, ,129, ,198, ,211, , , , , , , ,Yes,Bullpen, , , ,6
01/12/2026,Dxt24@txstate.edu,,Targac,Titan,Male,3/26/2007,6,0,185,,,Usa,Texas,Pitcher,,,,,Collegiate,Left,Switch,,12:52:41,America/chicago,Fresh - Quick,,not_eligible,90.3,167.1,48.7,0.26,Normal,43.9,0.23,Normal,33.5,0.18,Normal,41,0.22,Watch,0.9, , , , , , , , , , , , , , , , , ,48.7,43.7, ,48.7, , , , ,43.9,41, ,43.9, , , , ,33.5,32.6, ,33.5, , , , ,46.3,39.3,41,41, , , , , , , , , , , , , ,82, ,126, ,208, ,206, ,,, , ,,Yes, , , , , , 
11/03/2025,Dxt24@txstate.edu,,Targac,Titan,Male,3/26/2007,6,0,185,,,Usa,Texas,Pitcher,,,,,Collegiate,Left,Switch,,4:36:36,America/chicago,Fresh - Quick,,,106.9,197.8,58.8,0.31,Normal,48.2,0.26,Normal,36.9,0.19,Normal,53.9,0.29,Normal,0.81, , , , , , , , , , , , , , , , , ,57.1,58.8, ,58.8, , , , ,48.2,43.3, ,48.2, , , , ,36.9,34, ,36.9, , , , ,53.9,49.7, ,53.9, , , , , , , , , , , , , ,75, ,130, ,205, ,223, ,,, , ,,Yes, , , , , , 
10/31/2025,Dxt24@txstate.edu,,Targac,Titan,Male,3/26/2007,6,0,185,,,Usa,Texas,Pitcher,,,,,Collegiate,Left,Switch,,4:25:52,America/chicago,Fresh - Quick,,,96.4,178.4,51.3,0.27,Normal,48,0.25,Normal,35.8,0.19,Normal,43.3,0.23,Watch,0.93, , , , , , , , , , , , , , , , , ,48.5,51.3, ,51.3, , , , ,48,44.3, ,48, , , , ,34.9,35.8, ,35.8, , , , ,43.3,41.7, ,43.3, , , , , , , , , , , , , ,80, ,135, ,215, ,220, ,,, , ,,Yes, , , , , , 
10/28/2025,Dxt24@txstate.edu,,Targac,Titan,Male,3/26/2007,6,0,185,,,Usa,Texas,Pitcher,,,,,Collegiate,Left,Switch,,2:31:12,America/chicago,Fresh - Quick,,,98.5,182.2,50,0.27,Normal,43.6,0.23,Normal,37.4,0.2,Normal,51.2,0.27,Normal,0.87, , , , , , , , , , , , , , , , , ,50,46.5, ,50, , , , ,43.6,41.3, ,43.6, , , , ,37.4,33.3, ,37.4, , , , ,51.2,45.4, ,51.2, , , , , , , , , , , , , ,83, ,148, ,231, ,225, ,,, , ,,Yes, , , , , , 
10/21/2025,Dxt24@txstate.edu,,Targac,Titan,Male,3/26/2007,6,0,185,,,Usa,Texas,Pitcher,,,,,Collegiate,Left,Switch,,3:30:56,America/chicago,Fresh - Quick,,,94.1,174.1,53.1,0.28,Normal,42.4,0.22,Normal,35.3,0.19,Watch,43.3,0.23,Normal,0.79, , , , , , , , , , , , , , , , , ,48.2,53.1, ,53.1, , , , ,42.4,42.4, ,42.4, , , , ,35.3,34.7, ,35.3, , , , ,43.3,38.9, ,43.3, , , , , , , , , , , , , ,74, ,132, ,206, ,219, ,,, , ,,Yes, , , , , , 
10/21/2025,Dxt24@txstate.edu,,Targac,Titan,Male,3/26/2007,6,0,185,,,Usa,Texas,Pitcher,,,,,Collegiate,Left,Switch,,4:30:21,America/chicago,Post,,, , , , , , , , , , , , , , , , , ,148.9,-25.2,85.5,43.8,-9.3,82.4,35.2,-7.2,83,32.5,-2.8,92,37.4,-5.9,86.3,43.8,42.1, ,43.8, , , , ,35,40.4,35.2,35.2, , , , ,32.5,31, ,32.5, , , , ,37.2,37.4, ,37.4, , , , , , , , , , , , , ,72, ,142, ,214, ,205, , , , , , , ,Yes,Bullpen, ,32, ,8
10/14/2025,Dxt24@txstate.edu,,Targac,Titan,Male,3/26/2007,6,0,185,,,Usa,Texas,Pitcher,,,,,Collegiate,Left,Switch,,5:8:41,America/chicago,Fresh - Quick,,,103,190.5,52.9,0.28,Normal,47.9,0.25,Normal,41,0.22,Normal,48.7,0.26,Normal,0.9, , , , , , , , , , , , , , , , , ,52.2,52.9, ,52.9, , , , ,47.1,47.9, ,47.9, , , , ,39.5,41, ,41, , , , ,48.7,44.4, ,48.7, , , , , , , , , , , , , ,83, ,131, ,214, ,213, ,,, , ,,Yes, , , , , , 
10/14/2025,Dxt24@txstate.edu,,Targac,Titan,Male,3/26/2007,6,0,185,,,Usa,Texas,Pitcher,,,,,Collegiate,Left,Switch,,6:4:9,America/chicago,Post,,, , , , , , , , , , , , , , , , , ,176.1,-14.4,92.4,49.5,-3.4,93.5,46.6,-1.3,97.2,38.1,-2.9,92.9,41.9,-6.8,86,49.5,58.2,47.4,49.5, , , , ,46.6,43.1, ,46.6, , , , ,38.1,37.1, ,38.1, , , , ,41.9,39.1, ,41.9, , , , , , , , , , , , , ,61, ,119, ,180, ,202, , , , , , , ,Yes,Bullpen, , , ,5
10/11/2025,Dxt24@txstate.edu,,Targac,Titan,Male,3/26/2007,6,0,185,,,Usa,Texas,Pitcher,,,,,Collegiate,Left,Switch,,11:54:7,America/chicago,Fresh - Quick,,,98.9,183,53.7,0.29,Normal,45,0.24,Normal,39.4,0.21,Normal,44.9,0.24,Normal,0.83, , , , , , , , , , , , , , , , , ,48.5,53.7, ,53.7, , , , ,45,38,42.2,45, , , , ,39.4,37.7, ,39.4, , , , ,54.4,44.9,44.3,44.9, , , , , , , , , , , , , ,71, ,131, ,202, ,224, ,,, , ,,Yes, , , , , , 
10/11/2025,Dxt24@txstate.edu,,Targac,Titan,Male,3/26/2007,6,0,185,,,Usa,Texas,Pitcher,,,,,Collegiate,Left,Switch,,1:53:7,America/chicago,Post,,, , , , , , , , , , , , , , , , , ,191.5,8.5,104.6,54.5,0.8,101.4,45.4,0.4,100.8,40.9,1.5,103.8,50.7,5.8,112.9,52.1,54.5, ,54.5, , , , ,45.4,39.8, ,45.4, , , , ,40.9,37.9, ,40.9, , , , ,50.7,44.7, ,50.7, , , , , , , , , , , , , ,84, ,139, ,223, ,220, , , , , , , ,Yes,Pitch in game, , , ,8
10/08/2025,Dxt24@txstate.edu,,Targac,Titan,Male,3/26/2007,6,0,185,,,Usa,Texas,Pitcher,,,,,Collegiate,Left,Switch,,3:57:13,America/chicago,Fresh - Quick,,,93.6,173.1,48.8,0.26,Normal,40.5,0.21,Watch,40,0.21,Normal,43.8,0.23,Normal,0.82, , , , , , , , , , , , , , , , , ,48.8,46, ,48.8, , , , ,40.2,40.5, ,40.5, , , , ,40,36, ,40, , , , ,43.8,38.2, ,43.8, , , , , , , , , , , , , ,83, ,136, ,219, ,203, ,,, , ,,Yes, , , , , , 
10/08/2025,Dxt24@txstate.edu,,Targac,Titan,Male,3/26/2007,6,0,185,,,Usa,Texas,Pitcher,,,,,Collegiate,Left,Switch,,5:1:1,America/chicago,Post,,, , , , , , , , , , , , , , , , , ,165.5,-7.6,95.6,47.9,-0.9,98.1,39.4,-1.1,97.2,36.4,-3.6,91,41.8,-2,95.4,43.3,47.9, ,47.9, , , , ,39.4,38.7, ,39.4, , , , ,36.4,33.9, ,36.4, , , , ,48,36.4,41.8,41.8, , , , , , , , , , , , , ,74, ,134, ,208, ,207, , , , , , , ,Yes,Bullpen, , , ,5
10/01/2025,Dxt24@txstate.edu,,Targac,Titan,Male,3/26/2007,6,0,185,,,Usa,Texas,Pitcher,,,,,Collegiate,Left,Switch,,4:2:7,America/chicago,Fresh - Quick,,,95.7,177.1,50.2,0.27,Normal,43.3,0.23,Normal,40.8,0.22,Normal,42.8,0.23,Watch,0.86, , , , , , , , , , , , , , , , , ,45.3,50.2, ,50.2, , , , ,43.3,41, ,43.3, , , , ,40.8,37.8, ,40.8, , , , ,42.8,41.9, ,42.8, , , , , , , , , , , , , ,82, ,138, ,220, ,201, ,,, , ,,Yes, , , , , , 
09/26/2025,Dxt24@txstate.edu,,Targac,Titan,Male,3/26/2007,6,0,185,,,Usa,Texas,Pitcher,,,,,Collegiate,Left,Switch,,12:53:11,America/chicago,Fresh - Quick,,,91.5,169.2,48.8,0.26,Normal,40.5,0.21,Watch,35.6,0.19,Normal,44.3,0.23,Normal,0.82, , , , , , , , , , , , , , , , , ,48.8,46.2, ,48.8, , , , ,39.2,47,40.5,40.5, , , , ,34.6,35.6, ,35.6, , , , ,44.3,42.2, ,44.3, , , , , , , , , , , , , ,87, ,145, ,232, ,209, ,,, , ,,Yes, , , , , , 
09/23/2025,Dxt24@txstate.edu,,Targac,Titan,Male,3/26/2007,6,0,185,,,Usa,Texas,Pitcher,,,,,Collegiate,Left,Switch,,1:34:34,America/chicago,Fresh - Quick,,,99.8,184.6,49.1,0.26,Normal,44.4,0.24,Normal,41.8,0.22,Normal,49.3,0.26,Normal,0.9, , , , , , , , , , , , , , , , , ,41.9,49.1,48,49.1, , , , ,42.7,44.4, ,44.4, , , , ,41.5,41.8, ,41.8, , , , ,49.3,44.4, ,49.3, , , , , , , , , , , , , ,83, ,136, ,219, ,207, ,,, , ,,Yes, , , , , , 
09/23/2025,Dxt24@txstate.edu,,Targac,Titan,Male,3/26/2007,6,0,185,,,Usa,Texas,Pitcher,,,,,Collegiate,Left,Switch,,2:40:24,America/chicago,Post,,, , , , , , , , , , , , , , , , , ,154.8,-29.8,83.8,44.7,-4.4,91,36.4,-8,81.9,32.5,-9.3,77.7,41.2,-8.1,83.5,44.7,41.4, ,44.7, , , , ,36.1,36.4, ,36.4, , , , ,32.5,31.5, ,32.5, , , , ,49.8,41.2,37.2,41.2, , , , , , , , , , , , , ,81, ,133, ,214, ,215, , , , , , , ,Yes,Bullpen, , , ,7
09/19/2025,Dxt24@txstate.edu,,Targac,Titan,Male,3/26/2007,6,0,185,,,Usa,Texas,Pitcher,,,,,Collegiate,Left,Switch,,1:45:46,America/chicago,Fresh - Quick,,,103.6,191.6,50.2,0.27,Normal,49.3,0.26,Normal,40.8,0.22,Normal,51.3,0.27,Normal,0.98, , , , , , , , , , , , , , , , , ,49.5,50.2, ,50.2, , , , ,49.3,44.4, ,49.3, , , , ,40.7,40.8, ,40.8, , , , ,50.8,51.3, ,51.3, , , , , , , , , , , , , ,84, ,130, ,214, ,201, ,,, , ,,Yes, , , , , , 
09/16/2025,Dxt24@txstate.edu,,Targac,Titan,Male,3/26/2007,6,0,185,,,Usa,Texas,Pitcher,,,,,Collegiate,Left,Switch,,1:43:28,America/chicago,Fresh - Quick,,,102.4,189.5,50.5,0.27,Normal,49.4,0.26,Normal,42.5,0.22,Normal,47.1,0.25,Normal,0.97, , , , , , , , , , , , , , , , , ,48.8,50.5, ,50.5, , , , ,43.3,49.4, ,49.4, , , , ,41.3,42.5, ,42.5, , , , ,47.1,45.4, ,47.1, , , , , , , , , , , , , ,78, ,130, ,208, ,210, ,,, , ,,Yes, , , , , , 
09/11/2025,Dxt24@txstate.edu,,Targac,Titan,Male,3/26/2007,6,0,185,,,Usa,Texas,Pitcher,,,,,Collegiate,Left,Switch,,1:15:32,America/chicago,Fresh - Quick,,,93.7,173.3,51.5,0.27,Normal,40.5,0.21,Normal,36.3,0.19,Normal,45,0.24,Normal,0.78, , , , , , , , , , , , , , , , , ,50.1,51.5, ,51.5, , , , ,40.5,38.9, ,40.5, , , , ,36.3,34.6, ,36.3, , , , ,43.4,45, ,45, , , , , , , , , , , , , ,85, ,128, ,213, ,209, ,,, , ,,Yes, , , , , , 
09/04/2025,Dxt24@txstate.edu,,Targac,Titan,Male,3/26/2007,6,0,185,,,Usa,Texas,Pitcher,,,,,Collegiate,Left,Switch,,1:43:53,America/chicago,Fresh - Quick,,,103.4,191.3,50.7,0.27,Normal,46,0.24,Normal,43.1,0.23,Normal,51.5,0.27,Normal,0.9, , , , , , , , , , , , , , , , , ,49.8,50.7, ,50.7, , , , ,46,44.9, ,46, , , , ,43.1,43, ,43.1, , , , ,46.5,51.5, ,51.5, , , , , , , , , , , , , ,64, ,133, ,197, ,202, ,,, , ,,Yes, , , , , , 
09/04/2025,Dxt24@txstate.edu,,Targac,Titan,Male,3/26/2007,6,0,185,,,Usa,Texas,Pitcher,,,,,Collegiate,Left,Switch,,2:52:47,America/chicago,Post,,, , , , , , , , , , , , , , , , , ,146.4,-44.9,76.5,43.8,-6.9,86.3,31.6,-14.4,68.6,34.1,-9,79.1,36.9,-14.6,71.6,43.8,41.7, ,43.8, , , , ,31.6,30.9, ,31.6, , , , ,34.1,27.8,31.7,34.1, , , , ,36.9,36.3, ,36.9, , , , , , , , , , , , , ,76, ,131, ,207, ,199, , , , , , , ,Yes,Bullpen, ,23, ,7
08/29/2025,Dxt24@txstate.edu,,Targac,Titan,Male,3/26/2007,6,0,185,,,Usa,Texas,Pitcher,,,,,Collegiate,Left,Switch,,12:15:20,America/chicago,Fresh - Full,,,74.8,138.4,41.3,0.22,Normal,27.8,0.15,Normal,27.8,0.15,Normal,41.5,0.22,Normal,0.67, , , , , , , , , , , , , , , , , ,31.1,41.3,36.3,41.3,38.9,45.5,36.1,38.9,35,25.5,27.8,27.8,32.7,34.6, ,34.6,27.7,27.8, ,27.8,32.1,31, ,32.1,41.5,36.4, ,41.5,37.7,34.2, ,37.7, , , , , , , , , ,71,82,111,91,182,173,185,187,,, , ,,Yes, , , , , , 
09/28/2026,Kur23@txstate.edu,,Smith,Cade,Male,11/14/2004,6,3,216,,,Usa,Texas,Pitcher,,,,,Collegiate,Right,Right,,2:38:16,America/chicago,Fresh - Quick,ACTIV5-AP-7718,not_eligible,102.5,221.4,63.7,0.29,Normal,62.8,0.29,Normal,46.2,0.21,Normal,48.7,0.22,Normal,0.98, , , , , , , , , , , , , , , , , ,63.7,58.7, ,63.7, , , , ,59.8,62.8, ,62.8, , , , ,46.2,45.7, ,46.2, , , , ,48.7,46.9, ,48.7, , , , , , , , , , , , , , , , , , , , , ,,, , ,,Yes, , , , , , 
09/28/2026,Kur23@txstate.edu,,Smith,Cade,Male,11/14/2004,6,3,216,,,Usa,Texas,Pitcher,,,,,Collegiate,Right,Right,,3:35:5,America/chicago,Post,ACTIV5-AP-7718,not_eligible, , , , , , , , , , , , , , , , , ,223.5,2.1,100.9,65.7,2,103.1,63.4,0.6,100.9,48.7,2.5,105.4,45.7,-3,93.8,62.6,65.7, ,65.7, , , , ,60.8,63.4, ,63.4, , , , ,48.7,46, ,48.7, , , , ,45.7,45.7, ,45.7, , , , , , , , , , , , , , , , , , , , , , , , , , , ,Yes,Bullpen, ,23, ,7
09/25/2026,Kur23@txstate.edu,,Smith,Cade,Male,11/14/2004,6,3,210,,,Usa,Texas,Pitcher,,,,,Collegiate,Right,Right,,2:4:7,America/chicago,Fresh - Quick,ACTIV5-AP-7735,not_eligible,99.6,209.1,64.3,0.29,Watch,58.7,0.27,Normal,43.2,0.2,Normal,42.9,0.19,Normal,0.91, , , , , , , , , , , , , , , , , ,64.3,63.2, ,64.3, , , , ,58.7,56, ,58.7, , , , ,42.9,43.2, ,43.2, , , , ,42.9,39.9, ,42.9, , , , , , , , , , , , , , , , , , , , , ,,, , ,,Yes, , , , , , 
09/10/2026,Kur23@txstate.edu,,Smith,Cade,Male,11/14/2004,6,3,210,,,Usa,Texas,Pitcher,,,,,Collegiate,Right,Right,,1:54:42,America/chicago,Fresh - Quick,ACTIV5-AP-7735,not_eligible,103,216.3,65.8,0.3,Normal,63.3,0.29,Normal,43.8,0.2,Normal,43.4,0.2,Normal,0.96, , , , , , , , , , , , , , , , , ,65.8,64.8, ,65.8, , , , ,61.4,63.3, ,63.3, , , , ,43.2,43.8, ,43.8, , , , ,40.5,43.4, ,43.4, , , , , , , , , , , , , , , , , , , , , ,,, , ,,Yes, , , , , , 
09/10/2026,Kur23@txstate.edu,,Smith,Cade,Male,11/14/2004,6,3,210,,,Usa,Texas,Pitcher,,,,,Collegiate,Right,Right,,3:24:43,America/chicago,Post,ACTIV5-AP-7735,not_eligible, , , , , , , , , , , , , , , , , ,216.4,0.1,100,69.4,3.6,105.4,61.4,-1.9,96.9,44.5,0.7,101.5,41.1,-2.3,94.7,68.9,69.4, ,69.4, , , , ,61.4,55.5, ,61.4, , , , ,44.5,41, ,44.5, , , , ,40.2,41.1, ,41.1, , , , , , , , , , , , , , , , , , , , , , , , , , , ,Yes,Velo day, , ,26-50,10
08/31/2026,Kur23@txstate.edu,,Smith,Cade,Male,11/14/2004,6,3,210,,,Usa,Texas,Pitcher,,,,,Collegiate,Right,Right,,2:3:26,America/chicago,Fresh - Quick,ACTIV5-AP-7735,not_eligible,102.7,215.6,65.4,0.3,Normal,62,0.28,Normal,47.1,0.21,Normal,41.1,0.19,Normal,0.94, , , , , , , , , , , , , , , , , ,65.4,64.1, ,65.4, , , , ,61.8,62, ,62, , , , ,47.1,41.4, ,47.1, , , , ,41.1,40.8, ,41.1, , , , , , , , , , , , , ,105, ,130, ,235, ,204, ,,, , ,,Yes, , , , , , 
05/27/2026,Kur23@txstate.edu,,Smith,Cade,Male,11/14/2004,6,3,210,,,Usa,Texas,Pitcher,,,,,Collegiate,Right,Right,,2:8:29,America/chicago,Post,,not_eligible, , , , , , , , , , , , , , , , , ,204.3,-26.6,88.4,59.3,-17.7,77,59.4,-4.3,93.2,42.6, ,100,43,-4.6,90.3,59.2,59.3, ,59.3, , , , ,59.4,59.3, ,59.4, , , , ,42.6,41.6, ,42.6, , , , ,43,41.5, ,43, , , , , , , , , , , , , ,121, ,139, ,260, ,230, , , , , , , ,Yes,Bullpen, ,30, ,8
05/13/2026,Kur23@txstate.edu,,Smith,Cade,Male,11/14/2004,6,3,210,,,Usa,Texas,Pitcher,,,,,Collegiate,Right,Right,,4:50:50,America/chicago,Post,,not_eligible, , , , , , , , , , , , , , , , , ,207.5,-23.4,89.8,60.3,-16.7,78.3,60.1,-3.6,94.3,45.4,2.8,106.5,41.7,-5.9,87.6,60,60.3, ,60.3, , , , ,58.8,60.1, ,60.1, , , , ,45.4,43.7, ,45.4, , , , ,39,41.7, ,41.7, , , , , , , , , , , , , ,103, ,121, ,224, ,222, , , , , , , ,Yes,Regular throw,20, , ,8
05/06/2026,Kur23@txstate.edu,,Smith,Cade,Male,11/14/2004,6,3,210,,,Usa,Texas,Pitcher,,,,,Collegiate,Right,Right,,3:59:17,America/chicago,Fresh - Quick,,not_eligible,110,230.9,77,0.35,Normal,63.7,0.29,Normal,42.6,0.19,Normal,47.6,0.22,Normal,0.82, , , , , , , , , , , , , , , , , ,77,75.8, ,77, , , , ,62.4,63.7, ,63.7, , , , ,42.6,41.2, ,42.6, , , , ,47.6,47.5, ,47.6, , , , , , , , , , , , , ,121, ,127, ,248, ,202, ,,, , ,,Yes, , , , , , 
05/06/2026,Kur23@txstate.edu,,Smith,Cade,Male,11/14/2004,6,3,210,,,Usa,Texas,Pitcher,,,,,Collegiate,Right,Right,,4:36:10,America/chicago,Post,,not_eligible, , , , , , , , , , , , , , , , , ,203.9,-27,88.3,62,-15,80.5,58.2,-5.5,91.3,41.8,-0.8,98.1,41.9,-5.7,88,62,61.7, ,62, , , , ,58.2,57.3, ,58.2, , , , ,41.8,38.6, ,41.8, , , , ,39.4,41.9, ,41.9, , , , , , , , , , , , , ,116, ,131, ,247, ,234, , , , , , , ,Yes,Bullpen, ,20, ,7
04/29/2026,Kur23@txstate.edu,,Smith,Cade,Male,11/14/2004,6,3,210,,,Usa,Texas,Pitcher,,,,,Collegiate,Right,Right,,3:50:21,America/chicago,Fresh - Quick,,not_eligible,106.6,223.8,69.7,0.32,Normal,64.2,0.29,Normal,44.8,0.2,Normal,45.1,0.2,Normal,0.92, , , , , , , , , , , , , , , , , ,69.7,67.5, ,69.7, , , , ,64.2,61.8, ,64.2, , , , ,44.8,41.1, ,44.8, , , , ,45.1,43.8, ,45.1, , , , , , , , , , , , , ,103, ,118, ,221, ,220, ,,, , ,,Yes, , , , , , 
04/15/2026,Kur23@txstate.edu,,Smith,Cade,Male,11/14/2004,6,3,210,,,Usa,Texas,Pitcher,,,,,Collegiate,Right,Right,,3:46:55,America/chicago,Fresh - Quick,,not_eligible,101.8,213.7,67.3,0.31,Normal,57.1,0.26,Normal,42.1,0.19,Normal,47.2,0.21,Normal,0.84, , , , , , , , , , , , , , , , , ,66.4,67.3, ,67.3, , , , ,57.1,55.4, ,57.1, , , , ,42.1,39.7, ,42.1, , , , ,47.2,43.2, ,47.2, , , , , , , , , , , , , ,102, ,144, ,246, ,233, ,,, , ,,Yes, , , , , , 
04/15/2026,Kur23@txstate.edu,,Smith,Cade,Male,11/14/2004,6,3,210,,,Usa,Texas,Pitcher,,,,,Collegiate,Right,Right,,4:22:34,America/chicago,Post,,not_eligible, , , , , , , , , , , , , , , , , ,204,-9.7,95.4,64.4,-2.9,95.6,56.5,-0.6,98.9,37.7,-4.4,89.5,45.4,-1.8,96.1,61.4,64.4, ,64.4, , , , ,54.6,56.5, ,56.5, , , , ,37.7,37.1, ,37.7, , , , ,45.4,43.8, ,45.4, , , , , , , , , , , , , ,125, ,138, ,263, ,223, , , , , , , ,Yes,Bullpen, ,25, ,8
04/13/2026,Kur23@txstate.edu,,Smith,Cade,Male,11/14/2004,6,3,210,,,Usa,Texas,Pitcher,,,,,Collegiate,Right,Right,,3:34:51,America/chicago,Fresh - Quick,,not_eligible,94,197.3,60.3,0.27,Normal,59,0.27,Normal,40.5,0.18,Normal,37.5,0.17,Watch,0.97, , , , , , , , , , , , , , , , , ,59.2,60.3, ,60.3, , , , ,53.8,59, ,59, , , , ,40.5,39.1, ,40.5, , , , ,36.8,37.5, ,37.5, , , , , , , , , , , , , ,125, ,137, ,262, ,212, ,,, , ,,Yes, , , , , , 
04/06/2026,Kur23@txstate.edu,,Smith,Cade,Male,11/14/2004,6,3,210,,,Usa,Texas,Pitcher,,,,,Collegiate,Right,Right,,3:46:22,America/chicago,Fresh - Quick,,not_eligible,97.5,204.7,63.7,0.29,Normal,58.2,0.26,Normal,42.6,0.19,Normal,40.2,0.18,Normal,0.91, , , , , , , , , , , , , , , , , ,63.7,62.7, ,63.7, , , , ,58.2,57.9, ,58.2, , , , ,41.6,42.6, ,42.6, , , , ,40.2,36.9, ,40.2, , , , , , , , , , , , , ,98, ,140, ,238, ,219, ,,, , ,,Yes, , , , , , 
04/02/2026,Kur23@txstate.edu,,Smith,Cade,Male,11/14/2004,6,3,210,,,Usa,Texas,Pitcher,,,,,Collegiate,Right,Right,,6:17:9,America/chicago,Fresh - Quick,,not_eligible,100.9,211.9,65.9,0.3,Normal,56.3,0.26,Normal,44.6,0.2,Normal,45.1,0.2,Normal,0.85, , , , , , , , , , , , , , , , , ,65.9,64.9, ,65.9, , , , ,54.7,56.3, ,56.3, , , , ,44.6,41.1, ,44.6, , , , ,40,45.1, ,45.1, , , , , , , , , , , , , ,110, ,125, ,235, ,227, ,,, , ,,Yes, , , , , , 
03/23/2026,Kur23@txstate.edu,,Smith,Cade,Male,11/14/2004,6,3,210,,,Usa,Texas,Pitcher,,,,,Collegiate,Right,Right,,2:18:11,America/chicago,Fresh - Quick,,not_eligible,95.4,200.4,62,0.28,Normal,55.5,0.25,Normal,39.7,0.18,Normal,43.2,0.2,Normal,0.89, , , , , , , , , , , , , , , , , ,61.5,62, ,62, , , , ,51.5,55.5, ,55.5, , , , ,38.8,39.7, ,39.7, , , , ,43.2,38, ,43.2, , , , , , , , , , , , , ,128, ,122, ,250, ,223, ,,, , ,,Yes, , , , , , 
03/16/2026,Kur23@txstate.edu,,Smith,Cade,Male,11/14/2004,6,3,210,,,Usa,Texas,Pitcher,,,,,Collegiate,Right,Right,,2:31:5,America/chicago,Fresh - Quick,,not_eligible,93.5,196.3,64,0.29,Normal,53.2,0.24,Normal,40.6,0.18,Normal,38.5,0.17,Warning,0.83, , , , , , , , , , , , , , , , , ,63.8,64, ,64, , , , ,53.2,50.6, ,53.2, , , , ,40.5,40.6, ,40.6, , , , ,45.6,38.5,38.5,38.5, , , , , , , , , , , , , ,110, ,136, ,246, ,231, ,,, , ,,Yes, , , , , , 
03/03/2026,Kur23@txstate.edu,,Smith,Cade,Male,11/14/2004,6,3,210,,,Usa,Texas,Pitcher,,,,,Collegiate,Right,Right,,1:20:6,America/chicago,Fresh - Quick,,not_eligible,97,203.8,60.4,0.27,Normal,56.5,0.26,Normal,41.5,0.19,Normal,45.4,0.21,Normal,0.93, , , , , , , , , , , , , , , , , ,60.4,60.4, ,60.4, , , , ,53.8,56.5, ,56.5, , , , ,41.5,37.7, ,41.5, , , , ,45.4,42.7, ,45.4, , , , , , , , , , , , , ,113, ,134, ,247, ,245, ,,, , ,,Yes, , , , , , 
02/11/2026,Kur23@txstate.edu,,Smith,Cade,Male,11/14/2004,6,3,210,,,Usa,Texas,Pitcher,,,,,Collegiate,Right,Right,,4:41:30,America/chicago,Fresh - Quick,,not_eligible,101.9,214,65.9,0.3,Normal,56.5,0.26,Normal,41.4,0.19,Normal,50.2,0.23,Normal,0.85, , , , , , , , , , , , , , , , , ,65.9,64.1, ,65.9, , , , ,56.5,56.2, ,56.5, , , , ,41.4,39.7, ,41.4, , , , ,50.2,44.9, ,50.2, , , , , , , , , , , , , ,107, ,132, ,239, ,252, ,,, , ,,Yes, , , , , , 
02/11/2026,Kur23@txstate.edu,,Smith,Cade,Male,11/14/2004,6,3,210,,,Usa,Texas,Pitcher,,,,,Collegiate,Right,Right,,5:48:0,America/chicago,Post,,not_eligible, , , , , , , , , , , , , , , , , ,204.2,-9.8,95.4,60.7,-5.2,92.1,55.4,-1.1,98,39.4,-2,95.1,48.7,-1.5,97,60.7,56.6, ,60.7, , , , ,55.4,50.1, ,55.4, , , , ,39.4,37.5, ,39.4, , , , ,48.2,48.7, ,48.7, , , , , , , , , , , , , ,108, ,143, ,251, ,228, , , , , , , ,Yes,Bullpen, ,23, ,7
02/04/2026,Kur23@txstate.edu,,Smith,Cade,Male,11/14/2004,6,3,210,,,Usa,Texas,Pitcher,,,,,Collegiate,Right,Right,,2:19:7,America/chicago,Fresh - Quick,,not_eligible,98.2,206.2,62.1,0.28,Normal,54.4,0.25,Normal,40.7,0.18,Normal,49,0.22,Normal,0.87, , , , , , , , , , , , , , , , , ,61.1,62.1, ,62.1, , , , ,54.4,53.4, ,54.4, , , , ,40.7,39, ,40.7, , , , ,47.5,49, ,49, , , , , , , , , , , , , ,125, ,148, ,273, ,219, ,,, , ,,Yes, , , , , , 
02/04/2026,Kur23@txstate.edu,,Smith,Cade,Male,11/14/2004,6,3,210,,,Usa,Texas,Pitcher,,,,,Collegiate,Right,Right,,3:28:28,America/chicago,Post,,not_eligible, , , , , , , , , , , , , , , , , ,198.9,-7.3,96.4,62.8,0.7,101.1,53.1,-1.3,97.6,37.9,-2.8,93.1,45.1,-3.9,92,62.8,56.2, ,62.8, , , , ,53.1,50.2, ,53.1, , , , ,36.7,37.9, ,37.9, , , , ,45.1,43.7, ,45.1, , , , , , , , , , , , , ,137, ,143, ,280, ,232, , , , , , , ,Yes,Velo day, , ,26-50,10
01/30/2026,Kur23@txstate.edu,,Smith,Cade,Male,11/14/2004,6,3,210,,,Usa,Texas,Pitcher,,,,,Collegiate,Right,Right,,2:2:42,America/chicago,Fresh - Quick,,not_eligible,96,201.6,62.7,0.29,Normal,55.1,0.25,Normal,40.2,0.18,Normal,43.6,0.2,Normal,0.87, , , , , , , , , , , , , , , , , ,62.7,58.5, ,62.7, , , , ,54.5,55.1, ,55.1, , , , ,40.2,39.2, ,40.2, , , , ,43.6,42.9, ,43.6, , , , , , , , , , , , , ,123, ,141, ,264, ,230, ,,, , ,,Yes, , , , , , 
01/30/2026,Kur23@txstate.edu,,Smith,Cade,Male,11/14/2004,6,3,210,,,Usa,Texas,Pitcher,,,,,Collegiate,Right,Right,,4:56:58,America/chicago,Post,,not_eligible, , , , , , , , , , , , , , , , , ,219.5,17.9,108.8,70.1,7.4,111.8,60.1,5,109,44.3,4.1,110.1,45,1.4,103.2,68.6,70.1, ,70.1, , , , ,58.9,60.1, ,60.1, , , , ,44.3,42.5, ,44.3, , , , ,45,44.1, ,45, , , , , , , , , , , , , ,178, ,163, ,341, ,238, , , , , , , ,Yes,Pitch in game, ,50, ,9
01/23/2026,Kur23@txstate.edu,,Smith,Cade,Male,11/14/2004,6,3,210,,,Usa,Texas,Pitcher,,,,,Collegiate,Right,Right,,3:10:41,America/chicago,Fresh - Quick,,not_eligible,97,203.8,62.8,0.29,Normal,52,0.24,Watch,44,0.2,Normal,45,0.2,Normal,0.82, , , , , , , , , , , , , , , , , ,60.9,62.8, ,62.8, , , , ,52,51.8, ,52, , , , ,44,42.7, ,44, , , , ,45,42.2, ,45, , , , , , , , , , , , , ,107, ,125, ,232, ,246, ,,, , ,,Yes, , , , , , 
01/23/2026,Kur23@txstate.edu,,Smith,Cade,Male,11/14/2004,6,3,210,,,Usa,Texas,Pitcher,,,,,Collegiate,Right,Right,,1:5:21,America/chicago,Fresh - Quick,,not_eligible,107.1,225,71.6,0.33,Normal,61.8,0.28,Normal,45.4,0.21,Normal,46.2,0.21,Normal,0.86, , , , , , , , , , , , , , , , , ,66.3,71.6, ,71.6, , , , ,61.8,57.4, ,61.8, , , , ,39.7,45.4, ,45.4, , , , ,41.5,46.2, ,46.2, , , , , , , , , , , , , ,125, ,123, ,248, ,215, ,,, , ,,Yes, , , , , , 
01/15/2026,Kur23@txstate.edu,,Smith,Cade,Male,11/14/2004,6,3,210,,,Usa,Texas,Pitcher,,,,,Collegiate,Right,Right,,2:0:2,America/chicago,Fresh - Quick,,not_eligible,100.4,210.8,65,0.3,Normal,56.8,0.26,Normal,42.6,0.19,Normal,46.4,0.21,Normal,0.87, , , , , , , , , , , , , , , , , ,65,61.3, ,65, , , , ,56.8,56.7, ,56.8, , , , ,42.4,42.6, ,42.6, , , , ,45.5,46.4, ,46.4, , , , , , , , , , , , , ,106, ,127, ,233, ,227, ,,, , ,,Yes, , , , , , 
01/15/2026,Kur23@txstate.edu,,Smith,Cade,Male,11/14/2004,6,3,210,,,Usa,Texas,Pitcher,,,,,Collegiate,Right,Right,,3:21:12,America/chicago,Post,,not_eligible, , , , , , , , , , , , , , , , , ,197.3,-13.5,93.5,57.6,-7.4,88.6,51.4,-5.4,90.4,44.1,1.5,103.5,44.2,-2.2,95.2,55.6,57.6, ,57.6, , , , ,48.8,51.4, ,51.4, , , , ,44.1,40.7, ,44.1, , , , ,44.2,43.7, ,44.2, , , , , , , , , , , , , ,120, ,115, ,235, ,224, , , , , , , ,Yes,Bullpen, ,50, ,9
01/12/2026,Kur23@txstate.edu,,Smith,Cade,Male,11/14/2004,6,3,210,,,Usa,Texas,Pitcher,,,,,Collegiate,Right,Right,,3:5:33,America/chicago,Fresh - Quick,,not_eligible,99.5,208.9,64.7,0.29,Normal,52.9,0.24,Normal,40,0.18,Normal,51.3,0.23,Normal,0.81, , , , , , , , , , , , , , , , , ,64.7,61.8, ,64.7, , , , ,52.9,49.4, ,52.9, , , , ,39.9,40, ,40, , , , ,48.8,51.3, ,51.3, , , , , , , , , , , , , ,113, ,134, ,247, ,233, ,,, , ,,Yes, , , , , , 
01/12/2026,Kur23@txstate.edu,,Smith,Cade,Male,11/14/2004,6,3,210,,,Usa,Texas,Pitcher,,,,,Collegiate,Right,Right,,4:1:10,America/chicago,Post,,not_eligible, , , , , , , , , , , , , , , , , ,199.8,-9.1,95.6,57.4,-7.3,88.7,53.8,0.9,101.7,44,4,110,44.6,-6.7,86.9,57.4,56.8, ,57.4, , , , ,53.8,50.5, ,53.8, , , , ,44,42.4, ,44, , , , ,44.6,43.4, ,44.6, , , , , , , , , , , , , ,112, ,132, ,244, ,228, , , , , , , ,Yes,Bullpen, ,30, ,7
11/03/2025,Kur23@txstate.edu,,Smith,Cade,Male,11/14/2004,6,3,210,,,Usa,Texas,Pitcher,,,,,Collegiate,Right,Right,,1:43:53,America/chicago,Fresh - Quick,,,99,208,63.4,0.29,Normal,61.5,0.28,Normal,41.3,0.19,Normal,41.8,0.19,Normal,0.97, , , , , , , , , , , , , , , , , ,63.4,62.8, ,63.4, , , , ,56.5,61.5, ,61.5, , , , ,41.3,39.7, ,41.3, , , , ,41.8,39.3, ,41.8, , , , , , , , , , , , , ,108, ,144, ,252, ,237, ,,, , ,,Yes, , , , , , 
11/03/2025,Kur23@txstate.edu,,Smith,Cade,Male,11/14/2004,6,3,210,,,Usa,Texas,Pitcher,,,,,Collegiate,Right,Right,,2:28:18,America/chicago,Post,,, , , , , , , , , , , , , , , , , ,194.8,-13.2,93.6,61.7,-1.7,97.3,54,-7.5,87.8,37.8,-3.5,91.5,41.3,-0.5,98.8,61.7,60.7, ,61.7, , , , ,50.7,54, ,54, , , , ,35.3,37.8, ,37.8, , , , ,41.3,39.5, ,41.3, , , , , , , , , , , , , ,116, ,139, ,255, ,236, , , , , , , ,Yes,Bullpen, ,21, ,7
10/28/2025,Kur23@txstate.edu,,Smith,Cade,Male,11/14/2004,6,3,210,,,Usa,Texas,Pitcher,,,,,Collegiate,Right,Right,,2:12:0,America/chicago,Fresh - Quick,,,96.9,203.5,60.8,0.28,Normal,59.6,0.27,Normal,42.8,0.19,Normal,40.3,0.18,Normal,0.98, , , , , , , , , , , , , , , , , ,60.8,60.1, ,60.8, , , , ,59.6,57.6, ,59.6, , , , ,39.6,42.8, ,42.8, , , , ,38.2,40.3, ,40.3, , , , , , , , , , , , , ,112, ,148, ,260, ,237, ,,, , ,,Yes, , , , , , 
10/20/2025,Kur23@txstate.edu,,Smith,Cade,Male,11/14/2004,6,3,210,,,Usa,Texas,Pitcher,,,,,Collegiate,Right,Right,,3:7:50,America/chicago,Fresh - Quick,,,99.2,208.4,65.2,0.3,Normal,55.2,0.25,Normal,42.6,0.19,Normal,45.4,0.21,Normal,0.84, , , , , , , , , , , , , , , , , ,65.2,64.8, ,65.2, , , , ,55.2,55.2, ,55.2, , , , ,42.2,42.6, ,42.6, , , , ,45.4,43.6, ,45.4, , , , , , , , , , , , , ,121, ,147, ,268, ,223, ,,, , ,,Yes, , , , , , 
10/20/2025,Kur23@txstate.edu,,Smith,Cade,Male,11/14/2004,6,3,210,,,Usa,Texas,Pitcher,,,,,Collegiate,Right,Right,,4:25:44,America/chicago,Post,,, , , , , , , , , , , , , , , , , ,197.4,-11,94.7,59.1,-6.1,90.6,55,-0.2,99.6,39.3,-3.3,92.2,44,-1.4,96.9,58.2,59.1, ,59.1, , , , ,52.1,55, ,55, , , , ,39.3,37.2, ,39.3, , , , ,44,39, ,44, , , , , , , , , , , , , ,107, ,137, ,244, ,231, , , , , , , ,Yes,Bullpen, ,25, ,8
10/14/2025,Kur23@txstate.edu,,Smith,Cade,Male,11/14/2004,6,3,210,,,Usa,Texas,Pitcher,,,,,Collegiate,Right,Right,,5:13:47,America/chicago,Fresh - Quick,,,94.5,198.4,64.2,0.29,Normal,52.7,0.24,Normal,40.4,0.18,Normal,41.1,0.19,Normal,0.82, , , , , , , , , , , , , , , , , ,64.2,63.8, ,64.2, , , , ,50,52.7, ,52.7, , , , ,40.2,40.4, ,40.4, , , , ,40.2,41.1, ,41.1, , , , , , , , , , , , , ,121, ,141, ,262, ,228, ,,, , ,,Yes, , , , , , 
10/14/2025,Kur23@txstate.edu,,Smith,Cade,Male,11/14/2004,6,3,210,,,Usa,Texas,Pitcher,,,,,Collegiate,Right,Right,,6:5:51,America/chicago,Post,,, , , , , , , , , , , , , , , , , ,200.3,1.9,100.9,61,-3.2,95,52.8,0.1,100.1,45.1,4.7,111.6,41.4,0.3,100.7,61,60.3, ,61, , , , ,52.8,52.3, ,52.8, , , , ,45.1,44.7, ,45.1, , , , ,41.4,41.3, ,41.4, , , , , , , , , , , , , ,109, ,130, ,239, ,229, , , , , , , ,Yes,Bullpen, ,25, ,8
10/10/2025,Kur23@txstate.edu,,Smith,Cade,Male,11/14/2004,6,3,210,,,Usa,Texas,Pitcher,,,,,Collegiate,Right,Right,,4:31:14,America/chicago,Fresh - Quick,,,98.5,206.8,62.3,0.28,Normal,61,0.28,Normal,44.7,0.2,Normal,38.8,0.17,Normal,0.97, , , , , , , , , , , , , , , , , ,60.6,62.3, ,62.3, , , , ,59,61, ,61, , , , ,43.3,44.7, ,44.7, , , , ,34.9,38.8, ,38.8, , , , , , , , , , , , , ,124, ,132, ,256, ,237, ,,, , ,,Yes, , , , , , 
10/10/2025,Kur23@txstate.edu,,Smith,Cade,Male,11/14/2004,6,3,210,,,Usa,Texas,Pitcher,,,,,Collegiate,Right,Right,,6:14:15,America/chicago,Post,,, , , , , , , , , , , , , , , , , ,204.2,-2.6,98.7,64.3,2,103.2,55.3,-5.7,90.6,42.1,-2.6,94.1,42.5,3.7,109.5,64.3,63.1, ,64.3, , , , ,50.1,55.3, ,55.3, , , , ,42.1,38.2, ,42.1, , , , ,42.5,38.5, ,42.5, , , , , , , , , , , , , ,133, ,150, ,283, ,250, , , , , , , ,Yes,Pitch in game, ,30, ,9
10/07/2025,Kur23@txstate.edu,,Smith,Cade,Male,11/14/2004,6,3,210,,,Usa,Texas,Pitcher,,,,,Collegiate,Right,Right,,5:13:37,America/chicago,Fresh - Quick,,,95.8,201.1,62.3,0.28,Normal,55.3,0.25,Normal,43.6,0.2,Normal,39.9,0.18,Normal,0.88, , , , , , , , , , , , , , , , , ,62.3,61.1, ,62.3, , , , ,55.3,53.1, ,55.3, , , , ,43.6,42.1, ,43.6, , , , ,39.9,36.2, ,39.9, , , , , , , , , , , , , ,161, ,160, ,321, ,239, ,,, , ,,Yes, , , , , , 
10/07/2025,Kur23@txstate.edu,,Smith,Cade,Male,11/14/2004,6,3,210,,,Usa,Texas,Pitcher,,,,,Collegiate,Right,Right,,6:35:11,America/chicago,Post,,, , , , , , , , , , , , , , , , , ,202.4,1.3,100.6,64,1.7,102.7,56.6,1.3,102.3,44.6,1,102.2,37.2,-2.7,93.2,64,58.8, ,64, , , , ,56.1,56.6, ,56.6, , , , ,44.1,44.6, ,44.6, , , , ,37.2,32.5, ,37.2, , , , , , , , , , , , , ,181, ,180, ,361, ,225, , , , , , , ,Yes,Bullpen, ,25, ,8
10/03/2025,Kur23@txstate.edu,,Smith,Cade,Male,11/14/2004,6,3,210,,,Usa,Texas,Pitcher,,,,,Collegiate,Right,Right,,4:15:23,America/chicago,Post,,, , , , , , , , , , , , , , , , , ,187.2,-10,94.9,57.9,-5.1,91.9,52.1,-4.6,91.8,45.6,4.5,110.9,31.6,-4.8,86.8,56,57.9, ,57.9, , , , ,52.1,50, ,52.1, , , , ,45.6,44.1, ,45.6, , , , ,31.6,31.6, ,31.6, , , , , , , , , , , , , ,177, ,132, ,309, ,226, , , , , , , ,Yes,Pitch in game, ,15, ,7
09/30/2025,Kur23@txstate.edu,,Smith,Cade,Male,11/14/2004,6,3,210,,,Usa,Texas,Pitcher,,,,,Collegiate,Right,Right,,2:11:48,America/chicago,Fresh - Quick,,,93.9,197.2,63,0.29,Normal,56.7,0.26,Normal,41.1,0.19,Normal,36.4,0.16,Normal,0.9, , , , , , , , , , , , , , , , , ,63,61.2, ,63, , , , ,56.7,55, ,56.7, , , , ,40.3,41.1, ,41.1, , , , ,35,36.4, ,36.4, , , , , , , , , , , , , ,113, ,141, ,254, ,229, ,,, , ,,Yes, , , , , , 
09/23/2025,Kur23@txstate.edu,,Smith,Cade,Male,11/14/2004,6,3,210,,,Usa,Texas,Pitcher,,,,,Collegiate,Right,Right,,1:12:34,America/chicago,Fresh - Quick,,,88.1,185,56.6,0.26,Normal,49.9,0.23,Normal,43.3,0.2,Normal,35.2,0.16,Normal,0.88, , , , , , , , , , , , , , , , , ,56.6,53.5, ,56.6, , , , ,49.9,47.5, ,49.9, , , , ,40.5,43.3, ,43.3, , , , ,35.1,35.2, ,35.2, , , , , , , , , , , , , ,122, ,134, ,256, ,225, ,,, , ,,Yes, , , , , , 
09/23/2025,Kur23@txstate.edu,,Smith,Cade,Male,11/14/2004,6,3,210,,,Usa,Texas,Pitcher,,,,,Collegiate,Right,Right,,2:21:27,America/chicago,Post,,, , , , , , , , , , , , , , , , , ,175.6,-9.4,94.9,55.1,-1.5,97.3,49.6,-0.3,99.3,39.6,-3.7,91.4,31.3,-3.9,88.9,55.1,52.7, ,55.1, , , , ,49.6,48.3, ,49.6, , , , ,37.7,39.6, ,39.6, , , , ,31.3,30.3, ,31.3, , , , , , , , , , , , , ,115, ,139, ,254, ,245, , , , , , , ,Yes,Bullpen, ,25, ,6
09/25/2026,Idr48@txstate.edu,,Carroll,Collier,Male,1/12/2008,6,2,180,,,Usa,Texas,Pitcher,,,,,Collegiate,Left,Left,,2:57:38,America/chicago,Fresh - Quick,ACTIV5-AP-7718,not_eligible,118.8,213.8,70.8,0.39,Normal,46.1,0.25,Normal,35.2,0.19,Normal,61.7,0.34,Normal,0.65,93,2.3, , , , , , , , , , , , , , , ,65,70.8, ,70.8, , , , ,46.1,45.7, ,46.1, , , , ,35.2,33.6, ,35.2, , , , ,61.7,55.7, ,61.7, , , , , , , , , , , , , , , , , , , , , ,,, , ,,Yes, , , , , , 
09/11/2026,Idr48@txstate.edu,,Carroll,Collier,Male,1/12/2008,6,2,180,,,Usa,Texas,Pitcher,,,,,Collegiate,Left,Left,,3:56:33,America/chicago,Fresh - Quick,ACTIV5-AP-7718,not_eligible,112.7,202.9,65.4,0.36,Normal,47.9,0.26,Normal,35,0.19,Normal,54.6,0.3,Normal,0.73,93,2.18, , , , , , , , , , , , , , , ,64.8,65.4, ,65.4, , , , ,47.9,45.8, ,47.9, , , , ,34,35, ,35, , , , ,53.7,54.6, ,54.6, , , , , , , , , , , , , , , , , , , , , ,,, , ,,Yes, , , , , , 
09/08/2026,Idr48@txstate.edu,,Carroll,Collier,Male,1/12/2008,6,2,180,,,Usa,Texas,Pitcher,,,,,Collegiate,Left,Left,,2:21:42,America/chicago,Fresh - Quick,ACTIV5-AO-9489,not_eligible,127.6,229.6,68.1,0.37,Normal,54.3,0.3,Normal,41.8,0.23,Normal,65.4,0.36,Normal,0.79,93,2.47, , , , , , , , , , , , , , , ,63.5,68.1, ,68.1, , , , ,54.3,50.9, ,54.3, , , , ,41.4,41.8, ,41.8, , , , ,65.4,61.4, ,65.4, , , , , , , , , , , , , , , , , , , , , ,,, , ,,Yes, , , , , , 
09/08/2026,Idr48@txstate.edu,,Carroll,Collier,Male,1/12/2008,6,2,180,,,Usa,Texas,Pitcher,,,,,Collegiate,Left,Left,,2:56:39,America/chicago,Post,ACTIV5-AO-9489,not_eligible, , , , , , , , , , , , , , , , , ,227.7,-1.9,99.1,64.8,-3.3,95.1,53.7,-0.6,98.8,40.4,-1.4,96.6,68.8,3.4,105.1,64.8,64, ,64.8, , , , ,52.2,53.7, ,53.7, , , , ,40.2,40.4, ,40.4, , , , ,68.8,63.4, ,68.8, , , , , , , , , , , , , , , , , , , , , , , , , , , ,Yes,Bullpen, ,20, ,6
09/01/2026,Idr48@txstate.edu,,Carroll,Collier,Male,1/12/2008,6,2,180,,,Usa,Texas,Pitcher,,,,,Collegiate,Left,Left,,3:42:14,America/chicago,Post,ACTIV5-AM-8707,not_eligible, , , , , , , , , , , , , , , , , ,197.6,57.1,140.6,48.5,8.7,121.8,49.3,8.7,121.4,38,5.4,116.5,61.8,34.3,224.7,48.5,47.9, ,48.5, , , , ,49.3,48.8, ,49.3, , , , ,38,37.2, ,38, , , , ,61.8,60.1, ,61.8, , , , , , , , , , , , , ,82, ,133, ,215, ,192, , , , , , , ,Yes,Bullpen, ,25, ,7
07/17/2026,Idr48@txstate.edu,,Carroll,Collier,Male,1/12/2008,6,2,180,,,Usa,Texas,Pitcher,,,,,Collegiate,Left,Left,,10:47:36,America/chicago,Fresh - Quick,ACTIV5-AP-7734,not_eligible,78.1,140.5,39.8,0.22,Normal,40.6,0.22,Normal,32.6,0.18,Normal,27.5,0.15,Normal,1.02,90,1.56, , , , , , , , , , , , , , , ,36.3,39.8, ,39.8, , , , ,40.2,40.6, ,40.6, , , , ,32.6,32.5, ,32.6, , , , ,24.4,27.5, ,27.5, , , , , , , , , , , , , ,80, ,133, ,213, ,190, ,,, , ,,Yes, , , , , , 
07/03/2026,Idr48@txstate.edu,,Carroll,Collier,Male,1/12/2008,6,2,180,,,Usa,Texas,Pitcher,,,,,Collegiate,Left,Left,,11:31:32,America/chicago,Fresh - Full,ACTIV5-AP-7734,not_eligible,55.8,100.5,27.2,0.15,Normal,21.5,0.11,Normal,28.8,0.16,Normal,23,0.12,Normal,0.79, , , , , , , , , , , , , , , , , ,24.8,27.2, ,27.2,25.9,27.2, ,27.2,21.5,20.9, ,21.5,30.5,30.5, ,30.5,26.1,28.8, ,28.8,26.7,25.9, ,26.7,23,23, ,23,23.6,24.4, ,24.4, , , , , , , , , ,77,79,132,131,209,210,183,188,,, , ,,Yes, , , , , , 
09/25/2026,Guy34@txstate.edu,,Shultz,Logan,Male,6/22/2007,6,1,185,,,Usa,Texas,Pitcher,,,,,Collegiate,Right,Right,,12:25:27,America/chicago,Fresh - Quick,ACTIV5-AM-8707,not_eligible,85.8,158.7,40.8,0.22,Normal,47.1,0.25,Normal,38.8,0.2,Normal,32,0.17,Normal,1.15, , , , , , , , , , , , , , , , , ,40.8,35.4,40.2,40.8, , , , ,47.1,43.8, ,47.1, , , , ,38.8,38.5, ,38.8, , , , ,31.6,32, ,32, , , , , , , , , , , , , , , , , , , , , ,,, , ,,Yes, , , , , , 
09/14/2026,Guy34@txstate.edu,,Shultz,Logan,Male,6/22/2007,6,1,185,,,Usa,Texas,Pitcher,,,,,Collegiate,Right,Right,,4:48:48,America/chicago,Fresh - Quick,ACTIV5-AP-7718,not_eligible,87.9,162.7,44.7,0.24,Normal,53,0.28,Normal,36.6,0.19,Normal,28.4,0.15,Normal,1.18, , , , , , , , , , , , , , , , , ,41.6,44.7, ,44.7, , , , ,51.2,53, ,53, , , , ,36.1,36.6, ,36.6, , , , ,38.9,28.4,24.8,28.4, , , , , , , , , , , , , , , , , , , , , ,,, , ,,Yes, , , , , , 
09/03/2026,Guy34@txstate.edu,,Shultz,Logan,Male,6/22/2007,6,1,185,,,Usa,Texas,Pitcher,,,,,Collegiate,Right,Right,,3:18:9,America/chicago,Fresh - Quick,ACTIV5-AM-8707,not_eligible,91.4,169,42.7,0.23,Normal,54.2,0.29,Normal,37.4,0.2,Normal,34.7,0.18,Normal,1.26, , , , , , , , , , , , , , , , , ,46.4,40.2,42.7,42.7, , , , ,54.2,51.3, ,54.2, , , , ,37.4,34.3, ,37.4, , , , ,34.7,30.2, ,34.7, , , , , , , , , , , , , , , , , , , , , ,,, , ,,No, , , , , , 
07/03/2026,Guy34@txstate.edu,,Shultz,Logan,Male,6/22/2007,6,1,185,,,Usa,Texas,Pitcher,,,,,Collegiate,Right,Right,,11:25:7,America/chicago,Fresh - Full,ACTIV5-AM-8707,not_eligible,78.9,146,37.7,0.2,Normal,45.4,0.24,Normal,33.6,0.18,Normal,29.3,0.15,Normal,1.2, , , , , , , , , , , , , , , , , ,37.7,36.6, ,37.7,47.4,47.7, ,47.7,45.4,41.7, ,45.4,33.5,28.5,35.2,35.2,32.2,33.6, ,33.6,25.9,25.5, ,25.9,29.3,28.6, ,29.3, , , , , , , , , , , , , ,81,93,138,119,219,212,198,186,,, , ,,Yes, , , , , , 
09/28/2026,Opl20@txstate.edu,,Stoval,Kortland,Male,5/28/2007,6,2,195,,,Usa,Texas,Pitcher,,,,,Collegiate,Left,Right,,3:6:11,America/chicago,Fresh - Quick,ACTIV5-AP-7718,not_eligible,87.6,170.9,53.7,0.27,Normal,42.9,0.22,Normal,33.2,0.17,Normal,41.1,0.21,Normal,0.79,93,1.84, , , , , , , , , , , , , , , ,53.7,52.3, ,53.7, , , , ,50.1,42.9,40,42.9, , , , ,33.2,32.5, ,33.2, , , , ,41.1,36.4, ,41.1, , , , , , , , , , , , , , , , , , , , , ,,, , ,,Yes, , , , , , 
09/25/2026,Opl20@txstate.edu,,Stoval,Kortland,Male,5/28/2007,6,2,195,,,Usa,Texas,Pitcher,,,,,Collegiate,Left,Right,,2:0:46,America/chicago,Fresh - Quick,ACTIV5-AP-7718,not_eligible,80.6,157.2,49.2,0.25,Normal,39.7,0.2,Normal,30.8,0.15,Normal,37.5,0.19,Normal,0.8,93,1.69, , , , , , , , , , , , , , , ,49.2,46.9, ,49.2, , , , ,39.7,38.5, ,39.7, , , , ,30.2,30.8, ,30.8, , , , ,37.5,34.7, ,37.5, , , , , , , , , , , , , , , , , , , , , ,,, , ,,Yes, , , , , , 
09/23/2026,Opl20@txstate.edu,,Stoval,Kortland,Male,5/28/2007,6,2,195,,,Usa,Texas,Pitcher,,,,,Collegiate,Left,Right,,5:46:58,America/chicago,Fresh - Quick,ACTIV5-AP-7718,not_eligible,83.7,163.3,54.3,0.27,Normal,43.9,0.22,Normal,29.9,0.15,Normal,35.2,0.18,Normal,0.8,93,1.76, , , , , , , , , , , , , , , ,48.9,54.3, ,54.3, , , , ,43.9,42.7, ,43.9, , , , ,29.8,29.9, ,29.9, , , , ,40.8,35.2,34.2,35.2, , , , , , , , , , , , , , , , , , , , , ,,, , ,,Yes, , , , , , 
09/14/2026,Opl20@txstate.edu,,Stoval,Kortland,Male,5/28/2007,6,2,195,,,Usa,Texas,Pitcher,,,,,Collegiate,Left,Right,,4:8:11,America/chicago,Fresh - Quick,ACTIV5-AP-7718,not_eligible,85.8,167.3,52.1,0.26,Normal,42.2,0.21,Normal,32.1,0.16,Normal,40.9,0.2,Normal,0.8,93,1.8, , , , , , , , , , , , , , , ,52.1,52.1, ,52.1, , , , ,41.1,42.2, ,42.2, , , , ,32.1,29.5, ,32.1, , , , ,40.9,39.4, ,40.9, , , , , , , , , , , , , , , , , , , , , ,,, , ,,Yes, , , , , , 
09/14/2026,Opl20@txstate.edu,,Stoval,Kortland,Male,5/28/2007,6,2,195,,,Usa,Texas,Pitcher,,,,,Collegiate,Left,Right,,4:44:25,America/chicago,Post,ACTIV5-AP-7718,not_eligible, , , , , , , , , , , , , , , , , ,159.7,-7.6,95.4,52,-0.1,99.8,39.2,-3,92.8,29.9,-2.2,93.1,38.6,-2.3,94.3,52,46.8, ,52, , , , ,39.2,37.1, ,39.2, , , , ,29.9,28.4, ,29.9, , , , ,38.6,38.5, ,38.6, , , , , , , , , , , , , , , , , , , , , , , , , , , ,Yes,Bullpen, ,17, ,7
09/10/2026,Opl20@txstate.edu,,Stoval,Kortland,Male,5/28/2007,6,2,195,,,Usa,Texas,Pitcher,,,,,Collegiate,Left,Right,,2:40:36,America/chicago,Fresh - Quick,ACTIV5-AP-7735,not_eligible,82.3,160.5,49.9,0.25,Normal,41.1,0.21,Normal,31.3,0.16,Normal,38.2,0.19,Normal,0.82,93,1.72, , , , , , , , , , , , , , , ,49.9,49.9, ,49.9, , , , ,41.1,38.9, ,41.1, , , , ,34.9,28.9,31.3,31.3, , , , ,37.3,38.2, ,38.2, , , , , , , , , , , , , , , , , , , , , ,,, , ,,Yes, , , , , , 
09/10/2026,Opl20@txstate.edu,,Stoval,Kortland,Male,5/28/2007,6,2,195,,,Usa,Texas,Pitcher,,,,,Collegiate,Left,Right,,4:6:0,America/chicago,Post,ACTIV5-AP-7735,not_eligible, , , , , , , , , , , , , , , , , ,162.7,2.2,101.3,47.7,-2.2,95.5,40.3,-0.8,98,32.1,0.8,102.5,42.6,4.4,111.5,47.7,45.3, ,47.7, , , , ,40.3,38.7, ,40.3, , , , ,31.4,32.1, ,32.1, , , , ,42.6,38.6, ,42.6, , , , , , , , , , , , , , , , , , , , , , , , , , , ,Yes,Velo day, , ,26-50,9
08/31/2026,Opl20@txstate.edu,,Stoval,Kortland,Male,5/28/2007,6,2,195,,,Usa,Texas,Pitcher,,,,,Collegiate,Left,Right,,2:36:38,America/chicago,Fresh - Quick,ACTIV5-AO-9489,not_eligible,85.9,167.6,51.2,0.26,Normal,43.8,0.22,Normal,33.5,0.17,Normal,39.1,0.2,Normal,0.85, , , , , , , , , , , , , , , , , ,47.6,51.2, ,51.2, , , , ,43.8,43.6, ,43.8, , , , ,33.5,30.6, ,33.5, , , , ,38.7,39.1, ,39.1, , , , , , , , , , , , , , , , , , , , , ,,, , ,,Yes, , , , , , 
07/29/2026,Opl20@txstate.edu,,Stoval,Kortland,Male,5/28/2007,6,2,195,,,Usa,Texas,Pitcher,,,,,Collegiate,Left,Right,,1:56:2,America/chicago,Fresh - Quick,ACTIV5-AP-7734,not_eligible,76.3,148.7,41.2,0.21,Normal,40.8,0.2,Normal,30.5,0.15,Normal,36.2,0.18,Normal,0.99, , , , , , , , , , , , , , , , , ,41.1,41.2, ,41.2, , , , ,40.8,37.7, ,40.8, , , , ,29.5,30.5, ,30.5, , , , ,36.2,35.9, ,36.2, , , , , , , , , , , , , ,92, ,121, ,213, ,196, ,,, , ,,, , , , , , 
07/27/2026,Opl20@txstate.edu,,Stoval,Kortland,Male,5/28/2007,6,2,195,,,Usa,Texas,Pitcher,,,,,Collegiate,Left,Right,,12:14:41,America/chicago,Fresh - Quick,ACTIV5-AP-7734,not_eligible,56.4,109.9,38,0.19,Normal, , ,Normal,34.9,0.17,Normal,37,0.18,Normal, , , , , , , , , , , , , , , , , , ,35.5,38, ,38, , , , , , , , , , , , ,34.9,32.9, ,34.9, , , , ,37,36.9, ,37, , , , , , , , , , , , , ,90, ,125, ,215, ,192, ,,, , ,,Yes, , , , , , 
07/17/2026,Opl20@txstate.edu,,Stoval,Kortland,Male,5/28/2007,6,2,195,,,Usa,Texas,Pitcher,,,,,Collegiate,Left,Right,,10:42:12,America/chicago,Fresh - Quick,ACTIV5-AP-7734,not_eligible,74.4,145.1,43.7,0.22,Normal,36.2,0.18,Normal,29.5,0.15,Normal,35.7,0.18,Normal,0.82, , , , , , , , , , , , , , , , , ,38.5,43.7, ,43.7, , , , ,36.2,35.6, ,36.2, , , , ,29.5,27.5, ,29.5, , , , ,34.4,35.7, ,35.7, , , , , , , , , , , , , ,76, ,117, ,193, ,206, ,,, , ,,Yes, , , , , , 
07/15/2026,Opl20@txstate.edu,,Stoval,Kortland,Male,5/28/2007,6,2,195,,,Usa,Texas,Pitcher,,,,,Collegiate,Left,Right,,1:41:11,America/chicago,Fresh - Quick,ACTIV5-AP-7718,not_eligible,65.3,127.3,33,0.16,Normal,31.6,0.16,Normal,28.9,0.14,Normal,33.8,0.17,Normal,0.95, , , , , , , , , , , , , , , , , ,33,31, ,33, , , , ,36.5,31.6,30.3,31.6, , , , ,27.8,28.9, ,28.9, , , , ,33.8,27.8,30.8,33.8, , , , , , , , , , , , , ,97, ,122, ,219, ,195, ,,, , ,,Yes, , , , , , 
07/13/2026,Opl20@txstate.edu,,Stoval,Kortland,Male,5/28/2007,6,2,195,,,Usa,Texas,Pitcher,,,,,Collegiate,Left,Right,,8:8:13,America/chicago,Post,ACTIV5-AP-7734,not_eligible, , , , , , , , , , , , , , , , , ,132.9,24.1,122.1,39.1,14.4,158.2,35.2,-0.6,98.3,28.1,3.8,115.6,30.5,6.5,127,36.1,39.1, ,39.1, , , , ,35.2,35, ,35.2, , , , ,28.1,27.3, ,28.1, , , , ,30.5,28.1, ,30.5, , , , , , , , , , , , , ,52, ,131, ,183, ,192, , , , , , , ,Yes,Regular throw,15, , ,7
07/03/2026,Opl20@txstate.edu,,Stoval,Kortland,Male,5/28/2007,6,2,195,,,Usa,Texas,Pitcher,,,,,Collegiate,Left,Right,,11:33:58,America/chicago,Fresh - Full,ACTIV5-AP-7718,not_eligible,55.8,108.8,24.7,0.12,Normal,35.8,0.18,Normal,24.3,0.12,Normal,24,0.12,Normal,1.44, , , , , , , , , , , , , , , , , ,29.4,24.7,22.6,24.7,35.6,35.4, ,35.6,35.8,31.3, ,35.8,33.7,30.8, ,33.7,24.3,24, ,24.3,22.7,27,25,27,24,22.3, ,24,27.4,21.6,19.4,21.6, , , , , , , , , ,61,68,114,130,175,198,167,191,,, , ,,Yes, , , , , , 
09/25/2026,Wdl46@txstate.edu,,Stewart,Jayden,Male,9/26/2007,6,6,240,,,Usa,Texas,Pitcher,,,,,Collegiate,Right,Right,,2:51:34,America/chicago,Fresh - Quick,ACTIV5-AP-7735,not_eligible,65.9,158.1,50.2,0.2,Normal,46.2,0.19,Normal,30.2,0.12,Normal,31.5,0.13,Normal,0.92,94,1.68, , , , , , , , , , , , , , , ,49.9,50.2, ,50.2, , , , ,46.2,40.2, ,46.2, , , , ,29.5,30.2, ,30.2, , , , ,31.5,30.4, ,31.5, , , , , , , , , , , , , ,159, ,148, ,307, ,240, ,,, , ,,Yes, , , , , , 
09/08/2026,Wdl46@txstate.edu,,Stewart,Jayden,Male,9/26/2007,6,6,240,,,Usa,Texas,Pitcher,,,,,Collegiate,Right,Right,,2:47:38,America/chicago,Fresh - Quick,ACTIV5-AO-9489,not_eligible,69,165.7,54.9,0.22,Normal,46.9,0.19,Normal,33.3,0.13,Normal,30.6,0.12,Normal,0.85,94,1.76, , , , , , , , , , , , , , , ,51.6,54.9, ,54.9, , , , ,46.9,45.1, ,46.9, , , , ,33.3,31.7, ,33.3, , , , ,30.3,30.6, ,30.6, , , , , , , , , , , , , ,88, ,141, ,229, ,261, ,,, , ,,Yes, , , , , , 
08/17/2026,Wdl46@txstate.edu,,Stewart,Jayden,Male,9/26/2007,6,6,240,,,Usa,Texas,Pitcher,,,,,Collegiate,Right,Right,,10:22:13,America/chicago,Fresh - Quick,ACTIV5-AP-7734,not_eligible,65.5,157.2,49.2,0.2,Normal,42.6,0.17,Normal,34.2,0.14,Normal,31.2,0.13,Normal,0.86,94,1.67, , , , , , , , , , , , , , , ,49.2,46.7, ,49.2, , , , ,42.6,39.9, ,42.6, , , , ,34.1,34.2, ,34.2, , , , ,31.2,28.5, ,31.2, , , , , , , , , , , , , ,84, ,133, ,217, ,239, ,,, , ,,Yes, , , , , , 
07/23/2026,Wdl46@txstate.edu,,Stewart,Jayden,Male,9/26/2007,6,6,240,,,Usa,Texas,Pitcher,,,,,Collegiate,Right,Right,,5:21:51,America/chicago,Fresh - Quick,ACTIV5-AP-7734,not_eligible,67.8,162.6,52.8,0.22,Normal,45.7,0.19,Normal,36.9,0.15,Normal,27.2,0.11,Normal,0.86,94,1.73, , , , , , , , , , , , , , , ,50.2,52.8, ,52.8, , , , ,45.7,32.8,40.8,45.7, , , , ,36.9,32.8, ,36.9, , , , ,24.8,27.2, ,27.2, , , , , , , , , , , , , ,85, ,152, ,237, ,230, ,,, , ,,Yes, , , , , , 
07/17/2026,Wdl46@txstate.edu,,Stewart,Jayden,Male,9/26/2007,6,6,240,,,Usa,Texas,Pitcher,,,,,Collegiate,Right,Right,,10:37:1,America/chicago,Fresh - Quick,ACTIV5-AP-7734,not_eligible,62.5,150.1,55.1,0.22,Normal,41.3,0.17,Normal,25.3,0.1,Normal,28.4,0.11,Watch,0.74,94,1.6, , , , , , , , , , , , , , , ,54.3,55.1, ,55.1, , , , ,40.1,41.3, ,41.3, , , , ,25.1,25.3, ,25.3, , , , ,28.4,27, ,28.4, , , , , , , , , , , , , ,133, ,142, ,275, ,226, ,,, , ,,Yes, , , , , , 
07/03/2026,Wdl46@txstate.edu,,Stewart,Jayden,Male,9/26/2007,6,6,240,,,Usa,Texas,Pitcher,,,,,Collegiate,Right,Right,,11:36:28,America/chicago,Fresh - Full,ACTIV5-AM-8707,not_eligible,54.6,131.1,33.5,0.13,Normal,34.8,0.14,Normal,28.8,0.12,Normal,34,0.14,Normal,1.03, , , , , , , , , , , , , , , , , ,41.3,28.9,33.5,33.5,42.1,42.9, ,42.9,32,34.8, ,34.8,35.7,35, ,35.7,26.4,28.8, ,28.8,26.1,29.2, ,29.2,34,33.8, ,34,29.9,28.4, ,29.9, , , , , , , , , ,72,79,161,88,233,167,149,176,,, , ,,Yes, , , , , , 
09/28/2026,Xiw26@txstate.edu,,Turner,Trevyn,Male,10/31/2007,6,3,225,,,Usa,Texas,Pitcher,,,,,Collegiate,Right,Right,,5:11:46,America/chicago,Fresh - Quick,ACTIV5-AP-7718,not_eligible,81.1,182.4,49.6,0.22,Normal,37.4,0.16,Watch,35.1,0.15,Normal,60.3,0.26,Normal,0.75,94,1.94, , , , , , , , , , , , , , , ,49.6,47.6, ,49.6, , , , ,37.4,36.5, ,37.4, , , , ,35.1,31.7, ,35.1, , , , ,60.3,54.3, ,60.3, , , , , , , , , , , , , ,71, ,144, ,215, ,191, ,,, , ,,Yes, , , , , , 
09/25/2026,Xiw26@txstate.edu,,Turner,Trevyn,Male,10/31/2007,6,3,225,,,Usa,Texas,Pitcher,,,,,Collegiate,Right,Right,,4:0:24,America/chicago,Fresh - Quick,ACTIV5-AP-7734,not_eligible,85.9,193.3,53,0.23,Normal,42.4,0.18,Normal,37.8,0.16,Normal,60.1,0.26,Normal,0.8,94,2.06, , , , , , , , , , , , , , , ,53,48.3, ,53, , , , ,42.1,42.4, ,42.4, , , , ,37.8,36.3, ,37.8, , , , ,53.2,60.1, ,60.1, , , , , , , , , , , , , ,64, ,141, ,205, ,195, ,,, , ,,Yes, , , , , , 
09/16/2026,Xiw26@txstate.edu,,Turner,Trevyn,Male,10/31/2007,6,3,225,,,Usa,Texas,Pitcher,,,,,Collegiate,Right,Right,,5:5:57,America/chicago,Fresh - Quick,ACTIV5-AP-7718,not_eligible,82.4,185.5,49.9,0.22,Watch,40.8,0.18,Watch,37,0.16,Normal,57.8,0.25,Normal,0.81,94,1.97, , , , , , , , , , , , , , , ,48.4,49.9, ,49.9, , , , ,40.7,40.8, ,40.8, , , , ,37,34.7, ,37, , , , ,57.8,47.8,37.5,57.8, , , , , , , , , , , , , ,69, ,142, ,211, ,201, ,,, , ,,Yes, , , , , , 
09/10/2026,Xiw26@txstate.edu,,Turner,Trevyn,Male,10/31/2007,6,3,225,,,Usa,Texas,Pitcher,,,,,Collegiate,Right,Right,,5:14:29,America/chicago,Fresh - Quick,ACTIV5-AP-7735,not_eligible,81.3,182.9,53.1,0.23,Normal,42.8,0.19,Normal,39.1,0.17,Normal,47.9,0.21,Medical,0.8,94,1.95, , , , , , , , , , , , , , , ,52.7,53.1, ,53.1, , , , ,42.8,41.5, ,42.8, , , , ,38.6,39.1, ,39.1, , , , ,60.7,47.9,47.1,47.9, , , , , , , , , , , , , ,65, ,136, ,201, ,185, ,,, , ,,Yes, , , , , , 
09/08/2026,Xiw26@txstate.edu,,Turner,Trevyn,Male,10/31/2007,6,3,220,,,Usa,Texas,Pitcher,,,,,Collegiate,Right,Right,,2:42:42,America/chicago,Fresh - Quick,ACTIV5-AO-9489,not_eligible,98,215.6,61.8,0.27,Normal,49.3,0.21,Normal,43,0.19,Normal,61.5,0.27,Normal,0.79,94,2.29, , , , , , , , , , , , , , , ,61.8,54.2, ,61.8, , , , ,49.3,45.7, ,49.3, , , , ,43,40.9, ,43, , , , ,61.5,56.5, ,61.5, , , , , , , , , , , , , ,59, ,136, ,195, ,199, ,,, , ,,Yes, , , , , , 
08/18/2026,Xiw26@txstate.edu,,Turner,Trevyn,Male,10/31/2007,6,3,220,,,Usa,Texas,Pitcher,,,,,Collegiate,Right,Right,,5:4:27,America/chicago,Fresh - Quick,ACTIV5-AP-7734,not_eligible,88,193.7,51.3,0.22,Normal,43.7,0.19,Normal,36.4,0.16,Normal,62.3,0.27,Normal,0.85,94,2.06, , , , , , , , , , , , , , , ,46.3,51.3, ,51.3, , , , ,43.7,41.8, ,43.7, , , , ,36.4,35, ,36.4, , , , ,62.3,56, ,62.3, , , , , , , , , , , , , ,65, ,145, ,210, ,193, ,,, , ,,, , , , , , 
08/01/2026,Xiw26@txstate.edu,,Turner,Trevyn,Male,10/31/2007,6,3,220,,,Usa,Texas,Pitcher,,,,,Collegiate,Right,Right,,1:45:59,America/chicago,Fresh - Quick,ACTIV5-AP-7734,not_eligible,86.8,190.9,45.9,0.2,Watch,48.8,0.21,Normal,38.6,0.17,Normal,57.6,0.25,Normal,1.06,94,2.03, , , , , , , , , , , , , , , ,53.4,44.9,45.9,45.9, , , , ,48.8,47.4, ,48.8, , , , ,38.6,38.3, ,38.6, , , , ,47.5,57.6,55.6,57.6, , , , , , , , , , , , , ,69, ,143, ,212, ,193, ,,, , ,,, , , , , , 
07/30/2026,Xiw26@txstate.edu,,Turner,Trevyn,Male,10/31/2007,6,3,220,,,Usa,Texas,Pitcher,,,,,Collegiate,Right,Right,,10:39:9,America/chicago,Fresh - Quick,ACTIV5-AP-7734,not_eligible,89.5,196.9,49.1,0.21,Normal,46.8,0.2,Normal,41,0.18,Normal,60,0.26,Normal,0.95,94,2.09, , , , , , , , , , , , , , , ,44.5,49.1, ,49.1, , , , ,46.8,45.1, ,46.8, , , , ,41,38.4, ,41, , , , ,60,52.6, ,60, , , , , , , , , , , , , ,64, ,134, ,198, ,199, ,,, , ,,, , , , , , 
07/30/2026,Xiw26@txstate.edu,,Turner,Trevyn,Male,10/31/2007,6,3,220,,,Usa,Texas,Pitcher,,,,,Collegiate,Right,Right,,12:5:59,America/chicago,Post,ACTIV5-AP-7718,not_eligible, , , , , , , , , , , , , , , , , ,170,-26.9,86.3,36.5,-12.6,74.3,41.9,-4.9,89.5,36.3,-4.7,88.5,55.3,-4.7,92.1,42.9,36.5,32,36.5, , , , ,36.5,41.9, ,41.9, , , , ,36.3,35.2, ,36.3, , , , ,55.3,48.5, ,55.3, , , , , , , , , , , , , ,66, ,141, ,207, ,206, , , , , , , ,Yes,Bullpen, ,10, ,7
07/29/2026,Xiw26@txstate.edu,,Turner,Trevyn,Male,10/31/2007,6,3,220,,,Usa,Texas,Pitcher,,,,,Collegiate,Right,Right,,2:0:55,America/chicago,Fresh - Quick,ACTIV5-AP-7734,not_eligible,88.5,194.7,50.3,0.22,Normal,46.5,0.2,Normal,41.6,0.18,Normal,56.3,0.25,Normal,0.92,94,2.07, , , , , , , , , , , , , , , ,50.3,46.8, ,50.3, , , , ,46.5,45.7, ,46.5, , , , ,41.6,38.8, ,41.6, , , , ,51.5,56.3, ,56.3, , , , , , , , , , , , , ,63, ,143, ,206, ,199, ,,, , ,,, , , , , , 
07/27/2026,Xiw26@txstate.edu,,Turner,Trevyn,Male,10/31/2007,6,3,220,,,Usa,Texas,Pitcher,,,,,Collegiate,Right,Right,,11:57:18,America/chicago,Fresh - Quick,ACTIV5-AP-7734,not_eligible,86.7,190.7,50.7,0.22,Normal,43.8,0.19,Normal,40,0.17,Normal,56.2,0.24,Normal,0.86,94,2.03, , , , , , , , , , , , , , , ,50.7,44.9, ,50.7, , , , ,43.8,42.7, ,43.8, , , , ,40,38.6, ,40, , , , ,51.5,56.2, ,56.2, , , , , , , , , , , , , ,62, ,135, ,197, ,198, ,,, , ,,, , , , , , 
07/24/2026,Xiw26@txstate.edu,,Turner,Trevyn,Male,10/31/2007,6,3,220,,,Usa,Texas,Pitcher,,,,,Collegiate,Right,Right,,11:39:56,America/chicago,Fresh - Quick,ACTIV5-AP-7734,not_eligible,84.5,185.9,47.4,0.21,Normal,49.8,0.22,Normal,38.1,0.16,Normal,50.6,0.22,Normal,1.05,94,1.98, , , , , , , , , , , , , , , ,55.4,47.4,44.4,47.4, , , , ,49.8,48.6, ,49.8, , , , ,36.1,38.1, ,38.1, , , , ,50.2,50.6, ,50.6, , , , , , , , , , , , , ,65, ,134, ,199, ,194, ,,, , ,,, , , , , , 
07/24/2026,Xiw26@txstate.edu,,Turner,Trevyn,Male,10/31/2007,6,3,220,,,Usa,Texas,Pitcher,,,,,Collegiate,Right,Right,,1:7:3,America/chicago,Post,ACTIV5-AP-7734,not_eligible, , , , , , , , , , , , , , , , , ,178.9,-7,96.2,43.8,-3.6,92.4,45.6,-4.2,91.5,37.2,-0.9,97.6,52.3,1.7,103.3,49.6,41.6,43.8,43.8, , , , ,45.6,39.9, ,45.6, , , , ,37.2,36.8, ,37.2, , , , ,52.3,48.6, ,52.3, , , , , , , , , , , , , ,60, ,138, ,198, ,188, , , , , , , ,Yes,Velo day, , ,26-50,8
07/17/2026,Xiw26@txstate.edu,,Turner,Trevyn,Male,10/31/2007,6,3,220,,,Usa,Texas,Pitcher,,,,,Collegiate,Right,Right,,10:58:30,America/chicago,Fresh - Quick,ACTIV5-AP-7734,not_eligible,76,167.2,52.6,0.23,Normal,39.9,0.17,Normal,37.1,0.16,Normal,37.6,0.16,Normal,0.75,94,1.78, , , , , , , , , , , , , , , ,52.6,48.3, ,52.6, , , , ,46.8,39.9,37.4,39.9, , , , ,37.1,35.2, ,37.1, , , , ,48.5,37.6,30.6,37.6, , , , , , , , , , , , , ,58, ,134, ,192, ,194, ,,, , ,,Yes, , , , , , 
07/13/2026,Xiw26@txstate.edu,,Turner,Trevyn,Male,10/31/2007,6,3,220,,,Usa,Texas,Pitcher,,,,,Collegiate,Right,Right,,8:0:24,America/chicago,Fresh - Quick,ACTIV5-AP-7734,not_eligible,80.2,176.4,56.2,0.24,Normal,47.6,0.21,Normal,36.8,0.16,Normal,35.8,0.15,Normal,0.84,94,1.88, , , , , , , , , , , , , , , ,56.2,50.9, ,56.2, , , , ,47.6,42.5, ,47.6, , , , ,36.8,35.2, ,36.8, , , , ,44.6,35.8,30.5,35.8, , , , , , , , , , , , , ,67, ,132, ,199, ,193, ,,, , ,,Yes, , , , , , 
07/07/2026,Xiw26@txstate.edu,,Turner,Trevyn,Male,10/31/2007,6,3,220,,,Usa,Texas,Pitcher,,,,,Collegiate,Right,Right,,5:51:35,America/chicago,Fresh - Quick,ACTIV5-AP-7734,not_eligible,72.5,159.4,52,0.23,Normal,39.8,0.17,Normal,36.4,0.16,Normal,31.2,0.13,Normal,0.76,94,1.7, , , , , , , , , , , , , , , ,52,48.8, ,52, , , , ,46.5,39.8,37.5,39.8, , , , ,36.4,33.4, ,36.4, , , , ,30.6,26.1,31.2,31.2, , , , , , , , , , , , , ,66, ,130, ,196, ,190, ,,, , ,,Yes, , , , , , 
07/03/2026,Xiw26@txstate.edu,,Turner,Trevyn,Male,10/31/2007,6,3,220,,,Usa,Texas,Pitcher,,,,,Collegiate,Right,Right,,11:17:27,America/chicago,Fresh - Full,ACTIV5-AP-7734,not_eligible,56.4,124,32.9,0.14,Normal,37.2,0.16,Normal,32.5,0.14,Normal,21.4,0.09,Normal,1.13,94,1.32, , , , , , , , , , , , , , , ,38.7,32.9,32.7,32.9,33.3,35.8, ,35.8,37.2,32.7, ,37.2,33.5,32.5, ,33.5,32.5,31.7, ,32.5,32.2,32.5, ,32.5,21.4,18.4, ,21.4,22.8,19,19.9,19.9, , , , , , , , , ,53,72,127,110,180,182,176,176,,, , ,,Yes, , , , , , 
09/28/2026,Qfp35@txstate.edu,,Wisenbaker,Cole,Male,11/24/2003,6,3,183,,,Usa,Texas,Pitcher,,,,,Collegiate,Left,Left,,1:47:56,America/chicago,Fresh - Quick,ACTIV5-AP-7718,not_eligible,103.5,189.4,50.5,0.27,Watch,47.3,0.25,Normal,33.8,0.18,Normal,57.8,0.31,Normal,0.93, , , , , , , , , , , , , , , , , ,48.4,50.5, ,50.5, , , , ,47.3,43.1, ,47.3, , , , ,33.8,33.4, ,33.8, , , , ,57.8,57, ,57.8, , , , , , , , , , , , , , , , , , , , , ,,, , ,,Yes, , , , , , 
09/28/2026,Qfp35@txstate.edu,,Wisenbaker,Cole,Male,11/24/2003,6,3,183,,,Usa,Texas,Pitcher,,,,,Collegiate,Left,Left,,3:38:27,America/chicago,Post,ACTIV5-AO-9489,not_eligible, , , , , , , , , , , , , , , , , ,209.6,20.2,110.6,60.3,9.8,119.4,48.7,1.4,102.9,35.9,2.1,106.2,64.7,6.9,111.9,60.3,54.2, ,60.3, , , , ,48.7,47.4, ,48.7, , , , ,35.9,35.7, ,35.9, , , , ,64.7,52.1,60.4,64.7, , , , , , , , , , , , , , , , , , , , , , , , , , , ,Yes,Bullpen, ,25, ,10
09/25/2026,Qfp35@txstate.edu,,Wisenbaker,Cole,Male,11/24/2003,6,3,183,,,Usa,Texas,Pitcher,,,,,Collegiate,Left,Left,,2:0:35,America/chicago,Fresh - Quick,ACTIV5-AP-7735,not_eligible,104.8,191.7,54.1,0.29,Normal,45.7,0.24,Normal,34.2,0.18,Normal,57.7,0.31,Normal,0.84, , , , , , , , , , , , , , , , , ,52.7,54.1, ,54.1, , , , ,45.7,43.6, ,45.7, , , , ,34.2,30.6, ,34.2, , , , ,57.7,55.1, ,57.7, , , , , , , , , , , , , , , , , , , , , ,,, , ,,Yes, , , , , , 
09/10/2026,Qfp35@txstate.edu,,Wisenbaker,Cole,Male,11/24/2003,6,3,183,,,Usa,Texas,Pitcher,,,,,Collegiate,Left,Left,,12:54:10,America/chicago,Fresh - Quick,ACTIV5-AO-9489,not_eligible,118.5,216.9,64,0.34,Normal,53.1,0.29,Normal,36.2,0.19,Normal,63.6,0.34,Normal,0.82, , , , , , , , , , , , , , , , , ,62.8,64, ,64, , , , ,53.1,52.4, ,53.1, , , , ,36.2,32.5, ,36.2, , , , ,63.6,61.4, ,63.6, , , , , , , , , , , , , ,83, ,116, ,199, ,178, ,,, , ,,Yes, , , , , , 
09/10/2026,Qfp35@txstate.edu,,Wisenbaker,Cole,Male,11/24/2003,6,3,183,,,Usa,Texas,Pitcher,,,,,Collegiate,Left,Left,,2:22:37,America/chicago,Post,ACTIV5-AP-7718,not_eligible, , , , , , , , , , , , , , , , , ,178.7,-38.2,82.3,50.2,-13.8,78.4,44,-9.1,82.8,30,-6.2,82.8,54.5,-9.1,85.6,50.2,49, ,50.2, , , , ,44,43.3, ,44, , , , ,29.2,30, ,30, , , , ,54.5,54.1, ,54.5, , , , , , , , , , , , , ,79, ,112, ,191, ,188, , , , , , , ,Yes,Bullpen, ,30, ,10
09/03/2026,Qfp35@txstate.edu,,Wisenbaker,Cole,Male,11/24/2003,6,3,183,,,Usa,Texas,Pitcher,,,,,Collegiate,Left,Left,,12:58:16,America/chicago,Fresh - Quick,ACTIV5-AP-7718,not_eligible,103.3,189.1,54.6,0.29,Normal,44.6,0.24,Normal,32.8,0.17,Normal,57.1,0.31,Watch,0.81, , , , , , , , , , , , , , , , , ,52,54.6, ,54.6, , , , ,42.9,44.6, ,44.6, , , , ,32.8,32.2, ,32.8, , , , ,57.1,52.1, ,57.1, , , , , , , , , , , , , ,72, ,111, ,183, ,186, ,,, , ,,Yes, , , , , , 
08/22/2026,Qfp35@txstate.edu,,Wisenbaker,Cole,Male,11/24/2003,6,3,183,,,Usa,Texas,Pitcher,,,,,Collegiate,Left,Left,,1:0:33,America/chicago,Fresh - Quick,ACTIV5-AM-8707,not_eligible,109.6,200.5,56.3,0.3,Normal,44.9,0.24,Normal,35.3,0.19,Normal,64,0.34,Normal,0.79, , , , , , , , , , , , , , , , , ,56.3,51.9, ,56.3, , , , ,44.3,44.9, ,44.9, , , , ,35.3,33.8, ,35.3, , , , ,64,60.2, ,64, , , , , , , , , , , , , ,84, ,108, ,192, ,183, ,,, , ,,Yes, , , , , , 
09/28/2026,Oht30@txstate.edu,,Janak,James,Male,3/5/2006,6,4,212,,,Usa,Texas,Pitcher,,,,,Collegiate,Right,Right,,5:6:39,America/chicago,Fresh - Quick,ACTIV5-AO-9489,not_eligible,120.2,254.8,60.6,0.28,Normal,56.8,0.26,Normal,40.7,0.19,Normal,96.7,0.45,Normal,0.93,95,2.68, , , , , , , , , , , , , , , ,60.6,57.1, ,60.6, , , , ,51.3,56.8, ,56.8, , , , ,40.7,39.9, ,40.7, , , , ,96.7,90.2, ,96.7, , , , , , , , , , , , , , , , , , , , , ,,, , ,,Yes, , , , , , 
09/25/2026,Oht30@txstate.edu,,Janak,James,Male,3/5/2006,6,4,212,,,Usa,Texas,Pitcher,,,,,Collegiate,Right,Right,,2:49:15,America/chicago,Fresh - Quick,ACTIV5-AP-7718,not_eligible,104.5,221.5,48.4,0.22,Normal,49.6,0.23,Normal,40.4,0.19,Normal,83.1,0.39,Normal,1.02,95,2.33, , , , , , , , , , , , , , , ,48.4,46.3, ,48.4, , , , ,49.6,46, ,49.6, , , , ,39.7,40.4, ,40.4, , , , ,83.1,81.1, ,83.1, , , , , , , , , , , , , , , , , , , , , ,,, , ,,Yes, , , , , , 
09/17/2026,Oht30@txstate.edu,,Janak,James,Male,3/5/2006,6,4,212,,,Usa,Texas,Pitcher,,,,,Collegiate,Right,Right,,4:28:33,America/chicago,Fresh - Quick,ACTIV5-AP-7718,not_eligible,108.9,230.9,59.9,0.28,Normal,50.1,0.23,Normal,37.4,0.17,Normal,83.5,0.39,Watch,0.83,95,2.43, , , , , , , , , , , , , , , ,59.9,57.1, ,59.9, , , , ,50,50.1, ,50.1, , , , ,37.4,36.9, ,37.4, , , , ,83.5,76.3, ,83.5, , , , , , , , , , , , , , , , , , , , , ,,, , ,,Yes, , , , , , 
09/16/2026,Oht30@txstate.edu,,Janak,James,Male,3/5/2006,6,4,212,,,Usa,Texas,Pitcher,,,,,Collegiate,Right,Right,,4:56:20,America/chicago,Fresh - Quick,ACTIV5-AP-7735,not_eligible,108.6,230.3,52.2,0.24,Normal,53.2,0.25,Normal,35.6,0.16,Normal,89.3,0.42,Normal,1.01,95,2.42, , , , , , , , , , , , , , , ,52.2,47.5, ,52.2, , , , ,53.2,47.9, ,53.2, , , , ,35.6,33.3, ,35.6, , , , ,78.8,89.3, ,89.3, , , , , , , , , , , , , , , , , , , , , ,,, , ,,Yes, , , , , , 
09/14/2026,Oht30@txstate.edu,,Janak,James,Male,3/5/2006,6,4,212,,,Usa,Texas,Pitcher,,,,,Collegiate,Right,Right,,3:24:47,America/chicago,Fresh - Quick,ACTIV5-AP-7718,not_eligible,106.3,225.3,51.5,0.24,Normal,49,0.23,Normal,43.7,0.2,Normal,81.1,0.38,Medical,0.95,95,2.37, , , , , , , , , , , , , , , ,51.5,51.2, ,51.5, , , , ,49,46.3, ,49, , , , ,34.9,42.4,43.7,43.7, , , , ,66.4,80.1,81.1,81.1, , , , , , , , , , , , , , , , , , , , , ,,, , ,,Yes, , , , , , 
09/10/2026,Oht30@txstate.edu,,Janak,James,Male,3/5/2006,6,4,212,,,Usa,Texas,Pitcher,,,,,Collegiate,Right,Right,,5:8:33,America/chicago,Fresh - Quick,ACTIV5-AP-7718,not_eligible,104.4,221.3,45.5,0.21,Normal,45.4,0.21,Normal,33.6,0.15,Normal,96.8,0.45,Normal,0.99,95,2.33, , , , , , , , , , , , , , , ,43.6,45.5, ,45.5, , , , ,45.4,43, ,45.4, , , , ,32.7,33.6, ,33.6, , , , ,85,67.9,96.8,96.8, , , , , , , , , , , , , , , , , , , , , ,,, , ,,Yes, , , , , , 
09/08/2026,Oht30@txstate.edu,,Janak,James,Male,3/5/2006,6,4,212,,,Usa,Texas,Pitcher,,,,,Collegiate,Right,Right,,2:18:52,America/chicago,Fresh - Quick,ACTIV5-AP-7735,not_eligible,72,152.7,22.4,0.1,Normal,32,0.15,Normal,22.2,0.1,Normal,76.1,0.35,Normal,1.42,95,1.6, , , , , , , , , , , , , , , ,17.3,22.4,36.6,22.4, , , , ,29.6,32, ,32, , , , ,20.5,22.2, ,22.2, , , , ,76.1,90.1,62.8,76.1, , , , , , , , , , , , , , , , , , , , , ,,, , ,,Yes, , , , , , 
09/08/2026,Oht30@txstate.edu,,Janak,James,Male,3/5/2006,6,4,212,,,Usa,Texas,Pitcher,,,,,Collegiate,Right,Right,,3:3:36,America/chicago,Post,ACTIV5-AO-9489,not_eligible, , , , , , , , , , , , , , , , , ,221.8,69.1,145.2,49.4,27,220.5,49,17,153.1,39.5,17.3,177.9,83.9,7.8,110.2,46.8,49.4, ,49.4, , , , ,49,48.8, ,49, , , , ,39.5,38, ,39.5, , , , ,81.1,83.9, ,83.9, , , , , , , , , , , , , , , , , , , , , , , , , , , ,Yes,Bullpen, ,21, ,7
09/28/2026,Uyg17@txstate.edu,,Anders,Jonathan,Male,8/18/2004,6,0,190,,,Usa,Texas,Pitcher,,,,,Collegiate,Left,Left,,1:45:51,America/chicago,Fresh - Quick,ACTIV5-AO-9489,not_eligible,95.4,181.2,55.7,0.29,Normal,45.5,0.23,Normal,37.8,0.19,Normal,42.2,0.22,Normal,0.81, , , , , , , , , , , , , , , , , ,51.1,55.7, ,55.7, , , , ,45.5,44, ,45.5, , , , ,37.8,33.6, ,37.8, , , , ,40.9,42.2, ,42.2, , , , , , , , , , , , , , , , , , , , , ,,, , ,,Yes, , , , , , 
09/28/2026,Uyg17@txstate.edu,,Anders,Jonathan,Male,8/18/2004,6,0,190,,,Usa,Texas,Pitcher,,,,,Collegiate,Left,Left,,3:1:15,America/chicago,Post,ACTIV5-AP-7718,not_eligible, , , , , , , , , , , , , , , , , ,169.6,-11.6,93.5,57.8,2.1,103.7,42.9,-2.6,94.2,32.8,-5,86.7,36.1,-6.1,85.5,42,53.8,57.8,57.8, , , , ,42.9,41.5, ,42.9, , , , ,32.8,30.6, ,32.8, , , , ,31.6,36.1, ,36.1, , , , , , , , , , , , , , , , , , , , , , , , , , , ,Yes,Bullpen, ,25, ,7
09/25/2026,Uyg17@txstate.edu,,Anders,Jonathan,Male,8/18/2004,6,0,190,,,Usa,Texas,Pitcher,,,,,Collegiate,Left,Left,,2:4:48,America/chicago,Fresh - Quick,ACTIV5-AP-7718,not_eligible,88.9,169,50.5,0.26,Normal,46.5,0.24,Normal,32.7,0.17,Normal,39.3,0.2,Watch,0.92, , , , , , , , , , , , , , , , , ,50.1,50.5, ,50.5, , , , ,46.5,45.2, ,46.5, , , , ,32.7,29.4, ,32.7, , , , ,39.3,35.5, ,39.3, , , , , , , , , , , , , , , , , , , , , ,,, , ,,Yes, , , , , , 
09/25/2026,Uyg17@txstate.edu,,Anders,Jonathan,Male,8/18/2004,6,0,190,,,Usa,Texas,Pitcher,,,,,Collegiate,Left,Left,,3:40:43,America/chicago,Post,ACTIV5-AO-9489,not_eligible, , , , , , , , , , , , , , , , , ,196.9,27.9,116.5,61.7,11.2,122.1,54.9,8.4,118,36.4,3.7,111.3,43.9,4.6,111.7,57,61.7, ,61.7, , , , ,54.9,51.2, ,54.9, , , , ,35.2,36.4, ,36.4, , , , ,42.7,43.9, ,43.9, , , , , , , , , , , , , , , , , , , , , , , , , , , ,Yes,Regular throw,15, , ,2
09/23/2026,Uyg17@txstate.edu,,Anders,Jonathan,Male,8/18/2004,6,0,190,,,Usa,Texas,Pitcher,,,,,Collegiate,Left,Left,,5:28:18,America/chicago,Post,ACTIV5-AP-7735,not_eligible, , , , , , , , , , , , , , , , , ,147.8,-23.2,86.4,42.2,-14.4,74.5,42.2,-6,87.5,31.2,-4.1,88.3,32.2,1.3,104.2,42.2,41.9, ,42.2, , , , ,41.9,42.2, ,42.2, , , , ,29.7,31.2, ,31.2, , , , ,32.2,28.9, ,32.2, , , , , , , , , , , , , , , , , , , , , , , , , , , ,Yes,Regular throw,15, , ,7
09/17/2026,Uyg17@txstate.edu,,Anders,Jonathan,Male,8/18/2004,6,0,190,,,Usa,Texas,Pitcher,,,,,Collegiate,Left,Left,,4:24:36,America/chicago,Fresh - Quick,ACTIV5-AP-7718,not_eligible,90,171,56.6,0.29,Normal,48.2,0.25,Normal,35.3,0.18,Normal,30.9,0.16,Medical,0.85, , , , , , , , , , , , , , , , , ,55.4,56.6, ,56.6, , , , ,46.7,48.2, ,48.2, , , , ,35.1,35.3, ,35.3, , , , ,37.7,29.6,30.9,30.9, , , , , , , , , , , , , , , , , , , , , ,,, , ,,Yes, , , , , , 
09/10/2026,Uyg17@txstate.edu,,Anders,Jonathan,Male,8/18/2004,6,0,190,,,Usa,Texas,Pitcher,,,,,Collegiate,Left,Left,,2:36:36,America/chicago,Fresh - Quick,ACTIV5-AP-7735,not_eligible,94.1,178.7,52.6,0.27,Normal,46.3,0.24,Normal,35.5,0.18,Normal,44.3,0.23,Normal,0.88, , , , , , , , , , , , , , , , , ,47.1,52.6, ,52.6, , , , ,46.3,45.8, ,46.3, , , , ,33.1,35.5, ,35.5, , , , ,53.3,44.3,36.1,44.3, , , , , , , , , , , , , , , , , , , , , ,,, , ,,Yes, , , , , , 
09/10/2026,Uyg17@txstate.edu,,Anders,Jonathan,Male,8/18/2004,6,0,190,,,Usa,Texas,Pitcher,,,,,Collegiate,Left,Left,,4:2:5,America/chicago,Post,ACTIV5-AP-7735,not_eligible, , , , , , , , , , , , , , , , , ,155.4,-23.3,86.9,49.2,-3.4,93.5,42.5,-3.8,91.7,28.8,-6.7,81.1,34.9,-9.4,78.7,49.2,49, ,49.2, , , , ,42.2,42.5, ,42.5, , , , ,28.6,28.8, ,28.8, , , , ,34.9,32.7, ,34.9, , , , , , , , , , , , , , , , , , , , , , , , , , , ,Yes,Bullpen, ,40, ,10
09/25/2026,Ysq31@txstate.edu,,Hayhow,Luke,Male,12/1/2005,6,3,215,,,Usa,Texas,Pitcher,,,,,Collegiate,Right,Right,,3:55:38,America/chicago,Fresh - Quick,ACTIV5-AP-7735,not_eligible,69.5,149.5,41.7,0.19,Watch,45.4,0.21,Normal,32.9,0.15,Normal,29.5,0.13,Normal,1.08,98,1.53, , , , , , , , , , , , , , , ,41.7,39.9, ,41.7, , , , ,45.4,42.7, ,45.4, , , , ,32.9,31.7, ,32.9, , , , ,29.5,27.1, ,29.5, , , , , , , , , , , , , , , , , , , , , ,,, , ,,Yes, , , , , , 
09/17/2026,Ysq31@txstate.edu,,Hayhow,Luke,Male,12/1/2005,6,3,215,,,Usa,Texas,Pitcher,,,,,Collegiate,Right,Right,,4:11:48,America/chicago,Fresh - Quick,ACTIV5-AP-7718,not_eligible,73.2,157.3,47.2,0.21,Normal,43.3,0.2,Normal,35.1,0.16,Normal,31.7,0.14,Normal,0.91,98,1.61, , , , , , , , , , , , , , , ,47.2,41.7, ,47.2, , , , ,43.3,42.3, ,43.3, , , , ,35.1,32.6, ,35.1, , , , ,31.7,28.5, ,31.7, , , , , , , , , , , , , , , , , , , , , ,,, , ,,Yes, , , , , , 
09/11/2026,Ysq31@txstate.edu,,Hayhow,Luke,Male,12/1/2005,6,3,215,,,Usa,Texas,Pitcher,,,,,Collegiate,Right,Right,,3:58:36,America/chicago,Fresh - Quick,ACTIV5-AP-7735,not_eligible,68.1,146.4,40.8,0.18,Warning,45.2,0.21,Normal,32.7,0.15,Normal,27.7,0.12,Normal,1.1,98,1.49, , , , , , , , , , , , , , , ,38.9,40.8, ,40.8, , , , ,45.2,39.7, ,45.2, , , , ,32.7,30.5, ,32.7, , , , ,27.7,32.5,26.7,27.7, , , , , , , , , , , , , , , , , , , , , ,,, , ,,Yes, , , , , , 
09/08/2026,Ysq31@txstate.edu,,Hayhow,Luke,Male,12/1/2005,6,3,215,,,Usa,Texas,Pitcher,,,,,Collegiate,Right,Right,,1:42:21,America/chicago,Fresh - Quick,ACTIV5-AO-9489,not_eligible,82.3,176.9,54.2,0.25,Normal,52.5,0.24,Normal,34.2,0.15,Normal,36,0.16,Normal,0.96,98,1.8, , , , , , , , , , , , , , , ,54.2,47.3, ,54.2, , , , ,52.5,50.5, ,52.5, , , , ,34.2,32.5, ,34.2, , , , ,36,32.1, ,36, , , , , , , , , , , , , , , , , , , , , ,,, , ,,Yes, , , , , , 
09/08/2026,Ysq31@txstate.edu,,Hayhow,Luke,Male,12/1/2005,6,3,215,,,Usa,Texas,Pitcher,,,,,Collegiate,Right,Right,,2:26:12,America/chicago,Post,ACTIV5-AP-7718,not_eligible, , , , , , , , , , , , , , , , , ,150.1,-26.8,84.8,42.2,-12,77.8,44,-8.5,83.8,33.5,-0.7,97.9,30.4,-5.6,84.4,41.3,42.2, ,42.2, , , , ,44,40.9, ,44, , , , ,33.5,30.3, ,33.5, , , , ,30.4,28.5, ,30.4, , , , , , , , , , , , , , , , , , , , , , , , , , , ,Yes,Bullpen, ,20, ,7
09/01/2026,Ysq31@txstate.edu,,Hayhow,Luke,Male,12/1/2005,6,3,215,,,Usa,Texas,Pitcher,,,,,Collegiate,Right,Right,,1:43:0,America/chicago,Fresh - Quick,ACTIV5-AP-7718,not_eligible,71,152.6,46.3,0.21,Normal,44.6,0.2,Normal,32.8,0.15,Normal,28.9,0.13,Normal,0.96, , , , , , , , , , , , , , , , , ,46.3,45.2, ,46.3, , , , ,44.6,40.4, ,44.6, , , , ,32.8,30.5, ,32.8, , , , ,28.9,27.5, ,28.9, , , , , , , , , , , , , , , , , , , , , ,,, , ,,Yes, , , , , , 
09/17/2026,Uiz43@txstate.edu,,Langley,Christopher,Male,7/22/2005,6,3,194,,,Usa,Texas,Pitcher,,,,,Collegiate,Right,Right,,4:20:55,America/chicago,Fresh - Quick,ACTIV5-AP-7718,not_eligible,103.5,200.7,59,0.3,Normal,55.5,0.28,Normal,36.9,0.18,Normal,49.3,0.25,Normal,0.94, , , , , , , , , , , , , , , , , ,53.7,59, ,59, , , , ,52.9,55.5, ,55.5, , , , ,36,36.9, ,36.9, , , , ,49.3,43.6, ,49.3, , , , , , , , , , , , , , , , , , , , , ,,, , ,,Yes, , , , , , 
09/16/2026,Uiz43@txstate.edu,,Langley,Christopher,Male,7/22/2005,6,3,194,,,Usa,Texas,Pitcher,,,,,Collegiate,Right,Right,,4:55:32,America/chicago,Fresh - Quick,ACTIV5-AP-7718,not_eligible,97.5,189.1,54.2,0.27,Normal,51.9,0.26,Normal,37.8,0.19,Normal,45.2,0.23,Normal,0.95, , , , , , , , , , , , , , , , , ,46,54.2,52.3,54.2, , , , ,50.7,51.9, ,51.9, , , , ,35.7,37.8, ,37.8, , , , ,45.2,42.6, ,45.2, , , , , , , , , , , , , , , , , , , , , ,,, , ,,Yes, , , , , , 
09/14/2026,Uiz43@txstate.edu,,Langley,Christopher,Male,7/22/2005,6,3,192,,,Usa,Texas,Pitcher,,,,,Collegiate,Right,Right,,3:30:4,America/chicago,Fresh - Quick,ACTIV5-AP-7735,not_eligible,94,180.5,51.4,0.26,Normal,43.2,0.22,Normal,34.4,0.17,Normal,51.5,0.26,Normal,0.84, , , , , , , , , , , , , , , , , ,60.6,51.3,51.4,51.4, , , , ,43.2,43, ,43.2, , , , ,34.4,34.1, ,34.4, , , , ,51.5,47.7, ,51.5, , , , , , , , , , , , , , , , , , , , , ,,, , ,,Yes, , , , , , 
09/10/2026,Uiz43@txstate.edu,,Langley,Christopher,Male,7/22/2005,6,3,192,,,Usa,Texas,Pitcher,,,,,Collegiate,Right,Right,,5:8:13,America/chicago,Fresh - Quick,ACTIV5-AP-7735,not_eligible,88.3,169.6,51.2,0.26,Normal,34.9,0.17,Warning,36.1,0.18,Normal,47.4,0.24,Normal,0.68, , , , , , , , , , , , , , , , , ,51.2,50.8, ,51.2, , , , ,41.1,34.9,34.1,34.9, , , , ,36.1,31.5, ,36.1, , , , ,41.8,47.4, ,47.4, , , , , , , , , , , , , , , , , , , , , ,,, , ,,Yes, , , , , , 
09/08/2026,Uiz43@txstate.edu,,Langley,Christopher,Male,7/22/2005,6,3,192,,,Usa,Texas,Pitcher,,,,,Collegiate,Right,Right,,2:45:11,America/chicago,Fresh - Quick,ACTIV5-AP-7735,not_eligible,75.7,145.3,43.7,0.22,Warning,39.4,0.2,Watch,29.2,0.14,Watch,33,0.16,Warning,0.9, , , , , , , , , , , , , , , , , ,49.5,39.9,43.7,43.7, , , , ,36.3,39.4, ,39.4, , , , ,29.1,29.2, ,29.2, , , , ,38.8,33,32.5,33, , , , , , , , , , , , , , , , , , , , , ,,, , ,,Yes, , , , , , 
09/08/2026,Uiz43@txstate.edu,,Langley,Christopher,Male,7/22/2005,6,3,192,,,Usa,Texas,Pitcher,,,,,Collegiate,Right,Right,,1:50:0,America/chicago,Fresh - Quick,ACTIV5-AP-7735,not_eligible,84.2,161.6,50.1,0.25,Normal,42.9,0.21,Watch,33.7,0.17,Normal,34.9,0.17,Warning,0.85, , , , , , , , , , , , , , , , , ,50.1,48.8, ,50.1, , , , ,42.9,37.5, ,42.9, , , , ,33.7,31.7, ,33.7, , , , ,40.4,34.9,33.3,34.9, , , , , , , , , , , , , , , , , , , , , ,,, , ,,Yes, , , , , , 
09/01/2026,Uiz43@txstate.edu,,Langley,Christopher,Male,7/22/2005,6,3,192,,,Usa,Texas,Pitcher,,,,,Collegiate,Right,Right,,2:30:8,America/chicago,Fresh - Quick,ACTIV5-AP-7735,not_eligible,91.9,176.4,58.9,0.3,Normal,46.4,0.23,Normal,35.9,0.18,Normal,35.2,0.17,Medical,0.78, , , , , , , , , , , , , , , , , ,54.5,58.9, ,58.9, , , , ,46.4,43.9, ,46.4, , , , ,35.7,35.9, ,35.9, , , , ,41,35.2,33.8,35.2, , , , , , , , , , , , , , , , , , , , , ,,, , ,,Yes, , , , , , 
09/01/2026,Uiz43@txstate.edu,,Langley,Christopher,Male,7/22/2005,6,3,192,,,Usa,Texas,Pitcher,,,,,Collegiate,Right,Right,,1:45:26,America/chicago,Fresh - Quick,ACTIV5-AP-7735,not_eligible,93.9,180.3,49.6,0.25,Normal,50.1,0.25,Normal,33.3,0.16,Normal,47.3,0.24,Normal,1.01, , , , , , , , , , , , , , , , , ,49.6,44.6, ,49.6, , , , ,50.1,47.3, ,50.1, , , , ,32.7,33.3, ,33.3, , , , ,47.3,42.9, ,47.3, , , , , , , , , , , , , , , , , , , , , ,,, , ,,Yes, , , , , , 
09/28/2026,Zsf31@txstate.edu,,Williams,Miles,Male,3/8/2007,6,2,240,,,Usa,Texas,Pitcher,Pitcher,,,,Collegiate,Right,Right,,2:20:55,America/chicago,Fresh - Quick,ACTIV5-AP-7718,not_eligible,104.6,251,80.1,0.33,Normal,72.8,0.3,Normal,48.2,0.2,Normal,49.9,0.2,Normal,0.9,96,2.61, , , , , , , , , , , , , , , ,80.1,78, ,80.1, , , , ,72.8,69.2, ,72.8, , , , ,48.2,47.3, ,48.2, , , , ,49.9,45.2, ,49.9, , , , , , , , , , , , , , , , , , , , , ,,, , ,,, , , , , , 
09/28/2026,Zsf31@txstate.edu,,Williams,Miles,Male,3/8/2007,6,2,240,,,Usa,Texas,Pitcher,Pitcher,,,,Collegiate,Right,Right,,3:35:17,America/chicago,Post,ACTIV5-AO-9489,not_eligible, , , , , , , , , , , , , , , , , ,228.9,-22.1,91.1,71.9,-8.2,89.7,62.6,-10.2,85.9,43.8,-4.4,90.8,50.6,0.7,101.4,71.9,70.8, ,71.9, , , , ,61.4,62.6, ,62.6, , , , ,43.8,43.5, ,43.8, , , , ,50.6,46.2, ,50.6, , , , , , , , , , , , , , , , , , , , , , , , , , , ,Yes,Bullpen, ,30, ,9
09/25/2026,Zsf31@txstate.edu,,Williams,Miles,Male,3/8/2007,6,2,240,,,Usa,Texas,Pitcher,Pitcher,,,,Collegiate,Right,Right,,1:55:42,America/chicago,Fresh - Quick,ACTIV5-AP-7718,not_eligible,86.9,208.6,62,0.25,Medical,61,0.25,Watch,43.8,0.18,Normal,41.8,0.17,Watch,0.98,96,2.17, , , , , , , , , , , , , , , ,62,61.9, ,62, , , , ,59.1,61, ,61, , , , ,43.8,41.3, ,43.8, , , , ,41.8,40.9, ,41.8, , , , , , , , , , , , , , , , , , , , , ,,, , ,,, , , , , , 
09/23/2026,Zsf31@txstate.edu,,Williams,Miles,Male,3/8/2007,6,2,240,,,Usa,Texas,Pitcher,Pitcher,,,,Collegiate,Right,Right,,6:21:12,America/chicago,Fresh - Quick,ACTIV5-AP-7735,not_eligible,92,220.7,75.3,0.31,Watch,59.3,0.24,Medical,48.4,0.2,Normal,37.7,0.15,Warning,0.78,96,2.3, , , , , , , , , , , , , , , ,75.3,72.2, ,75.3, , , , ,59.3,58.9, ,59.3, , , , ,48,48.4, ,48.4, , , , ,44,37.7,34.1,37.7, , , , , , , , , , , , , , , , , , , , , ,,, , ,,, , , , , , 
09/20/2026,Zsf31@txstate.edu,,Williams,Miles,Male,3/8/2007,6,2,240,,,Usa,Texas,Pitcher,Pitcher,,,,Collegiate,Right,Right,,8:38:50,America/chicago,Fresh - Full,ACTIV5-AP-7718,not_eligible,99.5,238.7,76.3,0.31,Watch,71.8,0.29,Normal,46.9,0.19,Normal,43.7,0.18,Watch,0.94,96,2.49, , , , , , , , , , , , , , , ,76.3,73.5, ,76.3, , , , ,65.8,71.8, ,71.8, , , , ,46.9,45.5, ,46.9, , , , ,43.5,43.7, ,43.7, , , , , , , , , , , , , , , , , , , , , ,,, , ,,, , , , , , 
09/10/2026,Zsf31@txstate.edu,,Williams,Miles,Male,3/8/2007,6,2,240,,,Usa,Texas,Pitcher,Pitcher,,,,Collegiate,Right,Right,,1:37:16,America/chicago,Fresh - Quick,ACTIV5-AO-9489,not_eligible,100.9,242.2,80.5,0.33,Normal,67.8,0.28,Warning,44.9,0.18,Normal,49,0.2,Normal,0.84,96,2.52, , , , , , , , , , , , , , , ,80.5,77.6, ,80.5, , , , ,67.8,63.7, ,67.8, , , , ,41,44.9, ,44.9, , , , ,49,44.6, ,49, , , , , , , , , , , , , , , , , , , , , ,,, , ,,, , , , , , 
09/10/2026,Zsf31@txstate.edu,,Williams,Miles,Male,3/8/2007,6,2,240,,,Usa,Texas,Pitcher,Pitcher,,,,Collegiate,Right,Right,,3:31:56,America/chicago,Post,ACTIV5-AP-7735,not_eligible, , , , , , , , , , , , , , , , , ,202,-40.2,83.4,60.6,-19.9,75.2,63.6,-4.2,93.8,36.5,-8.4,81.2,41.3,-7.7,84.2,60.6,53.8, ,60.6, , , , ,63.6,54.9,60,63.6, , , , ,35.7,36.5, ,36.5, , , , ,41.3,36.5, ,41.3, , , , , , , , , , , , , , , , , , , , , , , , , , , ,Yes,Bullpen, ,92, ,10
09/03/2026,Zsf31@txstate.edu,,Williams,Miles,Male,3/8/2007,6,2,240,,,Usa,Texas,Pitcher,Pitcher,,,,Collegiate,Right,Right,,1:32:37,America/chicago,Fresh - Quick,ACTIV5-AO-9489,not_eligible,103.8,249.2,83.9,0.34,Normal,72.2,0.3,Watch,46.3,0.19,Normal,46.8,0.19,Normal,0.86,96,2.6, , , , , , , , , , , , , , , ,83.9,67.9,78.3,83.9, , , , ,72.2,63.4, ,72.2, , , , ,46.3,43.7, ,46.3, , , , ,55.3,46.8,44.6,46.8, , , , , , , , , , , , , , , , , , , , , ,,, , ,,, , , , , , 
08/31/2026,Zsf31@txstate.edu,,Williams,Miles,Male,3/8/2007,6,2,240,,,Usa,Texas,Pitcher,Pitcher,,,,Collegiate,Right,Right,,1:31:25,America/chicago,Fresh - Quick,ACTIV5-AP-7718,not_eligible,110,264.1,84,0.35,Normal,81.5,0.33,Normal,51.5,0.21,Normal,47.1,0.19,Normal,0.97,96,2.75, , , , , , , , , , , , , , , ,84,78.2, ,84, , , , ,81.5,75.1, ,81.5, , , , ,51.5,50.2, ,51.5, , , , ,47.1,43.3, ,47.1, , , , , , , , , , , , , , , , , , , , , ,,, , ,,, , , , , , 
08/25/2026,Zsf31@txstate.edu,,Williams,Miles,Male,3/8/2007,6,2,240,,,Usa,Texas,Pitcher,Pitcher,,,,Collegiate,Right,Right,,1:5:1,America/chicago,Fresh - Full,ACTIV5-AM-8707,not_eligible,104.1,249.8,80.5,0.33,Normal,73.8,0.3,Normal,47.3,0.19,Normal,48.2,0.2,Normal,0.91, , , , , , , , , , , , , , , , , ,80.5,78.9, ,80.5,70.9,67, ,70.9,73.8,69.1, ,73.8,70,64.7, ,70,47.3,46.1, ,47.3,46.5,45.8, ,46.5,48.2,44.4, ,48.2,40,40.4, ,40.4, , , , , , , , , ,105,91,123,102,228,193,202,203,,, , ,,, , , , , , 