tm_name,bref_name,team_abbr,height,set
"Aaron, Carrington",Carrington Aaron,RAD_HIG,5.833333333,0
"Aarts, Carter",Carter Aarts,NIA_EAG,6.25,0
"Aasland, Tristan",Tristan Aasland,UCO_HUS,6.25,0
"Abadie, Connor",Connor Abadie,SAN_AZT,6,0
"Abbadessa, Jude",Jude Abbadessa,TUL_GRE,6,0
"Abbott, Brice",Brice Abbott,LON_LAN,6.166666667,0
"Abel, Trent",Trent Abel,CAL_MAT,5.916666667,0
"Abell, Mark",Mark Abell,ARM_BLA,5.833333333,0
"Abercrombie, Justin",Justin Abercrombie,UTA_UTE,5.833333333,0
"Abernathy, Jay",Jay Abernathy,TEN_VOL,5.833333333,0
"Abler, Andrew",Andrew Abler,HAR_CRI,6.083333333,0
"Abraham, John",John Abraham,FLO_SEM,6.25,0
"Abraham, Nic",Nic Abraham,TEN_VOL,6.416666667,0
"Abraham, Todd",Todd Abraham,BIN_BEA,6,0
"Abrams, Max",Max Abrams,SPU_PEA,6.416666667,0
"Abreu, Jhon",Jhon Abreu,FGCU,6,0
"Acevedo, Ethan",Ethan Acevedo,VCU_RAM,5.666666667,0
"Acevedo, Tyler",Tyler Acevedo,ION_GAE,6,0
"Acevedo, Yahir",Yahir Acevedo,CSU_BAK,5.833333333,0
"Aceves, Nathan",Nathan Aceves,SAN_GAU,6.25,0
"Achee, Connor",Connor Achee,MCN_COW,6.166666667,0
"Achey, Thomas",Thomas Achey,STE_HAT,6,0
"Ackel, Austin",Austin Ackel,ULM_WAR,6.25,0
"Acker, Ty",Ty Acker,SET_PIR,5.916666667,0
"Ackerman, Jess",Jess Ackerman,MER_BEA,6.25,0
"Acosta, Gavin",Gavin Acosta,UIC_FLA,5.833333333,0
"Acosta, JC",JC Acosta,NOR_DEM,5.833333333,0
"Acosta, JP",JP Acosta,WES_HIL,6.083333333,0
"Acosta, Jonathan",Jonathan Acosta,NOF_OSP,6.083333333,0
"Acreman, Trey",Trey Acreman,STE_LUM,6,0
"Acton, Mason",Mason Acton,BEL_KNI,6.083333333,0
"Adams, Brandon",Brandon Adams,NOF_OSP,6.166666667,0
"Adams, Gage",Gage Adams,SAN_AZT,6.083333333,0
"Adams, George",George Adams,FLO_PAN,6.166666667,0
"Adams, Joe",Joe Adams,ARK_LIO,6.25,0
"Adams, Peyton",Peyton Adams,STE_LUM,6,0
"Adams, Rayfield",Trey Adams,ALC_BRA,5.75,0
"Adams, TJ",TJ Adams,ARI_WIL,6.083333333,0
"Adams, Travis",Travis Adams,ULM_WAR,6,0
"Adams, Zach",Zach Adams,CEN_BEA,6.75,0
"Adams, Zane",Zane Adams,ALA_CRI,6.333333333,0
"Adamski Jr., Frank",Frank Adamski,TOW_TIG,6.166666667,0
"Adamson, Brock",Brock Adamson,CSU_BAK,6.166666667,0
"Adcock, Nile",Nile Adcock,KEN_WIL,6.166666667,0
"Adcox, Jayden",Jayden Adcox,NEW_PRI,6,0
"Addari, Michael",Michael Addari,ILL_RED,6.5,0
"Addison, Logan",Logan Addison,TEX_RAI,6.083333333,0
"Adelman, Jasper",Jasper Adelman,LEH_MOU,6.25,0
"Adelman, Trent",Trent Adelman,VCU_RAM,6.083333333,0
"Adelmann, Jonathan",Jonathan Adelmann,BUC_BIS,6.583333333,0
"Adetuyi, Kide",Kide Adetuyi,FAU_OWL,6.083333333,0
"Adkins, Dillon",Dillon Adkins,AUS_GOV,5.916666667,0
"Adkisson, Ethan",Ethan Adkisson,STE_LUM,6,0
"Advincula, Jarren",Jarren Advincula,GIT_YEL,5.916666667,0
"Afework, Isaiah",Isaiah Afework,TEX_ISL,6.416666667,0
"Agabedis III, James",James Agabedis,TUL_GRE,5.833333333,0
"Agar, Joey",Joey Agar,MSM_MTN,5.916666667,0
"Agarwal, Rohan",Rohan Agarwal,SPU_PEA,5.916666667,0
"Agnew, Luke",Luke Agnew,NOR_BIS,6.25,0
"Agosto, Justus",Justus Agosto,ALA_LIO,6.083333333,0
"Agosto, Kelvin",Kelvin Agosto,GAR_RUN,5.833333333,0
"Agosto, Pedro",Pedro Agosto,COP_STA,5.916666667,0
"Agresti, Adam",Adam Agresti,STJ_RED,6.25,0
"Aguayo, Aiden",Aiden Aguayo,UCLA,6,0
"Ahearn, Qwynn",Qwynn Ahearn,PEN_QUA,5.916666667,0
"Ahern, Garrett",Garrett Ahern,GRA_CAN,6.416666667,0
"Ahlers, Tommy",Tommy Ahlers,DAY_FLY,6.083333333,0
"Aiello, Christian",Christian Aiello,RID_BRO,5.916666667,0
"Aiken, Davis",Davis Aiken,COL_CHA,5.833333333,0
"Aiken, TJ",TJ Aiken,OLD_MON,6.166666667,0
"Aikens, Parker",Parker Aikens,RHO_RAM,6.083333333,0
"Ainsworth, Addison",Addison Ainsworth,ARM_BLA,6,0
"Airhart, Parker",Parker Airhart,MUR_RAC,6,0
"Airington, Cody",Cody Airington,AUS_GOV,6.166666667,0
"Akens, Ollie",Ollie Akens,MTSU_BLU,6.083333333,0
"Akers, Landon",Landon Akers,BEL_KNI,6.083333333,0
"Akers, Layne",Layne Akers,MTSU_BLU,6,0
"Akopov, Henry",Henry Akopov,ELO_PHO,6,0
"Alack, Lane",Lane Alack,NEW_PRI,6,0
"Alagheband, Luca",Luca Alagheband,HAR_CRI,6.333333333,0
"Alana, Diego",Diego Alana,LAM_CAR,5.916666667,0
"Alaniz, Lucas",Lucas Alaniz,CAL_MAT,6.166666667,0
"Alarid, Zach",Zach Alarid,SAM_BEA,6.083333333,0
"Alba, Jaden",Jaden Alba,ARI_SUN,6.25,0
"Albanese, Tyler",Tyler Albanese,SAN_SPA,6.5,0
"Albano, Noah",Noah Albano,CAN_GRI,6.333333333,0
"Albarran, Abel",Abel Albarran,MTSU_BLU,6,0
"Alberghini, Kaden",Kaden Alberghini,SEA_RED,6.416666667,0
"Alberico, Alex",Alex Alberico,KS_GF,6,0
"Albert, Eddie",Eddie Albert,DAR_GRE,6.083333333,0
"Alberti, Lucas",Lucas Alberti,GEO_PAT,5.833333333,0
"Alberto, Emmanuel",Manny Alberto,WES_HIL,6.166666667,0
"Albertus, Andrew",Andrew Albertus,PRE_BLH,5.833333333,0
"Albrecht, George",George Albrecht,UTA_WOL,6.333333333,0
"Albright, Blaine",Blaine Albright,MAR_THU,6.25,0
"Albright, Caden",Caden Albright,BIN_BEA,6,0
"Albright, Cody",Cody Albright,UNL_REB,6.25,0
"Albright, Tyler",Tyler Albright,DUK_BLU,6,0
"Alcock, Bobby",Bobby Alcock,ALA_CRI,6.416666667,0
"Alderman, Chandler",Chandler Alderman,MTSU_BLU,6.416666667,0
"Alderman, Chase",Chase Alderman,KEN_WIL,6.416666667,0
"Alduino, Matthew",Matt Alduino,QUI_BOB,6,0
"Alejandro, Hector",Hector Alejandro,SAC_PIO,6.083333333,0
"Alekson, Ben",Ben Alekson,FAI_STA,6.166666667,0
"Aleman, Angelo",Angelo Aleman,BRA_BRA,6.166666667,0
"Alexander, Brady",Brady Alexander,OHI_BOB,6,0
"Alexander, Hunter",Hunter Alexander,CEN_BEA,6,0
"Alexander, Kyree",Kyree Alexander,EIU_PAN,5.666666667,0
"Alexander, Luke",Luke Alexander,JMU_DUK,6.25,0
"Alfonso, Cowan",Cowan Alfonso,LOU_CAJ,6.25,0
"Alfonso, Jose",Jose Alfonso,ALA_HOR,5.666666667,0
"Alfonso-Rivera, Diego",Diego Alfonso-Rivera,WIN_EAG,6,0
"Alford, Dalton",Dalton Alford,TEX_TIG,5.916666667,0
"Alford, Jackson",Jackson Alford,ELO_PHO,5.916666667,0
"Alford, Seth",Seth Alford,NOF_OSP,5.916666667,0
"Alicea, Alex",Alex Alicea,LOU_CAR,5.666666667,0
"Alicea, Edwin",Edwin Alicea,USF_BUL,6.416666667,0
"Alig, Wesley",Wesley Alig,KEN_OWL,5.75,0
"Alivo, Kyle",Kyle Alivo,IOW_HAW,6.083333333,0
"Alleman, Tyler",Tyler Alleman,SAN_BRO,6,0
"Allen, Andrew",Andrew Allen,ASU_RED,6.166666667,0
"Allen, Cameron",Cam Allen,WRI_RAI,6.25,0
"Allen, Colby",Colby Allen,SOU_GOL,6,0
"Allen, Cooper",Cooper Allen,UNC_SEA,6.083333333,0
"Allen, Henry",Henry Allen,GEO_BUL,6.333333333,0
"Allen, J.C.",J.C. Allen,CSD_TRI,6.333333333,0
"Allen, Joe",Joe Allen,CLE_TIG,6.25,0
"Allen, John",John Allen,AKR_ZIP,6.166666667,0
"Allen, Lane",Lane Allen,HIG_PAN,6.25,0
"Allen, Noah",Noah Allen,OLE_REB,6.583333333,0
"Allen, Payton",Payton Allen,GRA_TIG,5.833333333,0
"Allen, Thomas",Thomas Allen,LOU_BUL,6.166666667,0
"Allen, Tyler",Ty Allen,MIN_GOL,5.833333333,0
"Allen, Will",Will Allen,USF_BUL,6.333333333,0
"Allen, Zeb",Zeb Allen,CEN_BEA,5.916666667,0
"Allensworth, Rece",Rece Allensworth,NIA_EAG,6.166666667,0
"Alloway, Gavin",Gavin Alloway,RID_BRO,6.166666667,0
"Allred, Gus",Gus Allred,NCB,6.25,0
"Allred, Henry",Hank Allred,ALC_BRA,5.75,0
"Allred, Nicholas",Nick Allred,STM_GAE,6.083333333,0
"Almond, Griffin",Griffin Almond,YSU_PEN,6.5,0
"Almonte, Erick",Erick Almonte,BET_WIL,6,0
"Aloisio, Collin",Collin Aloisio,SAM_BEA,6.083333333,0
"Alonso, Dylan",Dylan Alonso,TRO_TRJ,6.333333333,0
"Alonso, Marcelino",Marcelino Alonso,IND_SYC,6.166666667,0
"Aloy, Kuhio",Kuhio Aloy,ARK_RAZ,6.083333333,0
"Alsobrooks, Ayden",Ayden Alsobrooks,IWC,6,0
"Altman, Jake",Jake Altman,NOK_NOR,5.916666667,0
"Altmeyer, Ray",Ray Altmeyer,MER_UNI,5.666666667,0
"Aluko, Simon",Simon Aluko,FGCU,6.25,0
"Alvarado, Lazaro",Lazaro Alvarado,ARK_LIO,5.75,0
"Alvarez, Alonzo",Alonzo Alvarez,MIA_HUR,6.25,0
"Alvarez, Andreas",Andreas Alvarez,AUB_TIG,5.833333333,0
"Alvarez, David",David Alvarez,EKU_COL,6.166666667,0
"Alvarez, Enrique",Enrique Alvarez,FLO_PAN,6.333333333,0
"Alvarez, Jayden",Jayden Alvarez,WAG_SEA,6,0
"Alvarez, Ledy",Ledy Alvarez,JAC_TIG,5.833333333,0
"Alvarez, Noah",Noah Alvarez,CAL_ANT,6.166666667,0
"Alvarez, Salvador",Salvy Alvarez,STE_HAT,5.833333333,0
"Alveti, Gavin",Gavin Alveti,AUS_GOV,6,0
"Alvey, Caden",Caden Alvey,MER_BEA,6.166666667,0
"Alvord, Hunter",Hunter Alvord,SAM_BEA,6,0
"Alwood, Luke",Luke Alwood,SEA_RED,6.25,0
"Amaro, Kristian",Kristian Amaro,NOR_AGG,6,0
"Amborn, Cal",Cal Amborn,SAN_DON,6.416666667,0
"Ambrose, Chase",Chase Ambrose,SOU_LIO,6,0
"Amedee, Lee",Lee Amedee,LOU_CAJ,6.083333333,0
"Ames, Riley",Riley Ames,MER_UNI,6,0
"Ametrano, Lucas",Lucas Ametrano,HOL_CRU,5.833333333,0
"Amman, Jacob",Jake Amman,COL_CHA,6.166666667,0
"Ammerman, Alec",Alec Ammerman,SIU_SAL,5.833333333,0
"Amundson, Easton",Easton Amundson,AKR_ZIP,6.25,0
"Amundson, Kaden",Kaden Amundson,ASU_RED,5.833333333,0
"Anders, Jonathan",Jonathan Anders,SAM_BEA,6,0
"Andersen, Nick",Nick Andersen,HOL_CRU,6.333333333,0
"Andersen, Sam",Sam Andersen,DAR_GRE,6,0
"Anderson, AJ",AJ Anderson,ALA_ANM,6.166666667,0
"Anderson, Aric",Aric Anderson,RIC_OWL,6,0
"Anderson, Bryce",Bryce Anderson,BEL_KNI,5.75,0
"Anderson, Caleb",Caleb Anderson,DUK_BLU,6,0
"Anderson, Caleb",Caleb Anderson,LON_DIR,6.416666667,0
"Anderson, Collin",Collin Anderson,DUK_BLU,6,0
"Anderson, Drake",Drake Anderson,IWC,5.833333333,0
"Anderson, Eli",Eli Anderson,PUR_BOI,6,0
"Anderson, Garner",Garner Anderson,UTM_SKY,6.25,0
"Anderson, Ian",Ian Anderson,SOU_IND16,6.083333333,0
"Anderson, Jack",Jack Anderson,JMU_DUK,6.25,0
"Anderson, Lance",Lance Anderson,LIT_TRO,5.75,0
"Anderson, Logan",Logan Anderson,POR_PIL,6.25,0
"Anderson, Luke",Luke Anderson,BYU_COU,5.833333333,0
"Anderson, Michael",Michael Anderson,PEN_NIT,6.25,0
"Anderson, Nathan",Nathan Anderson,SOU_IND16,6.333333333,0
"Anderson, TJ",TJ Anderson,CIT_BUL,6,0
"Anderson, Will",Will Anderson,SAN_BRO,6.166666667,0
"Anderson, Zachary",Zach Anderson,BIN_BEA,6,0
"Andolina, David",David Andolina,LEH_MOU,6,0
"Andrade, William",William Andrade,NEW_PRI,6,0
"Andre, William",Will Andre,SAM_BUL,6.416666667,0
"Andreas, Jake",Jake Andreas,SAN_DON,6.25,0
"Andrews, Camden",Camden Andrews,CAL_LAN,5.916666667,0
"Andrews, Heath",Heath Andrews,NOR_WOL,6.25,0
"Andrews, Jack",Jack Andrews,MER_COL1,6.25,0
"Andrews, Jake",Jake Andrews,MSM_MTN,6.166666667,0
"Andrews, Tag",Tag Andrews,LIT_TRO,6,0
"Andrews, Tyler",Tyler Andrews,UWM_PAN,6.166666667,0
"Andrunas, Noah",Noah Andrunas,SLU_BILL,6.083333333,0
"Andrus, Shane",Shane Andrus,MAI_BLA,5.75,0
"Andrzejewski, Paul",Paul Andrzejewski,ARM_BLA,6.083333333,0
"Anello, Nick",Nick Anello,ARI_SUN,6.25,0
"Angelakos, Dimitri",Dimitri Angelakos,GIT_YEL,6.083333333,0
"Angus, Jack",Jack Angus,EMU_EAG,6.25,0
"Anna, Nakni",Nakni Anna,USF_BUL,5.75,0
"Anselmo, Anthony",Anthony Anselmo,BET_WIL,5.833333333,0
"Anstey, Cam",Cam Anstey,AIR_FOR,6.083333333,0
"Anthony, Chaz",Chaz Anthony,MOY_MOY,5.75,0
"Antigua, Ariel",Ariel Antigua,TEN_VOL,5.666666667,0
"Antolick, Brett",Brett Antolick,ECU_PIR,6.333333333,0
"Anvar, Bijan",Bijan Anvar,RIC_SPI,6.25,0
"Anzai, Keenan",Keenan Anzai,CAL_AGO,6.333333333,0
"Anzaldi, Anthony",Anthony Anzaldi,NJI_HIG,6,0
"Aoki, Caden",Caden Aoki,GEO_BUL,6,0
"Aoki, Tanner",Tanner Aoki,MIS_DEL,5.75,0
"Aponick, Jonas",Jonas Aponick,GEO_COL,6.083333333,0
"Appel, Brady",Brady Appel,BRA_BRA,6.083333333,0
"Appelman, Jaxon",Jaxon Appelman,COA_CHA,6.166666667,0
"Appelwick, Evan",Evan Appelwick,MIA_RED,6,0
"Appenzeller, Cameron",Cam Appenzeller,TEN_VOL,6.416666667,0
"Apple, Foster",Foster Apple,STE_HAT,6.083333333,0
"Applebey, Kaleb",Kaleb Applebey,AUS_GOV,6.583333333,0
"Applefield, Kalen",Kalen Applefield,CAL_BEA,6.083333333,0
"Applegate, Carson",Carson Applegate,STJ_HAW,5.916666667,0
"Applegate, Will",Will Applegate,UTA_WOL,6.166666667,0
"Araiza, Issac",Issac Araiza,SAN_AZT,6.416666667,0
"Arambula, Daniel",Daniel Arambula,UTA_UTE,6,0
"Aranda, Marcus",Marcus Aranda,ULM_WAR,6,0
"Arcamone, Jack",Jack Arcamone,GEO_BUL,6.083333333,0
"Archibald, Matt",Matt Archibald,NAV_MID,6.333333333,0
"Ard, Phillip",Phillip Ard,COA_CHA,6.25,0
"Ardoin, Sam",Sam Ardoin,NOR_DEM,6.166666667,0
"Arend, Joey",Joey Arend,XAV_MUS,6.083333333,0
"Arias, Nick",Nick Arias,ABI_WIL,6,0
"Armistead, JW",JW Armistead,SOU_GOL,6.416666667,0
"Armsey, Jake",Jake Armsey,USC_UPS,6,0
"Armstrong, Ian",Ian Armstrong,STM_GAE,6.083333333,0
"Armstrong, Jack",Jack Armstrong,IND_SYC,6.416666667,0
"Armstrong, Preston",Preston Armstrong,SEA_RED,6.25,0
"Armstrong, Tyce",Tyce Armstrong,BAY_BEA,6.333333333,0
"Arn, Kade",Kade Arn,BGS_FAL,6.333333333,0
"Arnberger, Jacob",Jacob Arnberger,WCC,5.833333333,0
"Arndt, Owen",Owen Arndt,JAC_GAM,6.25,0
"Arnett, Jeremiah",Jeremiah Arnett,RIC_OWL,6.333333333,0
"Arnold, Aaron",Aaron Arnold,KAN_WIL,6,0
"Arnold, Andrew",Andrew Arnold,SAM_BUL,6.166666667,0
"Arnold, Jake",Jake Arnold,MSM_MTN,6.166666667,0
"Arnold, Matt",Matt Arnold,SLU_BILL,6,0
"Arnold, Tristan",Tristan Arnold,UWM_PAN,6.083333333,0
"Arquette, Josh",Josh Arquette,UTS_ROA,6,0
"Arrambide, Cade",Cade Arrambide,LSU_TIG,6.25,0
"Arreola, Victor",Vic Arreola,FRE_BUL,6,0
"Arrocha, Derek",Derek Arrocha,JAC_TIG,5.833333333,0
"Arroyo, Ashton",Ashton Arroyo,GEO_HOY,6.583333333,0
"Arroyos, Lane",Lane Arroyos,WES_HIL,6.083333333,0
"Arsich, Liam",Liam Arsich,TOL_ROC,6.25,0
"Arthur, Jack",Jack Arthur,TCU_HFG,6.083333333,0
"Artigues, Casey",Casey Artigues,NIC_COL,5.666666667,0
"Arvidson, Brandon",Brandon Arvidson,TEN_VOL,6.416666667,0
"Aschettino, AJ",AJ Aschettino,NOR_HUS,6.083333333,0
"Asencio, Dorsy",Dorsy Asencio,RHO_RAM,6.166666667,0
"Ash, Trenton",Trent Ash,MIS_BEA,5.833333333,0
"Ashby, Cooper",Cooper Ashby,WRI_RAI,6.333333333,0
"Ashby, Lenny",Lenny Ashby,MEX_LOB,5.583333333,0
"Ashe III, Charles",Charles Ashe,GRA_TIG,5.833333333,0
"Ashe, Grayson",Grayson Ashe,JAC_GAM,6,0
"Ashford, Ryan",Ryan Ashford,ASU_RED,6.166666667,0
"Ashlock, Mason",Mason Ashlock,RIC_OWL,6.166666667,0
"Aslaksen, Evan",Evan Aslaksen,STE_LUM,6.25,0
"Atchley, Ethan",Ethan Atchley,RIC_OWL,6,0
"Ates, Trey",Trey Ates,ARM_BLA,6.083333333,0
"Atkins, Hunter",Hunter Atkins,GEO_PAN,6.083333333,0
"Atkinson, Bobby",Bobby Atkinson,MIS_BEA,5.833333333,0
"Atkinson, Charlie",Charlie Atkinson,BAY_BEA,6.416666667,0
"Aude, Max",Max Aude,PEP_WAV,6.333333333,0
"Augedahl, Tristan",Tristan Augedahl,SOU_JAC,6.666666667,0
"August, Tyler",Tyler August,LIB_FLA,6.25,0
"Augustin, Matt",Matt Augustin,VIR_CAV,6.25,0
"Ault, Mason",Mason Ault,ETS_BUC,6,0
"Austin, Ira",Ira Austin,KEN_WIL,6.166666667,0
"Austin, Owen",Owen Austin,WCC,6,0
"Avalos, Anthony",Anthony Avalos,HBU_HUS,5.833333333,0
"Avery, Tyler",Tyler Avery,NIC_COL,6.333333333,0
"Ayala, Bryson",Bryson Ayala,TUL_GRE,6.416666667,0
"Ayala, Luis",Luis Ayala,SOU_JAG,5.916666667,0
"Aycock, Cameron",Cameron Aycock,JMU_DUK,5.583333333,0
"Aycock, Grant",Grant Aycock,UNC_SPA,6.333333333,0
"Ayers, Andrew",Andrew Ayers,STB_BON,6.25,0
"Ayers, David",David Ayers,BUT_BUL,6.333333333,0
"Azarieh, Rj",RJ Azarieh,SPU_PEA,6.083333333,0
"Azemar, Hunter",Hunter Azemar,TEX_ISL,6.166666667,0
"Azpilcueta, Nico",Nico Azpilcueta,TRO_TRJ,6.166666667,0
"Babcock, Luke",Luke Babcock,MER_UNI,6,0
"Baber, Kaine",Kaine Baber,CIT_BUL,6.166666667,0
"Babione, Jackson",Jackson Babione,MAN_JAS,5.916666667,0
"Bach, Jordan",Jordan Bach,KAN_JAY,6,0
"Bachman, Brayden",Brayden Bachman,ECU_PIR,5.833333333,0
"Backstrom, Hunter",Hunter Backstrom,CAL_HIG,5.833333333,0
"Backus, Johnny",Johnny Backus,PEP_WAV,6.416666667,0
"Bacosa, Kyler",Kyler Bacosa,SAN_SPA,6.25,0
"Bacura, Nick",Nick Bacura,SAN_DON,5.833333333,0
"Bade, Kyle",Kyle Bade,SAN_TOR,5.916666667,0
"Badylak, Clay",Clay Badylak,MTSU_BLU,6,0
"Baer, TJ",TJ Baer,MAR_RED,5.75,0
"Baez, Danny",Danny Baez,FAU_OWL,6.083333333,0
"Baez, Nico",Nico Bañez,DAR_GRE,5.666666667,0
"Baftiri, Ximi",Ximi Baftiri,EVA_ACE,6.083333333,0
"Bagania, Jacob",Jacob Bagania,UMBC_RET,5.833333333,0
"Bagby, Noah",Noah Bagby,SOU_JAG,5.833333333,0
"Baglino, Aidan",Aidan Baglino,FAI_STA,6,0
"Bagnerise , Julius",Julius Bagnerise,GEO_PAT,5.75,0
"Bagnerise, Julius",Julius Bagnerise,GEO_PAT,5.75,0
"Bagwell, Cameron",Cameron Bagwell,WAK_DEA,6.416666667,0
"Bahl, Jaden",Jaden Bahl,MCN_COW,6,0
"Bailey, Carter",Carter Bailey,GEO_PAN,6,0
"Bailey, Hayden",Hayden Bailey,CEN_MIC,6.333333333,0
"Bailey, Myles",Myles Bailey,FLO_SEM,6.333333333,0
"Bailey, Ryan",Ryan Bailey,MAR_TER,6.083333333,0
"Bailey, Smith",Smith Bailey,ARI_WIL,6.333333333,0
"Baillargeon, Chris",Chris Baillargeon,CRE_BLU,6,0
"Baiotto, Ethan",Ethan Baiotto,TEN_VOL,6.25,0
"Baird, Tim",Tim Baird,MAR_THU,6.166666667,0
"Baird, Tyler",Tyler Baird,VAN_COM,6.333333333,0
"Baisley, Logan",Logan Baisley,FGCU,6.333333333,0
"Bak, Brandon",Brandon Bak,UIC_FLA,6.083333333,0
"Bak, Tyler",Tyler Bak,SOU_GAM,6,0
"Baker, Adam",Adam Baker,CHA_FOR,6.5,0
"Baker, Cade",Cade Baker,TOL_ROC,6,0
"Baker, Cayden",Cayden Baker,BAY_BEA,5.916666667,0
"Baker, Davis",Davis Baker,PEN_QUA,6.166666667,0
"Baker, Derek",Derek Baker,WM_TRI,6.083333333,0
"Baker, Eli",Eli Baker,RAD_HIG,6.166666667,0
"Baker, George",George Baker,LOU_CAR,6.083333333,0
"Baker, Holden",Holden Baker,PRE_BLH,6.25,0
"Baker, Jackson",Jackson Baker,HOU_COU,6.083333333,0
"Baker, Jaxon",Jaxon Baker,LON_DIR,6.416666667,0
"Baker, Logan",Logan Baker,BUT_BUL,6.333333333,0
"Baker, Ty",Ty Baker,RIC_OWL,6.333333333,0
"Baker, Wes",Wes Baker,SAM_BEA,6.083333333,0
"Baker, Will",Will Baker,GIT_YEL,6,0
"Baker-Livingston, Ben",Ben Baker-Livingston,JUD,6.166666667,0
"Bakes, Brayden",Brayden Bakes,ILL_RED,5.75,0
"Bakes, Ryan",Ryan Bakes,ILL_RED,5.833333333,0
"Bakus, Jack",Jack Bakus,BAL_CAR,6.333333333,0
"Balcer, Jack",Jack Balcer,QUI_BOB,6.083333333,0
"Balcom, Nicholas",Nick Balcom,QUI_BOB,6.25,0
"Baldrate, Jackson",Jackson Baldrate,PRI_TIG,6.166666667,0
"Baldridge, Cade",Cade Baldridge,KAN_JAY,5.75,0
"Baldwin, Gavin",Gavin Baldwin,NIU_HUS,6.25,0
"Balius, Gavin",Gavin Balius,BAL_CAR,6.083333333,0
"Ball, Bryant",Bryant Ball,BYU_COU,5.833333333,0
"Ball, Connor",Connor Ball,STE_HAT,6,0
"Ball, Ethan",Ethan Ball,VIR_TEC,6.083333333,0
"Ball, Nathan",Nate Ball,CEN_MIC,6.333333333,0
"Ball, Tyler",Tyler Ball,BYU_COU,6.083333333,0
"Ballard, Carson",Carson Ballard,GIT_YEL,6.083333333,0
"Ballard, Easton",Easton Ballard,SAM_BEA,6.083333333,0
"Ballard, Nicholas",Nicholas Ballard,LOU_CAR,6,0
"Ballard, Riley",Riley Ballard,CIT_BUL,6.416666667,0
"Balleau, Owen",Owen Balleau,LON_ISL22,6.25,0
"Ballin, Jordan",Jordan Ballin,UTS_ROA,5.75,0
"Ballinger, Brady",Brady Ballinger,KAN_JAY,6.166666667,0
"Balmaceda, Elian",Elian Balmaceda,STE_LUM,5.75,0
"Baltz, Zane",Zane Baltz,ALA_HOR,6.25,0
"Banda, Cristien",Cristien Banda,LON_DIR,6.083333333,0
"Banker, Brady",Brady Banker,IND_SYC,5.916666667,0
"Banks, Ali",Ali Banks,PUR_BOI,6.083333333,0
"Banks, Hagan",Hagan Banks,ALA_CRI,6.333333333,0
"Banks, Will",Will Banks,DAV_WIL,6.5,0
"Banner, Dylan",Dylan Banner,ALB_GRE,6.416666667,0
"Banning, Trevor",Trevor Banning,SAN_BRO,6,0
"Banuelos, Jackson",Jackson Banuelos,CAL_MAT,5.916666667,0
"Baptist, Jaxon",Jaxon Baptist,ALA_HOR,5.916666667,0
"Baran, Joey",Joey Baran,PIT_PAN,5.75,0
"Baratta, Logan",Logan Baratta,JUD,5.75,0
"Barber, Brett",Brett Barber,NCB,5.833333333,0
"Barber, Edyn",Edyn Barber,ALA_ANM,6.333333333,0
"Barberi, Jackson",Jackson Barberi,FLA_GAT,6.333333333,0
"Barbero, Danny",Danny Barbero,MCN_COW,5.5,0
"Barbier, Luke",Luke Barbier,SOU_LIO,5.833333333,0
"Barbour, Jake",Jake Barbour,UNC_SPA,5.75,0
"Barbrey, Miles",Miles Barbrey,CIT_BUL,5.75,0
"Barclay, Aiden",Aiden Barclay,COR_BRE,6.25,0
"Barczi, Colin",Colin Barczi,VAN_COM,6.25,0
"Bard, Luke",Luke Bard,HBU_HUS,6.25,0
"Bardi, Aidan",Aidan Bardi,MAI_BLA,5.833333333,0
"Barela, Mason",Mason Barela,COR_BRE,5.666666667,0
"Barfield, Brett",Brett Barfield,GIT_YEL,6.166666667,0
"Barfield, Jaden",Jaden Barfield,OKL_SOO,6,0
"Bargo, Dalton",Dalton Bargo,NOR_WOL,6.083333333,0
"Barham, Collier",Collier Barham,SAL_JAG,6.083333333,0
"Barile, Garrison",Garrison Barile,CHA_BUC,6.166666667,0
"Barjam, Zahir",Zahir Barjam,WES_MOU,5.833333333,0
"Barkal, Oliver",Oliver Barkal,MER_COL1,5.833333333,0
"Barker, Colby",Colby Barker,MER_COL1,6.416666667,0
"Barlow, Billy",Billy Barlow,FLA_GAT,6.166666667,0
"Barna, Branden",Branden Barna,NCA_BUL,6.083333333,0
"Barna, Cal",Cal Barna,UNL_REB,6.25,0
"Barnes, Bradyn",Bradyn Barnes,NMS_AGG,6.166666667,0
"Barnes, Rowen",Rowen Barnes,CAL_AGO,6.25,0
"Barnes, Trenton",Trent Barnes,HBU_HUS,6.166666667,0
"Barnett, Caleb",Caleb Barnett,ALA_CRI,6.5,0
"Barnett, Michael",Michael Barnett,UCLA,6.333333333,0
"Barnett, Spencer",Spencer Barnett,PEN_NIT,6.166666667,0
"Barnett, Ty",Ty Barnett,TEN_TEC,5.916666667,0
"Barney, Avon",Avon Barney,SOU_JAC,6.083333333,0
"Barnhardt, Joseph",Joseph Barnhardt,UTA_WOL,6.166666667,0
"Barnhouse, Josh",Josh Barnhouse,MEX_LOB,6.5,0
"Barnum, Lewis",Lewis Barnum,CSU_BAK,5.916666667,0
"Barone, Nick",Nick Barone,LIB_FLA,6,0
"Barozzino, Conner",Conner Barozzino,APP_MOU,6.083333333,0
"Barr, Chris",Chris Barr,ARM_BLA,5.916666667,0
"Barr, Jack",Jack Barr,ARL_MAV,6.333333333,0
"Barr, Kurt",Kurt Barr,MIC_WOL,6.25,0
"Barr, Preston",Preston Barr,MIC_WOL,6.25,0
"Barragan, Drew",Drew Barragan,UNL_REB,6,0
"Barrango, Ty",Ty Barrango,COA_CHA,6,0
"Barrera, Daren",Daren Barrera,UTR_VAQ,6.25,0
"Barrera, Robert",Bobby Barrera,UIC_FLA,6,0
"Barrett, Ben",Ben Barrett,FLO_SEM,6.333333333,0
"Barrett, Diego",Diego Barrett,NOR_AGG,6,0
"Barrett, Drey",Drey Barrett,SOU_GOL,6.25,0
"Barrett, Easton",Easton Barrett,ARI_SUN,6,0
"Barrett, Gabriel",Gabe Barrett,SAN_DON,6,0
"Barrett, Hudson",Hudson Barrett,OKL_COW,6.416666667,0
"Barrett, Jacob",Jacob Barrett,SOU_IND16,6,0
"Barrett, Liam",Liam Barrett,SAN_GAU,6,0
"Barrett, Sloan",Sloan Barrett,MUR_RAC,5.666666667,0
"Barrist, Alex",Alex Barrist,LAF_LEP,5.666666667,0
"Barron, Nick",Nick Barron,NOR_CAT,6.25,0
"Barron, Walker",Walker Barron,ECU_PIR,5.833333333,0
"Barroqueiro, Jayden",Jayden Barroqueiro,SET_PIR,6.083333333,0
"Barrow, Ben",Ben Barrow,JMU_DUK,6.25,0
"Barry, Aidan",Aidan Barry,VIL_WIL,6.166666667,0
"Barry, Aiden",Aidan Barry,VIL_WIL,6.166666667,0
"Barry, Cade",Cade Barry,CAL_MAT,5.833333333,0
"Barry, Nolan",Nolan Barry,ILL_RED,6.166666667,0
"Barter, Will",Will Barter,MAI_BLA,6,0
"Barth, Mason",Mason Barth,NOT_IRI,5.75,0
"Barthol, Blake",Blake Barthol,COA_CHA,5.75,0
"Bartkoski, Will",Will Bartkoski,GEO_PAN,6.416666667,0
"Bartlett, Nathan",Nate Bartlett,BAL_CAR,5.916666667,0
"Bartletti, Louis",Louie Bartletti,WM_TRI,6.166666667,0
"Barton, Hudson",Hudson Barton,VAN_COM,6.25,0
"Barton, Payton",Payton Barton,UIC_FLA,6.166666667,0
"Bartram, Derek",Derek Bartram,PAC_TIG,6.166666667,0
"Basehore, Colin",Colin Basehore,MAN_JAS,6.083333333,0
"Basel, Andrew",Andrew Basel,NOR_HUS,6.166666667,0
"Basgaard, Noah",Noah Basgaard,STO_COL,6.416666667,0
"Bashore, Peter",Peter Bashore,STJ_HAW,6.25,0
"Basler, Peyton",Peyton Basler,MIZ_TIG,6,0
"Bass, Daniel",Daniel Bass,TAR_TEX,6.333333333,0
"Bass, Wesley",Wesley Bass,GEO_PAN,6.166666667,0
"Basseer, Jack",Jack Basseer,SOU_TRO,6.083333333,0
"Bassett, Ashton",Ashton Bassett,TAR_TEX,6,0
"Bassett, Jason",Jason Bassett,MAR_RED,6.166666667,0
"Bassett, Nate",Nate Bassett,VIR_CAV,6.25,0
"Bassi, Nick",Nick Bassi,NIU_HUS,6.25,0
"Bassinger, Reese",Reese Bassinger,WES_MOU,6.083333333,0
"Basso, Owen",Owen Basso,LAF_LEP,6,0
"Basterrechea, Mitchell",Mitchell Basterrechea,QUN_RYL,5.75,0
"Bates, Camden",Camden Bates,GRA_CAN,5.833333333,0
"Bates, Charlie",Charlie Bates,STA_CAR,6.083333333,0
"Bates, Finley",Finley Bates,TEN_VOL,5.833333333,0
"Bates, Ryan",Ryan Bates,BIN_BEA,6.166666667,0
"Batt, Kyle",Kyle Batt,RID_BRO,6,0
"Batten, Chase",Chase Batten,ABI_WIL,6,0
"Battle, Justin",Justin Battle,ALA_LIO,6,0
"Batts, Justin",Justin Batts,DEL_HOR,5.916666667,0
"Batuyios, Chris",Chris Batuyios,STJ_RED,6,0
"Bauer, Jack",Jack Bauer,MSU_BDG,6.333333333,0
"Bauer, Jackson",Jackson Bauer,HOF_PRI,6.416666667,0
"Bauer, Patrick",Patrick Bauer,JMU_DUK,6.666666667,0
"Bauerle, Pierce",Pierce Bauerle,NOK_NOR,6.166666667,0
"Bauerschmidt, Ethan",Ethan Bauerschmidt,PEN_NIT,6.25,0
"Baughcum, Brant",Brant Baughcum,MER_BEA,6.166666667,0
"Bauman, Christian",Christian Bauman,MSM_MTN,5.75,0
"Baumbach, Nico",Nico Baumbach,LIT_TRO,5.916666667,0
"Baumgart, Andrew",Andrew Baumgart,NIA_EAG,6.333333333,0
"Baumler, Trever",Trever Baumler,TCU_HFG,6.25,0
"Bausone, Giovanni",Giovanni Bausone,HOF_PRI,6,0
"Bavaro, Will",Will Bavaro,FLO_SEM,6.166666667,0
"Baxter, Brady",Brady Baxter,ALA_ANM,6.25,0
"Bayer, Ty",Ty Bayer,KEN_OWL,6.333333333,0
"Bayles, Drake",Drake Bayles,UTM_SKY,6.166666667,0
"Bayles, Max",Max Bayles,SAN_BRO,6.25,0
"Bayne, Carson",Carson Bayne,CHA_FOR,5.916666667,0
"Bazile, Walker",Walker Bazile,HBU_HUS,5.75,0
"Bazmore, Sean",Sean Bazmore,SAM_BEA,6.166666667,0
"Beaman, Jackson",Jackson Beaman,MIS_BEA,6.166666667,0
"Bean, Brady",Brady Bean,POR_PIL,5.833333333,0
"Bean, Jake",Jake Bean,LOU_CAR,6.25,0
"Bear, Chris",Chris Bear,MAI_BLA,6.083333333,0
"Beard, Austin",Austin Beard,MON_HAW,6.25,0
"Beard, Trey",Trey Beard,FLO_SEM,6.166666667,0
"Beasley, James",James Beasley,PRI_TIG,6.583333333,0
"Beasley, Nikhil",Nikhil Beasley,SAC_HOR,6.333333333,0
"Beattie, Chase",Chase Beattie,SLU_BILL,5.916666667,0
"Beattie, Jackson",Jackson Beattie,NAV_MID,6,0
"Beaty, Jake",Jake Beaty,APP_MOU,6.166666667,0
"Beauchaine, Jake",Jake Beauchaine,SEA_RED,5.916666667,0
"Beaver, Landon",Landon Beaver,UAB_BLA,6.166666667,0
"Beazizo, Colin",Colin Beazizo,SAN_GAU,6,0
"Becerra, Donovan",Donovan Becerra,TEX_RAI,6.083333333,0
"Becerra, Luis",Luis Becerra,CAL_LAN,6.333333333,0
"Becerra, Temo",Temo Becerra,TEX_LON,6.083333333,0
"Bechtel, Jake",Jake Bechtel,UNC_SEA,6.416666667,0
"Beck, Carter",Carter Beck,AKR_ZIP,6,0
"Beck, Carter",Carter Beck,IND_SYC,5.916666667,0
"Beck, Chipper",Chipper Beck,UTA_WOL,6.083333333,0
"Beck, Sam",Sam Beck,UNO_MAV,5.666666667,0
"Becker, Andrew",Andrew Becker,CAL_MAT,6.083333333,0
"Becker, Colten",Colten Becker,NOR_BIS,5.833333333,0
"Becker, Eric",Eric Becker,VIR_CAV,6.25,0
"Becker, Jack",Jack Becker,CAL_HIG,6.083333333,0
"Becker, Luke",Luke Becker,MOY_MOY,6,0
"Becker, Zane",Zane Becker,TEX_AGG,5.916666667,0
"Beckley, Nathan",Nathan Beckley,YSU_PEN,6,0
"Beddingfield, Brock",Brock Beddingfield,LIP_BIS,6.166666667,0
"Bedford, Chris",Chris Bedford,HOF_PRI,6,0
"Bednar, Taylor",Taylor Bednar,AKR_ZIP,6.25,0
"Beeson, Britton",Britton Beeson,CAL_FUL,6.166666667,0
"Beezley, Josh",Josh Beezley,LIT_TRO,5.833333333,0
"Begert, Gus",Gus Begert,DAR_GRE,6.25,0
"Beggy, Richard",Richard Beggy,STJ_HAW,6,0
"Beheler, Blake",Blake Beheler,TEX_BOB,6.166666667,0
"Beheler, Reese",Reese Beheler,LAM_CAR,6.166666667,0
"Behrens, Adam",Adam Behrens,LOY_LIO,6.25,0
"Behrmann, Daniel",Daniel Behrmann,CAL_MAT,5.75,0
"Beiswenger, Jaxon",Jaxon Beiswenger,BUC_BIS,6.333333333,0
"Belardes, Alec",Alec Belardes,SAN_AZT,6.166666667,0
"Belcher, Nolan",Nolan Belcher,KS_GF,6.333333333,0
"Belecky, Jacob",Jacob Belecky,QUI_BOB,6.25,0
"Belisario, Anthony",Anthony Belisario,UCO_HUS,5.833333333,0
"Beliveau, Tanner",Tanner Beliveau,MSU_BDG,6.25,0
"Belk, Ethan",Ethan Belk,WOF_TER,5.833333333,0
"Bell, Andrew",Andrew Bell,DUK_BLU,6,0
"Bell, Cayson",Cayson Bell,BYU_COU,6.083333333,0
"Bell, David",David Bell,UNI_WES,6,0
"Bell, Devin",Devin Bell,ORE_DUC,6.333333333,0
"Bell, Hunter",Hunter Bell,ALC_BRA,6.416666667,0
"Bell, Hunter",Hunter Bell,STO_COL,6.166666667,0
"Bell, Jack",Jack Bell,EKU_COL,6.416666667,0
"Bell, Jack",Jack Bell,TCU_HFG,6,0
"Bell, Jake",Jake Bell,BEL_KNI,6.25,0
"Bell, Joshua",Josh Bell,FLO_RAT,6,0
"Bell, Mason",Mason Bell,SOU_IND16,5.666666667,0
"Bell, Mikey",Mikey Bell,GON_BUL,6.166666667,0
"Bell, Sam",Sam Bell,UMBC_RET,5.833333333,0
"Bell, Tadan",Tadan Bell,ETS_BUC,6.166666667,0
"Bell, Talan",Talan Bell,CLE_TIG,5.833333333,0
"Bell, Tyler",Tyler Bell,KEN_WIL,6.083333333,0
"Bellard, Kasen",Kasen Bellard,LOU_CAJ,6,0
"Bellhorn, Jackson",Jackson Bellhorn,NOF_OSP,6,0
"Bellisimo, Matteo",Matteo Bellisimo,SAN_DON,6.25,0
"Bello, Jack",Jack Bello,MIN_GOL,6.25,0
"Bello, Jason",Jason Bello,DAY_FLY,6,0
"Beltran, Jacob",Jacob Beltran,UTA_WOL,6,0
"Beltre, AJ",AJ Beltre,SAN_TOR,5.916666667,0
"Belyeu, Cade",Cade Belyeu,AUB_TIG,6.25,0
"Belza, Taylor",Taylor Belza,AUB_TIG,6,0
"Bemis, Alex",Alex Bemis,OSU_BUC,5.916666667,0
"Benattar, Jackson",Jackson Benattar,STE_LUM,5.833333333,0
"Bender, Pryce",Pryce Bender,NEB,6.333333333,0
"Bender, Zachary",Zach Bender,LOY_LIO,6.333333333,0
"Bendik, Brady",Brady Bendik,NAV_MID,6.333333333,0
"Benedict, Brek",Brek Benedict,NCB,5.833333333,0
"Benes, Seth",Seth Benes,LIN_UNI,6.166666667,0
"Benevento, Alex",Alex Benevento,BRO_BEA,5.833333333,0
"Benford, Tysen",Tysen Benford,GEO_PAN,6.25,0
"Benge, Connor",Connor Benge,LSU_TIG,6,0
"Benhardt, Alan",Alan Benhardt,WIN_EAG,6,0
"Benhardt, Nicolas",Nic Benhardt,LON_ISL22,6.083333333,0
"Benick, Tyler",Tyler Benick,LON_ISL22,6.333333333,0
"Benjamin, Sean",Sean Benjamin,NOF_OSP,5.916666667,0
"Benjamin, Tre",Tre Benjamin,BUT_BUL,6.5,0
"Benko, Troy",Troy Benko,MIA_RED,6.416666667,0
"Bennett, Brendon",Brendon Bennett,CLE_TIG,6.083333333,0
"Bennett, Elgin",Elgin Bennett,CSU_BAK,6,0
"Bennett, Jack",Jack Bennett,KEN_WIL,6.166666667,0
"Bennett, Jake",Jake Bennett,DAL_PAT,6.166666667,0
"Bennett, Jaylyn",Jaylyn Bennett,ALC_BRA,6,0
"Bennett, Nate",Nate Bennett,NIA_EAG,6.25,0
"Benson, Cameron",Cameron Benson,MIZ_TIG,6.25,0
"Benson, Kobe",Kobe Benson,EKU_COL,5.75,0
"Benson, Shaydon",Shay Benson,NIC_COL,6.5,0
"Bentley, Carter",Carter Bentley,NOR_HUS,6.25,0
"Bentley, Quinn",Quinn Bentley,NOR_WOL,6.166666667,0
"Bentley, Trey",Trey Bentley,USC_UPS,6.083333333,0
"Benton, Braden",Braden Benton,LAM_CAR,5.833333333,0
"Benton, Bradley",Brad Benton,USC_UPS,5.833333333,0
"Benzinger, Derek",Derek Benzinger,SET_PIR,6.083333333,0
"Benzor, Michael",Michael Benzor,DAL_PAT,6.333333333,0
"Beranek, Bryant",Bryant Beranek,MTSU_BLU,6.25,0
"Berch, Elijah",Eli Berch,LOU_BUL,5.916666667,0
"Berg, Andrew",Andrew Berg,ARM_BLA,6,0
"Berg, Aric",Aric Berg,FOR_RAM,6.083333333,0
"Bergamotto, Nick",Nick Bergamotto,SIE_SAI,5.75,0
"Berge, Noah",Noah Berge,WIN_EAG,6.166666667,0
"Bergeron, Nate",Nate Bergeron,STE_LUM,6,0
"Berggren, Austin",Austin Berggren,MIA_RED,6.25,0
"Berghult, Adam",Adam Berghult,DAL_PAT,6.166666667,0
"Bergman, Brayden",Brayden Bergman,BAY_BEA,6.083333333,0
"Bergman, Caleb",Caleb Bergman,BAY_BEA,5.75,0
"Bergman, Carter",Carter Bergman,MIS_BEA,6.166666667,0
"Bergman, Jackson",Jackson Bergman,IU,6.5,0
"Bergren, RJ",RJ Bergren,NIU_HUS,5.916666667,0
"Bergthold, Kincaid",Caid Bergthold,SBU_SEA,6.25,0
"Berini, Jackson",Jackson Berini,COL_CHA,5.833333333,0
"Berkland, Drew",Drew Berkland,NOT_IRI,5.916666667,0
"Bermudez, Derek",Derek Bermudez,JUD,5.75,0
"Bernadina, Rocco",Rocco Bernadina,KS_GF,6.416666667,0
"Bernard, Nolan",Nolan Bernard,USF_BUL,6.166666667,0
"Bernardini, Cristian",Cristian Bernardini,STJ_RED,6.083333333,0
"Berrisford, Max",Max Berrisford,THO_M,6,0
"Berry, Noah",Noah Berry,SAM_BUL,6.416666667,0
"Berry, Tanner",Tanner Berry,UNC_SPA,6,0
"Berryman, Porter",Porter Berryman,BRO_BEA,5.916666667,0
"Bertram, Reid",Reid Bertram,GAR_RUN,6.25,0
"Beruvides, Freddy",Freddy Beruvides,PIT_PAN,6,0
"Berzonski, Josh",Josh Berzonski,VIR_TEC,5.833333333,0
"Berzonski, Nate",Nate Berzonski,MSM_MTN,6.166666667,0
"Bessette, Jackson",Jackson Bessette,PUR_BOI,6,0
"Best, Justin",Justin Best,MAN_JAS,6.333333333,0
"Betances, Edwin",Edwin Betances,LEH_MOU,5.916666667,0
"Betancourt, Rafael",Rafael Betancourt,USF_BUL,5.916666667,0
"Bethel, Nolan",Nolan Bethel,KEN_OWL,6.25,0
"Betza, Heath",Heath Betza,MER_UNI,6,0
"Beuter, Gavin",Gavin Beuter,PUR_BOI,6.333333333,0
"Beverley, John",John Beverley,GEO_PAN,5.916666667,0
"Beverly, Jack",Jack Beverly,UMA_AMH,6.083333333,0
"Beversdorf, Alec",Alec Beversdorf,TEX_BOB,6,0
"Bevis, Blake",Blake Bevis,MSU_BDG,6.333333333,0
"Bevis, Logan",Logan Bevis,TEX_RAI,6.583333333,0
"Bianchina, AJ",AJ Bianchina,PEP_WAV,5.666666667,0
"Bianchina, Vince",Vince Bianchina,GRA_CAN,5.833333333,0
"Bianchini, Max",Max Bianchini,USC_UPS,6.416666667,0
"Bibb, Ryan",Ryan Bibb,NAV_MID,6.166666667,0
"Bickers, Tyler",Tyler Bickers,ARI_WIL,6,0
"Bickett, Brady",Brady Bickett,CHA_BUC,5.833333333,0
"Bicknell, Drake",Drake Bicknell,CSD_TRI,5.916666667,0
"Biddick, Dylan",Dylan Biddick,NEW_PRI,5.833333333,0
"Biddle Jr, Nick",Nick Biddle,HOF_PRI,6.083333333,0
"Biediger, Aaron",Aaron Biediger,NIC_COL,6.166666667,0
"Biehl, Tucker",Tucker Biehl,AKR_ZIP,6.25,0
"Biemiller, Reed",Reed Biemiller,FGCU,6,0
"Bienvenu, Matthew",Matthew Bienvenu,NEW_PRI,6.333333333,0
"Bigby, Paxton",Paxton Bigby,SAL_JAG,6.166666667,0
"Biggs, Dalton",Dalton Biggs,MER_BEA,6.333333333,0
"Bikar, Beny",Beny Bikar,SOU_JAG,5.833333333,0
"Bilka, Ryan",Ryan Bilka,MIA_HUR,6.083333333,0
"Billings, Luke",Luke Billings,TEX_AGG,6.166666667,0
"Billingsley, Chris",Chris Billingsley,MSU_BDG,6.333333333,0
"Billingsley, Ryker",Ryker Billingsley,ALA_LIO,5.833333333,0
"Bilo, Michael",Michael Bilo,WRI_RAI,6.333333333,0
"Bilotto, Nick",Nick Bilotto,DEL_BLU,6.166666667,0
"Bilski, Jack",Jack Bilski,LIT_TRO,6.25,0
"Binderup, Blake",Blake Binderup,TEX_AGG,6.5,0
"Bingaman, Ethin",Ethin Bingaman,AUB_TIG,6.083333333,0
"Bingham, Gunnar",Gunnar Bingham,EKU_COL,6,0
"Bingham, John",Johnny Bingham,EKU_COL,6.25,0
"Bingler, Alex",Alex Bingler,JMU_DUK,6.25,0
"Binnicker, Max",Max Binnicker,WAG_SEA,6.333333333,0
"Birchard, Owen",Owen Birchard,BRY_BUL,5.916666667,0
"Birchmeier, Brady",Brady Birchmeier,BGS_FAL,6.25,0
"Bishop, Brandon",Brandon Bishop,UTS_ROA,5.833333333,0
"Bishop, Jax",Jax Bishop,TEN_VOL,6.166666667,0
"Bishop, Tyler",Tyler Bishop,UNO_MAV,6.166666667,0
"Bissetta, Tristan",Tristan Bissetta,OLE_REB,6.083333333,0
"Bittner, Carson",Carson Bittner,EKU_COL,6.166666667,0
"Bixby, Mason",Mason Bixby,OKL_SOO,6.583333333,0
"Bjorn, Dane",Dane Bjorn,MIZ_TIG,6.083333333,0
"Blachowicz, Gavin",Gavin Blachowicz,NEB,6.333333333,0
"Black Jr., Ryan",Ryan Black,GEO_BUL,6.083333333,0
"Black, Collins",Collins Black,NOR_WOL,6.166666667,0
"Black, Rodric",Rodric Black,STE_LUM,6.25,0
"Black, Sawyer",Sawyer Black,NOR_TAR,6.083333333,0
"Black, Zach",Zach Black,MER_UNI,5.75,0
"Blackman, Parker",Parker Blackman,SAM_BEA,5.833333333,0
"Blackwell, Jake",Jake Blackwell,MCN_COW,6.25,0
"Blackwood, JT",JT Blackwood,ALA_CRI,6.166666667,0
"Blackwood, Rupert",Rupert Blackwood,SOU_JAG,6.25,0
"Blair, Alec",Alec Blair,OKL_SOO,6.5,0
"Blair, Benjamin",Ben Blair,LIB_FLA,6.25,0
"Blair, Brett",Brett Blair,GEO_HOY,6.166666667,0
"Blair, Eli",Eli Blair,FLA_GAT,6.666666667,0
"Blake, Drew",Drew Blake,OKL_COW,6.166666667,0
"Blakely, Jackson",Jackson Blakely,GIT_YEL,6,0
"Blakley, Jackson",Jack Blakley,WAG_SEA,6,0
"Blalack, Jayden",Jayden Blalack,DAL_PAT,5.916666667,0
"Blanchard, Evan",Evan Blanchard,GEO_PAT,5.833333333,0
"Blanchard, Garett",Garett Blanchard,MCN_COW,6.083333333,0
"Blanchet, Adrian",Adrian Blanchet,CAL_HIG,6.333333333,0
"Blanco, Evan",Evan Blanco,TEN_VOL,6,0
"Bland, Cermodrick",Cermodrick Bland,STE_LUM,5.833333333,0
"Bland, Yates",Yates Bland,UNL_REB,6.416666667,0
"Blank, Jackson",Jackson Blank,RIC_OWL,6.166666667,0
"Blanton, Brock",Brock Blanton,EKU_COL,6.333333333,0
"Blasche, Mason",Mason Blasche,SAM_BUL,6.166666667,0
"Blaser, Bryce",Bryce Blaser,ULM_WAR,5.75,0
"Blaszczak, Nick",Nick Blaszczak,GAR_RUN,6,0
"Blauser, Cooper",Cooper Blauser,JAC_GAM,6.083333333,0
"Blazier, Ian",Ian Blazier,SLU_BILL,5.833333333,0
"Blease, Chase",Chase Blease,IWC,6.166666667,0
"Bleeker, Jaron",Jaron Bleeker,IOW_HAW,6.25,0
"Blevins, Bryce",Bryce Blevins,MAR_THU,5.916666667,0
"Bline, Matthew",Matthew Bline,CAL_LAN,6,0
"Block, Brody",Brody Block,UTA_WOL,5.75,0
"Blomquist, Braylen",Braylen Blomquist,WRI_RAI,6,0
"Bloomer, Chase",Chase Bloomer,SOU_COU,5.916666667,0
"Blosser, Hayden",Hayden Blosser,OHI_BOB,6.25,0
"Bludau, Jose",Jose Bludau,IWC,6,0
"Blue, Connor",Connor Blue,CIN_BEA,6.25,0
"Blum, Aaron",Aaron Blum,OHI_BOB,6.25,0
"Blum, Brady",Brady Blum,DEL_BLU,6.083333333,0
"Blythe, Noah",Noah Blythe,NEV_WOL,6.25,0
"Boardman, Colton",Colton Boardman,CAL_MAT,5.75,0
"Boaz, Folger",Folger Boaz,NOR_TAR,6.166666667,0
"Bobb, Coleman",Coleman Bobb,VCU_RAM,6.25,0
"Bobb, Easton",Easton Bobb,THO_M,6,0
"Bocachica, Hiram",Hiram Bocachica,RIC_OWL,5.583333333,0
"Bodin, Jason",Jason Bodin,OKL_SOO,6.25,0
"Boeckmann, Evan",Evan Boeckmann,WRI_RAI,6.083333333,0
"Boehm, Garet",Garet Boehm,RIC_OWL,6.25,0
"Boesel, Carson",Carson Boesel,WAS_HUS,6.416666667,0
"Boever, Cael",Cael Boever,GRA_CAN,6,0
"Boffalo, Matt",Matt Boffalo,CAN_GRI,6,0
"Bogard, Justin",Justin Bogard,WIU_LEA,6.25,0
"Bogdanchik, Gavin",Gavin Bogdanchik,ELO_PHO,6,0
"Bogenpohl, Caden",Caden Bogenpohl,MIS_BEA,6.5,0
"Bohonek, Luke",Luke Bohonek,WIU_LEA,5.833333333,0
"Boice, Aidan",Aidan Boice,UMBC_RET,6.416666667,0
"Boines, Payton Chace",Payton Chace Boines,JAC_TIG,6,0
"Boisvert, David",David Boisvert,DUK_BLU,6.416666667,0
"Boland, Jacob",Jacob Boland,PUR_BOI,6.333333333,0
"Boles, Brady",Brady Boles,TEX_BOB,6,0
"Bolin, Robby",Robby Bolin,KAN_WIL,6.166666667,0
"Bolivar, Saul",Saul Bolivar,CSU_BAK,6,0
"Bollin, Jake",Jake Bollin,VIL_WIL,6,0
"Bolton, Matthew",Matt Bolton,BIN_BEA,6,0
"Bolyard, Tyler",Tyler Bolyard,CAL_HIG,6.083333333,0
"Bonanno, Grayson",Grayson Bonanno,CAL_AGO,6.333333333,0
"Bonaparte, Karson",Karson Bonaparte,JAC_GAM,6,0
"Bond, Krew",Krew Bond,SLU_BILL,5.75,0
"Bond, Owen",Owen Bond,THO_M,6,0
"Bond, Sam",Sam Bond,NOK_NOR,5.833333333,0
"Bonds, Peyton",Peyton Bonds,RUT_SCA,6.416666667,0
"Bonelli, Michael",Michael Bonelli,ALC_BRA,6.25,0
"Bonham, Lucas",Lucas Bonham,CAL_HIG,6.083333333,0
"Bonilla, Robert",Robert Bonilla,UTR_VAQ,6,0
"Bonilla, Sam",Sam Bonilla,WAG_SEA,6.166666667,0
"Bonior, Vance",Vance Bonior,UMA_AMH,6,0
"Bonn, Nick",Nick Bonn,CAL_MUS,6.083333333,0
"Bonn, Preston",Preston Bonn,NOR_WOL,6,0
"Book, Nolan",Nolan Book,TRO_TRJ,6.083333333,0
"Booker, Avery",Avery Booker,QUN_RYL,6.083333333,0
"Booker, Keontay",Avery Booker,QUN_RYL,6.083333333,0
"Boone, Oliver",Oliver Boone,KEN_WIL,6.333333333,0
"Booth, Braden",Braden Booth,MSU_BDG,6.166666667,0
"Borba, Casey",Casey Borba,TEX_LON,6.083333333,0
"Borberg, Ryan",Ryan Borberg,DAL_PAT,6.083333333,0
"Borboa, Logan",Logan Borboa,NCB,6.083333333,0
"Borchardt, Nathan",Nathan Borchardt,EMU_EAG,5.916666667,0
"Bordelon, Joe",Joseph Bordelon,NIC_COL,6.166666667,0
"Borghese, Vincent",Vincent Borghese,RUT_SCA,6.166666667,0
"Borgogno, Ty",Ty Borgogno,LON_DIR,5.916666667,0
"Borho, Reese",Reese Borho,ABI_WIL,6,0
"Borner, Drew",Drew Borner,UNO_MAV,5.833333333,0
"Boroff, Jabe",Jabe Boroff,TRO_TRJ,6,0
"Borrero, Ismael",Ismael Borrero,MER_BEA,6.166666667,0
"Borsari, James",James Borsari,MER_COL1,6.166666667,0
"Boruff, Dalton",Dalton Boruff,EIU_PAN,5.833333333,0
"Bosch, Case",Case Bosch,COA_CHA,6.416666667,0
"Bosch, Ryan",Ryan Bosch,WAK_DEA,6.666666667,0
"Bosley-Smith, Collin",Collin Bosley-Smith,LIP_BIS,6.333333333,0
"Bosse, Ben",Ben Bosse,TAR_TEX,6.083333333,0
"Botelho, Marcus",Marcus Botelho,SIE_SAI,6.416666667,0
"Bott, CJ",CJ Bott,UCLA,6.166666667,0
"Botti, Aidan",Aidan Botti,RHO_RAM,6.25,0
"Bottone, Evan",Evan Bottone,MAR_THU,5.75,0
"Bouchard, Alec",Alec Bouchard,WOF_TER,6.166666667,0
"Bouchard, Brady",Brady Bouchard,BIN_BEA,6.166666667,0
"Bouchard, Tyler",Tyler Bouchard,NAV_MID,6,0
"Bouche, Alex",Alex Bouche,ECU_PIR,6.25,0
"Boudreaux, CJ",CJ Boudreaux,BGS_FAL,6.083333333,0
"Bouknight, Cade",Cade Bouknight,WOF_TER,6,0
"Bouldin, Evan",Evan Bouldin,DEL_BLU,6.166666667,0
"Boully, Bryan",Bryan Boully,FAU_OWL,6.166666667,0
"Bounds, Burkley",Burkley Bounds,KEN_WIL,6.166666667,0
"Bourgeois, Noah",Noah Bourgeois,SOU_RED,6.083333333,0
"Bourque, Tom",Tom Bourque,WM_TRI,6.25,0
"Boushele, Harrison",Harry Boushele,HOU_COU,6.166666667,0
"Bowe, Warren",Warren Bowe,THO_M,6,0
"Bowen, Blake",Blake Bowen,AKR_ZIP,6.166666667,0
"Bowen, Brady",Brady Bowen,AKR_ZIP,6,0
"Bowen, Ethan",Ethan Bowen,STJ_HAW,6.083333333,0
"Bowen, Gavin",Gavyn Bowen,UNL_REB,6.166666667,0
"Bowen, Gavyn",Gavyn Bowen,UNL_REB,6.166666667,0
"Bowen, Karson",Karson Bowen,FLA_GAT,5.916666667,0
"Bowen, Terrance",Terrance Bowen,OKL_COW,6.166666667,0
"Bower, Colton",Colton Bower,WAS_HUS,6,0
"Bowerman, Josh",Josh Bowerman,ALA_LIO,6.25,0
"Bowers, Andrew",Andrew Bowers,CIT_BUL,6.25,0
"Bowery, Eli",Eli Bowery,PRE_BLH,6.25,0
"Bowes, Nathan",Nathan Bowes,SAC_PIO,6,0
"Bowie, Rhys",Rhys Bowie,WAK_DEA,6,0
"Bowker, Austin",Austin Bowker,CSD_TRI,6.25,0
"Bowling, Chet",Chet Bowling,WIN_EAG,6.166666667,0
"Bowling, Koen",Koen Bowling,MSM_MTN,5.916666667,0
"Bowman, Harrison",Harrison Bowman,CEN_MIC,6.083333333,0
"Bowman, Jacob",Jacob Bowman,UNI_WES,6.083333333,0
"Bowman, Kenan",Kenan Bowman,USC_UPS,6.166666667,0
"Bowman, Zach",Zach Bowman,GON_BUL,6,0
"Bowne, Deacon",Deacon Bowne,BUC_BIS,5.916666667,0
"Bowron, Nick",Nick Bowron,CRE_BLU,6.25,0
"Bowyer, Reid",Reid Bowyer,STE_LUM,5.833333333,0
"Box, Cullen",Cullen Box,UTM_SKY,5.916666667,0
"Boyd, Cameron",Cameron Boyd,OHI_BOB,6,0
"Boyd, Carter",Carter Boyd,DEL_HOR,6,0
"Boyd, Carter",Carter Boyd,MUR_RAC,6.083333333,0
"Boyd, Landon",Landon Boyd,AIR_FOR,6,0
"Boyd, Michael",Mikey Boyd,FRE_BUL,6.083333333,0
"Boyd, Reeve",Reeve Boyd,SAN_AZT,6.083333333,0
"Boyd, Zach",Zach Boyd,WM_TRI,6.083333333,0
"Boyer, Carson",Carson Boyer,GON_BUL,6,0
"Boykin, Luke",Luke Boykin,SAM_BUL,6.083333333,0
"Boykin, Robert",Robbie Boykin,PRE_BLH,6.25,0
"Boyle, Gavyn",Gavyn Boyle,SOU_IND16,6.166666667,0
"Boyle, Nick",Nick Boyle,XAV_MUS,6.25,0
"Boyle, Sam",Sam Boyle,SAN_SPA,6,0
"Boyle, Westin",Westin Boyle,PUR_BOI,6.25,0
"Boylston, Kyle",Kyle Boylston,FAU_OWL,6.083333333,0
"Boynar, Jake",Jake Boynar,ALA_LIO,6.5,0
"Bozeman, Charlie",Charlie Bozeman,SAM_BUL,5.833333333,0
"Bozenhard, Ryland",Ryland Bozenhard,SAL_JAG,5.833333333,0
"Bracamonte, Roman",Roman Bracamonte,CSU_BAK,6.416666667,0
"Brachbill, Ty",Ty Brachbill,HIG_PAN,6.166666667,0
"Bradberry, Grayson",Grayson Bradberry,BUT_BUL,6,0
"Braddy, Porter",Porter Braddy,UNC_SEA,5.916666667,0
"Bradfield, Jackson",Jackson Bradfield,KEN_OWL,5.916666667,0
"Bradford, Blake",Blake Bradford,UNI_WES,6.25,0
"Bradley, Connor",Connor Bradley,PRE_BLH,5.833333333,0
"Bradley, Grant",Grant Bradley,MIC_WOL,6.25,0
"Bradley, Tanner",Tanner Bradley,ORE_DUC,6.083333333,0
"Bradley, Xavier",Xavier Bradley,SOU_JAG,6,0
"Bradley-Cooney, Packy",Packy Bradley-Cooney,MIA_HUR,6.166666667,0
"Bradshaw, Bryan",Bryan Bradshaw,CSD_TRI,6,0
"Bradshaw, Kayden",Kayden Bradshaw,AIR_FOR,6.083333333,0
"Bradshaw, Marcus",Marcus Bradshaw,NOR_AGG,6,0
"Bradshaw, Michael",Michael Bradshaw,MER_COL1,6,0
"Brafa, Jack",Jack Brafa,TUL_GRE,6.25,0
"Braga, Vincent",Vincent Braga,SAN_BRO,6.25,0
"Bragga, Luke",Luke Bragga,TEN_TEC,6.25,0
"Brailey, Beau",Beau Brailey,CAM_CAM,6.25,0
"Brainard, Aidan",Aidan Brainard,NEV_WOL,6.25,0
"Braland, Gavin",Gavin Braland,SOU_GAM,6.25,0
"Brancel, Dominic",Dominic Brancel,HAR_CRI,5.833333333,0
"Branch, Kolby",Kolby Branch,GEO_BUL,5.916666667,0
"Branch, Kyle",Kyle Branch,OKL_SOO,6,0
"Brand, Ethan",Ethan Brand,TOW_TIG,5.833333333,0
"Brandenburg, Tommy",Tommy Brandenburg,WAS_HUS,5.916666667,0
"Brandt, Chase",Chase Brandt,WAG_SEA,5.916666667,0
"Brandt, Evan",Evan Brandt,ARI_WIL,6.333333333,0
"Brandt, Matt",Matt Brandt,HBU_HUS,6.333333333,0
"Branigin, Braden",Braden Branigin,LIN_UNI,6.083333333,0
"Branson, Ashton",Ashton Branson,DAL_PAT,5.916666667,0
"Brant, Phoenix",Phoenix Brant,SAN_TOR,6,0
"Brantingham, Bowen",Bo Brantingham,AIR_FOR,6.416666667,0
"Brasch, Cody",Cody Brasch,LOU_CAJ,6.25,0
"Brash, Ben",Ben Brash,CIT_BUL,6.333333333,0
"Brass, Cooper",Cooper Brass,UTA_WOL,5.833333333,0
"Brassfield, Mason",Mason Brassfield,TCU_HFG,6.333333333,0
"Braun, Mason",Mason Braun,LSU_TIG,6,0
"Bravette, Michael",Michael Bravette,GEO_COL,5.75,0
"Braxton, Dillon",Dillon Braxton,GRA_TIG,5.833333333,0
"Brazer, Alex",Alex Brazer,NOK_NOR,6.166666667,0
"Braziel, Kewan",Kewan Braziel,TEX_TIG,5.833333333,0
"Breen, James",Jimmy Breen,DEL_HOR,5.916666667,0
"Breidenbach, Mason",Mason Breidenbach,MIA_RED,6.25,0
"Bremner, Justin",Justin Bremner,CAN_GRI,6,0
"Brenczewski, Joey",Joey Brenczewski,USF_BUL,6.25,0
"Brennan, Cash",Cash Brennan,ARI_WIL,6.333333333,0
"Brennan, Payton",Payton Brennan,UCLA,6.25,0
"Brennan, Teddy",Teddy Brennan,GEO_BUL,6.166666667,0
"Brennecke, Ryan",Ryan Brennecke,WAK_DEA,6.083333333,0
"Breton, Mason",Mason Breton,LON_ISL22,6,0
"Bretschneider, Aidan",Aidan Bretschneider,MON_HAW,6.25,0
"Bretza, Zander",Zander Bretza,BAL_CAR,6,0
"Brewer, Garrett",Garrett Brewer,AUB_TIG,6.25,0
"Brewer, Gavin",Gavin Brewer,CIN_BEA,5.916666667,0
"Brewer, Jackson",Jackson Brewer,COL_LION,6.25,0
"Brewer, Nathan",Nathan Brewer,MTSU_BLU,6.083333333,0
"Breyfogle, Easton",Easton Breyfogle,ARI_WIL,6.166666667,0
"Brezinski, Caiden",Caiden Brezinski,BUT_BUL,6.25,0
"Bridenthal, Eli",Eli Bridenthal,XAV_MUS,6.166666667,0
"Bridges, Reilly",Reilly Bridges,SBU_SEA,6,0
"Bridges, Tommy",Tommy Bridges,NOR_CAT,5.916666667,0
"Bridges, Trey",Trey Bridges,GRA_TIG,6.083333333,0
"Briese, Jackson",Jackson Briese,EKU_COL,6,0
"Briggs, Asa",Asa Briggs,NMS_AGG,6.416666667,0
"Briggs, Brody",Brody Briggs,ARI_SUN,6.083333333,0
"Briggs, Will",Will Briggs,UMA_AMH,6,0
"Bright, Jordan",Jordan Bright,NOR_AGG,6.5,0
"Bright, Mason",Mason Bright,NCB,6.166666667,0
"Bright, Noah",Noah Bright,MIC_SPA,5.916666667,0
"Brightwell, Collin",Collin Brightwell,VAN_COM,6.083333333,0
"Brignac, Hudson",Hudson Brignac,NOR_DEM,5.583333333,0
"Brinham, Shane",Shane Brinham,MIC_WOL,6.083333333,0
"Brini, Niko",Niko Brini,WOF_TER,5.833333333,0
"Brinker, Jackson",Jackson Brinker,MAN_JAS,6.083333333,0
"Brinker, Matt",Matt Brinker,NOR_HUS,6,0
"Brinkman, Charlie",Charlie Brinkman,LIB_FLA,6,0
"Brissey, Mark",Mark Brissey,ARK_RAZ,6.25,0
"Bristow, Tristan",Tristan Bristow,VAN_COM,6.25,0
"Britt, Sean",Sean Britt,STJ_RED,6.166666667,0
"Brittain, Ethan",Ethan Brittain,UNC_SPA,5.833333333,0
"Broadhead, Teague",Teague Broadhead,SOU_GOL,6.166666667,0
"Brock, Brendan",Brendan Brock,OKL_SOO,6.25,0
"Brock, Logan",Logan Brock,KEN_OWL,6.166666667,0
"Brocklebank, Noah",Noah Brocklebank,NOR_CAT,6.25,0
"Broderick, Will",Will Broderick,VIR_CAV,6.083333333,0
"Broderick, Zach",Zach Broderick,MER_COL1,6,0
"Brodnax, Adam",Adam Brodnax,ULM_WAR,6.25,0
"Brodrick, Tyler",Tyler Brodrick,ORA_GOL,6,0
"Brodt, Walker",Walker Brodt,WIN_EAG,6,0
"Bronson, Steven",Steven Bronson,MAN_JAS,6.083333333,0
"Bronzini, Nic",Nic Bronzini,LIT_TRO,6.333333333,0
"Brookins, Kendall",Kendall Brookins,MIS_DEL,6,0
"Brooks, Braxton",Braxton Brooks,UNI_WES,6.083333333,0
"Brooks, Easton",Easton Brooks,DIX_STE,6.333333333,0
"Brooks, Hunter",Hunter Brooks,OHI_BOB,6,0
"Brooks, Jack",Jack Brooks,ORE_DUC,5.833333333,0
"Brooks, Jacob",Jacob Brooks,NIA_EAG,6,0
"Brooks, Jamarie",Jamarie Brooks,KEN_OWL,6.083333333,0
"Brooks, Noah",Noah Brooks,SIE_SAI,5.833333333,0
"Brooks, Otis",Otis Brooks,ALA_HOR,6,0
"Brooks, Ryder",Ryder Brooks,CAL_ANT,6.25,0
"Brooks, Tj",TJ Brooks,NCA_BUL,5.833333333,0
"Brooks, Ty",Ty Brooks,IND_SYC,5.916666667,0
"Brooks, Ty",Ty Brooks,SAL_JAG,5.666666667,0
"Brooks, Will",Will Brooks,DAV_WIL,6,0
"Brosius, Parker",Parker Brosius,GIT_YEL,6.166666667,0
"Broski, Adam",Adam Broski,MIC_SPA,6.333333333,0
"Brosnan, Reid",Reid Brosnan,ETS_BUC,6.166666667,0
"Brotz, AJ",AJ Brotz,MAR_RED,6,0
"Broussard, Tre",Tre Broussard,HOU_COU,6,0
"Brousseau, Daniel",Dan Brousseau,BYU_COU,6.416666667,0
"Brouwer, Adam",Adam Brouwer,CIN_BEA,6.083333333,0
"Brower, Carson",Carson Brower,BEL_KNI,5.833333333,0
"Brown Jr, Bradley",Bradley Brown,QUN_RYL,5.916666667,0
"Brown, Blaine",Blaine Brown,TEN_VOL,6.25,0
"Brown, Blake",Blake Brown,SAM_BEA,5.75,0
"Brown, Brady",Brady Brown,SOU_JAC,5.916666667,0
"Brown, CJ",CJ Brown,CSU_BAK,6.166666667,0
"Brown, Cade",Cade Brown,GIT_YEL,6.166666667,0
"Brown, Caden",Caden Brown,SOU_JAG,5.833333333,0
"Brown, Chad",Chad Brown,CIN_BEA,6.5,0
"Brown, Chris",Chris Brown,MIS_DEL,6.333333333,0
"Brown, Colin",Colin Brown,HOL_CRU,5.916666667,0
"Brown, Colt",Colt Brown,LOU_CAJ,6.166666667,0
"Brown, Dalton",Dalton Brown,LAF_LEP,6.666666667,0
"Brown, Dion",Dion Brown,CLE_TIG,5.833333333,0
"Brown, Drew",Drew Brown,CHA_BUC,5.833333333,0
"Brown, Evan",Evan Brown,NAV_MID,5.833333333,0
"Brown, Grady",Grady Brown,CAN_GRI,6,0
"Brown, Gunnar",Gunnar Brown,UTS_ROA,6.333333333,0
"Brown, Hudson",Hudson Brown,KEN_WIL,6.5,0
"Brown, Ian",Ian Brown,NAV_MID,5.916666667,0
"Brown, JT",JT Brown,LON_LAN,6,0
"Brown, Jack",Jack Brown,LOU_CAR,6.083333333,0
"Brown, Jake",Jake Brown,CEN_MIC,6.25,0
"Brown, Jake",Jake Brown,LSU_TIG,6.166666667,0
"Brown, Jordan",Jordan Brown,FLO_RAT,6.083333333,0
"Brown, Josiah",Josiah Brown,MAN_JAS,6,0
"Brown, Kaden",Kaden Brown,KEN_OWL,6.166666667,0
"Brown, Malcolm",Malcolm Brown,LIT_TRO,6.083333333,0
"Brown, Michael",Michael Brown,HOF_PRI,5.75,0
"Brown, Quincey",Quincey Brown,CSD_TRI,6.166666667,0
"Brown, Trip",Trip Brown,CIT_BUL,6.166666667,0
"Brown, William",William Brown,FLO_RAT,5.583333333,0
"Brown, Zachary",Zach Brown,GEO_BUL,6.416666667,0
"Brown, Zane",Zane Brown,BEL_BRU,6.333333333,0
"Brozon, Isaac",Isaac Brozon,MOY_MOY,6.083333333,0
"Bruce, Gage",Gage Bruce,POR_PIL,5.833333333,0
"Brueggemann, Colin",Colin Brueggemann,OKL_COW,6.5,0
"Bruegman, Lynden",Lynden Bruegman,NEB,6.166666667,0
"Bruggeman, Tyler",Tyler Bruggeman,LON_LAN,5.916666667,0
"Brumbaugh, Carson",Carson Brumbaugh,ARK_RAZ,6.25,0
"Brumbaugh, Cayden",Cayden Brumbaugh,OKL_SOO,5.75,0
"Brummel, Henry",Henry Brummel,ILL_RED,6.333333333,0
"Bruner, Brayden",Brayden Bruner,BEL_KNI,5.916666667,0
"Brunetti, Mikey",Mikey Brunetti,QUN_RYL,5.833333333,0
"Bruno, Gregory",Greg Bruno,SET_PIR,6,0
"Bruno, Jimmy",Jimmy Bruno,MON_HAW,5.75,0
"Bruno, Joseph",Joey Bruno,STB_BON,6.083333333,0
"Bruno, Luca",Luca Bruno,SPU_PEA,6.166666667,0
"Bruno, Matt",Matt Bruno,GEO_COL,6.166666667,0
"Bruno, Nick",Nick Bruno,NCA_BUL,5.916666667,0
"Brunson, Chase",Chase Brunson,TCU_HFG,6.25,0
"Bryan, Drew",Drew Bryan,DUK_BLU,6,0
"Bryan, Dylan",Dylan Bryan,DEL_BLU,6.166666667,0
"Bryan, England",England Bryan,VAN_COM,6.083333333,0
"Bryan, Sam",Sam Bryan,PIT_PAN,6,0
"Bryan, Tyler",Tyler Bryan,HOU_COU,6.083333333,0
"Bryans, Beau",Beau Bryans,JAC_GAM,6,0
"Bryant, Cam",Cam Bryant,OHI_BOB,5.833333333,0
"Bryant, Carson",Carson Bryant,COL_CHA,6,0
"Bryant, Easton",Easton Bryant,NCB,6.333333333,0
"Bryant, Eli",Eli Bryant,KS_GF,6.166666667,0
"Bryant, Gabe",Gabe Bryant,UTM_SKY,6.25,0
"Bryant, Kade",Kade Bryant,NOR_DEM,5.916666667,0
"Bryant, Luke",Luke Bryant,OHI_BOB,6.083333333,0
"Bryce, Dawson",Dawson Bryce,CHA_FOR,6.25,0
"Brzozowski, Gavin",Gavin Brzozowski,ABI_WIL,6.083333333,0
"Brzustewicz, Parker",Parker Brzustewicz,NOT_IRI,6.25,0
"Bucciero, Matthew",Matthew Bucciero,FAI_STA,6.166666667,0
"Buchanan, Brayden",Brayden Buchanan,BAY_BEA,6.083333333,0
"Buchanan, Brett",Brett Buchanan,WIU_LEA,6.5,0
"Buchanan, Drew",Drew Buchanan,NOF_OSP,6.25,0
"Buchanan, Joey",Joey Buchanan,BGS_FAL,6.083333333,0
"Buchman, Nick",Nick Buchman,MAR_RED,6.166666667,0
"Buck, Jett",Jett Buck,NEB,5.916666667,0
"Buckler, Ryan",Ryan Buckler,FAU_OWL,6.083333333,0
"Buckley, Brock",Brock Buckley,BUT_BUL,6.333333333,0
"Buckner, Finley",Finley Buckner,PEP_WAV,6.166666667,0
"Buckner, John Paul",John Buckner,TEX_ISL,6,0
"Buczkowski, Adam",Adam Buczkowski,CIN_BEA,6.166666667,0
"Budd, Davis",Davis Budd,WCC,6.166666667,0
"Budis, Sean",Sean Budis,BOC_EAG,6.333333333,0
"Budzik, Jacob",Jacob Budzik,UNC_SPA,5.75,0
"Buecker, Brendan",Brendan Buecker,MON_HAW,5.833333333,0
"Buettenback, Max",Max Buettenback,NEB,6.083333333,0
"Buffington, Matthew",Matthew Buffington,MIA_RED,6.083333333,0
"Buffkin, Andrew",Andrew Buffkin,CIT_BUL,5.916666667,0
"Buffone, Ethan",Ethan Buffone,MER_BEA,6.25,0
"Bufford, Noah",Noah Bufford,MIS_DEL,6,0
"Bugner, Drew",Drew Bugner,WIC_SHO,6.166666667,0
"Buhl, Jason",Jason Buhl,WIU_LEA,6.416666667,0
"Bullard, Jake",Jake Bullard,NCB,6.083333333,0
"Bullock, Garrison",Garrison Bullock,BUC_BIS,6.166666667,0
"Bullock, Jabril",Jabril Bullock,DEL_HOR,5.916666667,0
"Bullock, Josh",Josh Bullock,SPU_PEA,6,0
"Bunch, Caleb",Caleb Bunch,BAY_BEA,6.416666667,0
"Bunch, Wyatt",Wyatt Bunch,LON_LAN,6.333333333,0
"Bunnell, Jack",Jack Bunnell,CHA_BUC,5.75,0
"Bunting, Brody",Brody Bunting,LIT_TRO,6.083333333,0
"Burch, Cayden",Cayden Burch,ARL_MAV,5.75,0
"Burch, Landen",Landen Burch,MTSU_BLU,6.333333333,0
"Burden, Alex",Alex Burden,BAL_CAR,5.833333333,0
"Burdette, Clay",Clay Burdette,XAV_MUS,6.166666667,0
"Burdick, Cam",Cam Burdick,CAL_FUL,6.25,0
"Burdick, Gage",Gage Burdick,LAM_CAR,5.916666667,0
"Burdine, Brooks",Brooks Burdine,AIR_FOR,5.833333333,0
"Bureau, John",John Bureau,STO_COL,6.083333333,0
"Burg, Evan",Evan Burg,TUL_GRE,6.083333333,0
"Burgess, Sam",Sam Burgess,CAL_LAN,6.083333333,0
"Burgess, Will",Will Burgess,COL_CHA,6.25,0
"Burgess, William",Will Burgess,BUT_BUL,6.333333333,0
"Burgos, Jorge",Jorge Burgos,UMASS_RIV,6.083333333,0
"Burkart, Bauer",Bauer Burkart,PRE_BLH,6,0
"Burke, Brendan",Brendan Burke,SAN_DON,6,0
"Burke, Clayton",Clayton Burke,MIA_RED,6,0
"Burke, Jimmy",Jimmy Burke,CRE_BLU,6.416666667,0
"Burke, Mac",Mac Burke,DAR_GRE,6.333333333,0
"Burke, Thomas",Thomas Burke,GEO_EAG,6.5,0
"Burkitt, Maddox",Maddox Burkitt,KAN_JAY,6.166666667,0
"Burnett, Kejuan",Kejuan Burnett,GRA_TIG,6.083333333,0
"Burnette, Carter",Carter Burnette,WCC,6.333333333,0
"Burnham, Eli",Eli Burnham,CAL_AGO,6.25,0
"Burnham, Jacob",Jacob Burnham,BOC_EAG,6,0
"Burnham, Noah",Noah Burnham,BEL_BRU,5.75,0
"Burns, Conor",Conor Burns,STJ_RED,5.833333333,0
"Burns, Dane",Dane Burns,MSU_BDG,6.416666667,0
"Burns, Jackson",Jackson Burns,TEX_RAI,6.333333333,0
"Burns, Nin",Nin Burns,UNL_REB,6,0
"Burns, Thomas",Thomas Burns,TEX_LON,6.25,0
"Burns, Ty",Ty Burns,MIS_DEL,6.333333333,0
"Burns, Will",Will Burns,HAR_CRI,6.083333333,0
"Burns, Zane",Zane Burns,OKL_COW,6,0
"Burress, Braden",Braden Burress,ECU_PIR,5.833333333,0
"Burress, Drew",Drew Burress,GIT_YEL,5.75,0
"Burroughs, Keeton",Keeton Burroughs,WOF_TER,5.666666667,0
"Burroughs, Michael",Michael Burroughs,PRA_PAN,6.166666667,0
"Burroughs, Noah",Noah Burroughs,DEL_BLU,6.083333333,0
"Burrows, Elliott",Elliot Burrows,MCN_COW,5.916666667,0
"Burt, Jake",Jake Burt,MAR_RED,6.25,0
"Burt, Max",Max Burt,IOW_HAW,6,0
"Burton, Trey",Trae Burton,JAC_TIG,6.25,0
"Busby, Trevor",Trevor Busby,SAN_DON,6.333333333,0
"Bush, Jordan",Jordan Bush,IWC,6.166666667,0
"Bush, Wyatt",Wyatt Bush,UNC_SPA,5.916666667,0
"Bushey, Liam",Liam Bushey,WIU_LEA,6.25,0
"Busick, Zach",Zach Busick,LIT_TRO,6.083333333,0
"Buss, Mason",Mason Buss,UIC_FLA,6.083333333,0
"Bussard, Louis",Louis Bussard,ILL_RED,5.833333333,0
"Bussey, Reggie",Reggie Bussey,UNL_REB,6.166666667,0
"Busson, Connor",Connor Busson,GAR_RUN,6.166666667,0
"Busson, Jake",Jake Busson,UIC_FLA,6.083333333,0
"Bustamante, Alex",Alex Bustamante,ARL_MAV,5.833333333,0
"Busyn, Trevor",Trevor Busyn,UTM_SKY,6.666666667,0
"Butash, Mason",Mason Butash,PEN_NIT,6.166666667,0
"Butera, Christian",Christian Butera,BRO_BEA,6.25,0
"Butina, Tyler",Tyler Butina,MUR_RAC,6.166666667,0
"Butler, David",David Butler,CAL_ANT,6.083333333,0
"Butler, Jake",Jake Butler,GEO_PAT,5.833333333,0
"Butler, Josh",Josh Butler,ARI_SUN,6.583333333,0
"Butler, Tazwell",Taz Butler,KAN_WIL,6,0
"Butler, Zac",Zac Butler,WRI_RAI,6,0
"Button, Nico",Nico Button,SAN_TOR,5.833333333,0
"Buursema, Porter",Porter Buursema,GIT_YEL,6.083333333,0
"Buxton, Eli",Eli Buxton,ARI_SUN,6.416666667,0
"Byberg, Owen",Owen Byberg,EVA_ACE,6.083333333,0
"Byers, Brooks",Brooks Byers,NEW_PRI,6.083333333,0
"Byers, Carson",Carson Byers,MIA_RED,5.75,0
"Byers, Reilly",Reilly Byers,ETS_BUC,6.083333333,0
"Byrd, Garrett",Garrett Byrd,WIN_EAG,5.916666667,0
"Byrd, Jaxon",Jaxon Byrd,CAL_HIG,6.25,0
"Byrd, Justin",Justin Byrd,GEO_BUL,6.166666667,0
"Byrd, Kameron",Kameron Byrd,SOU_JAG,6,0
"Byrd, Parker",Parker Byrd,ECU_PIR,5.916666667,0
"Byrdd, Jaxon",Jaxon Byrd,CAL_HIG,6.25,0
"Byrne, Connor",Connor Byrne,SET_PIR,6.083333333,0
"Caballero, Rocco",Rocco Caballero,SAN_SPA,5.833333333,0
"Cabassa, Erwin",Erwin Cabassa,TEX_TIG,6.166666667,0
"Cabbage, Carson",Carson Cabbage,USF_BUL,6.166666667,0
"Cabral, Pierre",Pierre Cabral,JAC_TIG,6,0
"Cabrera, Antonio",AC Cabrera,SAN_DON,5.833333333,0
"Cackovic, Jake",Jake Cackovic,NOR_TAR,6.583333333,0
"Cadena, Isaac",Isaac Cadena,SOU_TRO,5.833333333,0
"Cadieux Lanoue, Elliot",Elliot Cadieux-Lanoue,FGCU,6.083333333,0
"Cadieux, Brian",Brian Cadieux,ALB_GRE,6,0
"Cadiz, Dominic",Dominic Cadiz,UCLA,6.083333333,0
"Cafferillo, Dominick",Dom Cafferillo,GEO_HOY,6.083333333,0
"Cagna, Jake",Jake Cagna,CAN_GRI,6.166666667,0
"Cahill, Brandon",Riley Cahill,DAY_FLY,6,0
"Cahill, Cole",Cole Cahill,TOL_ROC,6.166666667,0
"Cahill, Riley",Riley Cahill,DAY_FLY,6,0
"Caietta, Frank",Frank Caietta,SPU_PEA,6.333333333,0
"Cain IV, Harry",Harry Cain,KEN_OWL,6.5,0
"Cain, Andrew",Andrew Cain,ARI_WIL,6.166666667,0
"Calabrese, John",John Calabrese,BUC_BIS,5.833333333,0
"Calabretti, Joseph",Joey Calabretti,STB_BON,6.166666667,0
"Calder, Ethan",Ethan Calder,BAY_BEA,5.916666667,0
"Caldwell, Jackson",Jackson Caldwell,UNC_SEA,6.166666667,0
"Calhoun, Hudson",Hudson Calhoun,OLE_REB,6.333333333,0
"Calise, Braden",Braden Calise,UCF_KNI,5.916666667,0
"Call, Phoenix",Phoenix Call,UCLA,6,0
"Callahan, Michael",Michael Callahan,MIS_BEA,5.833333333,0
"Callanan, Brendan",Brendan Callanan,ION_GAE,6,0
"Callaway, Andrew",Andrew Callaway,DEL_BLU,6,0
"Callaway, Caden",Caden Callaway,COR_BRE,5.583333333,0
"Callaway, Stetson",Stetson Callaway,FGCU,6.333333333,0
"Callaway, Trey",Trey Callaway,ALA_HOR,6.166666667,0
"Calloway, Bryce",Bryce Calloway,GEO_BUL,6.333333333,0
"Calveric, Luke",Luke Calveric,WM_TRI,6.5,0
"Calvillo, Cameron",Cam Calvillo,CAL_MAT,5.833333333,0
"Calzadiaz, Kyle",Kyle Calzadiaz,SAN_SPA,6.25,0
"Camac, Chase",Chase Camac,QUI_BOB,5.916666667,0
"Camacho, Gabe",Gabe Camacho,CSD_TRI,6.083333333,0
"Camacho, Sean",Sean Camacho,SIE_SAI,5.75,0
"Camarillo, Allan",Allan Camarillo,GAR_RUN,5.833333333,0
"Camberg, Aidan",Aidan Camberg,PEP_WAV,6.083333333,0
"Camera, Dominic",Dom Camera,FAI_STA,6.166666667,0
"Cameron, Griffin",Griffin Cameron,GRA_CAN,6.083333333,0
"Cameron, Shawn",Shawn Cameron,NIA_EAG,6.333333333,0
"Cameron, Taggert",Taggart Cameron,FLO_PAN,6.333333333,0
"Cameron, Tracen",Tracen Cameron,FLO_PAN,6,0
"Camilleri, Lorenzo",Lorenzo Camilleri,NJI_HIG,5.916666667,0
"Camp, AJ",AJ Camp,CHA_FOR,6.083333333,0
"Campana, Wandel",Wandel Campana,WIU_LEA,6.083333333,0
"Campanale, Rees",Rees Campanale,CEN_MIC,6.166666667,0
"Campau, Carter",Carter Campau,CEN_MIC,6.166666667,0
"Campbell, Blake",Blake Campbell,AIR_FOR,5.833333333,0
"Campbell, Bryce",Bryce Campbell,NMS_AGG,6.333333333,0
"Campbell, Cade",Cade Campbell,CAL_BEA,6.083333333,0
"Campbell, Cason",Cason Campbell,ASU_RED,6,0
"Campbell, Cole",Cole Campbell,NJI_HIG,5.916666667,0
"Campbell, Cooper",Cooper Campbell,VCU_RAM,6.166666667,0
"Campbell, Jackson",Jackson Campbell,STJ_HAW,6,0
"Campbell, Jay",Jay Campbell,FLO_RAT,5.916666667,0
"Campbell, Kayden",Kayden Campbell,GIT_YEL,6.166666667,0
"Campbell, Keaton",Keaton Campbell,ORA_GOL,6.166666667,0
"Campbell, Kyle",Kyle Campbell,LOU_CAR,6.333333333,0
"Campbell, Logan",Logan Campbell,SOU_JAC,6.166666667,0
"Campbell, Saborn",Saborn Campbell,TOL_ROC,6,0
"Campbell, Scott",Scott Campbell,KEN_WIL,6,0
"Campbell, Tyler",Tyler Campbell,MOY_MOY,6,0
"Campbell, Wyatt",Wyatt Campbell,JMU_DUK,6.333333333,0
"Campi, Harrison",Harrison Campi,WOF_TER,5.916666667,0
"Campidilli, Clayton",Clayton Campidilli,USC_UPS,6.083333333,0
"Campo, Jason",Jason Campo,NOR_AGG,6.166666667,0
"Campos, Jacob",Jacob Campos,STM_GAE,6,0
"Campos, Josh",Josh Campos,LIB_FLA,6.083333333,0
"Campos, Julio",Juliomar Campos,MIZ_TIG,5.916666667,0
"Campos, Trey",Trey Campos,JMU_DUK,6,0
"Can, Dillon",Dillon Can,NJI_HIG,5.916666667,0
"Canale, Billy",Billy Canale,MOY_MOY,6.083333333,0
"Canalichio, Will",Will Canalichio,TEX_BOB,6.333333333,0
"Canavan, Chris",Chris Canavan,SAN_AZT,6.5,0
"Cancel, Chris",Chris Cancel,UCO_HUS,6,0
"Candelas, Hector",Hector Candelas,FLO_PAN,6,0
"Canizares, Matt",Matt Canizares,SBU_SEA,6,0
"Cannon, Jack",Jack Cannon,MOY_MOY,6.25,0
"Cannon, Matthew",Matthew Cannon,PRE_BLH,5.833333333,0
"Cannon, Shane",Shane Cannon,CSD_TRI,5.833333333,0
"Cano, Angel",Angel Cano,LIT_TRO,6.166666667,0
"Canody, Andrew",Drew Canody,GEO_PAT,6.083333333,0
"Canon, Cider",Cider Canon,DUK_BLU,5.916666667,0
"Cantareira, Ethan",Ethan Cantareira,LIN_UNI,6.083333333,0
"Canter, Noah",Noah Canter,PAC_TIG,5.666666667,0
"Canterberry, Donavan",Donavan Canterberry,XAV_MUS,6,0
"Cantrell, Fisher",Fisher Cantrell,JAC_GAM,6.416666667,0
"Cantrill, Tobin",Tobin Cantrill,CEN_BEA,6.25,0
"Cantua, Juan",Juan Cantua-Linnear,STE_LUM,5.75,0
"Canzoni, Joey",Joey Canzoni,SLU_BILL,5.916666667,0
"Capacete, Alfredo",Alfredo Capacete,CAL_LAN,6.25,0
"Capece, Connor",Connor Capece,CRE_BLU,6,0
"Capellupo III, James",James Capellupo,STB_BON,6.083333333,0
"Capers, Hayden",Hayden Capers,IWC,6.25,0
"Capistran, Rafael",Rafael Capistran,GRA_TIG,5.916666667,0
"Capocci, Francesco",Francesco Capocci,UNC_SEA,6.333333333,0
"Capomaccio, Caden",Caden Capomaccio,MIN_GOL,6,0
"Capps, Brody",Brody Capps,SOU_LIO,6.25,0
"Caravalho, Joshua",Josh Caravalho,HBU_HUS,6.583333333,0
"Caraway, Bo",Bo Caraway,BAY_BEA,5.833333333,0
"Caraway, Trent",Trent Caraway,LSU_TIG,6.166666667,0
"Cardenas, Diego",Diego Cardenas,ABI_WIL,6,0
"Cardenas, Diego",Diego Cardenas,GEO_PAT,5.916666667,0
"Cardinale, Joe",Joe Cardinale,PEP_WAV,6,0
"Carey, Aidan",Aidan Carey,GEO_COL,6.166666667,0
"Carey, Dylan",Dylan Carey,NEB,6.166666667,0
"Carey, Jack",Jack Carey,HIG_PAN,6.25,0
"Carey, Sean",Sean Carey,SAC_HOR,6.166666667,0
"Carey, Tate",Tate Carey,MIC_WOL,6,0
"Carlgren, Cooper",Cooper Carlgren,LAM_CAR,6.25,0
"Carlisle, Sam",Sam Carlisle,WMI_BRO,6.166666667,0
"Carlisle, Tanner",Tanner Carlisle,LAM_CAR,6.083333333,0
"Carlon, Cole",Cole Carlon,ARI_SUN,6.416666667,0
"Carlson, Hayden",Hayden Carlson,SEA_RED,6.083333333,0
"Carlson, Hunter",Hunter Carlson,GEO_PAN,6.166666667,0
"Carlson, James",James Carlson,YSU_PEN,6.416666667,0
"Carlson, John",John Carlson,CAL_LAN,6,0
"Carlson, Owen",Owen Carlson,COR_BRE,5.916666667,0
"Carmichael, John",John Carmichael,EMU_EAG,6,0
"Carmona, Carlos",Carlos Carmona,ALA_LIO,6.083333333,0
"Carney, Colin",Colin Carney,AUS_GOV,6.5,0
"Carney, Frankie",Frankie Carney,CAL_ANT,5.833333333,0
"Carns, Hunter",Hunter Carns,FLO_SEM,6,0
"Carpenter, Casey",Casey Carpenter,UNC_SEA,6.166666667,0
"Carpenter, Grayson",Grayson Carpenter,DAY_FLY,5.833333333,0
"Carpenter, Jesiah",Jesiah Carpenter,UMBC_RET,5.583333333,0
"Carpenter, Kaden",Kaden Carpenter,UTA_WOL,6.333333333,0
"Carpenter, Troy",Troy Carpenter,MAI_BLA,6.333333333,0
"Carpentier, Dean",Dean Carpentier,SOU_TRO,6.25,0
"Carpio, Julius",Julius Carpio,LAM_CAR,6.083333333,0
"Carr, Cade",Cade Carr,SAM_BUL,5.833333333,0
"Carr, Harry",Harry Carr,DEL_BLU,6.083333333,0
"Carr, Kannon",Kannon Carr,KAN_JAY,6.083333333,0
"Carr, Landon",Landon Carr,NOR_WOL,6.166666667,0
"Carrano, Michael",Michael Carrano,ILL_RED,6.083333333,0
"Carrasquilla  Jr, Julian",Julian Carrasquilla,BET_WIL,6.25,0
"Carrell, Luke",Luke Carrell,OSU_BUC,6.166666667,0
"Carrera, Davian",Davian Carrera,IU,6.25,0
"Carrera, Xavier",Xavier Carrera,IU,6.25,0
"Carreras, Omar",Omar Carreras,WAG_SEA,6,0
"Carreras, Yomar",Yomar Carreras,RUT_SCA,6,0
"Carrier, Lorenzo",Lorenzo Carrier,PIT_PAN,6.416666667,0
"Carriles-Alvarado, Santiago",Santiago Carriles-Alvarado,USF_BUL,5.833333333,0
"Carrion, Enrico",Enrico Carrion,IWC,5.916666667,0
"Carris, Akili",Akili Carris,MEX_LOB,6.166666667,0
"Carroll, Andrew",Andrew Carroll,SOU_RED,6.166666667,0
"Carrothers Jr, Brian",Brian Carrothers,STB_BON,6.25,0
"Carson, Chase",Chase Carson,CHA_FOR,6.333333333,0
"Carson, Chris",Chris Carson,SBU_SEA,6,0
"Carson, Tanner",Tanner Carson,TEX_BOB,6.333333333,0
"Carston, Koen",Koen Carston,SAN_BRO,5.75,0
"Cartagena, Jorge",Jorge Cartagena,IND_SYC,6,0
"Carter, Blake",Blake Carter,LIP_BIS,6.25,0
"Carter, Bristol",Bristol Carter,AUB_TIG,5.916666667,0
"Carter, Bryce",Bryce Carter,VCU_RAM,6.25,0
"Carter, Cameron",Cameron Carter,UTR_VAQ,6.166666667,0
"Carter, Charlie",Charlie Carter,MIS_BEA,6.25,0
"Carter, Garret",Garret Carter,LOU_CAJ,6.166666667,0
"Carter, Jaedan",Jae'dan Carter,LON_LAN,5.916666667,0
"Carter, Landon",Landon Carter,CEN_BEA,6,0
"Carter, Merik",Merik Carter,GAR_RUN,6.166666667,0
"Carter, Regan",Regan Carter,PAC_TIG,6.166666667,0
"Carter, Shane",Shane Carter,DEL_HOR,6,0
"Cartledge, Clay",Clay Cartledge,EKU_COL,6.25,0
"Caruso, Charlie",Charlie Caruso,NOR_CAT,6.083333333,0
"Caruso, Michael",Michael Caruso,GEO_PAN,6.166666667,0
"Carvajal, Jake",Jake Carvajal,NMS_AGG,6.166666667,0
"Carvalho, Hudson",Hudson Carvalho,ORE_DUC,6.166666667,0
"Carvelli, Robbie",Robbie Carvelli,LEH_MOU,5.833333333,0
"Carver, Blade",Blade Carver,ECU_PIR,6,0
"Carver, Chase",Chase Carver,BEL_KNI,6.083333333,0
"Carwile, Cody",Cody Carwile,ETS_BUC,6.333333333,0
"Casabella, Carter",Carter Casabella,TEN_TEC,6.333333333,0
"Cash, Matthew",Matthew Cash,JAC_GAM,6,0
"Cash, Steven",Steven Cash,JAC_GAM,6.083333333,0
"Cashman, Teddy",Teddy Cashman,LAF_LEP,5.916666667,0
"Casoliba, Adria",Adria Casoliba,VAN_COM,6.25,0
"Cassie, Noah",Noah Cassie,TEX_ISL,6.166666667,0
"Cassingham, Charlie",Charlie Cassingham,SAL_JAG,5.666666667,0
"Castagnola, Jack",Jack Castagnola,CAL_AGO,5.916666667,0
"Castagnola, James",James Castagnola,CAL_ANT,6.083333333,0
"Castaneda, Mj",MJ Castaneda,NOK_NOR,5.833333333,0
"Castano, Louis",Louis Castano,HBU_HUS,5.833333333,0
"Casteel, Cooper",Cooper Casteel,TEN_TEC,6.083333333,0
"Castellanos, Diego",Diego Castellanos,STM_GAE,6.083333333,0
"Castelli, Ben",Ben Castelli,CAL_LAN,5.916666667,0
"Castellon, Nate",Nate Castellon,CAL_MUS,5.75,0
"Castilleja, Levi",Levi Castilleja,HBU_HUS,5.916666667,0
"Castillo, Austin",Austin Castillo,LON_DIR,5.833333333,0
"Castillo, Daniel",Danny Castillo,ION_GAE,6,0
"Castillo, Luis",Luis Castillo,LIT_TRO,6.333333333,0
"Castles, Caden",Cade Castles,CAL_ANT,6.166666667,0
"Caston, Gavin",Gavin Caston,ALC_BRA,6.25,0
"Castrataro, Tyler",Tyler Castrataro,HOF_PRI,5.833333333,0
"Castrichini, Joe",Joe Castrichini,LON_LAN,6.166666667,0
"Castro, Alessandro",Alessandro Castro,NEV_WOL,6,0
"Castro, Andres",Andres Castro,NEV_WOL,6.083333333,0
"Castro, Antonio",Antonio Castro,CAL_MUS,6.083333333,0
"Castro, Isaac",Isaac Castro,ALA_ANM,5.916666667,0
"Castro, Manuel",Manuel Castro,STB_BON,5.833333333,0
"Castro, Tyler",Tyler Castro,EIU_PAN,6.083333333,0
"Castro, Yoni",Yoni Castro,ALC_BRA,6,0
"Catalano, Anthony",Anthony Catalano,NJI_HIG,5.916666667,0
"Catalano, Michael",Michael Catalano,OKL_SOO,6,0
"Caucci, Luke",Luke Caucci,LAF_LEP,5.75,0
"Caudill, Alex",Alex Caudill,MAR_THU,6.083333333,0
"Caughey, Ciaran",Ciaran Caughey,KS_GF,6,0
"Causey, Dylan",Dylan Causey,SOU_GOL,6.166666667,0
"Cauthron, Jackson",Jackson Cauthron,EKU_COL,5.916666667,0
"Cavaco, Steven",Steven Cavaco,OSU_BUC,5.916666667,0
"Cavalcante, Christopher",Chris Cavalcante,OLD_MON,6.416666667,0
"Cavanaugh, Cooper",Cooper Cavanaugh,DAV_WIL,6.25,0
"Cavazzoni, Gabe",Gabe Cavazzoni,SET_PIR,5.75,0
"Cavey, Owen",Owen Cavey,BEL_BRU,6.083333333,0
"Cavill, Blake",Blake Cavill,TRO_TRJ,6.083333333,0
"Cawley, Declan",Declan Cawley,FOR_RAM,6,0
"Cazares, Julian",Julian Cazares,CSD_TRI,6,0
"Ceccarelli, Mason",Mason Ceccarelli,NAV_MID,5.666666667,0
"Cecil, Jack",Jack Cecil,OSU_BUC,6,0
"Cedeno, Luis",Luis Cedeno,MAR_RED,5.75,0
"Cehajic, Trey",Trey Cehajic,TUL_GRE,6.666666667,0
"Centanni, Rhett",Rhett Centanni,SOU_LIO,6.166666667,0
"Centracchio, Cade",Cade Centracchio,STE_HAT,6.083333333,0
"Cepeda, Anthony",Anthony Cepeda,WIC_SHO,6.25,0
"Cermenelli, Bryce",Bryce Cermenelli,MIS_BEA,5.666666667,0
"Cernius, Tomas",Tomas Cernius,PRI_TIG,6.333333333,0
"Cerny, Tyler",Tyler Cerny,KEN_WIL,6.166666667,0
"Cervantes, Angel",Angel Cervantes,UCLA,6.166666667,0
"Cervoni, Michael",Mike Cervoni,SBU_SEA,5.666666667,0
"Cespedes, Cristofer",Cristofer Cespedes,MAR_TER,6.333333333,0
"Cespedes, Louis",Louis Cespedes,MER_COL1,6,0
"Cha, Eric",Eric Cha,NOR_HUS,6.333333333,0
"Chabot, Henry",Henry Chabot,SOU_TRO,6,0
"Chace, Cole",Cole Chace,IND_SYC,6.166666667,0
"Chacon, Dom",Dom Chacon,GRA_CAN,6.333333333,0
"Chadwell, Jacob",Jake Chadwell,LON_LAN,6.25,0
"Chadwell, Jimmy",Jimmy Chadwell,COL_LION,6.166666667,0
"Chaffee, Evan",Evan Chaffee,STJ_RED,6.166666667,0
"Chalus, John",John Chalus,MER_UNI,6,0
"Chamberlain, Chase",Chase Chamberlain,BEL_KNI,6,0
"Chamberlain, Cole",Cole Chamberlain,COA_CHA,6.166666667,0
"Chamberlin, Brooks",Brooks Chamberlin,PRE_BLH,6.333333333,0
"Chambers, Brady",Brady Chambers,MIC_SPA,6.5,0
"Chambers, John",John Chambers,BAL_CAR,6.083333333,0
"Champey, Brycen",Brycen Champey,DAV_WIL,6.25,0
"Champion, Caleb",Caleb Champion,SOU_RED,6.25,0
"Champion, Matthew",Matt Champion,LOY_LIO,5.833333333,0
"Chance, Bryce",Bryce Chance,MSU_BDG,5.833333333,0
"Chance, Cal",Cal Chance,UMASS_RIV,5.916666667,0
"Chancellor, Abe",Abe Chancellor,AUB_TIG,6.25,0
"Chandler, Aimon",Aimon Chandler,VIR_TEC,5.916666667,0
"Chandler, Devin",Devin Chandler,ALA_HOR,5.833333333,0
"Chandler, Smith",Smith Chandler,LON_DIR,5.833333333,0
"Chang, Brandon",Brandon Chang,BRO_BEA,5.833333333,0
"Chaplain, Cooper",Cooper Chaplain,LIT_TRO,5.833333333,0
"Chaplin, Chace",Chace Chaplin,YAL_BUL,5.75,0
"Chapman, Finn",Finn Chapman,STM_GAE,6.25,0
"Chapman, Logan",Logan Chapman,CAM_CAM,6,0
"Chapman, Manoah",Manoah Chapman,CAL_HIG,5.833333333,0
"Chapman, Noah",Noah Chapman,UNC_SPA,5.916666667,0
"Chapman, Reese",Reese Chapman,TEN_VOL,6.083333333,0
"Charalambous, Christian",Christian Charalambous,PRE_BLH,5.916666667,0
"Charles, Anthony",Anthony Charles,DEL_BLU,6.25,0
"Charles, Max",Max Charles,GRA_CAN,6.25,0
"Charlot, Elijah",Elijah Charlot,COP_STA,5.916666667,0
"Charlton, Tyler",Tyler Charlton,MIS_BEA,6.166666667,0
"Chase, Kyle",Kyle Chase,STJ_RED,6.083333333,0
"Chatelle, Matthew",Matt Chatelle,RUT_SCA,6.333333333,0
"Chatterton, Christian",Christian Chatterton,AUB_TIG,6,0
"Chaudoin, Preston",Preston Chaudoin,MUR_RAC,5.833333333,0
"Chavez, Caden",Carson Chavez,FOR_RAM,5.666666667,0
"Chavez, Carson",Carson Chavez,FOR_RAM,5.666666667,0
"Chavez, Christopher",Christopher Chavez,TEX_TIG,5.833333333,0
"Chavez, Conner",Connor Chavez,WM_TRI,5.583333333,0
"Chavez, Dane",Dane Chavez,WAS_COU,5.916666667,0
"Chavez, Evan",Evan Chavez,CAL_HIG,5.833333333,0
"Chavez, Jack",Jack Chavez,VIL_WIL,6.083333333,0
"Chavez, Matthew",Matt Chavez,CAL_LAN,5.916666667,0
"Chee-Aloy, Cameron",Cameron Chee-Aloy,ILL_ILL,5.75,0
"Cheeseman, Alex",Alex Cheeseman,UAB_BLA,6,0
"Cheong, Philip",Philip Cheong,STA_CAR,5.833333333,0
"Cherena, Jose",Jose Cherena,ALC_BRA,5.75,0
"Cherico, Ben",Ben Cherico,SLU_BILL,6.333333333,0
"Cherrington, Justin",Justin Cherrington,HOU_COU,6.5,0
"Chester, Canon",Canon Chester,HBU_HUS,6.25,0
"Chestnut, Travis",Travis Chestnut,TEX_AGG,5.583333333,0
"Chiaravallo, Michael",Michael Chiaravallo,BUC_BIS,6,0
"Chiarodo, Joseph",Joe Chiarodo,ALA_CRI,5.916666667,0
"Chicoine, Bobby",Bobby Chicoine,BOC_EAG,6.166666667,0
"Chicoli, Connor",Connor Chicoli,SOU_GAM,6.25,0
"Chilcutt, Masa",Masa Chilcutt,RIC_OWL,5.583333333,0
"Childers, Corben",Corben Childers,WOF_TER,6.333333333,0
"Childers, Grayson",Grayson Childers,QUN_RYL,6.25,0
"Chin, Eisig",Eisig Chin,STO_COL,6,0
"Chirello, Jackson",Jackson Chirello,KEN_OWL,6.5,0
"Chisolm, Connor",Connor Chisolm,MUR_RAC,5.833333333,0
"Chmielewski, Tom",Tom Chmielewski,NOR_TAR,6.166666667,0
"Choi, Ian",Ian Choi,BUT_BUL,5.75,0
"Cholowsky, Roch",Roch Cholowsky,UCLA,6.166666667,0
"Chopin, Chase",Chase Chopin,BGS_FAL,5.833333333,0
"Chow, Nick",Nick Chow,SAN_BRO,6.416666667,0
"Chrisman, Brody",Brody Chrisman,AKR_ZIP,6.25,0
"Christensen, Dylan",Dylan Christensen,ORA_GOL,6,0
"Christenson, Carter",Carter Christenson,XAV_MUS,5.75,0
"Christian, Colby",Colby Christian,LAM_CAR,6.25,0
"Christian, Montrell",Montrell Christian,GEO_PAN,6.25,0
"Christiansen, Hayden",Hayden Christiansen,MIA_RED,6.166666667,0
"Christie, Alex",Alex Christie,BUT_BUL,6.416666667,0
"Christman, Brady",Brady Christman,GEO_EAG,6,0
"Christman, Trey",Trey Christman,WM_TRI,6.25,0
"Christopher, Adam",Adam Christopher,CAL_MAT,6.25,0
"Christopher, Mason",Mason Christopher,SET_PIR,6.25,0
"Christopher, Stephen",Stephen Christopher,WM_TRI,6.166666667,0
"Christopher, Will",Will Christopher,STO_COL,6.166666667,0
"Chronister, Ashton",Ashton Chronister,XAV_MUS,6.666666667,0
"Chropuvka, Charlie",Charlie Chropuvka,LAF_LEP,5.75,0
"Chucka, Stephen",Stephen Chucka,UCF_KNI,5.833333333,0
"Chun, Dakota",Dakota Chun,POR_PIL,5.75,0
"Chun, Tanner",Tanner Chun,TUL_GRE,6.166666667,0
"Church, Travis",Travis Church,MAR_RED,5.666666667,0
"Chuttey, Benjamin",Ben Chuttey,USC_UPS,6.333333333,0
"Ciampa, Tristan",Tristan Ciampa,STB_BON,5.916666667,0
"Ciancimino, Joey",Joey Ciancimino,PIT_PAN,5.833333333,0
"Cicale, Nick",Nick Cicale,ARM_BLA,6.166666667,0
"Ciccone, Frank",Frank Ciccone,ECU_PIR,6.166666667,0
"Cienfuegos, Kike",Kike Cienfuegos,UTR_VAQ,5.916666667,0
"Cihocki, Danny",Danny Cihocki,NIU_HUS,6.25,0
"Ciminiello, Luke",Luke Ciminiello,SBU_SEA,6.083333333,0
"Cincinnati, Kyle",Kyle Cincinnati,SAC_PIO,5.833333333,0
"Ciprian, Aiden",Aiden Ciprian,ION_GAE,5.833333333,0
"Cirelli, Joey",Joey Cirelli,BRA_BRA,6.416666667,0
"Ciscar, AJ",AJ Ciscar,MIA_HUR,6.333333333,0
"Cisco, Mason",Mason Cisco,CAN_GRI,6,0
"Cisneros, Andy",Andy Cisneros,GON_BUL,5.583333333,0
"Citro, Marco",Marco Citro,HOL_CRU,6,0
"Citron, Andrew",Andrew Citron,GEO_HOY,6,0
"Clapp, Cooper",Cooper Clapp,MTSU_BLU,5.833333333,0
"Clapp, Reece",Reece Clapp,ILL_RED,6.333333333,0
"Clark, Asher",Asher Clark,NCB,6.333333333,0
"Clark, Ben",Ben Clark,OAK_GOL,5.833333333,0
"Clark, Brady",Brady Clark,STJ_RED,6.166666667,0
"Clark, Cale",Cale Clark,ALA_HOR,6,0
"Clark, Caleb",Caleb Clark,NEB,6.166666667,0
"Clark, Calvert",Cal Clark,APP_MOU,6.333333333,0
"Clark, Camden",Camden Clark,SOU_GOL,6.083333333,0
"Clark, Carson",Carson Clark,MSM_MTN,5.75,0
"Clark, Cole",Cole Clark,CAL_BEA,5.833333333,0
"Clark, Cooper",Cooper Clark,CAM_CAM,6.166666667,0
"Clark, Jack",Jack Clark,HIG_PAN,6,0
"Clark, Jackson",Jackson Clark,NAV_MID,6.25,0
"Clark, Levi",Levi Clark,TEN_VOL,6.083333333,0
"Clark, Raymond",Raymond Clark,ALA_ANM,6.333333333,0
"Clarke, Christian",Christian Clarke,PRI_TIG,6,0
"Clarke, Collin",Collin Clarke,ORE_DUC,6.25,0
"Clarke, Cortland",Cortland Clarke,NEW_PRI,6.25,0
"Clauss, Ethan",Ethan Clauss,LSU_TIG,6.166666667,0
"Clavon, Bryce",Bryce Clavon,CLE_TIG,5.833333333,0
"Clay, Todd",Todd Clay,AUB_TIG,6.25,0
"Clayton, Canaan",Canaan Clayton,ULM_WAR,6.5,0
"Clayton, Elijah",Elijah Clayton,CAM_CAM,5.833333333,0
"Clayton, Jaxon",Jaxon Clayton,BYU_COU,6.083333333,0
"Cleary, Ben",Ben Cleary,SAN_BRO,6,0
"Cleaver, Ben",Ben Cleaver,KEN_WIL,6.25,0
"Cleavinger, Grant",Grant Cleavinger,NEB,6.416666667,0
"Clements, Brytton",Brytton Clements,BAY_BEA,6.166666667,0
"Clements, Will",Will Clements,TUL_GRE,6.416666667,0
"Cleveland, Cole",Cole Cleveland,FLO_PAN,6.166666667,0
"Cleveland, Jackson",Jackson Cleveland,OKL_SOO,6,0
"Clevidence, Jack",Jack Clevidence,QUN_RYL,6.083333333,0
"Climie, Cade",Cade Climie,HOU_COU,6.166666667,0
"Cline, Jack",Jack Cline,LIT_TRO,6.25,0
"Clizbe, Brandon",Brandon Clizbe,NMS_AGG,6.166666667,0
"Cloud, Caeden",Caeden Cloud,KEN_WIL,6.083333333,0
"Clough De Los Santos, Jonatan",Jonatan Clough,NMS_AGG,6.333333333,0
"Clough, Jonatan",Jonatan Clough,NMS_AGG,6.333333333,0
"Clouser, Cooper",Cooper Clouser,ARI_SUN,6.083333333,0
"Clover, Caleb",Caleb Clover,VCU_RAM,6.166666667,0
"Cloyd, Evan",Evan Cloyd,CSU_BAK,6.083333333,0
"Clyne , Owen",Owen Clyne,GEO_PAT,6.166666667,0
"Clyne, Owen",Owen Clyne,GEO_PAT,6.166666667,0
"Cmeyla, Nathan",Nathan Cmeyla,FLO_SEM,5.916666667,0
"Coakley, Kannon",Kannon Coakley,ILL_RED,6.166666667,0
"Coates, Colton",Colton Coates,LOU_BUL,6,0
"Coats, Quinton",Quinton Coats,CIN_BEA,6.25,0
"Coats, TJ",TJ Coats,MIA_HUR,6.166666667,0
"Cobarrubias, Orlando",Orlando Cobarrubias,SAC_HOR,6.083333333,0
"Coburn, Cordell",Cordell Coburn,WIU_LEA,6.166666667,0
"Cochran, Charlie",Charlie Cochran,ALA_LIO,6.166666667,0
"Cochran, Ryan",Ryan Cochran,LEH_MOU,6,0
"Cockrill, LT",LT Cockrill,DEL_BLU,5.833333333,0
"Coco, Emmett",Emmett Coco,WAG_SEA,6,0
"Codington, Parker",Parker Codington,PRI_TIG,6.083333333,0
"Cody, Hayden",Hayden Cody,SAN_TOR,6.166666667,0
"Cody, Sean",Sean Cody,UIC_FLA,6,0
"Coe, Brady",Brady Coe,ABI_WIL,5.833333333,0
"Coffey, Aidyn",Aidyn Coffey,SBU_SEA,6.416666667,0
"Cohall, Aidan",Aidan Cohall,FLO_PAN,6.083333333,0
"Cohen, Andrew",Andrew Cohen,GRA_CAN,6.25,0
"Cohen, Ben",Ben Cohen,MAR_THU,6,0
"Cohen, Daniel",Daniel Cohen,YAL_BUL,6.25,0
"Cohn, Cooper",Cooper Cohn,NIU_HUS,6,0
"Coil, Owen",Owen Coil,ORA_GOL,5.75,0
"Coil, Parker",Parker Coil,ARK_RAZ,6.25,0
"Colagrande, Aidan",Aidan Colagrande,SBU_SEA,6.25,0
"Colagrande, Hunter",Hunter Colagrande,SBU_SEA,6.166666667,0
"Colarusso, AJ",A.J. Colarusso,BOC_EAG,6,0
"Colasante, Aidan",Aidan Colasante,HAR_CRI,6.083333333,0
"Colasante, Gio",Gio Colasante,HAR_CRI,6.416666667,0
"Colby, Nolan",Nolan Colby,FAI_STA,6,0
"Cole, Anthony J",Anthony Cole,UNI_WES,6.416666667,0
"Cole, Chansen",Chansen Cole,WES_MOU,6.333333333,0
"Cole, Christopher",Chris Cole,KEN_OWL,6.166666667,0
"Cole, Ethan",Ethan Cole,MIN_GOL,6.166666667,0
"Cole, Lawson",Lawson Cole,MER_BEA,6.083333333,0
"Colella, Matthew",Matt Colella,LAF_LEP,5.833333333,0
"Coleman, Aidan",Aidan Coleman,ABI_WIL,6.083333333,0
"Coleman, Blake",Blake Coleman,ARK_LIO,6.166666667,0
"Coleman, Dylan",Dylan Coleman,ALA_LIO,6.25,0
"Coleman, Kyle",Kyle Coleman,BEL_BRU,5.833333333,0
"Coleman, Micah",Micah Coleman,USC_UPS,6.166666667,0
"Coleman, Vaughn",Vaughn Coleman,CAL_MAT,6,0
"Coleman, Will",Will Coleman,KEN_WIL,6.083333333,0
"Coley, Parker",Parker Coley,WES_HIL,6.083333333,0
"Collera, Lazaro",Lazaro Collera,MIA_HUR,6.416666667,0
"Colletti, Zac",Zac Colletti,IWC,6.166666667,0
"Collier, Ian",Ian Collier,FAU_OWL,6.166666667,0
"Collier, Joey",Joey Collier,AIR_FOR,6,0
"Collier, Trent",Trent Collier,OKL_SOO,6.166666667,0
"Colligan, John",John Colligan,BAL_CAR,6.166666667,0
"Collina, Chris",Christopher Collins,WAG_SEA,6,0
"Collins, Cade",Cade Collins,WOF_TER,6.166666667,0
"Collins, Cooper",Cooper Collins,DAV_WIL,5.916666667,0
"Collins, Gavin",Gavin Collins,PEN_QUA,5.916666667,0
"Collins, Hayden",Hayden Collins,EKU_COL,6.166666667,0
"Collins, Kain",Kain Collins,CHA_BUC,5.833333333,0
"Collins, Kenyon",Kenyon Collins,MAR_THU,6.083333333,0
"Collins, Lucas",Lucas Collins,DAY_FLY,6,0
"Collins, Mark",Mark Collins,LOU_CAJ,6.083333333,0
"Collins, Mitchell",Mitchell Collins,NOF_OSP,5.916666667,0
"Collins, Sky",Sky Collins,FRE_BUL,6.083333333,0
"Collins, Tate",Tate Collins,ASU_RED,6.25,0
"Collopy, Patrick",Patrick Collopy,OLE_REB,6.5,0
"Colombara, Cade",Cade Colombara,CAL_BEA,6.333333333,0
"Colon, Vidal",Vidal Colon,UIC_FLA,5.833333333,0
"Colucci, Jake",Jake Colucci,UNC_SPA,6,0
"Colucci, Joe",Joe Colucci,VIR_CAV,6.416666667,0
"Combs, Caiden",Caiden Combs,AUB_TIG,6.333333333,0
"Combs, Cooper",Cooper Combs,ORA_GOL,5.916666667,0
"Combs, Ryan",Ryan Combs,CHA_FOR,6.25,0
"Comeaux, Grant",Grant Comeaux,NOR_DEM,6.083333333,0
"Comer, Jeremy",Jeremy Comer,FGCU,6.25,0
"Conceicao, Chavis",Chavis Conceicao,ION_GAE,6.083333333,0
"Condon, Cullen",Cullen Condon,WOF_TER,5.833333333,0
"Confreda, Brennan",Brennan Confreda,FLO_PAN,6,0
"Coniglio, Nick",Nick Coniglio,NOR_HUS,6,0
"Conklin, Tyler",Tyler Conklin,EIU_PAN,5.916666667,0
"Conley, Amari",Amari Conley,UTM_SKY,6.416666667,0
"Conley, Thomas",Tommy Conley,STJ_RED,6.166666667,0
"Conley, Trevor",Trevor Conley,AUS_GOV,5.916666667,0
"Conn, Jackson",Jackson Conn,ULM_WAR,6.583333333,0
"Conn, Porter",Porter Conn,SOU_COU,6.166666667,0
"Connell, Shane",Shane Connell,TEX_BOB,6.25,0
"Conner, Brendan",Brendan Conner,UAB_BLA,6,0
"Conner, MD",MD Conner,SAL_JAG,6.083333333,0
"Conner, Mikah",Mikah Conner,PRE_BLH,6,0
"Conner, Nate",Nate Conner,ETS_BUC,6.083333333,0
"Connolly, Brian",Brian Connolly,RHO_RAM,5.833333333,0
"Connolly, Joe",Joe Connolly,WIU_LEA,6,0
"Connolly, Sean",Sean Connolly,STO_COL,6.166666667,0
"Connor, Kaden",Kaden Connor,NOR_BIS,6.166666667,0
"Connors, Braden",Braden Connors,HOL_CRU,6,0
"Connors, Brody",Brody Connors,OLD_MON,6,0
"Connors, Luke",Luke Connors,MOY_MOY,6.083333333,0
"Conover, Alex",Alex Conover,OKL_COW,6.333333333,0
"Conrad, Ryan",Ryan Conrad,VIL_WIL,6.25,0
"Consiglio, Cooper",Cooper Consiglio,NOR_WOL,6,0
"Constable, Cole",Cole Constable,QUI_BOB,5.833333333,0
"Constantine, Gavin",Gavin Constantine,STB_BON,5.916666667,0
"Conte, Giovanni",Gio Conte,SIE_SAI,5.916666667,0
"Conte, Matt",Matt Conte,WAK_DEA,6.166666667,0
"Contrades, Nu'u",Nu'u Contrades,ARI_SUN,5.833333333,0
"Contreras, Daniel",Daniel Contreras,ILL_ILL,5.916666667,0
"Contreras, Paul",Paul Contreras,CAL_FUL,6.25,0
"Conway, Elias",Elias Conway,DEL_BLU,6,0
"Cook, Aiden",Aiden Cook,OHI_BOB,6.25,0
"Cook, Calvin",Calvin Cook,MTSU_BLU,5.916666667,0
"Cook, Daniel",Danny Cook,PEP_WAV,6.083333333,0
"Cook, Elijah",Elijah Cook,ORE_DUC,5.916666667,0
"Cook, Jackson",Jackson Cook,SAN_BRO,6.25,0
"Cook, Landon",Landon Cook,MOY_MOY,6.166666667,0
"Cook, Mason",Mason Cook,KAN_JAY,6.166666667,0
"Cook, Will",Will Cook,SAC_PIO,6.416666667,0
"Cooke, Cougar",Cougar Cooke,ASU_RED,6.166666667,0
"Cooke, Henry",Henry Cooke,VIR_TEC,6.25,0
"Cooke, Jackson",Jackson Cooke,PIT_PAN,6.083333333,0
"Cooley, Luke",Luke Cooley,LOU_BUL,6.083333333,0
"Coombs, Bud",Bud Coombs,MAR_TER,5.833333333,0
"Coomer, Brayton",Brayton Coomer,MOR_EAG,6.416666667,0
"Coon, Brady",Brady Coon,SOU_COU,6.166666667,0
"Cooney, Ryan",Ryan Cooney,ORE_DUC,6,0
"Cooper, Caden",Caden Cooper,HOU_COU,6.583333333,0
"Cooper, Cal",Cal Cooper,UNO_MAV,6.083333333,0
"Cooper, Camden",Camden Cooper,OAK_GOL,6.333333333,0
"Cooper, Korey",Korey Cooper,MCN_COW,6.166666667,0
"Cooper, Mason",Mason Cooper,UNI_WES,5.833333333,0
"Cooper, Seth",Seth Cooper,ULM_WAR,6.083333333,0
"Cooper, Troy",Troy Cooper,CAL_MUS,6.25,0
"Cooper, Wade",Wade Cooper,TEX_BOB,6.083333333,0
"Cope, Josh",Josh Cope,KS_GF,6,0
"Copeland, Cian",Cian Copeland,MIA_HUR,6.25,0
"Copenhaver, Nik",Nik Copenhaver,OSU_BUC,6.333333333,0
"Copenspire, Michael",Michael Copenspire,RID_BRO,6,0
"Copper, Eddie",Eddie Copper,CHA_FOR,6.166666667,0
"Coppersmith, Zane",Zane Coppersmith,STE_HAT,6,0
"Coppinger, Paul",Paul Coppinger,MCN_COW,6.5,0
"Coppola, Christian",Christian Coppola,STJ_HAW,6.416666667,0
"Corbett, Owen",Owen Corbett,ALA_HOR,6.25,0
"Corbin, Caleb",Caleb Corbin,NOR_BIS,5.666666667,0
"Corcoran, Brady",Brady Corcoran,MCN_COW,5.916666667,0
"Corcoran, Cade",Cade Corcoran,SAM_BEA,6.333333333,0
"Corcoran, Luke",Luke Corcoran,COP_STA,6,0
"Cordeiro, Antonio",Antonio Cordeiro,STB_BON,6,0
"Cordero, Carlos",Carlos Cordero,CSU_BAK,5.75,0
"Cordonnier, Braylon",Braylon Cordonnier,MAR_THU,6.25,0
"Core, Joel",Joel Core,STE_HAT,6,0
"Corley, Brandt",Brandt Corley,ULM_WAR,6.166666667,0
"Cormier, Carson",Carson Cormier,ILL_RED,6.5,0
"Cormier, LJ",LJ Cormier,AUB_TIG,6.166666667,0
"Cornelison, Luke",Luke Cornelison,ARK_RAZ,6.083333333,0
"Cornelli, Edoardo",Edoardo Cornelli,UNO_MAV,5.916666667,0
"Corona, Danny",Danny Corona,HOF_PRI,6.25,0
"Corrales, Diego",Diego Corrales,MCN_COW,5.75,0
"Correa, Antonio",Antonio Correa,LAF_LEP,6.083333333,0
"Correa, Jaden",Jaden Correa,MOR_EAG,6.083333333,0
"Correa, Juan",Juan Correa,USF_BUL,6.416666667,0
"Correa, Miguel",Miguel Correa,CEN_MIC,5.916666667,0
"Corso, Vincent",Vincent Corso,WAG_SEA,5.833333333,0
"Cortez, Jacob",Jacob Cortez,SAC_HOR,6,0
"Cortner, Kyle",Kyle Cortner,NOK_NOR,6.25,0
"Costa, Devin",Devin Costa,MOR_EAG,5.833333333,0
"Costa, John",John Costa,NOF_OSP,6,0
"Costarelli, Thomas",Thomas Costarelli,ETS_BUC,5.916666667,0
"Costello, Andrew",Andrew Costello,WAK_DEA,5.916666667,0
"Costello, Corey",Corey Costello,RAD_HIG,6.083333333,0
"Costello, Luke",Luke Costello,WAK_DEA,6.166666667,0
"Costello, Malachi",Malachi Costello,ION_GAE,5.833333333,0
"Costello, Nick",Nick Costello,CSD_TRI,5.916666667,0
"Costello, Ryan",Ryan Costello,MAR_TER,6.25,0
"Costello, TJ",TJ Costello,AUS_GOV,6.083333333,0
"Cota, Brent",Brent Cota,SAN_SPA,6,0
"Cote, Leo",Leo Cote,POR_PIL,6.166666667,0
"Cote, Nicholas",Nick Cote,NIA_EAG,6.083333333,0
"Cottam, Keaton",Keaton Cottam,AUS_GOV,6.25,0
"Cotten, Andrew",Andrew Cotten,ETS_BUC,6.416666667,0
"Cotton, Caleb",Caleb Cotton,SAM_BEA,5.916666667,0
"Cotton, Jackson",Jackson Cotton,TEX_BOB,6.166666667,0
"Cottrill, Josh",Josh Cottrill,LON_LAN,6.25,0
"Couchman, Will",Will Couchman,NIU_HUS,6,0
"Coughlin, Brandon",Brandon Coughlin,LEH_MOU,5.666666667,0
"Coughlin, Van",Van Coughlin,HOL_CRU,5.833333333,0
"Coulter, Bradley",Bradley Coulter,CIN_BEA,6.083333333,0
"Coulter, Bryce",Bryce Coulter,CIT_BUL,6.25,0
"Counsell, Jack",Jack Counsell,NOR_CAT,6,0
"Coupe, Lleyton",Lleyton Coupe,BUC_BIS,6.166666667,0
"Coupet, Nathanael",Nathanael Coupet,GIT_YEL,6,0
"Courville, Presley",Presley Courville,TEX_LON,5.916666667,0
"Couture, Alec",Alec Couture,MON_HAW,6.333333333,0
"Cova, Sammy",Sammy Cova,UTA_UTE,6.166666667,0
"Covarrubias, Abbrie",Abbrie Covarrubias,SOU_TRO,6,0
"Covas, Alejandro",Alejandro Covas,KS_GF,6.25,0
"Cowan, Ty",Ty Cowan,WAS_HUS,5.833333333,0
"Cowan, Tyler",Ty Cowan,WAS_HUS,5.833333333,0
"Cowan, Zac",Zac Cowan,LSU_TIG,5.916666667,0
"Cowdrey, Vincent",Vincent Cowdrey,GEO_PAT,5.916666667,0
"Cowen, Brendan",Brendan Cowen,VIR_CAV,6.333333333,0
"Cowgill, Silas",Silas Cowgill,CEN_BEA,6,0
"Cox, Bennett",Bennett Cox,CAN_GRI,5.75,0
"Cox, Brice",Brice Cox,SOU_RED,6.25,0
"Cox, Carter",Carter Cox,NIU_HUS,6,0
"Cox, Chance",Chance Cox,AUS_GOV,6.166666667,0
"Cox, David",David Cox,DAY_FLY,6.25,0
"Cox, Noah",Noah Cox,WIN_EAG,6.083333333,0
"Cox, Tyler",Tyler Cox,HOF_PRI,6,0
"Cox, Tyler",Tyler Cox,HOU_COU,6.083333333,0
"Coy, Noah",Noah Coy,NOT_IRI,5.916666667,0
"Coyle, Austin",Austin Coyle,LIT_TRO,6.083333333,0
"Coyne, Marty",Marty Coyne,PEN_QUA,6.083333333,0
"Cozart, Sam",Sam Cozart,TEX_LON,6.5,0
"Crabbe, JT",J.T. Crabbe,SLU_BILL,6.166666667,0
"Crabtree, Thomas",Thomas Crabtree,SOU_GOL,6.333333333,0
"Craddock, Will",Will Craddock,SOU_GAM,6.25,0
"Craft, Trey",Trey Craft,FLO_RAT,6.25,0
"Crafton, Cole",Cole Crafton,ILL_ILL,6.25,0
"Craig, JT",JT Craig,ARM_BLA,6.083333333,0
"Craig, Joey",Joey Craig,UNO_MAV,6.166666667,0
"Craig, Michael",Michael Craig,HOF_PRI,6,0
"Craig, PJ",PJ Craig,RID_BRO,6.333333333,0
"Craigue, Brooks",Brooks Craigue,MER_COL1,5.833333333,0
"Crain, Griffin",Griffin Crain,LOU_CAR,5.833333333,0
"Crall, Abe",Abe Crall,WRI_RAI,6,0
"Cramer, Cole",Cole Cramer,TCU_HFG,6.083333333,0
"Crandall, Zach",Zach Crandall,CAL_ANT,6,0
"Crane, Bobby",Bobby Crane,MIC_SPA,6.25,0
"Crane, Tristan",Tristan Crane,EMU_EAG,6,0
"Crane, Wayland",Wayland Crane,BYU_COU,6,0
"Craska, Petey",Petey Craska,ALA_LIO,6.083333333,0
"Crawford, Trystan",Trystan Crawford,LEH_MOU,6,0
"Craytor, Luke",Luke Craytor,VIR_TEC,6.416666667,0
"Creel, Jhett",Jhett Creel,STE_LUM,5.75,0
"Crenshaw, Joe",Joe Crenshaw,RIC_SPI,6.166666667,0
"Crerar, Bennett",Bennett Crerar,PRI_TIG,6.333333333,0
"Crespo, Javier",Javier Crespo,UCF_KNI,5.916666667,0
"Crespo, Peter",Peter Crespo,RID_BRO,5.916666667,0
"Crews, Jacob",Jacob Crews,GEO_PAN,6.5,0
"Crews, Justen",Justen Crews,FLO_RAT,6.083333333,0
"Crider, Nate",Nate Crider,LOU_BUL,6.333333333,0
"Crighton, Jack",Jack Crighton,CLE_TIG,6.25,0
"Cripe, Tyler",Tyler Cripe,NAV_MID,6.25,0
"Criscola, Charlie",Charlie Criscola,NOR_HUS,5.916666667,0
"Crisp, JD",JD Crisp,XAV_MUS,6,0
"Cristino, Greg",Greg Cristino,MER_COL1,6.166666667,0
"Cristinzio, Dominic",Dom Cristinzio,EIU_PAN,6.25,0
"Crittenden, Isaak",Isaak Crittenden,UNO_MAV,6.166666667,0
"Crochet, Reese",Reese Crochet,GEO_COL,6.416666667,0
"Crock, Logan",Logan Crock,BUT_BUL,5.666666667,0
"Croghan, Kamden",Kam Croghan,PEP_WAV,6.416666667,0
"Cromer, Logan",Logan Cromer,SLU_BILL,6,0
"Crooms, Brian",Brian Crooms,GEO_PAN,6,0
"Crosland, Jordan",Jordan Crosland,MAR_TER,6,0
"Cross, Brock",Brock Cross,WAS_COU,6.166666667,0
"Cross, Colton",Colton Cross,MCN_COW,6.083333333,0
"Cross, Eric",Eric Cross,STJ_HAW,5.666666667,0
"Crossland, Brett",Brett Crossland,TEX_LON,6.416666667,0
"Crossland, Michael",Michael Crossland,CSD_TRI,6,0
"Crotchfelt, Zach",Zach Crotchfelt,TRO_TRJ,6.25,0
"Crouse, Ayden",Ayden Crouse,IU,5.916666667,0
"Crowe, Owen",Owen Crowe,MSM_MTN,6.25,0
"Crowell, Caden",Caden Crowell,NOT_IRI,6.333333333,0
"Crowell, Nash",Nash Crowell,TEN_TEC,6,0
"Crowl, Preston",Preston Crowl,VIR_TEC,6,0
"Crowley, Carter",Carter Crowley,HOL_CRU,5.916666667,0
"Crowley, Colin",Colin Crowley,WIN_EAG,6.083333333,0
"Crowson, Connor",Connor Crowson,TEN_TEC,6,0
"Crowther, Ashton",Ashton Crowther,ALA_CRI,6.25,0
"Cruce, Riley",Riley Cruce,MER_BEA,6,0
"Crum, Garrett",Garrett Crum,NCA_BUL,6.166666667,0
"Crumpton, Kelly",Kelly Crumpton,ALA_LIO,6.25,0
"Crutcher, Rynzo",Rynzo Crutcher,ALA_ANM,6.166666667,0
"Cruz Jr., Mikey",Mikey Cruz,NEV_WOL,6.25,0
"Cruz, Diego",Diego Cruz,MIA_RED,5.75,0
"Cruz, Fano",Fano Cruz,UNI_WES,6.166666667,0
"Cruz, Gabriel",Gabriel Cruz,CAM_CAM,5.916666667,0
"Cruz, Matthew",Matt Cruz,RUT_SCA,5.916666667,0
"Crystal, Douglas",Doug Crystal,FRE_BUL,6.083333333,0
"Cuccias, Matthew",Matthew Cuccias,WIC_SHO,6.416666667,0
"Cuellar, Justin",Moose Cuellar,FRE_BUL,6.25,0
"Cuevas, Wilmer",Wilmer Cuevas,ALA_ANM,5.75,0
"Cuff, Connor",Connor Cuff,SOU_LIO,6.333333333,0
"Culberson, Cooper",Cooper Culberson,MER_BEA,6.166666667,0
"Culbertson, Drew",Drew Culbertson,MIC_WOL,6,0
"Culbreth, Casey",Casey Culbreth,WIN_EAG,6.166666667,0
"Cullen, Jake",Jake Cullen,RHO_RAM,6.166666667,0
"Culp, Easton",Easton Culp,LAM_CAR,6,0
"Culp, Jacob",Jacob Culp,ILL_RED,6.083333333,0
"Culver, Ian",Ian Culver,UTA_UTE,6,0
"Cumming, Jake",Jake Cumming,COP_STA,6.333333333,0
"Cummings, Dathan",Dathan Cummings,NEW_PRI,6,0
"Cunneely, Michael",Michael Cunneely,GON_BUL,6.416666667,0
"Cunnigan, Josh",Josh Cunnigan,SEA_RED,6,0
"Cunningham, Conner",Conner Cunningham,MUR_RAC,6.166666667,0
"Cunningham, Grant",Grant Cunningham,TEX_AGG,6.25,0
"Cunnings, Cam",Cam Cunnings,GRA_CAN,6.083333333,0
"Cupp, Dylan",Dylan Cupp,DAL_PAT,6.083333333,0
"Curiel, Derek",Derek Curiel,LSU_TIG,6.166666667,0
"Curl, John",John Curl,IND_SYC,6.25,0
"Curless, Tristan",Tristan Curless,ETS_BUC,6.25,0
"Curley, Miles",Miles Curley,NEW_PRI,6.083333333,0
"Curlis, Brayden",Brayden Curlis,BGS_FAL,5.916666667,0
"Currah, Nathan",Nathan Currah,AKR_ZIP,6.333333333,0
"Curreri, Joseph",Joe Curreri,HOF_PRI,6,0
"Curry, Braden",Braden Curry,TOL_ROC,6.25,0
"Curry, Stephen",Stephen Curry,SET_PIR,6,0
"Curry, Thomas",Thomas Curry,UIC_FLA,6,0
"Curtin, Shane",Shane Curtin,CRE_BLU,6,0
"Curtis, Brad",Brad Curtis,SIE_SAI,6,0
"Curtis, Brayden",Brayden Curtis,UNO_MAV,6.166666667,0
"Curtis, Jeric",Jeric Curtis,SAM_BEA,6,0
"Curtis, Preston",Preston Curtis,HBU_HUS,6.083333333,0
"Curtis, Samuel",Samuel Curtis,CEN_BEA,6,0
"Cush, Oliver",Oliver Cush,HIG_PAN,6.083333333,0
"Cushing, Cade",Cade Cushing,SAN_SPA,6.25,0
"Cushing, Kobie",Kobie Cushing,NOR_AGG,6.25,0
"Cusick, Colin",Colin Cusick,TOW_TIG,5.916666667,0
"Custer, Julian",Julian Custer,CAL_ANT,6.166666667,0
"Cutler, Andrew",Andrew Cutler,GEO_COL,6.25,0
"Cutting, Garrett",Garrett Cutting,YSU_PEN,6,0
"Cuvet, Daniel",Daniel Cuvet,MIA_HUR,6.333333333,0
"Cuzco, Matt",Matthew Cuzco,MIS_DEL,6.166666667,0
"Cymbalista, Colin",Colin Cymbalista,IWC,6,0
"Cyr, Blake",Blake Cyr,FLA_GAT,5.916666667,0
"Cyr, Jacob",Jacob Cyr,HBU_HUS,5.916666667,0
"Czajkowski, Noah",Noah Czajkowski,PIT_PAN,6.083333333,0
"Czech, Ean",Ean Czech,CHA_BUC,6.333333333,0
"D'Alessandro, Max",Max D'Alessandro,TOW_TIG,6.166666667,0
"D'Alessio, Louis",Louis D'Alessio,SPU_PEA,5.666666667,0
"D'Altrui, Jake",Jake D'Altrui,NEW_PRI,6,0
"D'Ambrosio, Alex",Alex D'Ambrosio,RID_BRO,6,0
"D'Ambrosio, Michael",Michael D'Ambrosio,HOF_PRI,6.25,0
"D'Ancona, Luke",Luke D'Ancona,BOC_EAG,6.25,0
"D'Elia, Joe",Joe D'Elia,SIE_SAI,6,0
"Dabbs, Cash",Cash Dabbs,ULM_WAR,6.25,0
"Dagley, Ty",Ty Dagley,LAM_CAR,5.916666667,0
"Dahl, Declan",Declan Dahl,LOU_BUL,6.25,0
"Dahlberg, Ivan",Ivan Dahlberg,NIU_HUS,5.916666667,0
"Dahlof, Jordan",Jordan Dahlof,OAK_GOL,6.083333333,0
"Daigre, Zachary",Zach Daigre,RIC_OWL,5.75,0
"Dalena, Maddix",Maddix Dalena,UCO_HUS,6.25,0
"Dallas, Matthew",Matthew Dallas,WAK_DEA,6.416666667,0
"Dalley, Ty",Ty Dalley,CLE_TIG,6.25,0
"Dallimore, Brady",Brady Dallimore,TCU_HFG,6.333333333,0
"Dallmayer, AJ",AJ Dallmayer,OHI_BOB,6.166666667,0
"Dally, Jake",Jake Dally,BIN_BEA,6,0
"Daly, Jameson",Jamie Daly,DAV_WIL,5.916666667,0
"Daly, Liam",Liam Daly,HOL_CRU,5.916666667,0
"Damiani, Andrew",Andrew Damiani,NIA_EAG,6.083333333,0
"Damozonio, John",John Damozonio,STM_GAE,6.166666667,0
"Dampier, Darius",Darius Dampier,JAC_TIG,5.666666667,0
"Danaher, Max",Max Danaher,MOY_MOY,6.333333333,0
"Daniel, Caleb",Caleb Daniel,GIT_YEL,5.916666667,0
"Daniel, Conlan",Conlan Daniel,CIN_BEA,6,0
"Daniel, Pete",Pete Daniel,VIR_TEC,6.25,0
"Daniels, Chris",Chris Daniels,NMS_AGG,6.166666667,0
"Daniels, Phillips",Phillips Daniels,CIT_BUL,6,0
"Danilowicz, Wyatt",Wyatt Danilowicz,LOU_CAR,6.083333333,0
"Danos, Luca",Luca Danos,LOY_LIO,6,0
"Dansky, Sam",Sam Dansky,CIT_BUL,6,0
"Dantoni, Max",Max Dantoni,LEH_MOU,5.833333333,0
"Danz, Carter",Carter Danz,NOR_CAT,6.25,0
"Danzeisen, Caleb",Caleb Danzeisen,ARI_WIL,6.083333333,0
"Dardar, Seth",Seth Dardar,LSU_TIG,6.166666667,0
"Darden, Ethan",Ethan Darden,TEX_AGG,6,0
"Darden, Nathan",Nathan Darden,LAM_CAR,6,0
"Darling, Connor",Connor Darling,PEN_QUA,6.25,0
"Darnell, Logan",Logan Darnell,MIS_DEL,6,0
"Darnell, Sean",Sean Darnell,TRO_TRJ,6.083333333,0
"Darrah, Ryan",Ryan Darrah,ARI_SUN,6.25,0
"Dastou, Parker",Parker Dastou,MER_BEA,6.166666667,0
"Dathe, Dax",Dax Dathe,LSU_TIG,6.25,0
"Dauer, Jack",Jack Dauer,YAL_BUL,6,0
"Davenport, Lucas",Lucas Davenport,BAY_BEA,6.5,0
"Davenport, Luke",Luke Davenport,ALA_LIO,6.333333333,0
"David, Sebastian",Sebastian David,STA_CAR,6.083333333,0
"Davidson, Garrett",Garrett Davidson,CSD_TRI,5.916666667,0
"Davidson, Patrick",Patrick Davidson,AIR_FOR,6.333333333,0
"Davila, Landis",Landis Davila,RIC_OWL,6.25,0
"Davis, Andrew",Andrew Davis,UTM_SKY,6,0
"Davis, Ben",Ben Davis,MSU_BDG,6.333333333,0
"Davis, Brandon",Brandon Davis,GEO_PAN,5.833333333,0
"Davis, Braxton",Braxton Davis,NOR_AGG,6.083333333,0
"Davis, Brock",Brock Davis,NOR_DEM,5.833333333,0
"Davis, Carson",Carson Davis,TEN_TEC,6.333333333,0
"Davis, Champ",Champ Davis,WOF_TER,6.083333333,0
"Davis, Charlie",Charlie Davis,BEL_BRU,5.833333333,0
"Davis, Chase",Chase Davis,GEO_EAG,6.25,0
"Davis, Chase",Chase Davis,HBU_HUS,6.25,0
"Davis, Connor",Connor Davis,MOR_EAG,6.166666667,0
"Davis, Diego",Diego Davis,PAC_TIG,6.25,0
"Davis, Ethan",Ethan Davis,EMU_EAG,6.083333333,0
"Davis, Ethan",Ethan Davis,MOR_EAG,6,0
"Davis, JC",JC Davis,RIC_OWL,6,0
"Davis, Jaden",Jaden Davis,NMS_AGG,6,0
"Davis, Jayden",Jayden Davis,PEN_NIT,5.833333333,0
"Davis, John",John Davis,GEO_EAG,5.833333333,0
"Davis, Kanious",Kanious Davis,ALC_BRA,5.75,0
"Davis, Karsen",Karsen Davis,TAR_TEX,6.083333333,0
"Davis, Kellen",Kellen Davis,OLD_MON,6,0
"Davis, Lance",Lance Davis,TCU_HFG,6.333333333,0
"Davis, Martell",Martell Davis,ORA_GOL,6.166666667,0
"Davis, Myles",Myles Davis,OKL_SOO,6,0
"Davis, Preston",Preston Davis,LIT_TRO,6.25,0
"Davis, Ryan",Ryan Davis,GRA_TIG,6.083333333,0
"Davis, Ryan",Ryan Davis,LEH_MOU,6,0
"Davis, Sean",Sean Davis,ION_GAE,6,0
"Davis, Tague",Tague Davis,LOU_CAR,6.333333333,0
"Davis, Talmadge",Talmadge Davis,JAC_TIG,6.25,0
"Davis, Ty",Ty Davis,BRY_BUL,6.166666667,0
"Davis, Vince",Vincent Davis,DEL_BLU,6,0
"Davis, Wyatt",Wyatt Davis,SAN_DON,6.166666667,0
"Davis, Zach",Zach Davis,LOU_CAR,5.833333333,0
"Davis, Zane",Zane Davis,CIT_BUL,6,0
"Dawsey, Mac",Mac Dawsey,NCB,6.083333333,0
"Dawson, Drew",Drew Dawson,CHA_BUC,6.416666667,0
"Day, Chandler",Chandler Day,TEN_VOL,6.166666667,0
"Day, Lucas",Lucas Day,OAK_GOL,6,0
"De Anda, Jimmy",Jimmy De Anda,UTA_WOL,5.75,0
"De Cardenas, Jorge",Jorge DeCardenas,USF_BUL,6.083333333,0
"De Castro, Gian",Gian De Castro,LON_DIR,6.333333333,0
"De Graauw, Gio",Gio de Graauw,SIU_SAL,6,0
"De Groot, Logan",Logan de Groot,NOR_CAT,6.25,0
"De La Cruz, Juan",Juan De La Cruz,STE_HAT,5.666666667,0
"De La Garza, Robert",Robert De La Garza,BAY_BEA,5.916666667,0
"De La Garza, Trinidad",Trinidad DeLaGarza,ARK_LIO,6,0
"De La Maza, Ryan",Ryan De La Maza,FRE_BUL,6,0
"De La Rosa, Albert",Albert De La Rosa,MAI_BLA,5.916666667,0
"De La Torre, Oliver",Oliver de la Torre,CAL_BEA,6.333333333,0
"De Los Santos, Kevin",Kevin De Los Santos,JAC_TIG,6.333333333,0
"DeAndrade, Nolan",Nolan DeAndrade,MAI_BLA,6.166666667,0
"DeBattista, Mike",Mike DeBattista,UTS_ROA,6.25,0
"DeBoskie, Prince",Prince DeBoskie,AKR_ZIP,6,0
"DeBrocky, Tyler",Tyler DeBrocky,CAN_GRI,6.25,0
"DeCarlo, Samuel",Sam DeCarlo,WAS_HUS,5.75,0
"DeCarlo, Vincent",Vincent DeCarlo,NOR_WOL,6,0
"DeCaro, Jason",Jason DeCaro,NOR_TAR,6.416666667,0
"DeCastro, Justin",Justin DeCastro,LON_ISL22,5.833333333,0
"DeCello, Sergio",Sergio DeCello,PUR_BOI,5.833333333,0
"DeCesare, Anthony",Anthony DeCeasare,DEL_BLU,6.166666667,0
"DeCremer, James",James DeCremer,ARK_RAZ,6.083333333,0
"DeFazio, Nico",Nico DeFazio,HBU_HUS,6.083333333,0
"DeFranco, Dante",Dante DeFranco,VCU_RAM,5.833333333,0
"DeFury, Coy",Coy DeFury,TEX_BOB,6.25,0
"DeGondea, Carter",Carter DeGondea,GEO_EAG,6.166666667,0
"DeGoti, Brandon",Brandon DeGoti,MIA_HUR,5.916666667,0
"DeJesus, Coby",Coby DeJesus,STE_LUM,5.833333333,0
"DeLamielleure, Brody",Brody DeLamielleure,FLO_SEM,6.083333333,0
"DeLanzo, Joseph",Joe DeLanzo,UMASS_RIV,5.833333333,0
"DeLisi, Nick",Nick DeLisi,JUD,5.916666667,0
"DeLucia, Drew",Drew DeLucia,AUS_GOV,6.083333333,0
"DeMaro, Frankie",Frankie DeMaro,UMASS_RIV,6,0
"DeMartino, Alec",Alec DeMartino,CHA_FOR,6.25,0
"DeMell, Ben",Ben DeMell,PEN_NIT,6.416666667,0
"DeMucci, Joey",Joey DeMucci,PEN_NIT,6.166666667,0
"DePerno, Ty",Ty DePerno,NAV_MID,5.916666667,0
"DeProspero, Dutch",Dutch DeProspero,TOW_TIG,6.166666667,0
"DeRias, Tate",Tate DeRias,MIA_HUR,6.333333333,0
"DeRossi-Cytron, Eli",Eli DeRossi-Cytron,MSM_MTN,6.25,0
"DeSarno, Patrick",Patrick DeSarno,ALB_GRE,5.916666667,0
"DeSchryver, Nate",Nate DeSchryver,SAN_TOR,6.25,0
"DeShazo, Owen",Owen DeShazo,BOC_EAG,6.5,0
"DeTienne, Jack",Jack DeTienne,XAV_MUS,6.166666667,0
"DeVasher, Luke",Luke DeVasher,BAY_BEA,5.833333333,0
"DeVine, Luke",Luke Devine,SAN_BRO,6.333333333,0
"DeVooght, Gavin",Gavin DeVooght,MIC_WOL,6.416666667,0
"DeWees, Dane",Dane DeWees,SOU_IND16,6,0
"Deacon, Jacob",Jacob Deacon,CIT_BUL,6.25,0
"Deal, Tate",Tate Deal,EVA_ACE,5.916666667,0
"Dean, Ben",Ben Dean,DUK_BLU,6.25,0
"Dean, Blake",Blake Dean,TRO_TRJ,6,0
"Dean, Cole",Cole Dean,SAL_JAG,5.916666667,0
"Dean, Mason",Mason Dean,FOR_RAM,6.333333333,0
"Dean, Micah",Micah Dean,ULM_WAR,6,0
"Deaton, Brice",Brice Deaton,NEW_PRI,6.333333333,0
"Debiec, Max",Max Debiec,MIC_WOL,6.583333333,0
"Decandido, Riley",Riley DeCandido,LIB_FLA,6.166666667,0
"Decker, Cole",Cole Decker,IU,5.916666667,0
"Decker, Dominic",Dom Decker,OLE_REB,6,0
"Decker, Jonathan",Jonathan Decker,LAF_LEP,6.25,0
"Decker, Kai",Kai Decker,MER_BEA,6.083333333,0
"Decker, Nolan",Nolan Decker,EIU_PAN,6,0
"Decker-Petty, Aydan",Aydan Decker-Petty,LIB_FLA,6.416666667,0
"Deckinga, CJ",CJ Deckinga,MIC_SPA,6.333333333,0
"Dee, Michael",Michael Dee,GIT_YEL,6.25,0
"Deer, Caleb",Caleb Deer,KAN_JAY,6.583333333,0
"Deering, Sawyer",Sawyer Deering,TEN_VOL,6,0
"Degnan, Gavin",Gavin Degnan,PEN_QUA,6.083333333,0
"Deibler, Chase",Chase Deibler,DEL_BLU,6.25,0
"Deitelbaum, Trey",Trey Deitelbaum,LAF_LEP,5.833333333,0
"Dejesus, Tony",Tony DeJesus,IWC,6,0
"DelCollo, Drew",Drew DelCollo,OAK_GOL,6.083333333,0
"Delaney, Ryan",Ryan DeLaney,BUC_BIS,6.083333333,0
"Delaplante, Tristan",Tristan Delaplante,ALC_BRA,6.166666667,0
"Deleo, Asher",Asher DeLeo,XAV_MUS,6.083333333,0
"Deleskiewicz, Tyler",Tyler Deleskiewicz,NIU_HUS,6.416666667,0
"Delgado, Abdriel",Abdriel Delgado,JUD,5.916666667,0
"Delgado, Christian",Christian Delgado,JAC_TIG,6,0
"Delgado, John",John Delgado,DAY_FLY,6,0
"Delgado, Matthew",Matthew Delgado,IOW_HAW,6.083333333,0
"Dell'Amico, James",James Dell'Amico,PEP_WAV,6.25,0
"Dellentash, Luke",Luke Dellentash,STO_COL,6,0
"Deloreto, Dominic",Dominic DeLoreto,NOR_CAT,6.25,0
"Delph, Michael",Michael Delph,ARM_BLA,6.166666667,0
"Delvaux, Matt",Matthew Delvaux,MER_UNI,6,0
"Delvecchio, Nicholas",Nicholas Delvecchio,LON_ISL22,5.916666667,0
"Demastrie, AJ",A.J. DeMastrie,DAR_GRE,5.916666667,0
"Demmer, Keegan",Keegan Demmer,SAM_BEA,6,0
"Dempsey, Evan",Evan Dempsey,FGCU,6.166666667,0
"Denby, Brett",Brett Denby,WRI_RAI,6,0
"Dendekker, Zach",Zach DenDekker,LOY_LIO,6.666666667,0
"Dennis, Collin",Collin Dennis,TEX_TIG,5.833333333,0
"Denny, Hogan",Hogan Denny,IU,6,0
"Denton, Colton",Colton Denton,APP_MOU,6.083333333,0
"Denton, Ty",Ty Denton,TEN_TEC,6.083333333,0
"Denton, Zane",Zane Denton,CEN_BEA,6,0
"Denty, Kevin",Kevin Denty,ELO_PHO,6.083333333,0
"Depalma, Jack",Jack DePalma,MER_COL1,5.916666667,0
"Deremer, Drew",Drew Deremer,MUR_RAC,6.25,0
"Dermody, JC",JC Dermody,ULM_WAR,6.416666667,0
"Derr, Gavin",Gavin Derr,WAS_COU,6.083333333,0
"Desch, Dominic",Dom Desch,NEV_WOL,6.166666667,0
"Deshiro, Matthew",Matt DeShiro,MER_COL1,5.833333333,0
"Dessens, Erick",Erick Dessens,SAC_HOR,6.083333333,0
"Dessureault, Esteban",Esteban Dessureault,STE_HAT,6.166666667,0
"Dessureault, Yohann",Yohann Dessureault,STE_HAT,6.166666667,0
"Deters, Teddy",Teddy Deters,CRE_BLU,6.166666667,0
"Detillier, Noah",Noah Detillier,NIC_COL,6,0
"Detlefsen, Andrew",Drew Detlefsen,UTS_ROA,6.166666667,0
"Detlefsen, Drew",Drew Detlefsen,UTS_ROA,6.166666667,0
"Detwiler, Bryce",Bryce Detwiler,UCO_HUS,6.166666667,0
"Deutsch, Gage",Gage Deutsch,MIS_DEL,6.083333333,0
"Deutsch, Matthew",Matt Deutsch,SLU_BILL,5.833333333,0
"Devalk, Jake",Jake DeValk,UTM_SKY,6.25,0
"Devenney, Michael",Michael Devenney,TUL_GRE,6.416666667,0
"Devenny, Jacob",Jacob Devenny,RIC_OWL,5.916666667,0
"Dever, Brady",Brady Dever,BRO_BEA,6.25,0
"Deverman, Kenton",Kenton Deverman,EVA_ACE,6.166666667,0
"Devito, JJ",JJ Devito,HOF_PRI,6.083333333,0
"Dewberry, Amman",Amman Dewberry,PRE_BLH,6.25,0
"Dewey, Christian",Christian Dewey,GEO_COL,6.166666667,0
"Dews, Myles",Myles Dews,ALC_BRA,6.166666667,0
"Di Corrado, Stefan",Stefan Di Corrado,DAR_GRE,6.083333333,0
"DiCarlo, Nick",Nick DiCarlo,NOR_AGG,5.916666667,0
"DiGiacomo, Fenix",Fenix DiGiacomo,VCU_RAM,6.416666667,0
"DiGiacomo, Roman",Roman DiGiacomo,DUK_BLU,6.25,0
"DiGiorgio, Henry",Henry DiGiorgio,NOR_HUS,6,0
"DiGirolamo, Marco",Marco DiGirolamo,CAL_HIG,6.166666667,0
"DiLorenzo, Jackson",Jackson DiLorenzo,ECU_PIR,6,0
"DiMartini, Michael",Michael DiMartini,DUK_BLU,6.166666667,0
"DiPaolo, Luca",Luca DiPaolo,GON_BUL,6,0
"DiPasquale, Ean",Ean DiPasquale,SOU_IND16,6.166666667,0
"DiPrima, Chris",Chris DiPrima,YAL_BUL,5.833333333,0
"DiRito, Nick",Nick DiRito,APP_MOU,6.166666667,0
"Diamant, Demitri",Demitri Diamant,UTA_UTE,5.916666667,0
"Diaz, Anthony",Anthony Diaz,MEX_LOB,6.25,0
"Diaz, Anthony",Anthony Diaz,RIC_OWL,6.166666667,0
"Diaz, Cam",Cam Diaz,LAM_CAR,6.333333333,0
"Diaz, Carlos",Carlos Diaz,WCC,6.083333333,0
"Diaz, Chris",Chris Diaz,FGCU,6.083333333,0
"Diaz, Chris",Chris Diaz,MAR_RED,6.166666667,0
"Diaz, Derek",Derek Diaz,MOY_MOY,5.666666667,0
"Diaz, Diego",Diego Diaz,UTS_ROA,5.833333333,0
"Diaz, Dylan",Dylan Diaz,PRA_PAN,5.916666667,0
"Diaz, Fredy",Fredy Diaz,DAV_WIL,5.916666667,0
"Diaz, Nick",Nick Diaz,COL_CHA,6.416666667,0
"Diaz, Zaid",Zaid Diaz,TRO_TRJ,5.833333333,0
"Dick, Cardel",Cardel Dick,UNO_MAV,5.833333333,0
"Dickens, Peyton",Peyton Dickens,HOU_COU,6.416666667,0
"Dickerson, Drew",Drew Dickerson,OKL_SOO,6.333333333,0
"Dickerson, Myles",Myles Dickerson,DEL_HOR,5.916666667,0
"Dickinson, Jack",Jack Dickinson,NIA_EAG,6.25,0
"Dickinson, Tim",Tim Dickinson,STJ_HAW,6,0
"Dicks, Gavin",Gavin Dicks,JUD,6.25,0
"Dickson, Drew",Drew Dickson,NOR_CAT,6.25,0
"Didawick, Harrison",Harrison Didawick,VIR_CAV,6.333333333,0
"Dieguez, Matthew",Matt Dieguez,FOR_RAM,6.083333333,0
"Diehl, Liam",Liam Diehl,TOW_TIG,6.333333333,0
"Dierdorf, Carter",Carter Dierdorf,PIT_PAN,6.083333333,0
"Dierks, Marcus",Marcus Dierks,MIA_RED,6.083333333,0
"Dieruf, Charlie",Charlie Dieruf,CIN_BEA,6.083333333,0
"Dietrich, Tristan",Tristan Dietrich,LIB_FLA,6.333333333,0
"Dietsch, Connor",Connor Dietsch,CAL_ANT,6.25,0
"Dietz, Hunter",Hunter Dietz,ARK_RAZ,6.5,0
"Diez, Erick",Erick Diez,LON_DIR,6,0
"Diggins, Chase",Chase Diggins,UNO_MAV,5.916666667,0
"Diggs, Devin",Devin Diggs,NOF_OSP,6,0
"Dilella, Sam",Sam DiLella,GEO_PAT,6.166666667,0
"Dill, Aiden",Aiden Dill,SET_PIR,6.166666667,0
"Dill, Matt",Matt Dill,TRO_TRJ,6,0
"Dillard, Jay",Jay Dillard,CLE_TIG,5.75,0
"Dillard, Jayden",Jayden Dillard,TEN_TEC,5.916666667,0
"Dillard, Tag",Tag Dillard,OAK_GOL,5.666666667,0
"Dillehay, DJ",DJ Dillehay,BRO_BEA,6.25,0
"Dilley, Jacob",Jacob Dilley,UNC_SPA,6,0
"Dillhoff, Parker",Parker Dillhoff,UNL_REB,6.333333333,0
"Dillinger, Ethan",Ethan Dillinger,AIR_FOR,6.083333333,0
"Dillon, Ryan",Ryan Dillon,COR_BRE,6.083333333,0
"Dilodovico, Andrew",Andrew DiLodovico,BGS_FAL,6.083333333,0
"Dimino, Joe",Joseph Dimino,NOF_OSP,6.416666667,0
"Dinitz, Sam",Sam Dinitz,MSM_MTN,6.166666667,0
"Dionne, Jimmy",Jimmy Dionne,PUR_BOI,6.333333333,0
"Dismute, Myles",Myles Dismute,SOU_JAG,6.25,0
"Ditas, Noah",Noah Ditas,NAV_MID,5.75,0
"Divine, Breydon",Brayden Divine,ALA_HOR,5.916666667,0
"Dixon, Parker",Parker Dixon,GAR_RUN,6.333333333,0
"Dixon, Payton",Payton Dixon,NEV_WOL,6,0
"Do, Tyler",Tyler Do,MEX_LOB,6,0
"Doak, Wyatt",Wyatt Doak,SOU_COU,6,0
"Dobbins, Michael",Michael Dobbins,ARL_MAV,6.083333333,0
"Dobbs, Mason",Mason Dobbs,MTSU_BLU,6,0
"Dobie, Jayce",Jayce Dobie,NEV_WOL,6.25,0
"Dobrinski, Cord",Cord Dobrinski,LON_ISL22,6.083333333,0
"Dobson III, Trip",Trip Dobson,LOU_CAJ,6.166666667,0
"Dobson, Brady",Brady Dobson,CAL_FUL,6.25,0
"Dobson, Matthew",Matt Dobson,CSU_BAK,6.083333333,0
"Dockan, Brady",Brady Dockan,CAL_FUL,6.25,0
"Dodson, Cade",Cade Dodson,BAY_BEA,5.75,0
"Doeschot, Boston",Boston Doeschot,FLO_PAN,6.25,0
"Doganiero, Antonio",Antonio Doganiero,PIT_PAN,6.083333333,0
"Dohrmann, JD",JD Dohrmann,MIZ_TIG,6.166666667,0
"Dolan, Alexander",Alex Dolan,PAC_TIG,5.833333333,0
"Dolansky, Eddie",Eddie Dolansky,NIA_EAG,6.166666667,0
"Dolbin, Nicholas",Nick Dolbin,COP_STA,6.083333333,0
"Dolinshek, Joe",Joe Dolinshek,ALA_HOR,6.583333333,0
"Doll, AJ",AJ Doll,NOR_BIS,5.916666667,0
"Doll, Landen",Landen Doll,MAR_THU,6.25,0
"Dominguez, Adrian",Adrian Dominguez,NEW_PRI,6,0
"Domke, Chris",Chris Domke,OSU_BUC,6.333333333,0
"Donahue, Hayden",Hayden Donahue,ULM_WAR,6,0
"Donahue, John",John Donahue,SET_PIR,6,0
"Donahue, Scott",Scott Donahue,UMASS_RIV,6,0
"Doney, Josh",Josh Doney,UMASS_RIV,5.833333333,0
"Donigan, Steven",Steven Donigan,MAR_TER,6,0
"Doninger, Maxwell",Max Doninger,SPU_PEA,5.916666667,0
"Donley, Ryan",Ryan Donley,OAK_GOL,6.333333333,0
"Donlin, Jack",Jack Donlin,MAI_BLA,6.166666667,0
"Donnelly, Joey",Joey Donnelly,FOR_RAM,6,0
"Donnelly, Wilson",Wilson Donnelly,UNI_WES,6.166666667,0
"Donnison, Matt",Matthew Donnison,ILL_RED,6,0
"Donohue, Gavin",Gavin Donohue,SAC_PIO,6,0
"Donohue, Ronan",Ronan Donohue,SAC_PIO,6,0
"Donovan, Aidan",Aidan Donovan,MIC_SPA,6.333333333,0
"Doran, Scott",Scott Doran,COA_CHA,6.333333333,0
"Doran, Turner",Turner Doran,WMI_BRO,6.166666667,0
"Dorety, Justin",Jake Dorety,RID_BRO,5.833333333,0
"Dorn, Jacob",Jake Dorn,MIA_HUR,6.333333333,0
"Dorn, Rob",Rob Dorn,LAF_LEP,6.166666667,0
"Dorsch, Aidan",Aidan Dorsch,YSU_PEN,6.416666667,0
"Dorsey, Chandler",Chandler Dorsey,UCF_KNI,6.333333333,0
"Dosenbach, Trevor",Trevor Dosenbach,RIC_SPI,5.916666667,0
"Doss, Gage",Gage Doss,QUN_RYL,6.333333333,0
"Dossa, Kaiden",Kaiden Dossa,YAL_BUL,6.083333333,0
"Dossett, Cooper",Cooper Dossett,ARK_RAZ,6,0
"Dotoli, Brayden",Brayden Dotoli,SAN_BRO,6.083333333,0
"Doubek, Brandon",Brandon Doubek,LAF_LEP,6,0
"Doucet, Conner",Conner Doucet,TAR_TEX,6.25,0
"Dougan, Justin",Justin Dougan,CAL_HIG,5.75,0
"Dougherty, Aidan",Aidan Dougherty,WAS_HUS,6,0
"Doughty, Chanz",Chanz Doughty,SBU_SEA,6.25,0
"Douglas, Jay",Jay Douglas,EKU_COL,6,0
"Douglas, Ryan",Ryan Douglas,STO_COL,6,0
"Douglas, Tanner",Tanner Douglas,ORE_BEA,6.166666667,0
"Dove, Kendall",Kendall Dove,UTS_ROA,6.416666667,0
"Dow, Connor",Connor Dow,HOL_CRU,6.333333333,0
"Dowd, Aidan",Aidan Dowd,FOR_RAM,6.083333333,0
"Dowd, Brayden",Brayden Dowd,FLO_SEM,5.833333333,0
"Dowdle, Colin",Colin Dowdle,HOL_CRU,6.166666667,0
"Dowell, Easton",Easton Dowell,MCN_COW,5.833333333,0
"Dowling, Brian",Brian Dowling,HAR_CRI,6.5,0
"Downing, Jake",Jake Downing,CAL_MUS,5.833333333,0
"Downing, John",John Downing,SET_PIR,6.25,0
"Downing, Marcus",Marcus Downing,AIR_FOR,6.333333333,0
"Downs, Chris",Chris Downs,CAL_MUS,6.583333333,0
"Downs, Reid",Reid Downs,RIC_SPI,5.833333333,0
"Doyle, Jacob",Jacob Doyle,NEV_WOL,6.583333333,0
"Doyle, Leo",Leo Doyle,WAG_SEA,5.916666667,0
"Doyle, Zach",Zach Doyle,CAL_ANT,5.833333333,0
"Drake, Dylan",Dylan Drake,PUR_BOI,5.833333333,0
"Draper, Cole",Cole Draper,WOF_TER,5.916666667,0
"Draper, Ian",Ian Draper,WAS_HUS,6.083333333,0
"Dray, Christian",Christian Dray,RIC_SPI,6.416666667,0
"Dressler, Cade",Cade Dressler,VCU_RAM,6.25,0
"Dressler, Justin",Justin Dressler,BRY_BUL,6.166666667,0
"Dressler, Troy",Troy Dressler,WAK_DEA,6.25,0
"Drew, Kadden",Kadden Drew,MIZ_TIG,6.166666667,0
"Drexler, Kennedy",Kennedy Drexler,SOU_JAG,5.833333333,0
"Driscoll, Aidan",Aidan Driscoll,MAR_TER,5.666666667,0
"Driscoll, Sam",Sam Driscoll,LIN_UNI,5.75,0
"Dromboski, Nick",Nicholas Dromboski,SBU_SEA,6,0
"Droz, Sergio",Sergio Droz,UMBC_RET,5.916666667,0
"Druckenmiller, Drew",Drew Druckenmiller,SAM_BUL,6.25,0
"Drumke, Dylan",Dylan Drumke,EIU_PAN,5.833333333,0
"Drumm, Jake",Jake Drumm,GEO_PAT,6.166666667,0
"Drumm, Ryan",Ryan Drumm,LIB_FLA,5.916666667,0
"DuMont, Andrew",Andrew DuMont,SLU_BILL,6.083333333,0
"DuPont, Drew",Drew DuPont,APP_MOU,5.916666667,0
"DuSell, Joe",Joe DuSell,CIN_BEA,6.166666667,0
"Dubie, Peter",Peter Dubie,BRO_BEA,6.333333333,0
"Dubois, Harrison",Harrison Dubois,WIU_LEA,6.166666667,0
"Dubovik, Dylan",Dylan Dubovik,MIA_HUR,6.333333333,0
"Dubrule, David",David Dubrule,ARM_BLA,6,0
"Ducasse, Isaias",Isaias Ducasse,BET_WIL,6.083333333,0
"Ducie, Colin",Colin Ducie,UMASS_RIV,6,0
"Dudan, Jacob",Jacob Dudan,NOR_WOL,6.166666667,0
"Dudding, Kole",Kole Dudding,ORA_GOL,5.833333333,0
"Dudley, Patrick",Patrick Dudley,SOU_GAM,6.166666667,0
"Duer, Jake",Jake Duer,TEX_AGG,6.083333333,0
"Duff, Ahmaad",Ahmaad Duff,SLU_BILL,5.416666667,0
"Duff, Lane",Lane Duff,JMU_DUK,6.333333333,0
"Duffey, Alex",Alex Duffey,KEN_WIL,6.083333333,0
"Duffield, Trey",Trey Duffield,RIC_OWL,6.25,0
"Duffy, Logan",Logan Duffy,ULM_WAR,6.083333333,0
"Dufort, Quin",Quin Dufort,POR_PIL,6.166666667,0
"Dugan, Nick",Nick Dugan,STA_CAR,6.166666667,0
"Dugger, Cashel",Cashel Dugger,UCLA,6.166666667,0
"Duke, Caden",Caden Duke,SAN_SPA,6.166666667,0
"Duke, Shane",Shane Duke,BEL_BRU,6.333333333,0
"Duke, Tanner",Tanner Duke,KAN_WIL,6.166666667,0
"Duke, Tristan",Tristan Duke,BRA_BRA,6.416666667,0
"Dulanto, Paul",Paul Dulanto,SBU_SEA,6.083333333,0
"Duley, Daniel",Daniel Duley,OAK_GOL,6.416666667,0
"Dulin, Caden",Caden Dulin,PIT_PAN,5.916666667,0
"Dumsky, Marco",Marco Dumsky,DAR_GRE,6.333333333,0
"Duncan, Andrew",Andrew Duncan,DUK_BLU,6,0
"Duncan, Andrew",Andrew Duncan,WRI_RAI,6.083333333,0
"Duncan, Avery",Avery Duncan,DAL_PAT,6.166666667,0
"Duncan, Gunnar",Gunnar Duncan,BUT_BUL,5.75,0
"Duncan, Kaleb",Kaleb Duncan,WIC_SHO,5.916666667,0
"Dunn, Christian",Christian Dunn,ALC_BRA,6,0
"Dunn, Huston",Huston Dunn,BAL_CAR,6.083333333,0
"Dunn, JD",JD Dunn,LOY_LIO,6,0
"Dunn, Trey",Trey Dunn,PEP_WAV,6.25,0
"Dunne, Raphael",Raphael Dunne,CSD_TRI,5.916666667,0
"Dunsford, TJ",TJ Dunsford,UTM_SKY,6,0
"Duplantier, Jayden",Jayden Duplantier,TEX_LON,6.083333333,0
"Dupont, Kade",Kade Dupont,ULM_WAR,5.833333333,0
"Duprey, Landen",Landen Duprey,MOY_MOY,6.333333333,0
"Dupuy, Alex",Alex Dupuy,UAB_BLA,6,0
"Duran, Kevin",Kevin Duran,LAM_CAR,5.583333333,0
"Durand, Brandyn",Brandyn Durand,BRY_BUL,6.25,0
"Durbin, Beau",Beau Durbin,LAM_CAR,5.916666667,0
"Durham, Miller",Miller Durham,DIX_STE,6.166666667,0
"Durham, Noah",Noah Durham,STO_COL,6.083333333,0
"Durkan, Brady",Brady Durkan,CSU_BAK,6,0
"Durnin, Kade",Kade Durnin,TCU_HFG,6.25,0
"Durnin, Kam",Kam Durnin,MIZ_TIG,6.083333333,0
"Duroff, Brian",Brian DuRoff,ELO_PHO,6.083333333,0
"Durso, Jack",Jack Durso,MIA_HUR,6.25,0
"Durso, Joe",Joe Durso,LON_ISL22,6.083333333,0
"Durst, Jaxsyn",Jaxsyn Durst,ARI_SUN,5.833333333,0
"Duson, Ryland",Ryland Duson,PRA_PAN,6.083333333,0
"Dutton, JJ",JJ Dutton,MOR_EAG,6.25,0
"Dutton, Pierce",Pierce Dutton,SAM_BUL,5.916666667,0
"Duval, Derek",Derek Duval,STB_BON,6.083333333,0
"Dvorsky, Nathan",Nathan Dvorsky,CLE_TIG,6.083333333,0
"Dworsky, Matt",Matt Dworsky,ARK_LIO,6,0
"Dwyer, Joey",Joey Dwyer,SPU_PEA,6.083333333,0
"Dye, Macaddin",Macaddin Dye,OLD_MON,6.166666667,0
"Dye, Mitch",Mitch Dye,ILL_ILL,6.25,0
"Dyess, Caleb",Caleb Dyess,NIC_COL,6,0
"Dygert, Caylon",Caylon Dygert,ARL_MAV,6.083333333,0
"Dykhoff, Joshua",Josh Dykhoff,KAN_JAY,6.083333333,0
"Dykstra, Ryder",Ryder Dykstra,CAL_LAN,6,0
"Eagen, Braiden",Braiden Eagen,PRE_BLH,6.083333333,0
"Eagen, Matthew",Matthew Eagen,QUN_RYL,6.166666667,0
"Eager, Brennan",Brennan Eager,CIN_BEA,6.166666667,0
"Earing, Caden",Caden Earing,SLU_BILL,5.916666667,0
"Earle, Mitchell",Mitchell Earle,MOY_MOY,6.25,0
"Earley, Nate",Nate Earley,USF_BUL,6.25,0
"Early, Callum",Callum Early,TEX_LON,6,0
"Early, Tom",Tom Early,MIS_DEL,6,0
"Earnhardt, Luke",Luke Earnhardt,WIN_EAG,6,0
"East, Levin",Levin East,SOU_IND16,5.916666667,0
"Easterlin, Jaxson",Jaxson Easterlin,OAK_GOL,6.416666667,0
"Eaton, Cole",Cole Eaton,TCU_HFG,6,0
"Eaton, Colin",Colin Eaton,ETS_BUC,5.833333333,0
"Eaton, Elliott",Elliott Eaton,PRI_TIG,6.416666667,0
"Eaves, Steele",Steele Eaves,ARK_RAZ,6,0
"Ebbs, Liam",Liam Ebbs,LAF_LEP,6.083333333,0
"Eberhard, Carter",Carter Eberhard,CAL_LAN,6.166666667,0
"Eberle, Ethan",Ethan Eberle,LOU_CAR,6.416666667,0
"Echevarria, Ernie",Ernie Echevarria,PEN_QUA,6.166666667,0
"Echols, Jake",Jake Echols,FLO_SEM,6.333333333,0
"Echols, Taylor",Taylor Echols,MIA_RED,5.666666667,0
"Eckelman, Mason",Mason Eckelman,OSU_BUC,6.083333333,0
"Ecker, Chase",Chase Ecker,WM_TRI,5.833333333,0
"Eckerle, Blake",Blake Eckerle,UTA_UTE,6,0
"Eckstein, Jared",Jared Eckstein,SOU_IND16,6.083333333,0
"Ector, Thad",Thad Ector,GAR_RUN,6.25,0
"Eddie, Mark",Mark Eddie,UIC_FLA,6.083333333,0
"Eddington, Kyle",Kyle Eddington,UMBC_RET,6.166666667,0
"Eddy, Brok",Brok Eddy,WIC_SHO,6.25,0
"Eddy, Gavin",Gavin Eddy,CAL_BEA,6.416666667,0
"Edgerton, Seth",Seth Edgerton,MEX_LOB,6.333333333,0
"Edgmon, Blake",Blake Edgmon,CHA_BUC,6.25,0
"Edinger, Ethan",Ethan Edinger,UTR_VAQ,6,0
"Edmonds, Blake",Blake Edmonds,JUD,5.916666667,0
"Edmonds, Cameron",Cameron Edmonds,HOU_COU,6.25,0
"Edmunds, Jack",Jack Edmunds,BRO_BEA,6.166666667,0
"Edmunson, Will",Will Edmunson,ORA_GOL,6,0
"Edrington, Andrew",Andrew Edrington,OSU_BUC,6.083333333,0
"Edvardsen, Brendan",Brendan Edvardsen,QUI_BOB,6.25,0
"Edwards, Bennett",Bennett Edwards,GEO_EAG,6.083333333,0
"Edwards, Finn",Finn Edwards,ARI_SUN,6.583333333,0
"Edwards, Grant",Grant Edwards,GEO_BUL,5.916666667,0
"Edwards, Grant",Grant Edwards,UNI_WES,6.25,0
"Edwards, Jaedeyn",Jaedeyn Edwards,JAC_TIG,6.083333333,0
"Edwards, Jagger",Jagger Edwards,SAN_TOR,6.166666667,0
"Edwards, Kameron",Kam Edwards,LIN_UNI,5.75,0
"Edwards, Lamar",LJ Edwards,VIR_CAV,6.083333333,0
"Edwards, Landon",Landon Edwards,MAR_TER,6.166666667,0
"Edwards, Larry",Larry Edwards,MCN_COW,6.083333333,0
"Edwards, Mack",Mack Edwards,UCLA,6.416666667,0
"Edwards, Mason",Mason Edwards,SOU_TRO,6.166666667,0
"Edwards, Ryder",Ryder Edwards,ORE_DUC,6.166666667,0
"Edwards, Savoi",Savoi Edwards,NOR_AGG,6.25,0
"Edwards, Scott",Scotty Edwards,DAV_WIL,5.916666667,0
"Edwards, Zach",Zach Edwards,ORE_BEA,6.166666667,0
"Egan, Austin",Austin Egan,BEL_KNI,5.833333333,0
"Egan, Cole",Cole Egan,EMU_EAG,6.25,0
"Egan, Ryan",Ryan Egan,FOR_RAM,6.166666667,0
"Egan, Tommy",Tommy Egan,TRO_TRJ,6,0
"Egger, Sheldon",Sheldon Egger,WOF_TER,6.25,0
"Eggert, Cooper",Cooper Eggert,SOU_COU,6.083333333,0
"Egrie, CJ",CJ Egrie,HOL_CRU,5.75,0
"Ehlers, Noah",Noah Ehlers,MER_UNI,6,0
"Ehling, Caleb",Caleb Ehling,WRI_RAI,6.083333333,0
"Ehly, Anthony",Anthony Ehly,SET_PIR,6.5,0
"Ehmke, Aric",Aric Ehmke,UWM_PAN,6.083333333,0
"Eich, Billy",Billy Eich,KAN_WIL,6.5,0
"Eichenberger, Max",Max Eichenberger,USC_UPS,6.333333333,0
"Eisenbarth, Logan",Logan Eisenbarth,FGCU,6,0
"Eisenhardt, George",George Eisenhardt,UIC_FLA,6.333333333,0
"Eisenreich, Logan",Logan Eisenreich,VIR_TEC,6.333333333,0
"Eisenstat, Tommy",Tommy Eisenstat,GON_BUL,6.166666667,0
"Eisfelder, Nathan",Nate Eisfelder,TEN_VOL,6.166666667,0
"Eisiminger, Jared",Jared Eisiminger,MIA_RED,6.25,0
"Ejike-Charles, Julius",Julius Ejike-Charles,TUL_GRE,5.916666667,0
"Ekizian, Gavin",Gavin Ekizian,FRE_BUL,6.166666667,0
"Elam, Kade",Kade Elam,LOU_CAR,6.166666667,0
"Elarton, Kenan",Kenan Elarton,HBU_HUS,6.416666667,0
"Eldem, Levent",Levent Eldem,FGCU,6.583333333,0
"Elizondo, Jackson",Jackson Elizondo,TAR_TEX,5.916666667,0
"Elko, Michael",Michael Elko,RIC_SPI,6,0
"Elkovitch, Weston",Weston Elkovitch,CAN_GRI,6,0
"Ellingworth, Cooper",Cooper Ellingworth,TRO_TRJ,5.916666667,0
"Elliott, Gage",Gage Elliott,STE_LUM,6,0
"Elliott, Hunter",Hunter Elliott,OLE_REB,6.25,0
"Elliott, John",John Elliott,TUL_GRE,6.333333333,0
"Ellis, Austin",Austin Ellis,NOR_DEM,5.833333333,0
"Ellis, Caleb",CJ Ellis,SOU_JAG,6,0
"Ellis, Hudson",Hudson Ellis,ORA_GOL,6.083333333,0
"Ellis, James",James Ellis,SPU_PEA,5.833333333,0
"Ellis, Lee",Lee Ellis,OSU_BUC,6.083333333,0
"Ellis, Ryan",Ryan Ellis,CAL_MAT,6.416666667,0
"Ellis, Ryan",Ryan Ellis,SAC_HOR,5.666666667,0
"Ellis, Tristan",Tristan Ellis,UWM_PAN,5.583333333,0
"Ellis, Tyler",Tyler Ellis,LIN_UNI,6.166666667,0
"Ellisen, Thomas",Thomas Ellisen,GEO_BUL,6.333333333,0
"Ellison, Oliver",Oliver Ellison,GAR_RUN,6.166666667,0
"Elmore, Luke",Luke Elmore,AIR_FOR,5.916666667,0
"Elson, Beau",Beau Elson,FOR_RAM,6.083333333,0
"Elvis, Cal",Cal Elvis,CSD_TRI,6,0
"Elward, Luke",Luke Elward,LOY_LIO,6.25,0
"Ely Jr, Sean",Sean Ely,DEL_HOR,5.666666667,0
"Embury, Jon",Jon Embury,FGCU,6,0
"Emendorfer, John",John Emendorfer,CHA_BUC,6,0
"Emerling, Diego",Diego Emerling,STM_GAE,6.333333333,0
"Emmerman, Marc",Marc Emmerman,SAN_AZT,5.75,0
"Emmons, Kyle",Kyle Emmons,PEN_NIT,6.333333333,0
"Emrich, Aidan",Aiden Emrich,SAC_PIO,6,0
"Encalada, Emir",Emir Encalada,IWC,6.166666667,0
"Endres, Zak",Zak Endres,THO_M,6,0
"Enea, Alex",Alex Enea,ALB_GRE,5.75,0
"Eneix, Jeremiah",Jeremiah Eneix,SOU_JAG,6.166666667,0
"Engel, Mason",Mason Engel,UTR_VAQ,6.25,0
"England, Aaron",Aaron England,LOU_CAR,6.166666667,0
"Engle, Harrison",Harrison Engle,FAI_STA,6.583333333,0
"Englett, Brady",Brady Englett,TAR_TEX,5.75,0
"English, Aidan",Aidan English,YSU_PEN,6.5,0
"English, Kellen",Kellen English,IU,6.75,0
"English, McCarty",McCarty English,SOU_GOL,6.083333333,0
"English, Nick",Nick English,KAN_WIL,5.916666667,0
"Engskov, Patrick",Patrick Engskov,ASU_RED,6,0
"Enis, Griffin",Griffin Enis,VIR_CAV,6.083333333,0
"Enright, Bill",William Enright,CAN_GRI,6.25,0
"Enright, Trotter",Trotter Enright,LON_DIR,6.166666667,0
"Enriquez, Christian",Christian Enriquez,IWC,6,0
"Entrekin, Thomas",Thomas Entrekin,CAL_LAN,6,0
"Entz, Konner",Konner Entz,SAC_HOR,6.083333333,0
"Enyart, Adam",Adam Enyart,SAC_HOR,6.25,0
"Epps, Ivan",Ivan Epps,MAN_JAS,6.083333333,0
"Erace, Joey",Joey Erace,RUT_SCA,5.75,0
"Erdman, Cash",Cash Erdman,SEA_RED,6.083333333,0
"Erdman, Zach",Zach Erdman,PUR_BOI,6.166666667,0
"Erdos, Creed",Creed Erdos,WES_MOU,5.916666667,0
"Erickson, Ridge",Ridge Erickson,BYU_COU,5.916666667,0
"Erickson, Sam",Sam Erickson,TEX_AGG,6.083333333,0
"Ermis, Andrew",Andrew Ermis,TEX_LON,6.083333333,0
"Erspamer, Mike",Mike Erspamer,STA_CAR,6,0
"Ertel, Brant",Brant Ertel,GEO_PAT,6.083333333,0
"Escalante, Daniel",Daniel Escalante,HOF_PRI,6.166666667,0
"Esch, Evan",Evan Esch,THO_M,5.833333333,0
"Escobalez Jr., Johnny",Johnny Escobalez,MIS_DEL,5.75,0
"Escobar, Evan",Evan Escobar,WIC_SHO,5.833333333,0
"Eshelmen, Aidan",Aidan Eshelman,UTS_ROA,6.083333333,0
"Esker, Alex",Alex Esker,WIU_LEA,6.333333333,0
"Espaillat, Alex",Alex Espaillat,ALA_HOR,6,0
"Esparza, Trevor",Trevor Esparza,GRA_TIG,5.916666667,0
"Espinola, Nicholas",Nick Espinola,ALA_ANM,6.166666667,0
"Espinoza, Aidan",Aidan Espinoza,UCLA,5.916666667,0
"Espinoza, Jorden",Jorden Espinoza,TEX_RAI,6.166666667,0
"Espinoza, Otto",Otto Espinoza,CAL_BEA,6.166666667,0
"Espiritu-Niswonger, Jack",Jack Espiritu-Niswonger,DAR_GRE,5.916666667,0
"Esposito, Joey",Joey Esposito,LEH_MOU,5.833333333,0
"Esquer, Xavier",Xavier Esquer,SAN_GAU,5.833333333,0
"Esquivel, Eddison",Eddison Esquivel,SAN_DON,6,0
"Essex, Ezra",Ezra Essex,OKL_COW,5.583333333,0
"Estabrook, Owen",Owen Estabrook,COL_LION,6.083333333,0
"Estep, Brice",Brice Estep,COA_CHA,5.833333333,0
"Estes, Brady",Brady Estes,CAL_MUS,6.25,0
"Estes, Hayden",Hayden Estes,NJI_HIG,5.916666667,0
"Estes, Jace",Jace Estes,FLO_SEM,5.75,0
"Estes, Sumner",Sumner Estes,YSU_PEN,6.416666667,0
"Estrella, Emil",Emil Estrella,IND_SYC,6.083333333,0
"Estridge, Carson",Carson Estridge,WES_MOU,6.583333333,0
"Estridge, Gaines",Gaines Estridge,AIR_FOR,6.166666667,0
"Etnire, Connor",Connor Etnire,CSD_TRI,6,0
"Etwaru, Kai",Kai Etwaru,NOF_OSP,6.083333333,0
"Euper, Casey",Casey Euper,PEP_WAV,6.333333333,0
"Evangelista, Jase",Jase Evangelista,UNL_REB,6.166666667,0
"Evaniew, Isaac",Isaac Evaniew,LIT_TRO,6.166666667,0
"Evans, Aiden",Aiden Evans,UNC_SEA,5.916666667,0
"Evans, Andrew",Andrew Evans,SIU_SAL,6.416666667,0
"Evans, Brayden",Brayden Evans,LAM_CAR,6.083333333,0
"Evans, Casan",Casan Evans,LSU_TIG,6.166666667,0
"Evans, Charles",Charlie Evans,ELO_PHO,5.833333333,0
"Evans, Charlie",Charlie Evans,APP_MOU,5.75,0
"Evans, Jackson",Jackson Evans,LIB_FLA,6.25,0
"Evans, Jacob",Jake Evans,LON_DIR,5.916666667,0
"Evans, Jarvis",Jarvis Evans,PUR_BOI,6.333333333,0
"Evans, Joshua",Joshua Evans,GEO_PAN,6.166666667,0
"Evans, Karson",Karson Evans,NEW_PRI,6.166666667,0
"Evans, Matt",Matt Evans,ETS_BUC,5.833333333,0
"Evans, Matthew",Matt Evans,TEX_ISL,6.083333333,0
"Evans, Patrick",Patrick Evans,SOU_GAM,6.25,0
"Evans, Rob",Rob Evans,MIA_HUR,6.083333333,0
"Evans, Rylan",Rylan Evans,PAC_TIG,5.916666667,0
"Evans, Tate",Tate Evans,YAL_BUL,6,0
"Evans, Zachary",Zach Evans,ARL_MAV,6.166666667,0
"Evasco, AJ",AJ Evasco,KAN_WIL,6.5,0
"Evenson, Luke",Luke Evenson,SOU_JAC,5.833333333,0
"Evenson, Zac",Zach Evenson,MER_UNI,6.083333333,0
"Everette, Carson",Carson Everette,WIN_EAG,6,0
"Everingham, Drew",Drew Everingham,WMI_BRO,6.416666667,0
"Evers, Jackson",Jackson Evers,JAC_GAM,6.25,0
"Everson, Andrew",Andrew Everson,MIC_SPA,6.166666667,0
"Evrard, Coen",Coen Evrard,LOU_CAR,6.166666667,0
"Ewaldsen, Colin",Collin Ewaldsen,MER_BEA,6,0
"Ewanowski, Wyatt",Wyatt Ewanowski,HIG_PAN,6,0
"Exum, Jacob",Jacob Exum,VIR_TEC,6.333333333,0
"Ezell, Andrew",Andrew Ezell,STE_HAT,6.083333333,0
"Fabian, JT",JT Fabian,WIU_LEA,6.083333333,0
"Fabian, Kenney",Kenney Fabian,ARK_LIO,6,0
"Fabre, Larson",Larson Fabre,SOU_LIO,6,0
"Faccio, Brett",Brett Faccio,YAL_BUL,6.166666667,0
"Facinelli, Ryan",Ryan Facinelli,BUC_BIS,5.916666667,0
"Fagerstrom, Reid",Reid Fagerstrom,MER_BEA,6.083333333,0
"Fahey, Will",Will Fahey,MON_HAW,6.083333333,0
"Fahnestock, Brody",Brody Fahnestock,OAK_GOL,6.166666667,0
"Fairchild, Elijah",Elijah Fairchild,LON_ISL22,5.833333333,0
"Fairhurst, Samuel",Sam Fairhurst,LEH_MOU,6.25,0
"Falace, Sam",Sam Falace,SIE_SAI,6.25,0
"Falco, Brandon",Brandon Falco,NJI_HIG,6,0
"Falke, Ryan",Ryan Falke,WAS_COU,6.416666667,0
"Falkenstein, Parker",Parker Falkenstein,WRI_RAI,5.833333333,0
"Falla, Nicholas",Nick Falla,SAN_AZT,6.083333333,0
"Fallmann, Tyler",Tyler Fallmann,UNI_WES,6,0
"Farber, Ryne",Ryne Farber,AUB_TIG,5.916666667,0
"Farina, Ethan",Ethan Farina,MOY_MOY,5.916666667,0
"Farina, Michael",Michael Farina,ILL_ILL,6.083333333,0
"Farley, Dylan",Dylan Farley,ASU_RED,6.25,0
"Farley, Paul",Paul Farley,GEO_BUL,6.166666667,0
"Farmer, Camden",Camden Farmer,MIS_DEL,5.833333333,0
"Farmer, Tommy",Tommy Farmer,CAL_ANT,6.25,0
"Farner, Matthew",Mathew Farner,NOF_OSP,6.083333333,0
"Farney, Seanan",Seanan Farney,STE_LUM,6.166666667,0
"Farnum, Xavier",Xavier Farnum,SIU_SAL,6.083333333,0
"Farquhar, Tate",Tate Farquhar,TRO_TRJ,6,0
"Farr, Sawyer",Sawyer Farr,TEX_AGG,6.333333333,0
"Farrell, Jackson",Jackson Farrell,ORA_GOL,6.333333333,0
"Farrell, Max",Max Farrell,SAN_AZT,6,0
"Farrell, Travis",Travis Farrell,SEA_RED,6.583333333,0
"Farrell, Zachary",Zac Farrell,ARM_BLA,5.75,0
"Fast, Taber",Taber Fast,WAS_COU,6.166666667,0
"Fattore, Vince",Vince Fattore,ELO_PHO,5.916666667,0
"Faulkner, Gavin",Gavin Faulkner,EKU_COL,6.166666667,0
"Faulkner, Jacob",Jacob Faulkner,VAN_COM,6.083333333,0
"Fausset, Cameron",Cameron Fausset,SOU_TRO,6.083333333,0
"Faust, Owen",Owen Faust,FRE_BUL,6,0
"Favela, Jude",Jude Favela,WES_HIL,6.25,0
"Fawley, Austin",Austin Fawley,OLE_REB,6.083333333,0
"Fay, Tyler",Tyler Fay,ALA_CRI,6.416666667,0
"Featherston, Ryan",Ryan Featherston,ORE_DUC,6.166666667,0
"Federico, Hayden",Hayden Federico,OLE_REB,5.916666667,0
"Fedoruk, Kevin",Kevin Fedoruk,MON_HAW,5.916666667,0
"Feehery, Jack",Jack Feehery,DUK_BLU,6,0
"Fehrman, Cole",Cole Fehrman,STJ_HAW,6.25,0
"Feidt, Nolan",Nolan Feidt,STB_BON,6.333333333,0
"Feinberg, Harrison",Harrison Feinberg,NOR_HUS,6.083333333,0
"Feld, Justin",Justin Feld,GON_BUL,6,0
"Felder, Ross",Ross Felder,MIS_BEA,6.166666667,0
"Feliciano, Emilio",Emilio Feliciano,COP_STA,5.833333333,0
"Feliciano, Vicente",Vicente Feliciano,FLO_PAN,6.083333333,0
"Felix, Ethan",Ethan Felix,CAL_AGO,6.166666667,0
"Feliz, Raul",Raul Feliz,WOF_TER,5.75,0
"Fellings, Tro",Tro Fellings,PUR_BOI,6.333333333,0
"Fellows, Cole",Cole Fellows,COL_LION,6.166666667,0
"Felsch, Rowan",Rowan Felsch,CAL_ANT,6.166666667,0
"Feltman, Jett",Jett Feltman,HBU_HUS,6.25,0
"Felton, Nick",Nick Felton,OLD_MON,6.25,0
"Fender, Ethan",Ethan Fender,ORA_GOL,5.833333333,0
"Fenderson, Trey",Trey Fenderson,PIT_PAN,6,0
"Fennell, Connor",Connor Fennell,VAN_COM,6.083333333,0
"Ferguson, Andrew",Drew Ferguson,LOU_BUL,6,0
"Ferguson, Brady",Brady Ferguson,IOW_HAW,6.25,0
"Ferguson, Henry",Henry Ferguson,ETS_BUC,6,0
"Ferguson, Jake",Jake Ferguson,EIU_PAN,5.916666667,0
"Ferguson, Joshua",Josh Ferguson,MAR_THU,6.25,0
"Feris, Charles",Charlie Feris,STE_LUM,6.166666667,0
"Fernandes, Alex",Alex Fernandes,SAN_SPA,5.916666667,0
"Fernandez, Anthony",Anthony Fernandez,STB_BON,6.083333333,0
"Fernandez, Joel",Joel Fernandez,WAS_COU,6,0
"Fernandez, Jose",Jose Fernandez,BET_WIL,6.25,0
"Fernandez, Michael",Michael Fernandez,MIA_HUR,5.833333333,0
"Fernandez, Patrick",Patrick Fernandez,CEN_BEA,6.166666667,0
"Fernandez, Samuel",Samuel Fernandez,STE_HAT,6.25,0
"Fernsler, Boden",Boden Fernsler,LAF_LEP,6.166666667,0
"Fernsler, Uli",Uli Fernsler,TCU_HFG,6.333333333,0
"Ferraro, Caden",Caden Ferraro,TEX_RAI,6.166666667,0
"Ferretti, Jake",Jake Ferretti,YSU_PEN,6.166666667,0
"Ferris, Kash",Kash Ferris,ORA_GOL,6.166666667,0
"Ferroggiaro, Thomas",Thomas Ferroggiaro,SAN_BRO,5.833333333,0
"Feser, Cohen",Cohen Feser,KAN_WIL,6.166666667,0
"Fetchel, Zachary",Zachary Fetchel,RIC_OWL,6.25,0
"Fetterman, Tyler",Tyler Fetterman,ETS_BUC,6.083333333,0
"Fiatarone, Michael",Mike Fiatarone,BRY_BUL,5.916666667,0
"Fichera, Jose",José Fichera,SOU_COU,6.166666667,0
"Fidanza, Christopher",Chris Fidanza,MAN_JAS,6.5,0
"Fieger, Drew",Drew Fieger,EVA_ACE,6.166666667,0
"Fields, Blake",Blake Fields,HOU_COU,6,0
"Fields, Jake",Jake Fields,LON_DIR,6,0
"Fields, Keondre",Keondre Fields,ALA_ANM,6.083333333,0
"Fields, Noah",Noah Fields,ARL_MAV,6,0
"Fierro, Andrew",Andrew Fierro,MAR_RED,6.083333333,0
"Figueroa, Abdriel",Abdriel Figueroa,SOU_IND16,6.166666667,0
"Figueroa, Josue",Josue Figueroa,FLO_RAT,6.083333333,0
"Figueroa, Tyler",Tyler Figueroa,WAK_DEA,5.75,0
"Fikes, Trey",Trey Fikes,NEB,5.833333333,0
"Filer, Noah",Noah Filer,PUR_BOI,6.25,0
"Filippi, Luke",Luke Filippi,ALB_GRE,6.083333333,0
"Filler-Berroll, Steven",Steven Filler-Berroll,ALB_GRE,6.25,0
"Fillinger, Ethan",Ethan Fillinger,NCB,6,0
"Filter, Russ",Deuce Filter,SAN_BRO,5.916666667,0
"Finarelli, Nick",Nick Finarelli,LON_ISL22,6.25,0
"Finarelli, Sam",Sam Finarelli,LON_ISL22,6.333333333,0
"Fine, Dillon",Dillon Fine,UTA_UTE,6.25,0
"Fink, Carter",Carter Fink,KAN_JAY,6.083333333,0
"Fink, Carter",Carter Fink,NIA_EAG,6.166666667,0
"Fink, Nathan",Nathan Fink,SAM_BEA,6.333333333,0
"Finkbeiner, Tyler",Tyler Finkbeiner,MIC_WOL,6.583333333,0
"Finn, Bobby",Bobby Finn,VIL_WIL,6,0
"Finn, Sean",Sean Finn,UCO_HUS,5.75,0
"Finnegan, Quinn",Quinn Finnegan,WAG_SEA,6.25,0
"Finney, Travis",Travis Finney,SOU_JAC,5.833333333,0
"Finnvold, Carsten",Carsten Finnvold,VIL_WIL,6.083333333,0
"Firestein, Ethan",Ethan Firestein,BUC_BIS,6,0
"Fischer, Chayton",Chayton Fischer,UTR_VAQ,6.083333333,0
"Fischer, Samuel",Samuel Fischer,FLO_PAN,6.25,0
"Fishel, Ben",Ben Fishel,COL_LION,5.916666667,0
"Fisher, Cal",Cal Fisher,FLO_SEM,6,0
"Fisher, Colin",Colin Fisher,ARK_RAZ,6.25,0
"Fisher, Jordan",Jordan Fisher,APP_MOU,6.333333333,0
"Fisher, Jude",Jude Fisher,OSU_BUC,6.166666667,0
"Fisher, Riley",Riley Fisher,LOU_BUL,6.166666667,0
"Fishnick, Aiden",Aiden Fishnick,UWM_PAN,6.166666667,0
"Fitz, Jonathan",Jonathan Fitz,XAV_MUS,6,0
"Fitzgerald, Colin",Colin Fitzgerald,PEN_NIT,6.083333333,0
"Fitzgerald, JW",JW Fitzgerald,SAC_PIO,6,0
"Fitzgibbon, Matt",Matt Fitzgibbon,STJ_HAW,6.083333333,0
"Fitzimmons, Dylan",Dylan Fitzsimmons,STJ_RED,6,0
"Fitzpatrick, Brady",Brady Fitzpatrick,MOR_EAG,6.166666667,0
"Fitzpatrick, PJ",Press Fitzpatrick,WOF_TER,6.333333333,0
"Fitzpatrick, Sean",Sean Fitzpatrick,ARI_SUN,6,0
"Fitzsimmons, Dylan",Dylan Fitzsimmons,STJ_RED,6,0
"Fiveash, Caden",Caden Fiveash,NOR_DEM,6,0
"Fiveash, Dalton",Dalton Fiveash,WES_HIL,5.916666667,0
"Fjelstad, Zach",Zach Fjelstad,CAL_ANT,5.916666667,0
"Fladda, Luc",Luc Fladda,ARI_WIL,6.083333333,0
"Flaharty, Matt",Matt Flaharty,UTA_UTE,6,0
"Flaherty, Tommy",Tommy Flaherty,BRY_BUL,6.25,0
"Flanagan, Cole",Cole Flanagan,LOU_CAJ,6.083333333,0
"Flanigan, Will",Will Flanigan,UIC_FLA,5.916666667,0
"Flannery, Boston",Boston Flannery,NOR_TAR,6.333333333,0
"Fleaka, Jonathan",Jonathan Fleaka,CEN_MIC,5.833333333,0
"Fleming II, E'mar",E'mar Fleming,HIG_PAN,6,0
"Fleming, Josh",Joshua Fleming,MUR_RAC,5.75,0
"Fletcher, Nathan",Nate Fletcher,RHO_RAM,6.333333333,0
"Flinn, Aidan",Aidan Flinn,ILL_ILL,6.5,0
"Fliss, Michael",Michael Fliss,TOL_ROC,6.5,0
"Flora, Jackson",Jackson Flora,SAN_GAU,6.416666667,0
"Florence, Joshua",Josh Florence,STO_COL,6.083333333,0
"Florentino, Chris",Christopher Florentino,STB_BON,6.25,0
"Flores, Jaden",Jaden Flores,SIU_SAL,6,0
"Flores, Jason",Jason Flores,TEX_LON,6.166666667,0
"Flores, Matt",Matt Flores,KAN_WIL,5.916666667,0
"Flores, Nick",Nick Flores,VCU_RAM,5.75,0
"Flores, Sam",Sam Flores,PUR_BOI,6.083333333,0
"Florio, Trace",Trace Florio,LAF_LEP,6,0
"Floyd, Andrew",Andrew Floyd,SAL_JAG,5.75,0
"Fluharty, Billy",Billy Fluharty,BUC_BIS,5.916666667,0
"Flukey, Cameron",Cameron Flukey,COA_CHA,6.5,0
"Flynn, Conner",Connor Flynn,RID_BRO,6.333333333,0
"Foertsch, Tanner",Tanner Foertsch,UNO_MAV,5.75,0
"Fogg, Chase",Chase Fogg,SPU_PEA,6,0
"Foley, Brian",Brian Foley,UMASS_RIV,6.333333333,0
"Foley, Ethan",Ethan Foley,CAL_BEA,6.25,0
"Foley, Lucas",Lucas Foley,ILL_RED,6.25,0
"Foley, Matthew",Matthew Foley,IWC,6.25,0
"Foley, Wyatt",Wyatt Foley,WIC_SHO,6.083333333,0
"Fontenot, Bryce",Bryce Fontenot,MCN_COW,5.833333333,0
"Fontenot, Grant",Grant Fontenot,LSU_TIG,6.25,0
"Fontenot, Landon",Landon Fontenot,LOU_BUL,5.833333333,0
"Fontenot, Seth",Seth Fontenot,MCN_COW,6.166666667,0
"Forbes, Jackson",Jackson Forbes,ARI_WIL,5.916666667,0
"Ford, Henry",Henry Ford,TEN_VOL,6.416666667,0
"Ford, Justin",Justin Ford,SET_PIR,6.25,0
"Ford, Tim",Tim Ford,FOR_RAM,6.166666667,0
"Fordham, JR",JR Fordham,LON_LAN,5.833333333,0
"Fordham, James",James Fordham,WCC,6,0
"Forgues, Jack",Jack Forgues,UMASS_RIV,6.083333333,0
"Forniss, Christian",Christian Forniss,NOR_CAT,6.083333333,0
"Forrest, Aidan",Aidan Forrest,SPU_PEA,6.083333333,0
"Fortenberry, Robert",Robert Fortenberry,KAN_WIL,6,0
"Fortes, Michael",Michael Fortes,DAY_FLY,6.166666667,0
"Fortner, Jack",Jack Fortner,MTSU_BLU,6,0
"Fosberg, Will",Will Fosberg,NOR_HUS,6.166666667,0
"Foss, Brett",Brett Foss,ASU_RED,6.333333333,0
"Foster, Charlie",Charlie Foster,MSU_BDG,6.333333333,0
"Foster, Cooper",Cooper Foster,FLO_PAN,6.25,0
"Foster, Elijah",Elijah Foster,SOU_GAM,6,0
"Foster, Jakob",Jakob Foster,MSM_MTN,6.166666667,0
"Foster, Max",Max Foster,COR_BRE,6.25,0
"Foster, Noah",Noah Foster,SOU_IND16,6,0
"Foster, Tyler",Tyler Foster,CAL_ANT,6.083333333,0
"Foulke, Kade",Kade Foulke,AUS_GOV,6.083333333,0
"Fouraker Jr, Eric",Eric Fouraker,NOF_OSP,6.083333333,0
"Fowler, Bryce",Bryce Fowler,ALA_CRI,6.166666667,0
"Fowler, Chandler",Chandler Fowler,TEX_ISL,6.333333333,0
"Fowler, Jack",Jack Fowler,PEP_WAV,6,0
"Fowler, Landon",Landon Fowler,CLE_TIG,6.25,0
"Fowler, Ross",Ross Fowler,NOR_AGG,6.25,0
"Fox, Brady",Brady Fox,UMBC_RET,5.833333333,0
"Fox, Sean",Sean Fox,OHI_BOB,6.083333333,0
"Fox, Tyler",Ty Fox,UMA_AMH,6.166666667,0
"Fox, Walker",Walker Fox,WCC,6.25,0
"Foxson, Tate",Tate Foxson,UNL_REB,6.416666667,0
"Foxx, Jalen",Jalen Foxx,ASU_RED,6.166666667,0
"Fraasman, Brayden",Brayden Fraasman,NOR_WOL,6,0
"Frail, Conner",Conner Frail,COL_CHA,6.333333333,0
"Fralick, Chase",Chase Fralick,AUB_TIG,6.166666667,0
"Frammartino, Joseph",Joey Frammartino,MER_COL1,5.583333333,0
"Francella, Kevin",Kevin Francella,WM_TRI,5.916666667,0
"Francis, Austin",Austin Francis,NJI_HIG,5.833333333,0
"Francis, Declan",Declan Francis,WES_HIL,6.166666667,0
"Francis, Jake",Jake Francis,VIL_WIL,6,0
"Francisco, Brady",Brady Francisco,OKL_COW,5.75,0
"Franck, Gage",Gage Franck,SOU_COU,6.083333333,0
"Franco, Lucas",Lucas Franco,TCU_HFG,6.25,0
"Franco, Noah",Noah Franco,TCU_HFG,6.25,0
"Franco, Samuel",Sam Franco,MER_COL1,6.333333333,0
"Franconere, JC",J.C. Franconere,QUI_BOB,6.25,0
"Francuzenko, Nicholas",Nich Francuzenko,TOW_TIG,5.916666667,0
"Franden, Ryan",Ryan Franden,SAM_BEA,6,0
"Frank, Alex",Alex Frank,FAI_STA,6.25,0
"Franke, Dayton",Dayton Franke,SOU_JAC,6.166666667,0
"Frankel, Jack",Jack Frankel,TUL_GRE,6.166666667,0
"Franklin, Will",Will Franklin,NOK_NOR,6.083333333,0
"Frankovic, Jack",Jack Frankovic,LEH_MOU,6,0
"Franks, Logan",Logan Franks,STJ_HAW,5.833333333,0
"Franquiz, Bennie",Bennie Franquiz,ARM_BLA,5.75,0
"Fraser, Gabe",Gabe Fraser,FLO_SEM,6.166666667,0
"Freche, Logan",Logan Freche,SOU_LIO,6.333333333,0
"Frederick, Brady",Brady Frederick,TEN_VOL,5.916666667,0
"Frederick, Victor",Victor Frederick,STJ_RED,6.416666667,0
"Fredericks, Joe",Joe Fredericks,MAR_TER,5.75,0
"Fredette, Michael",Michael Fredette,SAM_BUL,5.75,0
"Fredo, Ty",Ty Fredo,MSM_MTN,6,0
"Free, Ryan",Ryan Free,TEX_RAI,6.166666667,0
"Freed, Ethan",Ethan Freed,QUI_BOB,6,0
"Freeland, Carter",Carter Freeland,NEW_PRI,6,0
"Freeman, Caleb",Caleb Freeman,EKU_COL,6.416666667,0
"Freeman, Cameron",Cam Freeman,LON_LAN,6.25,0
"Freeman, Jackson",Jackson Freeman,NOR_CAT,6.166666667,0
"Freeman, Preston",Preston Freeman,NEB,6.166666667,0
"Freeman, Trey",Trey Freeman,FLO_PAN,6,0
"Freeman, Walker",Walker Freeman,TEX_ISL,6.166666667,0
"Freer, Steve",Steven Freer,MOY_MOY,6.25,0
"Frehner, Payton",Payton Frehner,COL_CHA,6,0
"Frei, Gehrig",Gehrig Frei,MSU_BDG,6.083333333,0
"Freitag, John",John Freitag,VIL_WIL,5.916666667,0
"Freiter, Bennett",Bennett Freiter,NOR_BIS,6.333333333,0
"Freker, Brodie",Brodie Freker,GEO_COL,6.166666667,0
"French, Anderson",Anderson French,VIR_TEC,6.416666667,0
"French, Blaine",Blaine French,PAC_TIG,6.166666667,0
"French, Carson",Carson French,NOK_NOR,6.083333333,0
"French, Carter",Carter French,NOR_TAR,6.166666667,0
"French, Jacob",Jacob French,CAL_BEA,6.083333333,0
"Frers, Nick",Nick Frers,VCU_RAM,6.25,0
"Freschi, Dario",Dario Freschi,STM_GAE,5.75,0
"Frese, Maddux",Maddux Frese,IOW_HAW,6,0
"Freshcorn, Clayton",Clayton Freshcorn,TEX_AGG,6,0
"Freund, Nolan",Nolan Freund,LIT_TRO,6.083333333,0
"Frey, Ayden",Ayden Frey,STJ_RED,5.833333333,0
"Frey, Chase",Chase Frey,GRA_CAN,6.5,0
"Frey, Hayden",Hayden Frey,TOL_ROC,6.333333333,0
"Frias, JC",JC Frias,ION_GAE,5.666666667,0
"Fricker, Luke",Luke Fricker,MIZ_TIG,6.166666667,0
"Fried, Jacob",Jacob Fried,LOY_LIO,6.416666667,0
"Friedberg, Hunter",Hunter Friedberg,NOK_NOR,5.833333333,0
"Friedman, Asher",Asher Friedman,ALC_BRA,6,0
"Friedman, Pierce",Pierce Friedman,MAI_BLA,6.083333333,0
"Friend, Travis",Travis Friend,LOY_LIO,5.916666667,0
"Fritch, Brendan",Brendan Fritch,DAV_WIL,6,0
"Fritcher, Blayne",Blayne Fritcher,LAM_CAR,6.416666667,0
"Fritcher, Easton",Easton Fritcher,THO_M,6,0
"Frize, Drake",Drake Frize,SAN_TOR,6.25,0
"Frizzi, Sam",Sam Frizzi,WES_HIL,6.083333333,0
"Froehlich, Kyle",Kyle Froehlich,TEX_BOB,6,0
"Frohn, Jake",Jake Frohn,SAN_AZT,6.166666667,0
"Froling, Van",Van Froling,SAN_GAU,6.333333333,0
"Frommelt, Kaden",Kaden Frommelt,FLO_SEM,5.916666667,0
"Frontera, Ryan",Ryan Frontera,SET_PIR,6.166666667,0
"Frost, Cael",Cael Frost,WES_HIL,6,0
"Frost, Isaiah",Isaiah Frost,MIZ_TIG,5.916666667,0
"Frost, Jaixen",Jaixen Frost,IOW_HAW,6.25,0
"Fry, Brenden",Brenden Fry,SOU_COU,6.25,0
"Fry, Dale",Dale Fry,LON_ISL22,6.416666667,0
"Fry, Evan",Evan Fry,NOK_NOR,6.083333333,0
"Fry, Landen",Landen Fry,IU,6.083333333,0
"Fryer, Justin",Justin Fryer,NOR_CAT,6,0
"Fryman, Bennett",Bennett Fryman,TEX_BOB,5.916666667,0
"Fuentes, Marco",Marco Fuentes,RIC_OWL,6.166666667,0
"Fugate, Connor",Connor Fugate,GEO_EAG,6.25,0
"Fujimoto, Hunter Kenji",Hunter Fujimoto,SAN_BRO,5.833333333,0
"Fulford, Chase",Chase Fulford,BIN_BEA,6,0
"Fulk, Anderson",Anderson Fulk,LIB_FLA,6.25,0
"Fulk, Landon",Landon Fulk,MIA_RED,6.25,0
"Fulk, Weston",Weston Fulk,IND_SYC,6.333333333,0
"Fuller, Cade",Cade Fuller,TEN_TEC,6.333333333,0
"Fuller, Ethan",Ethan Fuller,MIS_DEL,6,0
"Fuller, Kaden",Kaden Fuller,WCC,6.083333333,0
"Fuller, Landon",Landon Fuller,IWC,6,0
"Fulmer, Garrett",Garrett Fulmer,CIT_BUL,5.916666667,0
"Fultz, Jason",Jason Fultz,CLE_TIG,6,0
"Fultz, Patrick",Patrick Fultz,WRI_RAI,6,0
"Furcht, Noah",Noah Furcht,OSU_BUC,6.166666667,0
"Furey, CJ",CJ Furey,VIL_WIL,6,0
"Furey, Ryan",Ryan Furey,NOF_OSP,6.416666667,0
"Furniss, Will",Will Furniss,OLE_REB,6.333333333,0
"Furr, Keely",Keely Furr,DAV_WIL,6,0
"Furtado, Josh",Josh Furtado,MOR_EAG,6,0
"Fyffe, Logan",Logan Fyffe,MIS_BEA,6,0
"Fyke, Kai",Kai Fyke,OKL_COW,6.166666667,0
"Gable, Brett",Brett Gable,HAR_CRI,5.75,0
"Gabler, Jacob",Jacob Gabler,ARL_MAV,6.5,0
"Gaeckle, Gabe",Gabe Gaeckle,ARK_RAZ,6,0
"Gaeto, Alex",Alex Gaeto,SAM_BUL,6.333333333,0
"Gaffney, Luke",Luke Gaffney,CLE_TIG,6.083333333,0
"Gagen, Bradley",Bradley Gagen,EKU_COL,6.166666667,0
"Gagnon, Nathan",Nathan Gagnon,FGCU,6.083333333,0
"Gailey, Lawson",Lawson Gailey,USF_BUL,6,0
"Gaines, Andrew",Andrew Gaines,STJ_HAW,6.416666667,0
"Gaines, Mason",Mason Gaines,UNO_MAV,6.083333333,0
"Gajowski, Mark",Mark Gajowski,ALB_GRE,5.916666667,0
"Galaska, Ryker",Ryker Galaska,UNC_SEA,6.083333333,0
"Gale, Joe",Joey Gale,STJ_HAW,5.916666667,0
"Galindo, David",David Galindo,UTA_UTE,5.75,0
"Gallagher, Grant",Grant Gallagher,KAN_WIL,5.833333333,0
"Gallagher, Will",Will Gallagher,RID_BRO,5.916666667,0
"Gallaher, Gavin",Gavin Gallaher,NOR_TAR,6.083333333,0
"Gallant, Matthew",Matt Gallant,CHA_BUC,6.416666667,0
"Gallello, Nicholas",Nick Gallello,HOF_PRI,6,0
"Gallo, Luke",Luke Gallo,BOC_EAG,5.833333333,0
"Galloway, Jacob",Jacob Galloway,ORE_BEA,5.75,0
"Galloway, Rashawn",Rashawn Galloway,TEX_BOB,6,0
"Galt, Owen",Owen Galt,LOU_CAJ,5.833333333,0
"Galusha, Thomas",Thomas Galusha,BRY_BUL,6.25,0
"Galusky, Ty",Ty Galusky,ETS_BUC,6,0
"Galvan, Marcus",Marcus Galvan,GRA_CAN,5.75,0
"Galvan, Noah",Noah Galvan,ABI_WIL,5.916666667,0
"Galvan, Rene",Rene Galván,UTR_VAQ,5.916666667,0
"Galvin, Max",Max Galvin,MIA_HUR,6.166666667,0
"Galvin, Patrick",Patrick Galvin,SEA_RED,6.416666667,0
"Gambardella, Gianni",Gianni Gambardella,MAI_BLA,6.166666667,0
"Gamberdella, Vincent",Vince Gamberdella,SAN_SPA,5.833333333,0
"Gambill, Trey",Trey Gambill,OKL_SOO,5.916666667,0
"Gamboa, Alex",Alex Gamboa,LOY_LIO,5.916666667,0
"Gamester, Dennis",Dennis Gamester,SAN_SPA,5.833333333,0
"Gamster, Preston",Preston Gamster,TCU_HFG,6.25,0
"Gandhi, Krish",Krish Gandhi,BEL_BRU,6,0
"Gandy, Gus",Gus Gandy,SAM_BUL,5.75,0
"Gannon, Reed",Reed Gannon,ILL_ILL,6.25,0
"Ganschow, Matthew",Matthew Ganschow,NIA_EAG,6.166666667,0
"Ganter, Nolan",Nolan Ganter,WIC_SHO,6.416666667,0
"Garagozzo, Nick",Nick Garagozzo,GEO_PAN,5.75,0
"Garber, Everett",Everett Garber,BUC_BIS,6.25,0
"Garbinski, Garret",Garret Garbinski,UCO_HUS,5.916666667,0
"Garbowski, Kyle",Kyle Garbowski,QUI_BOB,6.25,0
"Garcia, AJ",AJ Garcia,BRA_BRA,5.833333333,0
"Garcia, Angel",Angel Garcia,COP_STA,6,0
"Garcia, Anthony",Tony Garcia,UTR_VAQ,6,0
"Garcia, Ayden",Ayden Garcia,UNL_REB,5.916666667,0
"Garcia, Christian",Christian Garcia,SAN_TOR,6.25,0
"Garcia, EJ",EJ Garcia,IWC,5.833333333,0
"Garcia, Ellis",Ellis Garcia,BRY_BUL,6,0
"Garcia, Esteban",Esteban Garcia,BOC_EAG,6,0
"Garcia, JJ",JJ Garcia,APP_MOU,6.416666667,0
"Garcia, Linkin",Linkin Garcia,TEX_RAI,6.25,0
"Garcia, Mateo",Mateo Garcia,SAN_BRO,5.833333333,0
"Garcia, Nico",Nico Garcia,ALC_BRA,6.166666667,0
"Garcia, Nomar",Nomar Garcia,IND_SYC,6.083333333,0
"Garcia, Santiago",Santiago Garcia,LSU_TIG,6,0
"Gardini, Talin",Talin Gardini,STM_GAE,6.083333333,0
"Gardner, Brendan",Brendan Gardner,HOL_CRU,6.083333333,0
"Gardner, Brody",Brody Gardner,UNC_SPA,5.916666667,0
"Gardner, Ethan",Ethan Gardner,DIX_STE,6.416666667,0
"Gardner, Grant",Grant Gardner,APP_MOU,5.75,0
"Garewal, Sam",Sam Garewal,STA_CAR,6.416666667,0
"Gargett, Kyuss",Kyuss Gargett,TCU_HFG,6.083333333,0
"Gariano, Ralph",Ralph Gariano,LEH_MOU,6.083333333,0
"Garino, Ryder",Ryder Garino,NOR_WOL,6.416666667,0
"Garland, Jackson",Jackson Garland,LON_LAN,6.166666667,0
"Garmon II, Brian",Brian Garmon,SAL_JAG,6.166666667,0
"Garner, JD",JD Garner,FLO_RAT,6.416666667,0
"Garnett, Andrew",Andrew Garnett,MER_BEA,6.083333333,0
"Garrett, Ethan",Ethan Garrett,GEO_EAG,6.083333333,0
"Garrish, Tripp",Tripp Garrish,AIR_FOR,6.083333333,0
"Garrison, Cooper",Cooper Garrison,ASU_RED,5.916666667,0
"Garrison, Jayden",Jayden Garrison,SAN_DON,5.916666667,0
"Garritano, Nicky",Nicky Garritano,UNL_REB,5.916666667,0
"Garula, Brenden",Brenden Garula,CIN_BEA,5.916666667,0
"Garvey, Jack",Jack Garvey,NEW_PRI,6.25,0
"Gary, Bennett",Bennett Gary,MIA_HUR,5.75,0
"Garza, Alejandro",Alejandro Garza,CAL_MUS,5.75,0
"Garza, Brendan",Brendan Garza,BAL_CAR,6.083333333,0
"Garza, Eddie",Eddie Garza,TEN_TEC,5.833333333,0
"Garza, Manny",Manny Garza,TEN_TEC,5.833333333,0
"Garza-Gongora, Rocco",Rocco Garza-Gongora,UTR_VAQ,6,0
"Gaskey, Blake",Blake Gaskey,NIU_HUS,6.166666667,0
"Gaskin, Cayden",Cayden Gaskin,UCF_KNI,5.833333333,0
"Gaspard, Jackson",Jackson Gaspard,MER_BEA,6,0
"Gasparino, Will",Will Gasparino,UCLA,6.5,0
"Gass, Mason",Mason Gass,OHI_BOB,5.916666667,0
"Gasser, Camden",Camden Gasser,LON_DIR,5.833333333,0
"Gastman, Brett",Brett Gastman,LIT_TRO,6.166666667,0
"Gaston, Carter",Carter Gaston,POR_PIL,6.25,0
"Gates, Cal",Cal Gates,IU,5.916666667,0
"Gates, Sam",Sam Gates,VIR_TEC,5.916666667,0
"Gatti, JJ",JJ Gatti,OLD_MON,6.25,0
"Gatwood, Connor",Connor Gatwood,AUB_TIG,6.416666667,0
"Gaudette, Caden",Caden Gaudette,GIT_YEL,6,0
"Gaudreau, Jacob",Jake Gaudreau,BRY_BUL,5.75,0
"Gauna, Andrew",Andrew Gauna,SAN_TOR,6.333333333,0
"Gavin, Danny",Danny Gavin,BUT_BUL,5.916666667,0
"Gay, Alex",Alex Gay,MIA_RED,6.416666667,0
"Gay, Justin",Justin Gay,RIC_SPI,6.583333333,0
"Gayan, Bryce",Bryce Gayan,PRI_TIG,6.083333333,0
"Gaz, Landon",Landon Gaz,CAL_ANT,6.166666667,0
"Gazaway, Dylan",Dylan Gazaway,UTA_UTE,6.333333333,0
"Gazaway, Mason",Mason Gazaway,GEO_EAG,6,0
"Geary, Will",Will Geary,LIN_UNI,6.25,0
"Gebb, Tyler",Tyler Gebb,LON_DIR,6.5,0
"Gebhardt, Braden",Braden Gebhardt,YSU_PEN,6.166666667,0
"Geck, Ryan",Ryan Geck,LIT_TRO,6.416666667,0
"Geddes, Trevor",Trevor Geddes,XAV_MUS,6.583333333,0
"Gegg, Greyson",Greyson Gegg,MER_BEA,6.25,0
"Geiger, Jackson",Jackson Geiger,USF_BUL,6.166666667,0
"Geis, Jake",Jake Geis,LOY_LIO,6.333333333,0
"Geiser, Jack",Jack Geiser,MIA_RED,6.166666667,0
"Geisler, Nolan",Nolan Geisler,UMASS_RIV,6.25,0
"Gell, Scott",Scott Gell,SBU_SEA,6.083333333,0
"Gentil, Evan",Evan Gentil,CAL_AGO,6.166666667,0
"Gentile, Josh",Josh Gentile,GAR_RUN,6.5,0
"George, Jamal",Jamal George,MIZ_TIG,5.916666667,0
"Georger, Loren",Loren Georger,SLU_BILL,6.166666667,0
"Geraghty, Ryan",Ryan Geraghty,JAC_GAM,6.083333333,0
"Gerety, Ryan",Ryan Gerety,NOR_HUS,5.916666667,0
"Gerfers, Jason",Jason Gerfers,LON_DIR,6.166666667,0
"Germann, Davis",Davis Germann,MOR_EAG,6,0
"Gerrick, Noah",Noah Gerrick,WOF_TER,6,0
"Gerteisen, Tyler",Tyler Gerteisen,NOF_OSP,5.75,0
"Geshel, James",James Geshel,EIU_PAN,6.333333333,0
"Ghiorso, DJ",DJ Ghiorso,LOY_LIO,5.916666667,0
"Gholston, Jacob",Jacob Gholston,CHA_FOR,6.583333333,0
"Ghuliani, Arnav",Arnav Ghuliani,MAN_JAS,6,0
"Giacomini, Jordan",Jordan Giacomini,NEV_WOL,5.916666667,0
"Gialluisi, Mark",Mark Gialluisi,VIL_WIL,5.916666667,0
"Gianni, Antonio",Antonio Gianni,MEX_LOB,5.833333333,0
"Giannini, Drew",Drew Giannini,SAN_SPA,6.166666667,0
"Giardina, Silvio",Silvio Giardina,LEH_MOU,6,0
"Gibbs, Brent",Brent Gibbs,COL_CHA,5.583333333,0
"Gibbs, Case",Case Gibbs,MAR_TER,6.083333333,0
"Gibbs, Colin",Colin Gibbs,MAR_TER,6.25,0
"Gibbs, David",David Gibbs,CAL_HIG,6,0
"Gibbs, Josh",Josh Gibbs,KEN_OWL,6,0
"Gibler, Cole",Cole Gibler,ARK_RAZ,6.166666667,0
"Gibson, Ethan",Ethan Gibson,VIR_TEC,6,0
"Gibson, Grayson",Grayson Gibson,OLE_REB,6.083333333,0
"Gibson, JT",JT Gibson,KEN_OWL,6.333333333,0
"Gibson, Jack",Jack Gibson,USC_UPS,6.25,0
"Gibson, Michael",Michael Gibson,CIT_BUL,6.25,0
"Gidley, Konner",Konner Giddley,ARK_LIO,6,0
"Gierer, Daniel",Daniel Gierer,SOU_COU,5.833333333,0
"Giese, Charlie",Charlie Giese,ARL_MAV,6.416666667,0
"Giesige, Cole",Cole Giesige,TOL_ROC,6.083333333,0
"Gietzen, Owen",Owen Gietzen,ARK_LIO,6,0
"Giger, Keegan",Keegan Giger,NIC_COL,6,0
"Giguere, Alexandre",Alexandre Giguère,WAS_COU,5.916666667,0
"Gilbert, Aidan",Aidan Gilbert,HOL_CRU,6.166666667,0
"Gilbert, Bradley",Bradley Gilbert,UTA_WOL,5.916666667,0
"Gilchrist, Robbie",Rob Gilchrist,UCO_HUS,6.25,0
"Gilio, Ashtin",Ashtin Gilio,GEO_HOY,6,0
"Gilkerson, Cameron",Cam Gilkerson,WRI_RAI,6.25,0
"Gilkerson, Cooper",Cooper Gilkerson,WRI_RAI,6.083333333,0
"Gill, Ryan",Ryan Gill,NOK_NOR,5.833333333,0
"Gillen, Michael",Michael Gillen,UCF_KNI,6,0
"Gillen, Patrick",Patrick Gillen,NCA_BUL,5.833333333,0
"Gilleran, James",Jimmy Gilleran,STO_COL,6.25,0
"Gillespie, Davis",Davis Gillespie,SOU_GOL,6.083333333,0
"Gillespie, Mac",Mac Gillespie,UNC_SEA,6.25,0
"Gilley, Brayden",Brayden Gilley,WIN_EAG,6.333333333,0
"Gilliam, Jet",Jet Gilliam,UTA_UTE,6,0
"Gillies, Emmett",Emmett Gillies,EMU_EAG,6.25,0
"Gillies, Malcolm",Malcolm Gillies,EMU_EAG,6,0
"Gilligan, Jace",Jace Gilligan,SPU_PEA,5.833333333,0
"Gillis, Jacob",Jacob Gillis,BAL_CAR,6.416666667,0
"Gillmore, Jace",Jace Gillmore,SAN_BRO,6.416666667,0
"Gilman, Kasey",Kasey Gilman,PRI_TIG,5.916666667,0
"Gilmore, Gavin",Gavin Gilmore,BUT_BUL,6.25,0
"Gilmore, Gunner",Gunner Gilmore,AIR_FOR,6.166666667,0
"Gilpin, Nick",Nick Gilpin,STJ_RED,6,0
"Gilson, Brayden",Brayden Gilson,FAU_OWL,6.25,0
"Gimenez, Jax",Jax Gimenez,ORE_DUC,6.166666667,0
"Gingrich, Zachary",Zachary Gingrich,TEX_BOB,6.083333333,0
"Ginther, Jackson",Jackson Ginther,GEO_PAN,5.75,0
"Giordano, Jack",Jack Giordano,ORE_BEA,6.083333333,0
"Giordano, Joseph",Joey Giordano,RIC_SPI,5.75,0
"Girard, Nolan",Nolan Girard,ILL_RED,6.25,0
"Gisclair, Nick",Nick Gisclair,SOU_LIO,6.166666667,0
"Gladden, James",James Gladden,MAR_TER,6,0
"Glaser, Josh",Josh Glaser,TEX_BOB,6.25,0
"Glasgow, Gavin",Gavin Glasgow,DIX_STE,5.833333333,0
"Glassco, Bryson",Bryson Glassco,ORE_BEA,6.166666667,0
"Glasscock, JJ",JJ Glasscock,WES_MOU,6,0
"Glassman, Ethan",Ethan Glassman,OAK_GOL,6.083333333,0
"Glauber, Caden",Caden Glauber,NOR_TAR,6.333333333,0
"Gleason, Jack",Jack Gleason,MSU_BDG,6.083333333,0
"Gleason, Zach",Zach Gleason,RUT_SCA,6.166666667,0
"Glenn, Jared",Jared Glenn,GON_BUL,6.333333333,0
"Glenn, Luke",Luke Glenn,NIA_EAG,6.083333333,0
"Glidewell, Lyndon",Lyndon Glidewell,MIA_HUR,6.166666667,0
"Gluckman, Bryce",Bryce Gluckman,STE_HAT,6.083333333,0
"Glusick, Max",Max Glusick,UWM_PAN,5.666666667,0
"Gluth, Braden",Braden Gluth,NOR_BIS,6.166666667,0
"Gnardellis, Nickolas",Nick Gnardellis,BEL_KNI,5.833333333,0
"Gocio, Ryan",Ryan Gocio,JMU_DUK,5.916666667,0
"Godbee, Grayson",Grayson Godbee,WES_HIL,6,0
"Godfrey, Jackson",Jackson Godfrey,WCC,6.166666667,0
"Godina, Brent",Brent Godina,CAL_HIG,6.333333333,0
"Godsey, Landon",Landon Godsey,BEL_BRU,6,0
"Goff, Bryson",Bryson Goff,NEW_PRI,6,0
"Goff, Dylan",Dylan Goff,CAL_FUL,6.166666667,0
"Goff, Parker",Parker Goff,BYU_COU,5.916666667,0
"Gold, Brady",Brady Gold,WOF_TER,6,0
"Gold, Ryan",Ryan Gold,KEN_OWL,6.333333333,0
"Goldbeck, Gehrig",Gehrig Goldbeck,MIZ_TIG,6.083333333,0
"Goldberg, Jaxon",Jaxon Goldberg,CRE_BLU,6,0
"Goldberg, Max",Max Goldberg,PAC_TIG,6.25,0
"Golden, Cooper",Cooper Golden,MCN_COW,6.333333333,0
"Golden, Jackson",Jackson Golden,MAR_THU,6.166666667,0
"Golden, Liam",Liam Golden,STA_CAR,6.416666667,0
"Golden, Riley",Riley Golden,UWM_PAN,5.75,0
"Goldenbaum, Matt",Matt Goldenbaum,CRE_BLU,6,0
"Goldenetz, Trevor",Trevor Goldenetz,LON_DIR,6,0
"Goldin, Cannon",Cannon Goldin,OLE_REB,6,0
"Goldstein, Cade",Cade Goldstein,SAN_GAU,6,0
"Golier, Grady",Grady Golier,LEH_MOU,6.25,0
"Gollert, Taeg",Taeg Gollert,MIS_BEA,6.083333333,0
"Golson, Jacob",Jacob Golson,WIU_LEA,6.083333333,0
"Gomberg, Jacob",Jacob Gomberg,UNL_REB,5.833333333,0
"Gomez, Alex",Alex Gomez,SAN_DON,6.166666667,0
"Gomez, Cohen",Cohen Gomez,STA_CAR,6.25,0
"Gomez, Gialdri",Gialdri Gomez,NOF_OSP,6,0
"Gomez, Joe",Joe Gomez,LON_LAN,5.833333333,0
"Gomez, Luis",Luis Gomez,NOR_AGG,6,0
"Gomric, Hank",Hank Gomric,SLU_BILL,6.416666667,0
"Gonzales, Thomas",Thomas Gonzales,SAN_DON,5.833333333,0
"Gonzalez, Aidan",Aídan Gonzalez,SAN_TOR,5.833333333,0
"Gonzalez, Alan",Alan Gonzalez,SAN_DON,6.166666667,0
"Gonzalez, Andres",Andres Gonzalez,SOU_IND16,6,0
"Gonzalez, Anthony",Anthony Gonzalez,STE_HAT,5.75,0
"Gonzalez, Ayden",Ayden Gonzalez,UMBC_RET,6,0
"Gonzalez, Brandyn",Brandyn Gonzalez,FGCU,6.083333333,0
"Gonzalez, Braylen",Braylen Gonzalez,BIN_BEA,5.75,0
"Gonzalez, Cesar",Cesar Gonzalez,BOC_EAG,5.75,0
"Gonzalez, Daniel",Daniel Gonzalez,SAL_JAG,6.333333333,0
"Gonzalez, Diego",Diego Gonzalez,SAN_TOR,6,0
"Gonzalez, Ethan",Ethan Gonzalez,WIC_SHO,6.083333333,0
"Gonzalez, Gabe",Gabe Gonzalez,MER_BEA,6.333333333,0
"Gonzalez, Hector",Hector Gonzalez,UMASS_RIV,5.583333333,0
"Gonzalez, Ignacio",Ignacio Gonzalez,MIA_RED,6.083333333,0
"Gonzalez, OJ",O.J. Gonzalez,ABI_WIL,6,0
"Gonzalez, Renzo",Renzo Gonzalez,STE_HAT,5.833333333,0
"Gonzalez, Ruben",Ruben Gonzalez,UTR_VAQ,5.916666667,0
"Gonzalez, Rudy",Rudy Gonzalez,UTR_VAQ,5.583333333,0
"Gonzalez, Willfred",Wilfred Gonzalez,FGCU,5.75,0
"Goode, Brayton",Bray Goode,SAL_JAG,6.333333333,0
"Goode, Chris",Chris Goode,MER_COL1,5.916666667,0
"Goodin, Tommy",Tommy Goodin,VAN_COM,6.083333333,0
"Goodman, Riley",Riley Goodman,SOU_GAM,6.166666667,0
"Goodner, Harley",Harley Goodner,DUK_BLU,6.083333333,0
"Goodness, Ian",Ian Goodness,MOY_MOY,6.333333333,0
"Goodness, Paul",Paulie Goodness,MOY_MOY,5.833333333,0
"Goodshield, Noah",Noah Goodshield,CEN_BEA,5.666666667,0
"Goodwin, Davis",Davis Goodwin,CSU_BAK,6,0
"Goodwin, Nic",Nic Goodwin,YSU_PEN,6.25,0
"Goodwin, Zak",Zak Goodwin,EIU_PAN,5.833333333,0
"Googins, Tommy",Tommy Googins,PRI_TIG,6.25,0
"Gopal, Sachin",Sachin Gopal,NAV_MID,6,0
"Gordon, Noah",Noah Gordon,NOR_BIS,5.833333333,0
"Gordon, Tyler",Tyler Gordon,CAL_HIG,6.083333333,0
"Gore, Jaxson",Jaxson Gore,WAS_HUS,6,0
"Gorelick, Jake",Jake Gorelick,STE_HAT,6,0
"Gores, Garrett",Garrett Gores,GON_BUL,6.083333333,0
"Gormley, Tj",TJ Gormley,RHO_RAM,6,0
"Gormont, Dylan",Dylan Gormont,SLU_BILL,6.666666667,0
"Gorostola, Javier",Javier Gorostola,FGCU,6,0
"Goss, Keevyn",Keevyn Goss,GRA_TIG,5.916666667,0
"Gostisha, Braden",Braden Gostisha,TAR_TEX,6.25,0
"Gosztola, Miles",Miles Gosztola,ORE_DUC,6.25,0
"Gotschall, Hunter",Hunter Gotschall,VCU_RAM,6,0
"Gould, Brian",Brian Gould,CRE_BLU,5.916666667,0
"Govel, Grant",Grant Govel,SOU_TRO,6,0
"Gowan, Jackson",Jackson Gowan,QUN_RYL,5.916666667,0
"Goytia, AJ",A.J. Goytia,TEX_RAI,5.916666667,0
"Grabau, Anthony",Anthony Grabau,FOR_RAM,5.916666667,0
"Grabmann, Matthew",Matt Grabmann,FAI_STA,6.083333333,0
"Grabowski, Dylan",Dylan Grabowski,LIB_FLA,5.833333333,0
"Grace, Cooper",Cooper Grace,NEB,6.25,0
"Grace, Ranard",Ranard Grace,SOU_RED,5.916666667,0
"Gracia, AJ",AJ Gracia,VIR_CAV,6.25,0
"Grack, Timothy",Tim Grack,CAL_ANT,6.083333333,0
"Grady, Keaton",Keaton Grady,DAL_PAT,5.583333333,0
"Grady, Shea",Shea Grady,SET_PIR,5.916666667,0
"Graf, Brock",Brock Graf,HOL_CRU,6.166666667,0
"Graf, Matt",Matt Graf,LIN_UNI,5.75,0
"Graf, Owen",Owen Graf,OSU_BUC,6.333333333,0
"Graff-Rowe, Ashton",Ashton Graff-Rowe,UTA_UTE,6,0
"Graham, Andrew",Andrew Graham,NOT_IRI,5.75,0
"Graham, Konnor",Konnor Graham,SAL_JAG,6.416666667,0
"Graham, Patrick",Patrick Graham,BYU_COU,5.916666667,0
"Graham, Skylar",Skylar Graham,SOU_IND16,6.083333333,0
"Graham, Tanner",Tanner Graham,EVA_ACE,6.083333333,0
"Graham-Pippin, Seth",Seth Graham-Pippin,UTA_UTE,6.083333333,0
"Grahovac, Gavin",Gavin Grahovac,TEX_AGG,6.25,0
"Grajales , Nelson",Nelson Grajales,COP_STA,6.083333333,0
"Grajales, Nelson",Nelson Grajales,COP_STA,6.083333333,0
"Gramesty, TJ",TJ Gramesty,FAU_OWL,5.75,0
"Grams, Brennen",Brennen Grams,SOU_COU,5.916666667,0
"Granda, Jaden",Jaiden Granda,UNC_SEA,6.25,0
"Grande, Carter",Carter Grande,FAI_STA,6,0
"Grant, Aaron",Aaron Grant,ARK_LIO,6.083333333,0
"Grant, Alex",Alex Grant,NOR_CAT,6.333333333,0
"Grant, Dane",Dane Grant,CAL_ANT,6.166666667,0
"Grant, Garrett",Garrett Grant,FAU_OWL,6.333333333,0
"Grant, Landyn",Landyn Grant,TEX_TIG,6.25,0
"Grantham, Lucas",Lucas Grantham,GEO_PAN,6.166666667,0
"Grasso, Robby",Robby Grasso,LEH_MOU,6.166666667,0
"Graulau, Gabe",Gabe Graulau,USF_BUL,6.333333333,0
"Graveline, Matthew",Matthew Graveline,WES_MOU,6.083333333,0
"Grawe, Nolan",Nolan Grawe,SOU_JAC,6.25,0
"Gray, Amir",Amir Gray,DAY_FLY,6.083333333,0
"Gray, Brady",Brady Gray,ABI_WIL,6,0
"Gray, Braydon",Braydon Gray,LON_LAN,6.166666667,0
"Gray, John",John Gray,WOF_TER,6.416666667,0
"Gray, Mateo",Mateo Gray,UCF_KNI,6.166666667,0
"Gray, Michael",Mikey Gray,PIT_PAN,6,0
"Gray, Nate",Nate Gray,BYU_COU,6.5,0
"Graydon, Trey",Trey Graydon,GAR_RUN,6.333333333,0
"Grayson, William",William Grayson,WAG_SEA,6.25,0
"Graziano, Michael",Michael Graziano,MER_BEA,6.25,0
"Greanead, Caden",Caden Greanead,ABI_WIL,6.25,0
"Greaney, Nick",Nick Greaney,LOU_BUL,6.583333333,0
"Greco, Anthony",Anthony Greco,WM_TRI,6,0
"Greeley, J.D.",JD Greeley,MIC_SPA,6.083333333,0
"Green, Ben",Ben Green,NCA_BUL,6.083333333,0
"Green, Ben",Ben Green,OAK_GOL,6.166666667,0
"Green, Brady",Brady Green,BUC_BIS,5.833333333,0
"Green, Cole",Cole Green,RIC_OWL,6,0
"Green, Elijah",Eli Green,NOK_NOR,6.416666667,0
"Green, Glenn",Glenn Green,SOU_JAG,6.166666667,0
"Green, Jacob",Jacob Green,USF_BUL,6.083333333,0
"Green, James",James Green,PRE_BLH,5.833333333,0
"Green, Jason",Jason Green,NIA_EAG,6.416666667,0
"Green, Kensen",Kensen Green,QUN_RYL,5.833333333,0
"Green, Mason",Mason Green,BAY_BEA,6.333333333,0
"Green, Myles",Myles Green,NEW_PRI,6,0
"Green, Paul",PJ Green,MIZ_TIG,6.166666667,0
"Green, Rand",Rand Green,IWC,6.083333333,0
"Greenberg, Zach",Zach Greenberg,WIN_EAG,5.833333333,0
"Greene, Bryce",Bryce Greene,JMU_DUK,6.25,0
"Greene, Cameron",Cameron Greene,UTM_SKY,6.166666667,0
"Greene, Tyson",Tyson Greene,SIU_SAL,5.916666667,0
"Greenhouse, Mason",Mason Greenhouse,MIA_HUR,6.25,0
"Greer, Brennan",Brennan Greer,STE_LUM,6.083333333,0
"Greer, Jackson",Jackson Greer,PUR_BOI,6.083333333,0
"Greer, Jayton",Jayton Greer,SAN_TOR,5.916666667,0
"Greer, Sam",Sam Greer,STJ_HAW,6,0
"Greger, Gavin",Gavin Greger,BRY_BUL,6,0
"Gregg, Brayden",Brayden Gregg,HOF_PRI,5.666666667,0
"Grego, Drew",Drew Grego,NEB,6,0
"Gregoire, Joshua",Josh Gregoire,SOU_GAM,6.166666667,0
"Gregor, Jake",Jake Gregor,LOU_CAR,6.416666667,0
"Gregorio, Logan",Logan Gregorio,AUB_TIG,6.083333333,0
"Gregory, Ben",Ben Gregory,MIN_GOL,6.25,0
"Gregory, Billy",Billy Gregory,GRA_CAN,6.25,0
"Gregory, Calvin",Calvin Gregory,ORE_BEA,5.833333333,0
"Gregory, Edward",Edward Gregory,SOU_JAG,5.833333333,0
"Gregory, Gus",Gus Gregory,WRI_RAI,5.833333333,0
"Gregson, Nic",Nic Gregson,CSD_TRI,5.916666667,0
"Grenn, Tyler",Tyler Grenn,NAV_MID,6.166666667,0
"Gries-Smith, Eli",Eli Gries-Smith,ORE_BEA,6.166666667,0
"Grieve, Bode",Bode Grieve,LAF_LEP,6.25,0
"Griffin, Colton",Colton Griffin,TCU_HFG,5.833333333,0
"Griffin, Conner",Conner Griffin,BIN_BEA,6.416666667,0
"Griffin, Mason",Mason Griffin,NCB,6.25,0
"Griffin, Mekai",Mekai Griffin,NOR_AGG,6.25,0
"Griffin, Ryan",Ryan Griffin,NOR_HUS,6.5,0
"Griffis, Dayson",Dayson Griffis,GEO_EAG,6,0
"Griffis, Evan",Evan Griffis,ASU_RED,6.25,0
"Griffith, Ben",Ben Griffith,BIN_BEA,6,0
"Griffith, Cole",Cole Griffith,GEO_PAN,6.083333333,0
"Griffith, Elijah",Elijah Griffith,AKR_ZIP,6.166666667,0
"Griffith, Jacob",Jake Griffith,ULM_WAR,5.833333333,0
"Griffith, Nick",Nick Griffith,MOR_EAG,5.666666667,0
"Griffith, Sam",Sam Griffith,OAK_GOL,5.833333333,0
"Griffith, Tanner",Tanner Griffith,STM_GAE,5.75,0
"Griffiths, Brett",Brett Griffiths,BAL_CAR,6,0
"Griffiths, Jack",Jack Griffiths,CEN_MIC,6.5,0
"Griggs, CJ",CJ Griggs,HOF_PRI,6,0
"Griggs, Gage",Gage Griggs,USC_UPS,5.833333333,0
"Griggs, Sean",Sean Griggs,STE_HAT,6.166666667,0
"Grim, Ethan",Ethan Grim,VIR_TEC,6,0
"Grimes, Jacob",Jacob Grimes,QUN_RYL,6.166666667,0
"Grimmer, Blake",Blake Grimmer,TEN_VOL,6.25,0
"Grindlinger, Trent",Trent Grindlinger,TEN_VOL,6.25,0
"Grines, Terence",TJ Grines,UTM_SKY,5.833333333,0
"Groce, Garrett",Garrett Groce,AKR_ZIP,6.25,0
"Groeneveld, A.J.",A.J. Groeneveld,TUL_GRE,6.083333333,0
"Groeschl, Ben",Ben Groeschl,DAY_FLY,6.083333333,0
"Groom, Tommy",Tommy Groom,NOF_OSP,6.333333333,0
"Gross, Landon",Landon Gross,NCA_BUL,6,0
"Grossington, Chazz",Chazz Grossington,WIN_EAG,6,0
"Grossman, Paul",Paul Grossman,SOU_TRO,6,0
"Grothen, Levi",Levi Grothen,CSU_BAK,6,0
"Grothues, Chris",Chris Grothues,UCLA,6.25,0
"Grotyohann, Connor",Connor Grotyohann,RHO_RAM,6.333333333,0
"Grove, Tanner",Tanner Grove,CAL_BEA,6.083333333,0
"Groves, Nick",Nick Groves,ILL_ILL,5.916666667,0
"Grubbs, Max",Max Grubbs,TEX_LON,6.083333333,0
"Grubbs, Talor",Talor Grubbs,MEX_LOB,6,0
"Grube, Sam",Sam Grube,VIR_TEC,6.25,0
"Gruber, Chayse",Chayse Gruber,RIC_SPI,5.833333333,0
"Grubich, Lleyton",Lleyton Grubich,CAM_CAM,6,0
"Gruell, Garrett",Garrett Gruell,UTS_ROA,5.916666667,0
"Grumbles, Drew",Drew Grumbles,BOC_EAG,6.083333333,0
"Grunberg, Sam",Sam Grunberg,JUD,6.25,0
"Grundman, Gannon",Gannon Grundman,MIC_SPA,6.333333333,0
"Grundy, Ryan",Ryan Grundy,HOL_CRU,6.083333333,0
"Grunkemeyer, Jack",Jack Grunkemeyer,NOR_CAT,6.166666667,0
"Grutzmacher, Gavin",Gavin Grutzmacher,DIX_STE,5.916666667,0
"Guadamuz, Samuel",Samuel Guadamuz,AKR_ZIP,6.25,0
"Guanzon, Ian",Ian Guanzon,ETS_BUC,6,0
"Guardiancic, Jake",Jake Guardiancic,PEP_WAV,6.416666667,0
"Gubba, Wil",Wil Gubba,MAR_THU,6.083333333,0
"Gudoy, Trey",Trey Gudoy,UCLA,5.916666667,0
"Guerin, Blake",Blake Guerin,SAL_JAG,6.5,0
"Guerin, Tyler",Tyler Guerin,IOW_HAW,6.5,0
"Guerra, Sergio",Sergio Guerra,TAR_TEX,6,0
"Guerrero, Brian",Brian Guerrero,ALB_GRE,6.083333333,0
"Guerrero, Halen Jaden",Halen Guerrero,CAL_HIG,6,0
"Guerrero, JT",JT Guerrero,GRA_CAN,6.083333333,0
"Guerrero, Jack",Jack Guerrero,JMU_DUK,6.25,0
"Guerrero, Julio",Julio Guerrero,SIU_SAL,5.916666667,0
"Guest, Luke",Luke Guest,NCB,6.333333333,0
"Guevara, Diego",Diego Guevara,GAR_RUN,6.333333333,0
"Guevara, Eric",Eric Guevara,AUB_TIG,5.916666667,0
"Guidas, Nick",Nick Guidas,KS_GF,6.166666667,0
"Guidry, Gavin",Gavin Guidry,LSU_TIG,6.166666667,0
"Guilford, Emory",Emory Guilford,PRE_BLH,6.166666667,0
"Guillet, Adam",Adam Guillet,LOU_BUL,6.25,0
"Guillory, Keyon",Keyon Guillory,GRA_TIG,6.083333333,0
"Guinther, Griffin",Griffin Guinther,WCC,6,0
"Gump, Rocco",Rocco Gump,CRE_BLU,6.25,0
"Gunderson, Cody",Cody Gunderson,CHA_FOR,6.333333333,0
"Gunn, Davis",Davis Gunn,MAR_THU,6.333333333,0
"Gunther, Josh",Josh Gunther,SOU_GAM,5.916666667,0
"Gunzy, JT",JT Gunzy,SIE_SAI,6.166666667,0
"Gurney, Cameron",Cam Gurney,UTA_UTE,6,0
"Gurney, Win",Win Gurney,LOY_LIO,6,0
"Gustafson, Evan",Evan Gustafson,NOR_BIS,6.166666667,0
"Gustafson, Jaden",Jaden Gustafson,WIC_SHO,6.25,0
"Gustavson, Hayden",Hayden Gustavson,LOU_BUL,6.166666667,0
"Guth, Luke",Luke Guth,VAN_COM,6.083333333,0
"Guthmiller, Matthew",Matt Guthmiller,TAR_TEX,6,0
"Guthrie, Kingsley",Kingsley Guthrie,MUR_RAC,5.916666667,0
"Gutierrez, Alizaeh",Alizaeh Gutierrez,TEX_BOB,5.833333333,0
"Gutierrez, Auggie",Auggie Gutierrez,CAL_ANT,5.916666667,0
"Gutierrez, Brayden",Brayden Gutierrez,STM_GAE,6.25,0
"Gutierrez, Christopher",Christopher Gutierrez,UTS_ROA,5.916666667,0
"Gutierrez, Diego",Diego Gutierrez,SAN_TOR,6.166666667,0
"Gutierrez, JC",JC Gutierrez,UTR_VAQ,5.916666667,0
"Gutierrez, Jacob",Jacob Gutierrez,CSU_BAK,6,0
"Gutierrez, Jesse",Jesse Gutierrez,SAN_SPA,6.083333333,0
"Gutter, Gabe",Gabe Gutter,CHA_BUC,6,0
"Guy, Colby",Colby Guy,ARI_SUN,5.833333333,0
"Guyette, James",James Guyette,KAN_WIL,6.25,0
"Guzik, Greg",Greg Guzik,CEN_MIC,5.916666667,0
"Guzman, Armani",Armani Guzman,WES_MOU,5.833333333,0
"Guzman, Randy",Randy Guzman,WIN_EAG,6,0
"Gwyn, Parker",Parker Gwyn,CEN_BEA,5.75,0
"Gyauch-Quirk, Noah",Noah Gyauch-Quirk,LEH_MOU,6.333333333,0
"Haacke, Will",Will Haacke,JMU_DUK,6.25,0
"Haarde, Jake",Jake Haarde,FAI_STA,6.083333333,0
"Haas, Matthias",Matthias Haas,TUL_GRE,6.083333333,0
"Haas, Pete",Pete Haas,IU,6,0
"Haas, William",Will Haas,TEN_VOL,6.083333333,0
"Haber, Adam",Adam Haber,GEO_PAN,5.833333333,0
"Habermann, Andrew",Andrew Habermann,SAN_BRO,6.5,0
"Habuda, Bryce",Bryce Habuda,SIU_SAL,5.916666667,0
"Hackett, James",James Hackett,UIC_FLA,6.416666667,0
"Hackett, Justin",Justin Hackett,BRY_BUL,6.166666667,0
"Hackett, Justin",Justin Hackett,IOW_HAW,6.25,0
"Hackmann, Kailen",Kailen Hackmann,UMBC_RET,6.583333333,0
"Hacopian, Chris",Chris Hacopian,TEX_AGG,6.083333333,0
"Hadley, Ayden",Ayden Hadley,SAC_HOR,6,0
"Hadley, Caleb",Caleb Hadley,YSU_PEN,6.166666667,0
"Hadley, John",John Hadley,UWM_PAN,6.25,0
"Haeger, Evan",Evan Haeger,MIC_WOL,6.083333333,0
"Haesler, Keegan",Keegan Haesler,JMU_DUK,6.25,0
"Haferkamp, Jack",Jack Haferkamp,SAN_GAU,6.333333333,0
"Haftorson, Dillon",Dillon Haftorson,LIN_UNI,6.5,0
"Hageman, Jacob",Jacob Hageman,CAN_GRI,5.916666667,0
"Hagen, David",David Hagen,WES_MOU,6.166666667,0
"Hagen, Jack",Jack Hagen,BUT_BUL,6.25,0
"Hagen, Joey",Joey Hagen,EIU_PAN,6,0
"Hager, Kevin",Kevin Hager,COR_BRE,6,0
"Haggard, Jake",Jake Haggard,ULM_WAR,6.25,0
"Hagler, Micah",Micah Hagler,SEA_RED,6.333333333,0
"Haglund, Chase",Chase Haglund,MAR_RED,5.916666667,0
"Haider, Rylan",Rylan Haider,WAS_COU,6.166666667,0
"Haigh, Jeremy",Jeremy Haigh,WAG_SEA,6,0
"Haight, Adam",Adam Haight,ORE_BEA,6.166666667,0
"Hain, Carter",Carter Hain,OAK_GOL,6.25,0
"Haines, Dillon",Dillon Haines,DAL_PAT,5.75,0
"Haines, Tyler",Tyler Haines,UAB_BLA,6.416666667,0
"Haire, Reid",Reid Haire,EVA_ACE,5.833333333,0
"Hairston, Landon",Landon Hairston,ARI_SUN,5.916666667,0
"Hajdu, Jake",Jake Hajdu,ELO_PHO,5.916666667,0
"Halamicek, Ryan",Ryan Halamicek,SIU_SAL,6.416666667,0
"Halcisak, Josh",Josh Halcisak,MSM_MTN,5.916666667,0
"Hale, Charlie",Charlie Hale,UCO_HUS,6.166666667,0
"Hale, John",John Hale,EMU_EAG,6,0
"Hale, Royce",Royce Hale,SEA_RED,6.416666667,0
"Haley, Austin",Austin Haley,KAN_WIL,6,0
"Haley, Gage",Gage Haley,LIT_TRO,6.5,0
"Haley, Maddox",Maddox Haley,GON_BUL,6.166666667,0
"Hall, Dawson",Dawson Hall,WES_HIL,6.083333333,0
"Hall, Edward",Ed Hall,DAV_WIL,6.25,0
"Hall, Evan",Evan Hall,CAL_HIG,6,0
"Hall, Jared",Jared Hall,ELO_PHO,6,0
"Hall, Josiah",Joe Hall,SOU_RED,6.166666667,0
"Hall, Jude",Jude Hall,DAL_PAT,5.916666667,0
"Hall, Kaleb",Kaleb Hall,SIU_SAL,6,0
"Hall, Kevin",Kevin Hall,UAB_BLA,5.833333333,0
"Hall, Matthew",Matthew Hall,NCA_BUL,6.25,0
"Hall, Regan",Regan Hall,ILL_ILL,6.083333333,0
"Hall, Sam",Sam Hall,TEX_BOB,6.333333333,0
"Hall, Tyrus",Ty Hall,WES_MOU,6.166666667,0
"Hallam, Isaac",Isaac Hallam,SEA_RED,6.25,0
"Haller, Austin",Austin Haller,WES_HIL,6,0
"Halligan, Katcher",Katcher Halligan,HBU_HUS,6,0
"Hallmark, Christian",Christian Hallmark,UTS_ROA,5.75,0
"Halloran, Boston",Boston Halloran,OAK_GOL,5.833333333,0
"Halter, Jackson",Jackson Halter,MAR_THU,6,0
"Halverson, Ian",Ian Halverson,SLU_BILL,5.916666667,0
"Halverson, Jackson",Jackson Halverson,SAC_HOR,6.333333333,0
"Halvorson, Wyatt",Wyatt Halvorson,ARI_SUN,6.333333333,0
"Ham, Billy",Billy Ham,NEV_WOL,6.083333333,0
"Ham, Hunter",Hunter Ham,PRA_PAN,6.166666667,0
"Hamberger, Evan",Evan Hamberger,UCO_HUS,6.166666667,0
"Hambly, Cole",Cole Hambly,SIE_SAI,6.166666667,0
"Hamill, Ethan",Ethan Hamill,COR_BRE,6.25,0
"Hamilton, Brady",Brady Hamilton,WIC_SHO,6.166666667,0
"Hamilton, Christian",Christian Hamilton,GEO_HOY,6.166666667,0
"Hamilton, Connor",Connor Hamilton,VAN_COM,6.333333333,0
"Hamilton, Davis",Davis Hamilton,MIN_GOL,6,0
"Hamilton, Denver",Denver Hamilton,CEN_BEA,6,0
"Hamilton, Hudson",Hudson Hamilton,TEX_LON,6.083333333,0
"Hamilton, Jayden",Jayden Hamilton,MER_COL1,6,0
"Hamilton, Kehler",Kehler Hamilton,ELO_PHO,6.166666667,0
"Hamilton, RJ",RJ Hamilton,DUK_BLU,5.833333333,0
"Hamilton, Sean",Sean Hamilton,HOF_PRI,6.083333333,0
"Hamilton, Zyon",Zyon Hamilton,ARK_LIO,5.75,0
"Hamlin, Brendan",Brendan Hamlin,ARK_LIO,6,0
"Hamlin, Mason",Mason Hamlin,UTA_WOL,6.166666667,0
"Hammer, Kale",Kale Hammer,SEA_RED,6.25,0
"Hammill, Elijah",Eli Hammill,NIA_EAG,6,0
"Hammond, Luke",Luke Hammond,XAV_MUS,6.333333333,0
"Hammond, Max",Max Hammond,CEN_MIC,6.083333333,0
"Hammonds, Brycen",Brycen Hammonds,ALA_ANM,5.833333333,0
"Hampton, Jeremiah",Jeremiah Hampton,PRE_BLH,6.083333333,0
"Hampton, Will",Will Hampton,VAN_COM,5.916666667,0
"Hampton, Zachary",Zach Hampton,UMBC_RET,6.083333333,0
"Han, Heeryun",Hee-Ryun Han,TEX_RAI,6,0
"Hanawalt, Chase",Chase Hanawalt,FOR_RAM,6.166666667,0
"Hancock, Owen",Owen Hancock,OLE_REB,6.416666667,0
"Handal, George",George Handal,SIE_SAI,6.333333333,0
"Handzel, Gage",Gage Handzel,WIN_EAG,6,0
"Hankerson, James",James Hankerson,UCF_KNI,6.25,0
"Hankins, Evan",Evan Hankins,TEN_VOL,6.416666667,0
"Hanley, Jake",Jake Hanley,IU,6.5,0
"Hannah, Dean",Dean Hannah,ULM_WAR,6,0
"Hanoian, Wyatt",Wyatt Hanoian,AIR_FOR,5.75,0
"Hansen, Aiden",Aiden Hansen,NOR_AGG,6.333333333,0
"Hansen, Cade",Cade Hansen,BAY_BEA,6.25,0
"Hansen, Carson",Carson Hansen,KEN_WIL,6.166666667,0
"Hansen, Cole",Cole Hansen,CAL_LAN,6,0
"Hansen, Cole",Cole Hansen,ELO_PHO,6.083333333,0
"Hansen, Dylan",Dylan Hansen,WIN_EAG,6.083333333,0
"Hansen, Eben",Eben Hansen,SOU_IND16,6.166666667,0
"Hansen, George",George Hansen,OAK_GOL,6.333333333,0
"Hansen, Matt",Matt Hansen,BYU_COU,6.083333333,0
"Hansen, Trevor",Trevor Hansen,CAL_ANT,6.166666667,0
"Hansen, Trevor",Trevor Hansen,MAN_JAS,6.333333333,0
"Hansmann, Max",Max Hansmann,EVA_ACE,6.083333333,0
"Hanson, Davis",Davis Hanson,YAL_BUL,6.25,0
"Hanson, Gerald",Gerald Hanson,NOK_NOR,5.666666667,0
"Hanson, Jared",Jared Hanson,CEN_MIC,6.25,0
"Hanson, Josh",Josh Hanson,CAL_BEA,6.083333333,0
"Harb, Nathan",Nathan Harb,NIA_EAG,5.916666667,0
"Harbert, Chris",Christopher Harbert,UMBC_RET,6.166666667,0
"Harbour, Andrew",Andrew Harbour,SOU_TRO,6.166666667,0
"Hard, Kyle",Kyle Hard,ION_GAE,6.166666667,0
"Hard, Sean",Sean Hard,BOC_EAG,6.416666667,0
"Hardcastle, Sam",Sam Hardcastle,ABI_WIL,6.25,0
"Hardebeck, Kameron",Kameren Hardebeck,HBU_HUS,6.333333333,0
"Harden, Daniel",Daniel Harden,LSU_TIG,6.166666667,0
"Harden, Ethan",Ethan Harden,AUB_TIG,6,0
"Harder, Mitchell",Mitch Harder,MER_UNI,6,0
"Hardin, Andrew",Andrew Hardin,TAR_TEX,6.083333333,0
"Hardin, Tanner",Tanner Hardin,WOF_TER,5.916666667,0
"Harding, Henry",Henry Harding,HOL_CRU,5.75,0
"Harding, Thomas",Thomas Harding,STJ_RED,6.333333333,0
"Hargett, Hunter",Hunter Hargett,SAN_BRO,6.166666667,0
"Hargett, Perry",Perry Hargett,NOR_TAR,6,0
"Hargrove, Dawson",Dawson Hargrove,SIU_SAL,6.25,0
"Harlan, Cruz",Cruz Harlan,COA_CHA,5.75,0
"Harley, Jack",Jack Harley,STE_HAT,6,0
"Harlow, Andrew",Drew Harlow,MAR_THU,6.083333333,0
"Harman, Dawson",Dawson Harman,SOU_GAM,6.333333333,0
"Harmon, Reese",Reese Harmon,OHI_BOB,5.916666667,0
"Harmon, Trevor",Trevor Harmon,SAN_DON,6.166666667,0
"Harnisch, Nick",Nick Harnisch,HOL_CRU,6,0
"Harp, Hank",Hank Harp,ARL_MAV,6,0
"Harper, Boaz",Boaz Harper,NOR_AGG,5.916666667,0
"Harper, Davis",Davis Harper,KEN_OWL,6.083333333,0
"Harper, Eric",Eric Harper,LIP_BIS,5.916666667,0
"Harper, Jayden",Jayden Harper,CAL_FUL,6.083333333,0
"Harper, Thomas",Thomas Harper,ILL_RED,6.416666667,0
"Harpster, Michael",Michael Harpster,ETS_BUC,6,0
"Harrahill, Ryan",Ryan Harrahill,NEB,6.333333333,0
"Harrell, JJ",JJ Harrell,PRE_BLH,6,0
"Harriel, Jayden",Jayden Harriel,FAU_OWL,6.166666667,0
"Harries, Tyler",Tyler Harries,SAN_DON,6.083333333,0
"Harrigan, Will",Will Harrigan,COL_LION,5.833333333,0
"Harrington, Carter",Carter Harrington,COL_CHA,6.333333333,0
"Harrington, Cooper",Cooper Harrington,LIB_FLA,6,0
"Harrington, Lucas",Lucas Harrington,NOR_DEM,5.75,0
"Harris, Aiden",Aiden Harris,VIR_CAV,6.333333333,0
"Harris, Cooper",Cooper Harris,ALC_BRA,6,0
"Harris, Cooper",Cooper Harris,SAM_BEA,6.333333333,0
"Harris, Dasan",Dasan Harris,OKL_SOO,6.083333333,0
"Harris, Drew",Drew Harris,GEO_COL,6,0
"Harris, Easton",Easton Harris,SOU_COU,6.166666667,0
"Harris, Everette",Everette Harris,APP_MOU,6.166666667,0
"Harris, Grayden",Grayden Harris,SOU_GOL,6.083333333,0
"Harris, Jackson",Jackson Harris,SAM_BUL,5.916666667,0
"Harris, Leighton",Leighton Harris,KEN_WIL,6.25,0
"Harris, Nate",Nate Harris,KEN_WIL,6.333333333,0
"Harris, Sam",Sam Harris,NOR_WOL,6,0
"Harris, Sam",Sam Harris,VIR_CAV,6.416666667,0
"Harris, Shemar",Shemar Harris,JAC_TIG,6.166666667,0
"Harris, Taylor",Taylor Harris,OHI_BOB,6.25,0
"Harris, Ty",Ty Harris,BRO_BEA,6,0
"Harrison, Colton",Colton Harrison,NOR_DEM,6.083333333,0
"Harrison, Connor",Bear Harrison,TEX_AGG,6.25,0
"Harrison, Dallin",Dallin Harrison,RUT_SCA,6.083333333,0
"Harrison, Dylan",Dylan Harrison,CLE_TIG,6.416666667,0
"Harrison, Kaikea",Kaikea Harrison,TUL_GRE,6,0
"Harrison, Luke",Luke Harrison,TEX_LON,6.166666667,0
"Harrison, Marcus",Marcus Harrison,NOK_NOR,6.166666667,0
"Harrison, Tommy",Tommy Harrison,MIA_RED,6.25,0
"Harry, Sam",Sam Harry,SAC_HOR,6.333333333,0
"Harsch, Marcelo",Marcelo Harsch,WAK_DEA,6.416666667,0
"Hart, Andrew",Andrew Hart,NJI_HIG,5.75,0
"Hart, Edward",Edward Hart,DUK_BLU,6.416666667,0
"Hart, Evan",Evan Hart,BEL_KNI,6.333333333,0
"Hart, Hudson",Hudson Hart,NOR_BIS,6.25,0
"Hart, Jaden",Jaden Hart,MOR_EAG,5.666666667,0
"Hart, Logan",Logan Hart,CAL_FUL,6.25,0
"Harthan, Cameron",Cam Harthan,MAR_THU,6,0
"Hartley, Daniel",Daniel Hartley,GEO_EAG,6,0
"Hartley, Tyler",Tyler Hartley,MAR_RED,6.166666667,0
"Hartman, Colton",Colton Hartman,LOU_CAR,6.25,0
"Hartman, Logan",Logan Hartman,JUD,6.166666667,0
"Hartman, Lucas",Lucas Hartman,VIR_CAV,5.833333333,0
"Hartman, Max",Max Hartman,WAS_COU,6.25,0
"Hartman, Trace",Trace Hartman,STE_HAT,6.333333333,0
"Hartmann, Erich",Erich Hartmann,RID_BRO,6.083333333,0
"Hartsell, Chase",Chase Hartsell,BOC_EAG,6.166666667,0
"Hartwell, Judson",Judson Hartwell,GIT_YEL,6.333333333,0
"Hartzell, Warren",Warren Hartzell,WRI_RAI,6,0
"Harvey, Dane",Dane Harvey,OSU_BUC,6.416666667,0
"Harvey, Jake",Jake Harvey,NEV_WOL,6.083333333,0
"Harvey, Kenan",Kenan Harvey,COP_STA,6.416666667,0
"Harvey, Noah",Noah Harvey,RIC_SPI,5.75,0
"Harvey, Ridge",Ridge Harvey,BEL_BRU,6.083333333,0
"Harvie, Connor",Connor Harvie,UWM_PAN,5.833333333,0
"Harwell, Wesley",Wesley Harwell,SAN_DON,6.25,0
"Harwood, Santino",Santino Harwood,DEL_HOR,5.916666667,0
"Haskins, Larry",Larry Haskins,ARL_MAV,5.666666667,0
"Hasten, Jack",Jack Hasten,ARK_LIO,5.916666667,0
"Hastings, Logan",Logan Hastings,MAR_TER,5.833333333,0
"Hatcher, Coby",Coby Hatcher,HBU_HUS,6,0
"Hatcher, Mason",Mason Hatcher,RAD_HIG,6.166666667,0
"Haug, Max",Max Haug,GEO_COL,6.333333333,0
"Haught, Noah",Noah Haught,RIC_SPI,6.083333333,0
"Hauser, Joe",Joe Hauser,CRE_BLU,6.166666667,0
"Hauser, Joseph",Joseph Hauser,NOR_HUS,6.166666667,0
"Hauser, Rex",Rex Hauser,MAI_BLA,6.5,0
"Hausner, Anthony",Anthony Hausner,GAR_RUN,6.333333333,0
"Haver, Jordan",Jordan Haver,FRE_BUL,6.25,0
"Havern, Jacob",Jacob Havern,ARL_MAV,6.5,0
"Havrilla, Aj",AJ Havrilla,MAR_THU,5.916666667,0
"Hawk, Easton",Easton Hawk,UCLA,6.25,0
"Hawk, Keaten",Keaten Hawk,ALC_BRA,6.166666667,0
"Hawke, Austin",Austin Hawke,WAK_DEA,5.833333333,0
"Hawkins, Colin",Colin Hawkins,SLU_BILL,5.916666667,0
"Hawkins, Mitch",Mitch Hawkins,SAC_PIO,6,0
"Hawkins, Tyler",Tyler Hawkins,BUC_BIS,6.333333333,0
"Hawkins, Zakye",Zakye Hawkins,UTA_UTE,6,0
"Hawks, Kamden",Kamden Hawks,MOR_EAG,6.5,0
"Haworth, Lane",Lane Haworth,UTS_ROA,5.916666667,0
"Hawsey, Trey",Trey Hawsey,LOU_BUL,6.166666667,0
"Hawton-Henley, Nate",Nate Hawton-Henley,MAR_TER,5.833333333,0
"Hayashi, Heitaro",Heitaro Hayashi,WIC_SHO,6,0
"Hayes, Adam",Adam Hayes,TEX_RAI,6.333333333,0
"Hayes, Kyle",Kyle Hayes,WES_HIL,6.083333333,0
"Hayes, Luke",Luke Hayes,MOR_EAG,6.25,0
"Hayes, Nyan",Nyan Hayes,ORE_BEA,5.75,0
"Hayes, Rashad",Rashad Hayes,STA_CAR,6.083333333,0
"Hayes, Terry",Terry Hayes,OLE_REB,6.333333333,0
"Hayman, Henry",Henry Hayman,AKR_ZIP,6.083333333,0
"Haynes, Jaxon",Jaxon Haynes,MIS_DEL,6.25,0
"Hays, Jackson",Jackson Hays,YAL_BUL,6.333333333,0
"Hays, James",James Hays,STE_HAT,6.333333333,0
"Hayse, Aidan",Aidan Hayse,MER_BEA,6.25,0
"Haythorn, Mitch",Mitch Haythorn,NCB,6,0
"Haywood, Braxton",Braxton Haywood,CEN_BEA,6.333333333,0
"Haywood, Caden",Caden Haywood,WCC,6.416666667,0
"Haywood, Lathan",Lathan Haywood,STE_HAT,6,0
"Head, Ty",Ty Head,NOR_WOL,6.25,0
"Heaghney, Maloy",Maloy Heaghney,USC_UPS,6.083333333,0
"Healy, Aidan",Aidan Healy,NAV_MID,6.166666667,0
"Heath, Noah",Noah Heath,RID_BRO,5.833333333,0
"Hebda, Paddy",Patrick Hebda,MSM_MTN,6,0
"Hebenstreit, Alex",Alex Hebenstreit,STB_BON,6.583333333,0
"Heberlie, Aiden",Aiden Heberlie,DAY_FLY,6.25,0
"Hebert, Griffin",Griffin Hebert,LOU_CAJ,5.916666667,0
"Hebert, Houston",Houston Hebert,AUS_GOV,6.416666667,0
"Heckelman, Brian",Brian Heckelman,TOW_TIG,6,0
"Hedrick, Jack",Jack Hedrick,DUK_BLU,6.416666667,0
"Heeney, NIkau",Nikau Heeney,BEL_KNI,5.833333333,0
"Heer, Mitchell",Mitchell Heer,SAL_JAG,5.916666667,0
"Heffernan, Andrew",Andrew Heffernan,BGS_FAL,6.166666667,0
"Heffernan, Sean",Sean Heffernan,MSM_MTN,5.833333333,0
"Heflin, Tyler",Tyler Heflin,YSU_PEN,6,0
"Hegarty, John",John Hegarty,COR_BRE,6.416666667,0
"Heiberger, Matthew",Matthew Heiberger,ALA_CRI,6.25,0
"Heidelberg, DeMir",Demir Heidelberg,EMU_EAG,6.166666667,0
"Heinrich, Rayner",Rayner Heinrich,TAR_TEX,5.75,0
"Heintz, Danny",Danny Heintz,NOR_WOL,6.5,0
"Heintz, Parker",Parker Heintz,FRE_BUL,6.333333333,0
"Heisler, Will",Will Heisler,AKR_ZIP,6,0
"Helfrick, Ryder",Ryder Helfrick,ARK_RAZ,6.083333333,0
"Heller, James",James Heller,DAY_FLY,6.25,0
"Hellman, Dominic",Dominic Hellman,ORE_DUC,6.5,0
"Hellum, Brayden",Brayden Hellum,MIN_GOL,5.666666667,0
"Helman, Nate",Nate Helman,KEN_OWL,6.333333333,0
"Helmers, Christian",Christian Helmers,UAB_BLA,6.333333333,0
"Helmick, Tristan",Tristan Helmick,LAF_LEP,6.5,0
"Helms, Jack",Jack Helms,EIU_PAN,6.333333333,0
"Helms, Wesley",Wesley Helms,UAB_BLA,6.083333333,0
"Helsel, Garrett",Garrett Helsel,XAV_MUS,6.416666667,0
"Helton, McClane",McClane Helton,HOU_COU,6.166666667,0
"Hembree, Jake",Jake Hembree,GEO_PAN,6.166666667,0
"Hemmerling, Reece",Reece Hemmerling,USC_UPS,6,0
"Hemmesch, Tyler",Tyler Hemmesch,MIN_GOL,6.083333333,0
"Hemric, Luke",Luke Hemric,NOR_WOL,6.166666667,0
"Hench, Ryan",Ryan Hench,COL_CHA,6.166666667,0
"Hendershot, Fischer",Fischer Hendershot,EMU_EAG,6.333333333,0
"Henderson, Brooks",Brooks Henderson,UMBC_RET,5.666666667,0
"Henderson, Eli",Eli Henderson,EMU_EAG,6,0
"Henderson, Rex",Rex Henderson,NEW_PRI,6.333333333,0
"Hendricks, Bryce",Bryce Hendricks,SAL_JAG,6,0
"Hendricks, Rhett",Rhett Hendricks,HBU_HUS,6.083333333,0
"Hendrickson, Carter",Carter Hendrickson,BOC_EAG,5.916666667,0
"Hendrix, Charlie",Charlie Hendrix,GEO_HOY,6.083333333,0
"Hendry, Clay",Clay Hendry,NOF_OSP,6,0
"Heney, Kellan",Kellan Heney,RIC_SPI,6.166666667,0
"Hennemann, Max",Max Hennemann,NOK_NOR,5.833333333,0
"Hennig, Tim",Tim Hennig,BIN_BEA,6,0
"Henning, Mark",Mark Henning,STE_LUM,6.333333333,0
"Henrich, Kevin",Kevin Henrich,ALA_LIO,6.166666667,0
"Henry, Austin",Austin Henry,SOU_JAC,6.416666667,0
"Henry, Hayden",Hayden Henry,CHA_BUC,6.083333333,0
"Henry, Zeb",Zeb Henry,WIC_SHO,5.833333333,0
"Hensarling, Cannon",Cannon Hensarling,NIC_COL,6,0
"Henschel, Ryan",Ryan Henschel,RHO_RAM,5.916666667,0
"Henshaw, Dylan",Dylan Henshaw,SBU_SEA,6,0
"Henshaw, Tyler",Tyler Henshaw,CHA_BUC,5.833333333,0
"Henshon, Mark",Mark Henshon,BRO_BEA,6.083333333,0
"Hensley, Connor",Connor Hensley,CAM_CAM,6.25,0
"Hensley, Reid",Reid Hensley,OKL_SOO,6,0
"Henson Jr., Brian",Brian Henson,EMU_EAG,6.166666667,0
"Henson, Kayden",Kayden Henson,CSD_TRI,6,0
"Henson, Will",Will Henson,OHI_BOB,6.166666667,0
"Hentges, Samuel",Sam Hentges,AIR_FOR,6.166666667,0
"Hepburn, Kyle",Kyle Hepburn,SOU_COU,6.166666667,0
"Heppner, Andrew",Andrew Heppner,BIN_BEA,6.25,0
"Heppner, Jacob",Jacob Heppner,UTA_WOL,5.916666667,0
"Hepworth, Carson",Carson Hepworth,NEW_PRI,6.166666667,0
"Herb, Tyler",Tyler Herb,FGCU,6.25,0
"Herchelroath, Cy",Cy Herchelroath,AKR_ZIP,6.25,0
"Herman, Blake",Blake Herman,CAN_GRI,6,0
"Hernandez, Alex",Alex Hernandez,GIT_YEL,6.166666667,0
"Hernandez, Chris",Chris Hernandez,CAL_FUL,6.166666667,0
"Hernandez, Daniel",Daniel Hernandez,CAL_HIG,6,0
"Hernandez, Gabriel",Gabriel Hernandez,CAL_MAT,5.833333333,0
"Hernandez, Isaiah",Isaiah Hernandez,CAL_HIG,5.916666667,0
"Hernandez, Jaylen",Jaylen Hernandez,WIN_EAG,5.916666667,0
"Hernandez, Ray",Ray Hernandez,UTA_WOL,5.916666667,0
"Hernandez, Rigoberto",Rigoberto Hernandez,LOU_CAJ,6,0
"Hernandez, Ryder",Ryder Hernandez,IWC,6.083333333,0
"Herndon, Hunter",Hunter Herndon,WOF_TER,6.25,0
"Herrell, Chase",Chase Herrell,SOU_TRO,6.25,0
"Herrenbruck, Pierce",Pierce Herrenbruck,OSU_BUC,6.166666667,0
"Herrick, Peter",Peter Herrick,SAN_SPA,6.083333333,0
"Herring, Jack",Jack Herring,ECU_PIR,5.916666667,0
"Herrmann, Andrew",Andrew Herrmann,LOU_CAJ,6.25,0
"Hersh, Marc",Marc Hersh,FLO_PAN,5.916666667,0
"Hertel, Jayden",Jayden Hertel,UNL_REB,6,0
"Hertzler, Noah",Noah Hertzler,WM_TRI,6.25,0
"Hess, Holden",Holden Hess,ULM_WAR,6.333333333,0
"Hess, Tate",Tate Hess,DAL_PAT,6.166666667,0
"Hessemyer, Cayden",Cayden Hessemyer,FGCU,6,0
"Hester, Thomas",Thomas Hester,UNC_SPA,6,0
"Hetzler, Ryan",Ryan Hetzler,AUB_TIG,5.916666667,0
"Heusohn, Marcus",Marcus Heusohn,MCN_COW,6.083333333,0
"Hewitt, Brady",Brady Hewitt,FRE_BUL,6.166666667,0
"Hewitt, Carter",Carter Hewitt,ARM_BLA,6.166666667,0
"Heyder, Josh",Joshua Heyder,SOU_COU,6,0
"Heyl, Matthew",Matthew Heyl,UCF_KNI,6,0
"Heyman, Sam",Sam Heyman,BEL_BRU,6.166666667,0
"Hiatt, Jackson",Jackson Hiatt,TOL_ROC,6.5,0
"Hibben, mac",Mac Hibben,NCB,6.166666667,0
"Hickman, Benton",Benton Hickman,ARI_WIL,6.083333333,0
"Hickman, Tate",Tate Hickman,SAM_BEA,6.333333333,0
"Hicks, Baylor",Baylor Hicks,COL_LION,6.25,0
"Hicks, Garrett",Garrett Hicks,ARI_WIL,6.083333333,0
"Hicks, Justin",Justin Hicks,UAB_BLA,6.166666667,0
"Hiestand, AJ",A.J. Hiestand,EIU_PAN,5.916666667,0
"Higdon, Ben",Ben Higdon,SOU_GOL,6.166666667,0
"Higginbottom, Elijah",Elijah Higginbottom,GRA_CAN,6,0
"Higgins, Calen",Cal Higgins,TEX_LON,6.416666667,0
"Higgins, John",John Higgins,SET_PIR,6.166666667,0
"Higgins, Nolan",Nolan Higgins,MIC_SPA,6.333333333,0
"Higgins, Ryan",Ryan Higgins,CAL_HIG,6,0
"High, Hunter",Hunter High,TEN_VOL,6,0
"Highfill, Ross",Ross Highfill,PUR_BOI,6,0
"Hilburger, Kaden",Kaden Hilburger,BRY_BUL,6,0
"Hildebrand, Parker",Parker Hildebrand,MSM_MTN,5.833333333,0
"Hileman, Brennan",Brennan Hileman,MAI_BLA,6.083333333,0
"Hill, Aden",Aden Hill,MAR_TER,5.833333333,0
"Hill, Andrew",Andrew Hill,ETS_BUC,6.333333333,0
"Hill, Brady",Brady Hill,MER_UNI,6,0
"Hill, Brock",Brock Hill,NEW_PRI,5.916666667,0
"Hill, Cameron",Cameron Hill,GRA_TIG,6,0
"Hill, Cameron",Cam Hill,OHI_BOB,6.333333333,0
"Hill, Cason",Cason Hill,SAM_BUL,5.833333333,0
"Hill, Dalton",Dalton Hill,NIC_COL,6.166666667,0
"Hill, Eli",Eli Hill,EIU_PAN,5.666666667,0
"Hill, Jack",Jack Hill,ORA_GOL,6.25,0
"Hill, Jackson",Jackson Hill,ARL_MAV,6.166666667,0
"Hill, James",James Hill,USF_BUL,6.166666667,0
"Hill, Sam",Sam Hill,UMA_AMH,5.75,0
"Hill, Trey",Trey Hill,LIT_TRO,6,0
"Hillard, Louden",Louden Hilliard,MOR_EAG,5.916666667,0
"Hillen, Trent",Trent Hillen,NOR_DEM,6.25,0
"Hiller, Joseph",Joseph Hiller,QUI_BOB,5.916666667,0
"Hillman, Dylan",Dylan Hillman,CAL_ANT,5.916666667,0
"Hilton, Conner",Conner Hilton,UNI_WES,6,0
"Hilton, Jake",Jake Hilton,STM_GAE,6,0
"Hinchliffe, Jackson",Jackson Hinchliffe,RIC_SPI,6,0
"Hindle, Ethan",Ethan Hindle,KEN_WIL,6.083333333,0
"Hindle, Gar",Gar Hindle,ELO_PHO,5.916666667,0
"Hindle, Will",Will Hindle,RHO_RAM,5.833333333,0
"Hindy, Mark",Mark Hindy,TEN_VOL,6.333333333,0
"Hines, Eric",Eric Hines,ALA_CRI,6.25,0
"Hinson, Cooper",Cooper Hinson,MAR_THU,6.083333333,0
"Hippensteel, Max",Max Hippensteel,CAL_AGO,6,0
"Hiromoto, Jake",Jake Hiromoto,SAN_DON,6.166666667,0
"Hirsch, Xavier",Xavier Hirsch,NOT_IRI,6.416666667,0
"Hirschkorn, Houston",Houston Hirschkorn,CAL_AGO,6.25,0
"Hiscox, Nathan",Nathan Hiscox,MOY_MOY,6.166666667,0
"Hisle, Jax",Jax Hisle,LOU_CAR,6.25,0
"Hitt, Dalton",Dalton Hitt,HIG_PAN,5.833333333,0
"Hliboki, Sam",Sam Hliboki,NOR_CAT,6.25,0
"Ho, Chris",Chris Ho,SET_PIR,5.916666667,0
"Ho, Ethan",Ethan Ho,ARL_MAV,6.083333333,0
"Hoagland, Charlie",Charlie Hoagland,ECU_PIR,6.083333333,0
"Hoalcraft, Christopher",Chris Hoalcraft,STB_BON,5.916666667,0
"Hoar, Brady",Brady Hoar,BUC_BIS,6.333333333,0
"Hobb, Jerek",Jerek Hobb,GAR_RUN,6,0
"Hockemeyer, Nick",Nick Hockemeyer,ARK_LIO,5.666666667,0
"Hocking, Jarrod",Jarrod Hocking,UCLA,5.75,0
"Hodges, Bradley",Bradley Hodges,SOU_GAM,6.083333333,0
"Hodges, Carson",Carson Hodges,CIT_BUL,5.833333333,0
"Hodges, Clayton",Clayton Hodges,JUD,5.916666667,0
"Hoeckele, Evan",Evan Hoeckele,STJ_RED,6.25,0
"Hoeft, Sam",Sam Hoeft,XAV_MUS,6.333333333,0
"Hoerger, Luca",Luca Hoerger,BEL_KNI,6.166666667,0
"Hoerner, Eli",Eli Hoerner,UNO_MAV,5.916666667,0
"Hoff, Bryson",Bryson Hoff,WES_MOU,6.166666667,0
"Hoff, Justin",Justin Hoff,IND_SYC,6.416666667,0
"Hoffarth, Harrison",Harrison Hoffarth,SEA_RED,6.25,0
"Hoffberg, Erik",Erik Hoffberg,GON_BUL,6.25,0
"Hoffman, Kendall",Kendall Hoffman,HOU_COU,6.5,0
"Hoffman, Simon",Simon Hoffman,ELO_PHO,6.333333333,0
"Hoffmann, Joshua",Josh Hoffmann,NEW_PRI,6,0
"Hofstadler, Shane",Shane Hofstadler,NOR_CAT,6.083333333,0
"Hogan, Noah",Noah Hogan,COP_STA,5.833333333,0
"Hohensee, Jackson",Jackson Hohensee,AUS_GOV,6.166666667,0
"Hoiland, Cameron",Cam Hoiland,CAL_MUS,6.166666667,0
"Hojnowski, John",John Hojnowski,TOL_ROC,6,0
"Hokenson, Kris",Kris Hokenson,MUR_RAC,6,0
"Holbert, Elias",Elias Holbert,VCU_RAM,6.25,0
"Holbrook, Brady",Brady Holbrook,BEL_BRU,6.083333333,0
"Holbrook, Nicholas",Nick Holbrook,GEO_PAN,6.416666667,0
"Holbrook, Reece",Reece Holbrook,COL_CHA,6,0
"Holcomb, Braden",Braden Holcomb,VAN_COM,6.416666667,0
"Holcomb, Landon",Landon Holcomb,ARK_LIO,6.166666667,0
"Holcombe, Huxley",Huxley Holcombe,COR_BRE,6.5,0
"Holder, Jeremiah",Jeremiah Holder,VIL_WIL,5.916666667,0
"Holder, Will",Will Holder,GEO_EAG,6.25,0
"Holewinski, Evan",Evan Holewinski,KS_GF,6.416666667,0
"Holiday, Khi",Khi Holiday,SOU_IND16,5.75,0
"Holiday, Talan",Talan Holiday,NOR_TAR,6.166666667,0
"Holland, Brendan",Brendan Holland,JUD,6.5,0
"Holland, Luke",Luke Holland,UNC_SPA,6.083333333,0
"Holland, Nicco",Nicco Holland,COP_STA,5.833333333,0
"Holland, Tucker",Tucker Holland,UNC_SPA,6.333333333,0
"Holley, Tyler",Tyler Holley,ORE_DUC,6.166666667,0
"Hollins, Beau",Beau Hollins,SOU_GAM,6.333333333,0
"Hollis, JJ",JJ Hollis,CAL_BEA,6.333333333,0
"Hollis, Josh",Josh Hollis,ORE_DUC,6.166666667,0
"Holloway, Jamir",Jamir Holloway,ALC_BRA,6,0
"Holloway, Mason",Mason Holloway,BIN_BEA,6,0
"Holm, Ian",Ian Holm,MCN_COW,6.083333333,0
"Holm, Kai",Kai Holm,LIP_BIS,5.833333333,0
"Holm, Mark",Mark Holm,STB_BON,6,0
"Holman, Evan",Evan Holman,OLD_MON,5.916666667,0
"Holman, Ryan",Ryan Holman,LEH_MOU,6,0
"Holman, Ty",Ty Holman,SLU_BILL,6.25,0
"Holmes, Christian",Christian Holmes,UWM_PAN,6.25,0
"Holmes, Derrick",Derek Holmes,MER_UNI,6,0
"Holmes, Ryan",RJ Holmes,VIR_CAV,6.083333333,0
"Holmes, Will",Will Holmes,CIT_BUL,6,0
"Holmstrom, Keegan",Keegan Holmstrom,WRI_RAI,5.833333333,0
"Holpuch, Garret",Garrett Holpuch,TEN_TEC,6.583333333,0
"Holpuch, Garrett",Garrett Holpuch,TEN_TEC,6.583333333,0
"Holst, Joshua",Josh Holst,AIR_FOR,6.25,0
"Holstein, Evan",Evan Holstein,KEN_OWL,6.166666667,0
"Holt, Brennan",Brennan Holt,ALA_CRI,5.75,0
"Holt, Ka'Olu",Ka'olu Holt,WES_HIL,6.25,0
"Holt, Quinn",Quinn Holt,UTA_WOL,6.416666667,0
"Holt, Sebastian",Sebastian Holt,MAI_BLA,6.25,0
"Holton, Mason",Mason Holton,WCC,6.25,0
"Holubowski, Jack",Jack Holubowski,BRA_BRA,6.166666667,0
"Holzemer, Hunter",Hunter Holzemer,SAN_DON,5.916666667,0
"Holzer, Jakob",Jakob Holzer,SAM_BEA,5.833333333,0
"Honma, Logan",Logan Honma,SOU_TRO,6,0
"Hood, Jackson",Jackson Hood,UNC_SEA,6,0
"Hood, Landon",Landon Hood,GON_BUL,6.25,0
"Hook, Nathan",Nathan Hook,USC_UPS,5.916666667,0
"Hooker, Jake",Jake Hooker,XAV_MUS,6.166666667,0
"Hooks, Blake",Blake Hooks,LOU_BUL,6,0
"Hooks, Walker",Walker Hooks,OLE_REB,6.333333333,0
"Hooten, Jake",Jake Hooten,NAV_MID,6.166666667,0
"Hoover, Brady",Brady Hoover,LON_LAN,6.166666667,0
"Hoover, Caleb",Caleb Hoover,SOU_GAM,6.25,0
"Hoover, Chase",Chase Hoover,SAN_GAU,6.083333333,0
"Hoover, Gage",Gage Hoover,WIU_LEA,6.083333333,0
"Hoover, Matthew",Matt Hoover,WMI_BRO,6,0
"Hoover, Tyler",Tyler Hoover,CAN_GRI,6.583333333,0
"Hope, Jett",Jett Hope,AUS_GOV,6.166666667,0
"Hopke, Kale",Kale Hopke,CHA_BUC,6.166666667,0
"Hopko, Jack",Jack Hopko,RHO_RAM,6,0
"Hopper, Kyle",Kyle Hopper,JUD,6.333333333,0
"Horati, Mohamed",Mohamed Horati,GRA_TIG,5.833333333,0
"Horchem, Ashton",Ashton Horchem,BRA_BRA,5.833333333,0
"Horky, Zack",Zack Horky,BGS_FAL,6.333333333,0
"Horn, Bradyn",Bradyn Horn,UWM_PAN,6,0
"Horn, Darin",Darin Horn,COA_CHA,6.333333333,0
"Horn, David",David Horn,MTSU_BLU,6.333333333,0
"Horn, Drew",Drew Horn,MTSU_BLU,5.916666667,0
"Horn, Tyner",Ty Horn,NEB,6.166666667,0
"Horne, Brendan",Brendan Horne,VCU_RAM,5.916666667,0
"Horneman, Colin",Colin Horneman,EIU_PAN,6,0
"Horner, Cameron",Cameron Horner,FAU_OWL,5.916666667,0
"Horner, Tyler",Tyler Horner,SEA_RED,6.166666667,0
"Horras, Jackson",Jackson Horras,BRA_BRA,6.333333333,0
"Horst, Chase",Chase Horst,JAC_GAM,5.916666667,0
"Horton, Brayden",Brayden Horton,COA_CHA,6,0
"Horton, John",John Horton,UNC_SPA,6.166666667,0
"Horton, Nash",Nash Horton,PEP_WAV,6,0
"Horvath, Adam",Adam Horvath,JMU_DUK,6.166666667,0
"Horvath, David",David Horvath,MON_HAW,6.166666667,0
"Horwat, Mason",Mason Horwat,PEN_NIT,6.083333333,0
"Hosey, Boone",Boone Hosey,NOF_OSP,6.083333333,0
"Hosick, Tanner",Tanner Hosick,UNO_MAV,5.416666667,0
"Hoskinson, Ky",Ky Hoskinson,POR_PIL,6.166666667,0
"Hot, Bayram",Bayram Hot,LOU_CAR,6.166666667,0
"Hotaling, Larry",Larry Hotaling,VIL_WIL,6.083333333,0
"Hott, Ethan",Ethan Hott,STA_CAR,5.833333333,0
"Houchens, Sam",Sam Houchens,RHO_RAM,6,0
"Houghton, Andrew",Andrew Houghton,COR_BRE,6.25,0
"House, Brooks",Brooks House,UAB_BLA,6.416666667,0
"Householder, Ty",Ty Householder,MAR_THU,6,0
"Houseworth, Aidan",Aidan Houseworth,ASU_RED,6.25,0
"Houston, Derek",Derek Houston,UTA_WOL,6.166666667,0
"Houston, Matt",Matt Houston,LOU_BUL,6.166666667,0
"Houston, Nathan",Nathan Houston,LOU_BUL,6,0
"Howard, Aden",Aden Howard,SAN_TOR,6.166666667,0
"Howard, Drew",Drew Howard,WMI_BRO,5.916666667,0
"Howard, Gabe",Gabe Howard,ORE_DUC,6.25,0
"Howard, Jaxson",Jaxson Howard,BEL_KNI,6.583333333,0
"Howard, Jed",Jed Howard,DAV_WIL,6.25,0
"Howard, Jon",Jon Howard,LON_LAN,6.25,0
"Howard, Reid",Reid Howard,WES_HIL,6.083333333,0
"Howard, Thomas",Thomas Howard,PUR_BOI,6.333333333,0
"Howard, Tyler",Tyler Howard,CAL_AGO,5.75,0
"Howard, William",Will Howard,NAV_MID,6.083333333,0
"Howarth, Cole",Cole Howarth,CAL_LAN,6.5,0
"Howe, Luke",Luke Howe,LON_DIR,6.25,0
"Howe, Pierson",Pierson Howe,PEP_WAV,6.166666667,0
"Howe, Tyler",Tyler Howe,NOR_TAR,5.916666667,0
"Howell, Finn",Finn Howell,NOF_OSP,5.916666667,0
"Howell, Griffin",Griffin Howell,EKU_COL,6.083333333,0
"Howell, Kaleb",Kaleb Howell,SOU_LIO,6.5,0
"Howell, Martin",Martin Howell,DAY_FLY,6.25,0
"Hower, Jake",Jake Hower,COR_BRE,6,0
"Howland, Jamison",Jamison Howland,STO_COL,5.916666667,0
"Howlett, Jake",Jake Howlett,MON_HAW,6.083333333,0
"Hoxie, Hunter",Hunter Hoxie,FAI_STA,5.833333333,0
"Hoyt, Ivan",Ivan Hoyt,DAV_WIL,6.083333333,0
"Hoyt, Jackson",Jackson Hoyt,FLA_GAT,6.25,0
"Hrin, Tyler",Tyler Hrin,UWM_PAN,6.333333333,0
"Hromada, Brayden",Brayden Hromada,QUI_BOB,6.166666667,0
"Hsu, Brandon",Brandon Hsu,GEO_PAT,5.833333333,0
"Hubbard, Bryce",Bryce Hubbard,ORE_BEA,6,0
"Hubbard, James",James Hubbard,UTS_ROA,6,0
"Hubbard, Matt",Matt Hubbard,TOL_ROC,6.25,0
"Hubbell, Ethan",Ethan Hubbell,OLD_MON,6.25,0
"Hubert, Cole",Cole Hubert,TEX_AGG,5.916666667,0
"Huddleston, Eli",Eli Huddleston,TEN_TEC,5.833333333,0
"Hudgins, Eli",Eli Hudgins,RAD_HIG,5.916666667,0
"Hudson, Ben",Ben Hudson,PEN_NIT,6.166666667,0
"Hudson, Brady",Brady Hudson,NCB,6.25,0
"Hudson, Brennan",Brennan Hudson,GEO_BUL,6.083333333,0
"Hudson, Justin",Justin Hudson,QUN_RYL,6.333333333,0
"Hudson, Matt",Matt Hudson,CAL_HIG,5.833333333,0
"Hudson, Todd",Todd Hudson,CHA_FOR,6.5,0
"Hueber, Toby",Toby Hueber,GEO_PAT,5.75,0
"Huebner, Brayden",Brayden Huebner,BAL_CAR,6.166666667,0
"Huebner, Eli",Eli Huebner,UTM_SKY,6,0
"Huelsing, Gabe",Gabe Huelsing,MIS_DEL,5.916666667,0
"Huerta, Sebasatian",Sebastian Huerta,NOR_DEM,5.916666667,0
"Huerta, Sebastian",Sebastian Huerta,NOR_DEM,5.916666667,0
"Huether, JT",JT Huether,WES_MOU,6.25,0
"Huett, Cole",Cole Huett,BEL_KNI,6,0
"Huff, Kade",Kade Huff,GRA_CAN,6,0
"Huffman, Kaleb",Kaleb Huffman,MER_BEA,5.916666667,0
"Huffstutler, Atticus",Atticus Huffstutler,AKR_ZIP,6.25,0
"Hugas, Miguel",Miguel Hugas,MER_BEA,6.25,0
"Hughes, Caleb",Caleb Hughes,MER_BEA,6.083333333,0
"Hughes, Jack",Jack Hughes,TOW_TIG,6.25,0
"Hughes, Kenyon",Kenyon Hughes,SOU_JAG,6.083333333,0
"Hughes, Logan",Logan Hughes,TEX_RAI,5.916666667,0
"Hughes, Mason",Mason Hughes,UNC_SEA,6,0
"Hughes, PJ",PJ Hughes,RIC_SPI,5.916666667,0
"Hughes, Ryan",Ryan Hughes,TOL_ROC,6.583333333,0
"Hughes, Treyson",Treyson Hughes,VIR_TEC,6.25,0
"Hugus, Jackson",Jackson Hugus,MIA_HUR,5.833333333,0
"Huke, Ray",Ray Huke,COL_LION,6.083333333,0
"Hulcher, Jackson",Jackson Hulcher,DEL_BLU,6.25,0
"Hull, Owen",Owen Hull,NOR_TAR,6.333333333,0
"Humbert, Leo",Leo Humbert,MIZ_TIG,6,0
"Humphrey, Billy",Billy Humphrey,WIU_LEA,6.416666667,0
"Humphrey, Kaden",Kaden Humphrey,ALA_CRI,6.083333333,0
"Humphrey, Max",Max Humphrey,KS_GF,6.083333333,0
"Humphreys, Jett",Jett Humphreys,WM_TRI,5.833333333,0
"Humphries, Chyran",Chyran Humphries,YSU_PEN,6.416666667,0
"Humphries, Colby",Colby Humphries,GAR_RUN,6,0
"Hums, Cooper",Cooper Hums,WMI_BRO,6,0
"Huneycutt, Hunter",Hunter Huneycutt,QUN_RYL,5.75,0
"Hunsaker, Riley",Riley Hunsaker,CAL_LAN,6.083333333,0
"Hunt, Andrew",Andrew Hunt,UAB_BLA,5.916666667,0
"Hunt, Sam",Sam Hunt,MIN_GOL,6.166666667,0
"Hunt, Wyatt",Wyatt Hunt,MON_HAW,5.916666667,0
"Hunt, Zachary",Zach Hunt,CIT_BUL,6.083333333,0
"Hunter, Collin",Colin Hunter,SAC_HOR,6.166666667,0
"Hunter, Grant",Grant Hunter,BIN_BEA,5.916666667,0
"Hunter, Russell",Russell Hunter,HOF_PRI,6.083333333,0
"Hunter, Ryan",Ryan Hunter,SOU_JAG,5.916666667,0
"Hunter, Tristan",Tristan Hunter,KEN_WIL,6.166666667,0
"Huntsberger, Shane",Shane Huntsberger,WCC,6.083333333,0
"Hurd, Justin",Justin Hurd,ALB_GRE,5.833333333,0
"Hurdsman, Bryker",Bryker Hurdsman,BYU_COU,6.333333333,0
"Hurlburt, Evan",Evan Hurlburt,ALA_ANM,6,0
"Hurley, Cj",CJ Hurley,NIA_EAG,6.166666667,0
"Hurt, Willie",Willie Hurt,VIR_TEC,6.083333333,0
"Hurtado, AJ",AJ Hurtado,COP_STA,5.833333333,0
"Hurtado, Sebastian",Sebastian Hurtado,UCF_KNI,6,0
"Husak, Joe",Joe Husak,IOW_HAW,6.083333333,0
"Husar, Trey",Trey Husar,SOU_JAC,6.25,0
"Husko, Colin",Colin Husko,UIC_FLA,5.833333333,0
"Husovsky, Nick",Nick Husovsky,SAN_GAU,6.083333333,0
"Huspen, Colin",Colin Huspen,IWC,6.166666667,0
"Husser, Collin",Collin Husser,NEW_PRI,6.5,0
"Hustedde, Jacob",Jacob Hustedde,MUR_RAC,6.25,0
"Hutcheson, AJ",AJ Hutcheson,ORE_BEA,5.916666667,0
"Hutchinson, Connor",Connor Hutchinson,BAL_CAR,6,0
"Hutchinson, Lane",Lane Hutchinson,TCU_HFG,6.083333333,0
"Hutchinson, Matt",Matt Hutchinson,YAL_BUL,6.25,0
"Hutto, Skyler",Skyler Hutto,JAC_GAM,6.333333333,0
"Huy, Nathan",Nathan Huy,CSD_TRI,6.166666667,0
"Hvidsten, Kyle",Kyle Hvidsten,LIB_FLA,6,0
"Hwang, Alex",Alex Hwang,YAL_BUL,6.083333333,0
"Hy, Brayden",Brayden Hy,CAN_GRI,5.75,0
"Hyatt, Hunter",Hunter Hyatt,UAB_BLA,6.25,0
"Hyer, Keane",Keane Hyer,RIC_SPI,5.916666667,0
"Hylton, Graham",Graham Hylton,VCU_RAM,6.083333333,0
"Hylton, Jayden",Jayden Hylton,STE_HAT,6.416666667,0
"Hymel, Luke",Luke Hymel,NEW_PRI,6,0
"Hynek, Colin",Colin Hynek,NOR_TAR,6.083333333,0
"Hyneman, Josh",Josh Hyneman,SIU_SAL,6.333333333,0
"Hyneman, Layton",Layton Hyneman,PRE_BLH,5.833333333,0
"Iannazzo, Michael",Michael Iannazzo,MAR_TER,6,0
"Iannibelli, Jack",Jack Iannibelli,GAR_RUN,6.166666667,0
"Ibarra, Fabian",Fabian Ibarra,NMS_AGG,6.666666667,0
"Ibarra, Isaiah",Isaiah Ibarra,SOU_TRO,6,0
"Ibe, Joshua",Josh Ibe,STE_LUM,6.25,0
"Ibrahimi, Urim",Urim Ibrahimi,DAL_PAT,6.083333333,0
"Iffrig, Riley",Riley Iffrig,SLU_BILL,6.25,0
"Iglesias, Joey",Joey Iglesias,LON_DIR,5.833333333,0
"Iglesias, Justin",Justin Iglesias,PAC_TIG,6.333333333,0
"Ildefonso, Andrew",Andrew Ildefonso,FLO_PAN,6.083333333,0
"Ilgenfritz, Matthew",Matt Ilgenfritz,GAR_RUN,6.166666667,0
"Ilitch, Patrick",Patrick Ilitch,VIL_WIL,6.083333333,0
"Ilitch, Travis",Travis Ilitch,GEO_HOY,5.75,0
"Immel, Dylan",Dylan Immel,WAG_SEA,6.083333333,0
"Ince, Jeffrey",Jeffrey Ince,SAM_BUL,5.833333333,0
"Indomenico, Remo",Remo Indomenico,OKL_COW,5.833333333,0
"Indomenico, Tore",Tore Indomenico,ILL_ILL,5.916666667,0
"Ineich, Matthew",Matt Ineich,WES_MOU,5.916666667,0
"Infelise, Enzo",Enzo Infelise,CIN_BEA,6.166666667,0
"Inge, Tyler",Tyler Inge,ORE_BEA,6,0
"Ingersoll, Fisher",Fisher Ingersoll,NIC_COL,6.25,0
"Ingram, Chase",Chase Ingram,UAB_BLA,6.333333333,0
"Inoue, Shintaro",Shintaro Inoue,KAN_WIL,6.5,0
"Iozzo, Marc",Marc Iozzo,MIA_RED,6.25,0
"Irby, Austin",Austin Irby,ECU_PIR,6,0
"Iriotakis, Charlie",Charlie Iriotakis,WM_TRI,6.333333333,0
"Irizarry, Alex",Alex Irizarry,QUI_BOB,5.833333333,0
"Irizarry, Carlos",Carlos Irizarry,BRY_BUL,5.75,0
"Irizarry, Julian",Julian Irizarry,PIT_PAN,5.833333333,0
"Irvin, Karson",Karson Irvin,NIC_COL,5.75,0
"Irvine, Matt",Matt Irvine,SIU_SAL,6.25,0
"Irving, Kaden",Kaden Irving,NEW_PRI,6.166666667,0
"Ishida, Sotaro",Sotaro Ishida,UWM_PAN,5.666666667,0
"Ishikawa, Keni",Kenny Ishikawa,GEO_BUL,5.916666667,0
"Isler, Nate",Nate Isler,DAR_GRE,6.5,0
"Isom-McCall, Charlie",Charlie Isom-McCall,LIN_UNI,6,0
"Iverson, Drew",Drew Iverson,UNO_MAV,6.333333333,0
"Iverson, Luke",Luke Iverson,UTA_WOL,6,0
"Ivy, Parker",Parker Ivy,LEH_MOU,6.25,0
"Iwanaga, Elai",Elai Iwanaga,UCLA,6,0
"Izenman, Dylan",Dylan Izenman,MSM_MTN,6.166666667,0
"Izquierdo, Victor",Victor Izquierdo,NAV_MID,6.166666667,0
"Jack, Maddox",Maddox Jack,OLD_MON,6.166666667,0
"Jackman, Luke",Luke Jackman,GEO_HOY,6,0
"Jackson, Brenton",Brenton Jackson,PRA_PAN,5.75,0
"Jackson, Chance",Chance Jackson,ALC_BRA,6.083333333,0
"Jackson, Daniel",Daniel Jackson,GEO_BUL,6.166666667,0
"Jackson, Dante",Dante Jackson,CSU_BAK,6,0
"Jackson, Donovann",Donovann Jackson,SAN_GAU,6.25,0
"Jackson, Dylan",Dylan Jackson,SAN_SPA,6,0
"Jackson, Jake",Jake Jackson,SAN_AZT,6.5,0
"Jackson, Lucas",Lucas Jackson,COL_LION,6.166666667,0
"Jackson, Matthew",Matt Jackson,SBU_SEA,6,0
"Jackson, Miles",Miles Jackson,ALA_ANM,5.916666667,0
"Jackson, Nathan",Nathan Jackson,LON_LAN,5.75,0
"Jackson, Nic",Nic Jackson,MER_UNI,6.083333333,0
"Jackson, Nik",Nik Jackson,GRA_TIG,5.833333333,0
"Jackson, Peyton",Peyton Jackson,MAR_THU,6.333333333,0
"Jackson, Riley",Riley Jackson,HOU_COU,6.083333333,0
"Jackson, Trevor",Trevor Jackson,SLU_BILL,6.083333333,0
"Jackson, Tyler",Tyler Jackson,SEA_RED,6.333333333,0
"Jackson, Tyree",Tyree Jackson,HBU_HUS,6,0
"Jackson, Zach",Zach Jackson,VIR_CAV,6.083333333,0
"Jacob, Mason",Mason Jacob,UTS_ROA,5.833333333,0
"Jacobi, Kaden",Kaden Jacobi,IU,6.25,0
"Jacobs, Andrew",Andrew Jacobs,ARI_WIL,6.166666667,0
"Jacobs, Austin",Austin Jacobs,UCF_KNI,5.916666667,0
"Jacobs, Luke",Luke Jacobs,UTA_UTE,6,0
"Jacobsen, Robert",Robert Jacobsen,STJ_RED,5.833333333,0
"Jacobsen, Trey",Trey Jacobsen,UTA_WOL,6.416666667,0
"Jacome, Carlos",Carlos Jacome,ECU_PIR,5.75,0
"Jaconski, Jesse",Jesse Jaconski,PEN_NIT,5.916666667,0
"Jaenke, Brandon",Brandon Jaenke,MIN_GOL,6.333333333,0
"Jaffe, Jordan",Jordan Jaffe,LIB_FLA,6.25,0
"Jaime, Jonathan",Jonathan Jaime,GEO_EAG,6.166666667,0
"Jaisle, Will",Will Jaisle,NOT_IRI,6.166666667,0
"Jaksa, Brayden",Brayden Jaksa,ORE_DUC,6.5,0
"Jakubowski, Jake",Jake Jakubowski,UIC_FLA,5.833333333,0
"James, Chone",Chone James,MSU_BDG,6,0
"James, David",David James,STB_BON,6.333333333,0
"James, Devin",Devin James,SAC_HOR,6.5,0
"James, Jack",Jack James,STE_LUM,6.166666667,0
"James, RJ",RJ James,EVA_ACE,6,0
"James, Reagan",Reagan James,ARK_LIO,6,0
"James, Zack",Zack James,TCU_HFG,6.25,0
"Jameson, Caleb",Caleb Jameson,GEO_BUL,6.083333333,0
"Jamison, Aaron",Aaron Jamison,SOU_GAM,6.166666667,0
"Jamison, Adam",Adam Jamison,LIP_BIS,6.166666667,0
"Janesko, Jason",Jason Janesko,STJ_HAW,6,0
"Jang, Alex",Alex Jang,YSU_PEN,5.75,0
"Janicki, Jimmy",Jimmy Janicki,TRO_TRJ,6.25,0
"Jankowski, Alex",Alex Jankowski,LON_ISL22,5.916666667,0
"Janner, Evan",Evan Janner,UTR_VAQ,6.083333333,0
"Jannicelli, Josh",Josh Jannicelli,SAN_GAU,6.416666667,0
"Janove, Josh",Josh Janove,TOW_TIG,5.833333333,0
"Jansen, Neil",Neil Jansen,SAN_SPA,5.833333333,0
"Janusek, Brady",Brady Janusek,BAY_BEA,6.333333333,0
"Jaques, Ethan",Ethan Jaques,TAR_TEX,6.25,0
"Jarnagin, Chase",Chase Jarnagin,COL_CHA,6.083333333,0
"Jaros, Ryan",Ryan Jaros,RUT_SCA,6.25,0
"Jarrell, Drew",Drew Jarrell,ULM_WAR,6,0
"Jarrell, Jacob",Jacob Jarrell,CLE_TIG,6,0
"Jarrett, Julian",JJ Jarrett,ALC_BRA,5.75,0
"Jarrett, Jullian",JJ Jarrett,ALC_BRA,5.75,0
"Jasa, Carson",Carson Jasa,NEB,6.583333333,0
"Jasso, Joseph",Joseph Jasso,CAL_FUL,6.25,0
"Jaxel, Kevin",Kevin Jaxel,VIR_CAV,6.416666667,0
"Jay, Cash",Cash Jay,OLD_MON,6,0
"Jefferis, Brayden",Brayden Jefferis,MIC_WOL,5.833333333,0
"Jeffrey, Donavan",Donavan Jeffery,MIA_HUR,6.083333333,0
"Jelic, Jason",Jason Jelic,XAV_MUS,6.166666667,0
"Jelkin, Jaxon",Jaxon Jelkin,KEN_WIL,6.416666667,0
"Jellison, Bruce",Bruce Jellison,EMU_EAG,6,0
"Jemison, Peyton",Peyton Jemison,UCO_HUS,6,0
"Jenkins, Carter",Carter Jenkins,NIC_COL,6,0
"Jenkins, Jerrod",Jerrod Jenkins,DAL_PAT,6.25,0
"Jenkins, Leighton",Leighton Jenkins,ALA_LIO,6,0
"Jenkins, Luke",Luke Jenkins,UNC_SPA,6.25,0
"Jenkins, Niguel",Niguel Jenkins,ALA_HOR,6.25,0
"Jenkins, Owen",Owen Jenkins,KEN_WIL,6.166666667,0
"Jenkins, Quentin",Quentin Jenkins,ALA_HOR,5.833333333,0
"Jenkins, Sean",Sean Jenkins,ECU_PIR,6.25,0
"Jennings, Collin",Collin Jennings,ILL_ILL,6.416666667,0
"Jennings, Dillon",Dillon Jennings,RID_BRO,6.083333333,0
"Jennings, Drew",Drew Jennings,BEL_KNI,6.25,0
"Jennings, Kayden",Kayden Jennings,NIU_HUS,6,0
"Jennings, Parker",Parker Jennings,OKL_COW,6.333333333,0
"Jensen, Jai",Jai Jensen,SOU_IND16,6.25,0
"Jensen, Kale",Kale Jensen,UIC_FLA,6.083333333,0
"Jensen, Max",Max Jensen,VAN_COM,6.25,0
"Jensen, Sawyer",Sawyer Jensen,DAY_FLY,6.666666667,0
"Jeon, David",David Jeon,ABI_WIL,5.916666667,0
"Jeon, Eric",Eric Jeon,STA_CAR,5.833333333,0
"Jeon, Kevin",Kevin Jeon,CAL_BEA,6,0
"Jeremiah, Jace",Jace Jeremiah,SAC_HOR,5.833333333,0
"Jergins, Andrew",Andrew Jergins,GEO_HOY,6.166666667,0
"Jernigan, Connor",Connor Jernigan,WM_TRI,6.416666667,0
"Jeske, Ryder",Ryder Jeske,TOW_TIG,5.916666667,0
"Jesske, Will",Will Jesske,NEB,5.916666667,0
"Jette, Jacob",Jacob Jette,UMASS_RIV,6,0
"Jezerinac, Pete",Peter Jezerinac,KEN_OWL,6.166666667,0
"Jimenez, Adrian",Adrian Jimenez,CHA_FOR,5.833333333,0
"Jimenez, Jorsixt",Jorsixt Jimenez,TEN_TEC,6,0
"Jirschele, Keagen",Keagen Jirschele,SOU_JAC,5.916666667,0
"Joggerst, Dakota",Dakota Joggerst,SOU_RED,6.166666667,0
"Johannes, Will",Will Johannes,ILL_ILL,6.25,0
"Johns, Tanner",Tanner Johns,GRA_CAN,6.083333333,0
"Johnsen, Spencer",Spencer Johnsen,IND_SYC,6,0
"Johnsen, Ty",Ty Johnsen,DIX_STE,6.25,0
"Johnson II, Sherman",Sherman Johnson,NOR_WOL,6.166666667,0
"Johnson, Alec",Alec Johnson,LOY_LIO,6.083333333,0
"Johnson, Andrew",Andrew Johnson,SOU_TRO,6.25,0
"Johnson, Andrew",Drew Johnson,WAS_HUS,6.166666667,0
"Johnson, Ashton",Ashton Johnson,BYU_COU,5.916666667,0
"Johnson, Blaize",Blaize Johnson,NCA_BUL,5.916666667,0
"Johnson, Braeden",Braeden Johnson,COR_BRE,6.333333333,0
"Johnson, Bryce",Bryce Johnson,NOR_DEM,6.25,0
"Johnson, Bryce",Bryce Johnson,WAS_HUS,6.25,0
"Johnson, Caleb",Caleb Johnson,JAC_GAM,6.166666667,0
"Johnson, Camden",Camden Johnson,OKL_SOO,6,0
"Johnson, Cameron",Camden Johnson,OKL_SOO,6,0
"Johnson, Carson",Carson Johnson,SAN_AZT,6.333333333,0
"Johnson, Cole",Cole Johnson,AUS_GOV,6.416666667,0
"Johnson, Cole",Cole Johnson,GEO_BUL,6.166666667,0
"Johnson, Conner",Conner Johnson,ORA_GOL,6.166666667,0
"Johnson, Davis",Davis Johnson,NOT_IRI,6,0
"Johnson, Drew",Drew Johnson,MER_BEA,6.083333333,0
"Johnson, Dylan",Dylan Johnson,COL_CHA,6.083333333,0
"Johnson, Dylan",Dylan Johnson,STJ_RED,6.083333333,0
"Johnson, Everet",Everet Johnson,CAL_AGO,6.25,0
"Johnson, Gunnar",Gunnar Johnson,BOC_EAG,6,0
"Johnson, Hasani",Hasani Johnson,GRA_TIG,5.833333333,0
"Johnson, Jack",Jack Johnson,TUL_GRE,6.083333333,0
"Johnson, Jacob",Jacob Johnson,STM_GAE,6.166666667,0
"Johnson, Jason",Jason Johnson,NOR_AGG,6,0
"Johnson, Jeb",Jeb Johnson,MER_BEA,5.916666667,0
"Johnson, Jonah",Jonah Johnson,LOY_LIO,6.25,0
"Johnson, Josh",Josh Johnson,SAN_BRO,6.166666667,0
"Johnson, Keegan",Keegan Johnson,BAL_CAR,6.25,0
"Johnson, Kendyl",Kendyl Johnson,TAR_TEX,5.75,0
"Johnson, Kyle",Kyle Johnson,VIR_CAV,6.083333333,0
"Johnson, Landen",Landen Johnson,HIG_PAN,6.333333333,0
"Johnson, Lucas",Lucas Johnson,LON_LAN,6.25,0
"Johnson, Luke",Luke Johnson,COR_BRE,6.083333333,0
"Johnson, Matthew",Matthew Johnson,WRI_RAI,6,0
"Johnson, Meade",Meade Johnson,SIU_SAL,6.25,0
"Johnson, Mitchell",Mitchell Johnson,WIC_SHO,6.333333333,0
"Johnson, Nate",Nate Johnson,TUL_GRE,6.416666667,0
"Johnson, Nathan",Nathan Johnson,UTS_ROA,6.416666667,0
"Johnson, Nicholas",Nicholas Johnson,ALC_BRA,6.166666667,0
"Johnson, Noah",Noah Johnson,SOU_COU,6.25,0
"Johnson, Nolan",Nolan Johnson,DUK_BLU,6.5,0
"Johnson, Nolan",Nolan Johnson,TCU_HFG,6.083333333,0
"Johnson, Omari",Omari Johnson,SOU_JAG,6.083333333,0
"Johnson, Patrick",Patrick Johnson,OLD_MON,6.25,0
"Johnson, Peter",Pete Johnson,XAV_MUS,6.333333333,0
"Johnson, RJ",RJ Johnson,RIC_SPI,5.916666667,0
"Johnson, Rett",Rett Johnson,SAL_JAG,5.75,0
"Johnson, Ryan",Ryan Johnson,EKU_COL,5.833333333,0
"Johnson, Ryan",Ryan Johnson,ILL_ILL,6.333333333,0
"Johnson, Shane",Shane Johnson,ORE_DUC,5.75,0
"Johnson, Tervell",Tervell Johnson,ALA_ANM,6,0
"Johnson, Trevor",Trevor Johnson,DUK_BLU,6.166666667,0
"Johnson, Ty",Ty Johnson,BAY_BEA,5.916666667,0
"Johnson, William",Will Johnson,OLD_MON,6.083333333,0
"Johnson, Zach",Zach Johnson,CAL_MAT,5.916666667,0
"Johnson, Zakery",Zak Johnson,SAM_BEA,6,0
"Johnston, Brodie",Brodie Johnston,VAN_COM,6.166666667,0
"Johnston, Connor",Connor Johnston,RHO_RAM,6.25,0
"Johnston, Gavin",Gavin Johnston,SOU_RED,6.166666667,0
"Johnston, Jett",Jett Johnston,AUB_TIG,6,0
"Johnston, Zach",Zach Johnston,WAK_DEA,6.416666667,0
"Johnstone, Carter",Carter Johnstone,VAN_COM,6.083333333,0
"Johnstone, Logan",Logan Johnstone,VAN_COM,5.916666667,0
"Jones II, Paul",Paul Jones,MAR_TER,6,0
"Jones, AJ",AJ Jones,RHO_RAM,6,0
"Jones, Asafa",Asafa Jones,JAC_TIG,6,0
"Jones, Brogan",Brogan Jones,LON_LAN,5.833333333,0
"Jones, Cal",Cal Jones,NOR_BIS,5.75,0
"Jones, Charlie",Charlie Jones,HIG_PAN,6.333333333,0
"Jones, Charlie",Charlie Jones,KEN_OWL,6.25,0
"Jones, Cole",Cole Jones,WCC,6.166666667,0
"Jones, Connor",Connor Jones,GEO_COL,5.916666667,0
"Jones, Cooper",Cooper Jones,BYU_COU,6.083333333,0
"Jones, Cooper",Cooper Jones,ETS_BUC,6.083333333,0
"Jones, Drew",Drew Jones,EMU_EAG,6.166666667,0
"Jones, Easton",Easton Jones,BYU_COU,6.25,0
"Jones, Easton",Easton Jones,UTA_UTE,6.25,0
"Jones, Evan",Evan Jones,UCF_KNI,6.25,0
"Jones, Evan",Evan Jones,WAK_DEA,6.25,0
"Jones, Gavin",Gavin Jones,KS_GF,6.25,0
"Jones, Gavyn",Gavyn Jones,OKL_SOO,6.083333333,0
"Jones, Gibson",Gibson Jones,QUN_RYL,6,0
"Jones, Jace",Jace Jones,MIS_DEL,6.416666667,0
"Jones, Jack",Jack Jones,CAL_MAT,6.083333333,0
"Jones, Jackson",Jackson Jones,LOU_BUL,6.083333333,0
"Jones, Jake",Jake Jones,CEN_BEA,5.916666667,0
"Jones, Jaylen",Jaylen Jones,WCC,5.75,0
"Jones, Jayson",Jayson Jones,WIC_SHO,6.25,0
"Jones, Jeremy",Jeremy Jones,BAL_CAR,6,0
"Jones, Jordan",Jordan Jones,MIS_DEL,6,0
"Jones, Kevin",Kevin Jones,UNC_SEA,5.916666667,0
"Jones, Kyle",Kyle Jones,FLA_GAT,6.25,0
"Jones, Liam",Liam Jones,BUC_BIS,6.083333333,0
"Jones, Luke",Luke Jones,COA_CHA,5.916666667,0
"Jones, Luke",Luke Jones,SOU_JAC,6,0
"Jones, Parker",Parker Jones,DAV_WIL,6.083333333,0
"Jones, Ryan",Ryan Jones,ABI_WIL,6.166666667,0
"Jones, Ryan",Ryan Jones,AKR_ZIP,5.916666667,0
"Jones, Silas",Silas Jones,UTM_SKY,6.166666667,0
"Jones, Skylar",Skylar Jones,NEW_PRI,6.25,0
"Jones, Tate",Tate Jones,NJI_HIG,5.833333333,0
"Jones, Topher",Topher Jones,OLE_REB,6.166666667,0
"Jones, Tyler",Tyler Jones,GEO_COL,6.166666667,0
"Jones, Wesley",Wesley Jones,CHA_FOR,6.333333333,0
"Jones, Zac",Zac Jones,BEL_KNI,6.083333333,0
"Jordan, Donovan",Donovan Jordan,MIZ_TIG,6.083333333,0
"Jordan, Grant",Grant Jordan,GEO_EAG,5.916666667,0
"Jordan, Trent",Trent Jordan,LIT_TRO,6.083333333,0
"Jordan, Wesley",Wesley Jordan,TEX_AGG,6.25,0
"Jordan, Will",Will Jordan,TEX_RAI,6.416666667,0
"Jordi, Noah",Noah Jordi,GEO_PAN,6,0
"Jorge, Kainen",Kainen Jorge,MUR_RAC,6.166666667,0
"Jorissen, Carter",Carter Jorissen,CSU_BAK,5.833333333,0
"Joseph, Johnny",Johnny Joseph,QUN_RYL,6.083333333,0
"Josephson, Ian",Ian Josephson,STM_GAE,6,0
"Joubert, Evan",Evan Joubert,TEX_TIG,5.833333333,0
"Jouras, Noah",Noah Jouras,VIR_CAV,6,0
"Joyce, Jack",Jack Joyce,COP_STA,6.166666667,0
"Joyner, Carson",Carson Joyner,ULM_WAR,6,0
"Juarez, Gabe",Gabe Juarez,ETS_BUC,6.25,0
"Judy, Jackson",Jackson Judy,DAY_FLY,6.25,0
"Julks, Kobe",Kobe Julks,BUC_BIS,6.333333333,0
"Jumper, Cross",Cross Jumper,ASU_RED,6.166666667,0
"Jungers, Aaron",Aaron Jungers,LIN_UNI,6,0
"Junghans, Alex",Alex Junghans,XAV_MUS,6.166666667,0
"Juntunen, Brody",Brody Juntunen,FAU_OWL,6.25,0
"Justice, Zach",Zach Justice,SAN_AZT,6,0
"Kaczmar, Henry",Henry Kaczmar,OSU_BUC,5.833333333,0
"Kaczmarek, Sam",Sam Kaczmarek,WM_TRI,6.083333333,0
"Kahalekai, Ka'imi",Ka'imi Kahalekai,LON_DIR,6.666666667,0
"Kahl, Landon",Landon Kahl,CIT_BUL,6.083333333,0
"Kahn, Davis",Davis Kahn,HAR_CRI,6.666666667,0
"Kahn, Jordan",Jordan Kahn,GEO_HOY,5.916666667,0
"Kahn, Matthew",Matthew Kahn,VIL_WIL,5.833333333,0
"Kail, Jack",Jack Kail,COL_LION,5.666666667,0
"Kaiser, Ian",Ian Kaiser,BIN_BEA,5.833333333,0
"Kaler, Tanner",Tanner Kaler,GEO_PAT,6,0
"Kalfsbeek, Luke",Luke Kalfsbeek,CAL_MUS,6.25,0
"Kalinich, Michael",Michael Kalinich,ECU_PIR,6,0
"Kalk, Maxwell",Max Kalk,BAL_CAR,6,0
"Kalkbrenner, Craig",Craig Kalkbrenner,GEO_EAG,6,0
"Kallinger, Myles",Myles Kallinger,SAN_DON,5.666666667,0
"Kamaka, Titan",Titan Kamaka,MER_BEA,6,0
"Kamerer, Tyler",Tyler Kamerer,MAR_THU,5.833333333,0
"Kaminski, Dylan",Dylan Kaminski,WIU_LEA,6.166666667,0
"Kamp, Kannon",Kannon Kamp,SOU_COU,5.833333333,0
"Kampa, Ashton",Ashton Kampa,UIC_FLA,6,0
"Kampschror, Dean",Dean Kampschror,VIR_CAV,6.416666667,0
"Kane, Connor",Connor Kane,COA_CHA,6.083333333,0
"Kane, Sam",Sam Kane,NEV_WOL,5.916666667,0
"Kane, Tyler",Tyler Kane,RUT_SCA,5.75,0
"Kane-Yates, Wailele",Wailele Kane-Yates,ORA_GOL,6,0
"Kaneshiro, Kainoa",Kainoa Kaneshiro,NEV_WOL,5.666666667,0
"Kang, Jordan",Jordan Kang,HAR_CRI,5.833333333,0
"Kang, Sean",Sean Kang,SOU_COU,5.833333333,0
"Kangas, Keaton",Keaton Kangas,FGCU,6.166666667,0
"Kanipe, Alex",Alex Kanipe,BUT_BUL,6.166666667,0
"Kantola, Kaleb",Kaleb Kantola,LIP_BIS,6.583333333,0
"Kapa, Tyler",Tyler Kapa,VIR_CAV,6.166666667,0
"Kapica, Andrew",Andrew Kapica,FOR_RAM,6.083333333,0
"Kaplan, Max",Max Kaplan,USC_UPS,6.25,0
"Karczewski, Camden",Cam Karczewski,ILL_RED,5.916666667,0
"Karl, Cadyn",Cadyn Karl,KAN_WIL,6.333333333,0
"Karliner, Noah",Noah Karliner,SAN_GAU,6.333333333,0
"Karns, Aidan",Aidan Karns,UTM_SKY,6.166666667,0
"Karr, Kellen",Kellen Karr,COA_CHA,6.5,0
"Karst, Ryan",Ryan Karst,IND_SYC,6.25,0
"Karstetter, Kevin",Kevin Karstetter,PEN_NIT,6.25,0
"Kasanagottu, Rohan",Rohan Kasanagottu,SOU_TRO,6.333333333,0
"Kashimoto, Cody",Cody Kashimoto,STM_GAE,5.583333333,0
"Kassebaum, Torin",Torin Kassebaum,LON_ISL22,5.833333333,0
"Kasten, Benjamin",Ben Kasten,NIU_HUS,6.25,0
"Katayama-Stall, Cole",Cole Katayama-Stall,POR_PIL,6.083333333,0
"Katsaros, George",George Katsaros,SAC_PIO,6,0
"Katschke, Hunter",Hunter Katschke,UTA_WOL,6.25,0
"Katskee, Cooper",Cooper Katskee,NEB,6.333333333,0
"Katz, Chris",Chris Katz,MER_BEA,6,0
"Katz, Josh",Josh Katz,PEN_QUA,6,0
"Kaufer, Max",Max Kaufer,WIC_SHO,6,0
"Kauffman, Landon",Landon Kauffman,POR_PIL,5.833333333,0
"Kaufman, Brady",Brady Kaufman,PRI_TIG,6.166666667,0
"Kaufman, Camden",Cam Kaufman,NMS_AGG,6.083333333,0
"Kaufman, Tyson",Tyson Kaufman,CAN_GRI,6,0
"Kaunas, Ty",Ty Kaunas,MAR_TER,5.833333333,0
"Kay, Evan",Evan Kay,SBU_SEA,6.083333333,0
"Kazee, Dylan",Dylan Kazee,AUS_GOV,5.916666667,0
"Kea, Aukai",Aukai Kea,VAN_COM,6,0
"Kean, Alex",Alex Kean,MOR_EAG,6.333333333,0
"Keane, Nick",Nick Keane,EMU_EAG,6.083333333,0
"Kearns, Aubrey",Aubrey Kearns,MOR_EAG,5.916666667,0
"Keating, Aaron",Aaron Keating,MER_UNI,5.916666667,0
"Keefe, Ben",Ben Keefe,RAD_HIG,6.166666667,0
"Keel, Christian",Christian Keel,BRO_BEA,6.083333333,0
"Keels, Tre",Tré Keels,LON_LAN,6,0
"Keen, Chase",Chase Keen,OHI_BOB,6.333333333,0
"Keen, Hunter",Hunter Keen,RAD_HIG,6,0
"Keenan, Aidan",Aidan Keenan,STA_CAR,6.166666667,0
"Keenan, Jimmy",Jimmy Keenan,WAK_DEA,6.166666667,0
"Keffaber, Grant",Grant Keffaber,KS_GF,6,0
"Kehlenbrink, Brady",Brady Kehlenbrink,MIZ_TIG,6.166666667,0
"Kehoe, Kieran",Kieran Kehoe,ION_GAE,6.583333333,0
"Keilen, Logan",Logan Keilen,CEN_MIC,6,0
"Keldsen, Joseph",JoJo Keldsen,SOU_RED,6.25,0
"Keljo, Grady",Grady Keljo,POR_PIL,5.833333333,0
"Kelleher, Jake",Jake Kelleher,LON_ISL22,6.083333333,0
"Keller, Andrew",Andrew Keller,CAM_CAM,6.25,0
"Keller, Charlie",Charlie Keller,BAL_CAR,6.083333333,0
"Keller, Isaiah",Isaiah Keller,MCN_COW,6,0
"Keller, Kenny",Kenny Keller,CEN_MIC,5.916666667,0
"Keller, Noah",Noah Keller,COR_BRE,6.083333333,0
"Kelley, Carter",Carter Kelley,NEB,6.5,0
"Kelley, Connor",Connor Kelley,UTS_ROA,6.416666667,0
"Kelley, Jack",Jack Kelley,VIL_WIL,6.083333333,0
"Kellis, Rom",Rom Kellis,NOR_TAR,6.083333333,0
"Kellner, Boston",Boston Kellner,TEX_AGG,6,0
"Kelly, Cooper",Cooper Kelly,ORA_GOL,6.083333333,0
"Kelly, Frank",Frank Kelly,HIG_PAN,5.833333333,0
"Kelly, Gavin",Gavin Kelly,WES_MOU,6,0
"Kelly, Jack",Jack Kelly,STB_BON,6.25,0
"Kelly, Michael",Michael Kelly,CAN_GRI,6.25,0
"Kelly, Nick",Nick Kelly,FAI_STA,6.083333333,0
"Kelly, Owen",Owen Kelly,OLE_REB,6.25,0
"Kelly, Rob",Robert Kelly,MON_HAW,6.166666667,0
"Kelly, Rowan",Rowan Kelly,SAN_GAU,5.833333333,0
"Kelly, Talan",Talan Kelly,DIX_STE,5.916666667,0
"Kelly, Zane",Zane Kelly,SAN_AZT,6.166666667,0
"Kelsey, Alex",Alex Kelsey,STJ_HAW,5.916666667,0
"Kelsey, Carter",Carter Kelsey,GEO_PAT,6.416666667,0
"Kemp, Malik",Malik Kemp,MIS_DEL,6.166666667,0
"Kemp, Nolan",Nolan Kemp,THO_M,5.916666667,0
"Kempler, Caleb",Caleb Kempler,MAR_RED,6.083333333,0
"Kenady, Jett",Jett Kenady,CAL_BEA,6.166666667,0
"Kendall, Jackson",Jackson Kendall,HBU_HUS,6.416666667,0
"Kendall, Jacob",Jacob Kendall,FLA_GAT,6.083333333,0
"Kendrick, Micah",Micah Kendrick,KAN_WIL,5.916666667,0
"Kendrick, Noah",Noah Kendrick,SAM_BEA,6.333333333,0
"Kendro, Jake",Jake Kendro,PIT_PAN,6.166666667,0
"Kenealy, Damion",Damion Kenealy,LIP_BIS,6.25,0
"Kenneally, Brendan",Brendan Kenneally,MON_HAW,5.916666667,0
"Kennedy, Colton",Colton Kennedy,UTA_WOL,6,0
"Kennedy, Dee",Dee Kennedy,KAN_WIL,5.916666667,0
"Kennedy, Grant",Grant Kennedy,RIC_SPI,6.166666667,0
"Kennedy, Greg",Greg Kennedy,EMU_EAG,5.916666667,0
"Kennedy, Ryan",Ryan Kennedy,TOL_ROC,6.416666667,0
"Kennell, Ryan",Ryan Kennell,GAR_RUN,6,0
"Kennett, JJ",JJ Kennett,BAY_BEA,5.833333333,0
"Kenney, Noah",Noah Kenney,WAS_HUS,6.166666667,0
"Kenny, Brien",Brien Kenny,NCB,5.833333333,0
"Kenny, Lex",Lex Kenny,UNI_WES,6,0
"Kent, Jack",Jack Kent,GEO_COL,5.916666667,0
"Kent, Tommy",Tommy Kent,MON_HAW,6.166666667,0
"Kent, Will",Will Kent,SOU_JAC,6.083333333,0
"Kent, Zack",Zack Kent,BIN_BEA,5.833333333,0
"Kenty, Jansen",Jansen Kenty,GEO_EAG,6,0
"Kenyon, Cole",Cole Kenyon,BEL_BRU,6.166666667,0
"Kenyon, Cole",Cole Kenyon,UNO_MAV,6.25,0
"Keplinger, Konner",Konner Keplinger,UAB_BLA,6.083333333,0
"Kerce, Carson",Carson Kerce,GIT_YEL,6.083333333,0
"Kerkmaz, Landon",Landon Kerkmaz,MCN_COW,6,0
"Kern, Tanner",Tanner Kern,SAN_TOR,6.166666667,0
"Kernodle, Jake",Jake Kernodle,PRI_TIG,6.333333333,0
"Kerr, Alex",Alex Kerr,WAG_SEA,5.833333333,0
"Kerrigan, Colin",Colin Kerrigan,MTSU_BLU,6.5,0
"Kersey, Braydon",Braydon Kersey,MER_BEA,6.083333333,0
"Kester-Johnson, Trevor",Trevor Kester-Johnson,PUR_BOI,6,0
"Ketelsen, Brock",Brock Ketelsen,STA_CAR,6.333333333,0
"Ketter, Isaiah",Isaiah Ketter,SOU_COU,6.083333333,0
"Kettering, Brooks",Brooks Kettering,SOU_RED,5.916666667,0
"Keup, Shane",Shane Keup,WIN_EAG,6.166666667,0
"Keusch, Ian",Ian Keusch,BRO_BEA,6,0
"Khansarinia, Kasen",Kasen Khansarinia,UCLA,6.166666667,0
"Khozozian, Zachary",Zach Khozozian,HAR_CRI,6.25,0
"Kibler, Dominic",Dom Kibler,UWM_PAN,5.666666667,0
"Kickhaefer, Caden",Caden Kickhaefer,SOU_RED,6.416666667,0
"Kidd, Ricky",Ricky Kidd,WMI_BRO,6.166666667,0
"Kidwell, Jack",Jack Kidwell,SAC_PIO,6.083333333,0
"Kidwell, Tyler",Tyler Kidwell,LAF_LEP,6.083333333,0
"Kiefer, Landon",Landon Kiefer,LIP_BIS,5.833333333,0
"Kieffer, Wilson",Wilson Kieffer,NCB,6.083333333,0
"Kiel II, Terrence",Terrence Kiel,TEX_AGG,6.083333333,0
"Kiemele, Cody",Cody Kiemele,GRA_CAN,6.166666667,0
"Kiesiner, Christopher",Chris Kiesiner,MER_COL1,5.916666667,0
"Kilby, Zach",Zach Kilby,FAU_OWL,6.416666667,0
"Killingsworth, Austin",Austin Killingsworth,GEO_PAN,5.833333333,0
"Kim, Cameron",Cameron Kim,CAL_FUL,6.25,0
"Kim, Jonathan",Jonathan Kim,MIC_WOL,5.916666667,0
"Kim, Justin",Justin Kim,PRI_TIG,6,0
"Kim, Tyler",Tyler Kim,NJI_HIG,6,0
"Kimball, Blake",Blake Kimball,SIU_SAL,6.083333333,0
"Kimball, Carson",Carson Kimball,FAU_OWL,6,0
"Kimball, Roman",Roman Kimball,UCF_KNI,5.916666667,0
"Kimble, Kaden",Kaden Kimble,MSM_MTN,6,0
"Kimbrell, Bryant",Bryant Kimbrell,WCC,6.25,0
"Kimel, Mac",Mac Kimel,HIG_PAN,6.25,0
"Kinder, Jarrett",Jarrett Kinder,EIU_PAN,6.25,0
"King, Aidan",Aidan King,FLA_GAT,6.166666667,0
"King, Brandon",Brandon King,UTM_SKY,6.333333333,0
"King, Caleb",Caleb King,DEL_HOR,5.916666667,0
"King, Devon",Devon King,CSD_TRI,6.083333333,0
"King, Dylan",Dylan King,TRO_TRJ,6.333333333,0
"King, Gavin",Gavin King,MTSU_BLU,6.583333333,0
"King, Joseph",Joe King,ARK_LIO,6.083333333,0
"King, Justin",Justin King,HAR_CRI,6,0
"King, Kody",Kody King,CAL_MAT,6.25,0
"King, Ryan",Ryan King,CSU_BAK,6,0
"King, Ryan",Ryan King,RHO_RAM,5.75,0
"King, Trey",Trey King,JAC_GAM,6.166666667,0
"Kingsbury, Hunter",Hunter Kingsbury,BRY_BUL,6.166666667,0
"Kinneen, Liam",Liam Kinneen,PRI_TIG,6.333333333,0
"Kinsler, Jaden",Jaden Kinsler,JMU_DUK,6.416666667,0
"Kipp, Kyle",Kyle Kipp,BOC_EAG,6.166666667,0
"Kirby, Jacob",Jacob Kirby,USC_UPS,6.416666667,0
"Kircher, Jackson",Jackson Kircher,ARK_RAZ,6.333333333,0
"Kirchner, Andrew",Andrew Kirchner,CAL_FUL,6.416666667,0
"Kirchner, Jack",Jack Kirchner,RUT_SCA,6.333333333,0
"Kirk, Mason",Mason Kirk,TAR_TEX,6.083333333,0
"Kirk, Taylor",Taylor Kirk,FOR_RAM,6.083333333,0
"Kirk, William",William Kirk,MSU_BDG,6.166666667,0
"Kirkpatrick, Nathan",Nate Kirkpatrick,VCU_RAM,6.083333333,0
"Kirksey, Dillion",Dillon Kirksey,COP_STA,6.166666667,0
"Kirsh, Nolan",Nolan Kirsch,MER_UNI,6.083333333,0
"Kirtley, Ryder",Ryder Kirtley,MIA_RED,6,0
"Kirwan, Tommy",Tommy Kirwan,WOF_TER,6,0
"Kiser, Kaden",Kaden Kiser,CIT_BUL,6.416666667,0
"Kisz, Kade",Kade Kisz,GEO_EAG,6.083333333,0
"Kitchens, Cole",Cole Kitchens,NEB,6.333333333,0
"Kitchings, Aiden",Aiden Kitchings,NOR_WOL,6.416666667,0
"Kittredge, Ryan",Ryan Kittredge,UTA_UTE,6.166666667,0
"Klaric-Schell, Kyle",Kyle Klaric-Schell,DAR_GRE,5.916666667,0
"Klecker, Kole",Kole Klecker,ARI_SUN,6.166666667,0
"Klein, Caleb",Caleb Klein,SOU_RED,6.083333333,0
"Klein, Rohne",Rohne Klein,SAN_SPA,6.333333333,0
"Klein, Van",Van Klein,AIR_FOR,6,0
"Kleinhans, Evan",Evan Kleinhans,COL_LION,6.333333333,0
"Kleinheider, Drew",Drew Kleinheider,SLU_BILL,5.583333333,0
"Kleinschmit, Ethan",Ethan Kleinschmit,ORE_BEA,6.25,0
"Klepsch, Addison",Addison Klepsch,CSD_TRI,5.833333333,0
"Kleveno, Jack",Jack Kleveno,UTA_UTE,5.5,0
"Kligman, Ari",Ari Kligman,SAC_HOR,6.25,0
"Kligman, Elie",Elie Kligman,MIC_WOL,6,0
"Kline, Brenden",Brenden Kline,BRO_BEA,6.333333333,0
"Kling, Corey",Corey Kling,ARI_WIL,5.916666667,0
"Klingemann, Chase",Chase Klingemann,NCA_BUL,5.916666667,0
"Klock, Connor",Connor Klock,NJI_HIG,6,0
"Klosek, Richard",Richie Klosek,LOY_LIO,6.083333333,0
"Klosterman, Kellan",Kellan Klosterman,NOT_IRI,6.083333333,0
"Klotz, Hunter",Hunter Klotz,KS_GF,6.25,0
"Klug, Austin",Austin Klug,PUR_BOI,6.333333333,0
"Klug, Christian",Chris Klug,NAV_MID,6,0
"Klug, Josh",Josh Klug,MIC_SPA,6.083333333,0
"Klus, John",John Klus,SOU_RED,6,0
"Kmatz, Zach",Zach Kmatz,ORE_BEA,6.25,0
"Knaak, Aidan",Aidan Knaak,CLE_TIG,6.083333333,0
"Kneller, Tyler",Tyler Kneller,ALB_GRE,6.333333333,0
"Knier, Chris",Chris Knier,FLO_SEM,5.916666667,0
"Knight, Christian",Christian Knight,WAG_SEA,5.666666667,0
"Knight, Grayson",Grayson Knight,JAC_GAM,6.333333333,0
"Knight, Logan",Logan Knight,CIN_BEA,6.5,0
"Knight, Max",Max Knight,MIS_BEA,6.25,0
"Knighton, Henry",Henry Knighton,GEO_COL,5.916666667,0
"Knipper, Armani",Armani Knipper,DAL_PAT,6,0
"Knott, Preston",Preston Knott,ARL_MAV,5.666666667,0
"Knowles, Aden",Aden Knowles,TOW_TIG,6.25,0
"Knowles, Chris",Chris Knowles,THO_M,6,0
"Knowles, Payton",Payton Knowles,SEA_RED,6,0
"Knowlton, Zach",Zach Knowlton,CEN_MIC,5.666666667,0
"Knupp, Keegan",Keegan Knupp,EMU_EAG,6.333333333,0
"Knutson, Keegan",Keegan Knutson,MIZ_TIG,5.833333333,0
"Koch, Bryce",Bryce Koch,LOU_CAR,6.416666667,0
"Koch, Tommy",Tommy Koch,UTM_SKY,6,0
"Kochanowicz, Cole",Cole Kochanowicz,LEH_MOU,6.083333333,0
"Kochany, Ben",Ben Kochany,MIC_SPA,6.166666667,0
"Koczwara, Mason",Mason Koczwara,FLO_PAN,6.333333333,0
"Kodama, Ethan",Ethan Kodama,CAL_BEA,6.166666667,0
"Koehler, Kyle",Kyle Koehler,FLO_PAN,6.166666667,0
"Koehler, Trent",Trent Koehler,SOU_COU,5.833333333,0
"Koenen, Drew",Drew Koenen,VIR_CAV,6.25,0
"Koenig, Landon",Landon Koenig,OLE_REB,6.5,0
"Kohler, Jace",Jace Kohler,HIG_PAN,6,0
"Kohlhoff, Keagen",Keagen Kohlhoff,MIZ_TIG,6.083333333,0
"Kohorst, John Henry",John Henry Kohorst,IOW_HAW,6.166666667,0
"Kolb, AJ",AJ Kolb,TOW_TIG,5.833333333,0
"Kolben, Ryan",Ryan Kolben,UMA_AMH,6.166666667,0
"Kolenda, Jordan",Jordan Kolenda,KS_GF,6.25,0
"Kollen, Graham",Graham Kollen,PUR_BOI,6.25,0
"Kolze, Nick",Nick Kolze,PUR_BOI,6.25,0
"Komine, Hunter",Hunter Komine,SEA_RED,5.666666667,0
"Koniarsky, Cole",Cole Koniarsky,GEO_BUL,6.333333333,0
"Konings, Noah",Noah Konings,NIA_EAG,6.083333333,0
"Konkler, Hayden",Hayden Konkler,ALC_BRA,6.25,0
"Konopiots, Tony",Tony Konopiots,OAK_GOL,6.083333333,0
"Konstantinovsky, Zack",Zack Konstantinovsky,RUT_SCA,6.166666667,0
"Koonce, Cole",Cole Koonce,UMBC_RET,6.083333333,0
"Koonin, Jake",Jake Koonin,PRI_TIG,6,0
"Koontz, Dylan",Dylan Koontz,CHA_FOR,6,0
"Koosman, Ian",Ian Koosman,CRE_BLU,6.083333333,0
"Kopetski, Josh",Josh Cope,KS_GF,6,0
"Kopetski, Josh",Josh Kopetski,RHO_RAM,6,0
"Kordic, Dylan",Dylan Kordic,CAL_MUS,6.25,0
"Korn, Ian",Ian Korn,WES_MOU,6,0
"Korson, Joshua",Josh Korson,OAK_GOL,6.333333333,0
"Korthas, Jack",Jack Korthas,COL_LION,6.083333333,0
"Kortum, Reese",Reese Kortum,WIC_SHO,6.25,0
"Kosciusko, Cole",Cole Kosciusko,SAN_GAU,6.166666667,0
"Kosel, Brandon",Brandon Kosel,DIX_STE,6.25,0
"Koshy, Andrew",Andrew Koshy,MAR_TER,6.166666667,0
"Koskie, Caleb",Caleb Koskie,IU,6,0
"Koslin, Logan",Logan Koslin,MER_UNI,6,0
"Kosowick, Mason",Mason Kosowick,GEO_BUL,6.583333333,0
"Kostic, AJ",A.J. Kostic,LAM_CAR,6.25,0
"Kosuda, Matthew",Matthew Kosuda,WM_TRI,5.916666667,0
"Kouser, Matthew",Matthew Kouser,NOR_CAT,6.416666667,0
"Kozar, Rees",Rees Kozar,NIA_EAG,6.083333333,0
"Kozeal, Camden",Camden Kozeal,ARK_RAZ,5.833333333,0
"Kozera, Tyler",Tyler Kozera,NOF_OSP,6.25,0
"Kraemer, Jackson",Jackson Kraemer,RIC_SPI,6.166666667,0
"Kraemer, William",Will Kraemer,PEP_WAV,6.25,0
"Kragel, Brant",Brant Kragel,MIS_BEA,6.416666667,0
"Krakoski, Jason",Jason Krakoski,CAL_FUL,6.25,0
"Kramer, Jake",Jake Kramer,PUR_BOI,6.333333333,0
"Kramkowski, Owen",Owen Kramkowski,ARI_WIL,6.25,0
"Kramkowski, Tommy",Tommy Kramkowski,MIS_BEA,6.25,0
"Kranawetter, Jackson",Jackson Kranawetter,SOU_RED,5.833333333,0
"Kranzler, Alex",Alex Kranzler,VAN_COM,6.25,0
"Kratt, Spencer",Spencer Kratt,SAN_SPA,6,0
"Kraus, Steven",Steven Kraus,BIN_BEA,6.083333333,0
"Krause, Anthony",Anthony Krause,MER_UNI,6.166666667,0
"Krause, Christian",Christian Krause,CHA_BUC,6.25,0
"Krauss, Chayton",Chayton Krauss,DAL_PAT,6.25,0
"Krebs, Charlie",Charlie Krebs,MAR_THU,6.166666667,0
"Kreis, Take",Tate Kreis,CAL_BEA,6.25,0
"Krenzel, Brayden",Brayden Krenzel,TEN_VOL,6.25,0
"Kresak, Caden",Caden Kresak,FLO_RAT,5.666666667,0
"Kress, Nate",Nate Kress,BGS_FAL,6.25,0
"Kresser, Brodie",Brodie Kresser,WES_MOU,6.083333333,0
"Kretsch, Sam",Sam Kretsch,STM_GAE,6.333333333,0
"Krewson, Chase",Chase Krewson,RUT_SCA,6.166666667,0
"Kribbs, Andrew",Andrew Kribbs,CHA_FOR,6,0
"Kriebel, Chase",Chase Kriebel,PIT_PAN,6.083333333,0
"Krieg, Jacob",Jacob Krieg,ORE_BEA,6.416666667,0
"Kriegelstein, Nick",Nick Kriegelstein,MOY_MOY,5.833333333,0
"Krieger, Jason",Jason Krieger,MAI_BLA,6.333333333,0
"Krift, Hank",Hank Krift,ELO_PHO,6.333333333,0
"Kriley, Devin",Devin Kriley,ALC_BRA,5.916666667,0
"Krill, Kevin",Kevin Krill,EMU_EAG,6.083333333,0
"Kroberger, Chase",Chase Kroberger,ALA_CRI,6,0
"Krodel, Andrew",AJ Krodel,SAN_GAU,6.333333333,0
"Kroepel, Ryan",Ryan Kroepel,DIX_STE,6,0
"Kroll, Athan",Athan Kroll,DAL_PAT,6.333333333,0
"Kropis, Tyler",Tyler Kropis,ETS_BUC,6.166666667,0
"Krouse, Lucas",Luke Krouse,BGS_FAL,6.166666667,0
"Krowka, Karson",Karson Krowka,TEX_ISL,6.083333333,0
"Krupinski, Dom",Dom Krupinski,MIA_RED,5.833333333,0
"Krupp, Kyle",Kyle Krupp,MOR_EAG,5.833333333,0
"Kruzan, Marcus",Marcus Kruzan,MIN_GOL,6.166666667,0
"Krzciok, Brady",Brady Krzciok,CEN_MIC,6.25,0
"Krzysiak, Brody",Brody Krzysiak,KS_GF,6,0
"Kucherak, Ryan",Ryan Kucherak,NOR_CAT,6.083333333,0
"Kucy, Ryan",Ryan Kucy,STB_BON,6.166666667,0
"Kuczik, JP",JP Kuczik,FAI_STA,5.583333333,0
"Kuehl, Dillon",Dillon Kuehl,TRO_TRJ,6,0
"Kufa, Henry",Henry Kufa,SIU_SAL,5.916666667,0
"Kugler, Nate",Nate Kugler,DAR_GRE,6.083333333,0
"Kuhle, Max",Max Kuhle,JMU_DUK,6.083333333,0
"Kuhn, Carson",Carson Kuhn,RIC_OWL,6,0
"Kuhn, Jason",Jason Kuhn,SET_PIR,6,0
"Kuhnke, Camden",Camden Kuhnke,UWM_PAN,6.166666667,0
"Kuhns, Tegan",Tegan Kuhns,TEN_VOL,6.25,0
"Kulik, Marcel",Marcel Kulik,AUB_TIG,6,0
"Kulikowski, Jake",Jake Kulikowski,USF_BUL,5.916666667,0
"Kummer, Andrew",Andrew Kummer,USC_UPS,6.166666667,0
"Kummer, Theo",Theo Kummer,LAM_CAR,5.916666667,0
"Kuntz, Alex",Alex Kuntz,TEN_TEC,6,0
"Kunz, Cade",Cade Kunz,NCB,6.083333333,0
"Kuriger, Brayden",Brayden Kuriger,YSU_PEN,6.083333333,0
"Kurland, Cade",Cade Kurland,FLA_GAT,5.916666667,0
"Kuskie, Darin",Darin Kuskie,OLD_MON,6.25,0
"Kutz, Ryan",Ryan Kutz,LIP_BIS,6.083333333,0
"Kuzniewski, Gavin",Gavin Kuzniewski,OSU_BUC,6,0
"Kvidahl, Erik",Erik Kvidahl,CAL_MUS,6.416666667,0
"Kwasny, Zachary",Zach Kwasny,BAL_CAR,6.416666667,0
"Kwiatkowski, John",John Kwiatkowski,BOC_EAG,6.5,0
"LaBoy, Jorhan",Jorhan LaBoy,ALA_HOR,5.75,0
"LaBuda, Maddex",Maddex Labuda,QUI_BOB,6.166666667,0
"LaBuda, Mason",Mason LaBuda,DAY_FLY,6.333333333,0
"LaChance, Greg",Greg LaChance,JAC_GAM,5.916666667,0
"LaCien, Richie",Richie LaCien,ILL_ILL,6.166666667,0
"LaDuke, Dominic",Dom LaDuke,HIG_PAN,6.083333333,0
"LaFleur, John",John LaFleur,HOL_CRU,5.833333333,0
"LaLima, Jackson",Jackson LaLima,HOU_COU,6.083333333,0
"LaMothe, Christian",Christian LaMothe,STB_BON,6,0
"LaPalm, Bennett",Bennett LaPalm,DUK_BLU,6.083333333,0
"LaPointe, Dylan",Dylan LaPointe,MER_BEA,6.083333333,0
"LaPour, Tommy",Tommy LaPour,TCU_HFG,6.333333333,0
"LaSala, Anthony",Anthony LaSala,PIT_PAN,5.666666667,0
"LaSalle, Donovan",Donovan LaSalle,LOU_CAJ,6.166666667,0
"Labonte, Will",Will Labonte,POR_PIL,5.833333333,0
"Labrusciano, AJ",AJ Labrusciano,RID_BRO,6.166666667,0
"Labuda, Blake",Blake LaBuda,TEX_AGG,5.833333333,0
"Lacava, Jayce",Jayce LaCava,LOU_CAJ,6.083333333,0
"Lachance, Deiten",Deiten Lachance,OKL_SOO,6.416666667,0
"Lachenmayer, Danny",Danny Lachenmayer,LSU_TIG,6.25,0
"Lackey, Vahn",Vahn Lackey,GIT_YEL,6.166666667,0
"Lacoste, Alex",Alex LaCoste,COL_CHA,6.333333333,0
"Lacourciere, Grady",Grady Lacourciere,HOF_PRI,6.166666667,0
"Lacy, Peyton",Peyton Lacy,NIC_COL,6,0
"Ladd, Kobe",Kobe Ladd,MIS_DEL,6.083333333,0
"Ladd, Raymond",Raymond Ladd,RAD_HIG,6.5,0
"Ladehoff, Cade",Cade Ladehoff,MIC_WOL,5.833333333,0
"Ladjevic, David",David Ladjevic,SAN_AZT,6.25,0
"Ladusau, Brady",Brady Ladusau,ABI_WIL,6.083333333,0
"Lafave, Colton",Colton LaFave,SAN_AZT,6.166666667,0
"Lafferty, Austin",Austin Lafferty,AKR_ZIP,5.916666667,0
"Lafferty, Clinton",Clint Lafferty,MIS_DEL,6.083333333,0
"Lafferty, Drew",Drew Lafferty,PIT_PAN,6.083333333,0
"Lafferty, Will",Will Lafferty,WIN_EAG,6,0
"Laffitte, Jack",Jack Laffitte,MIC_WOL,6.166666667,0
"Lafflam, Jack",Jack Lafflam,ARI_WIL,6.5,0
"Lafkas, Joseph",Joe Lafkas,BAL_CAR,6.166666667,0
"Lagoni, Ty",Ty Lagoni,BUC_BIS,6,0
"Laidley, Keaton",Keaton Laidley,CEN_BEA,6.166666667,0
"Laine, Avery",Avery Laine,LOY_LIO,6.416666667,0
"Laird, Alex",Alex Laird,BGS_FAL,6.25,0
"Laird, Brock",Brock Laird,SOU_LIO,5.75,0
"Laird, Caydon",Caydon Laird,SOU_IND16,6.083333333,0
"Lajoie, Josh",Josh Lajoie,QUI_BOB,6,0
"Lally, David",David Lally,MIC_WOL,6.416666667,0
"Lamar, Ryan",Ryan Lamar,ARK_LIO,6.083333333,0
"Lamar, Tommy",Tommy Lamar,LEH_MOU,6,0
"Lamb, Andrew",Andrew Lamb,SOU_TRO,6,0
"Lambdin, Jake",Jake Lambdin,DUK_BLU,5.833333333,0
"Lambert, Brock",Brock Lambert,HBU_HUS,6.333333333,0
"Lambert, Garrett",Garrett Lambert,MER_BEA,6.166666667,0
"Lambert, Luke",Luke Lambert,DEL_BLU,5.75,0
"Lambert, Payton",Payton Lambert,SAN_BRO,6,0
"Lamson, Isaac",Isaac Lamson,PRI_TIG,6,0
"Lancaster, Hazen",Hazen Lancaster,UNC_SPA,6.083333333,0
"Land, Wyatt",Wyatt Land,USC_UPS,6.25,0
"Landaz, Stephan",Stephen Landaz,MIS_DEL,5.75,0
"Landen, Trevor",Trevor Landen,NCB,6.25,0
"Landis, Andrew",Andrew Landis,OAK_GOL,6.083333333,0
"Landrus, Luke",Luke Landrus,ILL_ILL,6.166666667,0
"Landry, Isaiah",Isaiah Landry,SAN_DON,5.75,0
"Landry, Jackson",Jackson Landry,ULM_WAR,6.5,0
"Landry, Simon",Simon Landry,HOL_CRU,5.75,0
"Landsnes, Tommy",Tommy Landsnes,BAL_CAR,6,0
"Landtiser, Colton",Colton Landtiser,OHI_BOB,6.083333333,0
"Landwehr, JT",JT Landwehr,POR_PIL,6.083333333,0
"Lane, Carson",Carson Lane,UNL_REB,6.25,0
"Lane, Connor",Connor Lane,UCO_HUS,6.166666667,0
"Lane, Max",Max Lane,HAR_CRI,6.25,0
"Lanford, Cole",Cole Lanford,OLD_MON,6.333333333,0
"Lang, Dan",Dan Lang,STO_COL,6.25,0
"Lang, Luke",Luke Lang,ION_GAE,6.083333333,0
"Lang, Mason",Mason Lang,SOU_JAC,6.083333333,0
"Lang, Tyler",Tyler Lang,USC_UPS,5.75,0
"Langbehn, Nate",Nate Langbehn,TOL_ROC,6.333333333,0
"Lange, Tannis",Tannis Lange,NOK_NOR,6.25,0
"Langley, Kyle",Kyle Langley,JMU_DUK,6,0
"Langlotz, Brody",Brody Langlotz,BEL_BRU,6.166666667,0
"Lanham, Brody",Brody Lanham,AUS_GOV,6.5,0
"Lanier, Delshaun",Delshaun Lanier,CSD_TRI,5.916666667,0
"Lankie, Jake",Jake Lankie,GIT_YEL,6.166666667,0
"Lanman, Brett",Brett Lanman,ABI_WIL,6.416666667,0
"Lanphere, Drew",Drew Lanphere,NOR_WOL,5.833333333,0
"Lantigua, Manny",Manny Lantigua,FLO_SEM,6,0
"Lanum, Josh",Josh Lanum,UNI_WES,6.166666667,0
"Lanz, Cooper",Cooper Lanz,SAN_BRO,6,0
"Lanzer, Jake",Jake Lanzer,STO_COL,6.333333333,0
"Laracuente, Harold",Harold Laracuente,ARL_MAV,5.833333333,0
"Lardi, Charlie",Charlie Lardi,SIU_SAL,5.833333333,0
"Lareau, Michael",Michael Lareau,BEL_BRU,6.25,0
"Large, Tyler",Tyler Large,WIU_LEA,6.083333333,0
"Larisa, Vaun",Vaun Larisa,MAI_BLA,6.083333333,0
"Lariz, Anthony",Anthony Lariz,UCF_KNI,6.333333333,0
"Larkin, Connor",Connor Larkin,OKL_SOO,6.25,0
"Larkins, Dylan",Dylan Larkins,GEO_HOY,6.333333333,0
"Larranaga, Simon",Simon Larranaga,MCN_COW,6.25,0
"Larsen, Garrett",Garrett Larsen,YAL_BUL,5.75,0
"Larson, Ashton",Ashton Larson,TEX_LON,6.166666667,0
"Larson, Colin",Colin Larson,BOC_EAG,5.75,0
"Larson, Quinn",Quinn Larson,CAL_BEA,6.416666667,0
"Larson, Sam",Sam Larson,TUL_GRE,6.333333333,0
"Larson, Van",Van Larson,LON_DIR,6,0
"Lasher, Cole",Cole Lasher,FGCU,6.25,0
"Lashley, Matthew",Matt Lashley,ECU_PIR,5.916666667,0
"Laskofski, Jamie",Jamie Laskofski,WM_TRI,6,0
"Lastres, Rene",Rene Lastres,FLO_PAN,6.25,0
"Latkowski, RJ",RJ Latkowski,ELO_PHO,6,0
"Lauaki, Naulivou",Naulivou Lauaki,ORE_DUC,6.416666667,0
"Laughlin, Austin",Austin Laughlin,WOF_TER,6.333333333,0
"Lauridsen, Gavin",Gavin Lauridsen,SOU_TRO,6.416666667,0
"Lausch, Jack",Jack Lausch,NOR_CAT,6.166666667,0
"Lavely, Bobby",Bobby Lavely,SPU_PEA,6.083333333,0
"Lavender, Daveyon",Daveyon Lavender,ALA_ANM,5.583333333,0
"Lavey, Robbie",Robbie Lavey,GEO_COL,6.166666667,0
"Laviage, Zac",Zac Laviage,TEX_TIG,5.833333333,0
"Lavigueur, Luc",Luc Lavigueur,RHO_RAM,6.25,0
"Lavin, Luke",Luke Lavin,STA_CAR,6.333333333,0
"Law, Kyle",Kyle Law,NOR_BIS,6.166666667,0
"Lawless, Stone",Stone Lawless,TEN_VOL,6.166666667,0
"Lawley, Chase",Chase Lawley,RIC_SPI,5.833333333,0
"Lawrence, Connor",Connor Lawrence,MAR_RED,5.75,0
"Lawrence, Gardner",Gardner Lawrence,BEL_BRU,6,0
"Lawrence, Jayden",Jayden Lawrence,SOU_JAG,6.166666667,0
"Lawrence, Luke",Luke Lawrence,KEN_WIL,6,0
"Lawrence, Trey",Trey Lawrence,MIZ_TIG,6.25,0
"Lawrence, Will",Will Lawrence,SAM_BUL,6.333333333,0
"Lawson, Brendan",Brendan Lawson,FLA_GAT,6.25,0
"Lawson, John",John Lawson,PRA_PAN,6,0
"Lawson, Max",Max Lawson,LON_LAN,6,0
"Lawson, Nathan",Nate Lawson,WES_HIL,6.083333333,0
"Lax, Chet",Chet Lax,WRI_RAI,5.916666667,0
"Laxa, Kai",kai Laxa,PEP_WAV,5.833333333,0
"Laxton, Graham",Graham Laxton,HBU_HUS,6,0
"Lay, Ethan",Ethan Lay,SAC_HOR,6.25,0
"Laya, Angel",Angel Laya,ORE_DUC,6.25,0
"Layman, James",James Layman,WOF_TER,6,0
"Lazark, Jack",Jack Lazark,SAN_BRO,6.166666667,0
"Lazaro, Daniel",Danny Lazaro,VIR_TEC,5.833333333,0
"LeBlanc, Bryce",Bryce LeBlanc,OKL_COW,6.583333333,0
"LeBlanc, Jacob",Jacob LeBlanc,NOR_DEM,5.75,0
"LeClair, Ryan",Ryan LeClair,STO_COL,5.75,0
"LeCroy, Talmadge",Talmadge LeCroy,SOU_GAM,6.166666667,0
"LeFerve, Bobby",Bobby LeFevre,MAR_RED,6.25,0
"LeFrancois, Jake",Jake LeFrancois,UMASS_RIV,6,0
"LeGrande, Jon",Jon LeGrande,STJ_RED,5.666666667,0
"LeGuernic, Justin",Justin LeGuernic,CLE_TIG,6.333333333,0
"LeMaster, Dane",Dane LeMaster,LIP_BIS,6.083333333,0
"LePage, Tyler",Tyler LePage,ALA_LIO,6,0
"Leach, Finn",Finn Leach,ARI_SUN,6,0
"Leahy, Matthew",Matt Leahy,RID_BRO,5.833333333,0
"Leahy, William",William Leahy,ARM_BLA,5.833333333,0
"Leaman, Cole",Cole Leaman,LEH_MOU,6,0
"Leatherman, Riley",Riley Leatherman,NOR_TAR,6.166666667,0
"Leavitt-McGee, Casey",Casey Leavitt-McGee,CSU_BAK,6.166666667,0
"Lebel, Colin",Colin Lebel,GEO_COL,6.166666667,0
"Leblanc, Gabe",Gabriel LeBlanc,STE_LUM,6,0
"Leblanc, Tyson",Tyson LeBlanc,KAN_JAY,6,0
"Lebron, Derek",Derek Lebron,MUR_RAC,6.083333333,0
"Lebron, Justin",Justin Lebron,ALA_CRI,6.166666667,0
"Leckszas, Kai",Kai Leckszas,GEO_HOY,6,0
"Leduc, Zachary",Zach Leduc,BAL_CAR,6.166666667,0
"Lee, Aidan",Aidan Lee,GRA_CAN,6.416666667,0
"Lee, Cannon",Cannon Lee,UNC_SPA,6,0
"Lee, Dakota",Dakota Lee,SOU_LIO,6.25,0
"Lee, Darryl",Darryl Lee,BET_WIL,5.833333333,0
"Lee, Hudson",Hudson Lee,SOU_GAM,6.333333333,0
"Lee, Jackson",Jackson Lee,LIP_BIS,6,0
"Lee, Jacob",Jacob Lee,VCU_RAM,6.166666667,0
"Lee, Jayce",Jayce Lee,NOT_IRI,6.333333333,0
"Lee, Jehee",Jehee Lee,CAL_MAT,5.833333333,0
"Lee, Joseph",Joseph Lee,SAM_BUL,6.416666667,0
"Lee, Justin",Justin Lee,UCLA,6.25,0
"Lee, Lorcan",Lorcan Lee,UMA_AMH,6.25,0
"Lee, Mason",Mason Lee,BRA_BRA,6.083333333,0
"Lee, Nate",Nate Lee,ARK_LIO,6.083333333,0
"Lee, Oisin",Oisin Lee,NOT_IRI,6.5,0
"Lee, Owen",Owen Lee,TEN_TEC,6,0
"Lee, Peyton",Peyton Lee,ARK_RAZ,6.416666667,0
"Lee, Ryan",Ryan Lee,CAL_AGO,5.916666667,0
"Lee, Trajan",Trajan Lee,GEO_HOY,6.333333333,0
"Leed, Braden",Braden Leed,PEN_NIT,6.25,0
"Lefevers, Matthew",Matthew Lefevers,RAD_HIG,6.166666667,0
"Leffew, Haiden",Haiden Leffew,TEX_LON,6.083333333,0
"Lehman, Connor",Connor Lehman,ALA_CRI,6.166666667,0
"Lehmann, Adam",Adam Lehmann,WMI_BRO,6.333333333,0
"Lehrman, Eli",Eli Lehrman,BRA_BRA,6,0
"Lei, Mason",Mason Lei,UIC_FLA,6.333333333,0
"Leighton, Cal",Cal Leighton,BRA_BRA,6,0
"Leikus, Danny",Danny Leikus,RHO_RAM,6.25,0
"Leininger, Nathan",Nathan Leininger,TOL_ROC,6.416666667,0
"Leis, Sammy",Sammy Leis,GEO_EAG,6.166666667,0
"Leite, Zachary",Zach Leite,OLD_MON,6.166666667,0
"Lejeune-Deacutis, Brady",Brady LeJeune-DeAcutis,UMBC_RET,6.5,0
"Lembo, Nicolas",Nic Lembo,HIG_PAN,6.083333333,0
"Leming, Cody",Cody Leming,MIS_DEL,6.083333333,0
"Lemke, Peter",Peter Lemke,DUK_BLU,6.083333333,0
"Lemke, Simon",Simon Lemke,SAN_AZT,6.083333333,0
"Lemm, Johnny",Johnny Lemm,ALA_CRI,6.25,0
"Lemm, Ryan",Ryan Lemm,UWM_PAN,5.75,0
"Lemon, Austin",Austin Lemon,VIL_WIL,5.916666667,0
"Lenahan, Grady",Grady Lenahan,ECU_PIR,5.833333333,0
"Lenahan, Jake",Jake Lenahan,HOL_CRU,5.916666667,0
"Lender, Tyler",Tyler Lender,ION_GAE,6.166666667,0
"Lenhardt, Brock",Brock Lenhardt,MIS_DEL,5.833333333,0
"Lenius, Ian",Ian Lenius,UTA_UTE,6,0
"Lenski, Andrew",Andrew Lenski,ION_GAE,5.833333333,0
"Leon, Andy",Andy Leon,DUK_BLU,6.083333333,0
"Leon, Kadyn",Kadyn Leon,OKL_SOO,6,0
"Leon, Pedro",Pedro Leon,HOL_CRU,6.166666667,0
"Leon, Preston",Preston Leon,FLO_PAN,5.833333333,0
"Leonard, Brayden",Brayden Leonard,VIL_WIL,5.75,0
"Leonard, Brooks",Brooks Leonard,NOR_DEM,6.083333333,0
"Leonard, Caden",Caden Leonard,KS_GF,6.416666667,0
"Leonard, Reid",Reid Leonard,NEW_PRI,6.083333333,0
"Leonard, Samuel",Sam Leonard,HOF_PRI,5.75,0
"Leopard, Alex",Alex Leopard,CSD_TRI,5.75,0
"Lepine, Andrew",Andrew Lepine,STE_HAT,6.083333333,0
"Lerma, Mason",Mason Lerma,CAL_AGO,5.833333333,0
"Leroux, Brando",Brando Leroux,FAU_OWL,5.583333333,0
"Leroy, Tyler",Tyler LeRoy,CAL_BEA,6.166666667,0
"Leslie, David",David Leslie,PIT_PAN,6.25,0
"Lessman, Jared",Jared Lessman,UIC_FLA,6.166666667,0
"Lethert, Teige",Teige Lethert,VCU_RAM,6.333333333,0
"Letsinger, Lucas",Lucas Letsinger,BEL_KNI,6.25,0
"Lettow, Rohan",Rohan Lettow,SAN_AZT,6.25,0
"Levesque, Alex",Alex Levesque,RAD_HIG,6,0
"Levin, Brody",Brody Levin,NJI_HIG,5.833333333,0
"Levonas, Chris",Chris Levonas,WAK_DEA,6.083333333,0
"Levu, Mulivai",Mulivai Levu,UCLA,6.083333333,0
"Levy, Lou",Lou Levy,BRA_BRA,6.25,0
"Lewandowski, Colin",Colin Lewandowski,THO_M,6,0
"Lewis, Aaron",Aaron Lewis,AUS_GOV,6.166666667,0
"Lewis, Andon",Andon Lewis,UNI_WES,6.166666667,0
"Lewis, Andreaus",Andreaus Lewis,MAN_JAS,5.833333333,0
"Lewis, Bradley",Brad Lewis,BRY_BUL,5.833333333,0
"Lewis, Braxton",Braxton Lewis,TEN_TEC,6.25,0
"Lewis, Chris",Chris Lewis,BUT_BUL,5.833333333,0
"Lewis, Coleman",Coleman Lewis,GIT_YEL,6.083333333,0
"Lewis, Cooper",Cooper Lewis,GEO_PAN,6.166666667,0
"Lewis, Donte",Donte Lewis,KAN_WIL,6,0
"Lewis, Evan",Evan Lewis,DEL_BLU,6.166666667,0
"Lewis, Hayden",Hayden Lewis,UNO_MAV,6,0
"Lewis, Hayden",Hayden Lewis,WAS_HUS,6,0
"Lewis, Henry",Henry Lewis,UMBC_RET,6.166666667,0
"Lewis, Hiram",Hiram Lewis,WOF_TER,6.416666667,0
"Lewis, Jared",Jared Lewis,SAN_DON,5.916666667,0
"Lewis, Jax",Jax Lewis,GEO_EAG,6.083333333,0
"Lewis, Jordan",Jordan Lewis,SAN_DON,5.833333333,0
"Lewis, Kade",Kade Lewis,WAK_DEA,6.166666667,0
"Lewis, Nick",Nick Lewis,WAS_COU,6.083333333,0
"Lewis, Noah",Noah Lewis,LOU_CAJ,6.25,0
"Lewis, Rosnell",Rosnell Lewis,DEL_HOR,5.833333333,0
"Lewis, Sutton",Sutton Lewis,ULM_WAR,6,0
"Lewis, Zamar",Zamar Lewis,ALA_ANM,6.333333333,0
"Leyboldt, Brody",Brody Leyboldt,VCU_RAM,6.083333333,0
"Liao, Ethan",Ethan Liao,GAR_RUN,6.083333333,0
"Libbert, Wil",Wil Libbert,OLE_REB,6.083333333,0
"Libby, McCann",McCann Libby,LOU_BUL,6.083333333,0
"Libed, Nico",Nico Libed,SAN_GAU,5.666666667,0
"Libretto, Vince",Vince Libretto,LAF_LEP,6.166666667,0
"Licciardi, Giovanni",Giovanni Licciardi,SOU_LIO,6,0
"Lichtenauer, Evan",Evan Lichtenauer,OHI_BOB,5.833333333,0
"Lichtenberger, Tyler",Tyler Lichtenberger,CLE_TIG,6,0
"Liddington, Rob",Rob Liddington,TCU_HFG,6.25,0
"Lierman, Liam",Liam Lierman,WAS_HUS,6.083333333,0
"Lietz, Forrest",Forrest Lietz,DAV_WIL,6,0
"Ligenza, Mason",Mason Ligenza,PIT_PAN,6.416666667,0
"Liggett, Carson",Carson Liggett,KAN_WIL,6.166666667,0
"Lim, Joshua",Josh Lim,LOU_CAJ,5.583333333,0
"Limas, Jacob",Jacob Limas,GRA_CAN,6.25,0
"Lina, Dylan",Dylan Lina,LON_DIR,6,0
"Linberg, Will",Will Linberg,CAL_MAT,6.166666667,0
"Lincoln, Clark",Clark Lincoln,FLO_RAT,5.75,0
"Lincoln, Nathan",Nate Lincoln,MAR_RED,5.916666667,0
"Lind, Parker",Parker Lind,KS_GF,6.166666667,0
"Linde, Simon",Simon Linde,BUT_BUL,6.083333333,0
"Linder, Colin",Colin Linder,ARI_SUN,6.333333333,0
"Lindsay, Ian",Ian Lindsay,PRE_BLH,6.083333333,0
"Lindsey, Karson",Karson Lindsey,FLO_RAT,5.916666667,0
"Lindsey, River",River Lindsey,BRA_BRA,6.083333333,0
"Lingle, Daniel",Daniel Lingle,WM_TRI,5.916666667,0
"Link, Kamryn",Kamryn Link,WIU_LEA,6.333333333,0
"Link, Peter",Peter Link,SAC_PIO,6.583333333,0
"Linker, Brody",Brody Linker,PRE_BLH,6.25,0
"Linn, Conner",Conner Linn,IU,6.25,0
"Lintelman, Eric",Eric Lintelman,ELO_PHO,5.833333333,0
"Linteo, Colin",Colin Linteo,STM_GAE,6,0
"Liolios, Trent",Trent Liolios,TUL_GRE,6.333333333,0
"Lippe, Michael",Michael Lippe,MIN_GOL,6.25,0
"Lippman, Hank",Hank Lippman,WM_TRI,6.083333333,0
"Lippman, Sebastian",Sebastian Lippman,FGCU,6.25,0
"Lipsey, Marshall",Marshall Lipsey,FAU_OWL,6.083333333,0
"Lira, Tony",Tony Lira,ARI_WIL,6.166666667,0
"Lirette, Luke",Luke Lirette,SOU_LIO,6,0
"Litman, James",James Litman,FAU_OWL,6.083333333,0
"Little, Branton",Branton Little,WOF_TER,6.333333333,0
"Little, Cody",Cody Little,NOK_NOR,5.916666667,0
"Little, Ernie",Ernie Little,FOR_RAM,5.833333333,0
"Little, Joey",Joey Little,ETS_BUC,6.083333333,0
"Little, Mason",Mason Little,UTM_SKY,6.083333333,0
"Little, Mozell",Mo Little,SOU_LIO,5.833333333,0
"Littledike, Cooper",Cooper Littledike,UTA_WOL,6.25,0
"Littlefield, Dylan",Dylan Littlefield,EKU_COL,5.75,0
"Littleton, Bruce",Bruce Littleton,SOU_GOL,6.166666667,0
"Littrell, Jude",Jude Littrell,GAR_RUN,5.916666667,0
"Lively, Lenox",Lenox Lively,QUN_RYL,6.166666667,0
"Lively, Matthew",Matthew Lively,CIT_BUL,6.166666667,0
"Livingston, Josh",Josh Livingston,TEX_LON,6,0
"Lizama, Ethan",Ethan Lizama,SOU_GAM,6.166666667,0
"Llinas, Alexander",Alexander Llinas,LIP_BIS,6,0
"Lloyd, Jaxon",Jaxon Lloyd,LON_LAN,6.083333333,0
"LoBello, Nick",Nick LoBello,TOW_TIG,5.666666667,0
"LoPinto, Joe",Joe LoPinto,CAN_GRI,6,0
"Loa, Victor",Víctor Loa,UTR_VAQ,5.666666667,0
"Lobell, Blake",Blake Lobell,SOU_LIO,6.166666667,0
"Lobliner, Jayden",Jayden Lobliner,SAN_TOR,5.833333333,0
"Lobs, John",John Lobs,WCC,6.25,0
"Loch, Marshall",Marshall Loch,MAI_BLA,6.25,0
"Lockette, Corie",Corie Lockette,PRA_PAN,6.166666667,0
"Lockhart, Gauge",Gauge Lockhart,SAN_DON,6.333333333,0
"Locurto, Nick",Nick Locurto,VIR_TEC,6,0
"Lodgek, Jake",Jake Lodgek,MIA_HUR,6.083333333,0
"Lodice, Kyan",Kyan Lodice,KAN_WIL,6.25,0
"Lodise, Jordan",Jordan Lodise,UCF_KNI,6,0
"Loeffler, Jacob",Jacob Loeffler,ALA_HOR,6.333333333,0
"Lofgren, Brixton",Brixton Lofgren,MIA_HUR,6.083333333,0
"Logan, Brandon",Brandon Logan,NOT_IRI,6,0
"Logar, Jackson",Jackson Logar,MSU_BDG,6,0
"Lohry, Bradke",Bradke Lohry,USF_BUL,5.666666667,0
"Lohse, Ian",Ian Lohse,MIZ_TIG,6,0
"Loikits, Drew",Drew Loikits,CEN_MIC,6.083333333,0
"Lollin, Harrison",Harrison Lollin,PEN_NIT,6,0
"Lomangino, Joe",Joe Lomangino,UMBC_RET,5.916666667,0
"Lombana, Andrew",Andrew Lombana,DAR_GRE,6.166666667,0
"Lombard, Mason",Mason Lombard,MER_COL1,6.083333333,0
"Lombardi, Aidan",Aidan Lombardi,NMS_AGG,6.083333333,0
"Lombardi, Harrison",Harrison Lombardi,SPU_PEA,5.833333333,0
"Lombardi, Niko",Niko Lombardi,CAL_FUL,5.833333333,0
"Lombardo, Trenton",Trent Lombardo,EVA_ACE,6,0
"Long, Gavin",Gavin Long,DIX_STE,5.833333333,0
"Long, JT",JT Long,DAL_PAT,6.5,0
"Long, Jackson",Jackson Long,CAN_GRI,6,0
"Long, Jake",Jake Long,UTA_UTE,6.25,0
"Long, Ty",Ty Long,SOU_GOL,6,0
"Long, Tyman",Tyman Long,NOR_BIS,6.083333333,0
"Longmeier, Charlie",Charlie Longmeier,EVA_ACE,5.583333333,0
"Longo, Dominic",Dominic Longo,ARI_SUN,6.25,0
"Longo, Joe",Joe Longo,MIC_WOL,6,0
"Longo, Ricco",Ricco Longo,EKU_COL,5.75,0
"Longoria, Adan",Adan Longoria,KAN_WIL,6.333333333,0
"Longoria, Tyler",Ty Longoria,STJ_RED,6,0
"Loosli, Dimond",Dimond Loosli,PEN_NIT,6.083333333,0
"Loper, Bobby",Bobby Loper,MER_COL1,6.333333333,0
"Lopetegui, Ryan",Ryan Lopetegui,SOU_RED,6.166666667,0
"Lopez, Aaden",Aaden Lopez,COP_STA,5.916666667,0
"Lopez, Adrian",Adrian Lopez,SOU_TRO,6.333333333,0
"Lopez, Aidan",Aidan Lopez,GRA_TIG,5.833333333,0
"Lopez, Augie",Augie Lopez,SOU_TRO,6.083333333,0
"Lopez, Christian",Christian Lopez,CSU_BAK,6,0
"Lopez, Daniel",Daniel Lopez,KAN_JAY,6.083333333,0
"Lopez, David",David Lopez,HBU_HUS,6.166666667,0
"Lopez, Eli",Eli Lopez,CAL_FUL,5.75,0
"Lopez, Evan",Evan Lopez,MOR_EAG,6.333333333,0
"Lopez, Jake",Jake Lopez,SET_PIR,6,0
"Lopez, Jayden",Jayden Lopez,JAC_TIG,6.25,0
"Lopez, Jerdy",Jerdy Lopez,LIT_TRO,5.666666667,0
"Lopez, Jonathan",Jonathan Lopez,FAU_OWL,6,0
"Lopez, Jordy",Jordy Lopez,CAL_BEA,5.833333333,0
"Lopez, Jose",Jose Lopez,GRA_CAN,6.083333333,0
"Lopez, Justin",Justin Lopez,FLO_RAT,6,0
"Lopez, Nate",Nate Lopez,SAN_AZT,5.833333333,0
"Lopez, Nathaniel",Nate Lopez,TEX_TIG,5.666666667,0
"Lopez, Nelphie",Nelphie Lopez,STE_HAT,6.083333333,0
"Lopez, Samuel",Samuel Lopez,CAL_LAN,6,0
"Lopez, Sebastian",Sebastian Lopez,SEA_RED,6,0
"Lopez, Sergio",Sergio Lopez,UTR_VAQ,6,0
"Lopez, Tomas",Tomas Lopez,COL_LION,6.25,0
"Lopez, Tracer",Tracer Lopez,TEX_RAI,5.833333333,0
"Lopez, Trent",Trent Lopez,COR_BRE,5.833333333,0
"Lopez, Viggo",Viggo Lopez,MCN_COW,6.083333333,0
"Lorch, Carson",Carson Lorch,TAR_TEX,5.75,0
"Lordi, James",James Lordi,LON_ISL22,6,0
"Lordier, Ryan",Ryan Lordier,MAN_JAS,5.666666667,0
"Loren, Joshua",Josh Loren,NIU_HUS,6.416666667,0
"Lorence, Luke",Luke Lorence,CEN_BEA,6,0
"Lorenzini, Joey",Joey Lorenzini,ARK_RAZ,6.416666667,0
"Lott, Emerson",Emerson Lott,ARK_LIO,6.166666667,0
"Lotz, Titus",Titus Lotz,BGS_FAL,6.083333333,0
"Louck, Brady",Brady Louck,ARI_SUN,5.833333333,0
"Loudon, John",John Loudon,NAV_MID,6,0
"Lougee, Jeff",Jeff Lougee,DUK_BLU,6,0
"Loughlin, Theo",Theo Loughlin,DAV_WIL,6,0
"Louis, Aaron",Aaron Louis,POR_PIL,5.75,0
"Loupe, Collin",Collin Loupe,NEW_PRI,5.75,0
"Louthan, Ethan",Ethan Louthan,NCB,6.333333333,0
"Lovarco, Nick",Nick Lovarco,MON_HAW,5.916666667,0
"Love, James",James Love,EIU_PAN,6.083333333,0
"Love, Nathan",Nathan Love,ORA_GOL,6.166666667,0
"Loving, Bryant",Bryant Loving,ALA_LIO,6.083333333,0
"Lowe, Braden",Braden Lowe,WAG_SEA,6.083333333,0
"Lowe, Jon",Jonny Lowe,TEX_RAI,6.166666667,0
"Lowe, Landon",Landon Lowe,BRA_BRA,5.916666667,0
"Lowe, Logan",Logan Lowe,NCA_BUL,5.666666667,0
"Lowry, Cort",Cort Lowry,TAR_TEX,6.25,0
"Loy, Dylan",Dylan Loy,GIT_YEL,6,0
"Loyal, Cooper",Cooper Loyal,ALB_GRE,6,0
"Lozier, Landen",Landen Lozier,KAN_JAY,5.75,0
"Lucarelli, Christian",Christian Lucarelli,VIR_CAV,6.25,0
"Lucarelli, Michael",Mike Lucarelli,DAY_FLY,6,0
"Lucas, Aden",Aden Lucas,TAR_TEX,6,0
"Lucas, Asher",Asher Lucas,COL_CHA,5.916666667,0
"Lucas, Brock",Brock Lucas,MIS_BEA,6.333333333,0
"Lucas, Jackson",Jackson Lucas,TRO_TRJ,6,0
"Lucas, Jaxon",Jaxon Lucas,LIB_FLA,6.25,0
"Lucas, Preston",Preston Lucas,USC_UPS,6,0
"Lucas, Trevor",Trevor Lucas,UNC_SEA,6,0
"Luccioni, Jose",Jose Luccioni,TEX_TIG,5.916666667,0
"Lucena, Maikol",Maikol Lucena,BET_WIL,5.75,0
"Lucero, Adyn",Adyn Lucero,NAV_MID,6.083333333,0
"Luckett, Logan",Logan Luckett,WES_HIL,6.166666667,0
"Lucky, Jaylon",Jaylon Lucky,SOU_JAG,6.083333333,0
"Luczak, Andrew",Andrew Luczak,PIT_PAN,6.333333333,0
"Ludeiro, Alejandro",Alejandro Ludeiro,LIP_BIS,6.083333333,0
"Ludy, Trey",Trey Ludy,RAD_HIG,6.083333333,0
"Lueck, Reese",Reese Lueck,UNL_REB,6.166666667,0
"Luetzow, Johnny",Johnny Luetzow,SAN_BRO,6,0
"Luft, Riley",Riley Luft,APP_MOU,5.916666667,0
"Lugo, Carlos",Carlos Lugo,CAM_CAM,5.75,0
"Lugo-Canchola, Ernesto",Ernesto Lugo-Canchola,FLA_GAT,6.416666667,0
"Luigs, Matt",Matt Luigs,BRO_BEA,6,0
"Lujo, Rylan",Rylan Lujo,GEO_BUL,6.166666667,0
"Luke, Haden",Haden Luke,NIC_COL,6.166666667,0
"Lumley, Carson",Carson Lumley,BGS_FAL,6.333333333,0
"Lumsden, Ben",Ben Lumsden,WES_MOU,6.25,0
"Luna, Carson",Carson Luna,MIC_WOL,6.083333333,0
"Lund, Ethan",Ethan Lund,OKL_COW,6.5,0
"Lundari, Ryan",Ryan Lundari,SIE_SAI,6.25,0
"Lundquist, Nicholas",Nick Lundquist,STO_COL,6,0
"Lunsford, Colby",Colby Lunsford,LOU_BUL,5.916666667,0
"Luskey, Luke",Luke Luskey,SOU_JAC,5.916666667,0
"Luther, Vincent",Vincent Luther,BIN_BEA,6.333333333,0
"Lutterman, Hudson",Hudson Lutterman,VIR_TEC,5.833333333,0
"Luttrell, Cody",Cody Luttrell,MOR_EAG,6.166666667,0
"Lutz, Jack",Jack Lutz,USF_BUL,5.833333333,0
"Lutz, Travis",Travis Lutz,LAM_CAR,6.333333333,0
"Lutz, Tyler",Tyler Lutz,JMU_DUK,6.166666667,0
"Lux, Jack",Jack Lux,OAK_GOL,5.75,0
"Lux, Jackson",Jackson Lux,MUR_RAC,6.25,0
"Luxem, Keegan",Keegan Luxem,UIC_FLA,6.5,0
"Luzarraga, Max",Max Luzarraga,DAL_PAT,6.166666667,0
"Lyall, Jake",Jake Lyall,LOY_LIO,6.083333333,0
"Lycette, Luke",Luke Lycette,NEW_PRI,6,0
"Lyda, Jackson",Jackson Lyda,WCC,6.166666667,0
"Lyke, Ethan",Ethan Lyke,MUR_RAC,6,0
"Lyles, Zachary",Zach Lyles,WES_HIL,6.166666667,0
"Lyman, John",John Lyman,NIU_HUS,6,0
"Lynch, Colin",Colin Lynch,DAY_FLY,6.25,0
"Lynch, Matthew",Matt Lynch,TOW_TIG,6.083333333,0
"Lynch, Ryan",Ryan Lynch,NOR_TAR,6.333333333,0
"Lynch, Scott",Scott Lynch,SIE_SAI,6.083333333,0
"Lynch, Thomas",Thomas Lynch,PUR_BOI,6.083333333,0
"Lyne, Blayne",Blayne Lyne,UTS_ROA,6.5,0
"Lyne, Tanner",Tanner Lyne,LIP_BIS,5.833333333,0
"Lyon, Alex",Alex Lyon,COL_CHA,6,0
"Lyons, Gavin",Gavin Lyons,TEX_AGG,6.25,0
"Lyons, Kendall",Kendall Lyons,UIC_FLA,6.166666667,0
"Lyons, Trenton",Trenton Lyons,KEN_OWL,6.25,0
"Lysik, Brendan",Brendan Lysik,GAR_RUN,6.416666667,0
"Lyssy, Thomas",Thomas Lyssy,IWC,6.25,0
"MASLO, AUGIE",Augie Maslo,STJ_HAW,5.666666667,0
"MIranda, Evan",Evan Miranda,SAN_AZT,6.166666667,0
"Mabee, Oliver",Oliver Mabee,UNO_MAV,6.5,0
"Mabeus, Burke",Burke-Lee Mabeus,ORE_DUC,6.333333333,0
"Mabrey, Mack",Mack Mabrey,LIP_BIS,6.166666667,0
"Mabry, Will",Will Mabry,NIC_COL,6,0
"MacArthur, Grant",Grant MacArthur,PAC_TIG,6.333333333,0
"MacCauley, Parker",Parker MacCauley,EVA_ACE,6.333333333,0
"MacCutcheon, Brady",Brady MacCutcheon,HOL_CRU,5.833333333,0
"MacDonald, Cort",Cort MacDonald,STA_CAR,6.083333333,0
"MacDougall, Danny",Danny MacDougall,DAY_FLY,6.083333333,0
"MacDougall, Ryan",Ryan MacDougall,DAY_FLY,6.083333333,0
"MacIntosh, Jack",Jack MacIntosh,SIU_SAL,6.416666667,0
"Machej, Eric",Eric Machej,ILL_RED,6.166666667,0
"Mack, Landon",Landon Mack,TEN_VOL,6.083333333,0
"Mackey, Cayden",Cayden Mackey,USC_UPS,6.416666667,0
"Mackowiak, Garrett",Garrett Mackowiak,CAL_BEA,5.75,0
"Maclaughlin, Sam",Sam Maclaughlin,MIS_BEA,6.083333333,0
"Macleod, Cam",Cam MacLeod,WAS_COU,5.916666667,0
"Macon, Tyler",Tyler Macon,MIZ_TIG,5.916666667,0
"Madden, Griffin",Griffin Madden,JMU_DUK,6.25,0
"Maddox, Jake",Jake Maddox,BEL_BRU,6.416666667,0
"Madigan III, Michael",Michael Madigan,GEO_PAT,6,0
"Madison, Ty",Ty Madison,SOU_JAC,6.166666667,0
"Madliak, Bear",Bear Madliak,KAN_WIL,5.833333333,0
"Madsen, Mays",Mays Madsen,DIX_STE,5.75,0
"Mager, Kyle",Kyle Mager,SIU_SAL,6.333333333,0
"Magers, Wilson",Wilson Magers,CRE_BLU,6.166666667,0
"Maggio, Mike",Michael Maggio,ALB_GRE,5.833333333,0
"Maggy, Ryan",Ryan Maggy,WES_MOU,6.083333333,0
"Magill, Carson",Carson Magill,STJ_HAW,5.916666667,0
"Magill, Spike",Spike Magill,EVA_ACE,5.916666667,0
"Maginnis, Michael",Michael Maginnis,NOR_TAR,6.083333333,0
"Maginnis, Wills",Wills Maginnis,GEO_PAN,6.25,0
"Magoulick, Charley",Charley Magoulick,RID_BRO,6.333333333,0
"Magpoc, Adam",Adam Magpoc,SAN_AZT,5.75,0
"Mahala, Will",Will Mahala,VIR_CAV,6.166666667,0
"Mahan, Keaton",Keaton Mahan,LIP_BIS,6.166666667,0
"Maher, Quinn",Quinn Maher,VCU_RAM,6.166666667,0
"Maher, Thomas",Thomas Maher,CSD_TRI,5.833333333,0
"Mahoney, Bobby",Bobby Mahoney,CAL_FUL,6.25,0
"Mahoney, Tom",Tom Mahoney,NOR_HUS,6.166666667,0
"Mainolfi, Ty",Ty Mainolfi,BOC_EAG,6.166666667,0
"Mainord, Matthew",Matthew Mainord,ORA_GOL,5.916666667,0
"Maiorano, Ryan",Ryan Maiorano,FAI_STA,6.083333333,0
"Maisonet, Eric",Eric Maisonet,MIZ_TIG,5.916666667,0
"Majerus, Landon",Landon Majerus,THO_M,6,0
"Majette, Trey",Trey Majette,JAC_GAM,6.166666667,0
"Maksimow, Wesley",Wesley Maksimow,LAF_LEP,6,0
"Malamazian, Cooper",Cooper Malamazian,IU,6.166666667,0
"Malbrough, Quincy",Quincy Malbrough,PUR_BOI,6,0
"Maldonado, Chris",Chris Maldonado,VAN_COM,6.083333333,0
"Malec, Jack",Jack Malec,MER_UNI,6.333333333,0
"Malecha, Peyton",Peyton Malecha,DAY_FLY,6.416666667,0
"Malki, Michael",Michael Malki,CAL_LAN,6,0
"Mallard, Logan",Logan Mallard,NIC_COL,5.833333333,0
"Mallo, Cameron",Cam Mallo,PRE_BLH,5.833333333,0
"Mally, Tanner",Tanner Mally,WMI_BRO,5.916666667,0
"Malone, John",John Malone,SAM_BUL,6.083333333,0
"Malone, Noah",Noah Malone,LOY_LIO,6.083333333,0
"Maloney, Colin",Colin Maloney,RHO_RAM,5.916666667,0
"Maloney, Collin",Collin Maloney,ASU_RED,6.25,0
"Maloney, Evan",Evan Maloney,RHO_RAM,6.333333333,0
"Maloney, Matt",Matt Maloney,WMI_BRO,6,0
"Maloney, Mike",Michael Maloney,WMI_BRO,5.833333333,0
"Malpass, Aden",Aden Malpass,ALA_HOR,5.916666667,0
"Maltacea, Luke",Luke Maltacea,GEO_COL,5.75,0
"Malvasio, Zachary",Zachary Malvasio,UCF_KNI,6.166666667,0
"Manale, Ryder",Ryder Manale,SEA_RED,6,0
"Manarchuck, Jerome",JB Manarchuck,MSM_MTN,6.333333333,0
"Manca, Payton",Payton Manca,FLO_SEM,6.5,0
"Mancini, Mike",Mike Mancini,VAN_COM,5.916666667,0
"Mancino, Pauly",Pauly Mancino,BGS_FAL,5.916666667,0
"Mandino, Maddox",Maddox Mandino,LOU_CAJ,5.75,0
"Manent, Alexander",Alex Manent,SPU_PEA,6,0
"Mangiamele, Leo",Leo Mangiamele,NAV_MID,6.333333333,0
"Mangrum, Grant",Grant Mangrum,OSU_BUC,6.166666667,0
"Manias, Aaron",Aaron Manias,PUR_BOI,6.166666667,0
"Manjooran, Matthew",Matthew Manjooran,DAV_WIL,6,0
"Manley, Matt",Matt Manley,GAR_RUN,6.083333333,0
"Manley, Nathan",Nate Manley,WRI_RAI,5.666666667,0
"Mann, Brandon",Brandon Mann,MIC_WOL,6.25,0
"Mann, Skywalker",Skywalker Mann,ALA_HOR,5.75,0
"Mannell, Kevin",Kevin Mannell,NEB,6.333333333,0
"Mannelly, Andrew",Andrew Mannelly,WOF_TER,6,0
"Manning, Andrew",Andrew Manning,NAV_MID,6,0
"Manning, Hunter",Hunter Manning,CAL_ANT,6.416666667,0
"Manning, Jackson",Jackson Manning,ILL_RED,6.166666667,0
"Manning, LJ",LJ Manning,UNL_REB,6.25,0
"Manning, Lucas",Lucas Manning,WOF_TER,5.916666667,0
"Mannino, Luca",Luca Mannino,SBU_SEA,6,0
"Mannis, Baron",Baron Mannis,ABI_WIL,6.083333333,0
"Manship, Kyle",Kyle Manship,ILL_RED,6.166666667,0
"Mansour, Rob",Rob Mansour,STJ_RED,6,0
"Mansy, Luke",Luke Mansy,MEX_LOB,5.833333333,0
"Mante, Shaun",Shaun Mante,GRA_TIG,5.833333333,0
"Manuel, Cole",Cole Manuel,ASU_RED,6,0
"Manuel, Truitt",Truitt Manuel,NOR_WOL,6.166666667,0
"Manwaring, Hudson",Hudson Manwaring,DIX_STE,6.083333333,0
"Manzo, Tommy",Tommy Manzo,SET_PIR,6.166666667,0
"Marble, Andrew",Andrew Marble,SAM_BUL,5.833333333,0
"Marcantel, Charlie",Charlie Marcantel,QUN_RYL,5.75,0
"Marcello, Andrew",Andrew Marcello,CAN_GRI,5.833333333,0
"Marcellus, Chris",Chris Marcellus,GRA_TIG,5.75,0
"Marchesano, Jake",Jake Marchesano,DEL_BLU,6.166666667,0
"Marchetti, AJ",AJ Marchetti,TEN_TEC,6,0
"Marchetti, Landon",Landon Marchetti,SAN_SPA,5.916666667,0
"Marciano, Jake",Jake Marciano,AUB_TIG,6.25,0
"Marcotte, Riley",Riley Marcotte,NEW_PRI,6.166666667,0
"Marcum, Caden",Caden Marcum,OSU_BUC,6.5,0
"Marcy, Will",Will Marcy,KEN_WIL,6.25,0
"Mardis, Nick",Nick Mardis,OAK_GOL,6.083333333,0
"Marek, Tanner",Tanner Marek,TEX_TIG,6,0
"Marenghi, Will",Will Marenghi,DAV_WIL,6.083333333,0
"Marian, Jordan",Jordan Marian,SAN_GAU,6,0
"Mariano, Jose",Jose Mariano,ELO_PHO,6.083333333,0
"Mariano, Matthew",Matthew Mariano,ALB_GRE,6,0
"Mariano, Tre",Tre Mariano,ALB_GRE,6.5,0
"Mariano, Tye",Tye Mariano,ALB_GRE,6.333333333,0
"Marichal, Rudy",Rudy Marichal,FLO_PAN,5.916666667,0
"Marien, Wesley",Wesley Marien,NOR_DEM,6.25,0
"Marin, Manny",Manny Marin,TEN_VOL,6.083333333,0
"Marini, Joe",Joe Marini,SET_PIR,6.25,0
"Marino, James",James Marino,QUI_BOB,6.25,0
"Marion, Charlie",Charlie Marion,UWM_PAN,6,0
"Marionneaux, Dylan",Dylan Marionneaux,NOR_DEM,6.25,0
"Marisca, Charlie",Charlie Marisca,SOU_IND16,6.166666667,0
"Markey, Tommy",Tommy Markey,FOR_RAM,5.916666667,0
"Markham, Cooper",Cooper Markham,ORE_DUC,6.25,0
"Markham, Houston",Houston Markham,TRO_TRJ,5.916666667,0
"Markle, Drew",Drew Markle,LOU_CAJ,6.416666667,0
"Marks, Brad",Brad Marks,GEO_COL,6,0
"Marks, Brayden",Brayden Marks,NOR_BIS,6.5,0
"Marks, Caleb",Caleb Marks,APP_MOU,6.083333333,0
"Markwardt, Ryan",Ryan Markwardt,TEX_BOB,6,0
"Marland, Tate",Tate Marland,BEL_BRU,6,0
"Marlatt, Parker",Parker Marlatt,SOU_GAM,5.916666667,0
"Marley, Gavin",Gavin Marley,ECU_PIR,6,0
"Marmo, Greg",Greg Marmo,GEO_COL,6,0
"Marnell, Anthony",Anthony Marnell,SAN_AZT,6.25,0
"Marohn, Ryan",Ryan Marohn,NOR_WOL,6.166666667,0
"Marose, Doug",Doug Marose,DEL_BLU,6.416666667,0
"Marot, Alex",Alex Marot,CHA_BUC,6.25,0
"Marquis, Andrew",Andrew Marquis,WAG_SEA,5.833333333,0
"Marroquin, Mikey",Michael Marroquin,PRE_BLH,6,0
"Marsala III, Thomas",Thomas Marsala,NOR_DEM,6.25,0
"Marsala, Thomas",Thomas Marsala,NOR_DEM,6.25,0
"Marsh, Bobby",Bobby Marsh,DUK_BLU,6.25,0
"Marsh, Carson",Carson Marsh,CIN_BEA,5.833333333,0
"Marsh, Owen",Owen Marsh,BEL_BRU,6.333333333,0
"Marsh, Quinten",Quinten Marsh,STA_CAR,6.166666667,0
"Marsh, Remy",Remy Marsh,HBU_HUS,6.25,0
"Marsh, Tanner",Tanner Marsh,LIB_FLA,5.833333333,0
"Marsh, Tatum",Tatum Marsh,STA_CAR,6.083333333,0
"Marshall, Brady",Brady Marshall,KS_GF,5.916666667,0
"Marshall, Everett",Eddie Marshall,SAM_BUL,6.083333333,0
"Marshall, Jackson",Jackson Marshall,UCO_HUS,6.666666667,0
"Marshall, Jonah",Jonah Marshall,DIX_STE,6.166666667,0
"Marshall, Nathan",Nate Marshall,EIU_PAN,6.25,0
"Marshburn, Connor",Connor Marshburn,UNC_SEA,6.5,0
"Marsolek, Owen",Owen Marsolek,THO_M,6.083333333,0
"Marsten, Duncan",Duncan Marsten,WAK_DEA,6.25,0
"Martel, Olivier",Olivier Martel,ILL_ILL,5.833333333,0
"Marthiljohni, Ty",Ty Marthiljohni,SAM_BEA,6,0
"Martin Romero, Luis",Luis Martin Romero,STM_GAE,5.916666667,0
"Martin, AJ",A.J. Martin,LOU_CAR,5.833333333,0
"Martin, Brayden",Brayden Martin,MAR_TER,5.833333333,0
"Martin, Cade",Cade Martin,LIT_TRO,6,0
"Martin, Drew",Drew Martin,SAC_PIO,5.833333333,0
"Martin, Jameson",Jameson Martin,MIN_GOL,5.833333333,0
"Martin, Jarrett",Jarrett Martin,CAM_CAM,6.25,0
"Martin, Jevarra",Jevarra Martin,LIP_BIS,6.5,0
"Martin, Jordan",Jordan Martin,ARK_RAZ,6.5,0
"Martin, Joseph",Joseph Martin,SOU_COU,6.083333333,0
"Martin, Landon",Landon Martin,CAL_FUL,6.333333333,0
"Martin, Marcus",Marcus Martin,HIG_PAN,5.75,0
"Martin, Parker",Parker Martin,SOU_IND16,5.833333333,0
"Martin, Roman",Roman Martin,UCLA,6.166666667,0
"Martin, Russ",Russ Martin,LIT_TRO,6,0
"Martin, Ryan",Ryan Martin,DAL_PAT,5.833333333,0
"Martin, Shannon",Shannon Martin,GRA_TIG,5.833333333,0
"Martin, Tommy",Tommy Martin,MAI_BLA,6.333333333,0
"Martin, Zac",Zac Martin,CAM_CAM,6.333333333,0
"Martinez II, Matthew",Matthew Martinez,HIG_PAN,5.916666667,0
"Martinez, Anthony",Anthony Martinez,BRA_BRA,6.083333333,0
"Martinez, Bryan",Bryan Martinez,DIX_STE,5.916666667,0
"Martinez, Cade",Cade Martinez,LIN_UNI,5.916666667,0
"Martinez, Cade",Cade Martinez,SAN_TOR,6,0
"Martinez, Carlos",Carlos Martinez,HOF_PRI,6.166666667,0
"Martinez, Carlos",Carlos Martinez,UMASS_RIV,6.083333333,0
"Martinez, Christian",Christian Martinez,SBU_SEA,5.833333333,0
"Martinez, Derek",Derek Martinez,ASU_RED,6.333333333,0
"Martinez, Jace",Jace Martinez,SAM_BEA,6.083333333,0
"Martinez, Jeremy",Jeremy Martinez,IND_SYC,5.916666667,0
"Martinez, John",John Martinez,FAU_OWL,5.916666667,0
"Martinez, Josh",Josh Martinez,UNC_SEA,5.833333333,0
"Martinez, Joshua",Joshua Martinez,CAL_HIG,6.083333333,0
"Martinez, Matthew",Matthew Martinez,ARI_WIL,5.916666667,0
"Martinez, Maximo",Maximo Martinez,SOU_TRO,6,0
"Martinez, Nathan",Nathan Martinez,CHA_BUC,6.166666667,0
"Martinez, Ryan",Ryan Martinez,DIX_STE,6.25,0
"Martinez, Sean",Sean Martinez,BOC_EAG,6,0
"Martinez, Trevian",Trevian Martinez,CSD_TRI,6,0
"Martino, Brayden",Brayden Martino,QUN_RYL,6.166666667,0
"Marton, Kurt",Kurt Marton,SAC_HOR,6.166666667,0
"Marx, Brayden",Brayden Marx,BYU_COU,6,0
"Mascaro, Nick",Nick Mascaro,CSU_BAK,6.25,0
"Mascuilli, Anthony",Anthony Mascuilli,UMBC_RET,5.666666667,0
"Masick, Jason",Jason Masick,RUT_SCA,6.166666667,0
"Mask, Gavin",Gavin Mask,UNI_WES,6.166666667,0
"Maslo, Augie",Augie Maslo,STJ_HAW,5.666666667,0
"Mason, Alex",Alex Mason,GEO_EAG,6.333333333,0
"Mason, Caden",Caden Mason,PRE_BLH,6,0
"Mason, Mikelle",Mikelle Mason,TEX_TIG,6.166666667,0
"Masonis, Clay",Clay Masonis,UNC_SEA,6.083333333,0
"Masse, Rowan",Rowan Masse,UMASS_RIV,6.083333333,0
"Massey, DJ",DJ Massey,UTA_WOL,5.666666667,0
"Massey, Noah",Noah Massey,NMS_AGG,6.083333333,0
"Mastalski, Ivan",Ivan Mastalski,IU,6.333333333,0
"Masteralexis, Justin",Justin Masteralexis,UMA_AMH,6.083333333,0
"Masters, Dillon",Dillon Masters,OHI_BOB,6.25,0
"Mastroianni, Marcello",Marcello Mastroianni,DUK_BLU,6.25,0
"Mastros, Graham",Graham Mastros,ILL_RED,6.25,0
"Mata'afa-Alferos, Malosi",Malosi Mata'Afa-Alferos,ORE_DUC,5.916666667,0
"Mata, Saul",Saul Mata,ION_GAE,5.833333333,0
"Mateffy, Dan",Dan Mateffy,HOL_CRU,6.333333333,0
"Matela, Bailey",Bailey Matela,OLD_MON,6.416666667,0
"Mateo, Anthony",Anthony Mateo,ALA_ANM,6.166666667,0
"Mathay, Tommy",Tommy Mathay,QUN_RYL,5.833333333,0
"Mathews, Duncan",Duncan Mathews,SAL_JAG,5.75,0
"Mathias, Garrett",Garrett Mathias,BUC_BIS,5.916666667,0
"Mathison, Gabe",Gabe Mathison,AKR_ZIP,6.083333333,0
"Matias, Andres",Andres Matias,AUS_GOV,6.166666667,0
"Matlock, Luke",Luke Matlock,ETS_BUC,6,0
"Matoush, Nathan",Nathan Matoush,DAR_GRE,6.25,0
"Matranga, Austin",Austin Matranga,GRA_CAN,5.583333333,0
"Matson, Nick",Nick Matson,LON_ISL22,5.916666667,0
"Matson, Sax",Sax Matson,SOU_TRO,6.166666667,0
"Matsuzaki, Lee",Lee Matsuzaki,NEV_WOL,5.75,0
"Matthews, Caleb",Caleb Matthews,HBU_HUS,5.833333333,0
"Matthews, Camden",Camden Matthews,ALA_HOR,6.25,0
"Matthews, Luke",Luke Matthews,KS_GF,5.916666667,0
"Matthews, Peyton",Payton Matthews,MAN_JAS,5.916666667,0
"Matthews, Trieg",Trieg Matthews,AKR_ZIP,6.333333333,0
"Matthijs, Matthew",Matthew Matthijs,NOR_TAR,6.166666667,0
"Mattison, Connor",Connor Mattison,KEN_WIL,6.166666667,0
"Mattix, Adison",Adison Mattix,AKR_ZIP,6.25,0
"Mattox, Drew",Drew Mattox,TEN_TEC,6.416666667,0
"Mattox, Hudson",Hudson Mattox,NIC_COL,6.25,0
"Matuschat, Bryan",Bryan Matuschat,SAC_PIO,6.333333333,0
"Maulik, Matthew",Matthew Maulik,THO_M,6,0
"Mault, Kai",Kai Mault,CAL_AGO,6,0
"Maurer, Kevin",Kevin Maurer,NAV_MID,5.75,0
"Mauro, Dominic",Dominic Mauro,CIN_BEA,6.083333333,0
"Mauzy, Davis",Davis Mauzy,ULM_WAR,6.25,0
"Mawhinney, Josh",Josh Mawhinney,UTA_WOL,6.333333333,0
"Maxcey, Dylan",Dylan Maxcey,HOU_COU,5.75,0
"Maxwell, Hadley",Hadley Maxwell,BUC_BIS,6.25,0
"Maxwell, Macade",Macade Maxwell,HOL_CRU,6.166666667,0
"May, Ian",Ian May,UCLA,6.166666667,0
"May, Jacob",Jacob May,CSU_BAK,6,0
"May, Randen",Randen May,UMA_AMH,5.583333333,0
"Maya, Gabe",Gabe Maya,PEP_WAV,6.166666667,0
"Mayer, Brock",Brock Mayer,CAL_FUL,6,0
"Mayer, Dylan",Dylan Mayer,MAN_JAS,6.25,0
"Mayfield, Carson",Carson Mayfield,COR_BRE,6.416666667,0
"Mayhugh, Michael",Mike Mayhugh,MAR_RED,6,0
"Maynard, Jace",Jace Maynard,TEX_TIG,6.083333333,0
"Mazey, Weston",Weston Mazey,WES_MOU,5.666666667,0
"Mazoch, Zach",Zach Mazoch,ARL_MAV,6,0
"Mazon, Trace",Trace Mazon,COA_CHA,6,0
"Mazza, Joe",Joe Mazza,RUT_SCA,6.25,0
"Mazza, Steven",Steven Mazza,MAR_RED,6.083333333,0
"Mazzacano, Brayden",Brayden Mazzacano,ILL_ILL,6.166666667,0
"Mazzara, Victor",Victor Mazzara,ALB_GRE,5.916666667,0
"Mazzotta, Nick",Nick Mazzotta,WAG_SEA,6,0
"McAfee, Xander",Xander McAfee,ARL_MAV,6.333333333,0
"McAlinden, Shane",Shane McAlinden,CSU_BAK,6,0
"McAliney, Daniel",Dan McAliney,BIN_BEA,6.416666667,0
"McAllister, Levi",Levi McAllister,ALB_GRE,5.75,0
"McAloose, Michael",Michael McAloose,NOR_DEM,6,0
"McAndrews, Thomas",Tommy McAndrews,FOR_RAM,6.166666667,0
"McAnelly, Colter",Colter McAnelly,UTA_UTE,6.333333333,0
"McArthur, Maddon",Maddon McArthur,HOF_PRI,6.416666667,0
"McAskie, Aidan",Aidan McAskie,PIT_PAN,6.333333333,0
"McAuliff, Daniel",Daniel McAuliff,PIT_PAN,6.25,0
"McBean, Alito",Alito McBean,SAN_AZT,6.166666667,0
"McBurney, Calvin",Cal McBurney,BRO_BEA,6.083333333,0
"McCabe, Connor",Connor McCabe,PEN_QUA,6.166666667,0
"McCabe, Sean",Sean McCabe,COL_CHA,6.166666667,0
"McCain, Bryce",Bryce McCain,AUS_GOV,6.083333333,0
"McCaleb, Carson",Carson McCaleb,TOL_ROC,5.833333333,0
"McCaleb, Connor",Connor McCaleb,NOR_BIS,6.083333333,0
"McCalla, Dean",Dean McCalla,UTM_SKY,6.25,0
"McCarley, Derek",Derek McCarley,ETS_BUC,5.833333333,0
"McCarroll, Ryan",Ryan McCarroll,NOR_HUS,6.333333333,0
"McCarron, Duke",Duke McCarron,STJ_HAW,6,0
"McCarter, Jake",Jake McCarter,HIG_PAN,6,0
"McCarthy, Dylan",Dylan McCarthy,WM_TRI,6.583333333,0
"McCarthy, Evan",Evan McCarthy,SOU_IND16,5.916666667,0
"McCarthy, Jack",Jack McCarthy,GEO_PAT,6.166666667,0
"McCarthy, Reece",Reece McCarthy,UMA_AMH,5.833333333,0
"McCaslin, Connor",Connor McCaslin,UTM_SKY,6.25,0
"McChesney, Crew",Crew McChesney,BYU_COU,6,0
"McCladdie, Tryston",Tryston McCladdie,CLE_TIG,5.916666667,0
"McClaskey, Mickey",Mickey McClaskey,GON_BUL,6.25,0
"McClellan, Maximus",Max McClellan,CRE_BLU,6.583333333,0
"McClenty, Issac",Isaac McClenty,JAC_TIG,6.25,0
"McClintock, Josh",Josh McClintock,WIU_LEA,6,0
"McCloud, Cage",Cage McCloud,TAR_TEX,6.083333333,0
"McCloud, Slade",Slade McCloud,TAR_TEX,6,0
"McClure, Jake",Jake McClure,LIT_TRO,5.75,0
"McCollum, Grayson",Grayson McCollum,KEN_OWL,6,0
"McCommons, Mac",Mac McCommons,NAV_MID,6,0
"McConachie, Kyle",Kyle McConachie,AKR_ZIP,5.833333333,0
"McConnell, Drew",Drew McConnell,EVA_ACE,6,0
"McCormack, Chris",Chris McCormack,EVA_ACE,6.166666667,0
"McCormick, Colin",Colin McCormick,BRA_BRA,6.083333333,0
"McCown, Gage",Gage McCown,CAL_MAT,6,0
"McCoy, Carson",Carson McCoy,LON_LAN,5.833333333,0
"McCoy, Casey",Casey McCoy,LOU_BUL,6,0
"McCoy, Jackson",Jackson McCoy,MUR_RAC,6.25,0
"McCoy, Jake",Jake McCoy,SAN_SPA,6.166666667,0
"McCoy, James",James McCoy,GEO_EAG,6.333333333,0
"McCraine, Brandon",Brandon McCraine,AUB_TIG,6.25,0
"McCraine, Mason",Mason McCraine,AUB_TIG,6.583333333,0
"McCranie, Alex",Alex McCranie,TOL_ROC,6,0
"McCraray, Max",Max McCraray,HOU_COU,6.166666667,0
"McCrary, Max",Max McCrary,MSM_MTN,6.25,0
"McCubbin, Ian",Ian McCubbin,MOR_EAG,6.166666667,0
"McCue, Mason",Mason McCue,EVA_ACE,5.833333333,0
"McCulley, Carter",Carter McCulley,FLO_SEM,6.416666667,0
"McCullough, Matthew",Matthew McCullough,TAR_TEX,6.666666667,0
"McCullough, Patrick",Patrick McCullough,UNI_WES,6,0
"McCullough, Will",Will McCullough,DAV_WIL,5.916666667,0
"McCusker, Joshua",Josh McCusker,LIB_FLA,6.083333333,0
"McDade, Cash",Cash McDade,BAY_BEA,5.916666667,0
"McDaniel, Kyle",Kyle McDaniel,DIX_STE,5.833333333,0
"McDaniel, Mason",Mason McDaniel,PRE_BLH,6.333333333,0
"McDaniels, Parker",Parker McDaniels,CIN_BEA,6.083333333,0
"McDevitt, Brady",Brady McDevitt,UNI_WES,5.916666667,0
"McDevitt, Josh",Josh McDevitt,MIZ_TIG,6.166666667,0
"McDonald, Caden",Caden McDonald,FLA_GAT,6.25,0
"McDonald, Maddox",Maddox McDonald,PEN_NIT,6.083333333,0
"McDonald, Parker",Parker McDonald,SAM_BUL,5.833333333,0
"McDonnough, Brooks",Brooks McDonnough,BEL_BRU,6.25,0
"McDonough, Bobby",Bobby McDonough,UMA_AMH,6.25,0
"McDougal, Ben",Ben McDougal,WES_MOU,6.416666667,0
"McDougall, Maddox",Maddox McDougall,JAC_GAM,6,0
"McDowell, Drew",Drew McDowell,SOU_JAC,6.166666667,0
"McDowell, Kendall",Kendall McDowell,QUN_RYL,5.833333333,0
"McDuffie, Reece",Reece McDuffie,TEN_TEC,5.916666667,0
"McDuffie, Shamaar",Shamaar McDuffie,KEN_OWL,5.833333333,0
"McDuffie, Walker",Walker McDuffie,NOR_TAR,6,0
"McEachron, Devyn",Devyn McEachron,MER_BEA,6.083333333,0
"McElfatrick, Owen",Owen McElfatrick,NOR_CAT,6,0
"McElvain, Ethan",Ethan McElvain,ARK_RAZ,6.333333333,0
"McElyea, Blake",Blake McElyea,JMU_DUK,6.666666667,0
"McEntire, Carson",Carson McEntire,ARI_WIL,6.083333333,0
"McFaddin, Caldwell",Caldwell McFaddin,BAY_BEA,6.083333333,0
"McFeely, Bryce",Bryce McFeely,CAL_LAN,6.083333333,0
"McGahan, Shea",Shea McGahan,KAN_WIL,6,0
"McGarrh, Cade",Cade McGarrh,ABI_WIL,6.25,0
"McGary, Ky",Ky McGary,ARI_SUN,5.916666667,0
"McGee, James",James McGee,KEN_OWL,6,0
"McGee, Sean",Sean McGee,STO_COL,6.083333333,0
"McGinnis, Coleman",Coleman McGinnis,NCA_BUL,6.083333333,0
"McGlon, Patrick",Patrick McGlon,UAB_BLA,6.333333333,0
"McGlone, Max",Max McGlone,ARM_BLA,6,0
"McGorman, Anson",Anson McGorman,UTA_UTE,6.166666667,0
"McGowan, Drew",Drew McGowan,MAR_RED,5.75,0
"McGrath, Luke",Luke McGrath,JMU_DUK,6.166666667,0
"McGrath, Sean",Sean McGrath,CAL_MUS,6.083333333,0
"McGraw, Ty",Ty McGraw,TRO_TRJ,6.25,0
"McGregor, Tristan",Tristan McGregor,PRE_BLH,6.25,0
"McGrew, EJ",EJ McGrew,SAN_SPA,6.166666667,0
"McGuire, Grant",Grant McGuire,WIN_EAG,6.083333333,0
"McGuire, Tate",Tate McGuire,ARK_RAZ,6.25,0
"McGuire, Tommy",Tommy McGuire,GRA_CAN,6.416666667,0
"McGurk, Matt",Matt McGurk,LON_ISL22,6.333333333,0
"McGwire, Max",Max McGwire,SLU_BILL,6.25,0
"McHarg, Payton",Payton McHarg,ILL_RED,5.916666667,0
"McHugh, Chris",Chris McHugh,NOR_WOL,6.25,0
"McHugh, Nate",Nate McHugh,CRE_BLU,5.833333333,0
"McHugh, Ryan",Ryan McHugh,HAR_CRI,6,0
"McIntosh, Lawson",Lawson McIntosh,SIE_SAI,6.25,0
"McKay, Curtis",Curtis McKay,NIA_EAG,6.25,0
"McKay, Gus",Gus McKay,IWC,6,0
"McKay, Ryan",Ryan McKay,MIC_SPA,5.833333333,0
"McKee, Tate",Tate McKee,GIT_YEL,6.25,0
"McKelvey, Adam",Adam McKelvey,GIT_YEL,6.25,0
"McKelvey, Grayson",Grayson McKelvey,ABI_WIL,6.083333333,0
"McKenna, Cole",Cole McKenna,OLD_MON,6.083333333,0
"McKenna, Floyd",Floyd McKenna,AKR_ZIP,5.916666667,0
"McKenzie, Cooper",Cooper McKenzie,BGS_FAL,6.333333333,0
"McKenzie, Jackson",Jackson McKenzie,FLO_RAT,6.166666667,0
"McKenzie, Jacob",Jacob McKenzie,SIU_SAL,5.916666667,0
"McKenzie, Patrick",Pat McKenzie,VIL_WIL,6,0
"McKeon, Chris",Chris McKeon,SIE_SAI,6.333333333,0
"McKernan, Kyle",Kyle McKernan,LAF_LEP,6,0
"McKillop, John",John McKillop,ARM_BLA,6.25,0
"McKillop, Liam",Liam McKillop,ILL_ILL,6.083333333,0
"McKinley, Brendan",Brendan McKinley,ULM_WAR,6.083333333,0
"McKinley, Kenny",Kenny McKinley,MTSU_BLU,6.25,0
"McKinney, Collin",Collin McKinney,ARI_WIL,6.416666667,0
"McKinney, Holden",Holden McKinney,JMU_DUK,5.916666667,0
"McKinney, Liam",Liam McKinney,SLU_BILL,6.25,0
"McKinnon, Brett",Brett McKinnon,MER_COL1,5.833333333,0
"McKinstry, Nolan",Nolan McKinstry,KEN_OWL,6.083333333,0
"McKinstry, Tyler",Ty McKinstry,WMI_BRO,6,0
"McKnight, Bryce",Bryce McKnight,SAN_AZT,6.083333333,0
"McLaughlin, Joey",Joey McLaughlin,ASU_RED,6.083333333,0
"McLaughlin, Ryan",Ryan McLaughlin,DEL_BLU,6.166666667,0
"McLaurin, Xander",Xander McLaurin,CAL_MUS,6,0
"McLeese, Troy",Troy McLeese,ARK_LIO,6.083333333,0
"McLellan, Patrick",Patrick McLellan,SOU_IND16,6,0
"McLeod, Luke",Luke McLeod,BAY_BEA,6.083333333,0
"McLoughlin, Brendan",Brendan McLoughlin,WAG_SEA,6.166666667,0
"McManmon, Quinten",Quin McManmon,FLO_PAN,6.583333333,0
"McMeans, Cavan",Cavan McMeans,BEL_BRU,6,0
"McMichael, Cole",Cole McMichael,BEL_KNI,6.583333333,0
"McMillan, Shaun",Shaun McMillan,STJ_RED,6.25,0
"McMullan, Jack",Jack McMullan,LON_LAN,6.166666667,0
"McMullen, Cooper",Cooper McMullen,KEN_OWL,6.25,0
"McMurray, Tanner",Tanner McMurray,ORA_GOL,5.75,0
"McNabb, Austin",Austin McNabb,DAY_FLY,6.333333333,0
"McNaught, Ray",Ray McNaught,WIN_EAG,6.416666667,0
"McNaughton, Ezra",Ezra McNaughton,BYU_COU,5.916666667,0
"McNeal, Elijah",Elijah McNeal,CAL_AGO,6.25,0
"McNeely, Colby",Colby McNeely,WIN_EAG,6.333333333,0
"McNeil, Noah",Noah McNeil,NOR_DEM,6.083333333,0
"McNeillie, Luke",Luke McNeillie,FLA_GAT,6.25,0
"McNellis, Lucas",Lucas McNellis,THO_M,6,0
"McNelly, Aydan",Aydan McNelly,MAR_RED,6,0
"McNiel, Brody",Brody McNiel,MIS_BEA,6.333333333,0
"McPherson, Ryan",Ryan McPherson,MSU_BDG,6.25,0
"McRae, Evan",Evan McRae,WAG_SEA,6.166666667,0
"McRoberts, Chaz",Chaz McRoberts,SAN_TOR,5.833333333,0
"McShane, Dylan",Dylan McShane,PAC_TIG,6.75,0
"McSweeney, David",David McSweeney,NOR_HUS,6.416666667,0
"McVicker, Lincoln",Lincoln McVicker,OSU_BUC,6.416666667,0
"Mcgovern, Garrett",Garrett McGovern,MER_COL1,6,0
"Mcilroy, Liam",Liam McIlroy,FAI_STA,5.833333333,0
"Mckay, Ryan",Ryan McKay,MSM_MTN,6,0
"Mcknight, Emerson",Emerson McKnight,KAN_JAY,6.166666667,0
"Mckoon, Owen",Owen McKoon,ULM_WAR,6,0
"Mealy, Ryan",Ryan Mealy,MON_HAW,6,0
"Mebil, Kevin",Kevin Mebil,FLO_SEM,6,0
"Mecchella, Tyler",Tyler Mecchella,FLO_PAN,6.25,0
"Meckna, Michael",Michael Meckna,ORE_DUC,6.25,0
"Medellin, Jordan",JoJo Medellin,ARK_LIO,6.083333333,0
"Medicoff, Tate",Tate Medicoff,SAN_BRO,6.25,0
"Medina, Adonis",Adonis Medina,RHO_RAM,5.833333333,0
"Medley, Drew",Drew Medley,COL_CHA,6.166666667,0
"Medlock, Eliot",Eliot Medlock,RID_BRO,5.916666667,0
"Medrano, Seve",Seve Medrano,TEX_TIG,6,0
"Mee, Grady",Grady Mee,KS_GF,5.833333333,0
"Meek, Jack",Jack Meek,CAL_AGO,5.833333333,0
"Meeks, Drake",Drake Meeks,SOU_GOL,6.333333333,0
"Meeks, Mattox",Mattox Meeks,FGCU,6.333333333,0
"Meeler, Caden",Caden Meeler,CEN_BEA,6,0
"Meffert, Noah",Noah Meffert,GON_BUL,6.083333333,0
"Meglio, Charlie",Charlie Meglio,RUT_SCA,6.333333333,0
"Meidroth, Connor",Connor Meidroth,SAN_TOR,5.75,0
"Meier, Evan",Evan Meier,MSM_MTN,6,0
"Meier, Steven",Steven Meier,TRO_TRJ,6.083333333,0
"Mejia, Ryan",Ryan Mejia,DEL_HOR,6,0
"Melancon, Matt",Matt Melancon,NIC_COL,6.166666667,0
"Melani, Tj",TJ Melani,STE_HAT,6,0
"Melara, Gabriel",Gabriel Melara,HOF_PRI,6,0
"Melby, Will",Will Melby,UMASS_RIV,6.416666667,0
"Melchione, Gio",Gio Melchione,AKR_ZIP,6,0
"Melendez, Axel",Axel Melendez,ETS_BUC,6,0
"Melendez, Diego",Diego Melendez,JAC_TIG,5.916666667,0
"Melendez, Xavier",Xavier Melendez,ARL_MAV,5.75,0
"Meli, Owen",Owen Meli,CAL_MUS,6.25,0
"Meliere, Kenny",Kenny Meliere,STO_COL,6,0
"Mello, Christian",Christian Mello,ALB_GRE,6.25,0
"Melton, Dylan",Dylan Melton,UMBC_RET,5.833333333,0
"Melton, Ethan",Ethan Melton,SAL_JAG,5.833333333,0
"Melton, Luke",Luke Melton,EIU_PAN,5.916666667,0
"Melton, Nic",Nic Melton,NCA_BUL,5.75,0
"Meluskey, Tommy",Tommy Meluskey,NMS_AGG,6.083333333,0
"Melville, Hayes",Hayes Melville,ARL_MAV,6,0
"Menar, Thomas",Tom Menar,MSM_MTN,6.083333333,0
"Mendell, Connor",Connor Mendell,NIU_HUS,6,0
"Mendes, Alexander",Alex Mendes,MSM_MTN,5.916666667,0
"Mendes, Wes",Wes Mendes,FLO_SEM,6.083333333,0
"Mendez, Connor",Connor Mendez,ORE_BEA,6,0
"Mendez, David",David Mendez,MAR_TER,5.916666667,0
"Mendez, Jonathan",Jonathan Mendez,SAN_GAU,6.083333333,0
"Mendoza, Adrian",Adrian Mendoza,ALA_HOR,5.666666667,0
"Mendoza, Ethan",Ethan Mendoza,TEX_LON,5.833333333,0
"Mendoza, Matteo",Matteo Mendoza,SAN_SPA,5.833333333,0
"Mennecke, Mark",Mark Mennecke,WMI_BRO,6,0
"Mennella, Joseph",Joe Mennella,WAG_SEA,6,0
"Mensik, Landon",Landon Mensik,XAV_MUS,6.166666667,0
"Mentzel, Kyler",Kyler Mentzel,HBU_HUS,6.166666667,0
"Menuet, Brecken",Brecken Menuet,LOU_BUL,6.25,0
"Menzel, Evan",Evan Menzel,UCO_HUS,5.75,0
"Meola, Aidan",Aidan Meola,OKL_COW,6.166666667,0
"Mercado, Cohl",Cohl Mercado,PEN_NIT,5.666666667,0
"Merchant, Jaylen",Jaylen Merchant,ALA_HOR,6.166666667,0
"Mercurius, LJ",LJ Mercurius,OKL_SOO,6.166666667,0
"Mercurius, Xander",Xander Mercurius,OKL_SOO,5.833333333,0
"Meredith, Tucker",Tucker Meredith,PRE_BLH,6,0
"Merrick, Jake",Jake Merrick,UAB_BLA,5.916666667,0
"Merritt, Adam",Adam Merritt,UMA_AMH,5.75,0
"Merriweather, DJ",DJ Merriweather,AUS_GOV,5.916666667,0
"Mershon, Peter",Peter Mershon,MSU_BDG,6.166666667,0
"Mertens, Nathan",Nathan Mertens,SOU_RED,6.25,0
"Messmore, Jack",Jack Messmore,YSU_PEN,6.083333333,0
"Mestas, Gage",Gage Mestas,SAN_TOR,5.916666667,0
"Metcho, Jack",Jack Metcho,NEV_WOL,6.083333333,0
"Mettam, Jared",Jared Mettam,STM_GAE,5.916666667,0
"Meurant, Mathis",Mathis Meurant,ARI_WIL,6.25,0
"Meusy, Logan",Logan Meusy,BRO_BEA,5.916666667,0
"Mexico, Sebastian",Sebastian Mexico,LOU_BUL,6.083333333,0
"Meyer, Aiden",Aiden Meyer,MIS_DEL,6.25,0
"Meyer, Chase",Chase Meyer,WES_MOU,6.166666667,0
"Meyer, Cole",Cole Meyer,TOL_ROC,5.833333333,0
"Meyer, Hunter",Hunter Meyer,CAL_FUL,6.083333333,0
"Meyer, Maddox",Maddox Meyer,UNO_MAV,6,0
"Meyer, Myles",Myles Meyer,MCN_COW,6.25,0
"Meyer, Sam",Sam Meyer,MSM_MTN,6,0
"Meyers, Jake",Jake Meyers,NJI_HIG,6,0
"Meyers, Luke",Luke Meyers,BUC_BIS,6,0
"Meyers, Luke",Luke Meyers,WAS_COU,6.083333333,0
"Meyers, Paxton",Paxton Meyers,UCO_HUS,6,0
"Meyers, Roman",Roman Meyers,ARI_WIL,6.25,0
"Meyn, RJ",RJ Meyn,SAN_BRO,6,0
"Mhoon, Andrew",Andrew Mhoon,LOY_LIO,5.916666667,0
"Michael, Peter",Peter Michael,LOU_CAR,6.25,0
"Michaels, Kenny",Kenny Michaels,WOF_TER,6.333333333,0
"Michalak, Jake",Jake Michalak,OSU_BUC,6.25,0
"Michel, Garrett",Garrett Michel,ARI_SUN,6,0
"Michel, Jake",Jake Michel,TOW_TIG,6.416666667,0
"Michel, Sam",Sam Michel,NOR_CAT,6.083333333,0
"Michelson, Owen",Owen Michelson,NCA_BUL,5.833333333,0
"Mick, Carter",Carter Mick,UNO_MAV,6.166666667,0
"Micklinghoff, Gavin",Gavin Micklinghoff,NIU_HUS,6.25,0
"Middleton, DeShon",DeShon Middleton,PRA_PAN,6.083333333,0
"Middleton, Jake",Jake Middleton,SAL_JAG,6.083333333,0
"Middleton, Mason",Mason Middleton,APP_MOU,6.166666667,0
"Midkiff, Daniel",Daniel Midkiff,LAM_CAR,6.166666667,0
"Miehe, Andrew",Andrew Miehe,PEN_QUA,6.166666667,0
"Miesse, Maddox",Maddox Miesse,ABI_WIL,6,0
"Mihailovich, Alex",Alex Mihailovich,BRO_BEA,5.833333333,0
"Mihalakis, Maddox",Maddox Mihalakis,ARI_WIL,6.166666667,0
"Mihalinac, Talon",Talon Mihalinac,NJI_HIG,6.083333333,0
"Mihos, Dean",Dean Mihos,COA_CHA,5.75,0
"Mikkelsen, Ty",Ty Mikkelsen,IOW_HAW,6,0
"Mikos, Brandon",Brandon Mikos,YSU_PEN,6.333333333,0
"Milam, Jaxon",Jaxon Milam,NIC_COL,6,0
"Milam, Steven",Steven Milam,LSU_TIG,5.666666667,0
"Milano, Gabriel",Gabriel Milano,MIA_HUR,6,0
"Milburn, Aiden",Aiden Milburn,BIN_BEA,6,0
"Miles, Cade",Cade Miles,JAC_GAM,6,0
"Miles, Huston",Hutson Miles,LIP_BIS,5.75,0
"Miles, Hutson",Hutson Miles,LIP_BIS,5.75,0
"Miles, Isaac",Isaac Miles,UNC_SPA,6.166666667,0
"Milewski, Kevin",Kevin Milewski,MSU_BDG,6.416666667,0
"Milford, Cooper",Cooper Milford,GEO_PAN,6,0
"Militello, Jackson",Jackson Militello,CHA_BUC,6.083333333,0
"Milius, Ethan",Ethan Milius,LIN_UNI,6.083333333,0
"Milk, Nate",Nate Milk,NIA_EAG,6,0
"Millard, William",Will Millard,ALA_LIO,5.916666667,0
"Miller, Alex",Alex Miller,MOR_EAG,6.5,0
"Miller, Andrew",Andy Miller,NIC_COL,6.25,0
"Miller, Brady",Brady Miller,BOC_EAG,6.416666667,0
"Miller, Brady",Brady Miller,LIP_BIS,5.916666667,0
"Miller, Brendon",Brendon Miller,FAI_STA,6.25,0
"Miller, Bryce",Bryce Miller,YAL_BUL,5.833333333,0
"Miller, Caden",Caden Miller,IND_SYC,6.083333333,0
"Miller, Caden",Caden Miller,UTS_ROA,6.166666667,0
"Miller, Cal",Cal Miller,UTA_UTE,5.916666667,0
"Miller, Charlie",Charlie Miller,SIU_SAL,6.25,0
"Miller, Chris",Chris Miller,DAR_GRE,6.25,0
"Miller, Cole",Cole Miller,ELO_PHO,6.166666667,0
"Miller, Devin",Devin Miller,CAL_FUL,6.333333333,0
"Miller, Easton",Easton Miller,AIR_FOR,6.083333333,0
"Miller, Ethan",Ethan Miller,FLO_RAT,6.166666667,0
"Miller, Garrett",Garrett Miller,UTA_WOL,6,0
"Miller, Gavin",Gavin Miller,GEO_COL,6.083333333,0
"Miller, Gavin",Gavin Miller,PIT_PAN,6,0
"Miller, Hayden",Hayden Miller,BRA_BRA,5.916666667,0
"Miller, Hunter",Hunter Miller,SOU_IND16,6,0
"Miller, Jackson",Jackson Miller,BGS_FAL,6.333333333,0
"Miller, Jackson",Jackson Miller,WAK_DEA,6,0
"Miller, Jairius",Jairus Miller,MCN_COW,6.166666667,0
"Miller, Jairus",Jairus Miller,MCN_COW,6.166666667,0
"Miller, Jay",Jay Miller,WAS_HUS,6.5,0
"Miller, Kameron",Kameron Miller,APP_MOU,6.083333333,0
"Miller, Logan",Logan Miller,CAL_MAT,6.333333333,0
"Miller, Maddox",Maddox Miller,MSU_BDG,6.333333333,0
"Miller, Max",Max Miller,SAL_JAG,6.083333333,0
"Miller, Miken",Miken Miller,NEB,5.833333333,0
"Miller, Nick",Nick Miller,CAL_FUL,6.166666667,0
"Miller, Nik",Nik Miller,NEV_WOL,5.666666667,0
"Miller, Noah",Noah Miller,MIC_WOL,6,0
"Miller, Nolan",Nolan Miller,POR_PIL,6,0
"Miller, Peyton",Peyton Miller,CLE_TIG,6.333333333,0
"Miller, Riley",Riley Miller,UAB_BLA,6.083333333,0
"Miller, Sam",Sam Miller,BIN_BEA,6.166666667,0
"Miller, Sam",Sam Miller,FLA_GAT,6,0
"Miller, Taison",Taison Miller,CSU_BAK,6,0
"Milleville, Joshua",Josh Milleville,RAD_HIG,5.916666667,0
"Milliner, Terrell",Terrell Milliner,COP_STA,6,0
"Millman, Dylan",Dylan Millman,MAR_RED,5.916666667,0
"Mills, Daniel",Dan Mills,COL_LION,6.333333333,0
"Mills, Griffin",Griffin Mills,NOR_CAT,6.083333333,0
"Millsap, Zack",Zack Millsap,UIC_FLA,6,0
"Milto, Joey",Joey Milto,CEN_MIC,6.083333333,0
"Minaker, Ethan",Ethan Minaker,CSU_BAK,6,0
"Minarik, Jake",Jake Minarik,NCA_BUL,6.166666667,0
"Minchey, Kobe",Kobe Minchey,TAR_TEX,6.333333333,0
"Minckler, Matthew",Matt Minckler,DEL_BLU,6,0
"Mineo, Sal",Sal Mineo,DEL_BLU,5.916666667,0
"Minic, Zeke",Zeke Minic,NCB,6.25,0
"Minichino, Austin",Austin Minichino,SOU_LIO,6.083333333,0
"Minnick, Tyler",Tyler Minnick,MTSU_BLU,6.416666667,0
"Miramontes, EJ",EJ Miramontes,NOK_NOR,6,0
"Miranda, Evan",Evan Miranda,SAN_AZT,6.166666667,0
"Miranda, Gabe",Gabe Miranda,ORE_DUC,6.25,0
"Miranda, Robert",Robert Miranda,SAL_JAG,5.833333333,0
"Miranda, Shane",Shane Miranda,NOT_IRI,6,0
"Mirza, Jackson",Jackson Mirza,USF_BUL,6,0
"Miscavage, Nick",Nick Miscavage,YSU_PEN,5.833333333,0
"Mislan, Jack",Jack Mislan,LAF_LEP,6,0
"Mistone, Luke",Luke Mistone,MUR_RAC,6.166666667,0
"Mitchell, Braize",Braize Mitchell,ION_GAE,6,0
"Mitchell, Bryce",Bryce Mitchell,BUC_BIS,6,0
"Mitchell, Derrick",Derrick Mitchell,AUS_GOV,6.25,0
"Mitchell, Devin",Devin Mitchell,NOR_WOL,6.083333333,0
"Mitchell, Gable",Gable Mitchell,IOW_HAW,5.75,0
"Mitchell, Henry",Henry Mitchell,NAV_MID,5.833333333,0
"Mitchell, Jackson",Jackson Mitchell,BIN_BEA,6.333333333,0
"Mitchell, John",John Mitchell,BOC_EAG,6.166666667,0
"Mitchell, Mackenzie",Mack Mitchell,SOU_COU,6,0
"Mitchell, Sam",Sam Mitchell,ALA_CRI,6.583333333,0
"Mitchell, Samuel",Sam Mitchell,SOU_GOL,6,0
"Mitchell, Tommy",Tommy Mitchell,ELO_PHO,6.333333333,0
"Mitchell, Walker",Walker Mitchell,COA_CHA,5.916666667,0
"Mitchelle, Christian",Christian Mitchelle,CIN_BEA,5.916666667,0
"Mitta, Anthony",Anthony Mitta,BGS_FAL,6,0
"Miyama, Daisuke",Daisuke Miyama,WM_TRI,6,0
"Mlodzinski, Julian",Julian Mlodzinski,FLO_PAN,6.25,0
"Moak, Clint",Clint Moak,MAR_THU,6,0
"Mock, Dawson",Dawson Mock,USF_BUL,6,0
"Mock, Logan",Logan Mock,NIC_COL,5.833333333,0
"Moconyi, Matt",Matthew Moconyi,WAG_SEA,6.416666667,0
"Moczydlowsky, Gavin",Gavin Moczydlowsky,CEN_MIC,6.083333333,0
"Moeller, Luke",Luke Moeller,GRA_CAN,6.166666667,0
"Moffitt, Aaron",Aaron Moffitt,TEN_TEC,6.25,0
"Mohan, Connor",Connor Mohan,TEX_RAI,6.25,0
"Molessa, Leewood",Leewood Molessa,EMU_EAG,6.166666667,0
"Molessa, Maxwell",Maxwell Molessa,WES_MOU,6,0
"Molina, Matthew",Matt Molina,TEX_ISL,6.083333333,0
"Molinaro, Bryce",Bryce Molinaro,PEN_NIT,6,0
"Molini, Jack",Jack Molini,MOY_MOY,6.333333333,0
"Moller, Logan",Logan Moller,TEN_TEC,6.416666667,0
"Molony, Maddox",Maddox Molony,ORE_DUC,6.166666667,0
"Mommer, Samuel",Sam Mommer,ILL_ILL,6.083333333,0
"Monaco, Dominic",Dominic Monaco,WES_HIL,6.25,0
"Mondesir, Christopher",Chris Mondesir,MAI_BLA,6.083333333,0
"Monge, Isaiah",Isaiah Monge,WIU_LEA,6.166666667,0
"Monico, Luke",Luke Monico,MAR_RED,5.916666667,0
"Monile, Alex",Alex Monile,FLO_RAT,5.75,0
"Monke, Carter",Carter Monke,MIC_SPA,6.083333333,0
"Monroe, Marcus",Marcus Monroe,SPU_PEA,6,0
"Monson, Andrew",Andrew Monson,SAC_HOR,6.166666667,0
"Monsour, Maddox",Maddox Monsour,TEX_LON,5.916666667,0
"Monteforte, Presley",Presley Monteforte,BEL_KNI,6,0
"Montembeau, Joe",Joe Montembeau,PRI_TIG,6.083333333,0
"Montesa, Dawson",Dawson Montesa,WES_MOU,6.083333333,0
"Montgomery, Cade",Cade Montgomery,MIC_WOL,5.916666667,0
"Montgomery, Jackson",Jackson Montgomery,COP_STA,6.083333333,0
"Montgomery, Johnny",Johnny Montgomery,NIA_EAG,6.25,0
"Montgomery, Joseph",JoJo Montgomery,VIL_WIL,6,0
"Montgomery, Kellan",Kellan Montgomery,SAN_GAU,6,0
"Montgomery, Reid",Reid Montgomery,LON_DIR,6,0
"Montone, Christopher",Chris Montone,RID_BRO,6,0
"Moody, Bo",Bo Moody,PRE_BLH,5.916666667,0
"Moody, Reece",Reece Moody,JMU_DUK,5.833333333,0
"Moomau, Easton",Easton Moomau,UTR_VAQ,6.166666667,0
"Mooney, Ryan",Ryan Mooney,HAR_CRI,6.333333333,0
"Moore, Avery",Avery Moore,PUR_BOI,6.166666667,0
"Moore, Bryson",Bryson Moore,FLO_SEM,6.25,0
"Moore, Chase",Chase Moore,ALC_BRA,6,0
"Moore, Cole",Cole Moore,IOW_HAW,6.25,0
"Moore, Cooper",Cooper Moore,LSU_TIG,6.083333333,0
"Moore, Cooper",Cooper Moore,ORA_GOL,6.166666667,0
"Moore, Graham",Graham Moore,VIL_WIL,6.166666667,0
"Moore, Jackson",Jackson Moore,CLE_TIG,5.75,0
"Moore, Kellen",Kellen Moore,LAF_LEP,6.416666667,0
"Moore, Landen",Landen Moore,LON_LAN,5.583333333,0
"Moore, Lucas",Lucas Moore,LOU_CAR,6,0
"Moore, Nolan",Nolan Moore,TEX_BOB,6.25,0
"Moore, Reese",Reese Moore,SOU_GAM,6,0
"Moore, Slade",Slade Moore,MIC_WOL,6.083333333,0
"Moore, Trevor",Trevor Moore,STA_CAR,6.083333333,0
"Moore, Tucker",Tucker Moore,LIB_FLA,6.083333333,0
"Moore, Tyvon",Tyvon Moore,PRA_PAN,6.083333333,0
"Moore, Wesley",Wesley Moore,GEO_PAN,6.583333333,0
"Moore, Will",Will Moore,IU,5.75,0
"Mooser, Ethan",Ethan Mooser,NCB,6.166666667,0
"Moquin, Nate",Nate Moquin,UNO_MAV,6.166666667,0
"Mora, Chase",Chase Mora,TEX_BOB,6.166666667,0
"Mora, Nickolas",Nickolas Mora,ION_GAE,5.833333333,0
"Morabito, Christopher",Chris Morabito,BUC_BIS,6,0
"Moraitakis, Aubrey",Aubrey Moraitakis,BEL_BRU,5.833333333,0
"Morales, Antonio",Antonio Morales,MAR_TER,5.75,0
"Morales, Efrain",Efrain Morales,OLD_MON,5.75,0
"Morales, Miguel",Miguel Morales,TEX_TIG,5.833333333,0
"Moran, CJ",CJ Moran,SAN_TOR,6,0
"Moran, Dallis",Dallis Moran,STE_HAT,6.083333333,0
"Moran, Ethan",Ethan Moran,WAG_SEA,6.25,0
"Moran, JJ",JJ Moran,STA_CAR,6.166666667,0
"Moran, Landon",Landon Moran,UCF_KNI,6,0
"Moran, Nicholas",Nick Moran,ECU_PIR,6.333333333,0
"Morano, Josh",Josh Morano,CAL_MUS,6.333333333,0
"Morell, Jake",Jake Morell,SEA_RED,6.333333333,0
"Morello, Mason",Mason Morello,FOR_RAM,6.416666667,0
"Moreno, Joseph",Joseph Moreno,STM_GAE,6.333333333,0
"Moreno, Maddox",Maddox Moreno,PAC_TIG,6,0
"Moreno, Matthew",Matt Moreno,LOY_LIO,6.166666667,0
"Moreno, Pedro",Pedro Moreno,EKU_COL,5.666666667,0
"Morgan, Brennan",Brennan Morgan,AKR_ZIP,6.25,0
"Morgan, Cole",Cole Morgan,PRE_BLH,5.75,0
"Morgan, Luke",Luke Morgan,ORE_DUC,6.25,0
"Morgan, Owen",Owen Morgan,ORE_DUC,5.833333333,0
"Morgan, Parker",Parker Morgan,MCN_COW,6.083333333,0
"Morgan, Walker",Walker Morgan,CHA_FOR,6.583333333,0
"Morice, James",James Morice,NOR_HUS,6.416666667,0
"Morici, Lucas",Lucas Morici,GEO_BUL,6.416666667,0
"Morin, Felix",Felix Morin,CAN_GRI,6.333333333,0
"Morin, Ryland",Ryland Morin,ARK_LIO,6.333333333,0
"Morisaki, Kanoa",Kanoa Morisaki,CSU_BAK,6,0
"Morlang, Nic",Nic Morlang,MAR_TER,6.25,0
"Morningstar, Blake",Blake Morningstar,WAK_DEA,6.333333333,0
"Moroney, Reece",Reece Moroney,RHO_RAM,5.916666667,0
"Moronta, Xavier",Xavier Moronta,FAU_OWL,5.833333333,0
"Morris, Aaron",Aaron Morris,DIX_STE,5.833333333,0
"Morris, Austin",Austin Morris,ALA_CRI,6.333333333,0
"Morris, Charles",Charles Morris,ALA_ANM,6.25,0
"Morris, Jack",Jack Morris,USC_UPS,6.25,0
"Morris, Khris",Khris Morris,RIC_SPI,6.166666667,0
"Morris, Lake",Lake Morris,BEL_BRU,5.916666667,0
"Morris, Logan",Logan Morris,ALB_GRE,6.25,0
"Morris, Patrick",Patrick Morris,ARI_WIL,6.166666667,0
"Morris, Trey",Trey Morris,ORE_BEA,6.166666667,0
"Morrison, Cameron",Cam Morrison,STO_COL,5.833333333,0
"Morrison, Hayden",Hayden Morrison,NIA_EAG,6.25,0
"Morrison, Kyle",Kyle Morrison,SOU_GOL,6,0
"Morrison, Ryan",Ryan Morrison,WIC_SHO,6.583333333,0
"Morrissey, David",David Morrissey,BET_WIL,6,0
"Morrow, Dane",Dane Morrow,MIC_WOL,6,0
"Morse, Colby",Colby Morse,IND_SYC,5.833333333,0
"Morse, Jackson",Jackson Morse,GEO_PAT,5.75,0
"Morse, Krayton",Krayton Morse,WIU_LEA,6.25,0
"Morton, Isaac",Isaac Morton,MIN_GOL,6.25,0
"Morton, Joey",Joey Morton,CAM_CAM,6.333333333,0
"Morton, Mitchell",Mitchell Morton,XAV_MUS,6.166666667,0
"Moseley, Brett",Brett Moseley,OLE_REB,6.25,0
"Moseni, Keon",Keon Moseni,CEN_BEA,6,0
"Moser, Ben",Owen Marsolek,THO_M,6.083333333,0
"Moser, Logan",Logan Moser,NCB,6.416666667,0
"Moses, Sonnier",Sonnier Moses,PRA_PAN,5.666666667,0
"Mosh, Jack",Jack Mosh,MIN_GOL,5.833333333,0
"Mosier, Cameron",Cameron Mosier,EVA_ACE,6.083333333,0
"Mosley, Wyatt",Wyatt Mosley,WES_MOU,6,0
"Moss, Aaron",Aaron Moss,IND_SYC,5.833333333,0
"Moss, Jake",Jake Moss,PEN_QUA,6.166666667,0
"Moss, Weston",Weston Moss,TEX_AGG,6.333333333,0
"Moss, Wylan",Wylan Moss,UCLA,6.25,0
"Moten, Nicholas",Nick Moten,SOU_COU,6.083333333,0
"Motley, Tobias",Tobias Motley,RIC_OWL,6.166666667,0
"Mottice, Carter",Carter Mottice,BGS_FAL,5.833333333,0
"Mottola, Luke",Luke Mottola,UCF_KNI,6.25,0
"Moulin, Benjamin",Ben Moulin,PEN_QUA,6.166666667,0
"Moutzouridis, P.J.",PJ Moutzouridis,ARI_SUN,6.083333333,0
"Mowad, Ian",Ian Mowad,STJ_RED,6.166666667,0
"Mowry, Collin",Collin Mowry,LOU_CAR,6,0
"Moy, Andrew",Andrew Moy,GEO_HOY,6,0
"Moyer, Mac",Mac Moyer,NEB,6.083333333,0
"Moyzan, Ben",Ben Moyzan,DEL_BLU,6.083333333,0
"Mravlja, Zach",Zach Mravlja,ALB_GRE,5.75,0
"Mucciarone, Alfred",Alfred Mucciarone,UMASS_RIV,6.083333333,0
"Muck, Karter",Karter Muck,XAV_MUS,6.166666667,0
"Mudd, Tyler",Tyler Mudd,BOC_EAG,5.75,0
"Mueller, Jake",Jake Mueller,UNC_SPA,6.083333333,0
"Mueller, Jaxon",Jaxon Mueller,ALB_GRE,6.333333333,0
"Mueller, Kyle",Kyle Mueller,PRE_BLH,6.333333333,0
"Mueller, Landon",Landon Mueller,EMU_EAG,6,0
"Mueller, Matthew",Matthew Mueller,UWM_PAN,6.416666667,0
"Mueller, Nathan",Nathan Mueller,TEX_ISL,6.5,0
"Mueses, Marco",Marco Mueses,TEX_TIG,6,0
"Muffoletto, Caleb",Caleb Muffoletto,NOR_DEM,6.166666667,0
"Muizelaar, Ryan",Ryan Muizelaar,BAL_CAR,6.083333333,0
"Mulcahy, Dylan",Dylan Mulcahy,STE_LUM,6.25,0
"Mulholland, Billy",Billy Mulholland,BRY_BUL,6.083333333,0
"Mullan, Ryan",Ryan Mullan,KEN_WIL,6.166666667,0
"Mullen, Jack",Jack Mullen,GEO_HOY,6.25,0
"Mullen, Nick",Nick Mullen,GEO_COL,6.083333333,0
"Mullens, Cooper",Cooper Mullens,MIC_WOL,5.583333333,0
"Mulligan, Brett",Brett Mulligan,HOL_CRU,5.916666667,0
"Mullin, Jameson",Jamie Mullin,SAC_HOR,6.333333333,0
"Mulvehill, Jake",Jake Mulvehill,LEH_MOU,6,0
"Mummau, Jake",Jake Mummau,APP_MOU,6.083333333,0
"Mummau, Sammy",Sammy Mummau,JUD,6,0
"Mummert, Wyatt",Wyatt Mummert,MER_BEA,6.083333333,0
"Muncy, Nathan",Nate Muncy,KS_GF,6.166666667,0
"Munday, Parker",Parker Munday,AKR_ZIP,5.833333333,0
"Mungarrieta, Augusto",Augusto Mungarrieta,KAN_JAY,6,0
"Munguia, Austin",Austin Munguia,TEX_BOB,5.833333333,0
"Munn, Drew",Drew Munn,CHA_FOR,6.166666667,0
"Munson, Kadin",Kadin Munson,STE_LUM,6,0
"Munster, Cayden",Cayden Munster,FRE_BUL,6.25,0
"Munton, Zach",Zach Munton,HBU_HUS,6,0
"Murdoch, Ethan",Ethan Murdoch,MAR_THU,6.166666667,0
"Murdock, Mason",Mason Murdock,UNC_SEA,6.416666667,0
"Murdock, Steele",Steele Murdock,CSD_TRI,6.166666667,0
"Murillo, Agustin",Agustin Murillo,COP_STA,5.5,0
"Murillo, Daniel",Daniel Murillo,CAL_BEA,5.916666667,0
"Murphy, Brendan",Brendan Murphy,COL_LION,6,0
"Murphy, Carter",Carter Murphy,USF_BUL,6.166666667,0
"Murphy, Casen",Casen Murphy,LOU_CAR,5.833333333,0
"Murphy, Dayton",Dayton Murphy,MIC_SPA,5.833333333,0
"Murphy, Jaxon",Jaxon Murphy,CAL_AGO,6,0
"Murphy, Landon",Landon Murphy,ARL_MAV,6.25,0
"Murphy, Logan",Logan Murphy,BEL_KNI,6.166666667,0
"Murphy, Mason",Mason Murphy,SAM_BEA,6.416666667,0
"Murphy, Michael",Michael Murphy,XAV_MUS,6,0
"Murphy, Mikey",Mike Murphy,CAM_CAM,5.916666667,0
"Murphy, Mitch",Mitchell Murphy,ION_GAE,6,0
"Murphy, Nathan",Nathan Murphy,GEO_COL,6.083333333,0
"Murphy, Preston",Preston Murphy,BAL_CAR,5.75,0
"Murphy, Quinn",Quinn Murphy,MAI_BLA,6.083333333,0
"Murphy, Trenton",Trent Murphy,BAL_CAR,6.333333333,0
"Murphy, Tyler",Tyler Murphy,FAU_OWL,6.083333333,0
"Murray Jr, Max",Max Murray,UCF_KNI,6.166666667,0
"Murray, AJ",AJ Murray,BUC_BIS,6.083333333,0
"Murray, Alec",Alec Murray,FOR_RAM,6.5,0
"Murray, Cameron",Cam Murray,WCC,6.083333333,0
"Murray, Casey",Casey Murray,CAL_MUS,6.166666667,0
"Murray, Chandler",Chandler Murray,KAN_WIL,6.416666667,0
"Murray, Garrick",Garrick Murray,COL_CHA,6.25,0
"Murray, Henry",Henry Murray,DAR_GRE,5.833333333,0
"Murray, Miller",Miller Murray,MOR_EAG,6.25,0
"Murray, Noah",Noah Murray,VIR_CAV,5.833333333,0
"Murray, Tarris",Litarris Murray,ALA_ANM,6.25,0
"Murry, Grayson",Grayson Murry,BAY_BEA,6.416666667,0
"Murtagh, Mathew",Matt Murtagh,SIE_SAI,6.166666667,0
"Musacchia, Carmelo",Carmelo Musacchia,NOR_HUS,6,0
"Muscar, Tyler",Tyler Muscar,JMU_DUK,6.416666667,0
"Musgrove, Fuller",Fuller Musgrove,SAL_JAG,6.083333333,0
"Musial II, Deuce",Deuce Musial,HOF_PRI,6.416666667,0
"Music, Jett",Jett Music,CAM_CAM,6.166666667,0
"Musso, Austin",Austin Musso,ARI_SUN,6.166666667,0
"Musso, James",James Musso,MOY_MOY,5.666666667,0
"Mustard, Cade",Cade Mustard,ELO_PHO,5.833333333,0
"Mustaro, RJ",RJ Mustaro,MON_HAW,6.166666667,0
"Myatt, Tyler",Tyler Myatt,TEN_VOL,6,0
"Myers, Alex",Alex Myers,WOF_TER,5.916666667,0
"Myers, Ethan",Ethan Myers,CSU_BAK,6,0
"Myers, Evan",Evan Myers,WCC,6.083333333,0
"Myers, Jack",Jack Myers,GEO_EAG,6,0
"Myers, Kaden",Kaden Myers,COL_CHA,6.083333333,0
"Myers, Kolt",Kolt Myers,FLA_GAT,6.166666667,0
"Myers, Sam",Sam Myers,ARI_SUN,5.75,0
"Myles, Conor",Conor Myles,UTS_ROA,6.333333333,0
"Mylott, Mike",Michael Mylott,SIU_SAL,6.333333333,0
"Mynatt, Carson",Carson Mynatt,UNI_WES,6.25,0
"Myro, Gunnar",Gunnar Myro,UNL_REB,5.916666667,0
"Myro, Mikey",Mikey Myro,BUC_BIS,6,0
"Nace, Breckin",Breckin Nace,RAD_HIG,6.333333333,0
"Nachtsheim, Eric",Eric Nachtsheim,MCN_COW,6.333333333,0
"Nadeau, Justin",Justin Nadeau,FLA_GAT,6,0
"Nadeau, Wyatt",Wyatt Nadeau,VAN_COM,6.5,0
"Nadel, Jasper",Jasper Nadel,GEO_COL,6,0
"Naess, Griffin",Griffin Naess,CAL_MUS,6.5,0
"Nagy, Zachary",Zach Nagy,SAN_DON,6.166666667,0
"Najar, Adrian",Adrian Najar,MCN_COW,5.833333333,0
"Nalawadi, Zachary",Zach Nalawadi,ALB_GRE,6,0
"Namken, Clayton",Clayton Namken,TEX_BOB,6.166666667,0
"Nance, Anderson",Anderson Nance,NOR_WOL,6,0
"Naone, Kace",Kace Naone,DIX_STE,6,0
"Napolitano, Paul",Paul Napolitano,STE_HAT,6.083333333,0
"Nard, Gabe",Gabe Nard,FLO_SEM,5.916666667,0
"Nardacci, Ethan",Ethan Nardacci,ALB_GRE,6.25,0
"Nardo, Frankie",Frankie Nardo,WAG_SEA,5.916666667,0
"Nascimento, Luke",Luke Nascimento,BUC_BIS,6,0
"Nash, Jackson",Jackson Nash,LON_LAN,6.5,0
"Nash, Jayson",Jayson Nash,LON_LAN,6.166666667,0
"Natanek, Jackson",Jackson Natanek,ILL_RED,5.833333333,0
"Nathison, Brady",Brady Nathison,TOW_TIG,6,0
"Nati, Jimmy",Jimmy Nati,STA_CAR,6.166666667,0
"Nati, Josh",Josh Nati,ORE_BEA,6.25,0
"Natili, Jack",Jack Natili,CIN_BEA,6.25,0
"Nation, Connor",Connor Nation,LOU_BUL,6,0
"Natividad, Gabriel",Gabe Natividad,WIN_EAG,6,0
"Navarrete, Alex",Alex Navarrete,CSU_BAK,5.916666667,0
"Navarro, Bradley",Bradley Navarro,UTA_UTE,5.916666667,0
"Nawrocki, Danny",Danny Nawrocki,BUC_BIS,5.75,0
"Nawrocki, Nolan",Nolan Nawrocki,TUL_GRE,6.083333333,0
"Nayral, Mathis",Mathis Nayral,KAN_JAY,6.416666667,0
"Nazarenus, Hayden",Hayden Nazarenus,WES_HIL,5.916666667,0
"Neal, Brady",Brady Neal,ALA_CRI,5.833333333,0
"Nedry, Robert",Robert Nedry,CHA_FOR,6.166666667,0
"Neels, Weber",Weber Neels,MIN_GOL,6.083333333,0
"Neely, Bryce",Bryce Neely,VIR_CAV,5.916666667,0
"Neely, Jake",Jake Neely,SOU_GOL,6.333333333,0
"Negre, Nathan",Nate Negre,CEN_BEA,5.75,0
"Negrete, Mikiah",Mikiah Negrete,CAL_FUL,6.083333333,0
"Nehls, Aaron",Aaron Nehls,EVA_ACE,6,0
"Neihoff, Hayden",Hayden Neihoff,MAR_RED,6.25,0
"Neises, Tyler",Tyler Neises,GIT_YEL,6.25,0
"Neiswonger, Luke",Luke Neiswonger,CEN_MIC,6.166666667,0
"Nell, Christopher",Christopher Nell,LEH_MOU,6.333333333,0
"Nelms, Easton",Easton Nelms,SAM_BUL,6.083333333,0
"Nelson, Cade",Cade Nelson,TCU_HFG,6.5,0
"Nelson, Cole",Cole Nelson,UNC_SEA,6.25,0
"Nelson, Danny",Danny Nelson,CLE_TIG,6.083333333,0
"Nelson, Drew",Drew Nelson,BRO_BEA,6.416666667,0
"Nelson, Drew",Drew Nelson,TRO_TRJ,5.916666667,0
"Nelson, Hogan",Hogan Nelson,DAL_PAT,5.833333333,0
"Nelson, JR",J.R. Nelson,ILL_ILL,5.75,0
"Nelson, Jack",Jack Nelson,ASU_RED,6.333333333,0
"Nelson, Jaret",Jaret Nelson,FGCU,6.333333333,0
"Nelson, Peyton",Peyton Nelson,BRA_BRA,6,0
"Nerat, Joey",Joey Nerat,IOW_HAW,5.916666667,0
"Neri, Kyle",Kyle Neri,RID_BRO,5.916666667,0
"Nesslage, Kannon",Kannon Nesslage,CEN_BEA,6.666666667,0
"Nessler, AJ",AJ Nessler,PIT_PAN,5.75,0
"Nesson, Andrew",Andrew Nesson,HOL_CRU,6,0
"Nestler, Jack",Jack Nestler,STJ_RED,6,0
"Neubeck, Tony",Tony Neubeck,IU,6.166666667,0
"Neuenschwander, Kade",Kade Neuenschwander,SAM_BEA,5.916666667,0
"Neuweg, Austin",Austin Neuweg,SLU_BILL,6,0
"Neville, Cooper",Cooper Neville,DAL_PAT,6.083333333,0
"New, Cody",Cody New,CAL_LAN,6.25,0
"Newberry, Preston",Preston Newberry,IWC,5.833333333,0
"Newburn, Nick",Nick Newburn,PEN_QUA,6.416666667,0
"Newell, Josh",Josh Newell,LIN_UNI,6.166666667,0
"Newell, Will",Will Newell,GEO_HOY,6.583333333,0
"Newhan, Nico",Nico Newhan,NEB,5.916666667,0
"Newland, Brandon",Brandon Newland,BEL_KNI,6.416666667,0
"Newman, Blayne",Blayne Newman,WOF_TER,6.166666667,0
"Newman, Carter",Carter Newman,LON_LAN,6,0
"Newman, Dawson",Dawson Newman,VCU_RAM,6.166666667,0
"Newman, Jeremiah",Jeremiah Newman,AKR_ZIP,6,0
"Newman, Kruise",Kruise Newman,NEW_PRI,6.166666667,0
"Newman, Scott",Scott Newman,GEO_BUL,6.25,0
"Newmann, Trey",Trey Newmann,POR_PIL,6.5,0
"Newsome, Miles",Miles Newsome,BRO_BEA,6.083333333,0
"Newstrom, Chris",Chris Newstrom,TEN_VOL,6.166666667,0
"Newton, John",John Newton,UNC_SEA,6,0
"Newton, Sean",Sean Newton,ARM_BLA,6.416666667,0
"Newton, Will",Will Newton,STO_COL,5.916666667,0
"Nguyen, Ian",Ian Nguyen,WES_HIL,5.833333333,0
"Nguyen-Brown, Daylinh",Daylinh Nguyen-Brown,NCA_BUL,5.666666667,0
"Nichols, Gunnar",Gunnar Nichols,WAS_HUS,6.333333333,0
"Nichols, James",James Nichols,MER_COL1,6,0
"Nichols, Luke",Luke Nichols,LOU_BUL,6.166666667,0
"Nichols, Nathan",Nate Nichols,ORA_GOL,5.833333333,0
"Nicholson, Austin",Austin Nicholson,ORA_GOL,6.333333333,0
"Nicholson, Cooper",Cooper Nicholson,NOR_TAR,5.916666667,0
"Nicholson, Grant",Grant Nicholson,WAK_DEA,6.416666667,0
"Nicholson, Micah",Micah Nicholson,STM_GAE,5.916666667,0
"Niclai, Coen",Coen Niclai,ARI_SUN,6.166666667,0
"Niedermaier, Roger",Roger Niedermaier,XAV_MUS,6.25,0
"Niednagel, Benjamin",Ben Niednagel,AIR_FOR,5.75,0
"Niedringhaus, Jack",Jack Niedringhaus,UMA_AMH,6,0
"Niedzwiedz, Ryan",Ryan Niedzwiedz,SOU_COU,6.166666667,0
"Niehaus, Caleb",Caleb Niehaus,IND_SYC,6.083333333,0
"Niehaus, Cameron",Cameron Niehaus,CEN_MIC,6.25,0
"Niehaus, Charlie",Charlie Niehaus,CIN_BEA,5.833333333,0
"Nielsen, Jarret",Jarret Nielsen,GRA_CAN,5.916666667,0
"Nielson, Cameron",Cameron Nielson,UTA_UTE,6.083333333,0
"Niemeyer, Lucas",Luke Niemeyer,LIN_UNI,6.25,0
"Nieto, Dylan",Dylan Nieto,CAL_FUL,6.333333333,0
"Nikolis, Trevor",Trevor Nikolis,NOF_OSP,6.083333333,0
"Nilsen, Christian",Christian Nilsen,QUI_BOB,6.333333333,0
"Nilsen, Ian",Ian Nilsen,QUI_BOB,6.333333333,0
"Nissen, Eli",Eli Nissen,CRE_BLU,5.833333333,0
"Nitowitz, Cody",Cody Nitowitz,POR_PIL,5.916666667,0
"Niu, Maika",Maika Niu,ARK_RAZ,6.083333333,0
"Nixon, Luke",Luke Nixon,NOR_WOL,5.833333333,0
"Nobe, Jack",Jack Nobe,XAV_MUS,6.25,0
"Nobles, Ethan",Ethan Nobles,UNC_SPA,5.916666667,0
"Nobles, Jake",Jake Nobles,STM_GAE,6.333333333,0
"Nochowitz, Matthew",Matt Nochowitz,DUK_BLU,6.333333333,0
"Nolan, CJ",CJ Nolan,SAC_PIO,5.833333333,0
"Nolan, Isaiah",Isaiah Nolan,JMU_DUK,6.416666667,0
"Nolan, Jake",Jake Nolan,MON_HAW,6.166666667,0
"Nolan, Nicholas",Nick Nolan,UTR_VAQ,5.833333333,0
"Nolan, Spencer",Spencer Nolan,CHA_FOR,6.416666667,0
"Nolan, Tanner",Tanner Nolan,APP_MOU,5.916666667,0
"Nolen, Marcus",Marcus Nolen,FRE_BUL,6.25,0
"Nolley, Jordan",Jordan Nolley,ALA_ANM,6.166666667,0
"Nomura, Luke",Luke Nomura,FAI_STA,6,0
"Nomura, Sam",Sam Nomura,ELO_PHO,5.916666667,0
"Noonan, Nevan",Nevan Noonan,UTA_UTE,6,0
"Noonan, Parker",Parker Noonan,RAD_HIG,6.083333333,0
"Noot, Jaden",Jaden Noot,LSU_TIG,6.333333333,0
"Norby, Ethan",Ethan Norby,ECU_PIR,5.833333333,0
"Norman, Ross",Ross Norman,COA_CHA,6.583333333,0
"Norman, Sebastian",Sebastian Norman,OKL_COW,6,0
"Norris, Aidan",Aidan Norris,EMU_EAG,6,0
"Norris, Logan",Logan Norris,QUN_RYL,5.75,0
"North, Ben",Ben North,CRE_BLU,6,0
"Northrop, Kyler",Kyler Northrop,WAS_COU,6.333333333,0
"Norton, Benjamin",Ben Norton,HBU_HUS,5.833333333,0
"Norton, Cade",Cade Norton,WIN_EAG,6,0
"Norton, Jace",Jace Norton,SOU_GOL,6.25,0
"Norum, Jackson",Jackson Norum,CAL_BEA,6.166666667,0
"Noto, Mateo",Mateo Noto,IU,5.833333333,0
"Nottingham, Joe",Joe Nottingham,GEO_BUL,6.416666667,0
"Novak, Cameron",Cameron Novak,MIA_RED,6.25,0
"Novak, Ryan",Ryan Novak,MIA_RED,6.25,0
"Novara, Wyatt",Wyatt Novara,MIC_WOL,6.25,0
"Novitske, Nate",Nate Novitske,ARI_WIL,5.916666667,0
"Novobilsky, Kevin",Kevin Novobilsky,RUT_SCA,6,0
"Novotny, Sam",Sam Novotny,SOU_JAC,6.166666667,0
"Novy, Brandon",Brandon Novy,NOR_WOL,6.416666667,0
"Nowaczyk, Colin",Colin Nowaczyk,NEB,6.083333333,0
"Nowak, Mark",Mark Nowak,NOK_NOR,5.833333333,0
"Nowak, Owen",Owen Nowak,MTSU_BLU,6,0
"Nsah, Al",Al Nsah,CSU_BAK,6,0
"Nuanez, Johnny",Johnny Nuanez,WIC_SHO,6.25,0
"Nugent, Benjamin",Ben Nugent,TOW_TIG,5.75,0
"Nugent, Jimmy",Jimmy Nugent,LOU_CAR,6.166666667,0
"Nunez, Corey",Corey Nunez,SAN_GAU,6.25,0
"Nunez, Devin",Devin Nunez,NEB,5.833333333,0
"Nunez, Jadyn",Jadyn Nunez,NOR_TAR,6.083333333,0
"Nunez, Julian",Julian Nunez,PEP_WAV,5.833333333,0
"Nunnallee, James",James Nunnallee,MSU_BDG,6.083333333,0
"Nunnally, Blaine",Blaine Nunnally,EIU_PAN,5.833333333,0
"Nunnally, Tait",Tait Nunnally,ALA_LIO,6.083333333,0
"Nutter, Gabe",Gabe Nutter,SOU_COU,5.916666667,0
"Nye, Austin",Austin Nye,VAN_COM,6.166666667,0
"Nystrom, Chase",Chase Nystrom,VCU_RAM,6.083333333,0
"Nystrom, Jackson",Jackson Nystrom,SAN_DON,5.916666667,0
"O'Banan, Cameron",Cameron O'Banan,TEX_BOB,6.25,0
"O'Beirne, Palmer",Palmer O'Beirne,SAM_BUL,6.333333333,0
"O'Brien, Cole",Cole O'Brien,LIP_BIS,6.25,0
"O'Brien, Danny",Danny O'Brien,UNC_SEA,6.333333333,0
"O'Brien, Finbar",Finbar O'Brien,GON_BUL,6.25,0
"O'Brien, Matthew",Matthew O'Brien,CAL_HIG,6,0
"O'Brien, Michael",Michael O'Brien,LIT_TRO,6,0
"O'Brien, Nick",Nick O'Brien,PEN_QUA,6,0
"O'Brien, Ty",Ty O'Brien,TOL_ROC,6.083333333,0
"O'Connell, Aiden",Aiden O'Connell,DUK_BLU,6.166666667,0
"O'Connell, Dylan",Dylan O'Connell,UWM_PAN,5.833333333,0
"O'Connell, Thomas",Thomas O'Connell,VIR_CAV,5.833333333,0
"O'Connor, Griffin",Griffin O'Connor,GEO_HOY,6.083333333,0
"O'Connor, Jack",Jack O'Connor,UCLA,6.25,0
"O'Connor, Robbie",Robbie O'Connor,NOR_HUS,6.333333333,0
"O'Connor, Rowin",Rowin O'Connor,NJI_HIG,6.25,0
"O'Connor, Sheehan",Sheehan O'Connor,NJI_HIG,6.083333333,0
"O'Conor, Michael",Mike O'Conor,EIU_PAN,6,0
"O'Day, Jacob",Jacob O'Day,WES_HIL,6.25,0
"O'Dell, Hayden",Hayden O'Dell,SAL_JAG,6,0
"O'Donnell, Landon",Landon O'Donnell,USF_BUL,6.333333333,0
"O'Farrell, Noah",Noah O'Farrell,STE_LUM,6.083333333,0
"O'Hara, Cade",Cade O'Hara,CAL_FUL,6,0
"O'Harran, Toran",Toran O'Harran,STA_CAR,6.083333333,0
"O'Hearen, Liam",Liam O'Hearen,LEH_MOU,6.25,0
"O'Hearn, Keegan",Keegan O'Hearn,MIC_WOL,6.416666667,0
"O'Keefe, Aidan",Aidan O'Keefe,RIC_SPI,5.833333333,0
"O'Leary, Cade",Cade O'Leary,FLO_SEM,6.333333333,0
"O'Leary, Liam",Liam O'Leary,STJ_RED,6,0
"O'Leary, Sean",Sean O'Leary,UMASS_RIV,6.083333333,0
"O'Neil, Dillon",Dillon O'Neil,WAS_COU,5.833333333,0
"O'Neil, Liam",Liam O'Neil,WM_TRI,6.416666667,0
"O'Neil, Trey",Trey O'Neil,SOU_IND16,6.166666667,0
"O'Neill, Dean",Dean O'Neill,MTSU_BLU,6,0
"O'Neill, Shane",Shane O'Neill,LEH_MOU,5.833333333,0
"O'Regan, Joseph",Joe O'Regan,CSU_BAK,6.333333333,0
"O'Shaughnessy, Michael",Michael O'Shaughnessy,GEO_BUL,6.083333333,0
"O'Sullivan, Brendan",Brendan O'Sullivan,PAC_TIG,6.083333333,0
"OBrien, Gavin",Gavin O'Brien,UMA_AMH,6.333333333,0
"Oak, Deaton",Deaton Oak,BEL_KNI,6.25,0
"Oakes, Ryan",Ryan Oakes,NEV_WOL,6.166666667,0
"Oakley, Reese",Reese Oakley,MUR_RAC,5.916666667,0
"Oaks, Tyler",Tyler Oaks,WCC,6.25,0
"Obenour, Ollie",Ollie Obenour,WAS_COU,6,0
"Oborne, Dylan",Dylan Oborne,FAU_OWL,6.25,0
"Occhipinti, Derek",Derek Occhipinti,AKR_ZIP,6.333333333,0
"Oceguera, Ethan",Ethan Oceguera,LAM_CAR,6.083333333,0
"Och, Josh",Josh Och,SOU_GOL,5.916666667,0
"Ocko, Madden",Madden Ocko,FOR_RAM,6.166666667,0
"Oden, AJ",AJ Oden,ION_GAE,6.25,0
"Odom, Cameron",Cam Odom,FLO_SEM,6,0
"Odom, Lawson",Lawson Odom,SOU_GOL,5.833333333,0
"Oehlschlaeger, Ian",Ian Oehlschlaeger,NOR_HUS,6.416666667,0
"Ogbourne, Archer",Archer Ogbourne,JUD,5.833333333,0
"Ogden, Jake",Jake Ogden,MIA_HUR,6,0
"Oh, Seojun",SeoJun Oh,HIG_PAN,5.833333333,0
"Ohland, Carson",Carson Ohland,GRA_CAN,5.916666667,0
"Ohm, Ryan",Ryan Ohm,ILL_ILL,6.25,0
"Ohman, Jack",Jack Ohman,YAL_BUL,6,0
"Ojeda, Ricky",Ricky Ojeda,CAL_ANT,5.916666667,0
"Okeeffe, Shaun",Shaun Okeeffe,GEO_PAT,6.083333333,0
"Okerholm, Christian",Christian Okerholm,UTS_ROA,6.25,0
"Okojie, Ehi",Ehi Okojie,UMBC_RET,6,0
"Okonkwo, Jackson",Jackson Okonkwo,OLD_MON,6.416666667,0
"Okopal, Ryan",Ryan Okopal,MER_UNI,6,0
"Olazaba, Esteban",Esteban Olazaba,CAL_FUL,5.666666667,0
"Oliff, Carter",Carter Oliff,ETS_BUC,6.25,0
"Oliva, Steven",Steven Oliva,UTR_VAQ,5.916666667,0
"Olivas, Raymond",Raymond Olivas,SAN_GAU,6.083333333,0
"Oliver, Brendin",Brendin Oliver,CIN_BEA,6.25,0
"Oliver, Jasen",Jasen Oliver,MIC_SPA,5.916666667,0
"Olivier, Chris",Chris Olivier,LAM_CAR,6.083333333,0
"Olmstead, Lawson",Lawson Olmstead,CAL_BEA,6.083333333,0
"Olsen, Carson",Carson Olsen,CAL_LAN,6.416666667,0
"Olsen, Gage",Gage Olsen,WES_HIL,6.166666667,0
"Olson, Brayden",Brayden Olson,THO_M,6.166666667,0
"Olson, Chase",Chase Olson,NEB,5.916666667,0
"Olson, Griffin",Griffin Olson,MOR_EAG,6.166666667,0
"Olson, Joe",Joe Olson,LOU_CAR,6.083333333,0
"Onate, Mason",Mason Onate,MAR_THU,6,0
"Ondus, John",John Ondus,NIA_EAG,6.166666667,0
"Ong, Felix",Felix Ong,UNL_REB,6.333333333,0
"Ong, Nico",Nico Ong,UMBC_RET,5.666666667,0
"Onorato, Daniel",Danny Onorato,ION_GAE,6.333333333,0
"Opanel, Kevin",Kevin Opanel,MON_HAW,6.25,0
"Opat, Brendan",Brendan Opat,NJI_HIG,6.083333333,0
"Oppenheim, Drew",Drew Oppenheim,GEO_COL,6,0
"Oram, Camden",Camden Oram,SEA_RED,6.25,0
"Ordonez, Santiago",Santiago Ordonez,NOF_OSP,5.75,0
"Orfi, Luke",Luke Orfi,TEX_RAI,6.083333333,0
"Oriach, Jordy",Jordy Oriach,GEO_BUL,6.416666667,0
"Orloski, Robert",Robert Orloski,UTS_ROA,6.333333333,0
"Ormaza, Arturo",Arturo Ormaza,TOL_ROC,6,0
"Oropeza, Miguel",Miguel Oropeza,ALA_HOR,6,0
"Orozco, Aaron",Aaron Orozco,CHA_FOR,6.166666667,0
"Orozco, Max",Max Orozco,OAK_GOL,5.75,0
"Orr, Aidan",Aidan Orr,OAK_GOL,5.916666667,0
"Orr, Danny",Danny Orr,UMBC_RET,5.916666667,0
"Orr, Dillon",Dillon Orr,GRA_CAN,6.25,0
"Orr, Robert",Robert Orr,PAC_TIG,6.25,0
"Ortega, Efren",Efran Ortega,CAL_ANT,5.916666667,0
"Ortega, Max",Max Ortega,CAL_FUL,6,0
"Orth, Kirby",Kirby Orth,SAM_BEA,6.166666667,0
"Ortiz, Abel",Abel Ortiz,COP_STA,5.833333333,0
"Ortiz, Andrew",Andrew Ortiz,IND_SYC,5.833333333,0
"Ortiz, Angel",Angel Ortiz,NOR_AGG,5.916666667,0
"Ortiz, Avery",Avery Ortiz,OKL_COW,5.916666667,0
"Ortiz, Diego",Diego Ortiz,SOU_COU,6.083333333,0
"Ortiz, Jordan",Jordan Ortiz,LOY_LIO,6.166666667,0
"Orton, Mason",Mason Orton,NIU_HUS,6.166666667,0
"Osborne, Dylan",Dylan Osborne,PEP_WAV,6,0
"Osborne, Troy",Troy Osborne,POR_PIL,6.333333333,0
"Oschell, Charlie",Charlie Oschell,VIR_CAV,6.416666667,0
"Osoria, Dariel",Dariel Osoria,KAN_JAY,6,0
"Osorio-Agard, JC",JC Osorio-Agard,SAN_SPA,6.166666667,0
"Ossenfort, Matthew",Matt Ossenfort,MIC_WOL,6.25,0
"Ossiander, Josh",Josh Ossiander,WCC,6.083333333,0
"Oster, Jonah",Jonah Oster,CAM_CAM,6.166666667,0
"Oster, TJ",T.J. Oster,AIR_FOR,5.75,0
"Osterhouse, Justin",Justin Osterhouse,ALA_CRI,6.083333333,0
"Osting, Paul",Paul Osting,WIU_LEA,6,0
"Ostrander, Connor",Connor Ostrander,WMI_BRO,5.916666667,0
"Oswald, Garrett",Garrett Oswald,ALC_BRA,6.083333333,0
"Oswald, Gavin",Gavin Oswald,ALA_LIO,6.5,0
"Ott, Brett",Brett Ott,SAC_HOR,6.083333333,0
"Ott, Colby",Colby Ott,MUR_RAC,5.916666667,0
"Oughton, Traig",Traig Oughton,CAL_MAT,6.333333333,0
"Outlaw, Josh",Josh Outlaw,ILL_RED,6,0
"Ovalle, Barclay",Barclay Ovalle,FRE_BUL,6,0
"Overbay, Alex",Alex Overbay,ARI_SUN,6.166666667,0
"Overbeek, JoJo",Josiah Overbeek,ARM_BLA,6.333333333,0
"Overbeek, Josh",Josiah Overbeek,ARM_BLA,6.333333333,0
"Overbeek, Josh",Josh Overbeek,NEB,6.083333333,0
"Overton, Jordan",Jordan Overton,ION_GAE,6.083333333,0
"Owen, Jackson",Jackson Owen,MSU_BDG,5.833333333,0
"Owens, Austin",Austin Owens,GRA_CAN,5.916666667,0
"Owens, Brady",Brady Owens,WIC_SHO,6,0
"Owens, Carter",Carter Owens,MOR_EAG,6,0
"Owens, Tyson",Tyson Owens,KAN_JAY,6.083333333,0
"Oxborrow, Chayse",Chayse Oxborrow,CHA_FOR,6.083333333,0
"Oxendine, CJ",CJ Oxendine,VIR_TEC,6.083333333,0
"Pace Jr., Gregory",Greg Pace,MIC_WOL,6.25,0
"Pace, Jackson",Jackson Pace,PEP_WAV,6.416666667,0
"Pace, Sawyer",Sawyer Pace,BEL_KNI,5.916666667,0
"Pace, Zachari",Zachari Pace,TEX_TIG,6.333333333,0
"Pacella, Daniel",Daniel Pacella,OLE_REB,6.333333333,0
"Pacha, Brady",Brady Pacha,WIC_SHO,6.25,0
"Pack Jr., Anthony",Anthony Pack,TEX_LON,5.833333333,0
"Padgett, Cam",Cameron Padgett,NOR_TAR,6.25,0
"Pado, Blagen",Blagen Pado,COA_CHA,5.833333333,0
"Pagano, Joey",Joey Pagano,STJ_HAW,5.916666667,0
"Page-Allen, Will",Will Page-Allen,FRE_BUL,6.333333333,0
"Paige, Griffen",Griffen Paige,WRI_RAI,6.166666667,0
"Paino, Owen",Owen Paino,OLE_REB,6.25,0
"Painter, Keoni",Keoni Painter,BYU_COU,5.916666667,0
"Palencia, Fernando",Fernando Palencia,SAN_TOR,5.833333333,0
"Palermo, Mason",Mason Palermo,OAK_GOL,6,0
"Palinski, Max",Max Palinski,OHI_BOB,6.083333333,0
"Palkowski, Cade",Cade Palkowski,UWM_PAN,5.833333333,0
"Palmer, Andrew",Andrew Palmer,ETS_BUC,6.083333333,0
"Palmer, Blaine",Blaine Palmer,ABI_WIL,5.916666667,0
"Palmer, Laif",Laif Palmer,CAL_MUS,6.5,0
"Palmer, Ryne",Ryne Palmer,CAL_LAN,6.25,0
"Palmer, Will",Will Palmer,RAD_HIG,6,0
"Palmese, Jamie",Jamie Palmese,ETS_BUC,5.916666667,0
"Palms, Bryce",Bryce Palms,YSU_PEN,6.083333333,0
"Paltridge, Richard",Richie Paltridge,SIE_SAI,6.166666667,0
"Panariello, Ty",Ty Panariello,SBU_SEA,5.75,0
"Panaro, Carmen",Carmen Panaro,NIA_EAG,5.916666667,0
"Panepinto, Rocco",Rocco Panepinto,CAN_GRI,6.25,0
"Panganiban, Kyle",Kyle Panganiban,CAL_MAT,5.916666667,0
"Pangborn, Mason",Mason Pangborn,AUS_GOV,6.083333333,0
"Pankonin, Auden",Auden Pankonin,NEB,6.333333333,0
"Panks, Gavin",Gavin Panks,SOU_LIO,6,0
"Pannell, Jacob",Jacob Pannell,CEN_BEA,6.166666667,0
"Panneton, Brian",Brian Panneton,TAR_TEX,6.083333333,0
"Paone, John",John Paone,VIR_CAV,6.25,0
"Papacek, Ethan",Ethan Papacek,BGS_FAL,6.166666667,0
"Papay, Brody",Brody Papay,WRI_RAI,6.333333333,0
"Papciak, Will",Will Papciak,DAV_WIL,6.166666667,0
"Papenbrock, Tyler",Tyler Papenbrock,LOU_CAJ,6.333333333,0
"Papeo, Frank",Frank Papeo,RID_BRO,6,0
"Papetti, Cam",Cam Papetti,BRY_BUL,6.166666667,0
"Paplanus, Malachi",Malachi Paplanus,WRI_RAI,6.083333333,0
"Parache, Nuno",Nuno Parache,NIC_COL,6.083333333,0
"Paradine, Aidan",Aidan Paradine,SIE_SAI,6,0
"Parcell, Charlie",Charlie Parcell,NIU_HUS,6,0
"Pardo, Anthony",Anthony Pardo,NOR_BIS,6.166666667,0
"Pare, Matteo",Matteo Pare,TRO_TRJ,6.333333333,0
"Parham, Nick",Nick Parham,ECU_PIR,6,0
"Paris, Derek",Derek Paris,UMBC_RET,5.833333333,0
"Parise, Luke",Luke Parise,STJ_HAW,6.083333333,0
"Park, Austin",Austin Park,BYU_COU,6.083333333,0
"Park, Dawson",Dawson Park,TEX_BOB,5.916666667,0
"Park, Jayce",Jayce Park,OLD_MON,5.916666667,0
"Park, Matt",Matt Park,QUI_BOB,5.916666667,0
"Park, Rowan",Rowan Park,UNI_WES,6.083333333,0
"Parker, Aiden",Aiden Parker,GEO_PAT,6.583333333,0
"Parker, Brigden",Brigden Parker,LIT_TRO,6.166666667,0
"Parker, Daniel",Daniel Parker,COA_CHA,6,0
"Parker, Darnell",Darnell Parker,CAM_CAM,6.083333333,0
"Parker, Erik",Erik Parker,SOU_GAM,6.25,0
"Parker, Jacob",Jacob Parker,MSU_BDG,6.25,0
"Parker, Kade",Kade Parker,LOU_BUL,6.166666667,0
"Parker, Landon",Landon Parker,NJI_HIG,5.833333333,0
"Parker, Ryan",Ryan Parker,SAC_PIO,6.083333333,0
"Parker, Sam",Sam Parker,MIZ_TIG,6.333333333,0
"Parker, William",William Parker,ARM_BLA,6.166666667,0
"Parkinson, William",Will Parkinson,VIL_WIL,6.25,0
"Parks, Cooper",Cooper Parks,SOU_GAM,6.166666667,0
"Parks, Devin",Devin Parks,RAD_HIG,6,0
"Parks, Samuel",Sam Parks,STO_COL,5.666666667,0
"Parks, Tyler",Tyler Parks,NCA_BUL,5.75,0
"Parmer, Broc",Broc Parmer,UTS_ROA,6.25,0
"Parnell, Keilon",Keilon Parnell,ALA_ANM,6,0
"Parnell, Shawn",Shawn Parnell,NOK_NOR,5.833333333,0
"Parr, Jacob",Jacob Parr,OSU_BUC,6.333333333,0
"Parsky, Izzy",Izzy Parsky,DAR_GRE,6.166666667,0
"Parson, Grant",Grant Parson,IND_SYC,6.416666667,0
"Parsons, JJ",JJ Parsons,UNC_SPA,5.833333333,0
"Parsons, Kiefer",Kiefer Parsons,SOU_IND16,6.166666667,0
"Partida, Nicholas",Nico Partida,TEX_AGG,6,0
"Parzych, Adam",Adam Parzych,FLO_RAT,6.083333333,0
"Pascarella, Cory",Cory Pascarella,MON_HAW,6,0
"Paschke, Tanner",Tanner Paschke,LIN_UNI,6,0
"Paskell, Anthony",Anthony Paskell,RID_BRO,5.916666667,0
"Passo, Dylan",Dylan Passo,NOT_IRI,6.166666667,0
"Pate, Jaxon",Jaxon Pate,JAC_GAM,5.916666667,0
"Patel, Aryan",Aryan Patel,CIT_BUL,6,0
"Patel, Mason",Mason Patel,GIT_YEL,6.083333333,0
"Patel, Sahil",Sahil Patel,OSU_BUC,6,0
"Patrick, Tyler",Tyler Patrick,FRE_BUL,6.083333333,0
"Patrick, William",William Patrick,LSU_TIG,6.166666667,0
"Patrissi, Derek",Derek Patrissi,WAG_SEA,5.583333333,0
"Patrizi, Dom",Dom Patrizi,LEH_MOU,5.833333333,0
"Patten, Brett",Brett Patten,FAU_OWL,6.166666667,0
"Patterson, Cade",Cade Patterson,LOU_BUL,6.083333333,0
"Patterson, Christopher",Chris Patterson,MIZ_TIG,6.25,0
"Patterson, Daniel",Daniel Patterson,PEP_WAV,6.166666667,0
"Patterson, Derek",Derek Patterson,ALC_BRA,5.666666667,0
"Patterson, Karim",Karim Patterson,UIC_FLA,6.083333333,0
"Patterson, Parker",Parker Patterson,MUR_RAC,5.833333333,0
"Patterson, Tripp",Tripp Patterson,ALA_LIO,6.166666667,0
"Patterson, Will",Will Patterson,ABI_WIL,6.5,0
"Patton, Sam",Sam Patton,OAK_GOL,6,0
"Patty, Tyshon",Tyshon Patty,JAC_TIG,6.083333333,0
"Paul, Aidan",Aidan Paul,HIG_PAN,6.25,0
"Paul, Mic",Mic Paul,WAS_HUS,5.833333333,0
"Paulick, Jake",Jake Paulick,NOK_NOR,6.166666667,0
"Paulino, Enger",Enger Paulino,STB_BON,6.25,0
"Paulino, Kelvyn",Kelvyn Paulino,FLO_SEM,6.083333333,0
"Paulsen, Erik",Erik Paulsen,NOR_TAR,6.25,0
"Pavia, Niklas",Nik Pavia,DAY_FLY,6.333333333,0
"Pavone, Dante",Dante Pavone,BUC_BIS,6.333333333,0
"Pawlowski, Connor",Connor Pawlowski,BEL_KNI,6.25,0
"Paxson, Will",Will Paxson,OAK_GOL,6.166666667,0
"Paxton, Thomas",Thomas Paxton,ECU_PIR,6.333333333,0
"Payamps, Andrelys",Andrelys Payamps,ION_GAE,5.916666667,0
"Payne, Alex",Alex Payne,LAF_LEP,6.083333333,0
"Payne, Carter",Carter Payne,PRE_BLH,6,0
"Payne, Corbin",Corbin Payne,CHA_BUC,6.083333333,0
"Payne, Jacob",Jacob Payne,TOL_ROC,6.25,0
"Payne, Luke",Luke Payne,ECU_PIR,6.333333333,0
"Payne, Zandt",Zandt Payne,ABI_WIL,5.833333333,0
"Payton, Colten",Colten Payton,UTM_SKY,6.333333333,0
"Paz, Marcos",Marcos Paz,LSU_TIG,6.166666667,0
"Paz, Sebastian",Sebastian Paz,GAR_RUN,5.833333333,0
"Pazdera, James",James Pazdera,QUI_BOB,6.25,0
"Peak, Austyn",Austyn Peak,MOR_EAG,6.083333333,0
"Pearce, Charles",Charlie Pearce,OLD_MON,6.083333333,0
"Pearcy, Kyle",Kyle Pearcy,OKL_COW,6.25,0
"Pearson, Hayden",Hayden Pearson,LOU_CAJ,6.083333333,0
"Pearson, John",John Pearson,LSU_TIG,6,0
"Pease, Jaxson",Jaxson Pease,TEN_TEC,6.083333333,0
"Pease, Samuel",Sam Pease,NCB,5.916666667,0
"Peavy, Jackson",Jackson Peavy,GEO_BUL,6.25,0
"Peck, Alexander",Alexander Peck,ARK_RAZ,6.333333333,0
"Peck, Bryan",Bryan Peck,CAL_LAN,6.166666667,0
"Peck, Maddax",Maddax Peck,UTA_WOL,6.083333333,0
"Pedersen, Jacob",Jacob Pedersen,RUT_SCA,5.833333333,0
"Pederson, Spencer",Spencer Pederson,LIN_UNI,5.916666667,0
"Peek, Connor",Connor Peek,GEO_HOY,5.833333333,0
"Peeples, Ty",Ty Peeples,GEO_BUL,6.166666667,0
"Peer, Kaden",Kaden Peer,MIZ_TIG,6.166666667,0
"Peery, Cannon",Cannon Peery,GRA_CAN,6.25,0
"Peifer, Wyatt",Wyatt Peifer,NOR_WOL,6.166666667,0
"Peissel, Julien",Julien Peissel,NOR_WOL,6.083333333,0
"Peitz, Travis",Travis Peitz,GEO_COL,6.25,0
"Pelayo, Elijah",Elijah Pelayo,CSU_BAK,5.916666667,0
"Peltier, Alex",Alex Peltier,ECU_PIR,6.166666667,0
"Peltier, JP",JP Peltier,WRI_RAI,6.25,0
"Pena, Daylan",Daylan Pena,MUR_RAC,6.083333333,0
"Pena, Diego",Diego Pena,WMI_BRO,6.083333333,0
"Pena, Esaid",Esaid Peña,ALA_HOR,6.083333333,0
"Pena, Ethan",Ethan Pena,STE_LUM,6,0
"Pena, Joshua",Joshua Pena,TEX_TIG,6.333333333,0
"Pena, Matthew",Matthew Pena,CAL_MAT,6,0
"Pena, Orlando",Orlando Peña,JAC_GAM,6,0
"Pendleton, Arlo",Arlo Pendleton,CAL_MUS,6.416666667,0
"Pendley, Brady",Brady Pendley,GEO_EAG,6.083333333,0
"Penfield, Landon",Landon Penfield,COL_CHA,6.083333333,0
"Penn, Taylor",Taylor Penn,ARI_SUN,6.416666667,0
"Pennella, JP",JP Pennella,UNC_SEA,5.833333333,0
"Penney, Ryan",Ryan Penney,PRI_TIG,6.333333333,0
"Penney, Scott",Scott Penney,RHO_RAM,6.083333333,0
"Pennington, Mason",Mason Pennington,SOU_RED,6.25,0
"Pennington, Wyatt",Wyatt Pennington,EVA_ACE,6,0
"Penswick, Robbie",Robbie Penswick,ARM_BLA,6.166666667,0
"Pepe, Nic",Nic Pepe,MAI_BLA,5.75,0
"Peralta, Erick",Erick Peralta,MIA_HUR,6.416666667,0
"Peralta, Fabio",Fabio Peralta,MIA_HUR,6.166666667,0
"Perando, Austin",Austin Perando,TOW_TIG,6.166666667,0
"Perazza, Michael",Michael Perazza,FAU_OWL,6.25,0
"Perazzo, Michael",Michael Perazzo,SAC_HOR,5.75,0
"Percival, Kyle",Kyle Percival,NOR_TAR,6.416666667,0
"Percival, Louis",Louis Percival,SIE_SAI,6,0
"Perera Arellano, Kelven",Kelven Perera,OLE_REB,6.083333333,0
"Perez, Aaron",Aaron Perez,LON_DIR,6.166666667,0
"Perez, Adan",Adan Perez,PAC_TIG,6.333333333,0
"Perez, Brooks",Brooks Perez,DUK_BLU,6,0
"Perez, Danny",Danny Perez,STE_HAT,6,0
"Perez, David",David Perez,WES_MOU,5.833333333,0
"Perez, Dylan",Dylan Perez,BAY_BEA,6,0
"Perez, Frank",Frank Perez,BET_WIL,6,0
"Perez, Jaime",Jaime Perez,GRA_CAN,5.916666667,0
"Perez, Kenneth",Kenneth Perez,WIU_LEA,5.833333333,0
"Perez, Matthew",Matthew Perez,FLO_RAT,5.916666667,0
"Perez, Sebastian",Sebastian Perez,CHA_FOR,6.416666667,0
"Perez, Waldier",Waldie Perez,CAL_FUL,6.083333333,0
"Perez, Xavier",Xavier Perez,HOU_COU,6,0
"Pergamit, Hudson",Hudson Pergamit,MAN_JAS,6.083333333,0
"Perilli, Quinten",Quinten Perilli,RUT_SCA,6.166666667,0
"Perkins, Ashton",Ashton Perkins,IWC,6.25,0
"Perkins, Kaul",Kaul Perkins,NIC_COL,6,0
"Perkins, Maalik",Maalik Perkins,BAL_CAR,5.5,0
"Perkins, Wilson",Wilson Perkins,DAV_WIL,6.166666667,0
"Perkowski, Will",Will Perkowski,DAY_FLY,6.333333333,0
"Perri, Joseph",Joe Perri,ALB_GRE,5.75,0
"Perriello, Luca",Luca Perriello,MER_BEA,6,0
"Perritano, Anthony",Anthony Perritano,MUR_RAC,6,0
"Perrotta, Antonio",Antonio Perrotta,VIR_CAV,6.333333333,0
"Perry, Alex",Alex Perry,SOU_LIO,6.333333333,0
"Perry, Andrew",Andrew Perry,BEL_BRU,6,0
"Perry, Gavin",Gavin Perry,WES_HIL,6.416666667,0
"Perry, Hayden",Hayden Perry,SAM_BUL,6,0
"Perry, Nick",Nick Perry,ARL_MAV,6.416666667,0
"Pesca, Mario",Mario Pesca,OKL_COW,6.666666667,0
"Pesci, Anthony",Anthony Pesci,ALA_CRI,6.333333333,0
"Peters, Eddie",Eddie Peters,XAV_MUS,6.166666667,0
"Peters, Jackson",Jackson Peters,GEO_PAT,6.416666667,0
"Peters, Kyle",Kyle Peters,UCO_HUS,6,0
"Peters, Quade",Quade Peters,EIU_PAN,5.666666667,0
"Peters, Zachary",Zach Peters,VCU_RAM,6.25,0
"Petersen, Chris",Chris Petersen,THO_M,6.333333333,0
"Petersen, Mika",Mika Petersen,BRO_BEA,5.833333333,0
"Peterson, Ben",Ben Peterson,STJ_HAW,6,0
"Peterson, Blake",Blake Peterson,TEX_LON,6.083333333,0
"Peterson, Brandon",Brandon Peterson,NJI_HIG,6,0
"Peterson, Colt",Colt Peterson,STA_CAR,6,0
"Peterson, Gage",Gage Peterson,APP_MOU,6.416666667,0
"Peterson, James",James Peterson,ALA_HOR,6.166666667,0
"Peterson, Jonathan",Jonathan Peterson,SAC_PIO,6.166666667,0
"Peterson, Liam",Liam Peterson,FLA_GAT,6.416666667,0
"Peterson, Nic",Nic Peterson,SAN_GAU,6.166666667,0
"Peterson, Riley",Riley Peterson,UWM_PAN,6.083333333,0
"Peterson, Ryan",Ryan Peterson,SAM_BEA,6.25,0
"Peterson, Tyce",Tyce Peterson,SAN_AZT,5.833333333,0
"Peterson, Winston",Winston Peterson,PEP_WAV,6.666666667,0
"Petit, Brady",Brady Petit,STM_GAE,6.166666667,0
"Petite, Michael",Michael Petite,VCU_RAM,6,0
"Petraitis, AJ",AJ Petraitis,MOY_MOY,6.416666667,0
"Petrey, Dylan",Dylan Petrey,SIU_SAL,5.833333333,0
"Petrich, Owen",Owen Petrich,VIR_TEC,6.166666667,0
"Petrie, John",John Petrie,STM_GAE,6.25,0
"Petrone, Ben",Ben Petrone,DUK_BLU,6,0
"Petrovic, Alex",Alex Petrovic,AUB_TIG,6.333333333,0
"Petrucelli, Gabe",Gabe Petrucelli,SIU_SAL,5.666666667,0
"Pettersen, Kyle",Kyle Pettersen,CAL_AGO,6,0
"Pettey, Corden",Corden Pettey,CAL_MUS,6.166666667,0
"Petteys, William",William Petteys,GEO_PAN,6.166666667,0
"Pettitte, Luke",Luke Pettitte,DAL_PAT,6.166666667,0
"Pezzolo, Jack",Jack Pezzolo,CAL_AGO,5.916666667,0
"Pfeifer, Isaac",Isaac Pfeifer,POR_PIL,5.916666667,0
"Pfeiffer, Michael",Michael Pfeiffer,EMU_EAG,6.166666667,0
"Pfister, Jax",Jax Pfister,NCB,6.166666667,0
"Phelps, Bryce",Bryce Phelps,IOW_HAW,6.166666667,0
"Phelps, Tre",Tre Phelps,GEO_BUL,6.166666667,0
"Phenow, Tyler",Tyler Phenow,TCU_HFG,6.5,0
"Phetluangsy, Tai",Tai Phetluangsy,TAR_TEX,5.916666667,0
"Phillips, Amp",Amp Phillips,SOU_GAM,6.083333333,0
"Phillips, Austin",Austin Phillips,ARL_MAV,6.166666667,0
"Phillips, Ayden",Ayden Phillips,JUD,6.083333333,0
"Phillips, Brennan",Brennan Phillips,OKL_COW,6.083333333,0
"Phillips, Carson",Carson Phillips,MER_UNI,6.166666667,0
"Phillips, Ethan",Ethan Phillips,STE_HAT,6.083333333,0
"Phillips, Hampton",Hampton Phillips,GRA_TIG,5.75,0
"Phillips, Jase",Jase Phillips,SOU_COU,6.25,0
"Phillips, Kelton",Kelton Phillips,AKR_ZIP,5.75,0
"Phillips, Nolan",Nolan Phillips,THO_M,5.583333333,0
"Phillips, Tyler",Tyler Phillips,EKU_COL,6.25,0
"Phinney, Emmitt",Emmitt Phinney,SAN_SPA,6.25,0
"Phypers, Owen",Owen Phypers,NAV_MID,6.166666667,0
"Piasecki, Aaron",Aaron Piasecki,TRO_TRJ,5.833333333,0
"Pica, Caleb",Caleb Pica,LIP_BIS,6.583333333,0
"Picarelli, Brady",Brady Picarelli,SAL_JAG,6.25,0
"Pichardo, Franklin",Franklin Pichardo,MAR_TER,6.166666667,0
"Pickens, John Michael",John Michael Pickens,MTSU_BLU,6,0
"Pickering, Mason",Mason Pickering,AUS_GOV,5.916666667,0
"Pickett, Mikey",Mikey Pickett,FRE_BUL,5.916666667,0
"Picot, Parker",Parker Picot,MIC_SPA,6.083333333,0
"Piech, Ryan",Ryan Piech,XAV_MUS,6.25,0
"Pierro, Will",William Pierro,THO_M,6,0
"Pierzynski, Austin",Austin Pierzynski,UAB_BLA,6.25,0
"Pieto, Dominic",Dom Pieto,JUD,6,0
"Pikur, Logan",Logan Pikur,MIC_SPA,6.333333333,0
"Pilarski, Mason",Mason Pilarski,WMI_BRO,6.083333333,0
"Pilla, Johnny",Johnny Pilla,SBU_SEA,5.916666667,0
"Pillot, Braelin",Braelin Pillot,IWC,6.333333333,0
"Pillsbury, Eli",Eli Pillsbury,JAC_GAM,6.166666667,0
"Pimental, Javyn",Javyn Pimental,MIZ_TIG,6.25,0
"Pimentel, Nathaniel",Nathaniel Pimentel,CSU_BAK,6,0
"Pimentel-Guerrero, Luis",Luis Pimentel-Guerrero,SAC_HOR,5.75,0
"Pincince, Owen",Owen Pincince,SIE_SAI,6,0
"Pineau, Jack",Jack Pineau,CRE_BLU,6,0
"Pineda, Jake",Jake Pineda,ARM_BLA,5.916666667,0
"Pineiro, Joel",Joel Piñeiro,CIN_BEA,6.083333333,0
"Pinkerton, Dj",Daniel Pinkerton,MCN_COW,6.083333333,0
"Pinkney, Hugh",Hugh Pinkney,TUL_GRE,6.166666667,0
"Pintar, Luka",Luka Pintar,SAN_SPA,6.166666667,0
"Piper, Logan",Logan Piper,SAN_TOR,5.833333333,0
"Pipia, Marco",Marco Pipia,ION_GAE,6.083333333,0
"Pippenger, Cole",Cole Pippenger,LIP_BIS,6,0
"Pirello, Mason",Mason Pirello,WAS_COU,5.75,0
"Pirko, Lukas",Lukas Pirko,TEX_RAI,6.083333333,0
"Pisacreta, Sebastian",Sebastian Pisacreta,PIT_PAN,6,0
"Pitts, Derrick",Derrick Pitts,CIN_BEA,6.166666667,0
"Pitts, Joe",Joe Pitts,UCO_HUS,6.416666667,0
"Pitts, Robert",Robert Pitts,CAL_HIG,5.833333333,0
"Pitts, Samuel",Sam Pitts,IWC,6,0
"Pitzer, Tyler",Tyler Pitzer,MSU_BDG,6.166666667,0
"Piwnicki, Camren",Camren Piwnicki,BRO_BEA,5.916666667,0
"Plainte, Jake",Jake Plainte,BRO_BEA,6,0
"Plante, Gunnar",Gunnar Plante,UNI_WES,6.666666667,0
"Plasschaert, Zach",Zach Plasschaert,FRE_BUL,6.25,0
"Plata, Garret",Garret Plata,PAC_TIG,6,0
"Platte, Stephen",Stephen Platte,CIT_BUL,6,0
"Plattner, Will",Will Plattner,ALA_CRI,6.083333333,0
"Pleasant, Carver",Carver Pleasant,UNC_SEA,6.083333333,0
"Plesser, Ethan",Ethan Plesser,LON_LAN,6.166666667,0
"Plisinski, Austin",Austin Plisinski,PEP_WAV,6.166666667,0
"Plog, Ethan",Ethan Plog,LSU_TIG,6.083333333,0
"Plumley, Ben",Ben Plumley,ILL_ILL,6.166666667,0
"Plummer, Aidan",Aidan Plummer,DAR_GRE,6.083333333,0
"Plummer, Michael",Mikey Plummer,NAV_MID,6,0
"Plyler, Ethan",Ethan Plyler,COL_CHA,6,0
"Pocol, Ashton",Ashton Pocol,FGCU,6.166666667,0
"Podgorski, John",JP Podgorski,VIL_WIL,6.083333333,0
"Poe, Aiden",Aiden Poe,AIR_FOR,5.916666667,0
"Poe, Camron",Camron Poe,GEO_HOY,6.25,0
"Pohorski, Quentin",Quentin Pohorski,SAN_DON,6.416666667,0
"Pointbrant, Dominic",Dominic Pontbriant,USF_BUL,6.25,0
"Poirrier, Cole",Cole Poirrier,NIC_COL,6.25,0
"Pokrovsky, Jarrett",Jarrett Pokrovsky,PEN_QUA,5.833333333,0
"Pokrovsky, Luke",Luke Pokrovsky,PEN_QUA,6.083333333,0
"Polasek, Daniel",Daniel Polasek,CAL_ANT,5.916666667,0
"Polemeni, Chris",Chris Polemeni,UCO_HUS,6,0
"Poliey, Clayton",Clayton Polley,RID_BRO,6,0
"Politte, Drew",Drew Politte,BRA_BRA,6,0
"Polizzi, Stephen",Steve Polizzi,SPU_PEA,5.916666667,0
"Polk, Howell",Howell Polk,HIG_PAN,6.083333333,0
"Polk, Lakin",Lakin Polk,SOU_LIO,6.333333333,0
"Polk, Landon",Landon Polk,UNC_SPA,6,0
"Polk, Matt",Matt Polk,ARI_SUN,5.916666667,0
"Pollack, Kyle",Kyle Pollack,MAR_RED,6,0
"Pollard, Davin",Davin Pollard,QUN_RYL,6.333333333,0
"Pollard, Pearson",Pearson Pollard,TEX_ISL,5.916666667,0
"Pollaro, Jake",Jake Pollaro,DEL_BLU,6.416666667,0
"Polledo, Jeter",Jeter Polledo,BET_WIL,5.833333333,0
"Polley, Griffin",Griffin Polley,JMU_DUK,6.166666667,0
"Pollock, Aiden",Aiden Pollock,NEV_WOL,5.916666667,0
"Polubinski, Josh",Josh Polubinski,WMI_BRO,6.416666667,0
"Pomatto, Zach",Zach Pomatto,NOK_NOR,6,0
"Pomeroy, Deacon",Deacon Pomeroy,OKL_COW,6.333333333,0
"Pomper, Griffin",Griffin Pomper,JUD,6,0
"Pompey, TJ",TJ Pompey,ARK_RAZ,6.333333333,0
"Pomponi, Braden",Braden Pomponi,LAF_LEP,6,0
"Ponce, Willie",Willie Ponce,HIG_PAN,5.666666667,0
"Poncini, Michael",Mike Poncini,QUI_BOB,6.333333333,0
"Pontari, Matthew",Matt Pontari,SET_PIR,6,0
"Poole, Owen",Owen Poole,XAV_MUS,6.166666667,0
"Popick, JT",JT Popick,UTM_SKY,6,0
"Popoff, Tommy",Tommy Popoff,BIN_BEA,6.083333333,0
"Poppell, Rhyder",Rhyder Poppell,CIT_BUL,5.833333333,0
"Poppen, Mason",Mason Poppen,STE_LUM,5.833333333,0
"Porche, Ryan",Ryan Porche,HBU_HUS,6.333333333,0
"Porras, Daniel",Danny Porras,WAS_HUS,6.166666667,0
"Porter, Ethan",Ethan Porter,ORE_BEA,6.083333333,0
"Porter, Hollis",Hollis Porter,TEX_RAI,6.333333333,0
"Porter, Hunter",Hunter Porter,CHA_BUC,6.333333333,0
"Porter, Jack",Jack Porter,PEN_NIT,6.083333333,0
"Porter, Jake",Jake Porter,SOU_IND16,6,0
"Porter, Jalen",Jalen Porter,ARK_LIO,6.333333333,0
"Porter, Matt",Matt Porter,LIB_FLA,6,0
"Porter, Zach",Zach Porter,WOF_TER,6,0
"Posey, Aaron",Aaron Posey,KEN_OWL,6.083333333,0
"Possehl, Hunter",Hunter Possehl,FGCU,6.583333333,0
"Potestio, Anthony",Anthony Potestio,CSD_TRI,5.916666667,0
"Potteiger, Jack",Jack Potteiger,CEN_MIC,6.416666667,0
"Potter, Myles",Myles Potter,FLO_RAT,6.25,0
"Potts, Jake",Jake Potts,LIB_FLA,6.25,0
"Potts, Tristan",Tristan Potts,NOR_WOL,6.166666667,0
"Potts, Tyson",Tyson Potts,CEN_MIC,6.166666667,0
"Poturnak, Jakob",Jakob Poturnak,SAC_HOR,6.083333333,0
"Pourciau, Clayton",Clayton Pourciau,NIC_COL,6,0
"Powell, Brady",Brady Powell,RAD_HIG,5.666666667,0
"Powell, Chandler",Chandler Powell,MER_UNI,5.833333333,0
"Powell, Cooper",Cooper Powell,TEX_AGG,5.916666667,0
"Powell, Daniel",Daniel Powell,KEN_OWL,6.166666667,0
"Powell, Michael",Michael Powell,PEN_QUA,6.25,0
"Power, Trey",Trey Power,ALA_HOR,5.833333333,0
"Powers, Callen",Callen Powers,UMA_AMH,6.416666667,0
"Powers, Kyle",Kyle Powers,JUD,6.166666667,0
"Pownall, Christian",Christian Pownall,MSM_MTN,6,0
"Poynter, Bradley",Bradley Poynter,MOR_EAG,6.416666667,0
"Pozzi, Dante",Dante Pozzi,GEO_HOY,6,0
"Prado, Gerardo",Gerardo Prado,OKL_SOO,6.25,0
"Prather, Hideki",Hideki Prather,CAL_BEA,5.833333333,0
"Pratt, Khaleel",Khaleel Pratt,EKU_COL,6.416666667,0
"Pratt, Logan",Logan Pratt,SOU_GOL,6.416666667,0
"Pregeant, Cade",Cade Pregeant,LAM_CAR,5.666666667,0
"Preisano, Ryan",Ryan Preisano,WAK_DEA,6.333333333,0
"Pressley, Devin",Devin Pressley,GAR_RUN,6.166666667,0
"Prestwich, Chase",Chase Prestwich,NOR_DEM,5.916666667,0
"Prettol, Ryan",Ryan Prettol,HBU_HUS,6.416666667,0
"Price, Connor",Connor Price,GEO_HOY,6,0
"Price, Gavin",Gavin Price,ULM_WAR,6.25,0
"Price, JT",JT Price,NMS_AGG,6,0
"Price, Jackson",Jackson Price,DIX_STE,6.083333333,0
"Price, Jacob",Jacob Price,EKU_COL,6.333333333,0
"Price, Landon",Landon Price,OHI_BOB,5.75,0
"Price, Max",Max Price,UAB_BLA,6.333333333,0
"Price, Ryan",Ryan Price,STJ_HAW,6.25,0
"Pridgen, Jaxson",Jaxon Pridgen,TEN_TEC,6.166666667,0
"Pridgen, Paris",Paris Pridgen,AUS_GOV,6,0
"Priest, Matthew",Matt Priest,WAS_COU,6,0
"Priester, Blaise",Blaise Priester,SOU_LIO,6.083333333,0
"Prieto, Joshua",Josh Prieto,TEX_TIG,5.916666667,0
"Primeaux, DJ",DJ Primeaux,LSU_TIG,5.833333333,0
"Primrose, Blake",Blake Primrose,STJ_HAW,5.916666667,0
"Prince, Dylan",Dylan Prince,BRY_BUL,5.833333333,0
"Prindl, Henry",Henry Prindl,CRE_BLU,6.416666667,0
"Pringle, Lucas",Lucas Pringle,CHA_BUC,6.083333333,0
"Prior, Ryan",Ryan Prior,VIR_CAV,6.25,0
"Prisco, Logan",Logan Prisco,SOU_GAM,6.333333333,0
"Proctor, Jackson",Jackson Proctor,CIT_BUL,5.833333333,0
"Proctor, Josh",Josh Proctor,ORE_BEA,6.416666667,0
"Proctor, Keenan",Keenan Proctor,MIA_RED,6.083333333,0
"Proctor, Kyler",Kyler Proctor,AUS_GOV,5.833333333,0
"Proehl, Luke",Luke Proehl,MAR_THU,6.25,0
"Prosper, Genesis",Genesis Prosper,SOU_JAG,6.166666667,0
"Prout, Cole",Cole Prout,CEN_MIC,6.166666667,0
"Prozny, Max",Max Prozny,GEO_EAG,5.666666667,0
"Pruett, Brad",Brad Pruett,GEO_BUL,6.25,0
"Pruitt, Cameron",Cam Pruitt,LIP_BIS,5.833333333,0
"Pruitt, Ryan",Ryan Pruitt,USF_BUL,5.916666667,0
"Pruitt, Sawyer",Sawyer Pruitt,LOU_CAJ,6.583333333,0
"Pruski, Logan",Logan Pruski,NCB,6.25,0
"Puckett, Brock",Brock Puckett,LIP_BIS,6.333333333,0
"Puckett, Stewart",Stewart Puckett,SAL_JAG,5.833333333,0
"Pudenz, Payton",Payton Pudenz,CSU_BAK,6,0
"Puder, Adam",Adam Puder,THO_M,6,0
"Pudlo, Hunter",Hunter Pudlo,JAC_GAM,6.583333333,0
"Pudvar, Oliver",Oliver Pudvar,UCO_HUS,5.916666667,0
"Puetz, Parker",Parker Puetz,NOR_BIS,6.25,0
"Puffinbarger, Luke",Luke Puffinbarger,ORA_GOL,6.416666667,0
"Pugh, Ryan",Ryan Pugh,DEL_BLU,6,0
"Pugh, Samson",Samson Pugh,TEX_BOB,6,0
"Puglisi, Nolan",Nolan Puglisi,SIE_SAI,6.333333333,0
"Puig , Alejandro",Alejandro Puig,DAR_GRE,6,0
"Puig, Alejandro",Alejandro Puig,DAR_GRE,6,0
"Puig, Ethan",Ethan Puig,APP_MOU,5.833333333,0
"Pulliam, Ben",Ben Pulliam,LON_LAN,6.083333333,0
"Pumphrey, Cooper",Cooper Pumphrey,EKU_COL,6.583333333,0
"Puodziunas, Erik",Erik Puodziunas,MIC_WOL,6.25,0
"Purcell, Brodie",Brodie Purcell,FLO_SEM,6.25,0
"Purdy, Andrew",Andrew Purdy,ALA_CRI,6.166666667,0
"Purify, Jarren",Jarren Purify,CLE_TIG,5.833333333,0
"Pusteoska, Kinnick",Kinnick Pusteoska,GEO_PAN,6.416666667,0
"Putnam, Colby",Colby Putnam,GAR_RUN,6,0
"Putnam, Eli",Eli Putnam,FLO_SEM,6.333333333,0
"Putty, AJ",AJ Putty,ILL_ILL,6.333333333,0
"Pye, Jack",Jack Pye,WM_TRI,6.166666667,0
"Pyle, Andrew",Andrew Pyle,DIX_STE,6.083333333,0
"Pyne, Garrett",Garrett Pyne,DAV_WIL,6.5,0
"Pyne, Josh",Josh Pyne,TRO_TRJ,6,0
"Pyszka, Andrew",Andrew Pyszka,UIC_FLA,6.083333333,0
"Quagliano, Coltin",Coltin Quagliano,DUK_BLU,5.833333333,0
"Qualia, Jake",Jake Qualia,UTS_ROA,6.083333333,0
"Quarless, Noah",Noah Quarless,WCC,6.083333333,0
"Quarrie, Marc",Marc Quarrie,WOF_TER,6.083333333,0
"Quatrani, Mark",Mark Quatrani,NOT_IRI,5.916666667,0
"Quedens, Michael",Michael Quedens,MIC_WOL,6.083333333,0
"Queen, Matt",Matt Queen,PEP_WAV,5.916666667,0
"Queen, Wyatt",Wyatt Queen,ORE_BEA,6.166666667,0
"Quezada, Adrian",Adrian Quezada,QUN_RYL,6.166666667,0
"Quiban, Rominic",Rominic Quiban,NEV_WOL,5.833333333,0
"Quick, Jack",Jack Quick,WIC_SHO,6.166666667,0
"Quick, Michael",Michael Quick,BRA_BRA,6,0
"Quigley, Jack",Jack Quigley,MAI_BLA,5.75,0
"Quiles, Evimael",Evimael Quiles,UNI_WES,6.083333333,0
"Quiller, Ashton",Ashton Quiller,ASU_RED,5.75,0
"Quimby, Bryant",Bryant Quimby,SAL_JAG,6.25,0
"Quinichett, Agyei",Agyei Quinichett,NOR_AGG,6,0
"Quinlan, Jack",Jack Quinlan,ARM_BLA,5.916666667,0
"Quinn, Aidan",Aidan Quinn,LEH_MOU,6,0
"Quinn, Konner",Konner Quinn,SOU_IND16,6.416666667,0
"Quinn, Owen",Owen Quinn,BAL_CAR,6.333333333,0
"Quinn, Walter",Walter Quinn,TCU_HFG,6.333333333,0
"Quintana, Daniel",Daniel Quintana,RAD_HIG,6.25,0
"Quintana, Gregory",Gregory Quintana,LAF_LEP,6,0
"Quintanar, Matt",Matt Quintanar,TEX_RAI,6,0
"Quintano, Collin",Collin Quintano,VIL_WIL,6.25,0
"Raab, JT",JT Raab,GEO_HOY,6.416666667,0
"Raabe, Evan",Evan Raabe,THO_M,6,0
"Rabatin, Ben",Ben Rabatin,KS_GF,6,0
"Rabe, Taylor",Taylor Rabe,OLE_REB,6.416666667,0
"Rabin, Noah",Noah Rabin,UCF_KNI,5.916666667,0
"Raccuia, Joey",Joey Raccuia,RAD_HIG,5.833333333,0
"Radbill, Henry",Henry Radbill,RUT_SCA,6,0
"Radcliffe, Jacoby",Jacoby Radcliffe,SOU_JAG,6,0
"Radel, Jack",Jack Radel,NOT_IRI,6.416666667,0
"Rader, Brayden",Brayden Rader,STO_COL,6,0
"Rader, Jeremy",Jeremy Rader,HBU_HUS,6,0
"Radosevich, Jake",Jake Radosevich,LIN_UNI,6,0
"Raether, Carson",Carson Raether,MIA_RED,5.75,0
"Ragas, Chase",Chase Ragas,ALC_BRA,5.666666667,0
"Ragat, Aaron",Aaron Ragat,BEL_KNI,5.833333333,0
"Rager, Cord",Cord Rager,OKL_SOO,6.5,0
"Rahe, Boede",Boede Rahe,KAN_JAY,6.5,0
"Raifstanger, Jayder",Jayder Raifstanger,STJ_RED,6.083333333,0
"Raineri, Kaysen",Kaysen Raineri,TEX_RAI,6.083333333,0
"Rains, Colin",Colin Rains,NOR_DEM,6.166666667,0
"Rakers, Easton",Easton Rakers,LIN_UNI,6,0
"Ralamb, Karl",Karl Ralamb,BEL_KNI,6.333333333,0
"Raleigh, Brody",Brody Raleigh,WCC,5.833333333,0
"Ralph, Owen",Owen Ralph,LIN_UNI,5.833333333,0
"Ramayanam  Venkkat, Harssh",Harssh Ramayanam Venkkat,BRO_BEA,5.916666667,0
"Ramirez, Alan",Alan Ramirez,SAN_SPA,5.833333333,0
"Ramirez, Andrew",Andrew Ramirez,SOU_RED,5.916666667,0
"Ramirez, Anthony",Anthony Ramirez,ARM_BLA,6,0
"Ramirez, Christian",Chris Ramirez,CAL_LAN,5.666666667,0
"Ramirez, Danny",Danny Ramirez,LIP_BIS,6.25,0
"Ramirez, Fabian",Fabian Ramirez,LAM_CAR,5.75,0
"Ramirez, Julius",Julius Ramirez,UTR_VAQ,6.083333333,0
"Ramirez, Steven",Steven Ramirez,SIE_SAI,5.833333333,0
"Ramos, Alex",Alex Ramos,LON_DIR,5.833333333,0
"Ramos, Allen",Allen Ramos,SPU_PEA,5.833333333,0
"Ramos, Jeremy",Jeremy Ramos,BIN_BEA,6,0
"Ramos, Julio",Julio Ramos,NMS_AGG,5.916666667,0
"Ramos, Kevin",Kevin Ramos,IWC,5.833333333,0
"Ramppen, Zack",Zack Ramppen,SAN_DON,5.75,0
"Randall, Cal",Cal Randall,UCLA,6.333333333,0
"Randle, Brayden",Brayden Randle,OLE_REB,5.75,0
"Randolph, Jake",Jake Randolph,SOU_GAM,6,0
"Rapoza, Merrick",Merrick Rapoza,FGCU,6,0
"Raridan, Connor",Connor Raridan,PAC_TIG,6.083333333,0
"Rasmussen, AJ",AJ Rasmussen,THO_M,6,0
"Rasmussen, Brody",Brody Rasmussen,MAI_BLA,6.083333333,0
"Rasmussen, Christian",Christian Rasmussen,HOF_PRI,6.25,0
"Rasmussen, Cooper",Cooper Rasmussen,FLO_PAN,6.083333333,0
"Rasmussen, Jamie",Jamie Rasmussen,MIA_RED,6.333333333,0
"Rath, Aidan",Aidan Rath,TUL_GRE,6.5,0
"Rawlings, Eric",Eric Rawlings,WIU_LEA,6.166666667,0
"Ray, Andrew",Andrew Ray,RHO_RAM,5.916666667,0
"Ray, Keaton",Keaton Ray,MTSU_BLU,6.083333333,0
"Ray, Tyler",Tyler Ray,DIX_STE,6.166666667,0
"Ray, Will",Will Ray,WAK_DEA,6.166666667,0
"Raygoza, Armani",Armani Raygoza,UTR_VAQ,6.083333333,0
"Rayment, Andrew",Andrew Rayment,SAN_BRO,6.416666667,0
"Raymond, Andrew",Andrew Raymond,MSU_BDG,6.083333333,0
"Reaburn, Linden",Linden Reaburn,SPU_PEA,5.833333333,0
"Read, Boyce",Boyce Read,VCU_RAM,6,0
"Reader, Ethan",Ethan Reader,CHA_BUC,6,0
"Reader, Troy",Troy Reader,NOT_IRI,6,0
"Reardon, Jackson",Jackson Reardon,CIN_BEA,6.25,0
"Reaves, Tanner",Tanner Reaves,LSU_TIG,6.083333333,0
"Reavey, Kevin",Kevin Reavey,ARM_BLA,6.25,0
"Recchio, Tanner",Tanner Recchio,THO_M,5.583333333,0
"Recio, Ryan",Ryan Recio,RIC_SPI,6.166666667,0
"Reddemann, Logan",Logan Reddemann,UCLA,6.166666667,0
"Rede, Garrett",Garrett Rede,MEX_LOB,6.083333333,0
"Redick, James",James Redick,FOR_RAM,6.166666667,0
"Reed, Caleb",Caleb Reed,WIC_SHO,6.416666667,0
"Reed, Kevin",Kevin Reed,EVA_ACE,5.833333333,0
"Reed, Luke",Luke Reed,BAL_CAR,6.083333333,0
"Reed, Sam",Sam Reed,ILL_ILL,6.083333333,0
"Reed, Tyree",Tyree Reed,JAC_TIG,6.25,0
"Reeder, Reagan",Reagan Reeder,EVA_ACE,6.5,0
"Reese, Ace",Ace Reese,MSU_BDG,6.25,0
"Reese, Cooper",Cooper Reese,NMS_AGG,6.166666667,0
"Reese, James",James Reese,LAF_LEP,6,0
"Reese, Nick",Nick Reese,HOF_PRI,6.416666667,0
"Reese, Ripken",Ripken Reese,KS_GF,6.166666667,0
"Reeth, Ricky",Ricky Reeth,FLA_GAT,6.333333333,0
"Reeves, Caden",Caden Reeves,TRO_TRJ,6,0
"Regal, Ian",Ian Regal,BUT_BUL,6.166666667,0
"Regala, Braden",Braden Regala,ABI_WIL,5.666666667,0
"Regulski, Jordan",Jordan Regulski,DUK_BLU,6,0
"Rehkow, Ben",Ben Rehkow,WIN_EAG,6.083333333,0
"Reich, Ryan",Ryan Reich,SET_PIR,6.166666667,0
"Reid III, Ellis",Ellis Reid,SPU_PEA,6.083333333,0
"Reid, CJ",CJ Reid,OSU_BUC,6,0
"Reid, Dylan",Dylan Reid,BRO_BEA,6,0
"Reid, Jackson",Jackson Reid,EKU_COL,5.833333333,0
"Reimers, Ben",Ben Reimers,STA_CAR,6.333333333,0
"Reimers, Easton",Easton Reimers,NOR_BIS,6.166666667,0
"Reimers, Max",Max Reimers,SAN_BRO,5.916666667,0
"Reinburg, Trey",Trey Reinburg,WES_HIL,6,0
"Reiser, Justis",Justis Reiser,BYU_COU,6.083333333,0
"Reising, Mason",Mason Reising,CHA_BUC,6.083333333,0
"Reiter, Brandon",Brandon Reiter,PIT_PAN,6,0
"Relaford, Jevin",Jevin Relaford,USF_BUL,5.833333333,0
"Rembert, Chris",Chris Rembert,AUB_TIG,6,0
"Remington, Kyle",Kyle Remington,ILL_ILL,6,0
"Renfroe, Ryan",Ryan Renfroe,KEN_OWL,6.25,0
"Renfrow, Brett",Brett Renfrow,VIR_TEC,6.25,0
"Rerick, Drew",Drew Rerick,OKL_SOO,6.333333333,0
"Reuter, Collin",Collin Reuter,OLE_REB,6.166666667,0
"Revay, Carson",Carson Revay,PAC_TIG,6.333333333,0
"Revere, Kyle",Kyle Revere,OAK_GOL,6.083333333,0
"Rey, Ryan",Ryan Rey,SAC_PIO,5.833333333,0
"Reyes, Alonso",Alonso Reyes,CAL_ANT,6,0
"Reyes, Jack",Jack Reyes,HOL_CRU,5.916666667,0
"Reyes, Juan",Juan Reyes,USC_UPS,6.333333333,0
"Reyes, Luca",Luca Reyes,FLO_PAN,6.166666667,0
"Reyes, Matt",Matt Reyes,DEL_BLU,6,0
"Reynolds, Brady",Brady Reynolds,STA_CAR,6.083333333,0
"Reynolds, Dean",Dean Reynolds,COL_LION,6.166666667,0
"Reynolds, Drew",Drew Reynolds,MAI_BLA,6,0
"Reynolds, Ethan",Ethan Reynolds,WES_HIL,5.916666667,0
"Reynolds, Jack",Jack Reynolds,SOU_GAM,6,0
"Reynolds, Korbin",Korbin Reynolds,VAN_COM,6,0
"Rezaei, Sohrab",Sohrab Rezaei,BRA_BRA,5.666666667,0
"Rheaume, Matthew",Matthew Rheaume,HBU_HUS,6.416666667,0
"Rhein, Kenneth",Kenneth Rhein,SEA_RED,5.916666667,0
"Rhoades, Matthew",Matt Rhoades,BUT_BUL,6.25,0
"Rhoades, Ty",Ty Rhoades,LIT_TRO,6,0
"Rhodes, Cooper",Cooper Rhodes,EVA_ACE,5.583333333,0
"Rhodes, Lane",Lane Rhodes,YSU_PEN,6.25,0
"Rhodes, Parker",Parker Rhodes,MSU_BDG,6.083333333,0
"Rhodes, Stormy",Stormy Rhodes,OKL_COW,6.333333333,0
"Rhudy, Bo",Bo Rhudy,TEN_VOL,6.333333333,0
"Rhyne, Davis",Davis Rhyne,AIR_FOR,6.416666667,0
"Ricard, Christopher",Chris Ricard,TAR_TEX,6.25,0
"Rice, Aaron",Aaron Rice,UTA_WOL,6.25,0
"Rice, Aidan",Aidan Rice,DAV_WIL,6.083333333,0
"Rice, Brandon",Brandon Rice,MSM_MTN,6,0
"Rice, Daniel",Dan Rice,SAC_PIO,5.833333333,0
"Rice, Lew",Lew Rice,CRE_BLU,5.833333333,0
"Rice, Trent",Trent Rice,MIC_SPA,5.833333333,0
"Rice, Zak",Zak Rice,ALA_ANM,6,0
"Rich, Owen",Owen Rich,BIN_BEA,6,0
"Richard, Dawson",Dawson Richard,NIC_COL,6,0
"Richard, Karsen",Karsen Richard,WIC_SHO,6.333333333,0
"Richard, Luke",Luke Richard,MIS_DEL,6,0
"Richards, Liam",Liam Richards,ELO_PHO,6.083333333,0
"Richards, Peyton",Peyton Richards,PAC_TIG,6.25,0
"Richardson, Brady",Brady Richardson,TRO_TRJ,6,0
"Richardson, Carter",Carter Richardson,RAD_HIG,5.833333333,0
"Richardson, Colby",Colby Richardson,COA_CHA,5.833333333,0
"Richardson, Cole",Cole Richardson,SOU_GOL,6.416666667,0
"Richardson, Drew",Drew Richardson,UNI_WES,6.25,0
"Richardson, Dylan",Dylan Richardson,SOU_JAC,6.25,0
"Richardson, Hunter",Hunter Richardson,MAR_THU,6.166666667,0
"Richardson, Hyatt",Hyatt Richardson,FGCU,6,0
"Richardson, Jonah",Jonah Richardson,DEL_BLU,6,0
"Richardson, Nick",Nick Richardson,SAL_JAG,6,0
"Richardson, Samuel",Sam Richardson,JAC_GAM,6.083333333,0
"Richey, Carter",Carter Richey,VIL_WIL,5.916666667,0
"Richie, August",August Richie,WAS_COU,6.166666667,0
"Richmond, CJ",CJ Richmond,PUR_BOI,6.25,0
"Richter, Chase",Chase Richter,ASU_RED,6.083333333,0
"Richter, Colin",Colin Richter,MON_HAW,5.833333333,0
"Richter, Easton",Easton Richter,MIN_GOL,6.166666667,0
"Richwine, Charlie",Charlie Richwine,WM_TRI,6.083333333,0
"Rick, Lucas",Lucas Rick,WMI_BRO,6.25,0
"Rickabaugh, RJ",RJ Rickabaugh,RIC_SPI,5.833333333,0
"Ricken, Reagan",Reagan Ricken,LSU_TIG,6.416666667,0
"Rickett, Howie",Howie Rickett,UNC_SEA,5.916666667,0
"Ricketts, Brayden",Brayden Ricketts,IU,6.166666667,0
"Rickheim, Jack",Jack Rickheim,HAR_CRI,5.833333333,0
"Rickman, Mateo",Mateo Rickman,CAL_MAT,6.166666667,0
"Ricks, Caleb",Caleb Ricks,NOT_IRI,5.916666667,0
"Ridley, Luke",Luke Ridley,UNI_WES,6.083333333,0
"Riebock, Pearson",Pearson Riebock,BAY_BEA,6,0
"Riel, Cullen",Cullen Riel,UWM_PAN,6.166666667,0
"Rienguette, Scott",Scott Rienguette,WAS_COU,5.916666667,0
"Rienstra-Kiracofe, Micah",Micah Rienstra-Kiracofe,KS_GF,6.166666667,0
"Riera, Niko",Niko Riera,LOY_LIO,6.333333333,0
"Ries, Nathan",Nathan Ries,CSD_TRI,6.166666667,0
"Riess, Axel",Axel Riess,DAR_GRE,6.166666667,0
"Rife, Charlie",Charlie Rife,BEL_KNI,6,0
"Rifenburg, Jake",Jake Rifenburg,NOR_CAT,6.083333333,0
"Rigdon, Rustan",Rustan Rigdon,VAN_COM,6,0
"Riggs, Bryce",Bryce Riggs,EIU_PAN,6,0
"Riggs, Luke",Luke Riggs,OAK_GOL,5.916666667,0
"Riggs, Nicholas",Nick Riggs,UNO_MAV,5.833333333,0
"Righi, Camden",Cam Righi,UCO_HUS,6.333333333,0
"Rijo-Berger, Nico",Nico Rijo-Berger,NIC_COL,6,0
"Riley, Tyrus",Ty Riley,FLO_PAN,6.5,0
"Rincones, Bryon",Bryon Rincones,BET_WIL,5.916666667,0
"Riojas, Ruger",Ruger Riojas,TEX_LON,6.083333333,0
"Riordan, Tade",Tade Riordan,NJI_HIG,6.416666667,0
"Rios, Lorenzo",Lorenzo Rios,RIC_OWL,6.166666667,0
"Rios, Mathew",Mathew Rios,SAL_JAG,6.166666667,0
"Rios, Xavier",Xavier Rios,CAL_MAT,6.166666667,0
"Ripepi, Drew",Drew Ripepi,GAR_RUN,6,0
"Rippen, Nash",Nash Rippen,ALA_LIO,6.166666667,0
"Rippo, Conner",Conner Rippo,NJI_HIG,6.166666667,0
"Rising, Luc",Luc Rising,NOR_HUS,6.166666667,0
"Riske, Maddox",Maddox Riske,SOU_TRO,5.916666667,0
"Riske, Payton",Payton Riske,UTA_UTE,5.833333333,0
"Risley, Miles",Miles Risley,IOW_HAW,6,0
"Rispoli, Robert",Rob Rispoli,UCO_HUS,5.833333333,0
"Ritchie, Kollin",Kollin Ritchie,OKL_COW,6.166666667,0
"Ritter, Riane",Riane Ritter,KAN_JAY,6.083333333,0
"Ritz, Justin",Justin Ritz,COP_STA,6.25,0
"Ritzer, Alex",Alex Ritzer,USC_UPS,6,0
"Rivas, Andrew",Andrew Rivas,CAL_HIG,6,0
"Rivera, Anibal",Anibal Rivera,QUN_RYL,6,0
"Rivera, Aris",Aris Rivera,FLO_PAN,6.333333333,0
"Rivera, Gabriel",Gabriel Rivera,RUT_SCA,6.25,0
"Rivera, Juan",Juan Rivera,CHA_FOR,5.583333333,0
"Rivera, Noel",Noel Rivera,MAR_RED,5.833333333,0
"Rivera, Reagan",Reagan Rivera,IU,5.833333333,0
"Rivera, Ryan",Ryan Rivera,LON_ISL22,6.083333333,0
"Rivera, Sergio",Sergio Rivera,BET_WIL,6.083333333,0
"Rivers, Davis",Davis Rivers,TEX_RAI,6,0
"Rizy, Mavrick",Mavrick Rizy,LSU_TIG,6.75,0
"Rizzo, John",John Rizzo,SBU_SEA,6.166666667,0
"Rizzo, Nicholas",Nicholas Rizzo,SBU_SEA,6.166666667,0
"Roach, Trenton",Trent Roach,CAL_BEA,6.333333333,0
"Roark, Tyler",Tyler Roark,ULM_WAR,6.333333333,0
"Roarty, Riley",Riley Roarty,VCU_RAM,6.416666667,0
"Robaugh, Matthew",Matthew Robaugh,WES_MOU,6,0
"Robb, Carson",Carson Robb,SOU_LIO,6.166666667,0
"Robb, Nicholas",Nicholas Robb,GRA_CAN,6.25,0
"Robbins, Aiden",Aiden Robbins,TEX_LON,6.166666667,0
"Robbins, Hayden",Hayden Robbins,WES_HIL,6.333333333,0
"Robbins, Will",Will Robbins,GEO_EAG,6,0
"Robbins, Will",Will Robbins,PRI_TIG,6.166666667,0
"Roberson, Brooks",Brooks Roberson,LOU_BUL,6.333333333,0
"Roberts, Baylor",Baylor Roberts,UAB_BLA,6,0
"Roberts, Cole",Cole Roberts,GEO_PAN,5.833333333,0
"Roberts, David",David Roberts,STM_GAE,6.25,0
"Roberts, Kellen",Kellen Roberts,EVA_ACE,6,0
"Roberts, Maclain",Maclain Roberts,ARI_WIL,6.416666667,0
"Roberts, Owen",Owen Roberts,IND_SYC,6,0
"Robertson, Aaron",Aaron Robertson,WES_HIL,6.166666667,0
"Robertson, Aiden",Aiden Robertson,VIR_TEC,6.083333333,0
"Robertson, Caden",Caden Robertson,NIU_HUS,6.333333333,0
"Robertson, JP",JP Robertson,OLE_REB,6.166666667,0
"Robertson, Julian",Julian Robertson,OHI_BOB,6.5,0
"Robertson, Tate",Tate Robertson,ALA_CRI,6,0
"Robichaux, Ben",Ben Robichaux,SOU_LIO,5.583333333,0
"Robinett, Reese",Reese Robinett,ARK_RAZ,6.25,0
"Robinson, Ben",Ben Robinson,NJI_HIG,5.833333333,0
"Robinson, Brayden",Brayden Robinson,WES_MOU,6.5,0
"Robinson, Byron",Byron Robinson,TEX_TIG,6.25,0
"Robinson, Cooper",Cooper Robinson,WRI_RAI,6.166666667,0
"Robinson, Corey",Corey Robinson,STE_HAT,5.916666667,0
"Robinson, Dalton",Dalton Robinson,FAU_OWL,6.583333333,0
"Robinson, Dustin",Dustin Robinson,WAS_COU,6.333333333,0
"Robinson, Ethan",Ethan Robinson,MTSU_BLU,6.416666667,0
"Robinson, Jake",Dustin Robinson,WAS_COU,6.333333333,0
"Robinson, Justin",Justin Robinson,ULM_WAR,6.25,0
"Robinson, Kacin",Kacin Robinson,STO_COL,6.166666667,0
"Robinson, Kevin",Kevin Robinson,NOR_DEM,6.083333333,0
"Robinson, Nick",Nick Robinson,GRA_TIG,6.083333333,0
"Robinson, Ryder",Ryder Robinson,BYU_COU,6.166666667,0
"Robinson, Xorian",Xorian Robinson,GRA_TIG,5.833333333,0
"Robinson, Zach",Zach Robinson,UMBC_RET,6,0
"Roblez, Albert",Albert Roblez,ORE_BEA,5.916666667,0
"Robson, Colin",Colin Robson,RIC_OWL,6.166666667,0
"Rocha, Bubba",Bubba Rocha,CAL_LAN,6,0
"Rocha, Michael",Mikey Rocha,SOU_RED,6,0
"Roche, Connor",Connor Roche,ELO_PHO,6.333333333,0
"Rodarte, Jordan",Jordan Rodarte,FOR_RAM,6.25,0
"Roder, Joe",Joe Roder,THO_M,6,0
"Roder, Ty",Ty Roder,BGS_FAL,6.333333333,0
"Rodgers, Jackson",Jackson Rodgers,WIU_LEA,6.25,0
"Rodgers, Peyton",Peyton Rodgers,CAL_ANT,6,0
"Rodriguez, Adrian",Adrian Rodriguez,TEX_LON,6.166666667,0
"Rodriguez, Alec",Alec Rodriguez,DEL_HOR,5.833333333,0
"Rodriguez, BJ",BJ Rodriguez,FRE_BUL,5.916666667,0
"Rodriguez, Blaze",Blaze Rodriguez,LOU_CAJ,5.833333333,0
"Rodriguez, Christian",Christian Rodriguez,FLA_GAT,6,0
"Rodriguez, Damian",Damian Rodriguez,ION_GAE,6,0
"Rodriguez, Dominic",Dom Rodriguez,ARI_WIL,6.083333333,0
"Rodriguez, Elijah",Elijah Rodriguez,TEX_TIG,5.583333333,0
"Rodriguez, Erik",Erik Rodriguez,WAS_COU,6.25,0
"Rodriguez, Gabriel",Gabriel Rodriguez,LAM_CAR,6,0
"Rodriguez, Hector",Hector Rodriguez,LAM_CAR,6.083333333,0
"Rodriguez, J.D.",J.D. Rodriguez,TUL_GRE,6.416666667,0
"Rodriguez, Jonathan",Jonny Rodriguez,UNL_REB,6.166666667,0
"Rodriguez, Jorge",Jorge Rodriguez,BET_WIL,6,0
"Rodriguez, Keldrin",Keldrin Rodriguez,TOW_TIG,6.25,0
"Rodriguez, Lewis",Lewis Rodriguez,STJ_RED,5.833333333,0
"Rodriguez, Mauricio",Mauricio Rodriguez,RIC_SPI,6.083333333,0
"Rodriguez, Michael",Michael Rodriguez,BET_WIL,5.916666667,0
"Rodriguez, Nathan",Nathan Rodriguez-Torres,MSM_MTN,6.25,0
"Rodriguez, Nico",Nico Rodriguez,WIC_SHO,5.75,0
"Rodriguez, Ryne",Ryne Rodriguez,HOU_COU,6.166666667,0
"Rodriguez, Taer",Taer Rodriguez,DAR_GRE,5.666666667,0
"Rodriguez, Yariel",Yariel Rodriguez,TOW_TIG,5.666666667,0
"Rodriques, Michael",Mikey Rodriques,YSU_PEN,6.083333333,0
"Roe, Brody",Brody Roe,VIR_TEC,6.25,0
"Roe, Easton",Easton Roe,LIT_TRO,5.916666667,0
"Roeder, Park",Park Roeder,MIS_DEL,5.75,0
"Roehler, Trenton",Trenton Roehler,ILL_RED,5.75,0
"Roell, Mason",Mason Roell,IND_SYC,6.083333333,0
"Roellig, Austen",Austen Roellig,ARI_SUN,5.916666667,0
"Roessler, Gabe",Gabe Roessler,MIS_BEA,6.083333333,0
"Roettgen, Jacob",Jacob Roettgen,MUR_RAC,6.166666667,0
"Roff, Remington",Remington Roff,STE_LUM,6,0
"Rogalski, Elijah",Elijah Rogalski,SAC_HOR,6,0
"Rogan, Charlie",Charlie Rogan,GEO_COL,6.5,0
"Rogan, Patrick",PJ Rogan,SAC_PIO,6,0
"Rogers, Brandon",Brandon Rogers,PUR_BOI,5.916666667,0
"Rogers, Braydon",Braydon Rogers,NOK_NOR,6.083333333,0
"Rogers, Brett",Brett Rogers,MTSU_BLU,6.083333333,0
"Rogers, Charles",Charles Rogers,CAL_MAT,6.25,0
"Rogers, Cole",Cole Rogers,NMS_AGG,5.75,0
"Rogers, Drew",Drew Rogers,GIT_YEL,6,0
"Rogers, Dylan",Dylan Rogers,UNL_REB,6.166666667,0
"Rogers, Ethan",Ethan Rogers,WIC_SHO,6.083333333,0
"Rogers, Evan",Evan Rogers,NEW_PRI,6,0
"Rogers, Gus",Gus Rogers,NEW_PRI,6.25,0
"Rogers, JD",JD Rogers,UCF_KNI,5.916666667,0
"Rogers, Jacob",Jacob Rogers,TEX_RAI,6.166666667,0
"Rogers, Kurt",Kurt Rogers,COL_CHA,6.25,0
"Rogers, Mark",Mark Rogers,CAN_GRI,6,0
"Rogers, Preston",Preston Rogers,FGCU,6.083333333,0
"Rogers, Raff",Raffaele Rogers,LEH_MOU,5.916666667,0
"Rogers, Stow",Stow Rogers,COL_CHA,6.166666667,0
"Rogers, TJ",T.J. Rogers,SAN_DON,6.166666667,0
"Rogovic, Andrew",Andrew Rogovic,NOR_HUS,6,0
"Roig, Jose",Jose Roig,STE_HAT,6.166666667,0
"Roitman, Justin",Justin Roitman,WAG_SEA,6.166666667,0
"Rolison, Evan",Evan Rolison,ETS_BUC,6.166666667,0
"Rolland, Luke",Luke Rolland,ARK_LIO,6,0
"Rollison, Matthew",Matthew Rollison,PRE_BLH,5.916666667,0
"Roman, Richie",Richie Roman,HOU_COU,6.333333333,0
"Roman, Ty",Ty Roman,LOU_CAJ,6.083333333,0
"Romano, Nick",Nick Romano,FAU_OWL,6.083333333,0
"Romeo, Dario",Dario Romeo,NOF_OSP,5.833333333,0
"Romero, Armanis",Armanis Romero,STO_COL,5.916666667,0
"Romero, Braedon",Braeden Romero,MAN_JAS,6.416666667,0
"Romero, Easton",Easton Romero,MUR_RAC,6.166666667,0
"Romero, Marcus",Marcus Romero,NIU_HUS,6.333333333,0
"Romero, Shawn",Shawn Romero,PEP_WAV,6.083333333,0
"Romich, Cooper",Cooper Romich,MOY_MOY,5.833333333,0
"Romine, Luke",Luke Romine,OLE_REB,6.083333333,0
"Rondeau, Lukasz",Lukasz Rondeau,DAY_FLY,6.166666667,0
"Rondini, Andrew",Andrew Rondini,RUT_SCA,6,0
"Rook, Holden",Holden Rook,ARL_MAV,5.833333333,0
"Rooker, Jackson",Jackson Rooker,TEN_TEC,5.833333333,0
"Rooney, Noah",Noah Rooney,NOT_IRI,6,0
"Roossien, Jace",Jace Roossien,BOC_EAG,6,0
"Rosado, Julius",Julius Rosado,RUT_SCA,6,0
"Rosado, Kaniel",Kaniel Rosado,UCF_KNI,6.083333333,0
"Rosales, Marcos",Marcos Rosales,UNL_REB,5.75,0
"Rosand, Sam",Sam Rosand,MIZ_TIG,6.166666667,0
"Rosario, Moises",Moises Rosario,SOU_RED,5.833333333,0
"Rose, Brandon",Brandon Rose,MER_UNI,6,0
"Rose, Ethan",Ethan Rose,ECU_PIR,6.333333333,0
"Rose, Jackson",Jackson Rose,NOR_TAR,6.25,0
"Rose, Liam",Liam Rose,UMASS_RIV,6.333333333,0
"Rose, Mac",Mac Rose,DAL_PAT,6,0
"Rose, Matt",Matt Rose,USF_BUL,5.5,0
"Rose, Tommy",Tommy Rose,EMU_EAG,6.25,0
"Rosenblitt, Josh",Josh Rosenblitt,OAK_GOL,6,0
"Rosenthal, Braden",Braden Rosenthal,SAM_BUL,6.25,0
"Rosin, Ben",Ben Rosin,MUR_RAC,6.416666667,0
"Ross II, Mark",Mark Ross,CEN_BEA,6.083333333,0
"Ross, Ashton",Ashton Ross,STB_BON,6,0
"Ross, Camden",Camden Ross,WES_HIL,6.166666667,0
"Ross, Connor",Connor Ross,CAL_LAN,6,0
"Ross, DeAmez",DeAmez Ross,UCF_KNI,5.833333333,0
"Ross, Grant",Grant Ross,UWM_PAN,5.833333333,0
"Ross, Jack",Jack Ross,CAL_ANT,6.25,0
"Ross, Jaxson",Jaxson Ross,STB_BON,6,0
"Ross, Josiah",Josiah Ross,AKR_ZIP,6.083333333,0
"Ross, Josiah",Josiah Ross,WAG_SEA,6,0
"Ross, Luke",Luke Ross,MIA_RED,6.166666667,0
"Ross, Max",Max Ross,SAN_BRO,6.166666667,0
"Ross, Nate",Nate Ross,CEN_MIC,6.083333333,0
"Ross, Owen",Owen Ross,NIU_HUS,6.333333333,0
"Ross, William",Will Ross,NOF_OSP,6.5,0
"Rossi, Ethan",Ethan Rossi,EIU_PAN,5.916666667,0
"Rossi, Gino",Gino Rossi,SAN_DON,6.25,0
"Rossi, Luke",Luke Rossi,YSU_PEN,6.25,0
"Rossow, David",David Rossow,CAM_CAM,6.25,0
"Rossow, Ethan",Ethan Rossow,GAR_RUN,5.833333333,0
"Rossy, Kyle",Kyle Rossy,SOU_COU,6.166666667,0
"Roszko, Anthony",Anthony Roszko,VCU_RAM,6.333333333,0
"Rothschild, Ethan",Ethan Rothschild,SOU_IND16,5.583333333,0
"Roulston, Justin",Justin Roulston,LON_DIR,6.333333333,0
"Round, Samuel",Sam Round,ARI_WIL,6.25,0
"Roundy, Brock",Brock Roundy,DIX_STE,5.666666667,0
"Rouse, Weston",Weston Rouse,ORA_GOL,6.416666667,0
"Roventini, Jack",Jack Roventini,VIL_WIL,5.833333333,0
"Rovin, Porter",Porter Rovin,SAN_TOR,5.916666667,0
"Rowan, Hudson",Hudson Rowan,LOU_BUL,6.166666667,0
"Rowan, Trenton",Trenton Rowan,UTA_WOL,6.25,0
"Rowell, Brett",Brett Rowell,TUL_GRE,6.083333333,0
"Rowland, Ethan",Ethan Rowland,EMU_EAG,6,0
"Rowland, Nathan",Nathan Rowland,MER_BEA,6.083333333,0
"Rowles, Peyton",Peyton Rowles,SAN_SPA,5.916666667,0
"Rowold, Jacob",Jake Rowold,WMI_BRO,5.916666667,0
"Roy, Gavin",Gavin Roy,WAS_COU,5.75,0
"Royal, Hunter",Hunter Royal,LIT_TRO,5.75,0
"Royer, Cole",Cole Royer,KEN_OWL,6.5,0
"Royer, Gianni",Gianni Royer,HOL_CRU,5.833333333,0
"Royo, Ben",Ben Royo,TEX_AGG,6.166666667,0
"Ruais, Robert",RJ Ruais,BAY_BEA,6.083333333,0
"Rubayo, Andrew",Andrew Rubayo,QUI_BOB,6.583333333,0
"Rubin, Jack",Jack Rubin,FOR_RAM,6.416666667,0
"Rubino, Nick",Nick Rubino,WAK_DEA,6.166666667,0
"Rubio, Adrian",Adrian Rubio,STE_LUM,5.916666667,0
"Ruby, Jett",Jett Ruby,FRE_BUL,6,0
"Rucci, Andrew",Andrew Rucci,WAG_SEA,6.25,0
"Rucker, Ethan",Ethan Rucker,GEO_HOY,6.25,0
"Rucker, Trent",Trent Rucker,IWC,6.25,0
"Ruckert, Jack",Jack Ruckert,LSU_TIG,6.083333333,0
"Rudd, Andrew",Andrew Rudd,CAL_LAN,6.416666667,0
"Ruddell, Zeb",Zeb Ruddell,LOU_BUL,6,0
"Ruddy, Colin",Colin Ruddy,MON_HAW,6.333333333,0
"Ruden, Chase",Chase Ruden,SAN_BRO,6.166666667,0
"Rudge, Trent",Trent Rudge,CAN_GRI,6,0
"Rudisill, Bryce",Bryce Rudisill,MSM_MTN,6.166666667,0
"Rudolph, Kyle",Kyle Rudolph,MIC_SPA,5.916666667,0
"Rudolph, Will",Will Rudolph,SAC_PIO,6,0
"Ruffner, Teddy",Teddy Ruffner,YSU_PEN,5.833333333,0
"Ruggiero, Anthony",Anthony Ruggiero,NOR_HUS,6.083333333,0
"Ruggiero, Dominic",Dom Ruggiero,RIC_SPI,6.166666667,0
"Ruh, Mason",Mason Ruh,UNC_SEA,6.333333333,0
"Ruhl, Jakob",Jakob Ruhl,CRE_BLU,6.25,0
"Ruhle, Stephen",Stephen Ruhle,OAK_GOL,6.416666667,0
"Ruiz, Anthony",Anthony Ruiz,TEX_TIG,6.166666667,0
"Ruiz, Damian",Damian Ruiz,ARK_RAZ,6,0
"Ruiz, Eric",Eric Ruiz,CAL_LAN,6,0
"Ruiz, Justin",Justin Ruiz,HIG_PAN,5.833333333,0
"Ruiz, Noah",Noah Ruiz,NOR_CAT,5.833333333,0
"Ruiz-Weiss, Brady",Brady Ruiz-Weiss,YAL_BUL,5.833333333,0
"Ruller, Joseph",Joey Ruller,QUN_RYL,6.166666667,0
"Rulli, Easton",Easton Rulli,NMS_AGG,5.833333333,0
"Rumberg, Logan",Logan Rumberg,GEO_PAT,5.916666667,0
"Rumfield, Justin",Justin Rumfield,IWC,6.166666667,0
"Rumley, Trenton",Trent Rumley,CAM_CAM,5.833333333,0
"Rumpf, Brennan",Brennan Rumpf,MAI_BLA,6.25,0
"Runde, Logan",Logan Runde,IOW_HAW,6.083333333,0
"Runsick, Jack",Jack Runsick,CEN_BEA,6.166666667,0
"Ruocco, Anthony",Anthony Ruocco,UNC_SPA,5.75,0
"Ruppenthal, Wyatt",Wyatt Ruppenthal,OAK_GOL,6.166666667,0
"Rurey, Beau",Beau Rurey,NOF_OSP,5.916666667,0
"Rusch, Cade",Cade Rusch,BEL_KNI,6.25,0
"Rush, Camden",Camden Rush,DAR_GRE,6.083333333,0
"Rush, Owen",Owen Rush,WIC_SHO,5.75,0
"Rushing, Ryan",Ryan Rushing,FGCU,5.833333333,0
"Rusinek, Jesse",Jesse Rusinek,TEX_RAI,5.833333333,0
"Russ, Dominick",Dominick Russ,MOY_MOY,6.166666667,0
"Russell, Aidan",Aidan Russell,SAN_AZT,6,0
"Russell, Austin",Austin Russell,TEX_ISL,6.083333333,0
"Russell, Charlie",Charlie Russell,AIR_FOR,6.333333333,0
"Russell, Devin",Devin Russell,MAR_TER,6.166666667,0
"Russell, Duncan",Duncan Russell,CAL_BEA,6.5,0
"Russell, Ethan",Ethan Russell,CSD_TRI,6.166666667,0
"Russell, Landon",Landon Russell,STE_HAT,6.083333333,0
"Russell, Mason",Mason Russell,ARI_WIL,6,0
"Russell, Matt",Matt Russell,TOW_TIG,6,0
"Russell, Zach",Zach Russell,SOU_GAM,6.166666667,0
"Russo, Matthew",Matthew Russo,SOU_GOL,6.166666667,0
"Rutenbar, Carter",Carter Rutenbar,ARK_RAZ,5.916666667,0
"Ruthardt, Keaton",Keaton Ruthardt,ORA_GOL,6.25,0
"Rutherford, Cal",Cal Rutherford,EMU_EAG,6.25,0
"Rutledge, Trey",Trey Rutledge,AIR_FOR,6.083333333,0
"Rutter, Drew",Drew Rutter,SAN_AZT,6.083333333,0
"Ryals, Colton",Colton Ryals,FLO_RAT,5.833333333,0
"Ryan, Brayden",Brayden Ryan,MAR_TER,6.5,0
"Ryan, Coleman",Coleman Ryan,TEX_RAI,6,0
"Ryan, Jax",Jax Ryan,MIS_BEA,6.083333333,0
"Ryan, Mikey",Mikey Ryan,NOR_WOL,6,0
"Ryan, Sheamus",Sheamus Ryan,NOR_BIS,6,0
"Rybarczyk, Tresdon",Tresdon Rybarczyk,ILL_RED,5.833333333,0
"Rybinski, Drew",Drew Rybinski,GEO_HOY,6.25,0
"Ryden, Tyler",Tyler Ryden,SAM_BEA,5.916666667,0
"Ryerse, Luke",Luke Ryerse,MIN_GOL,6.083333333,0
"Rylance, Kaden",Kaden Rylance,SOU_JAC,6,0
"Sabater, Jeff",Jeff Sabater,ECU_PIR,5.833333333,0
"Sabathia, Carsten",Carsten Sabathia,HOU_COU,6.333333333,0
"Sabbath, Joe",Joe Sabbath,RHO_RAM,6.166666667,0
"Sabers, Zachary",Zach Sabers,CAM_CAM,6.166666667,0
"Sackett, Connor",Connor Sackett,BUT_BUL,6.25,0
"Sadler, Cade",Cade Sadler,UTS_ROA,6.333333333,0
"Saenz, Drue",Drue Saenz,SOU_IND16,6,0
"Sager, Andrew",Andrew Sager,SAC_PIO,6,0
"Sagouspe, Tanner",Tanner Sagouspe,TCU_HFG,6,0
"Saito, Evan",Evan Saito,CAL_MAT,6.166666667,0
"Saker, Jack",Jack Saker,STJ_HAW,6.083333333,0
"Salas, Isaiah",Isaiah Salas,MIZ_TIG,5.916666667,0
"Salas, Manuel",Manny Salas,TEX_BOB,6.083333333,0
"Salazar, Adam",Adam Salazar,CSU_BAK,6,0
"Salazar, Carver",Carver Salazar,UMBC_RET,6.166666667,0
"Sales, Terence",Terence Sales,ALA_ANM,5.75,0
"Salicco, Mark",Mark Salicco,HIG_PAN,6.083333333,0
"Salinas, Tristan",Tristan Salinas,RUT_SCA,6.166666667,0
"Salinas, Zacarias",Zacarias Salinas,PRA_PAN,6.25,0
"Salk, Jonas",Jonas Salk,POR_PIL,5.833333333,0
"Sall, Michael",Michael Sall,UNO_MAV,6.166666667,0
"Sallie, Ty",Ty Sallie,NJI_HIG,5.833333333,0
"Salmon, Jack",Jack Salmon,UNL_REB,6.25,0
"Salva, Guriyandel",Guriyandel Salva,MAN_JAS,5.833333333,0
"Salvesen, Landon",Landon Salvesen,UTA_UTE,6.083333333,0
"Salvione, Vinny",Vinny Salvione,BGS_FAL,5.916666667,0
"Samarin, Michael",Mike Samarin,MER_UNI,6,0
"Sammler, Caden",Caden Sammler,FLO_PAN,6,0
"Samol, Noah",Noah Samol,CLE_TIG,6.583333333,0
"Samonsky, Kevin",Kevin Samonsky,COL_CHA,6.083333333,0
"Sample, Jaryn",Jaryn Sample,DEL_HOR,6.166666667,0
"Sampson, Beau",Beau Sampson,TUL_GRE,6.5,0
"Sams, Daniel",Daniel Sams,HAR_CRI,6.166666667,0
"Sams, Jacks",Jack Sams,KEN_WIL,6.25,0
"Samuel II, Reginald",Reginald Samuel,PRA_PAN,6,0
"Samuel, Vincent",Vincent Samuel,MAN_JAS,6,0
"Samuels, Carson",Carson Samuels,DAY_FLY,6,0
"Samuelson, Carter",Carter Samuelson,UAB_BLA,6.083333333,0
"Sanchez, Aaron",Aaron Sanchez,UTR_VAQ,6.083333333,0
"Sanchez, Alejandro",Alejandro Sanchez,GAR_RUN,6.166666667,0
"Sanchez, Brandon",Brandon Sanchez,NCB,5.75,0
"Sanchez, Cade",Cade Sanchez,TEX_ISL,5.666666667,0
"Sanchez, Edwin",Edwin Sanchez,SIE_SAI,5.833333333,0
"Sanchez, Ethan",Ethan Sanchez,NCB,5.916666667,0
"Sanchez, Frankie",Frankie Sanchez,PEN_NIT,6,0
"Sanchez, Jayden",Jayden Sanchez,UNL_REB,5.833333333,0
"Sanchez, Ricky",Ricky Sánchez,GON_BUL,5.75,0
"Sand, Christoper",Chris Sand,RUT_SCA,6.166666667,0
"Sandberg, Baylor",Baylor Sandberg,SAC_HOR,6.166666667,0
"Sandee, Nolan",Nolan Sandee,NIU_HUS,5.75,0
"Sandefer, Russell",Russell Sandefer,FLA_GAT,6.083333333,0
"Sandell, Alexander",Alex Sandell,HOL_CRU,5.833333333,0
"Sanderoff, Tanner",Tanner Sanderoff,HOF_PRI,6,0
"Sanders, Caleb",Caleb Sanders,ALA_HOR,6.083333333,0
"Sanders, Ethan",Ethan Sanders,RIC_OWL,6.083333333,0
"Sanders, Gatlin",Gatlin Sanders,MSU_BDG,5.916666667,0
"Sanders, Jackson",Jackson Sanders,AUB_TIG,6.25,0
"Sanders, Marcus",Marcus Sanders,COP_STA,6.083333333,0
"Sanders, Nik",Nik Sanders,CAM_CAM,6.166666667,0
"Sanders, Travis",Travis Sanders,BAY_BEA,6.166666667,0
"Sanders, Trey",Trey Sanders,SAM_BUL,6.083333333,0
"Sanders, Troy",Troy Sanders,GRA_CAN,6,0
"Sanderson, Case",Case Sanderson,NEB,6.25,0
"Sanderson, Jarren",Jarren Sanderson,CAL_HIG,6.5,0
"Sandford, Schuyler",Schuyler Sandford,FLA_GAT,6.5,0
"Sanford, Braydon",Braydon Sanford,ORA_GOL,6.333333333,0
"Sanford, Robert",Robert Sanford,BRA_BRA,6,0
"Sanford, Will",Will Sanford,ORE_DUC,6,0
"Sanko, Jake",Jake Sanko,GRA_CAN,5.833333333,0
"Sansone, Gavin",Gavin Sansone,LON_ISL22,6,0
"Santana, Dawson",Dawson Santana,SAN_AZT,5.5,0
"Santana, Fabian",Fabian Santana,ALA_HOR,5.833333333,0
"Santana, Thomas",Thomas Santana,COL_LION,6.083333333,0
"Santangelo, Ryan",Ryan Santangelo,WM_TRI,6,0
"Santiago, Kainoa",Kainoa Santiago,GON_BUL,5.916666667,0
"Santiago-Cruz, Angel",Angel Santiago-Cruz,RIC_SPI,6.166666667,0
"Santivanez, Nicholas",Nick Santivanez,CAL_FUL,6.25,0
"Santos, Juan",Juan Santos,FGCU,6,0
"Santos, Manny",Manny Santos,RHO_RAM,5.833333333,0
"Santos-Olson, Sebastian",Sebastian Santos-Olson,MIA_HUR,6.25,0
"Santoyo, Justin",Justin Santoyo,ALA_LIO,6,0
"Sapienza, Matthew",Matt Sapienza,NOR_HUS,6.166666667,0
"Sarabia, Jonah",Jonah Sarabia,USF_BUL,6.25,0
"Sarantos, Lukas",Lukas Sarantos,STM_GAE,6.25,0
"Sardinas, Alejandro",Alejandro Sardinas,DAY_FLY,6.083333333,0
"Sargeant, Matthew",Matt Sargeant,NOR_BIS,6.166666667,0
"Sargent, Eddie",Eddie Sargent,UMBC_RET,5.833333333,0
"Sarhatt, Michael",Mike Sarhatt,IU,6.5,0
"Sarna, Owen",Owen Sarna,ALA_CRI,6.083333333,0
"Sarota, Filip",Filip Sarota,LIN_UNI,6.166666667,0
"Sarre, Serigne",Serigne Sarre,MSM_MTN,6.333333333,0
"Sartain, Brooks",Brooks Sartain,DAL_PAT,6.083333333,0
"Sasaki, Rintaro",Rintaro Sasaki,STA_CAR,6.083333333,0
"Sasse, Brady",Brady Sasse,TOL_ROC,6.416666667,0
"Saucke, Sam",Sam Saucke,MON_HAW,6,0
"Sauer, John-Paul",John-Paul Sauer,SOU_RED,6.166666667,0
"Saul, Charlie",Charlie Saul,BRY_BUL,6.083333333,0
"Saulys, Evan",Evan Saulys,SIE_SAI,6.083333333,0
"Saumell, Michael",Vinny Saumell,ARK_LIO,6.166666667,0
"Saunders III, Gilbert",Gilbert Saunders,STB_BON,6.333333333,0
"Saunders, Evan",Evan Saunders,OKL_COW,6.25,0
"Sauser, Matt",Matt Sauser,UCF_KNI,6.25,0
"Sausville, Tyler",Tyler Sausville,SIE_SAI,5.583333333,0
"Savage, Andrew",Andrew Savage,SIU_SAL,6.083333333,0
"Savattere, Antonelli",Antonelli Savattere,HOU_COU,5.666666667,0
"Saviñon, Jordan",Jordan Saviñon,RUT_SCA,6.083333333,0
"Savoie, Nate",Nate Savoie,CLE_TIG,6,0
"Sawyer, Nick",Nick Sawyer,OSU_BUC,5.833333333,0
"Saxenmeyer, Will",Will Saxenmeyer,SAC_PIO,6.416666667,0
"Scaccia, Eddie",Eddie Scaccia,EIU_PAN,6.25,0
"Scafidi, Witt",Witt Scafidi,WM_TRI,6,0
"Scaldeferri, Billy",Billy Scaldeferri,GRA_CAN,6,0
"Scales, Luke",Luke Scales,BEL_KNI,6.083333333,0
"Scamardella, Mark",Mark Scamardella,NJI_HIG,6.083333333,0
"Scanlan, Connor",Connor Scanlan,FAI_STA,6,0
"Scanlon, Christian",Christian Scanlon,MER_COL1,6.166666667,0
"Scanlon, Sean",Sean Scanlon,RIC_SPI,6.25,0
"Scarlata, Anthony",Anthony Scarlata,FOR_RAM,5.916666667,0
"Scarpino, Anthony",Anthony Scarpino,EKU_COL,6.416666667,0
"Scavone, Tommy",Tommy Scavone,PEP_WAV,6.416666667,0
"Scearce, Julius",Julius Scearce,EKU_COL,6.083333333,0
"Schaaf, Blake",Blake Schaaf,WAK_DEA,5.916666667,0
"Schaaf, Jason",Jason Schaaf,MIS_BEA,5.916666667,0
"Schaedel, Tanner",Tanner Schaedel,OLD_MON,6.166666667,0
"Schaefer, Derek",Derek Schaefer,ARI_SUN,6.25,0
"Schaefer, Dylan",Dylan Schaefer,QUN_RYL,6,0
"Schaefer, Peter",Peter Schaefer,BOC_EAG,6,0
"Schaeffer, Jared",Jared Schaeffer,DAL_PAT,6.083333333,0
"Schaffer, James",James Schaffer,SBU_SEA,5.666666667,0
"Schaffner, Jake",Jake Schaffner,NOR_TAR,6.166666667,0
"Schaffnit, Ryan",Ryan Schaffnit,BRA_BRA,6.5,0
"Schaller, Chris",Chris Schaller,RIC_SPI,5.833333333,0
"Schaller, Kolton",Kolton Schaller,KS_GF,6.083333333,0
"Schambow, Quinn",Quinn Schambow,OKL_COW,6,0
"Scharff, Simon",Simon Scharff,LIP_BIS,6,0
"Schattle, Jagger",Jagger Schattle,CEN_BEA,6.083333333,0
"Schebler, Charlie",Charlie Schebler,BUT_BUL,6.166666667,0
"Schechterman, Ben",Ben Schechterman,EMU_EAG,6,0
"Scheider, Calen",Calen Scheider,BRA_BRA,5.916666667,0
"Scheiderer, Griffin",Griffin Scheiderer,BGS_FAL,5.833333333,0
"Scheidt, Toby",Toby Scheidt,KAN_JAY,6,0
"Schell, Adyn",Adyn Schell,MIS_BEA,6.083333333,0
"Schenk, Aiden",Aiden Schenk,NOR_BIS,6.083333333,0
"Scheppler, Anthony",Anthony Scheppler,SAN_SPA,6.083333333,0
"Scheri, Jack",Jack Scheri,SBU_SEA,5.75,0
"Scheumann, Dj",DJ Scheumann,BAL_CAR,6.25,0
"Schexnaydre, Owen",Owen Schexnaydre,NIC_COL,6.416666667,0
"Schiff, Cole",Cole Schiff,BRY_BUL,6.333333333,0
"Schimmels, Luke",Luke Schimmels,LIT_TRO,6.166666667,0
"Schlaegel, Dylan",Dylan Schlaegel,DAL_PAT,5.833333333,0
"Schlageter, TJ",TJ Schlageter,LOU_CAR,6.166666667,0
"Schlecht, Samuel",Sam Schlecht,SOU_JAC,6.5,0
"Schleichardt, Josh",Josh Schleichardt,ORE_DUC,6.083333333,0
"Schlote, Nate",Nate Schlote,VAN_COM,6.25,0
"Schlotterback, Dylan",Dylan Schlotterback,KAN_JAY,6,0
"Schmalzle, TJ",TJ Schmalzle,FAI_STA,6,0
"Schmidly, Ike",Ike Schmidly,JMU_DUK,6.25,0
"Schmidt, Carl",Carl Schmidt,CAL_BEA,5.916666667,0
"Schmidt, Kent",Kent Schmidt,GIT_YEL,6,0
"Schmidt, Samuel",Sam Schmidt,JAC_GAM,6,0
"Schmidt, Tate",Tate Schmidt,UWM_PAN,6,0
"Schmidt, Trevor",Trevor Schmidt,GRA_CAN,6.083333333,0
"Schmidt, William",William Schmidt,LSU_TIG,6.333333333,0
"Schmitt, Blane",Blane Schmitt,UNI_WES,6,0
"Schmitz, Paul",Paul Schmitz,HOU_COU,6.666666667,0
"Schmolke, Luke",Luke Schmolke,WAK_DEA,5.916666667,0
"Schmutz, Jacob",Jacob Schmutz,SAC_PIO,6,0
"Schnabel, Braeden",Braeden Schnabel,PAC_TIG,6.583333333,0
"Schneider, Cade",Cade Schneider,EKU_COL,6.083333333,0
"Schneider, Cameron",Cam Schneider,FRE_BUL,6.25,0
"Schneider, Connor",Connor Schneider,MCN_COW,5.833333333,0
"Schneider, Cooper",Cooper Schneider,STE_LUM,5.916666667,0
"Schneider, Gabe",Gabe Schneider,WAS_COU,6.416666667,0
"Schneider, Maxwell",Max Schneider,LOY_LIO,6.5,0
"Schoenfeld, Paul",Paul Schoenfeld,WES_MOU,5.916666667,0
"Scholl, Logan",Logan Scholl,MAR_RED,6,0
"Scholvin, Charlie",Charlie Scholvin,TOL_ROC,6.083333333,0
"Schoneboom, Kevin",Kevin Schoneboom,UCF_KNI,6.25,0
"Schow, Ryker",Ryker Schow,BYU_COU,6,0
"Schrack, Carson",Carson Schrack,SOU_RED,5.833333333,0
"Schrader, Gavin",Gavin Schrader,TRO_TRJ,6.333333333,0
"Schrafft, Jack",Jackson Schrafft,NOF_OSP,6.416666667,0
"Schramm, Lukas",Lukas Schramm,CAM_CAM,6.25,0
"Schreck, Thomas",Thomas Schreck,ARM_BLA,5.75,0
"Schreiber, Sebastian",Sebastian Schreiber,SAN_BRO,6.25,0
"Schriefer, Toby",Toby Schriefer,ILL_RED,6.25,0
"Schroeder, Augusto",Augusto Schroeder,ARK_LIO,5.916666667,0
"Schuck, Aidan",Aidan Schuck,OAK_GOL,5.833333333,0
"Schuck, Kaden",Kaden Schuck,MCN_COW,6,0
"Schueler, Dillon",Dillon Schueler,CIN_BEA,6.166666667,0
"Schueller, Jase",Jase Schueller,SAC_PIO,6.333333333,0
"Schuerman, Jeter",Jeter Schuerman,CSU_BAK,6.166666667,0
"Schuerman, Rece",Rece Schuerman,GON_BUL,6,0
"Schuldt, Andrew",Andrew Schuldt,CAM_CAM,5.75,0
"Schuler, Tim",Tim Schuler,VIL_WIL,6.166666667,0
"Schulte, Kooper",Kooper Schulte,IOW_HAW,6.083333333,0
"Schultz, Brandon",Brandon Schultz,EIU_PAN,5.75,0
"Schulz, Jakob",Jakob Schulz,VAN_COM,6.166666667,0
"Schumacher, Jaxon",Jaxon Schumacher,BRA_BRA,6,0
"Schumacher, Maxwell",Maxwell Schumacher,UTM_SKY,6.416666667,0
"Schumann, Connor",Connor Schumann,OLD_MON,6,0
"Schummer, Ryan",Ryan Schummer,YSU_PEN,6,0
"Schupmann, Kyle",Kyle Schupmann,ILL_ILL,6.083333333,0
"Schutte, Nic",Nic Schutte,MUR_RAC,6.166666667,0
"Schuyler, T.J.",T.J. Schuyler,IU,6.166666667,0
"Schwalbach, Mason",Mason Schwalbach,SIU_SAL,6,0
"Schwamb, Samuel",Sam Schwamb,NOR_AGG,6.083333333,0
"Schwartz, Luke",Luke Schwartz,SPU_PEA,5.833333333,0
"Schwartz, Ryan",Ryan Schwartz,KEN_WIL,6.333333333,0
"Schwarz, Colton",Colton Schwarz,FLA_GAT,6,0
"Schweitzer, Jake",Jake Schweitzer,LOU_CAR,6,0
"Scilley, Landon",Landon Scilley,LIB_FLA,6.166666667,0
"Scinta, Chris",Chris Scinta,HOU_COU,6,0
"Scobey, KJ",KJ Scobey,SOU_GAM,6.166666667,0
"Scolari, Cal",Cal Scolari,ORE_DUC,6.333333333,0
"Scott, Brodie",Brodie Scott,JUD,6.25,0
"Scott, Daniel",Daniel Scott,MIS_DEL,6.083333333,0
"Scott, Mason",Mason Scott,ARM_BLA,6.25,0
"Scott, Matt",Matt Scott,GEO_BUL,6.583333333,0
"Scott, Miles",Miles Scott,CAL_HIG,5.833333333,0
"Scott, Noah",Noah Scott,ORE_BEA,6.333333333,0
"Scott, Stratton",Stratton Scott,ETS_BUC,6.166666667,0
"Scott, Wesley",Wesley Scott,LOU_BUL,6,0
"Scott, Zachary",Zach Scott,UMASS_RIV,6.083333333,0
"Scrivanic, Frankie",Frankie Scrivanic,SET_PIR,6,0
"Scruggs, Landon",Landon Scruggs,ALA_LIO,6.333333333,0
"Scudder, Dylan",Dylan Scudder,BRY_BUL,6.583333333,0
"Sdao, Shane",Shane Sdao,TEX_AGG,6.25,0
"Seagraves, Camron",Camron Seagraves,NOR_TAR,6.25,0
"Seals, Pierre",Pierre Seals,MIZ_TIG,6,0
"Sears, Cade",Cade Sears,VAN_COM,6.083333333,0
"Sears, Merek",Merek Sears,ARL_MAV,6.25,0
"Sebastianelli, Nigel",Nigel Sebastianelli,TOW_TIG,6.083333333,0
"Sebek, Caleb",Caleb Sebek,SAN_TOR,6,0
"Secretarski, Jay",Jay Secretarski,PEN_QUA,6.083333333,0
"Seebold, Gavin",Gavin Seebold,IU,6.166666667,0
"Seelig, Koby",Koby Seelig,COL_LION,6.166666667,0
"Seely, Carter",Carter Seely,UTA_WOL,6.083333333,0
"Seeman, Carson",Carson Seeman,IND_SYC,6.166666667,0
"Sefcik, Cal",Cal Sefcik,CIN_BEA,6,0
"Sefcik, Luke",Luke Sefcik,CIN_BEA,5.833333333,0
"Segel, Kaden",Kaden Segel,POR_PIL,6,0
"Seguin, Josiah",Josiah Seguin,JMU_DUK,6.333333333,0
"Segura, Eric",Eric Segura,ORE_BEA,6.166666667,0
"Sehlke, Blake",Blake Sehlke,OAK_GOL,6.166666667,0
"Seibel, Griffin",Griffin Seibel,QUI_BOB,6.083333333,0
"Seiber, Brennan",Brennan Seiber,VAN_COM,6.5,0
"Seid, Spencer",Spencer Seid,GEO_HOY,5.916666667,0
"Seidel, Andrew",Drew Seidel,FGCU,6,0
"Seidel, Samuel",Sam Seidel,BGS_FAL,5.833333333,0
"Seidl, Madden",Madden Seidl,KAN_JAY,6.416666667,0
"Seidman, Tyler",Tyler Seidman,BUC_BIS,6.166666667,0
"Sejnoha, Trey",Trey Sejnoha,DAR_GRE,6.083333333,0
"Sekany, Jake",Jake Sekany,SOU_TRO,6.25,0
"Seldomridge, Kade",Kade Seldomridge,CEN_BEA,5.75,0
"Self, Mason",Mason Self,RAD_HIG,6.25,0
"Self, Ryan",Ryan Self,UTS_ROA,5.833333333,0
"Selfon, Zach",Zach Selfon,BUC_BIS,5.75,0
"Sell, Brock",Brock Sell,STA_CAR,6.083333333,0
"Sellers, Austin",Austin Sellers,GEO_PAN,5.916666667,0
"Selvig, Cole",Cole Selvig,MIN_GOL,6,0
"Seminara, Ben",Ben Seminara,COL_LION,6.083333333,0
"Senay, Michael",Michael Senay,USF_BUL,6.166666667,0
"Seneker, Charlie",Charlie Seneker,WM_TRI,6.083333333,0
"Senese, Nico",Nico Senese,GEO_EAG,6.25,0
"Sengenberger, Aidan",Aidan Sengenberger,SET_PIR,5.916666667,0
"Senior, Collin",Collin Senior,SOU_IND16,5.916666667,0
"Sensley, Spencer",Spencer Sensley,GRA_TIG,5.916666667,0
"Sentell, Gavin",Gavin Sentell,NOR_AGG,5.916666667,0
"Seo, MJ",MJ Seo,CAL_MAT,5.916666667,0
"Seo, Ryan",Ryan Seo,CAL_FUL,5.833333333,0
"Sepluveda, Stephen",Stephen Sepulveda,UTR_VAQ,6.083333333,0
"Sepulveda, Esteban",Esteban Sepulveda,CAL_HIG,5.916666667,0
"Serna, Mateo",Mateo Serna,MIZ_TIG,6,0
"Serna, Omar",Omar Serna,LSU_TIG,6.166666667,0
"Serrano, Christian",Christian Serrano,NOR_WOL,6.333333333,0
"Serrano, Jordan",Jordan Serrano,WAK_DEA,6.083333333,0
"Serup, Zack",Zack Serup,WES_HIL,6.25,0
"Service, Oliver",Oliver Service,MAR_THU,6.083333333,0
"Severns, Ryan",Ryan Severns,SAN_GAU,6.166666667,0
"Seward, Jalen",Jalen Seward,APP_MOU,6.416666667,0
"Sewell, Cameron",Cameron Sewell,SAC_HOR,6,0
"Sewell, Isaac",Isaac Sewell,ASU_RED,6.166666667,0
"Sexton, Brody",Brody Sexton,UNO_MAV,5.75,0
"Sexton, Landon",Landon Sexton,MTSU_BLU,6.333333333,0
"Seymore, Ashton",Ashton Seymore,GEO_HOY,6,0
"Seymour, Randy",Randy Seymour,MIC_SPA,6.333333333,0
"Sgambati, Matthew",Matt Sgambati,SBU_SEA,6.166666667,0
"Shadek, Justin",Justin Shadek,GIT_YEL,6.5,0
"Shafer, Greyson",Greyson Shafer,NIC_COL,6.333333333,0
"Shafer, Tyler",Tyler Shafer,HIG_PAN,6.333333333,0
"Shaffer, Braxton",Braxton Shaffer,CAM_CAM,6.583333333,0
"Shaffer, Levi",Levi Shaffer,SOU_LIO,5.916666667,0
"Shaffer, Silas",Silas Shaffer,EKU_COL,6.25,0
"Shakotko, Demitri",Demitri Shakotko,SOU_RED,5.916666667,0
"Shanaman, Morgan",Morgan Shanaman,MER_UNI,6,0
"Shank, JT",JT Shank,PAC_TIG,6.083333333,0
"Shannon, Brady",Brady Shannon,YSU_PEN,6.166666667,0
"Shannon, Brandon",Brandon Shannon,LOU_CAR,6.333333333,0
"Shapiro, Evan",Evan Shapiro,WMI_BRO,6.583333333,0
"Shaprow, Owen",Owen Shaprow,UMBC_RET,6.166666667,0
"Sharma, Vedant",Vedant Sharma,HAR_CRI,6.25,0
"Sharman, Michael",Michael Sharman,CLE_TIG,6.083333333,0
"Sharp, Brayden",Brayden Sharp,RIC_OWL,6.166666667,0
"Sharp, Cason",Cason Sharp,UTM_SKY,6,0
"Sharp, Dax",Dax Sharp,WIC_SHO,6.166666667,0
"Shatwell, Kade",Kade Shatwell,AUS_GOV,6.333333333,0
"Shaub, Ethan",Ethan Shaub,DEL_BLU,5.833333333,0
"Shaver, Ethan",Ethan Shaver,PAC_TIG,6.166666667,0
"Shaw, Andrew",Andrew Shaw,STA_CAR,6.25,0
"Shaw, Connor",Connor Shaw,SAN_AZT,6.166666667,0
"Shaw, Greg",Greg Shaw,UCO_HUS,6.25,0
"Shaw, Nate",Nate Shaw,WRI_RAI,6,0
"Shaw, Trenton",Trenton Shaw,GRA_TIG,6.333333333,0
"Shaw, Walker",Walker Shaw,MTSU_BLU,6.5,0
"Shayter, Isaiah",Isaiah Shayter,PEN_NIT,6.166666667,0
"Shea, Josh",Josh Shea,COR_BRE,5.916666667,0
"Sheahan, Vance",Vance Sheahan,MIA_HUR,6,0
"Shearer, Garrett",Garrett Shearer,NOR_CAT,6.25,0
"Sheehy, Ryan",Ryan Sheehy,OLD_MON,6.083333333,0
"Sheerin, Deven",Deven Sheerin,LSU_TIG,6.416666667,0
"Sheets, Seaver",Seaver Sheets,ULM_WAR,5.833333333,0
"Sheff, Cooper",Cooper Sheff,UNL_REB,6.25,0
"Sheffield, Cayden",Cayden Sheffield,ALA_LIO,6.083333333,0
"Sheffield, Jeremy",Jeremy Sheffield,GEO_HOY,6.416666667,0
"Sheffield, Lincoln",Lincoln Sheffield,KAN_WIL,6.166666667,0
"Sheffield, Noah",Noah Sheffield,FLO_SEM,6.083333333,0
"Shelby, Hogan",Hogan Shelby,LON_DIR,6.25,0
"Sheldon, Austin",Austin Sheldon,WAS_COU,6.083333333,0
"Sheldon, Jack",Jack Sheldon,FAI_STA,6.25,0
"Shelton, Braxton",Braxton Shelton,UAB_BLA,6.083333333,0
"Shenosky, Skip",Skip Shenosky,PEN_NIT,6.416666667,0
"Shepard, Troy",Troy Shepard,SIU_SAL,6.166666667,0
"Shepelsky, Jackson",Jackson Shepelsky,LEH_MOU,6.083333333,0
"Shepherd, Dylan",Dylan Shepherd,OHI_BOB,5.833333333,0
"Shepherd, Logan",Logan Shepherd,MER_BEA,6.166666667,0
"Sheppard, David",David Sheppard,DIX_STE,6.166666667,0
"Sheridan, Caden",Caden Sheridan,MOR_EAG,5.916666667,0
"Sheridan, Tommy",Tommy Sheridan,CAN_GRI,6.083333333,0
"Sherwood, Clayton",Clayton Sherwood,FLO_PAN,6,0
"Shields, Jonah",Jonah Shields,JUD,5.666666667,0
"Shimmin, Joshua",Josh Shimmin,LAM_CAR,5.833333333,0
"Shin, Jayden",Jayden Shin,COR_BRE,6.166666667,0
"Shineflew, Jaxon",Jaxon Shineflew,SAL_JAG,6.166666667,0
"Shinkle, Bo",Bo Shinkle,GON_BUL,5.833333333,0
"Shinkle, Brody",Brody Shinkle,CRE_BLU,5.833333333,0
"Shipley, Adam",Adam Shipley,SLU_BILL,6,0
"Shipley, Casey",Casey Shipley,CEN_BEA,6.333333333,0
"Shipman, Owen",Owen Shipman,QUN_RYL,6.083333333,0
"Shirey, Ike",Ike Shirey,TAR_TEX,5.833333333,0
"Shouse, Connor",Connor Shouse,TEX_RAI,6.083333333,0
"Showalter, James",James Showalter,SLU_BILL,6.083333333,0
"Shuey, Hunter",Hunter Shuey,UNC_SPA,6.25,0
"Shuhet, Nick",Nick Shuhet,RID_BRO,6.083333333,0
"Shull, Garrett",Garrett Shull,OKL_COW,6.166666667,0
"Shull, Jonah",Jonah Shull,WAS_COU,6,0
"Shulman, Tyler",Tyler Shulman,HAR_CRI,6,0
"Shumard, Cade",Cade Shumard,NMS_AGG,6.166666667,0
"Shupe, Garrett",Garrett Shupe,NOR_BIS,6.333333333,0
"Shupe, Hudson",Hudson Shupe,GON_BUL,6,0
"Shurtleff, Thomas",Thomas Shurtleff,PEN_QUA,6.166666667,0
"Sibley, Joshua",Josh Sibley,JAC_GAM,6,0
"Siciliano, David",David Siciliano,SIE_SAI,6.166666667,0
"Siegel, Bennett",Bennett Siegel,OLD_MON,6.083333333,0
"Siegert, Owen",Owen Siegert,SOU_JAC,5.833333333,0
"Siegner, Drew",Drew Siegner,LON_LAN,6,0
"Sierra, Enrique",Enrique Sierra,FLO_PAN,6.083333333,0
"Siervo, Joe",Joe Siervo,NOR_DEM,6,0
"Siesky, Dylan",Dylan Siesky,RIC_SPI,6,0
"Sifford, Alex",Alexander Sifford,GEO_BUL,6.166666667,0
"Sigman, Zakary",Zak Sigman,OSU_BUC,5.833333333,0
"Sikes, Yates",Yates Sikes,WCC,5.666666667,0
"Silas, Sam",Sam Silas,GEO_PAN,6,0
"Silliman, Owen",Owen Silliman,CAN_GRI,6.166666667,0
"Silva, Jacob",Jacob Silva,UTS_ROA,5.916666667,0
"Silvers, Brock",Brock Silvers,USF_BUL,6.416666667,0
"Silverstein, Justin",Justin Silverstein,HIG_PAN,6.5,0
"Silvia, Cole",Cole Silvia,ION_GAE,6,0
"Simay, Matthew",Matt Simay,SIU_SAL,6.25,0
"Simay, Timothy",Tim Simay,SIU_SAL,6,0
"Simeone, Dylan",Dylan Simeone,WAG_SEA,5.916666667,0
"Simmerson, Hayden",Hayden Simmerson,CLE_TIG,6.166666667,0
"Simmons, Brayden",Brayden Simmons,ARL_MAV,6.166666667,0
"Simmons, John",John Simmons,LIB_FLA,6,0
"Simmons, Logan",Logan Simmons,LOU_BUL,6.166666667,0
"Simmons, Owen",Owen Simmons,CAM_CAM,6.083333333,0
"Simmons, Sam",Sam Simmons,UTS_ROA,6.333333333,0
"Simmons, Sawyer",Sawyer Simmons,SOU_LIO,6.166666667,0
"Simon, Thomas",Tommy Simon,NOR_BIS,6,0
"Simoneaux, Cole",Cole Simoneaux,NIC_COL,6.166666667,0
"Simonelli, J.T",J.T. Simonelli,NOR_DEM,6.083333333,0
"Simonelli, JT",J.T. Simonelli,NOR_DEM,6.083333333,0
"Simpson, Blake",Blake Simpson,LIT_TRO,6.166666667,0
"Simpson, Brayden",Brayden Simpson,LSU_TIG,6.083333333,0
"Simpson, Brooks",Brooks Simpson,RAD_HIG,5.833333333,0
"Simpson, Cleary",Cleary Simpson,MAR_THU,6,0
"Simpson, Eston",Eston Simpson,CLE_TIG,6.416666667,0
"Simpson, Joseph",Joe Simpson,CAM_CAM,6.25,0
"Simpson, Maddix",Maddix Simpson,OSU_BUC,6.166666667,0
"Simpson, Micah",Micah Simpson,UNC_SEA,6.083333333,0
"Simpson, Tanner",Tanner Simpson,LIN_UNI,6.25,0
"Sims, Aiden",Aiden Sims,TEX_AGG,6.166666667,0
"Sims, Colton",Colton Sims,WES_MOU,6.25,0
"Sims, Tank",Tank Sims,SOU_RED,6.083333333,0
"Singer, AJ",AJ Singer,ORE_BEA,5.833333333,0
"Singh, Dylan",Dylan Singh,LOY_LIO,5.75,0
"Singleton, Dylan",Dylan Singleton,NOT_IRI,6.166666667,0
"Siniard, Coleman",Coleman Siniard,LIP_BIS,5.916666667,0
"Sintek, Carter",Carter Sintek,HOU_COU,6,0
"Sipila, Marko",Marko Sipila,OLE_REB,6.333333333,0
"Sirmans, Tate",Tate Sirmans,OLE_REB,6,0
"Sirois, Jackson",Jackson Sirois,MAR_TER,6,0
"Sitarz, Gavin",Gavin Sitarz,UMA_AMH,6,0
"Sites, Aiden",Aiden Sites,TOW_TIG,6.166666667,0
"Sitton, Jacob",Jacob Sitton,UTM_SKY,6,0
"Sivley, Kros",Kros Sivley,SOU_GOL,5.916666667,0
"Sjuts, Jacob",Jacob Sjuts,SOU_JAC,6.416666667,0
"Skarich, Sam",Sam Skarich,ULM_WAR,6.25,0
"Skelding, Tommy",Tommy Skelding,KEN_WIL,6.25,0
"Skermont, Colin",Colin Skermont,MOY_MOY,6,0
"Skidmore, Elijah",Eli Skidmore,MIZ_TIG,6.083333333,0
"Skilbeck, Max",Max Skilbeck,THO_M,6.416666667,0
"Skinner, Luke",Luke Skinner,BRA_BRA,6.083333333,0
"Skinner, Zak",Zak Skinner,UCF_KNI,5.75,0
"Skjonsby, Ryan",Ryan Skjonsby,WAS_COU,6.25,0
"Skolfield, Dylan",Dylan Skolfield,ARL_MAV,6.333333333,0
"Skowronski, Josh",Josh Skowronski,WIN_EAG,6.416666667,0
"Skrobe, Thomas",Thomas Skrobe,HOL_CRU,5.833333333,0
"Skwarek, Ryan",Ryan Skwarek,SOU_IND16,5.833333333,0
"Slabaugh, Charlie",Charlie Slabaugh,COL_LION,6,0
"Slaby, Henry",Henry Slaby,EMU_EAG,6.166666667,0
"Slack, Clayton",Clayton Slack,SOU_IND16,5.916666667,0
"Slade, Jake",Jake Slade,MUR_RAC,6.333333333,0
"Slagle, Tate",Tate Slagle,IOW_HAW,6.083333333,0
"Slanker, Ben",Ben Slanker,LOU_CAR,6,0
"Slater, Jack",Jack Slater,OLD_MON,6.083333333,0
"Slater, Jay",Jay Slater,NOR_CAT,6,0
"Slater, Owen",Owen Slater,MIS_BEA,6.333333333,0
"Slaton, Brock",Brock Slaton,SOU_TRO,6,0
"Sleeper, Jackson",Jackson Sleeper,JAC_GAM,6.583333333,0
"Sliver, Nolan",Nolan Sliver,KEN_OWL,6.166666667,0
"Sliwkowski, Andrew",Drew Sliwkowski,UMA_AMH,6.166666667,0
"Sloan, Andrew",Andrew Sloan,PAC_TIG,6,0
"Sloan, Colin",Colin Sloan,YAL_BUL,6.166666667,0
"Sloan, Jayden",Jayden Sloan,CEN_BEA,5.75,0
"Sloan, Landon",Landon Sloan,GRA_CAN,6.166666667,0
"Sloop, Hunter",Hunter Sloop,CHA_FOR,6.583333333,0
"Smaka, Kaiden",Kaiden Smaka,LON_DIR,6.083333333,0
"Smalanskas, Devlin",Devlin Smalanskas,USC_UPS,6.166666667,0
"Smaldino, Dominic",Dominic Smaldino,ARI_SUN,6.5,0
"Small, Brady",Brady Small,USC_UPS,6.166666667,0
"Small, Dane",Dane Small,ARK_LIO,6,0
"Small, Eli",Eli Small,FAU_OWL,6.083333333,0
"Small, Hunter",Hunter Small,IND_SYC,6.25,0
"Smallets, Jackson",Jackson Smallets,COA_CHA,6.333333333,0
"Smathers, Kody",Kody Smathers,CAL_LAN,6,0
"Smeenk, Raphael",Raphaël Smeenk,TAR_TEX,6.166666667,0
"Smelcer, Cranz",Cranz Smelcer,AIR_FOR,6.5,0
"Smelser, Landon",Landon Smelser,TEN_TEC,6.083333333,0
"Smigelski, Aaron",Aaron Smigelski,CAM_CAM,6.166666667,0
"Smink, Eddie",Eddie Smink,PIT_PAN,6,0
"Smith, Addison",Addison Smith,SAM_BEA,6,0
"Smith, Avery",Avery Smith,PEN_NIT,6.166666667,0
"Smith, Aydan",Aydan Smith,CHA_BUC,6,0
"Smith, Ben",Ben Smith,HBU_HUS,6.5,0
"Smith, Blake",Blake Smith,SEA_RED,6.083333333,0
"Smith, Braden",Braden Smith,UCF_KNI,6,0
"Smith, Braeden",Braeden Smith,COL_CHA,6,0
"Smith, Brent",Brent Smith,ELO_PHO,6,0
"Smith, Brevin",Brevin Smith,YSU_PEN,5.916666667,0
"Smith, Brian",Brian Smith,CAN_GRI,6.083333333,0
"Smith, Brigden",Brigden Smith,STE_LUM,6,0
"Smith, Brycen",Brycen Smith,NEW_PRI,6,0
"Smith, Cade",Cade Smith,TEX_BOB,6.25,0
"Smith, Cayden",Cayden Smith,CEN_MIC,5.833333333,0
"Smith, Christian",Christian Smith,HIG_PAN,6.166666667,0
"Smith, Christian",Christian Smith,QUI_BOB,6,0
"Smith, Cody",Cody Smith,MER_UNI,6.333333333,0
"Smith, Cole",Cole Smith,NIU_HUS,5.75,0
"Smith, Conor",Conor Smith,VIL_WIL,6.083333333,0
"Smith, Cooper",Cooper Smith,DIX_STE,6.083333333,0
"Smith, Cooper",Cooper Smith,GEO_PAT,5.916666667,0
"Smith, Daniel",Daniel Smith,DAV_WIL,6.416666667,0
"Smith, Daniel",Daniel Smith,GAR_RUN,6.083333333,0
"Smith, Dante",Dante Smith,NOR_BIS,5.916666667,0
"Smith, Derek",Derek Smith,UTA_UTE,6.25,0
"Smith, Drew",Drew Smith,ORE_DUC,6.166666667,0
"Smith, Drew",Drew Smith,UCO_HUS,6.25,0
"Smith, Dylan",Dylan Smith,CAL_FUL,6.166666667,0
"Smith, Dylan",Dylan Smith,SAN_SPA,6.166666667,0
"Smith, Dylan",Dylan Smith,UNC_SPA,6.25,0
"Smith, Easten",Easten Smith,TEX_ISL,6,0
"Smith, Elijah",Elijah Smith,WCC,5.916666667,0
"Smith, Ethan",Ethan Smith,LIN_UNI,6.083333333,0
"Smith, Evan",Evan Smith,MAR_TER,6.083333333,0
"Smith, Fraser",Mason Smith,DAR_GRE,6,0
"Smith, Gavin",Gavin Smith,HAR_CRI,6.083333333,0
"Smith, Glenn",Glenn Smith,RIC_SPI,5.833333333,0
"Smith, Griffin",Griffin Smith,WAS_COU,6.166666667,0
"Smith, Hank",Hank Smith,UNI_WES,5.833333333,0
"Smith, Hayden",Hayden Smith,TRO_TRJ,6.166666667,0
"Smith, Ian",Ian Smith,ARK_LIO,5.916666667,0
"Smith, Jace",Jace Smith,GRA_CAN,6.166666667,0
"Smith, Jack",Jack Smith,EKU_COL,6.333333333,0
"Smith, Jack",Jack Smith,HAR_CRI,6.25,0
"Smith, Jack",Jack Smith,MAR_THU,6.166666667,0
"Smith, Jackson",Jackson Smith,CIN_BEA,6,0
"Smith, Jackson",Jackson Smith,SIU_SAL,6.083333333,0
"Smith, Jackson",Jackson Smith,TEX_ISL,6.083333333,0
"Smith, Jacobie",Jacobie Smith,GRA_TIG,5.916666667,0
"Smith, Jayden",Jayden Smith,UTA_WOL,5.75,0
"Smith, John",John Smith,UCF_KNI,6.083333333,0
"Smith, Kade",Kade Smith,LIT_TRO,5.916666667,0
"Smith, Kaden",Kaden Smith,DUK_BLU,6.25,0
"Smith, Kaden",Kaden Smith,USF_BUL,6.166666667,0
"Smith, Kai",Kai Smith,CAL_ANT,6,0
"Smith, Kaleb",Kaleb Smith,LIB_FLA,6.166666667,0
"Smith, Koen",Koen Smith,FOR_RAM,6.333333333,0
"Smith, Kyzer",Kyzer Smith,FAU_OWL,6.166666667,0
"Smith, Liam",Liam Smith,PAC_TIG,6.666666667,0
"Smith, Lucas",Lucas Smith,UIC_FLA,5.916666667,0
"Smith, Marcus",Marcus Smith,JAC_TIG,6.083333333,0
"Smith, Mason",Mason Smith,CAM_CAM,6,0
"Smith, Micah",Micah Smith,BGS_FAL,6.166666667,0
"Smith, Michael",Michael Smith,DAY_FLY,6.25,0
"Smith, Miles",Miles Smith,KAN_WIL,6,0
"Smith, Nicholas",Nick Smith,PRE_BLH,6.083333333,0
"Smith, Noah",Noah Smith,CAL_LAN,6.25,0
"Smith, Owen",Owen Smith,NEW_PRI,6,0
"Smith, Owen",Owen Smith,STB_BON,6.333333333,0
"Smith, Parker",Parker Smith,LOU_CAJ,6.166666667,0
"Smith, Paul",Paul Smith,RIC_OWL,5.916666667,0
"Smith, Peyton",Peyton Smith,VIR_TEC,6.333333333,0
"Smith, Russ",Russ Smith,DAL_PAT,6,0
"Smith, Sam",Sam Smith,MOR_EAG,6.416666667,0
"Smith, Sean",Sean Smith,WES_MOU,6.083333333,0
"Smith, Seth",Seth Smith,SOU_GOL,6.166666667,0
"Smith, Steven",Steven Smith,APP_MOU,5.666666667,0
"Smith, Tate",Tate Smith,NCB,6.5,0
"Smith, Trevor",Trevor Smith,WAS_COU,5.833333333,0
"Smith, Tyler",Tyler Smith,NOR_AGG,6,0
"Smith, Tyler",Tyler Smith,SAL_JAG,6.25,0
"Smith, Weston",Sean Smith,WES_MOU,6.083333333,0
"Smith-Johnson, Christian",Christian Smith-Johnson,TEX_ISL,6.083333333,0
"Smithburg, Nate",Nate Smithburg,OKL_SOO,6.166666667,0
"Smithwick, Campbell",Campbell Smithwick,OKL_COW,6,0
"Smolinski, Ty",Ty Smolinski,KAN_WIL,6.083333333,0
"Smoot, Will",Will Smoot,UIC_FLA,6.166666667,0
"Smothers, Logan",Logan Smothers,MUR_RAC,6.25,0
"Smyers, Luke",Luke Smyers,ALA_CRI,6.25,0
"Snakenborg, Nate",Nate Snakenborg,NEV_WOL,6.333333333,0
"Sneddon, Colton",Colton Sneddon,NMS_AGG,6.25,0
"Snider, Ben",Ben Snider,SOU_RED,6.166666667,0
"Snider, Grant",Grant Snider,MTSU_BLU,5.916666667,0
"Snider, Reid",Reid Snider,LOU_BUL,6.166666667,0
"Sniffen, Makoa",Makoa Sniffen,STM_GAE,6.083333333,0
"Snipes, James",James Snipes,MIS_DEL,6.25,0
"Snow, Hunter",Hunter Snow,BAY_BEA,6.25,0
"Snyder, Corbin",Corbin Snyder,BUT_BUL,6.5,0
"Snyder, Gannon",Gannon Snyder,CAL_BEA,6.166666667,0
"Snyder, Garrett",Garrett Snyder,NOT_IRI,6.416666667,0
"Snyder, Hunter",Hunter Snyder,COL_LION,6,0
"Snyder, Jackson",Jackson Snyder,MSM_MTN,6,0
"Snyder, Mason",Mason Snyder,WCC,5.833333333,0
"So, Kai",Kai So,HAR_CRI,5.916666667,0
"Soares, Gavin",Gavin Soares,BOC_EAG,6.25,0
"Sobel, Jackson",Jackson Sobel,MIZ_TIG,6.166666667,0
"Sobol, Alexander",Alex Sobol,UNC_SEA,6.416666667,0
"Soeder, Chris",Chris Soeder,MIS_DEL,6.25,0
"Sofield, Nathan",Nathan Sofield,PRE_BLH,5.583333333,0
"Sohosky, Zac",Zac Sohosky,MIA_RED,6.083333333,0
"Soignier, William",William Soignier,BRA_BRA,6.25,0
"Solem, Eli",Eli Solem,CAL_AGO,6.25,0
"Solier, Julio",Julio Solier,BOC_EAG,6,0
"Solis, Alex",Alex Solis,HOU_COU,6.083333333,0
"Solitaria, Sawyer",Sawyer Solitaria,KS_GF,6.416666667,0
"Soliz, Max",Max Soliz,KAN_JAY,6.416666667,0
"Solomon, AJ",AJ Solomon,GEO_HOY,5.75,0
"Solorzano, Nick",Nick Solorzano,UMASS_RIV,5.916666667,0
"Solorzano, Steve",Steve Solorzano,NMS_AGG,6,0
"Son, Junho",Junho Son,RAD_HIG,5.666666667,0
"Sonoqui, Cade",Cade Sonoqui,WIU_LEA,6.083333333,0
"Sorensen, Grant",Grant Sorensen,SOU_JAC,6,0
"Sorensen, Noah",Noah Sorensen,LON_ISL22,6.166666667,0
"Sorenson, Jaxon",Jaxon Sorenson,LIB_FLA,6,0
"Sorgius, Kendric",Kendric Sorgius,BAL_CAR,6.5,0
"Sorlie, Chase",Chase Sorlie,SAC_HOR,6.083333333,0
"Sornas, Bryan",Bryan Sornas,HOL_CRU,5.916666667,0
"Sorrell, Caden",Caden Sorrell,TEX_AGG,6.25,0
"Sorrow, Griffin",Griffin Sorrow,ETS_BUC,5.75,0
"Sos, Camden",Camden Sos,SAN_BRO,6.25,0
"Sosa, Alex",Alex Sosa,MIA_HUR,6.083333333,0
"Sosa, Jeremy",Jeremy Sosa,MAN_JAS,6,0
"Soske, Payton",Payton Soske,COL_LION,6.333333333,0
"Sosnowski, Kris",Kris Sosnowski,UCF_KNI,6,0
"Sotiropoulos, Alex",Alex Sotiropoulos,COL_LION,6.333333333,0
"Soto, Petey",Petey Soto,DIX_STE,5.833333333,0
"Sotomayor, Griffen",Griffen Sotomayor,FRE_BUL,6,0
"Sotomayor, Levi",Levi Sotomayor,PAC_TIG,6.166666667,0
"Soucie, Jackson",Jackson Soucie,KEN_WIL,6.416666667,0
"Souders, Jake",Jake Souders,SAM_BUL,6.166666667,0
"Souffrain, Manuel",Manny Souffrain,JUD,6.25,0
"Soukup II, Daniel",Daniel Soukup,GRA_TIG,6,0
"Soul, Nico",Nico Soul,APP_MOU,6.083333333,0
"Southwell, Connor",Connor Southwell,MAR_RED,6.083333333,0
"Souza, Jace",Jace Souza,TEX_RAI,6.166666667,0
"Souza, Nolan",Nolan Souza,ARK_RAZ,6.25,0
"Sova, Carrson",Carrson Sova,BGS_FAL,6.833333333,0
"Sowers, Lee",Lee Sowers,NOR_TAR,5.833333333,0
"Spada, Matthew",Matt Spada,BOC_EAG,6.083333333,0
"Spadaccini, Teo",Teo Spadaccini,YAL_BUL,6.5,0
"Spagnoli, Reno",Reno Spagnoli,HOF_PRI,6,0
"Spalitta, Steven",Steven Spalitta,LOU_CAJ,6,0
"Spalliero, Ryan",Ryan Spalliero,CAL_BEA,6,0
"Spaner, Nick",Nick Spaner,HOL_CRU,6.25,0
"Spanier, Jack",Jack Spanier,MIN_GOL,6,0
"Sparks, Jake",Jake Sparks,SIE_SAI,6.083333333,0
"Sparks, Jaxon",Jaxon Sparks,IND_SYC,6.166666667,0
"Sparks, Lane",Lane Sparks,LAM_CAR,6,0
"Sparks, Nolan",Nolan Sparks,NOK_NOR,6.416666667,0
"Sparks, Will",Will Sparks,SAL_JAG,6.333333333,0
"Sparr, Grayson",Grayson Sparr,OLD_MON,6.083333333,0
"Sparrer, Tyler",Tyler Sparrer,RAD_HIG,6.083333333,0
"Spaventa, Nicholas",Nick Spaventa,PEN_QUA,6.083333333,0
"Spear, Colin",Colin Spear,PAC_TIG,6.166666667,0
"Spear, Kevin",Kevin Spear,WAS_HUS,6,0
"Spears, Noah",Noah Spears,NOR_DEM,6.583333333,0
"Spees, Trey",Trey Spees,WCC,6,0
"Speicher, Bennett",Bennett Speicher,UMBC_RET,6.083333333,0
"Speicher, Matthew",Matt Speicher,STJ_HAW,6.333333333,0
"Speights, Carter",Carter Speights,CAL_AGO,6.25,0
"Speirs, Gavin",Gavin Speirs,CHA_BUC,6,0
"Spelman, Conner",Conner Spelman,JUD,6.333333333,0
"Spence, Joey",Joey Spence,UWM_PAN,5.833333333,0
"Spencer, Bobby",Bobby Spencer,SOU_JAG,6.25,0
"Spencer, Jacob",Jacob Spencer,IND_SYC,6.333333333,0
"Spencer, Kendal",Kendal Spencer,YSU_PEN,6.083333333,0
"Spencer, Luke",Luke Spencer,FAI_STA,5.916666667,0
"Speranza, Andrew",Andrew Speranza,MAR_RED,5.833333333,0
"Sperry, Joe",Joe Sperry,MIN_GOL,6.166666667,0
"Spezia, Cam",Cameron Spezia,OAK_GOL,5.75,0
"Spindler, Jake",Jake Spindler,TEX_RAI,6.25,0
"Spinosa, JC",JC Spinosa,CAN_GRI,5.916666667,0
"Spiridonoff, Gavin",Gavin Spiridonoff,CAL_MUS,6,0
"Spivey, Caden",Caden Spivey,GIT_YEL,6.166666667,0
"Spivey, Logan",Logan Spivey,GEO_BUL,6.416666667,0
"Spizzoucco, Vincent",Vincent Spizzoucco,PIT_PAN,6.083333333,0
"Spoonhour, Charlie",Charlie Spoonhour,MIS_BEA,5.916666667,0
"Spoto, Dean",Dean Spoto,BEL_BRU,5.75,0
"Spotofora, Vinny",Vinny Spotofora,NIU_HUS,5.916666667,0
"Sprawling, Kristian",Kristian Sprawling,SIU_SAL,5.666666667,0
"Springer, Gabe",Gabe Springer,SAN_TOR,6,0
"Springmeyer, Landon",Landon Springmeyer,NOK_NOR,6.083333333,0
"Springs, Clark",Clark Springs,ARL_MAV,5.916666667,0
"Sprockett, Michael",Mike Sprockett,BEL_BRU,5.833333333,0
"Spurrier, Zak",Zak Spurrier,SAM_BUL,6.25,0
"St. Denis, Hunter",Hunter St. Denis,MAI_BLA,6.416666667,0
"St. Pierre, Brady",Brady St. Pierre,SOU_LIO,6,0
"Stabley, Thomas",Thomas Stabley,MAI_BLA,6.416666667,0
"Stack, Tyler",Tyler Stack,OHI_BOB,6.416666667,0
"Stade, Ethan",Ethan Stade,BGS_FAL,6.333333333,0
"Staerker, Sam",Sam Staerker,CAN_GRI,6,0
"Stagg, Max",Max Stagg,SAN_GAU,6.166666667,0
"Stahl, Stefan",Stefan Stahl,BAY_BEA,6.166666667,0
"Stahl, Zane",Zane Stahl,LOU_CAR,6.583333333,0
"Staiano, Luca",Luca Staiano,SAN_SPA,6.5,0
"Staiano, Michael",Mike Staiano,ELO_PHO,6.25,0
"Stallings, Hayden",Hayden Stallings,LAM_CAR,6.166666667,0
"Stallings, Maverick",Maverick Stallings,OLD_MON,6,0
"Stallman, Reed",Reed Stallman,MSU_BDG,6.25,0
"Stammel, Max",Max Stammel,VIR_CAV,6.25,0
"Stancil, Jace",Jace Stancil,COL_CHA,6.25,0
"Stancliff, Matthew",Matt Stancliff,MCN_COW,5.833333333,0
"Stanfield, Chris",Chris Stanfield,LSU_TIG,6.166666667,0
"Stanfield, KJ",KJ Stanfield,ALA_ANM,6.166666667,0
"Stanford, Carter",Carter Stanford,APP_MOU,6.333333333,0
"Stanford, Cole",Cole Stanford,FLA_GAT,6,0
"Stang, Bobby",Bobby Stang,DAY_FLY,6.333333333,0
"Stanley, Brett",Brett Stanley,EIU_PAN,5.666666667,0
"Stanley, David",David Stanley,LIT_TRO,6,0
"Stanley, Wyatt",Wyatt Stanley,WCC,6,0
"Stanton, Adam",Adam Stanton,CHA_FOR,6.25,0
"Stanzione, Joe",Joe Stanzione,GAR_RUN,6.166666667,0
"Stark, Will",Will Stark,TEX_ISL,6.083333333,0
"Starke, Ty",Ty Starke,LOU_CAR,6.5,0
"Starling, Colton",Colton Starling,WCC,5.916666667,0
"Starling, Zane",Zane Starling,NOF_OSP,5.916666667,0
"Staszak, Nick",Nick Staszak,MER_BEA,6.416666667,0
"Staton, Cam",Cam Staton,STM_GAE,6.083333333,0
"Staudt, Darek",Darek Staudt,MER_UNI,6,0
"Stead, Jack",Jack Stead,NJI_HIG,5.833333333,0
"Stearns, Spencer",Spencer Stearns,SOU_COU,6.166666667,0
"Steckmesser, Evan",Evan Steckmesser,ALA_CRI,6.083333333,0
"Stecko, Ty",Ty Stecko,EMU_EAG,6.166666667,0
"Steed, Thrasher",Thrasher Steed,STE_HAT,6.25,0
"Steele, Lucas",Lucas Steele,AUB_TIG,5.916666667,0
"Steele, Mason",Mason Steele,UAB_BLA,6.25,0
"Steele, Peyton",Peyton Steele,ALA_CRI,6.083333333,0
"Steelman, Kevin",Kevin Steelman,COL_CHA,6.416666667,0
"Stein, JD",JD Stein,WAK_DEA,5.666666667,0
"Steinbaugh, Cale",Cale Steinbaugh,OHI_BOB,5.833333333,0
"Steinhaus, Andrew",Andrew Steinhaus,RAD_HIG,6.25,0
"Steinhoff, Anthony",Anthony Steinhoff,WIU_LEA,6.666666667,0
"Steitz, Patrick",Patrick Steitz,VCU_RAM,6.666666667,0
"Stellrecht, Michael",Mike Stellrecht,BIN_BEA,5.916666667,0
"Stelly, Caleb",Caleb Stelly,SOU_GOL,6.083333333,0
"Stelogeannis, Aaron",Aaron Stelogeannis,LIP_BIS,6.083333333,0
"Stelzer, Owen",Owen Stelzer,HOL_CRU,6.166666667,0
"Stem, Sam",Sam Stem,DAY_FLY,6.166666667,0
"Stencil, Hunter",Hunter Stencil,ILL_RED,6.083333333,0
"Stephens, Brandon",Brandon Stephens,COP_STA,6.25,0
"Stephens, Eli",Eli Stephens,MER_BEA,6.166666667,0
"Stephens, Jordan",Jordan Stephens,GEO_BUL,6.333333333,0
"Stephens, Kyle",Kyle Stephens,ALB_GRE,6.083333333,0
"Stephens, Marc",Marc Stephens,SAL_JAG,6,0
"Stephens, Spencer",Spencer Stephens,NAV_MID,6.25,0
"Stephens, Zion",Zion Stephens,SOU_IND16,6,0
"Stephenson , Zach",Zach Stephenson,FAI_STA,6,0
"Stephenson, Dominic",Dominic Stephenson,GIT_YEL,6.083333333,0
"Stephenson, Sean",Sean Stephenson,ION_GAE,6,0
"Stephenson, Zach",Zach Stephenson,FAI_STA,6,0
"Sterling, Nate",Nate Sterling,ELO_PHO,5.833333333,0
"Stern, Nate",Nate Stern,TCU_HFG,6.333333333,0
"Sterner, Luke",Luke Sterner,BYU_COU,6.166666667,0
"Stevens, Julian",Juju Stevens,MAI_BLA,6,0
"Stevens, Nolan",Nolan Stevens,OKL_SOO,6.166666667,0
"Stevens, Ryan",Ryan Stevens,JAC_GAM,5.833333333,0
"Stevens, Samuel",Sam Stevens,XAV_MUS,6.25,0
"Stevens, Zach",Zach Stevens,SAL_JAG,6,0
"Stevenson, Jared",Jared Stevenson,SEA_RED,6,0
"Stevenson, McKale",McKale Stevenson,BEL_BRU,6.25,0
"Steventon, Joseph",Joseph Steventon,WAG_SEA,6.166666667,0
"Stewart, Aiden",Aiden Stewart,IU,5.916666667,0
"Stewart, Brant",Brant Stewart,SOU_JAG,6.25,0
"Stewart, Braxton",Braxton Stewart,NEB,6.333333333,0
"Stewart, Carter",Carter Stewart,POR_PIL,6.166666667,0
"Stewart, Conner",Conner Stewart,LON_DIR,6.25,0
"Stewart, Daniel",Dan Stewart,WES_HIL,6.333333333,0
"Stewart, Dylan",Dylan Stewart,PEP_WAV,6.416666667,0
"Stewart, Ethan",Ethan Stewart,OHI_BOB,6.083333333,0
"Stewart, Finnegan",Finnegan Stewart,DIX_STE,6.083333333,0
"Stewart, Henry",Henry Stewart,SAN_BRO,6.083333333,0
"Stewart, Jaquae",Jaquae Stewart,TEX_BOB,5.833333333,0
"Stewart, Jeremiah",Jeremiah Stewart,NOF_OSP,6.166666667,0
"Stewart, Joshua",Josh Stewart,TEX_AGG,6.166666667,0
"Stewart, Owen",Owen Stewart,GEO_PAT,6.333333333,0
"Stewart, Robbie",Robbie Stewart,FOR_RAM,6.166666667,0
"Stewart, Thomas",Thomas Stewart,VIR_CAV,6.166666667,0
"Stewart, Zack",Zack Stewart,ARK_RAZ,6.166666667,0
"Stichweh, Zach",Zach Stichweh,CHA_BUC,6,0
"Stickney, Will",Will Stickney,SOU_TRO,6.083333333,0
"Stieg, Griffin",Griffin Stieg,VIR_TEC,6.333333333,0
"Stieglitz, Aidan",Aidan Stieglitz,ELO_PHO,6.25,0
"Stiffler, Mac",Mac Stiffler,WES_MOU,6.583333333,0
"Stinnett, Brandon",Brandon Stinnett,SEA_RED,5.75,0
"Stinson, Nicholas",Nicholas Stinson,BEL_BRU,6.25,0
"Stiveson, Nate",Nate Stiveson,LOY_LIO,6.083333333,0
"Stockham, Addison",Addison Stockham,EKU_COL,6.25,0
"Stockman, Sam",Sam Stockman,THO_M,5.916666667,0
"Stockman, Tucker",Tucker Stockman,SOU_GOL,6.333333333,0
"Stockton, Bryce",Bryce Stockton,SAC_HOR,6.25,0
"Stockton, Rylen",Rylen Stockton,MAR_TER,5.833333333,0
"Stoddard, Ryan",Ryan Stoddard,LAF_LEP,6,0
"Stogner, John Allen",John Allen Stogner,ALA_LIO,6.166666667,0
"Stokely, David",David Stokely,MSM_MTN,6.333333333,0
"Stokes, Cole",Cole Stokes,FLO_SEM,6.5,0
"Stokes, Rhett",Rhett Stokes,NEB,5.833333333,0
"Stokes, Taber",Taber Stokes,BAL_CAR,6,0
"Stoll, Nolan",Nolan Stoll,STA_CAR,6.333333333,0
"Stone, Brandon",Brandon Stone,SOU_GAM,6.5,0
"Stone, Cullen",Cullen Stone,HAR_CRI,6,0
"Stone, Dakota",Dakota Stone,NOF_OSP,5.833333333,0
"Stone, Duke",Duke Stone,MSU_BDG,6.416666667,0
"Stone, Jaden",Jaden Stone,NCB,6.083333333,0
"Stone, Lucas",Lucas Stone,NCB,6.083333333,0
"Stone, Ryan",Ryan Stone,SEA_RED,6.166666667,0
"Stone, Tyler",Tyler Stone,VIR_TEC,5.833333333,0
"Stonehouse, Josh",Josh Stonehouse,XAV_MUS,6.083333333,0
"Storey, Jake",Jake Storey,NCB,6.416666667,0
"Storjohann, Peter",Peter Storjohann,CAL_AGO,6.416666667,0
"Story, Dylan",Dylan Story,HIG_PAN,6.083333333,0
"Story, Hudson",Hudson Story,BRY_BUL,6.166666667,0
"Story, Zach",Zach Story,CAL_AGO,6.083333333,0
"Stotlar, Karsten",Karsten Stotlar,WIU_LEA,6.416666667,0
"Stott, Tyler",Tyler Stott,OLD_MON,6.333333333,0
"Stout, Gabe",Gabe Stout,NOK_NOR,6.25,0
"Stout, Sage",Sage Stout,SOU_IND16,6.25,0
"Stowe, Trevor",Trevor Stowe,WAS_COU,6.083333333,0
"Stracener, Austin",Austin Stracener,UTR_VAQ,6,0
"Strand, Matthew",Matthew Strand,DUK_BLU,6,0
"Strand, Ryan",Ryan Strand,UMASS_RIV,6.166666667,0
"Strange, Brian",Brian Strange,ELO_PHO,6.083333333,0
"Stratis, Christian",Christian Stratis,CIT_BUL,5.916666667,0
"Stratton, Evan",Evan Stratton,CRE_BLU,6.25,0
"Strayer, Cash",Cash Strayer,FLA_GAT,6.166666667,0
"Stressler, Brenden",Brenden Stressler,MIC_WOL,6.166666667,0
"Strickland, Alex",Alex Strickland,LON_LAN,6,0
"Strickland, Bo",Bo Strickland,UTM_SKY,5.833333333,0
"Strickland, Michael",Michael Strickland,MER_BEA,6.166666667,0
"Strickland, Zach",Zach Strickland,UCLA,6.166666667,0
"Stricklin, Cale",Cale Stricklin,CHA_FOR,5.833333333,0
"Stricklin, Lawson",Lawson Stricklin,TEN_TEC,5.916666667,0
"Stringfellow, Hayden",Hayden Stringfellow,MCN_COW,6,0
"Stripling, Landon",Landon Stripling,FLA_GAT,6,0
"Strmiska, Caleb",Caleb Strmiska,ULM_WAR,6.75,0
"Strnad, Ryan",Ryan Strnad,SET_PIR,6,0
"Strode, Will",Will Strode,KS_GF,6.25,0
"Strohecker, Jonathan",Jonathan Strohecker,JMU_DUK,6.083333333,0
"Strohmeyer, Kellen",Kellen Strohmeyer,IOW_HAW,6.25,0
"Stroman, Jayden",Jayden Stroman,VIR_CAV,6.083333333,0
"Strong, Mason",Mason Strong,UTA_WOL,6.083333333,0
"Strosnider, Sawyer",Sawyer Strosnider,TCU_HFG,6.166666667,0
"Stroumpis, Grayson",Grayson Stroumpis,UNI_WES,6.416666667,0
"Stuart, Matt",Matt Stuart,GAR_RUN,6.25,0
"Stubbs, Benjamin",Ben Stubbs,TRO_TRJ,5.916666667,0
"Stuckey, Gaige",Gaige Stuckey,OHI_BOB,6.083333333,0
"Stucky, Andrew",Andrew Stucky,UTS_ROA,6,0
"Stuetzer, John",John Stuetzer,FLO_SEM,5.916666667,0
"Stukes, Brent",Brent Stukes,USC_UPS,6.083333333,0
"Stulga, Luke",Luke Stulga,ILL_RED,6.25,0
"Stump, Landon",Landon Stump,UCLA,6.25,0
"Stumpf, Liam",Liam Stumpf,CEN_MIC,6,0
"Sturgess, Isaac",Isaac Sturgess,MIC_SPA,6.25,0
"Suarez, Danny",Danny Suarez,CAL_ANT,6.25,0
"Suarez, Milo",Milo Suarez,DAR_GRE,5.833333333,0
"Suchy, Cayden",Cayden Suchy,UCO_HUS,6,0
"Sudbrook, Ryan",Ryan Sudbrook,TOL_ROC,6.083333333,0
"Sudbrook, Troy",Troy Sudbrook,TOL_ROC,6.25,0
"Suiter, Bryce",Bryce Suiter,TEX_RAI,6.5,0
"Sullivan, Adam",Adam Sullivan,MOY_MOY,6.083333333,0
"Sullivan, Braden",Braden Sullivan,UMA_AMH,5.833333333,0
"Sullivan, Cal",Cal Sullivan,SOU_RED,6.083333333,0
"Sullivan, Jack",Jack Sullivan,MAR_RED,6,0
"Sullivan, Luke",Luke Sullivan,MIZ_TIG,6.333333333,0
"Sullivan, Luke",Luke Sullivan,RAD_HIG,6.083333333,0
"Sullivan, Noah",Noah Sullivan,MSU_BDG,6.083333333,0
"Sulpizio, Nick",Nick Sulpizio,OLD_MON,6.166666667,0
"Summar, Micah",Micah Summar,TEN_TEC,6.083333333,0
"Summers, Justin",Justin Summers,WM_TRI,6.416666667,0
"Summerville, Jayden",Jayden Summerville,KEN_OWL,6.333333333,0
"Sumner, Garrison",Garrison Sumner,BYU_COU,6.25,0
"Sundar, Pranav",Pranav Sundar,COP_STA,6.166666667,0
"Sunday, Ayden",Ayden Sunday,LAM_CAR,6,0
"Sundgren, Kanon",Kanon Sundgren,ABI_WIL,6,0
"Sundloff, Colton",Colton Sundloff,UNL_REB,6.416666667,0
"Sunstrom, Camden",Camden Sunstrom,SOU_GOL,6.166666667,0
"Suppa, Matthew",Matthew Suppa,QUN_RYL,5.833333333,0
"Suriel, Breyllin",Breyllin Suriel,IND_SYC,5.916666667,0
"Surigao, Joshua",Joshua Surigao,WES_MOU,6.333333333,0
"Surowiec, Danny",Danny Surowiec,BOC_EAG,6.25,0
"Surowiec, Ethan",Ethan Surowiec,FLA_GAT,6.083333333,0
"Susce, Brode",Brode Susce,JMU_DUK,6.333333333,0
"Sute, Hunter",Hunter Sute,MAN_JAS,5.916666667,0
"Sutera, Matt",Matt Sutera,WAG_SEA,6.333333333,0
"Sutherland, Charlie",Charlie Sutherland,MIN_GOL,6.166666667,0
"Sutherland, Curry",Curry Sutherland,MIS_BEA,6.416666667,0
"Sutherlin, Nick",Nick Sutherlin,IND_SYC,6.083333333,0
"Sutryk, Johnny",Johnny Sutryk,CHA_FOR,6.083333333,0
"Sutter, Logan",Logan Sutter,SOU_GAM,6.083333333,0
"Sutton, Ethan",Ethan Sutton,USF_BUL,6.25,0
"Sutton, Kayden",Kayden Sutton,ALC_BRA,6.166666667,0
"Svenson, Steve",Steven Svenson,SET_PIR,6.25,0
"Swaby, Ethan",Ethan Swaby,NOR_BIS,6.083333333,0
"Swader, AJ",AJ Swader,BEL_KNI,6,0
"Swails, Ben",Ben Swails,IOW_HAW,6.166666667,0
"Swaim, Everett",Everett Swaim,ABI_WIL,6.25,0
"Swan, Masen",Masen Swan,CAL_FUL,6,0
"Swangim, Zeb",Zeb Swangim,NCA_BUL,5.583333333,0
"Swanson, Deron",Deron Swanson,TOL_ROC,6.25,0
"Swee, Stefan",Stefan Swee,MON_HAW,6.166666667,0
"Sweeney, Brendan",Brendan Sweeney,MSU_BDG,6.583333333,0
"Sweeney, Caleb",Caleb Sweeney,LOY_LIO,6.166666667,0
"Sweeney, Jack",Jack Sweeney,RUT_SCA,6,0
"Sweeney, Johnny",Johnny Sweeney,USC_UPS,6.416666667,0
"Sweeney, Justin",Justin Sweeney,STJ_HAW,6.166666667,0
"Sweeney, MJ",MJ Sweeney,WIC_SHO,6.666666667,0
"Sweeney, Parker",Parker Sweeney,COL_CHA,6,0
"Sweeney, Sean",Sean Sweeney,BIN_BEA,5.583333333,0
"Swenson, Andrew",Andrew Swenson,BUC_BIS,5.75,0
"Swenson, Erik",Erik Swenson,MAI_BLA,6.083333333,0
"Swenson, Jacob",Jake Swenson,UCLA,6.333333333,0
"Sweum, Karsten",Karsten Sweum,GON_BUL,6.25,0
"Swiderski, Trey",Trey Swiderski,PUR_BOI,6.25,0
"Swidler, Ethan",Ethan Swidler,WAS_HUS,6.083333333,0
"Swidorski, TJ",TJ Swidorski,COR_BRE,6,0
"Swiencicki, Eric",Eric Swiencicki,MOY_MOY,6,0
"Swift, Chase",Chase Swift,VIR_TEC,5.916666667,0
"Swift, Julian",Julian Swift,STE_LUM,5.833333333,0
"Swink, Josh",Josh Swink,LIB_FLA,6.166666667,0
"Switalski, Adam",Adam Switalski,LIP_BIS,6.083333333,0
"Swofford, Easton",Easton Swofford,LIB_FLA,5.833333333,0
"Sword, William",Will Sword,PRI_TIG,6,0
"Swygart, Trey",Trey Swygart,POR_PIL,6.25,0
"Sybirski, Becker",Becker Sybirski,NJI_HIG,5.75,0
"Sydlowski, Kriss",Kriss Sydlowski,EMU_EAG,6.166666667,0
"Sylvester, Beau",Beau Sylvester,ARI_WIL,6,0
"Szabo, Zak",Zak Szabo,NOR_BIS,6.166666667,0
"Szczepanski, Tommy",Tommy Szczepanski,MIC_SPA,6.416666667,0
"Szepek, Luke",Luke Szepek,SBU_SEA,6.333333333,0
"Szymczak, Mitchel",Mitchel Szymczak,AKR_ZIP,5.833333333,0
"Tabaie, Noah",Noah Tabaie,LON_ISL22,6.166666667,0
"Tabola, Bowen",Bo Tabola,MIS_BEA,5.833333333,0
"Tabor, Cole",Cole Tabor,IWC,5.833333333,0
"Taclas, Aidan",Aidan Taclas,NMS_AGG,6,0
"Taczy, Charlie",Charlie Taczy,UIC_FLA,6.083333333,0
"Taffe, Ryan",Ryan Taffe,SIE_SAI,6.333333333,0
"Taggart, Carson",Carson Taggart,DAV_WIL,6.333333333,0
"Taggart, Casen",Casen Taggart,WAS_HUS,6.416666667,0
"Tahnk, Owen",Owen Tahnk,HAR_CRI,6.25,0
"Takats, TJ",TJ Takats,BGS_FAL,6.416666667,0
"Takeuchi, Kevin",Kevin Takeuchi,SOU_TRO,5.833333333,0
"Talavs, Drew",Drew Talavs,SAN_AZT,6.166666667,0
"Tallakson, Connor",Connor Tallakson,UNL_REB,5.833333333,0
"Tallman, Charlie",Chuck Tallman,SAC_PIO,5.916666667,0
"Talt, Easton",Easton Talt,ORE_BEA,5.833333333,0
"Tanaka, Makani",Makani Tanaka,ORA_GOL,6.166666667,0
"Tandy, Jake",Jake Tandy,PAC_TIG,6.166666667,0
"Tanton, Ben",Ben Tanton,OLD_MON,6.166666667,0
"Tapper, Brock",Brock Tapper,TRO_TRJ,6.166666667,0
"Tarango, Caden",Caden Tarango,TUL_GRE,6.5,0
"Tarantino, Cooper",Cooper Tarantino,NOR_HUS,6.083333333,0
"Tarbert, Roan",Roan Tarbert,FLO_RAT,6.083333333,0
"Targac, Titan",Titan Targac,TEX_BOB,6,0
"Tarnoki, Kiefer",Kiefer Tarnoki,WES_HIL,5.833333333,0
"Tarpley Jr, Derrick",Derrick Tarpley,PIT_PAN,6.166666667,0
"Tarpley, Will",Will Tarpley,ALA_ANM,6.25,0
"Tarr, Matthew",Matt Tarr,NIU_HUS,6.166666667,0
"Tarsia, Hayden",Hayden Tarsia,BIN_BEA,6.166666667,0
"Tate, Jack",Jack Tate,STJ_RED,6.25,0
"Tate, Robert",Robert Tate,JAC_TIG,6.416666667,0
"Tatom, Jake",Jake Tatom,TAR_TEX,6.083333333,0
"Taubert, Harrison",Harrison Taubert,EVA_ACE,6,0
"Tavarez, Diego",Diego Tavarez,WAG_SEA,6,0
"Taylor, AJ",A.J. Taylor,LAM_CAR,5.916666667,0
"Taylor, Aidan",Aidan Taylor,PRE_BLH,5.916666667,0
"Taylor, Andrew",Andrew Taylor,UTR_VAQ,6,0
"Taylor, Carter",Carter Taylor,SOU_JAC,6,0
"Taylor, Chase",Chase Taylor,UCO_HUS,5.666666667,0
"Taylor, Christian",Christian Taylor,AIR_FOR,5.916666667,0
"Taylor, Evan",Evan Taylor,ALA_CRI,6,0
"Taylor, Gavin",Gavin Taylor,UNL_REB,6.166666667,0
"Taylor, JT",JT Taylor,NOR_AGG,6,0
"Taylor, Jack",Jack Taylor,MOR_EAG,5.833333333,0
"Taylor, Jordan",Jordan Taylor,COA_CHA,6.083333333,0
"Taylor, Joseph",Joseph Taylor,CHA_FOR,5.916666667,0
"Taylor, Luke",Luke Taylor,LON_DIR,6.083333333,0
"Taylor, Nate",Nate Taylor,VAN_COM,6.166666667,0
"Taylor, Nathan",Nathan Taylor,CIN_BEA,6.416666667,0
"Taylor, Ryan",Ryan Taylor,PEN_QUA,5.833333333,0
"Taylor, Will",Will Taylor,MAR_RED,6.083333333,0
"Taylor, Wilton",Will Taylor,LOU_CAJ,6.25,0
"Taylor, Zion",Zion Taylor,AUS_GOV,6.166666667,0
"Tayman, Ryan",Ryan Tayman,CAL_MUS,6.166666667,0
"Teague, Nate",Nate Teague,VAN_COM,6.583333333,0
"Tedesco, Jake",Jake Tedesco,MIA_RED,6.416666667,0
"Teel, Aidan",Aidan Teel,MSU_BDG,6,0
"Teel, Easton",Easton Teel,ORA_GOL,6.25,0
"Teinert, Cameron",Cameron Teinert,UNO_MAV,6.166666667,0
"Teixeira, Timothy",Tim Teixeira,SOU_COU,6.166666667,0
"Tejada III, Richard",Richard Tejeda,SOU_TRO,6,0
"Tejada, Jaqson",Jaqson Tejada,NIU_HUS,6.416666667,0
"Teke, Jared",Jared Teke,NOK_NOR,5.833333333,0
"Temesvary, Anthony",Anthony Temesvary,COL_LION,5.916666667,0
"Temple, Connar",Connar Temple,NIU_HUS,6.166666667,0
"Templeton, Cody",Cody Templeton,STE_LUM,6,0
"Templeton, Scott",Scott Templeton,WCC,6.166666667,0
"Templin, Braxton",Braxton Templin,GEO_HOY,5.75,0
"Ten Oever, Owen",Owen ten Oever,IU,6.083333333,0
"Teper, Cameron",Cameron Teper,CAL_LAN,6.083333333,0
"Terhaar, Nick",Nick Terhaar,IOW_HAW,6.25,0
"Terilli, Lucas",Lucas Terilli,GEO_PAT,5.916666667,0
"Terranova, Joe",Joe Terranova,SOU_RED,5.916666667,0
"Terrell, Bub",Bub Terrell,AUB_TIG,6.25,0
"Terronez, Aidan",Aidan Terronez,UIC_FLA,6.083333333,0
"Terry, AJ",AJ Terry,NOR_TAR,6,0
"Terry, Ayden",Ayden Terry,STE_LUM,6,0
"Terry, Braedon",Braeden Terry,WAS_HUS,6,0
"Terry, Logan",Logan Terry,NIC_COL,6,0
"Teschke, Luke",Luke Teschke,ILL_RED,6.166666667,0
"Teunissen, Garrett",Garrett Teunissen,CSU_BAK,5.75,0
"Thacker, Bryson",Bryson Thacker,WES_MOU,6.166666667,0
"Thames, Ty",Ty Thames,RIC_OWL,6.25,0
"Tharnish, Jayce",Jayce Tharnish,KEN_WIL,6.25,0
"Thaxton, Aidan",Aidan Thaxton,BUT_BUL,5.916666667,0
"Thayer, Harrison",Harrison Thayer,UTR_VAQ,6.25,0
"Thein, Noah",Noah Thein,WAS_COU,5.75,0
"Theis, Braden",Braden Theis,UWM_PAN,6.25,0
"Theis, Gavin",Gavin Theis,UWM_PAN,6.25,0
"Theophilus, Zion",Zion Theophilus,LSU_TIG,6.166666667,0
"Thiele, Garrett",Garrett Thiele,MAN_JAS,6.083333333,0
"Thiele, Luke",Luke Thiele,WAS_COU,6.083333333,0
"Thielman, Avery",Avery Thielman,WMI_BRO,6.416666667,0
"Thigpen, Noah",Noah Thigpen,TRO_TRJ,6.166666667,0
"Thigpen, Phillip",Phillip Thigpen,EMU_EAG,5.75,0
"Thomas, AJ",AJ Thomas,MAR_RED,6.333333333,0
"Thomas, Alex",Alex Thomas,BUT_BUL,5.833333333,0
"Thomas, Brady",Brady Thomas,JAC_GAM,6.416666667,0
"Thomas, Brandon",Brandon Thomas,FRE_BUL,6.333333333,0
"Thomas, Braxton",Braxton Thomas,CAL_MUS,6.166666667,0
"Thomas, Brayton",Brayton Thomas,IU,6.416666667,0
"Thomas, Chase",Chase Thomas,TEX_RAI,5.916666667,0
"Thomas, David",David Thomas,SAN_SPA,6.333333333,0
"Thomas, Eli",Eli Thomas,USF_BUL,5.916666667,0
"Thomas, Ethan",Ethan Thomas,NOK_NOR,6.5,0
"Thomas, Ethan",Ethan Thomas,TCU_HFG,6.416666667,0
"Thomas, Gavin",Gavin Thomas,DAV_WIL,6.083333333,0
"Thomas, Hayden",Hayden Thomas,COL_CHA,6,0
"Thomas, Jackson",Jackson Thomas,GEO_HOY,6,0
"Thomas, Jackson",Jackson Thomas,WAS_HUS,6.25,0
"Thomas, Jake",Jake Thomas,BUT_BUL,6.25,0
"Thomas, Jordan",Jordan Thomas,LIP_BIS,6,0
"Thomas, Kassius",Kassius Thomas,STA_CAR,6.166666667,0
"Thomas, Kenskey",Kenskey Thomas,BAL_CAR,5.75,0
"Thomas, Khamaree",Khamaree Thomas,MIC_SPA,5.75,0
"Thomas, Kurtis",Kurt Thomas,SPU_PEA,6.083333333,0
"Thomas, Luke",Luke Thomas,UNC_SPA,6,0
"Thomas, Martavius",Martavius Thomas,GRA_TIG,5.75,0
"Thomas, Matthew",Chewy Thomas,CAL_MAT,6.25,0
"Thomas, Parker",Parker Thomas,GEO_PAT,6.25,0
"Thomas, Steve",Steve Thomas,UCO_HUS,5.833333333,0
"Thomas, Tanner",Tanner Thomas,XAV_MUS,5.833333333,0
"Thomas, Ty",Ty Thomas,CAL_FUL,6.25,0
"Thomason, Benjamin",Ben Thomason,UMA_AMH,6.25,0
"Thompson, Brady",Brady Thompson,UNC_SEA,6.25,0
"Thompson, Brendan",Brendan Thompson,CSU_BAK,6.083333333,0
"Thompson, Brock",Brock Thompson,OKL_COW,6,0
"Thompson, Bryce",Bryce Thompson,COP_STA,6.083333333,0
"Thompson, Caston",Caston Thompson,NIC_COL,6.25,0
"Thompson, Clay",Clay Thompson,JMU_DUK,6.083333333,0
"Thompson, DJ",DJ Thompson,WMI_BRO,5.916666667,0
"Thompson, Gavin",Gavin Thompson,BRA_BRA,6.416666667,0
"Thompson, JJ",J.J. Thompson,WRI_RAI,6.166666667,0
"Thompson, JT",JT Thompson,ABI_WIL,5.666666667,0
"Thompson, Jackson",Jackson Thompson,CAM_CAM,6.166666667,0
"Thompson, Josh",Josh Thompson,SIE_SAI,6,0
"Thompson, Kaden",Kaden Thompson,GEO_EAG,6.166666667,0
"Thompson, Kyeler",Kyeler Thompson,TEX_RAI,6,0
"Thompson, Matt",Matt Thompson,KS_GF,6.166666667,0
"Thompson, Noah",Noah Thompson,SOU_COU,5.916666667,0
"Thompson, Ryan",Ryan Thompson,RHO_RAM,6.25,0
"Thompson, Zack",Zack Thompson,GAR_RUN,6.083333333,0
"Thompson-Allen, Terrick",Terrick Thompson-Allen,SOU_COU,6.25,0
"Thomson, Owen",Owen Thomson,OAK_GOL,5.833333333,0
"Thomson, Ty",Ty Thomson,KAN_JAY,6.416666667,0
"Thorburn, Gavin",Gavin Thorburn,SIE_SAI,6,0
"Thornbury, Weston",Weston Thornbury,FRE_BUL,6.166666667,0
"Thornbury, Wyatt",Wyatt Thornbury,FRE_BUL,6.25,0
"Thorndell, Brock",Brock Thorndell,TEX_ISL,6.166666667,0
"Thorndyke, Colby",Colby Thorndyke,COA_CHA,6.083333333,0
"Thornton, Bromley",Bromley Thornton,UNC_SEA,6.333333333,0
"Thornton, Joseph",Joe Thornton,GON_BUL,6.166666667,0
"Thornton, Maddox",Maddox Thornton,ORA_GOL,6.166666667,0
"Thornton, Quincy",Quincy Thornton,SOU_JAG,6.083333333,0
"Thorsen, Matt",Matt Thorsen,SIE_SAI,6.333333333,0
"Throneberry, Connor",Connor Throneberry,MAN_JAS,6.5,0
"Thrush, Dawson",Dawson Thrush,AIR_FOR,6,0
"Thurmond, Eli",Eli Thurmond,NOT_IRI,6.25,0
"Thurston, Chance",Chance Thurston,ALC_BRA,6,0
"Tibbett, Logan",Logan Tibbett,APP_MOU,6.25,0
"Tidwell, Eli",Eli Tidwell,NEW_PRI,5.833333333,0
"Tiendas, Matthew",Matthew Tiendas,SAN_BRO,5.833333333,0
"Tierney, Chardy",Chardy Tierney,EKU_COL,6.083333333,0
"Tierney, Eddie",Eddie Tierney,NEV_WOL,6.333333333,0
"Tight, Michael",Michael Tight,COR_BRE,6.25,0
"Tignor, Laken",Laken Tignor,GEO_PAT,5.916666667,0
"Timblin, Ben",Ben Timblin,WOF_TER,6.25,0
"Timmerman, Tucker",Tucker Timmerman,NEB,6.25,0
"Timmins, Braylen",Braylen Timmins,TEX_BOB,6.166666667,0
"Timmons, Blake",Blake Timmons,NOR_BIS,5.833333333,0
"Timmons, Carson",Carson Timmons,NMS_AGG,6.083333333,0
"Timothy, Carson",Carson Timothy,SAC_HOR,5.916666667,0
"Tinney, Carson",Carson Tinney,TEX_LON,6.25,0
"Tinsley, Andrew",Andrew Tinsley,NOR_AGG,5.916666667,0
"Tippett, Will",Will Tippett,COL_CHA,6.083333333,0
"Tirado, Anthony",Anthony Tirado,UMA_AMH,6.083333333,0
"Tirado, Gabriel",Gabriel Tirado,UCO_HUS,5.666666667,0
"Tiroly, Joe",Joe Tiroly,VIR_CAV,6,0
"Titsworth, Drew",Drew Titsworth,CLE_TIG,6.25,0
"Tiw, Jeff",Jeff Tiw,WAG_SEA,6.166666667,0
"Toal, Haydan",Haydan Toal,ULM_WAR,6,0
"Toberman, Jackson",Jackson Toberman,NOF_OSP,6.25,0
"Tobias, Jacob",Jacob Tobias,LIP_BIS,6.166666667,0
"Tobin, Lane",Lane Tobin,CIT_BUL,5.833333333,0
"Tockey, Dayton",Dayton Tockey,OKL_SOO,6.083333333,0
"Todd, Niall",Niall Todd,GEO_PAN,6.166666667,0
"Todd, Zach",Zach Todd,PAC_TIG,6.25,0
"Todorowski, Triston",Triston Todorowski,SOU_LIO,6,0
"Toigo, Dean",Dean Toigo,ARI_SUN,6.333333333,0
"Tokheim, Teddy",Teddy Tokheim,STA_CAR,6.25,0
"Tolbert, Roman",Roman Tolbert,MCN_COW,6.416666667,0
"Tolbert, Stephen",Stephen Tolbert,SOU_JAG,6.166666667,0
"Tolentino, Jayden",Jayden Tolentino,RHO_RAM,6.166666667,0
"Tollett, JR",JR Tollett,LOU_CAJ,6.25,0
"Tomasetto, Nick",Nick Tomasetto,SET_PIR,5.833333333,0
"Tomita, Mahiro",Mahiro Tomita,NEV_WOL,5.75,0
"Tomlin, Taylor",Taylor Tomlin,LON_DIR,5.75,0
"Tomlinson, Houston",Houston Tomlinson,ASU_RED,6,0
"Tomlinson, Ty",Ty Tomlinson,WMI_BRO,6.166666667,0
"Tommasini, Austin",Austin Tommasini,SAM_BUL,6,0
"Tompkins, Mason",Mason Tompkins,WIN_EAG,5.916666667,0
"Tone, Jackson",Jackson Tone,JMU_DUK,6.083333333,0
"Toneske, Zaine",Zaine Toneske,SPU_PEA,6.166666667,0
"Toney, Brock",Brock Toney,GRA_CAN,6,0
"Toney, Sawyer",Sawyer Toney,ALA_LIO,6.333333333,0
"Tonnotti, Joey",Joey Tonnotti,SPU_PEA,6.083333333,0
"Tonsmeire Jr., William",William Tonsmeire,SOU_GOL,5.75,0
"Toole, Noah",Noah Toole,RAD_HIG,6,0
"Toole, Trent",Trent Toole,VIL_WIL,6.083333333,0
"Toomey, Jack",Jack Toomey,BOC_EAG,6.25,0
"Toomey, Matthew",Matt Toomey,LON_DIR,6.25,0
"Tootle, Joe",Joe Tootle,CSU_BAK,6,0
"Topolski, Chase",Chase Topolski,RIC_SPI,6.166666667,0
"Toporek, Jake",Jake Toporek,TUL_GRE,6.083333333,0
"Torbett, Jack",Jack Torbett,NCA_BUL,5.916666667,0
"Toro Sayago, Manuel Jesus",Manuel Toro,JAC_TIG,5.833333333,0
"Torrero, Eric",Eric Torrero,MIS_DEL,5.75,0
"Torres Horta, Hederick G.",Hederick Torres,JAC_TIG,6.166666667,0
"Torres, Boston",Boston Torres,WAK_DEA,5.75,0
"Torres, Christian",Chris Torres,USC_UPS,6,0
"Torres, Jason",Jason Torres,ALA_CRI,6.083333333,0
"Torres, Jayden",Jayden Torres,ALA_HOR,5.75,0
"Torres, Jayson",Jayson Torres,MAR_TER,6.166666667,0
"Torres, Jose",Jose Torres,LOU_CAJ,5.833333333,0
"Torres, Joshua",Joshua Torres,CAL_HIG,6,0
"Torres, Lukas",Lukas Torres,WAG_SEA,5.75,0
"Torres, Maverick",Maverick Torres,UNI_WES,6.166666667,0
"Torres, Michael",Michael Torres,MIA_HUR,5.916666667,0
"Torres, Pablo",Pablo Torres,BET_WIL,5.916666667,0
"Torres, Raul",Raul Torres,ASU_RED,5.916666667,0
"Torres, Sebastian",Sebastian Torres,IND_SYC,5.833333333,0
"Torres, Tony",Tony Torres,ALA_ANM,6.166666667,0
"Torreso, Anthony",Anthony Torreso,DAV_WIL,6.166666667,0
"Toth, Diesel",Diesel Toth,CAL_LAN,6,0
"Toth, Michael",Mike Toth,MSM_MTN,5.916666667,0
"Totten, Matthew",Matthew Totten,NOR_BIS,6.25,0
"Touhey, Jordan",Jordan Touhey,ALA_LIO,6.333333333,0
"Toups, Nik",Nik Toups,SOU_LIO,6.416666667,0
"Tousa, Cade",Cade Tousa,VCU_RAM,5.916666667,0
"Tovar, Jesus",Jesus Tovar,TEX_BOB,6,0
"Towchik, Maxwell",Max Towchik,TEX_ISL,5.75,0
"Towers, Ryan",Ryan Towers,ECU_PIR,6,0
"Townsend, Cade",Cade Townsend,OLE_REB,6.083333333,0
"Townsend, Gavin",Gavin Townsend,WAG_SEA,6.083333333,0
"Townsend, Tom",Tommy Townsend,XAV_MUS,6.333333333,0
"Townson, Drew",Drew Townson,FRE_BUL,6,0
"Tozzi, Domenico",Domenico Tozzi,COA_CHA,5.833333333,0
"Tracey, Taylor",Taylor Tracey,TEN_VOL,6.5,0
"Tracy, Tab",Tab Tracy,LAM_CAR,6.25,0
"Traeger, Jax",Jax Traeger,RIC_OWL,6.083333333,0
"Traeger, Nolan",Nolan Traeger,TCU_HFG,6,0
"Trahan, Gage",Gage Trahan,MCN_COW,5.75,0
"Trammell, Bryson",Bryson Trammell,GEO_EAG,6.333333333,0
"Tramontana, Max",Max Tramontana,APP_MOU,6.166666667,0
"Trantino, Christian",Christian Trantino,SAC_PIO,6.333333333,0
"Trautner, Jace",Jace Trautner,LIP_BIS,6.25,0
"Travers, Cal",Cal Travers,LON_LAN,6.083333333,0
"Treadwell, Jordan",Jordan Treadwell,COP_STA,6,0
"Trejo, Jonathan",Jonathan Trejo,TEX_TIG,6,0
"Trenerry, Joe",Joe Trenerry,PUR_BOI,6.333333333,0
"Treonze, Max",Max Treonze,LEH_MOU,5.916666667,0
"Treto, Anthony",Anthony Treto,TAR_TEX,6.166666667,0
"Tribble, Logan",Logan Tribble,WOF_TER,5.916666667,0
"Trichel, Karson",Karson Trichel,NIC_COL,6,0
"Trier, Hayden",Hayden Trier,EIU_PAN,6.333333333,0
"Trinidad, Justin",Justin Trinidad,ION_GAE,6,0
"Trippel, Lance",Lance Trippel,USF_BUL,6.166666667,0
"Tripure, Max",Max Tripure,WIU_LEA,6.25,0
"Trivella, Mario",Mario Trivella,FLO_PAN,5.916666667,0
"Trizuto, Colin",Colin Trizuto,WAG_SEA,6.25,0
"Troch, Adam",Adam Troch,DUK_BLU,6,0
"Trombello, Brady",Brady Trombello,TEX_RAI,6.166666667,0
"Trombley, Joey",Joey Trombley,UCF_KNI,6.5,0
"Trommer, Michael",Michael Trommer,BUC_BIS,6.166666667,0
"Trone, Steven",Steve Trone,CIT_BUL,6.083333333,0
"Tronson, Hayden",Hayden Tronson,STE_LUM,6.166666667,0
"Trosclair, Brody",Brody Trosclair,NOR_DEM,5.916666667,0
"Trosky, Jabin",Jabin Trosky,SAN_AZT,5.833333333,0
"Trotter, Logan",Logan Trotter,NOR_DEM,6,0
"Trout, Jackson",Jackson Trout,UNO_MAV,6.416666667,0
"Troy, Adam",Adam Troy,SOU_TRO,6.25,0
"Truitt, Brantley",Brantley Truitt,UNC_SPA,5.75,0
"Trujillo, Diego",Diego Trujillo,NOR_BIS,6,0
"Trujillo, Gene",Gene Trujillo,MEX_LOB,6.5,0
"Trumpour, Austin",Austin Trumpour,UCO_HUS,6.333333333,0
"Tryon, Ben",Ben Tryon,DAL_PAT,6,0
"Tsengeg, Amar",Amar Tsengeg,WIC_SHO,6.25,0
"Tsiaras, Matt",Matt Tsiaras,LEH_MOU,5.916666667,0
"Tubbs, Adam",Adam Tubbs,ULM_WAR,5.833333333,0
"Tufano, Cristino",Cristino Tufano,GEO_COL,5.833333333,0
"Tufts, Maclain",Mac Tufts,LON_LAN,5.833333333,0
"Tuggle, Reginald",Reginald Tuggle,NOR_AGG,5.916666667,0
"Tumis, Easton",Easton Tumis,KS_GF,6.333333333,0
"Turcovski, Justin",Justin Turcovski,PEN_NIT,5.833333333,0
"Turgeon, Dante",Dante Turgeon,WIU_LEA,6.25,0
"Turner, Bryce",Bryce Turner,FLO_PAN,6.583333333,0
"Turner, Christian",Christian Turner,ARK_RAZ,6,0
"Turner, Colby",Colby Turner,MIC_WOL,6,0
"Turner, Cy",Cy Turner,WRI_RAI,6.25,0
"Turner, Drew",Drew Turner,NCA_BUL,6.333333333,0
"Turner, Hassan",Hassan Turner,DEL_HOR,5.833333333,0
"Turner, Jack",Jack Turner,NMS_AGG,6.083333333,0
"Turner, Jacob",Jacob Turner,BGS_FAL,6,0
"Turner, Jaiden",Jaiden Turner,CAL_MAT,6.25,0
"Turner, Kole",Kole Turner,ASU_RED,6.166666667,0
"Turner, Murchael",Murchael Turner,LON_DIR,6,0
"Turner, Owen",Owen Turner,YAL_BUL,6,0
"Turner, Tommy",Tommy Turner,RHO_RAM,5.916666667,0
"Turner, Trent",Trent Turner,WCC,6,0
"Turner, Will",Will Turner,UTM_SKY,6,0
"Turnquist, Carson",Carson Turnquist,CAL_MUS,6.416666667,0
"Tuttoilmondo, Joey",Joey Tuttoilmondo,TOW_TIG,5.833333333,0
"Tuupo, Chandler",Chandler Tuupo,CHA_BUC,6.083333333,0
"Tweedy, Brisen",Brisen Tweedy,USF_BUL,6.166666667,0
"Twist, Toby",Toby Twist,ORE_DUC,6.083333333,0
"Tymick, Mason",Mason Tymick,LON_DIR,6.25,0
"Tyranski, Ryan",Ryan Tyranski,CIN_BEA,6.333333333,0
"Tyrrell, WIlliam",Will Tyrrell,UNC_SEA,5.916666667,0
"Tyson, Tagger",Tagger Tyson,KEN_WIL,6.083333333,0
"Uber, Ty",Ty Uber,NOT_IRI,6.333333333,0
"Ubner, Chris",Chris Ubner,MAR_RED,5.75,0
"Udland, Connor",Connor Udland,HOU_COU,6.333333333,0
"Uebelhor, Mick",Mick Uebelhor,WES_HIL,6.25,0
"Uelman, Leo",Leo Uelmen,ORE_DUC,6.333333333,0
"Ugo, Jackson",Jackson Ugo,MUR_RAC,6.083333333,0
"Ulisse, Ryan",Ryan Ulisse,LAF_LEP,6,0
"Ulloa, Alex",Alex Ulloa,WIC_SHO,5.833333333,0
"Ulloa, Gethse",Gethse Ulloa,CSU_BAK,6,0
"Ulrich, Sloan",Sloan Ulrich,YSU_PEN,6,0
"Ulsh, Mason",Mason Ulsh,QUI_BOB,5.75,0
"Umbach, Anthony",Anthony Umbach,GAR_RUN,5.583333333,0
"Umlandt, Ian",Ian Umlandt,ORE_DUC,6,0
"Underhill, Anakin",Anakin Underhill,SAC_PIO,6.583333333,0
"Underhill, Elijah",Elijah Underhill,AUS_GOV,6,0
"Underhill, Landon",Landon Underhill,DAL_PAT,6,0
"Underwood, Cody",Cody Underwood,LIP_BIS,6.166666667,0
"Underwood, Cooper",Cooper Underwood,GIT_YEL,6.333333333,0
"Underwood, Peter",Peter Underwood,LIN_UNI,6,0
"Unga, Anthony",Anthony Unga,CRE_BLU,6.333333333,0
"Unger, J'Shawn",J'Shawn Unger,NEB,6.416666667,0
"Unger, J'shawn",J'Shawn Unger,NEB,6.416666667,0
"Upchurch, Myles",Myles Upchurch,ALA_CRI,6.25,0
"Updike, Scout",Scout Updike,JUD,6,0
"Upshaw, Brantley",Brantley Upshaw,GEO_PAN,6.583333333,0
"Urban, Adam",Adam Urban,MIN_GOL,6,0
"Urban, Joseph",Joey Urban,SOU_GOL,6,0
"Urbanczyk, Ryland",Ryland Urbanczyk,RIC_OWL,6.083333333,0
"Urbaniak, Mikey",Mikey Urbaniak,LON_LAN,5.75,0
"Urbon, Walter",Walter Urbon,SOU_TRO,6,0
"Urena, Jeremy",Jeremy Urena,FLO_PAN,6,0
"Uriepero, Misael",Misael Uriepero,YSU_PEN,5.833333333,0
"Urquidi, Niko",Niko Urquidi,CAL_LAN,6.083333333,0
"Usey, Trey",Trey Usey,NEW_PRI,6.083333333,0
"Usowski, Connor",Connor Usowski,MOY_MOY,6.333333333,0
"Utermark, Judd",Judd Utermark,OLE_REB,6.416666667,0
"VAN METER, JAMES",James Van Meter,NOR_AGG,6.25,0
"Vaccarella, Joseph",Joe Vaccarella,ARM_BLA,6.333333333,0
"Vachini, Dante",Dante Vachini,CAL_MUS,6.25,0
"Vaisvila, Maxwell",Max Vaisvila,NIU_HUS,5.833333333,0
"Valadez, Danny",Danny Valadez,ARL_MAV,6.166666667,0
"Valdez, Adrian",Adrian Valdez,SAN_DON,6.166666667,0
"Valdez, Damon",Damon Valdez,LON_DIR,6.25,0
"Valdez, Elias",Elias Valdez,PAC_TIG,6.333333333,0
"Valdez, Eric",Eric Valdez,NEV_WOL,6.166666667,0
"Valdez, Jonathan",Jonathan Valdez,STE_LUM,5.916666667,0
"Valdez, Noel",Noel Valdez,CAL_AGO,6,0
"Valdivia, Raul",Raul Valdivia,SAC_HOR,6.166666667,0
"Valencia, Lucas",Lucas Valencia,MIS_DEL,6.25,0
"Valentin, Alex",Alex Valentin,SOU_GAM,6,0
"Valentin, Kareh",Kareh Valentin,NEW_PRI,5.833333333,0
"Valentine, Balin",Balin Valentine,LAM_CAR,5.833333333,0
"Valentine, Collin",Collin Valentine,PEP_WAV,6.25,0
"Valincius, Tomas",Tomas Valincius,MSU_BDG,6.166666667,0
"Valincius, Vytas",Vytas Valincius,MSU_BDG,6.333333333,0
"Vallejo, Carlos",Carlos Vallejo,UTR_VAQ,6.25,0
"Vallescorbo, Adrian",Adrian Vallescorbo,ALC_BRA,6.166666667,0
"Van Alstine, Marcus",Marcus Van Alstine,OLD_MON,6,0
"Van Ameyde, Chase",Chase Van Ameyde,NOT_IRI,6.416666667,0
"Van Ameyde, Cole",Cole Van Ameyde,MIC_SPA,6.083333333,0
"Van Assen, Cole",Cole Van Assen,PUR_BOI,6.25,0
"Van Cleave, Braxton",Braxton Van Cleave,KEN_WIL,6.25,0
"Van Cleve, Blake",Blake Van Cleve,LIT_TRO,6.333333333,0
"Van Der Lelie, Jelle",Jelle van der Lelie,ASU_RED,6.25,0
"Van Dolah, Cayden",Cayden Van Dolah,HOL_CRU,6.083333333,0
"Van Haaren, Carson",Carson van Haaren,EKU_COL,6,0
"Van Kempen, Gavin",Gavin Van Kempen,ECU_PIR,6.583333333,0
"Van Ness, Jonathon",Jonathon Van Ness,BEL_BRU,6.166666667,0
"Van Sice, Ethan",Ethan Van Sice,COR_BRE,5.75,0
"Van Slooten, Cj",CJ Van Slooten,CIT_BUL,6.5,0
"Van Tuyle, Aaron",Aaron Van Tuyle,RIC_SPI,6.166666667,0
"Van Wie, William",Will Van Wie,HOU_COU,6.25,0
"Van der Wel, Vincent",Vinnie Van der Wel,CAL_MUS,6.083333333,0
"VanDeHatert, Aiden",Aiden VanDeHatert,DAL_PAT,6.25,0
"VanDeWater, Ryan",Ryan VanDeWater,MAR_RED,6,0
"VanMarter, Luke",Luke VanMarter,MOY_MOY,6.25,0
"VanOstenbridge, Matthew",Matthew VanOstenbridge,PEN_NIT,5.833333333,0
"Vancas, Peyton",Peyton Vancas,QUI_BOB,6,0
"Vance, Carson",Carson Vance,MAN_JAS,6,0
"Vance, Cooper",Cooper Vance,ORE_BEA,6,0
"Vandegrift, Landon",Landon Vandegrift,AKR_ZIP,6.083333333,0
"VandenBrink, Ryan",Ryan VandenBrink,ORE_BEA,6.083333333,0
"Vandenbosch, Evan",Evan Vandenbosch,WIN_EAG,6.333333333,0
"Vandenheuvel, Miles",Miles Vandenheuvel,OSU_BUC,6.166666667,0
"Vander Hill, Sammy",Sammy Vander Hill,PRE_BLH,6.083333333,0
"Vander Loop, Alex",Alex Vander Loop,UWM_PAN,6.083333333,0
"Vander luitgaren, Conner",Conner Vander Luitgaren,EVA_ACE,6.166666667,0
"VanderWoude, Isaac",Isaac VanderWoude,BEL_BRU,6,0
"Vanderhave, Jakob",Jakob Vanderhave,ARM_BLA,6,0
"Vandersee, Kameron",Kameron Vandersee,ALA_ANM,5.833333333,0
"Vandever, Cannon",Cannon Vandever,SIE_SAI,6.25,0
"Vanegas, Alejandro",Alejandro Vanegas,IWC,6.166666667,0
"Vanesko, Jackson",Jackson Vanesko,BRY_BUL,6.333333333,0
"Vann, Domaine",Domaine Vann,PRE_BLH,6.166666667,0
"Vannoy, Matthew",Matt Vannoy,DAV_WIL,6,0
"Vanover, Jacob",Jacob Vanover,MOR_EAG,6.333333333,0
"Vargas, Aiden",Aidan Vargas,MAR_RED,6.25,0
"Vargas, Austin",Austin Vargas,NIC_COL,6.666666667,0
"Vargas, Jordan",Jordan Vargas,FLO_PAN,6.416666667,0
"Vargas, Jose",Jose Vargas,LAM_CAR,6.166666667,0
"Vargas, Juan",Juan Vargas,TEX_AGG,6.083333333,0
"Vargas, Nathan",Nate Vargas,SAN_GAU,6.25,0
"Vargas, Tyler",Tyler Vargas,WAG_SEA,6,0
"Vargo, Nate",Nate Vargo,MER_UNI,6.25,0
"Varlotta, Nico",Nico Varlotta,ALA_LIO,6,0
"Varner, Jaden",Jaden Varner,KS_GF,5.916666667,0
"Vasell, Tino",Tino Vasell,SAN_DON,5.833333333,0
"Vasiliou, Evan",Evan Vasiliou,XAV_MUS,6.166666667,0
"Vasquez, Carlos",Carlos Vasquez,KAN_WIL,6,0
"Vasquez, Jose",José Vasquez,ARK_LIO,5.416666667,0
"Vasquez, Julio",Julio Vasquez,GRA_TIG,6.166666667,0
"Vassallo, Dominick",Dominic Vassallo,LON_ISL22,6.166666667,0
"Vasseur, Will",Will Vasseur,SAN_GAU,6.333333333,0
"Vaughan, Everett",Everett Vaughan,VCU_RAM,6.25,0
"Vaughan, Logan",Logan Vaughan,GEO_PAT,6.083333333,0
"Vaughn, Casey",Casey Vaughn,SIE_SAI,6.166666667,0
"Vaughn, Jackson",Jackson Vaughn,UNO_MAV,6.25,0
"Vaughn, Joshua",Josh Vaughn,UTS_ROA,6.166666667,0
"Vaughn, Luke",Luke Vaughn,ALA_CRI,6.166666667,0
"Vaughn, Rhett",Rhett Vaughn,FLO_SEM,6.25,0
"Vazquez, Paul",Paul Vazquez,ORE_BEA,6.25,0
"Veasey, Ariston",Ariston Veasey,CLE_TIG,6.083333333,0
"Veczko, Jacob",Jacob Veczko,ION_GAE,6.25,0
"Vega, Nicholas",Nick Vega,NJI_HIG,6.166666667,0
"Veintimilla, Patrick",Patrick Veintimilla,STJ_HAW,6.416666667,0
"Vela, Dusty",Dusty Vela,CSU_BAK,5.833333333,0
"Velardo, Ty",Ty Velardo,NOF_OSP,6,0
"Velazquez, Diego",Diego Velazquez,SOU_TRO,6.083333333,0
"Velazquez, Ray",Ray Velazquez,AUS_GOV,6.083333333,0
"Velders, Jesse",Jesse Velders,SOU_IND16,6.083333333,0
"Velez, Adonys",Adonys Velez,FLO_PAN,5.916666667,0
"Velino, Tyler",Tyler Velino,NEW_PRI,6.25,0
"Venditti, Vincent",Vince Venditti,SIE_SAI,6,0
"Venezia, Alex",Alex Venezia,STJ_HAW,6,0
"Venteicher, Nick",Nick Venteicher,CRE_BLU,5.833333333,0
"Ventura, Ranciel",Ranciel Ventura,MER_UNI,5.916666667,0
"Venverloh, Vincent",Vincent Venverloh,SAN_TOR,5.75,0
"Vera, Jordan",Jordan Vera,FGCU,6.166666667,0
"Verburg, Spencer",Spencer Verburg,CEN_MIC,6.166666667,0
"Vercoe, Colton",Colton Vercoe,UTR_VAQ,6.416666667,0
"Vercollone, Conner",Conner Vercollone,STB_BON,5.916666667,0
"Vercruysse, Charlie",Charlie Vercruysse,PUR_BOI,6.166666667,0
"Vergara, Roger",Roger Vergara,JUD,6,0
"Verhage, Terek",Terek Verhage,THO_M,6,0
"Vermillion, Ryan",Ryan Vermillion,SAM_BUL,6,0
"Vest, Boston",Boston Vest,NMS_AGG,5.916666667,0
"Vest, Jack",Jack Vest,ETS_BUC,6.083333333,0
"Via, Alex",Alex Via,POR_PIL,5.916666667,0
"Vicens, Jamie",Jamie Vicens,GIT_YEL,6.333333333,0
"Vidlak, Nate",Nate Vidlak,STE_LUM,6,0
"Vieira, William",Will Vieira,FOR_RAM,6.25,0
"Vigue, Dylan",Dylan Vigue,GEO_BUL,6.25,0
"Villani, Michael",Mike Villani,SBU_SEA,6,0
"Villar, Jake",Jake Villar,CSD_TRI,5.75,0
"Villarreal, Juan",Juan Villarreal,MIZ_TIG,6.5,0
"Villegas, Alessandro",Alessandro Villegas,FLO_RAT,5.666666667,0
"Villeneuve, Robin",Robin Villeneuve,TEX_RAI,6.166666667,0
"Villescas, Diego",Diego Villescas,UTR_VAQ,5.833333333,0
"Vincent, Hunter",Hunter Vincent,TEX_AGG,6.25,0
"Vincent, Tom",Tom Vincent,TUL_GRE,6.25,0
"Vining, Aidan",Aidan Vining,BRY_BUL,6,0
"Vinson, Cale",Cale Vinson,MTSU_BLU,6,0
"Virtudes, Timmy",Timmy Virtudes,NAV_MID,5.916666667,0
"Visconti, Peter",Peter Visconti,UWM_PAN,5.833333333,0
"Viskovich, Bryant",Bryant Viskovich,SAN_BRO,6,0
"Vitarelli, Leo",Leo Vitarelli,WIN_EAG,5.833333333,0
"Vitellaro, Michael",Michael Vitellaro,UIC_FLA,5.916666667,0
"Vitucci, John",John Vitucci,ALB_GRE,5.916666667,0
"Vivacqua, Tyler",Tyler ViVacqua,NIA_EAG,5.833333333,0
"Voegele, Dominic",Dominic Voegele,KAN_JAY,6.166666667,0
"Vogel, Jacob",Jacob Vogel,IU,6.583333333,0
"Vogele, Jack",Jack Vogele,ECU_PIR,6.25,0
"Vogler, Tate",Tate Vogler,COL_LION,6.25,0
"Vogt, Jaren",Jaren Vogt,SOU_JAC,6,0
"Vokal, Jacob",Jacob Vokal,DAV_WIL,5.833333333,0
"Volantis, Dylan",Dylan Volantis,TEX_LON,6.5,0
"Volchko, Joey",Joey Volchko,GEO_BUL,6.333333333,0
"Volmerding, Joshua",Josh Volmerding,CAL_MUS,6.333333333,0
"Volo, Jack",Jack Volo,GEO_HOY,6,0
"Volz, Derek",Derek Volz,HOL_CRU,6,0
"Von Kapff, Titus",Titus Von Kapff,CHA_BUC,6.083333333,0
"Von Schlegell, Zan",Zan Von Schlegell,THO_M,5.916666667,0
"Von Zuben, Aidan",Aidan von Zuben,PEN_QUA,6,0
"Vondohlen, Brett",Brett Vondohlen,MTSU_BLU,5.833333333,0
"Voorhies, James",James Voorhies,CAL_MAT,6.333333333,0
"Vorster, Kian",Kian Vorster,LOU_CAR,5.916666667,0
"Voytko, Fawster",Fawster Voytko,IWC,6.333333333,0
"Vriesenga, Zach",Zach Vriesenga,WMI_BRO,6.5,0
"Wachs, Jason",Jason Wachs,TUL_GRE,6.166666667,0
"Wachsmann, Isaac",Isaac Wachsmann,CRE_BLU,6.333333333,0
"Wachter, Nate",Nate Wachter,SOU_JAC,6.166666667,0
"Wachter, Nater",Nater Wachter,UCO_HUS,6.333333333,0
"Wadas, Zach",Zach Wadas,LOY_LIO,6.333333333,0
"Wade, Alex",Alex Wade,ALA_LIO,6.166666667,0
"Wade, Caden",Caden Wade,ALC_BRA,5.833333333,0
"Wade, Holden",Holden Wade,GEO_EAG,5.916666667,0
"Wade, Jack",Jack Wade,WAS_HUS,6.083333333,0
"Wade, Lance",Lance Wade,MIS_BEA,5.833333333,0
"Waghalter, Harrison",Harris Waghalter,SOU_LIO,6.083333333,0
"Wagner, Ed",Ed Wagner,NOF_OSP,6.416666667,0
"Wagner, JP",JP Wagner,TOL_ROC,6.166666667,0
"Wagner, Kai",Kai Wagner,PIT_PAN,6,0
"Wagner, Reece",Reece Wagner,NCB,6.416666667,0
"Wagoner, Jake",Jake Wagoner,LAM_CAR,5.916666667,0
"Waibel, Cade",Cade Waibel,BAY_BEA,6.333333333,0
"Wainwright, Eric",Eric Wainwright,MAI_BLA,5.75,0
"Waite, Ryker",Ryker Waite,VAN_COM,5.833333333,0
"Wajda, Jack",Jack Wajda,MUR_RAC,6.25,0
"Wakakuwa, Mekenna",Mekenna Wakakuwa,COP_STA,5.833333333,0
"Waldeck, Noah",Noah Waldeck,STM_GAE,6.416666667,0
"Waldron, Taylor",Taylor Waldron,JAC_GAM,6.166666667,0
"Waldrop, Tanner",Tanner Waldrop,AUB_TIG,6.083333333,0
"Waldschmidt, Logan",Logan Waldschmidt,NEW_PRI,6.333333333,0
"Walega, Pat",Pat Walega,LAF_LEP,6.083333333,0
"Walewander, Owen",Owen Walewander,LEH_MOU,6,0
"Walk, Jason",Jason Walk,OKL_SOO,5.833333333,0
"Walker, Brendan",Brendan Walker,STE_HAT,6,0
"Walker, Conlon",Conlon Walker,GEO_COL,6.166666667,0
"Walker, Connor",Connor Walker,MCN_COW,5.833333333,0
"Walker, Ethan",Ethan Walker,TEX_LON,6,0
"Walker, Grayson",Grayson Walker,DUK_BLU,6.25,0
"Walker, Jackson",Jack Walker,HBU_HUS,6.166666667,0
"Walker, Jayden",Jayden Walker,MER_UNI,6.333333333,0
"Walker, Jonah",Jonah Walker,NOR_BIS,6.166666667,0
"Walker, Kade",Kade Walker,JAC_TIG,6.25,0
"Walker, Khalil",Khalil Walker,MEX_LOB,5.833333333,0
"Walker, Tanner",Tanner Walker,FLO_RAT,6.166666667,0
"Walker, Tommy",Tommy Walker,APP_MOU,6,0
"Walker, Tyler",Tyler Walker,WAS_HUS,6.5,0
"Walker, Wes",Wes Walker,ALA_LIO,6,0
"Wall, Carter",Carter Wall,STJ_RED,6.166666667,0
"Wall, Finnegan",Finnegan Wall,CAL_ANT,6.166666667,0
"Wall, Jaxson",Jaxson Wall,LOY_LIO,6.166666667,0
"Wall, Micajah",Micajah Wall,SOU_IND16,6.5,0
"Wallace, Carson",Carson Wallace,ABI_WIL,6.166666667,0
"Wallace, Chance",Chance Wallace,UTA_WOL,6,0
"Wallace, Colby",Colby Wallace,ECU_PIR,6.25,0
"Wallace, Daniel",Danny Wallace,OKL_COW,5.833333333,0
"Wallace, Keith",Keith Wallace,COP_STA,6.166666667,0
"Wallace, Zack",Zack Wallace,BAY_BEA,5.833333333,0
"Waller, Jackson",Jackson Waller,NEV_WOL,6.083333333,0
"Walls, Brayden",Brayden Walls,LIT_TRO,5.833333333,0
"Walls, Brody",Brody Walls,TEX_LON,6,0
"Walls, Cooper",Cooper Walls,FLA_GAT,6.416666667,0
"Walls, Dawson",Dawson Walls,ORA_GOL,6.166666667,0
"Walsh, Alex",Alex Walsh,JUD,6.333333333,0
"Walsh, Carson",Carson Walsh,NOR_HUS,6,0
"Walsh, Charlie",Charlie Walsh,GEO_COL,5.75,0
"Walsh, Chris",Chris Walsh,MON_HAW,6.166666667,0
"Walsh, Chris",Chris Walsh,NOR_HUS,6,0
"Walsh, Jameson",Jameson Walsh,ALB_GRE,6,0
"Walsh, Michael",Michael Walsh,LIN_UNI,6.083333333,0
"Walsh, Nick",Nick Walsh,SAN_DON,6,0
"Walsh, Patrick",Patrick Walsh,NAV_MID,6.083333333,0
"Walsh, Waylon",Waylon Walsh,SAN_BRO,6.333333333,0
"Walsh, Zach",Zach Walsh,PIT_PAN,5.75,0
"Walter, Cade",Cade Walter,JUD,5.916666667,0
"Walters, Uriah",Uriah Walters,OKL_SOO,6.166666667,0
"Walton, Lane",Lane Walton,ASU_RED,6.333333333,0
"Walton, Luke",Luke Walton,TOL_ROC,6,0
"Walton, Ryker",Ryker Walton,AUS_GOV,6.333333333,0
"Walton, Ty",Ty Walton,CAL_HIG,6,0
"Walton, Tyler",Tyler Walton,TEX_BOB,6.083333333,0
"Walton, Wade",Wade Walton,HIG_PAN,6.416666667,0
"Wang, Jackson",Jackson Wang,NOK_NOR,6.083333333,0
"Wang, Nick",Nick Wang,BOC_EAG,6.083333333,0
"Wanless, Caden",Caden Wanless,UTR_VAQ,5.833333333,0
"Warady, Tanner",Tanner Warady,LOY_LIO,6.083333333,0
"Ward, Blaize",Blaize Ward,MIZ_TIG,6.083333333,0
"Ward, Oliver",Oliver Ward,BEL_KNI,6.416666667,0
"Ward, Patrick",Patrick Ward,FAU_OWL,6.25,0
"Warden, Alec",Alec Warden,VCU_RAM,6.166666667,0
"Ware, Tanner",Tanner Ware,OAK_GOL,6.416666667,0
"Warehime, Cole",Cole Warehime,ILL_ILL,6.083333333,0
"Waring, Austin",Austin Waring,FAU_OWL,6.666666667,0
"Warner, Jack",Jack Warner,PEN_QUA,5.833333333,0
"Warner, Parker",Parker Warner,STA_CAR,6.166666667,0
"Warren, Hank",Hank Warren,UTR_VAQ,6,0
"Warren, Hunter",Hunter Warren,WRI_RAI,6,0
"Warrick, Isaac",Isaac Warrick,UAB_BLA,6.083333333,0
"Washburn, Joe",Joe Washburn,CRE_BLU,5.583333333,0
"Washburn, Owen",Owen Washburn,WIC_SHO,6,0
"Waslefsky, Karsen",Karsen Waslefsky,MEX_LOB,6,0
"Waterman, Ben",Ben Waterman,LAF_LEP,6.166666667,0
"Waters, Eli",Eli Waters,NIC_COL,6,0
"Waters, Landon",Landon Waters,OLE_REB,6.083333333,0
"Waters, Payton",Payton Waters,JUD,6.083333333,0
"Waters, Wylie",Wylie Waters,USC_UPS,6.25,0
"Watkins, Grant",Grant Watkins,ABI_WIL,6.166666667,0
"Watkins, Jailen",Jailen Watkins,MIA_HUR,5.583333333,0
"Watkins, Jordan",Jordan Watkins,AIR_FOR,6.083333333,0
"Watson, Christopher",Christopher Watson,BET_WIL,6.333333333,0
"Watson, Eli",Eli Watson,BEL_KNI,6.083333333,0
"Watson, Kylen",Kye Watson,SIU_SAL,6.083333333,0
"Watson, Lucas",Lucas Watson,UWM_PAN,6.166666667,0
"Watson, Rex",Rex Watson,COA_CHA,5.833333333,0
"Watson, Reyn",Reyn Watson,APP_MOU,6.25,0
"Watson, Spencer",Spencer Watson,ARK_LIO,6.25,0
"Watt, Liam",Liam Watt,DAL_PAT,6.083333333,0
"Watters, Bino",Bino Watters,NOT_IRI,6.166666667,0
"Watterson, Cole",Cole Watterson,WAS_COU,5.75,0
"Watts, Brady",Brady Watts,SOU_IND16,5.916666667,0
"Watts, Dane",Dane Watts,SOU_LIO,5.666666667,0
"Waugh, Brady",Brady Waugh,UAB_BLA,6.166666667,0
"Waugh, Landon",Landon Waugh,MOR_EAG,5.75,0
"Wawro, Wyatt",Wyatt Wawro,NIU_HUS,5.75,0
"Weatherford, Kirk",Kirk Weatherford,EVA_ACE,6,0
"Weatherwax, Riley",Riley Weatherwax,MON_HAW,6.25,0
"Weaver, Aidan",Aidan Weaver,DUK_BLU,6.416666667,0
"Weaver, Braden",Braden Weaver,LIB_FLA,5.833333333,0
"Weaver, JT",JT Weaver,UNC_SPA,5.916666667,0
"Weaver, Jake",Jake Weaver,IWC,5.833333333,0
"Weaver, Nicholas",Nick Weaver,EMU_EAG,6.083333333,0
"Weaver, Ryan",Ryan Weaver,NOR_CAT,6.166666667,0
"Webb, Bryson",Bryson Webb,CEN_MIC,5.916666667,0
"Webb, Davis",Davis Webb,BRA_BRA,6.5,0
"Webb, Joseph",Joe Webb,ECU_PIR,6.083333333,0
"Webb, Kutter-Gage",Kutter-Gage Webb,RIC_OWL,5.916666667,0
"Webb, Maddox",Maddox Webb,MSU_BDG,6.166666667,0
"Webb, Nate",Nate Webb,BEL_BRU,6.333333333,0
"Webb, Parker",Parker Webb,CAM_CAM,6.166666667,0
"Webb, Truitt",Truitt Webb,SOU_LIO,6,0
"Weber, Ben",Ben Weber,VIR_TEC,6.083333333,0
"Weber, Chapman",Chapman Weber,CSD_TRI,6.083333333,0
"Weber, Colby",Colby Weber,ECU_PIR,6.583333333,0
"Weber, Luke",Luke Weber,ILL_ILL,6,0
"Weber, Tanyon",Tanyon Weber,STO_COL,6.5,0
"Weber, Zach",Zach Weber,OSU_BUC,6.166666667,0
"Wech, Noah",Noah Wech,OKL_COW,6.083333333,0
"Wechsberg, Lucien",Lucien Wechsberg,PEP_WAV,6.416666667,0
"Weckler, Mason",Mason Weckler,UWM_PAN,6,0
"Weekly, Dylan",Dylan Weekly,NMS_AGG,6.333333333,0
"Weeks, Eric",Eric Weeks,CAN_GRI,6,0
"Weems, Irvin",Irvin Weems,HOU_COU,6,0
"Wegrzyn, Robert",Robert Wegrzyn,MOY_MOY,6.083333333,0
"Weiblinger, Reagan",Reagan Weiblinger,LAM_CAR,6.25,0
"Weidner, Landon",Landon Weidner,UNI_WES,6.333333333,0
"Weigand, Peyton",Peyton Weigand,MER_UNI,6,0
"Weight, Jack",Jack Weight,WM_TRI,6.083333333,0
"Weimer, Tyler",Tyler Weimer,ASU_RED,6.166666667,0
"Welch, Jordan",Jordan Welch,SBU_SEA,6.25,0
"Welch, Tyler",Tyler Welch,SOU_IND16,6,0
"Welk, Drew",Drew Welk,SLU_BILL,6.166666667,0
"Wellen, Braden",Braden Wellen,SAN_DON,6.25,0
"Weller, Ryan",Ryan Weller,SOU_IND16,6.25,0
"Wells, Cole",Cole Wells,MOR_EAG,6.083333333,0
"Wells, DeVante",DeVante Wells,ALA_ANM,6.083333333,0
"Wells, Frank",Frank Wells,GEO_EAG,5.833333333,0
"Wells, Mateo",Mateo Wells,HIG_PAN,6.416666667,0
"Wells, Micah",Micah Wells,STJ_HAW,6.166666667,0
"Wells, Trey",Trey Wells,RUT_SCA,6.416666667,0
"Welsch, Jack",Jack Welsch,STO_COL,6,0
"Wemer, Kale",Kale Wemer,YSU_PEN,6.166666667,0
"Wendel, Ethan",Ethan Wendel,TAR_TEX,6.75,0
"Wendt, Shea",Shea Wendt,CRE_BLU,6.083333333,0
"Wenske, Drew",Drew Wenske,STE_LUM,6,0
"Wensley, Casey",Casey Wensley,BRY_BUL,6.083333333,0
"Wentworth, T.P.",TP Wentworth,OKL_COW,6.416666667,0
"Wentz, Dalton",Dalton Wentz,WAK_DEA,6.166666667,0
"Wentz, Gannon",Gannon Wentz,NOK_NOR,5.916666667,0
"Wenz, Josh",Josh Wenz,GEO_COL,6.166666667,0
"Wenzel, Logan",Logan Wenzel,SPU_PEA,6.166666667,0
"Werdesheim, Grant",Grant Werdesheim,PRI_TIG,6.166666667,0
"Werk, Matthew",Matthew Werk,SOU_JAC,5.916666667,0
"Werk, Nicholas",Nic Werk,SOU_JAC,5.833333333,0
"Werkowitch, Jack",Jack Werkowitch,LIN_UNI,6.25,0
"Wernsing, Gavan",Gavan Wernsing,SIU_SAL,6,0
"Werth, Taylor",Taylor Werth,CAL_AGO,5.916666667,0
"Wertz, Andrew",Andrew Wertz,NOR_HUS,6.25,0
"Wesloski, Nick",Nick Wesloski,OKL_SOO,6.25,0
"West, Ayden",Ayden West,UNC_SPA,5.916666667,0
"West, Brylan",Brylan West,MIA_HUR,6.25,0
"West, Charles",Charlie West,UCO_HUS,5.916666667,0
"West, Dakoda",Dakoda West,DIX_STE,6.25,0
"West, Dean",Dean West,UCLA,5.833333333,0
"West, Landon",Landon West,RIC_OWL,6.25,0
"West, Manning",Manning West,KAN_JAY,6.5,0
"Westcott, Christian",Christian Westcott,NIC_COL,6.083333333,0
"Westley, Matthew",Matt Westley,GEO_PAT,6,0
"Westmoreland, Brannon",Brannon Westmoreland,LIT_TRO,6.5,0
"Westmoreland, Jackson",Jackson Westmoreland,ALA_LIO,5.75,0
"Weygandt, Coop",Coop Weygandt,VCU_RAM,6.083333333,0
"Whalen, Drew",Drew Whalen,AUB_TIG,6.083333333,0
"Whaley, Rodney",Rodney Whaley,WES_HIL,6.166666667,0
"Wheaton, Gage",Gage Wheaton,NIA_EAG,6.416666667,0
"Wheeler, Lawson",Lawson Wheeler,ELO_PHO,5.916666667,0
"Wheeler, Mace",Mace Wheeler,SAN_BRO,5.833333333,0
"Wheeler, Owen",Owen Wheeler,MAI_BLA,6.083333333,0
"Wheeler, Paul",Paul Wheeler,SAN_DON,5.916666667,0
"Whelehan, Michael",Mike Whelehan,MOY_MOY,5.833333333,0
"Whipple, Finn",Finn Whipple,HAR_CRI,6,0
"Whitacre, Brady",Brady Whitacre,RAD_HIG,5.666666667,0
"Whitaker, Davin",Davin Whitaker,ECU_PIR,6.333333333,0
"Whitaker, James",James Whitaker,NOR_CAT,6.166666667,0
"Whitaker, McKay",McKay Whitaker,BEL_KNI,6.25,0
"Whitcomb, Mack",Mack Whitcomb,VAN_COM,6,0
"White Jr, Ian",Ian White,IU,6.083333333,0
"White Jr., Ian",Ian White,IU,6.083333333,0
"White, Brett",Brett White,IOW_HAW,6.083333333,0
"White, Caide",Caide White,CEN_BEA,6,0
"White, Caleb",Caleb White,CAM_CAM,6.666666667,0
"White, Carter",Carter White,EMU_EAG,6.083333333,0
"White, Carter",Carter White,NOF_OSP,6.083333333,0
"White, Carter",Carter White,NOR_DEM,6.166666667,0
"White, Eddie",Eddie White,SOU_RED,6,0
"White, Jayden",Jayden White,GEO_EAG,5.916666667,0
"White, Landon",Landon White,BRY_BUL,6.5,0
"White, Landon",Landon White,GON_BUL,6,0
"White, Ryan",Ryan White,WCC,5.75,0
"White, Sean",Sean White,GEO_EAG,6.083333333,0
"White, Tommy",Tommy White,MEX_LOB,6.333333333,0
"White, Will",Will White,BUT_BUL,5.916666667,0
"White, Zach",Zach White,NOR_DEM,5.666666667,0
"White, Zachary",Zach White,ULM_WAR,6,0
"White, Zak",Zak White,BUT_BUL,6.333333333,0
"Whiteaker, Benny",Benny Whiteaker,NOR_AGG,6.083333333,0
"Whiteaker, Evan",Evan Whiteaker,ABI_WIL,6.25,0
"Whited, Cooper",Cooper Whited,FLO_SEM,6.083333333,0
"Whitehead, Jamar",Jamar Whitehead,COP_STA,5.916666667,0
"Whitehill, Simmi",Simmi Whitehill,MON_HAW,5.833333333,0
"Whiteman, Jacob",Jacob Whiteman,TOW_TIG,6.25,0
"Whiteside, Jon",Jon Whiteside,DAY_FLY,6.25,0
"Whitfield, Damien",Damien Whitfield,UTR_VAQ,6.083333333,0
"Whitmer, Marshall",Marshall Whitmer,GEO_HOY,6,0
"Whitmer, Max",Max Whitmer,GEO_HOY,6.166666667,0
"Whitney, Dax",Dax Whitney,ORE_BEA,6.416666667,0
"Whittle, David",David Whittle,CAL_HIG,6,0
"Whitton, Cooper",Cooper Whitton,LOY_LIO,6.25,0
"Whitworth, JD",JD Whitworth,BEL_BRU,5.833333333,0
"Whitworth, Jd",JD Whitworth,BEL_BRU,5.833333333,0
"Whooley, Michael",Michael Whooley,VIL_WIL,6,0
"Whritenour, Joshua",Joshua Whritenour,FLA_GAT,6.166666667,0
"Whysong, Nate",Nate Whysong,WAK_DEA,6.166666667,0
"Wiatrek, Wyatt",Wyatt Wiatrek,UTR_VAQ,6.25,0
"Wick, Wyatt",Wyatt Wick,MCN_COW,5.833333333,0
"Wicker, Camden",Camden Wicker,UCF_KNI,6.583333333,0
"Wickersham, Kaden",Kaden Wickersham,WAS_COU,6.166666667,0
"Widelski, Nathaniel",Nathaniel Widelski,CSD_TRI,6.083333333,0
"Wieder, Zach",Zach Wieder,ARK_LIO,6.166666667,0
"Wiegand, Austin",Austin Wiegand,NIU_HUS,5.916666667,0
"Wiegandt, Austin",Austin Wiegandt,COL_CHA,6,0
"Wiegert, Cade",Cade Wiegert,NOR_BIS,6.416666667,0
"Wiethorn, Garrett",Garrett Wiethorn,ULM_WAR,6.25,0
"Wiggins, Andrew",Andrew Wiggins,NOR_WOL,6.166666667,0
"Wiggins, Tanner",Tanner Wiggins,RIC_OWL,6.166666667,0
"Wight, Parker",Parker Wight,UNC_SPA,6.25,0
"Wilcenski, Blaise",Blaise Wilcenski,TUL_GRE,6.5,0
"Wildman, Caden",Caden Wildman,COR_BRE,6.25,0
"Wiley, Logan",Logan Wiley,BUT_BUL,6,0
"Wilga, Joseph",Joey Wilga,SET_PIR,6.25,0
"Wilkes, Devon",Devon Wilkes,CSU_BAK,6.083333333,0
"Wilkey, Kaleb",Kaleb Wilkey,EVA_ACE,5.833333333,0
"Wilkie, Tom",Tom Wilkie,STB_BON,6.416666667,0
"Wilkinson, Bren",Bren Wilkinson,CAL_FUL,5.833333333,0
"Willcox, Charlie",Charlie Willcox,GIT_YEL,6.25,0
"Wille, Tyler",Tyler Wille,DAV_WIL,6,0
"Willerer, Graham",Graham Willerer,SAC_PIO,5.583333333,0
"Willhite, Jack",Jack Willhite,EVA_ACE,5.75,0
"Willi, Marc",Marc Willi,UMA_AMH,6.333333333,0
"Williams, Basilio",Basilio Williams,PRA_PAN,6,0
"Williams, Ben",Ben Williams,BOC_EAG,6,0
"Williams, Brett",Brett Williams,STM_GAE,5.916666667,0
"Williams, Brodey",Brodey Williams,MEX_LOB,6,0
"Williams, Brody",Brody Williams,KS_GF,6.083333333,0
"Williams, Caleb",Caleb Williams,WCC,6.166666667,0
"Williams, Chase",Chase Williams,FLO_SEM,5.833333333,0
"Williams, Cody",Cody Williams,FLO_RAT,6,0
"Williams, Cooper",Cooper Williams,KEN_OWL,5.833333333,0
"Williams, Cooper",Cooper Williams,LSU_TIG,6.333333333,0
"Williams, Dana",Dana Williams,MER_UNI,6,0
"Williams, Davis",Davis Williams,UNI_WES,6,0
"Williams, Derek",Derek Williams,MIA_HUR,6,0
"Williams, Eric",Eric Williams,MIS_DEL,5.833333333,0
"Williams, Evan",Evan Williams,JAC_GAM,6.333333333,0
"Williams, Isaac",Isaac Williams,OKL_SOO,6.166666667,0
"Williams, JB",JB Williams,CEN_BEA,6.166666667,0
"Williams, Jackson",Jackson Williams,ALA_HOR,6.333333333,0
"Williams, Jae",Jae Williams,GEO_PAN,5.916666667,0
"Williams, Jake Henry",Jake Henry Williams,ASU_RED,6.083333333,0
"Williams, Jarrett",Jarrett Williams,LAM_CAR,6,0
"Williams, Javar",Javar Williams,WAK_DEA,6.166666667,0
"Williams, Jayden",Jayden Williams,CIT_BUL,6,0
"Williams, Jonah",Jonah Williams,TEX_LON,6.25,0
"Williams, Jonathan",Jonathan Williams,PRE_BLH,6.083333333,0
"Williams, Jordan",Jordon Williams,PRA_PAN,6.166666667,0
"Williams, Joseph",Joe Williams,JAC_TIG,6.166666667,0
"Williams, Josh",Josh Williams,NOK_NOR,6.25,0
"Williams, Justin",Justin Williams,SOU_LIO,6.166666667,0
"Williams, Korey",Korey Williams,CAL_AGO,6,0
"Williams, Lance",Lance Williams,MAR_TER,5.833333333,0
"Williams, Luke",Luke Williams,JAC_GAM,6,0
"Williams, Luke",Luke Williams,ORA_GOL,6,0
"Williams, Nicklas",Nick Williams,MIC_SPA,6,0
"Williams, Peyton",Peyton Williams,KS_GF,6.25,0
"Williams, Phoenix",Phoenix Williams,MSM_MTN,6,0
"Williams, Riley",Riley Williams,MSM_MTN,6.166666667,0
"Williams, Shaun",Shaun Williams,TEX_TIG,6.083333333,0
"Williams, TJ",TJ Williams,EMU_EAG,5.416666667,0
"Williams, Thomas",Thomas Williams,UTR_VAQ,5.75,0
"Williams, Tyrell",Tyrell Williams,PRE_BLH,6.25,0
"Williams, Zion",Zion Williams,LOY_LIO,6.333333333,0
"Williamson, Ace",Ace Williamson,JAC_GAM,6.083333333,0
"Williamson, Andrew",Andrew Williamson,UCF_KNI,6,0
"Williamson, Austin",Austin Williamson,JUD,6.333333333,0
"Williamson, Caden",Caden Williamson,QUI_BOB,5.916666667,0
"Williford, Trey",Trey Williford,UNC_SEA,6.25,0
"Willis, Carson",Carson Willis,ARK_RAZ,5.916666667,0
"Willis, Tyson",Tyson Willis,GEO_PAT,6.333333333,0
"Willits, Jaxon",Jaxon Willits,OKL_SOO,6,0
"Willitts, Josh",Josh Willitts,NJI_HIG,6.166666667,0
"Willius, Frank",Frank Willius,GON_BUL,6.333333333,0
"Willoughby, Brooks",Brooks Willoughby,SOU_GOL,6.416666667,0
"Willoughby, Ethan",Ethan Willoughby,SOU_COU,6.333333333,0
"Wills, Brock",Brock Wills,WES_MOU,6,0
"Wills, Houston",Houston Wills,CAM_CAM,6.333333333,0
"Wilmarth, Matthew",Matt Wilmarth,BRO_BEA,5.833333333,0
"Wilmoth, Joey",Joey Wilmoth,ILL_RED,6.083333333,0
"Wilson, Ashton",Ashton Wilson,FLA_GAT,6,0
"Wilson, Avery",Avery Wilson,KEN_OWL,5.583333333,0
"Wilson, Blake",Blake Wilson,WAS_HUS,5.833333333,0
"Wilson, Brady",Brady Wilson,PAC_TIG,6.166666667,0
"Wilson, Bryce",Bryce Wilson,LOU_CAJ,6,0
"Wilson, Connor",Connor Wilson,NOR_DEM,6.25,0
"Wilson, Ethan",Ethan Wilson,APP_MOU,6.083333333,0
"Wilson, Ethan",Ethan Wilson,WIN_EAG,6,0
"Wilson, Evan",Evan Wilson,RIC_SPI,6.416666667,0
"Wilson, Grant",Grant Wilson,OHI_BOB,6.083333333,0
"Wilson, Harrison",Harrison Wilson,WIN_EAG,6.083333333,0
"Wilson, James",James Wilson,JAC_GAM,6.333333333,0
"Wilson, Jorian",Jorian Wilson,TEX_AGG,6.166666667,0
"Wilson, Liam",Liam Wilson,HAR_CRI,6,0
"Wilson, Logan",Logan Wilson,NOK_NOR,6,0
"Wilson, Mason",Mason Wilson,UCF_KNI,6.166666667,0
"Wilson, Peyton",Peyton Wilson,EIU_PAN,5.666666667,0
"Wilson, Trevor",Trevor Wilson,SAC_HOR,6.083333333,0
"Wilson, Trevor",Trevor Wilson,SAN_SPA,6.083333333,0
"Wiltrakis, Luke",Luke Wiltrakis,GEO_BUL,6.25,0
"Wiltsey, Tyler",Tyler Wiltsey,RUT_SCA,5.916666667,0
"Wimbish, Camden",Camden Wimbish,CAM_CAM,6.166666667,0
"Winans, Gabriel",Gabe Winans,SAM_BEA,6.25,0
"Winchester, Cooper",Cooper Winchester,AIR_FOR,5.916666667,0
"Winders, Max",Max Winders,BUT_BUL,6.416666667,0
"Winebarger, Owen",Owen Winebarger,ELO_PHO,6.166666667,0
"Winebrenner, Dylan",Dylan Winebrenner,RIC_SPI,6.333333333,0
"Winfield, Easton",Easton Winfield,HOU_COU,6,0
"Winfield, Nolan",Nolan Winfield,UNC_SPA,6,0
"Winfield, Parker",Parker Winfield,JAC_TIG,6.25,0
"Wingard, Jacob",Jacob Wingard,ALC_BRA,6.25,0
"Wingenroth, Brandon",Brandon Wingenroth,UMA_AMH,6.083333333,0
"Winkelman, Logan",Logan Winkelman,MIN_GOL,6.25,0
"Winkler, Kyle",Kyle Winkler,ARL_MAV,6.083333333,0
"Winsett, Sam",Sam Winsett,DEL_BLU,6.083333333,0
"Winslow, Ben",Ben Winslow,YAL_BUL,6.333333333,0
"Winslow, Drew",Drew Winslow,OKL_COW,6.416666667,0
"Winslow, Macon",Macon Winslow,NOR_TAR,6,0
"Winston, Hunter",Hunter Winston,OHI_BOB,6.333333333,0
"Winter, Jaden",Jaden Winter,CHA_FOR,6.416666667,0
"Winter, Michael",Michael Winter,TEX_LON,6.416666667,0
"Winterhalder, Ian",Ian Winterhalder,SAC_HOR,6.083333333,0
"Wipf, Cal",Cal Wipf,PEP_WAV,6.083333333,0
"Wirtz, Ian",Ian Wirtz,LEH_MOU,6,0
"Wisdom, Ty",Ty Wisdom,AUS_GOV,6.083333333,0
"Wise, Jake",Jake Wise,VIR_TEC,6,0
"Wisenbaker, Cole",Cole Wisenbaker,KAN_WIL,6.333333333,0
"Wisniewski, Cj",CJ Wisniewski,NJI_HIG,6,0
"Witherington, Connor",Connor Witherington,NOF_OSP,6,0
"Witkop, Paul",Paul Witkop,RIC_SPI,6.166666667,0
"Witkow, Matthew",Matthew Witkow,HAR_CRI,6.166666667,0
"Witmer, Reilly",Reilly Witmer,FAU_OWL,6.333333333,0
"Wittig, Joey",Joey Wittig,LOU_BUL,6,0
"Wizceb, Joey",Joey Wizceb,WMI_BRO,6.25,0
"Wnukowski, Matthew",Matt Wnukowski,SOU_RED,6.25,0
"Wochner, Nathaniel",Nate Wochner,BYU_COU,6.333333333,0
"Woita, Jase",Jase Woita,MIZ_TIG,6.25,0
"Wolf, Charlie",Charlie Wolf,PRI_TIG,6.083333333,0
"Wolf, Conner",Conner Wolf,WES_HIL,6.166666667,0
"Wolf, Jeremy",Jeremy Wolf,DEL_BLU,5.75,0
"Wolfe, Colin",Colin Wolfe,SOU_IND16,6,0
"Wolfe, Henry",Henry Wolfe,ELO_PHO,6.166666667,0
"Wolfe, Matt",Matt Wolfe,MTSU_BLU,6.083333333,0
"Wolff, Devin",Devin Wolff,FAI_STA,6.416666667,0
"Wolff, JD",J.D. Wolff,AIR_FOR,5.666666667,0
"Wolff, Kyle",Kyle Wolff,BOC_EAG,6.083333333,0
"Wolfley, Caden",Caden Wolfley,CHA_BUC,6,0
"Womack, Chase",Chase Womack,NOR_BIS,6.083333333,0
"Wong, Karter",Karter Wong,QUN_RYL,6.083333333,0
"Wood, Dylan",Dylan Wood,GEO_BUL,6.166666667,0
"Wood, John Austin",John Austin Wood,ALA_LIO,6,0
"Wood, Mitch",Mitch Wood,IOW_HAW,6.166666667,0
"Wood, Nathan",Nate Wood,SAL_JAG,6.166666667,0
"Wood, Tye",Tye Wood,TUL_GRE,5.833333333,0
"Wood, Tyler",Tyler Wood,CAL_AGO,6.25,0
"Wood, Tyler",Ty Wood,WAK_DEA,6.25,0
"Woodcook, Dane",Dane Woodcook,NMS_AGG,6,0
"Woods, Peyton",Peyton Woods,SOU_LIO,6.083333333,0
"Woodson, Hayden",Hayden Woodson,SOU_TRO,5.916666667,0
"Woodson, Ryder",Ryder Woodson,MSU_BDG,6.25,0
"Woodson, Zach",Zach Woodson,PEP_WAV,6.333333333,0
"Woodward, Jarek",Jarek Woodward,FLO_PAN,6.333333333,0
"Woodworth, Joshua",Joshua Woodworth,PEP_WAV,6.25,0
"Woody, James",James Woody,GRA_TIG,6.083333333,0
"Woolard, Colin",Colin Woolard,NCA_BUL,6.083333333,0
"Wooldridge, Braydon",Braydon Wooldridge,CAL_AGO,6,0
"Woolwine, Jackson",Jackson Woolwine,WM_TRI,5.75,0
"Worcester, Chris",Chris Worcester,EIU_PAN,5.75,0
"Worley, Micah",Micah Worley,SBU_SEA,6.416666667,0
"Worth, Conner",Conner Worth,JMU_DUK,6,0
"Worthley, Jalen",Jalen Worthley,NEB,5.916666667,0
"Worthley, Jeter",Jeter Worthley,NEB,5.916666667,0
"Wouters, Corey",Corey Wouters,WIN_EAG,6.166666667,0
"Wouters, Dyrenson",Dyrenson Wouters,DAY_FLY,5.666666667,0
"Wray, Dayne",Dayne Wray,ULM_WAR,5.916666667,0
"Wray, Mason",Mason Wray,NOR_DEM,6,0
"Wrehe, Thomas",Thomas Wrehe,GEO_PAT,6.083333333,0
"Wright, Alexander",Alexander Wright,UIC_FLA,6.083333333,0
"Wright, Andrew",Andrew Wright,CAL_FUL,6.083333333,0
"Wright, Brennon",Brennon Wright,SAL_JAG,6.166666667,0
"Wright, Brooks",Brooks Wright,APP_MOU,5.833333333,0
"Wright, Brooks",Brooks Wright,SOU_LIO,6.25,0
"Wright, Chaz",Chaz Wright,STJ_RED,6.083333333,0
"Wright, Clayvonjae",Clay Wright,ALC_BRA,5.666666667,0
"Wright, Davis",Davis Wright,WCC,5.833333333,0
"Wright, Garrett",Garrett Wright,TEN_VOL,6,0
"Wright, Gehrig",Gehrig Wright,UTM_SKY,6.416666667,0
"Wright, Hazen",Hazen Wright,NMS_AGG,6.25,0
"Wright, Jett",Jett Wright,CAL_BEA,6.583333333,0
"Wright, Joey",Joey Wright,CAL_AGO,5.916666667,0
"Wright, Luke",Luke Wright,LIN_UNI,6.333333333,0
"Wright, MJ",M. Wright,LAF_LEP,6,0
"Wright, Matty",Matthew Wright,SBU_SEA,5.75,0
"Wright, Preston",Preston Wright,LIN_UNI,6.166666667,0
"Wright, Sam",Sam Wright,QUI_BOB,6.166666667,0
"Wright, Tyler",Tyler Wright,CHA_BUC,6,0
"Wright, Zane",Zane Wright,UNI_WES,6.416666667,0
"Wroblewski, Luke",Luke Wroblewski,SOU_JAC,6.083333333,0
"Wrubleski, Jacob",Jacob Wrubleski,GON_BUL,6,0
"Wu, Arnold",Arnold Wu,PEP_WAV,6.083333333,0
"Wuerth, Gabriel",Gabe Wuerth,UNI_WES,5.75,0
"Wulf, Caleb",Caleb Wulf,IOW_HAW,5.75,0
"Wulfert, Josh",Josh Wulfert,WIC_SHO,6.25,0
"Wyatt, Danny",Danny Wyatt,UMBC_RET,6,0
"Wyche, Bruce",Bruce Wyche,NOR_AGG,6.083333333,0
"Wyers, Drew",Drew Wyers,MSU_BDG,6.166666667,0
"Wyland, Brandon",Brandon Wyland,DIX_STE,5.916666667,0
"Wylde, Connor",Connor Wylde,NMS_AGG,6.583333333,0
"Wylie, Jon",Jon Wylie,XAV_MUS,6.166666667,0
"Wynn, Ryan",Ryan Wynn,GEO_BUL,6,0
"Wywoda, Declan",Declan Wywoda,GEO_COL,6.25,0
"Wywoda, Jaden",Jaden Wywoda,HOL_CRU,6.25,0
"Xuereb, Jonathan",Jonathan Xuereb,APP_MOU,6.083333333,0
"YOUNG, JOEY",Joey Young,XAV_MUS,6,0
"Yagesh, Brendan",Brendan Yagesh,VIR_TEC,6.25,0
"Yaghoubi, Tank",Tank Yaghoubi,APP_MOU,5.916666667,0
"Yagodzinskie, Drew",Drew Yagodzinskie,MON_HAW,6.083333333,0
"Yamaguchi, Sean",Sean Yamaguchi,NEV_WOL,5.75,0
"Yamanaka, Eli",Eli Yamanaka,LOY_LIO,6.083333333,0
"Yamin, Edward",Eddie Yamin,LSU_TIG,6.416666667,0
"Yang, Bryan",Brandon Chang,BRO_BEA,5.833333333,0
"Yarberry, Jackson",Jackson Yarberry,IU,6.25,0
"Yarborough, Cross",Cross Yarborough,CHA_BUC,6,0
"Yarc, Matthew",Matthew Yarc,NMS_AGG,6,0
"Yarussi, Owen",Owen Yarussi,OLD_MON,6,0
"Yates, Chad",Chad Yates,WM_TRI,6.083333333,0
"Yates, Zach",Zach Yates,CAL_LAN,6.166666667,0
"Yaucher, Preston",Preston Yaucher,PEN_NIT,5.916666667,0
"Yeager, Isaac",Isaac Yeager,ORE_BEA,6.5,0
"Yeager, Jake",Jake Yeager,MAR_TER,6.333333333,0
"Yeager, Michael",Michael Yeager,VIR_CAV,6.25,0
"Yearwood, Alexander",Alex Yearwood,TEX_BOB,6.25,0
"Yeary, Will",Will Yeary,ORA_GOL,6.166666667,0
"Yeatts, Bentley",Bentley Yeatts,LON_LAN,5.916666667,0
"Yehl, Maxx",Maxx Yehl,WES_MOU,6.5,0
"Yoak, Bryant",Bryant Yoak,WES_MOU,6.166666667,0
"Yochum, Simon",Simon Yochum,DAV_WIL,5.916666667,0
"Yoder, Noah",Noah Yoder,VIR_CAV,6.5,0
"Yokum, Mason",Mason Yokum,CIT_BUL,6.25,0
"Yoo, Christian",Christian Yoo,LON_ISL22,6,0
"Yorek, Landen",Landen Yorek,USF_BUL,6.166666667,0
"Yorke, David",Dave Yorke,SAC_PIO,6.333333333,0
"Yorke, Zach",Zach Yorke,LSU_TIG,6.166666667,0
"Yoshida, Ross",Ross Yoshida,COR_BRE,6,0
"Yost, Hayden",Hayden Yost,FLA_GAT,6.083333333,0
"Youens, John",John Youens,BAY_BEA,6.25,0
"Young, Austin",Austin Young,FRE_BUL,5.833333333,0
"Young, Caden",Caden Young,FOR_RAM,5.916666667,0
"Young, Drue",Drue Young,EVA_ACE,5.666666667,0
"Young, Gabe",Gabe Young,UNI_WES,6,0
"Young, Ike",Ike Young,ILL_ILL,6.166666667,0
"Young, Jake",Jake Young,QUN_RYL,6.25,0
"Young, Joey",Joey Young,XAV_MUS,6,0
"Young, Landon",Landon Young,WAS_HUS,6.166666667,0
"Young, Logan",Logan Young,ABI_WIL,6.25,0
"Young, Michael",Mike Young,SAL_JAG,6.25,0
"Young, Ryan",Ryan Young,FLO_RAT,5.75,0
"Young, Ryder",Ryder Young,GON_BUL,5.75,0
"Young, Sam",Sam Young,RIC_SPI,6.166666667,0
"Young, Scotty",Scotty Young,OLD_MON,6.5,0
"Youngman, Will",Will Youngman,FAI_STA,6.166666667,0
"Yovanovich, Kai",Kai Yovanovich,SAN_DON,6.25,0
"Yuhasz, Luke",Luke Yuhasz,SOU_GAM,6.333333333,0
"Yule, Logan",Logan Yule,SOU_RED,6.083333333,0
"Yusypchuk, Michael",Michael Yusypchuk,MIS_BEA,6.25,0
"Zaborowski, Landon",Landon Zaborowski,UTA_WOL,6.25,0
"Zadrozny, Owen",Owen Zadrozny,MER_COL1,6.416666667,0
"Zaffiro, Trey",Trey Zaffiro,LAF_LEP,6.25,0
"Zahradnik, Ty",Ty Zahradnik,ARL_MAV,6.583333333,0
"Zajac, Nolan",Nolan Zajac,WMI_BRO,6,0
"Zalewski, Cade",Cade Zalewski,EIU_PAN,6.333333333,0
"Zamora, Joseph",Joseph Zamora,APP_MOU,5.833333333,0
"Zamora, Ryan",Ryan Zamora,OSU_BUC,6,0
"Zampieron, Nick",Nick Zampieron,SBU_SEA,5.75,0
"Zapp, Evan",Evan Zapp,SOU_IND16,5.916666667,0
"Zapp, Walker",Walker Zapp,AIR_FOR,5.916666667,0
"Zareh, William",William Zareh,LIN_UNI,6,0
"Zaslaw, Sean",Sean Zaslaw,BRY_BUL,6.083333333,0
"Zatkowski, Henry",Henry Zatkowski,VIR_CAV,6.166666667,0
"Zavorek, Beckett",Beckett Zavorek,ARI_SUN,5.833333333,0
"Zawistoski, Mac",Mac Zawistoski,EIU_PAN,6.083333333,0
"Zayac, Bradley",Bradley Zayac,LIB_FLA,6.25,0
"Zdunek, Dylan",Dylan Zdunek,PRI_TIG,6,0
"Zebig, Jack",Jack Zebig,ILL_ILL,6.083333333,0
"Zedalis, Tyler",Tyler Zedalis,OLD_MON,6.166666667,0
"Zee, Jamie",Jamie Zee,NOT_IRI,5.75,0
"Zeiser, Parker",Parker Zeiser,MER_UNI,6,0
"Zeisloft, Luke",Luke Zeisloft,QUI_BOB,5.916666667,0
"Zelazny, Zach",Zack Zelazny,RAD_HIG,6,0
"Zeller, Jack",Jack Zeller,BUT_BUL,5.916666667,0
"Zenor, Henry",Henry Zenor,USC_UPS,6.083333333,0
"Zentko, Dylan",Dylan Zentko,MUR_RAC,6,0
"Zeppieri, Mateo",Mateo Zeppieri,RIC_SPI,6,0
"Zerr, Aiden",Aiden Zerr,NOT_IRI,6.166666667,0
"Zhang, Martin",Martin Zhang,COL_LION,6,0
"Ziegler, Jaylen",Jaylen Ziegler,IOW_HAW,5.916666667,0
"Zielinski, Michael",Michael Zielinski,WRI_RAI,5.833333333,0
"Ziermann, Tj",TJ Ziermann,UNC_SEA,6.166666667,0
"Zilis, Brayden",Brayden Zilis,ILL_RED,6,0
"Zimmerman, Jack",Jack Zimmerman,DAY_FLY,6.25,0
"Zimmerman, Noah",Noah Zimmerman,HIG_PAN,6.333333333,0
"Ziola, Jace",Jace Ziola,NEB,6.166666667,0
"Zipay, Henry",Henry Zipay,UNO_MAV,6.083333333,0
"Zirwas, Devan",Devan Zirwas,EMU_EAG,6.25,0
"Zito, Michael",Michael Zito,RIC_OWL,6.083333333,0
"Zmolik, Luke",Luke Zmolik,YSU_PEN,6.166666667,0
"Zollo, Anthony",Anthony Zollo,ION_GAE,5.833333333,0
"Zorc, Joseph",Joseph Zorc,PRI_TIG,6,0
"Zorn, Adin",Adin Zorn,DUK_BLU,6.25,0
"Zuany, Ruben",Ruben Zuany,BET_WIL,6.25,0
"Zuckerman, Ryan",Ryan Zuckerman,GIT_YEL,6.333333333,0
"Zufall, Ethan",Ethan Zufall,BYU_COU,6.083333333,0
"Zumwalt, Preston",Preston Zumwalt,TOL_ROC,6,0
"Zwirecki, Thomas",Thomas Zwirecki,CAN_GRI,6.166666667,0
"Zychowski, Zachary",Zach Zychowski,PUR_BOI,5.833333333,0
"Zyons, Zac",Zac Zyons,BRY_BUL,5.833333333,0
"de Jong, Justice",Justice de Jong,AUB_TIG,6.333333333,0
"ten Oever, Owen",Owen ten Oever,IU,6.083333333,0
