stat_type,player_name,team,program_name,source_group,njcaa_region,state,col_1,yr,pos,gp,tc,po,a,e,pb,f,dp,sba,rcs,rcs_1,ci,source_url,scraped_at,ab,h,rbi,bb,2b,3b,hr,xbh,k,avg,obp,slg,hbp,sf,sh,hdp,go,fo,go_fo,pa,era,w,l,app,gs,sv,ip,r,er,k_9,whip,bf,wp,g,sb,cs,ops,gp_gs,tb,so,gdp,ob,sb_att,bio_link,w_l,app_gs,cg,sho,b_avg,bk,sfa,sha,c,fld,csb,no,gp_from_gp_gs,gs_from_gp_gs,app_from_app_gs,gs_from_app_gs,w_from_w_l,l_from_w_l,sb_from_sb_att,cs_from_sb_att,fpct,stats_team_name
fielding,Aaron Brashear,Alvin College,Alvin College,Region 14,14,TX,29,RS FR,RHP,6,1,0,0,1,,0,,,,,,https://region14.prestosports.com/sports/bsb/2025-26/teams/alvincollege?view=lineup&pos=f,2026-08-28 16:30:21 CDT,,,,,,,,,,,,,,,,,,,,,,,,,,,,,,,,,,6,,,,,,,,,,,,,,,,,,,,,,,,,,,,,,,0,Alvin College
fielding,Ethan Tyler,Alvin College,Alvin College,Region 14,14,TX,17,Fr,RHP,9,1,0,0,1,,0,,,,,,https://region14.prestosports.com/sports/bsb/2025-26/teams/alvincollege?view=lineup&pos=f,2026-08-28 16:30:21 CDT,,,,,,,,,,,,,,,,,,,,,,,,,,,,,,,,,,9,,,,,,,,,,,,,,,,,,,,,,,,,,,,,,,0,Alvin College
fielding,Aiden Fiala,Alvin College,Alvin College,Region 14,14,TX,9,Fr,RHP,13,6,1,2,3,,0.5,,1,,,,https://region14.prestosports.com/sports/bsb/2025-26/teams/alvincollege?view=lineup&pos=f,2026-08-28 16:30:21 CDT,,,,,,,,,,,,,,,,,,,,,,,,,,,,,,,,,,13,,,,,,,,,,,,,,,,,,,,,,,,,,,,,,,0.5,Alvin College
fielding,Justan Autry,Alvin College,Alvin College,Region 14,14,TX,20,RS SO,RHP,10,6,1,3,2,,0.667,,,,,,https://region14.prestosports.com/sports/bsb/2025-26/teams/alvincollege?view=lineup&pos=f,2026-08-28 16:30:21 CDT,,,,,,,,,,,,,,,,,,,,,,,,,,,,,,,,,,10,,,,,,,,,,,,,,,,,,,,,,,,,,,,,,,0.667,Alvin College
fielding,Peyton Miller,Alvin College,Alvin College,Region 14,14,TX,42,RS Fr,LHP,14,3,0,2,1,,0.667,,,,,,https://region14.prestosports.com/sports/bsb/2025-26/teams/alvincollege?view=lineup&pos=f,2026-08-28 16:30:21 CDT,,,,,,,,,,,,,,,,,,,,,,,,,,,,,,,,,,14,,,,,,,,,,,,,,,,,,,,,,,,,,,,,,,0.667,Alvin College
fielding,Francisco Leija,Alvin College,Alvin College,Region 14,14,TX,10,RS SO,RHP,11,4,0,3,1,,0.75,,,,,,https://region14.prestosports.com/sports/bsb/2025-26/teams/alvincollege?view=lineup&pos=f,2026-08-28 16:30:21 CDT,,,,,,,,,,,,,,,,,,,,,,,,,,,,,,,,,,11,,,,,,,,,,,,,,,,,,,,,,,,,,,,,,,0.75,Alvin College
fielding,Braeden Harris,Alvin College,Alvin College,Region 14,14,TX,36,SO,RHP,17,13,1,10,2,,0.846,1,1,1,0.5,,https://region14.prestosports.com/sports/bsb/2025-26/teams/alvincollege?view=lineup&pos=f,2026-08-28 16:30:21 CDT,,,,,,,,,,,,,,,,,,,,,,,,,,,,,,,,,,17,,,,,,,,,,,,,,,,,,,,,,,,,,,,,,,0.846,Alvin College
fielding,Cole Fenton,Alvin College,Alvin College,Region 14,14,TX,22,Fr,RHP,16,8,4,3,1,,0.875,,3,1,0.25,,https://region14.prestosports.com/sports/bsb/2025-26/teams/alvincollege?view=lineup&pos=f,2026-08-28 16:30:21 CDT,,,,,,,,,,,,,,,,,,,,,,,,,,,,,,,,,,16,,,,,,,,,,,,,,,,,,,,,,,,,,,,,,,0.875,Alvin College
fielding,Hudson Depriest,Alvin College,Alvin College,Region 14,14,TX,14,Fr,INF,49,164,71,73,20,,0.878,16,,,,,https://region14.prestosports.com/sports/bsb/2025-26/teams/alvincollege?view=lineup&pos=f,2026-08-28 16:30:21 CDT,,,,,,,,,,,,,,,,,,,,,,,,,,,,,,,,,,49,,,,,,,,,,,,,,,,,,,,,,,,,,,,,,,0.878,Alvin College
fielding,James Dorotik,Alvin College,Alvin College,Region 14,14,TX,16,Fr,INF,44,124,63,47,14,,0.887,6,,,,,https://region14.prestosports.com/sports/bsb/2025-26/teams/alvincollege?view=lineup&pos=f,2026-08-28 16:30:21 CDT,,,,,,,,,,,,,,,,,,,,,,,,,,,,,,,,,,44,,,,,,,,,,,,,,,,,,,,,,,,,,,,,,,0.887,Alvin College
fielding,Sam Taylor,Alvin College,Alvin College,Region 14,14,TX,19,Fr,INF,20,64,38,19,7,,0.891,2,,,,,https://region14.prestosports.com/sports/bsb/2025-26/teams/alvincollege?view=lineup&pos=f,2026-08-28 16:30:21 CDT,,,,,,,,,,,,,,,,,,,,,,,,,,,,,,,,,,20,,,,,,,,,,,,,,,,,,,,,,,,,,,,,,,0.891,Alvin College
fielding,Ivan Marron,Alvin College,Alvin College,Region 14,14,TX,28,Fr,IF,23,76,47,21,8,,0.895,1,,,,,https://region14.prestosports.com/sports/bsb/2025-26/teams/alvincollege?view=lineup&pos=f,2026-08-28 16:30:21 CDT,,,,,,,,,,,,,,,,,,,,,,,,,,,,,,,,,,23,,,,,,,,,,,,,,,,,,,,,,,,,,,,,,,0.895,Alvin College
fielding,Chase Lovick,Alvin College,Alvin College,Region 14,14,TX,1,RS SO,OF,41,49,41,3,5,,0.898,1,,,,,https://region14.prestosports.com/sports/bsb/2025-26/teams/alvincollege?view=lineup&pos=f,2026-08-28 16:30:21 CDT,,,,,,,,,,,,,,,,,,,,,,,,,,,,,,,,,,41,,,,,,,,,,,,,,,,,,,,,,,,,,,,,,,0.898,Alvin College
fielding,Dylan Marbury,Alvin College,Alvin College,Region 14,14,TX,2,RS FR,OF,23,39,35,1,3,,0.923,,,,,,https://region14.prestosports.com/sports/bsb/2025-26/teams/alvincollege?view=lineup&pos=f,2026-08-28 16:30:21 CDT,,,,,,,,,,,,,,,,,,,,,,,,,,,,,,,,,,23,,,,,,,,,,,,,,,,,,,,,,,,,,,,,,,0.923,Alvin College
fielding,Jayce Richardson,Alvin College,Alvin College,Region 14,14,TX,5,Fr,2B,51,158,76,73,9,,0.943,14,,,,,https://region14.prestosports.com/sports/bsb/2025-26/teams/alvincollege?view=lineup&pos=f,2026-08-28 16:30:21 CDT,,,,,,,,,,,,,,,,,,,,,,,,,,,,,,,,,,51,,,,,,,,,,,,,,,,,,,,,,,,,,,,,,,0.943,Alvin College
fielding,James Rheaume,Alvin College,Alvin College,Region 14,14,TX,44,RS FR,RHP,26,123,114,4,5,,0.959,11,,,,,https://region14.prestosports.com/sports/bsb/2025-26/teams/alvincollege?view=lineup&pos=f,2026-08-28 16:30:21 CDT,,,,,,,,,,,,,,,,,,,,,,,,,,,,,,,,,,26,,,,,,,,,,,,,,,,,,,,,,,,,,,,,,,0.959,Alvin College
fielding,Justin Garcia Hernandez,Alvin College,Alvin College,Region 14,14,TX,45,Fr,OF,50,50,45,3,2,,0.96,1,,,,,https://region14.prestosports.com/sports/bsb/2025-26/teams/alvincollege?view=lineup&pos=f,2026-08-28 16:30:21 CDT,,,,,,,,,,,,,,,,,,,,,,,,,,,,,,,,,,50,,,,,,,,,,,,,,,,,,,,,,,,,,,,,,,0.96,Alvin College
fielding,Asa Sampson,Alvin College,Alvin College,Region 14,14,TX,8,Fr,OF/RHP,48,66,57,7,2,,0.97,1,,,,,https://region14.prestosports.com/sports/bsb/2025-26/teams/alvincollege?view=lineup&pos=f,2026-08-28 16:30:21 CDT,,,,,,,,,,,,,,,,,,,,,,,,,,,,,,,,,,48,,,,,,,,,,,,,,,,,,,,,,,,,,,,,,,0.97,Alvin College
fielding,Jackson Castillo,Alvin College,Alvin College,Region 14,14,TX,30,Fr,C,54,153,142,7,4,14,0.974,,46,5,0.098,,https://region14.prestosports.com/sports/bsb/2025-26/teams/alvincollege?view=lineup&pos=f,2026-08-28 16:30:21 CDT,,,,,,,,,,,,,,,,,,,,,,,,,,,,,,,,,,54,,,,,,,,,,,,,,,,,,,,,,,,,,,,,,,0.974,Alvin College
fielding,John Moya,Alvin College,Alvin College,Region 14,14,TX,3,SO,OF,29,49,47,1,1,,0.98,2,,,,,https://region14.prestosports.com/sports/bsb/2025-26/teams/alvincollege?view=lineup&pos=f,2026-08-28 16:30:21 CDT,,,,,,,,,,,,,,,,,,,,,,,,,,,,,,,,,,29,,,,,,,,,,,,,,,,,,,,,,,,,,,,,,,0.98,Alvin College
fielding,Ronnie Rouse,Alvin College,Alvin College,Region 14,14,TX,27,Fr,1B,31,170,154,13,3,,0.982,10,,,,,https://region14.prestosports.com/sports/bsb/2025-26/teams/alvincollege?view=lineup&pos=f,2026-08-28 16:30:21 CDT,,,,,,,,,,,,,,,,,,,,,,,,,,,,,,,,,,31,,,,,,,,,,,,,,,,,,,,,,,,,,,,,,,0.982,Alvin College
fielding,Nayden Ramirez,Alvin College,Alvin College,Region 14,14,TX,13,So,C,51,312,283,24,5,7,0.984,1,81,22,0.214,,https://region14.prestosports.com/sports/bsb/2025-26/teams/alvincollege?view=lineup&pos=f,2026-08-28 16:30:21 CDT,,,,,,,,,,,,,,,,,,,,,,,,,,,,,,,,,,51,,,,,,,,,,,,,,,,,,,,,,,,,,,,,,,0.984,Alvin College
fielding,Paul Acosta,Alvin College,Alvin College,Region 14,14,TX,6,RS SO,OF,5,5,1,4,0,,1,,,,,,https://region14.prestosports.com/sports/bsb/2025-26/teams/alvincollege?view=lineup&pos=f,2026-08-28 16:30:21 CDT,,,,,,,,,,,,,,,,,,,,,,,,,,,,,,,,,,5,,,,,,,,,,,,,,,,,,,,,,,,,,,,,,,1,Alvin College
fielding,Josiah Bradford-Jackson,Alvin College,Alvin College,Region 14,14,TX,12,RS SO,RHP,12,1,0,1,0,,1,,,,,,https://region14.prestosports.com/sports/bsb/2025-26/teams/alvincollege?view=lineup&pos=f,2026-08-28 16:30:21 CDT,,,,,,,,,,,,,,,,,,,,,,,,,,,,,,,,,,12,,,,,,,,,,,,,,,,,,,,,,,,,,,,,,,1,Alvin College
fielding,Hunter Henry,Alvin College,Alvin College,Region 14,14,TX,34,Fr,OF/INF,6,4,4,0,0,,1,,,,,,https://region14.prestosports.com/sports/bsb/2025-26/teams/alvincollege?view=lineup&pos=f,2026-08-28 16:30:21 CDT,,,,,,,,,,,,,,,,,,,,,,,,,,,,,,,,,,6,,,,,,,,,,,,,,,,,,,,,,,,,,,,,,,1,Alvin College
fielding,Shane Jessen,Alvin College,Alvin College,Region 14,14,TX,24,SO,RHP,18,5,2,3,0,,1,,,,,,https://region14.prestosports.com/sports/bsb/2025-26/teams/alvincollege?view=lineup&pos=f,2026-08-28 16:30:21 CDT,,,,,,,,,,,,,,,,,,,,,,,,,,,,,,,,,,18,,,,,,,,,,,,,,,,,,,,,,,,,,,,,,,1,Alvin College
fielding,Jordan Lowery,Alvin College,Alvin College,Region 14,14,TX,40,Fr,RHP,14,1,0,1,0,,1,,,,,,https://region14.prestosports.com/sports/bsb/2025-26/teams/alvincollege?view=lineup&pos=f,2026-08-28 16:30:21 CDT,,,,,,,,,,,,,,,,,,,,,,,,,,,,,,,,,,14,,,,,,,,,,,,,,,,,,,,,,,,,,,,,,,1,Alvin College
fielding,Seve Martinez,Alvin College,Alvin College,Region 14,14,TX,11,RS SO,LHP,5,1,0,1,0,,1,,,,,,https://region14.prestosports.com/sports/bsb/2025-26/teams/alvincollege?view=lineup&pos=f,2026-08-28 16:30:21 CDT,,,,,,,,,,,,,,,,,,,,,,,,,,,,,,,,,,5,,,,,,,,,,,,,,,,,,,,,,,,,,,,,,,1,Alvin College
fielding,Ethan Smith,Alvin College,Alvin College,Region 14,14,TX,23,Fr,RHP,15,8,5,3,0,,1,,,1,1,,https://region14.prestosports.com/sports/bsb/2025-26/teams/alvincollege?view=lineup&pos=f,2026-08-28 16:30:21 CDT,,,,,,,,,,,,,,,,,,,,,,,,,,,,,,,,,,15,,,,,,,,,,,,,,,,,,,,,,,,,,,,,,,1,Alvin College
fielding,Kapono Sullivan,Alvin College,Alvin College,Region 14,14,TX,39,Fr,RHP,9,1,0,1,0,,1,,,,,,https://region14.prestosports.com/sports/bsb/2025-26/teams/alvincollege?view=lineup&pos=f,2026-08-28 16:30:21 CDT,,,,,,,,,,,,,,,,,,,,,,,,,,,,,,,,,,9,,,,,,,,,,,,,,,,,,,,,,,,,,,,,,,1,Alvin College
fielding,Ely Yahil Torres Cruz,Alvin College,Alvin College,Region 14,14,TX,26,Fr,OF,9,3,3,0,0,,1,,,,,,https://region14.prestosports.com/sports/bsb/2025-26/teams/alvincollege?view=lineup&pos=f,2026-08-28 16:30:21 CDT,,,,,,,,,,,,,,,,,,,,,,,,,,,,,,,,,,9,,,,,,,,,,,,,,,,,,,,,,,,,,,,,,,1,Alvin College
hitting,Paul Acosta,Alvin College,Alvin College,Region 14,14,TX,6,RS SO,OF,5,,,,,,,,,,,,https://region14.prestosports.com/sports/bsb/2025-26/teams/alvincollege?view=lineup&pos=h,2026-08-28 16:30:21 CDT,5,2,1,2,,,,0,3,0.4,0.571,0.4,,,,,,,,7,,,,,,,,,,,,,,5,,,0.971,,,,,,,,,,,,,,,,,,,,,,,,,,,,,Alvin College
hitting,Nayden Ramirez,Alvin College,Alvin College,Region 14,14,TX,13,So,C,51,,,,,,,,,,,,https://region14.prestosports.com/sports/bsb/2025-26/teams/alvincollege?view=lineup&pos=h,2026-08-28 16:30:21 CDT,174,59,39,25,19,,8,27,26,0.339,0.429,0.586,3,1,,4,18,15,1.2,203,,,,,,,,,,,,,,51,,,1.015,,,,,,,,,,,,,,,,,,,,,,,,,,,,,Alvin College
hitting,Jackson Castillo,Alvin College,Alvin College,Region 14,14,TX,30,Fr,C,54,,,,,,,,,,,,https://region14.prestosports.com/sports/bsb/2025-26/teams/alvincollege?view=lineup&pos=h,2026-08-28 16:30:21 CDT,173,56,42,32,14,,6,20,35,0.324,0.431,0.509,2,2,,4,11,8,1.38,209,,,,,,,,,,,,,,54,,,0.94,,,,,,,,,,,,,,,,,,,,,,,,,,,,,Alvin College
hitting,Asa Sampson,Alvin College,Alvin College,Region 14,14,TX,8,Fr,OF/RHP,48,,,,,,,,,,,,https://region14.prestosports.com/sports/bsb/2025-26/teams/alvincollege?view=lineup&pos=h,2026-08-28 16:30:21 CDT,136,43,24,24,11,1,8,20,36,0.316,0.43,0.588,4,1,,,15,6,2.5,165,,,,,,,,,,,,,,48,,,1.018,,,,,,,,,,,,,,,,,,,,,,,,,,,,,Alvin College
hitting,Dylan Marbury,Alvin College,Alvin College,Region 14,14,TX,2,RS FR,OF,23,,,,,,,,,,,,https://region14.prestosports.com/sports/bsb/2025-26/teams/alvincollege?view=lineup&pos=h,2026-08-28 16:30:21 CDT,66,20,9,9,3,1,1,5,17,0.303,0.39,0.424,1,1,1,2,13,9,1.44,78,,,,,,,,,,,,,,23,,,0.8140000000000001,,,,,,,,,,,,,,,,,,,,,,,,,,,,,Alvin College
hitting,Justin Garcia Hernandez,Alvin College,Alvin College,Region 14,14,TX,45,Fr,OF,50,,,,,,,,,,,,https://region14.prestosports.com/sports/bsb/2025-26/teams/alvincollege?view=lineup&pos=h,2026-08-28 16:30:21 CDT,161,45,39,25,4,1,12,17,52,0.28,0.38,0.54,1,,,6,7,11,0.64,187,,,,,,,,,,,,,,50,,,0.92,,,,,,,,,,,,,,,,,,,,,,,,,,,,,Alvin College
hitting,Ivan Marron,Alvin College,Alvin College,Region 14,14,TX,28,Fr,IF,23,,,,,,,,,,,,https://region14.prestosports.com/sports/bsb/2025-26/teams/alvincollege?view=lineup&pos=h,2026-08-28 16:30:21 CDT,60,16,7,9,5,,1,6,18,0.267,0.352,0.4,,2,,,2,1,2,71,,,,,,,,,,,,,,23,,,0.752,,,,,,,,,,,,,,,,,,,,,,,,,,,,,Alvin College
hitting,Hudson Depriest,Alvin College,Alvin College,Region 14,14,TX,14,Fr,INF,49,,,,,,,,,,,,https://region14.prestosports.com/sports/bsb/2025-26/teams/alvincollege?view=lineup&pos=h,2026-08-28 16:30:21 CDT,155,41,17,26,3,,2,5,42,0.265,0.37,0.323,1,2,7,,21,8,2.63,191,,,,,,,,,,,,,,49,,,0.6930000000000001,,,,,,,,,,,,,,,,,,,,,,,,,,,,,Alvin College
hitting,Chase Lovick,Alvin College,Alvin College,Region 14,14,TX,1,RS SO,OF,41,,,,,,,,,,,,https://region14.prestosports.com/sports/bsb/2025-26/teams/alvincollege?view=lineup&pos=h,2026-08-28 16:30:21 CDT,106,28,21,9,3,1,4,8,42,0.264,0.366,0.425,8,,2,,10,2,5,125,,,,,,,,,,,,,,41,,,0.7909999999999999,,,,,,,,,,,,,,,,,,,,,,,,,,,,,Alvin College
hitting,Jayce Richardson,Alvin College,Alvin College,Region 14,14,TX,5,Fr,2B,51,,,,,,,,,,,,https://region14.prestosports.com/sports/bsb/2025-26/teams/alvincollege?view=lineup&pos=h,2026-08-28 16:30:21 CDT,150,38,20,24,8,,3,11,36,0.253,0.356,0.367,2,4,2,6,18,15,1.2,182,,,,,,,,,,,,,,51,,,0.723,,,,,,,,,,,,,,,,,,,,,,,,,,,,,Alvin College
hitting,John Moya,Alvin College,Alvin College,Region 14,14,TX,3,SO,OF,29,,,,,,,,,,,,https://region14.prestosports.com/sports/bsb/2025-26/teams/alvincollege?view=lineup&pos=h,2026-08-28 16:30:21 CDT,76,19,9,21,1,,1,2,13,0.25,0.414,0.303,1,1,,1,8,3,2.67,99,,,,,,,,,,,,,,29,,,0.717,,,,,,,,,,,,,,,,,,,,,,,,,,,,,Alvin College
hitting,James Dorotik,Alvin College,Alvin College,Region 14,14,TX,16,Fr,INF,44,,,,,,,,,,,,https://region14.prestosports.com/sports/bsb/2025-26/teams/alvincollege?view=lineup&pos=h,2026-08-28 16:30:21 CDT,129,32,23,17,6,,5,11,28,0.248,0.363,0.411,8,3,,4,10,7,1.43,157,,,,,,,,,,,,,,44,,,0.774,,,,,,,,,,,,,,,,,,,,,,,,,,,,,Alvin College
hitting,James Rheaume,Alvin College,Alvin College,Region 14,14,TX,44,RS FR,RHP,26,,,,,,,,,,,,https://region14.prestosports.com/sports/bsb/2025-26/teams/alvincollege?view=lineup&pos=h,2026-08-28 16:30:21 CDT,57,14,10,10,5,,1,6,23,0.246,0.389,0.386,4,1,,4,,3,,72,,,,,,,,,,,,,,26,,,0.775,,,,,,,,,,,,,,,,,,,,,,,,,,,,,Alvin College
hitting,Ronnie Rouse,Alvin College,Alvin College,Region 14,14,TX,27,Fr,1B,31,,,,,,,,,,,,https://region14.prestosports.com/sports/bsb/2025-26/teams/alvincollege?view=lineup&pos=h,2026-08-28 16:30:21 CDT,102,25,15,17,3,,2,5,23,0.245,0.369,0.333,3,,,1,21,10,2.1,122,,,,,,,,,,,,,,31,,,0.702,,,,,,,,,,,,,,,,,,,,,,,,,,,,,Alvin College
hitting,Hunter Henry,Alvin College,Alvin College,Region 14,14,TX,34,Fr,OF/INF,6,,,,,,,,,,,,https://region14.prestosports.com/sports/bsb/2025-26/teams/alvincollege?view=lineup&pos=h,2026-08-28 16:30:21 CDT,13,3,0,1,,,,0,2,0.231,0.375,0.231,2,,,,,1,,16,,,,,,,,,,,,,,6,,,0.606,,,,,,,,,,,,,,,,,,,,,,,,,,,,,Alvin College
hitting,Ely Yahil Torres Cruz,Alvin College,Alvin College,Region 14,14,TX,26,Fr,OF,9,,,,,,,,,,,,https://region14.prestosports.com/sports/bsb/2025-26/teams/alvincollege?view=lineup&pos=h,2026-08-28 16:30:21 CDT,20,3,0,3,,,,0,8,0.15,0.32,0.15,2,,,,2,1,2,25,,,,,,,,,,,,,,9,,,0.47,,,,,,,,,,,,,,,,,,,,,,,,,,,,,Alvin College
hitting,Sam Taylor,Alvin College,Alvin College,Region 14,14,TX,19,Fr,INF,20,,,,,,,,,,,,https://region14.prestosports.com/sports/bsb/2025-26/teams/alvincollege?view=lineup&pos=h,2026-08-28 16:30:21 CDT,56,8,6,7,1,,,1,15,0.143,0.273,0.161,3,,3,1,6,6,1,69,,,,,,,,,,,,,,20,,,0.43400000000000005,,,,,,,,,,,,,,,,,,,,,,,,,,,,,Alvin College
hitting,Jordan Lowery,Alvin College,Alvin College,Region 14,14,TX,40,Fr,RHP,14,,,,,,,,,,,,https://region14.prestosports.com/sports/bsb/2025-26/teams/alvincollege?view=lineup&pos=h,2026-08-28 16:30:21 CDT,1,0,0,1,,,,0,,0,0.5,0,,,,,,,,2,,,,,,,,,,,,,,14,,,0.5,,,,,,,,,,,,,,,,,,,,,,,,,,,,,Alvin College
pitching,Shane Jessen,Alvin College,Alvin College,Region 14,14,TX,24,SO,RHP,,,,,,,,,,,,,https://region14.prestosports.com/sports/bsb/2025-26/teams/alvincollege?view=lineup&pos=p,2026-08-28 16:30:21 CDT,,32,,11,,,,,42,,,,3,,,,,,,,2.75,1,1,18,0,6,39.1,20,12,9.61,1.09,140,5,,,,,,,,,,,,,,,,,,,,,,,,,,,,,,,,,Alvin College
pitching,Cole Fenton,Alvin College,Alvin College,Region 14,14,TX,22,Fr,RHP,,,,,,,,,,,,,https://region14.prestosports.com/sports/bsb/2025-26/teams/alvincollege?view=lineup&pos=p,2026-08-28 16:30:21 CDT,,65,,27,,,4,,88,,,,4,,,,,,,,3.71,4,6,15,15,0,77.2,40,32,10.2,1.18,332,4,,,,,,,,,,,,,,,,,,,,,,,,,,,,,,,,,Alvin College
pitching,Ethan Smith,Alvin College,Alvin College,Region 14,14,TX,23,Fr,RHP,,,,,,,,,,,,,https://region14.prestosports.com/sports/bsb/2025-26/teams/alvincollege?view=lineup&pos=p,2026-08-28 16:30:21 CDT,,21,,20,,,4,,23,,,,6,,,,,,,,5.23,1,3,15,2,0,31,24,18,6.68,1.32,106,4,,,,,,,,,,,,,,,,,,,,,,,,,,,,,,,,,Alvin College
pitching,Asa Sampson,Alvin College,Alvin College,Region 14,14,TX,8,Fr,OF/RHP,,,,,,,,,,,,,https://region14.prestosports.com/sports/bsb/2025-26/teams/alvincollege?view=lineup&pos=p,2026-08-28 16:30:21 CDT,,44,,29,,,,,36,,,,6,,,,,,,,5.36,2,2,14,5,0,42,34,25,7.71,1.74,199,5,,,,,,,,,,,,,,,,,,,,,,,,,,,,,,,,,Alvin College
pitching,Aiden Fiala,Alvin College,Alvin College,Region 14,14,TX,9,Fr,RHP,,,,,,,,,,,,,https://region14.prestosports.com/sports/bsb/2025-26/teams/alvincollege?view=lineup&pos=p,2026-08-28 16:30:21 CDT,,62,,21,,,2,,46,,,,8,,,,,,,,5.88,2,3,13,11,0,52,42,34,7.96,1.6,250,1,,,,,,,,,,,,,,,,,,,,,,,,,,,,,,,,,Alvin College
pitching,Jordan Lowery,Alvin College,Alvin College,Region 14,14,TX,40,Fr,RHP,,,,,,,,,,,,,https://region14.prestosports.com/sports/bsb/2025-26/teams/alvincollege?view=lineup&pos=p,2026-08-28 16:30:21 CDT,,25,,13,,,,,19,,,,2,,,,,,,,6.27,2,1,14,1,1,18.2,19,13,9.16,2.04,90,10,,,,,,,,,,,,,,,,,,,,,,,,,,,,,,,,,Alvin College
pitching,Justan Autry,Alvin College,Alvin College,Region 14,14,TX,20,RS SO,RHP,,,,,,,,,,,,,https://region14.prestosports.com/sports/bsb/2025-26/teams/alvincollege?view=lineup&pos=p,2026-08-28 16:30:21 CDT,,46,,25,,,6,,49,,,,3,,,,,,,,6.59,1,2,10,10,0,41,39,30,10.76,1.73,196,5,,,,,,,,,,,,,,,,,,,,,,,,,,,,,,,,,Alvin College
pitching,Braeden Harris,Alvin College,Alvin College,Region 14,14,TX,36,SO,RHP,,,,,,,,,,,,,https://region14.prestosports.com/sports/bsb/2025-26/teams/alvincollege?view=lineup&pos=p,2026-08-28 16:30:21 CDT,,51,,24,,,2,,36,,,,9,,,,,,,,6.62,4,3,17,6,0,50.1,43,37,6.44,1.49,235,3,,,,,,,,,,,,,,,,,,,,,,,,,,,,,,,,,Alvin College
pitching,Francisco Leija,Alvin College,Alvin College,Region 14,14,TX,10,RS SO,RHP,,,,,,,,,,,,,https://region14.prestosports.com/sports/bsb/2025-26/teams/alvincollege?view=lineup&pos=p,2026-08-28 16:30:21 CDT,,22,,18,,,1,,12,,,,1,,,,,,,,7.23,1,0,11,2,0,18.2,16,15,5.79,2.14,95,3,,,,,,,,,,,,,,,,,,,,,,,,,,,,,,,,,Alvin College
pitching,Parker Kotlarz,Alvin College,Alvin College,Region 14,14,TX,21,RS FR,LHP,,,,,,,,,,,,,https://region14.prestosports.com/sports/bsb/2025-26/teams/alvincollege?view=lineup&pos=p,2026-08-28 16:30:21 CDT,,6,,11,,,,,7,,,,5,,,,,,,,8.22,1,1,6,0,0,7.2,12,7,8.22,2.22,40,6,,,,,,,,,,,,,,,,,,,,,,,,,,,,,,,,,Alvin College
pitching,Kapono Sullivan,Alvin College,Alvin College,Region 14,14,TX,39,Fr,RHP,,,,,,,,,,,,,https://region14.prestosports.com/sports/bsb/2025-26/teams/alvincollege?view=lineup&pos=p,2026-08-28 16:30:21 CDT,,13,,9,,,1,,9,,,,3,,,,,,,,9.31,0,1,9,1,0,9.2,10,10,8.38,2.28,53,2,,,,,,,,,,,,,,,,,,,,,,,,,,,,,,,,,Alvin College
pitching,Aaron Brashear,Alvin College,Alvin College,Region 14,14,TX,29,RS FR,RHP,,,,,,,,,,,,,https://region14.prestosports.com/sports/bsb/2025-26/teams/alvincollege?view=lineup&pos=p,2026-08-28 16:30:21 CDT,,5,,6,,,,,3,,,,4,,,,,,,,9.82,0,0,6,1,1,3.2,6,4,7.36,3,28,2,,,,,,,,,,,,,,,,,,,,,,,,,,,,,,,,,Alvin College
pitching,Seve Martinez,Alvin College,Alvin College,Region 14,14,TX,11,RS SO,LHP,,,,,,,,,,,,,https://region14.prestosports.com/sports/bsb/2025-26/teams/alvincollege?view=lineup&pos=p,2026-08-28 16:30:21 CDT,,10,,7,,,1,,9,,,,2,,,,,,,,10.38,1,1,5,2,0,8.2,10,10,9.35,1.96,44,,,,,,,,,,,,,,,,,,,,,,,,,,,,,,,,,,Alvin College
pitching,Ethan Tyler,Alvin College,Alvin College,Region 14,14,TX,17,Fr,RHP,,,,,,,,,,,,,https://region14.prestosports.com/sports/bsb/2025-26/teams/alvincollege?view=lineup&pos=p,2026-08-28 16:30:21 CDT,,11,,16,,,,,7,,,,2,,,,,,,,13.5,1,0,9,0,0,8.2,14,13,7.27,3.12,56,3,,,,,,,,,,,,,,,,,,,,,,,,,,,,,,,,,Alvin College
pitching,Peyton Miller,Alvin College,Alvin College,Region 14,14,TX,42,RS Fr,LHP,,,,,,,,,,,,,https://region14.prestosports.com/sports/bsb/2025-26/teams/alvincollege?view=lineup&pos=p,2026-08-28 16:30:21 CDT,,28,,16,,,1,,22,,,,7,,,,,,,,13.74,0,1,14,1,0,19,32,29,10.42,2.32,108,5,,,,,,,,,,,,,,,,,,,,,,,,,,,,,,,,,Alvin College
pitching,Josiah Bradford-Jackson,Alvin College,Alvin College,Region 14,14,TX,12,RS SO,RHP,,,,,,,,,,,,,https://region14.prestosports.com/sports/bsb/2025-26/teams/alvincollege?view=lineup&pos=p,2026-08-28 16:30:21 CDT,,15,,14,,,,,6,,,,4,,,,,,,,21.6,0,0,12,0,0,8.1,22,20,6.48,3.48,56,8,,,,,,,,,,,,,,,,,,,,,,,,,,,,,,,,,Alvin College
pitching,James Rheaume,Alvin College,Alvin College,Region 14,14,TX,44,RS FR,RHP,,,,,,,,,,,,,https://region14.prestosports.com/sports/bsb/2025-26/teams/alvincollege?view=lineup&pos=p,2026-08-28 16:30:21 CDT,,11,,12,,,,,6,,,,,,,,,,,,34.71,0,1,6,0,0,4.2,20,18,11.57,4.93,32,,,,,,,,,,,,,,,,,,,,,,,,,,,,,,,,,,Alvin College
hitting,Jacob Croxford,Central Arizona College,Central Arizona College,Extra,1,AZ,18,Sophomore,OF,,,,,,,,,,,,,https://www.vaquerosports.com/sports/bsb/2025-26/teams?view=lineup&pos=h,2026-08-28 16:30:22 CDT,220,73,46,34,16,5,7,,40,0.332,0.43,0.545,,,,,,,,,,,,,,,,56,,,,,,57,10,5,0.9750000000000001,,,,,,,,,,,,,,,,,,,,,,,,,,,,,Central Arizona College
hitting,Jaylen Payne,Central Arizona College,Central Arizona College,Extra,1,AZ,4,Freshman,OF,,,,,,,,,,,,,https://www.vaquerosports.com/sports/bsb/2025-26/teams?view=lineup&pos=h,2026-08-28 16:30:22 CDT,199,77,32,16,16,1,1,,19,0.387,0.443,0.492,,,,,,,,,,,,,,,,51,,,,,,53,4,1,0.935,,,,,,,,,,,,,,,,,,,,,,,,,,,,,Central Arizona College
hitting,Ty Silva,Central Arizona College,Central Arizona College,Extra,1,AZ,5,RS Sophomore,OF,,,,,,,,,,,,,https://www.vaquerosports.com/sports/bsb/2025-26/teams?view=lineup&pos=h,2026-08-28 16:30:22 CDT,187,62,65,34,13,4,15,,50,0.332,0.452,0.684,,,,,,,,,,,,,,,,51,,,,,,58,10,,1.1360000000000001,,,,,,,,,,,,,,,,,,,,,,,,,,,,,Central Arizona College
hitting,Nolan Weinmeyer,Central Arizona College,Central Arizona College,Extra,1,AZ,12,Freshman,IF,,,,,,,,,,,,,https://www.vaquerosports.com/sports/bsb/2025-26/teams?view=lineup&pos=h,2026-08-28 16:30:22 CDT,183,60,31,27,11,3,5,,26,0.328,0.418,0.503,,,,,,,,,,,,,,,,54,,,,,,54,7,,0.921,,,,,,,,,,,,,,,,,,,,,,,,,,,,,Central Arizona College
hitting,Brett Rozman,Central Arizona College,Central Arizona College,Extra,1,AZ,2,RS Sophomore,C/UTL,,,,,,,,,,,,,https://www.vaquerosports.com/sports/bsb/2025-26/teams?view=lineup&pos=h,2026-08-28 16:30:22 CDT,165,58,30,22,10,3,3,,30,0.352,0.452,0.503,,,,,,,,,,,,,,,,44,,,,,,46,22,1,0.9550000000000001,,,,,,,,,,,,,,,,,,,,,,,,,,,,,Central Arizona College
hitting,Chris Parkin,Central Arizona College,Central Arizona College,Extra,1,AZ,9,Sophomore,UTL,,,,,,,,,,,,,https://www.vaquerosports.com/sports/bsb/2025-26/teams?view=lineup&pos=h,2026-08-28 16:30:22 CDT,160,61,50,35,8,5,8,,31,0.381,0.493,0.644,,,,,,,,,,,,,,,,45,,,,,,47,16,2,1.137,,,,,,,,,,,,,,,,,,,,,,,,,,,,,Central Arizona College
hitting,Kamden Lanphere,Central Arizona College,Central Arizona College,Extra,1,AZ,13,Freshman,IF,,,,,,,,,,,,,https://www.vaquerosports.com/sports/bsb/2025-26/teams?view=lineup&pos=h,2026-08-28 16:30:22 CDT,147,48,46,24,3,6,10,,36,0.327,0.432,0.633,,,,,,,,,,,,,,,,38,,,,,,49,9,1,1.065,,,,,,,,,,,,,,,,,,,,,,,,,,,,,Central Arizona College
hitting,Grant Haas,Central Arizona College,Central Arizona College,Extra,1,AZ,10,RS Sophomore,INF,,,,,,,,,,,,,https://www.vaquerosports.com/sports/bsb/2025-26/teams?view=lineup&pos=h,2026-08-28 16:30:22 CDT,146,46,26,23,7,1,2,,17,0.315,0.42,0.418,,,,,,,,,,,,,,,,31,,,,,,46,10,3,0.838,,,,,,,,,,,,,,,,,,,,,,,,,,,,,Central Arizona College
hitting,Kayle Pisano,Central Arizona College,Central Arizona College,Extra,1,AZ,34,RS Freshman,INF,,,,,,,,,,,,,https://www.vaquerosports.com/sports/bsb/2025-26/teams?view=lineup&pos=h,2026-08-28 16:30:22 CDT,107,34,28,23,3,1,4,,24,0.318,0.465,0.477,,,,,,,,,,,,,,,,22,,,,,,36,2,1,0.942,,,,,,,,,,,,,,,,,,,,,,,,,,,,,Central Arizona College
hitting,Emiliano Candela,Central Arizona College,Central Arizona College,Extra,1,AZ,30,Freshman,C,,,,,,,,,,,,,https://www.vaquerosports.com/sports/bsb/2025-26/teams?view=lineup&pos=h,2026-08-28 16:30:22 CDT,106,30,8,18,6,,,,15,0.283,0.397,0.34,,,,,,,,,,,,,,,,26,,,,,,36,,,0.7370000000000001,,,,,,,,,,,,,,,,,,,,,,,,,,,,,Central Arizona College
hitting,Cannon Albright,Central Arizona College,Central Arizona College,Extra,1,AZ,6,Sophomore,INF,,,,,,,,,,,,,https://www.vaquerosports.com/sports/bsb/2025-26/teams?view=lineup&pos=h,2026-08-28 16:30:22 CDT,83,14,13,18,3,1,,,34,0.169,0.317,0.229,,,,,,,,,,,,,,,,16,,,,,,32,2,,0.546,,,,,,,,,,,,,,,,,,,,,,,,,,,,,Central Arizona College
hitting,Cody Croxford,Central Arizona College,Central Arizona College,Extra,1,AZ,21,Freshman,OF,,,,,,,,,,,,,https://www.vaquerosports.com/sports/bsb/2025-26/teams?view=lineup&pos=h,2026-08-28 16:30:22 CDT,71,20,13,19,4,2,2,,20,0.282,0.454,0.479,,,,,,,,,,,,,,,,13,,,,,,31,3,1,0.933,,,,,,,,,,,,,,,,,,,,,,,,,,,,,Central Arizona College
hitting,Nic Bertucci,Central Arizona College,Central Arizona College,Extra,1,AZ,32,RS Sophomore,RHP/OF,,,,,,,,,,,,,https://www.vaquerosports.com/sports/bsb/2025-26/teams?view=lineup&pos=h,2026-08-28 16:30:22 CDT,54,15,20,14,6,,2,,18,0.278,0.452,0.5,,,,,,,,,,,,,,,,10,,,,,,28,2,2,0.952,,,,,,,,,,,,,,,,,,,,,,,,,,,,,Central Arizona College
hitting,Luke Klooster,Central Arizona College,Central Arizona College,Extra,1,AZ,27,RS Freshman,C,,,,,,,,,,,,,https://www.vaquerosports.com/sports/bsb/2025-26/teams?view=lineup&pos=h,2026-08-28 16:30:22 CDT,49,7,9,12,2,,3,,21,0.143,0.348,0.367,,,,,,,,,,,,,,,,13,,,,,,18,,,0.715,,,,,,,,,,,,,,,,,,,,,,,,,,,,,Central Arizona College
hitting,Treyden Chong Kee,Central Arizona College,Central Arizona College,Extra,1,AZ,1,Freshman,IF,,,,,,,,,,,,,https://www.vaquerosports.com/sports/bsb/2025-26/teams?view=lineup&pos=h,2026-08-28 16:30:22 CDT,41,10,9,2,,2,1,,15,0.244,0.295,0.415,,,,,,,,,,,,,,,,9,,,,,,23,4,3,0.71,,,,,,,,,,,,,,,,,,,,,,,,,,,,,Central Arizona College
hitting,Ian Haines,Central Arizona College,Central Arizona College,Extra,1,AZ,7,Sophomore,C/INF,,,,,,,,,,,,,https://www.vaquerosports.com/sports/bsb/2025-26/teams?view=lineup&pos=h,2026-08-28 16:30:22 CDT,41,11,7,8,3,1,,,15,0.268,0.396,0.39,,,,,,,,,,,,,,,,10,,,,,,16,2,,0.786,,,,,,,,,,,,,,,,,,,,,,,,,,,,,Central Arizona College
hitting,Gage Thompson,Central Arizona College,Central Arizona College,Extra,1,AZ,20,Freshman,IF,,,,,,,,,,,,,https://www.vaquerosports.com/sports/bsb/2025-26/teams?view=lineup&pos=h,2026-08-28 16:30:22 CDT,32,4,8,5,1,,1,,14,0.125,0.256,0.25,,,,,,,,,,,,,,,,5,,,,,,15,1,,0.506,,,,,,,,,,,,,,,,,,,,,,,,,,,,,Central Arizona College
hitting,Isaiah Nolan,Central Arizona College,Central Arizona College,Extra,1,AZ,16,RS Freshman,INF,,,,,,,,,,,,,https://www.vaquerosports.com/sports/bsb/2025-26/teams?view=lineup&pos=h,2026-08-28 16:30:22 CDT,18,8,2,5,,1,,,6,0.444,0.583,0.556,,,,,,,,,,,,,,,,6,,,,,,9,1,,1.139,,,,,,,,,,,,,,,,,,,,,,,,,,,,,Central Arizona College
hitting,Dallas Hairston,Central Arizona College,Central Arizona College,Extra,1,AZ,26,Freshman,UTL,,,,,,,,,,,,,https://www.vaquerosports.com/sports/bsb/2025-26/teams?view=lineup&pos=h,2026-08-28 16:30:22 CDT,12,0,0,2,,,,,6,0,0.2,0,,,,,,,,,,,,,,,,1,,,,,,4,1,,0.2,,,,,,,,,,,,,,,,,,,,,,,,,,,,,Central Arizona College
hitting,Ken Paschall,Connors State College,Connors State College,Extra,2,OK,14,Fr,INF,10,,,,,,,,,,,,https://www.connorsathletics.com/sports/bsb/2025-26/teams?view=lineup&pos=h,2026-08-28 16:30:22 CDT,7,3,3,5,,,,0,2,0.429,0.571,0.429,,2,,,,,,14,,,,,,,,,,,,,,10,,,1,,,,,,,,,,,,,,,,,,,,,,,,,,,,,Connors State College
hitting,Keshav Tebeck,Connors State College,Connors State College,Extra,2,OK,36,So,IF,51,,,,,,,,,,,,https://www.connorsathletics.com/sports/bsb/2025-26/teams?view=lineup&pos=h,2026-08-28 16:30:22 CDT,180,77,85,28,22,3,12,37,18,0.428,0.516,0.783,7,2,,,,,,217,,,,,,,,,,,,,,51,,,1.299,,,,,,,,,,,,,,,,,,,,,,,,,,,,,Connors State College
hitting,Marc Nellis,Connors State College,Connors State College,Extra,2,OK,10,So,OF,54,,,,,,,,,,,,https://www.connorsathletics.com/sports/bsb/2025-26/teams?view=lineup&pos=h,2026-08-28 16:30:22 CDT,171,69,49,30,12,2,5,19,18,0.404,0.531,0.585,20,3,1,,,,,225,,,,,,,,,,,,,,54,,,1.116,,,,,,,,,,,,,,,,,,,,,,,,,,,,,Connors State College
hitting,Luke Beeler,Connors State College,Connors State College,Extra,2,OK,28,Fr,INF,44,,,,,,,,,,,,https://www.connorsathletics.com/sports/bsb/2025-26/teams?view=lineup&pos=h,2026-08-28 16:30:22 CDT,165,63,64,26,14,,7,21,25,0.382,0.468,0.594,5,5,,,,,,201,,,,,,,,,,,,,,44,,,1.062,,,,,,,,,,,,,,,,,,,,,,,,,,,,,Connors State College
hitting,Christian Suarez,Connors State College,Connors State College,Extra,2,OK,40,So,INF,38,,,,,,,,,,,,https://www.connorsathletics.com/sports/bsb/2025-26/teams?view=lineup&pos=h,2026-08-28 16:30:22 CDT,122,46,32,15,10,1,6,17,18,0.377,0.453,0.623,2,,,,,,,139,,,,,,,,,,,,,,38,,,1.076,,,,,,,,,,,,,,,,,,,,,,,,,,,,,Connors State College
hitting,Logan Hedrick,Connors State College,Connors State College,Extra,2,OK,16,So,OF,58,,,,,,,,,,,,https://www.connorsathletics.com/sports/bsb/2025-26/teams?view=lineup&pos=h,2026-08-28 16:30:22 CDT,197,74,50,30,18,2,8,28,41,0.376,0.483,0.609,13,2,4,,,,,246,,,,,,,,,,,,,,58,,,1.092,,,,,,,,,,,,,,,,,,,,,,,,,,,,,Connors State College
hitting,Seojin KIm,Connors State College,Connors State College,Extra,2,OK,24,Fr,INF,55,,,,,,,,,,,,https://www.connorsathletics.com/sports/bsb/2025-26/teams?view=lineup&pos=h,2026-08-28 16:30:22 CDT,175,64,54,26,7,,9,16,29,0.366,0.463,0.56,9,4,2,,,,,216,,,,,,,,,,,,,,55,,,1.0230000000000001,,,,,,,,,,,,,,,,,,,,,,,,,,,,,Connors State College
hitting,Landon Holzhauer,Connors State College,Connors State College,Extra,2,OK,4,Fr,C,47,,,,,,,,,,,,https://www.connorsathletics.com/sports/bsb/2025-26/teams?view=lineup&pos=h,2026-08-28 16:30:22 CDT,148,54,43,19,12,1,8,21,19,0.365,0.47,0.622,12,2,4,,,,,185,,,,,,,,,,,,,,47,,,1.092,,,,,,,,,,,,,,,,,,,,,,,,,,,,,Connors State College
hitting,Brooks Hasenclever,Connors State College,Connors State College,Extra,2,OK,11,So,INF/OF,60,,,,,,,,,,,,https://www.connorsathletics.com/sports/bsb/2025-26/teams?view=lineup&pos=h,2026-08-28 16:30:22 CDT,192,69,64,73,21,,11,32,32,0.359,0.541,0.641,9,5,,,,,,279,,,,,,,,,,,,,,60,,,1.182,,,,,,,,,,,,,,,,,,,,,,,,,,,,,Connors State College
hitting,Maddox Edwards,Connors State College,Connors State College,Extra,2,OK,2,So,INF,60,,,,,,,,,,,,https://www.connorsathletics.com/sports/bsb/2025-26/teams?view=lineup&pos=h,2026-08-28 16:30:22 CDT,208,74,42,55,13,1,3,17,24,0.356,0.505,0.471,11,3,7,,,,,284,,,,,,,,,,,,,,60,,,0.976,,,,,,,,,,,,,,,,,,,,,,,,,,,,,Connors State College
hitting,Jordan Gallo,Connors State College,Connors State College,Extra,2,OK,18,Fr,INF,51,,,,,,,,,,,,https://www.connorsathletics.com/sports/bsb/2025-26/teams?view=lineup&pos=h,2026-08-28 16:30:22 CDT,163,55,59,39,16,1,11,28,24,0.337,0.476,0.65,6,2,1,,,,,211,,,,,,,,,,,,,,51,,,1.126,,,,,,,,,,,,,,,,,,,,,,,,,,,,,Connors State College
hitting,Cale Parr,Connors State College,Connors State College,Extra,2,OK,6,So,INF,25,,,,,,,,,,,,https://www.connorsathletics.com/sports/bsb/2025-26/teams?view=lineup&pos=h,2026-08-28 16:30:22 CDT,45,15,12,10,2,1,2,5,10,0.333,0.458,0.556,2,2,2,,,,,61,,,,,,,,,,,,,,25,,,1.014,,,,,,,,,,,,,,,,,,,,,,,,,,,,,Connors State College
hitting,Nash Jeffus,Connors State College,Connors State College,Extra,2,OK,19,Fr,OF,17,,,,,,,,,,,,https://www.connorsathletics.com/sports/bsb/2025-26/teams?view=lineup&pos=h,2026-08-28 16:30:22 CDT,13,4,10,5,,1,1,2,4,0.308,0.474,0.692,,1,,,,,,19,,,,,,,,,,,,,,17,,,1.166,,,,,,,,,,,,,,,,,,,,,,,,,,,,,Connors State College
hitting,Anderson Fenwick,Connors State College,Connors State College,Extra,2,OK,13,Fr,C/OF,24,,,,,,,,,,,,https://www.connorsathletics.com/sports/bsb/2025-26/teams?view=lineup&pos=h,2026-08-28 16:30:22 CDT,51,14,10,10,3,,2,5,4,0.275,0.403,0.451,3,3,,,,,,67,,,,,,,,,,,,,,24,,,0.8540000000000001,,,,,,,,,,,,,,,,,,,,,,,,,,,,,Connors State College
hitting,Chandler Wood,Connors State College,Connors State College,Extra,2,OK,35,Fr,OF,2,,,,,,,,,,,,https://www.connorsathletics.com/sports/bsb/2025-26/teams?view=lineup&pos=h,2026-08-28 16:30:22 CDT,4,1,0,,1,,,1,2,0.25,0.25,0.5,,,,,,,,4,,,,,,,,,,,,,,2,,,0.75,,,,,,,,,,,,,,,,,,,,,,,,,,,,,Connors State College
hitting,Darren Ledford,Connors State College,Connors State College,Extra,2,OK,20,Fr,INF/C,10,,,,,,,,,,,,https://www.connorsathletics.com/sports/bsb/2025-26/teams?view=lineup&pos=h,2026-08-28 16:30:22 CDT,19,4,3,6,1,,,1,4,0.211,0.385,0.263,,1,,,,,,26,,,,,,,,,,,,,,10,,,0.648,,,,,,,,,,,,,,,,,,,,,,,,,,,,,Connors State College
hitting,Phil Albergo,Connors State College,Connors State College,Extra,2,OK,15,Fr,C,13,,,,,,,,,,,,https://www.connorsathletics.com/sports/bsb/2025-26/teams?view=lineup&pos=h,2026-08-28 16:30:22 CDT,12,2,4,6,,1,1,2,2,0.167,0.5,0.583,2,,,,,,,20,,,,,,,,,,,,,,13,,,1.083,,,,,,,,,,,,,,,,,,,,,,,,,,,,,Connors State College
hitting,Drake Fittro,Cowley County CC,Cowley County Community College,Extra,6,KS,2,So,OF,57,,,,,,,,,,,,https://kjccc.prestosports.com/sports/bsb/2025-26/teams/cowleycountycommunitycollege?view=lineup&pos=h,2026-08-28 16:30:22 CDT,225,81,62,29,27,6,17,50,31,0.36,0.455,0.76,11,1,,3,48,46,1.04,266,,,,,,,,,,,,,,57,,,1.215,,,,,,,,,,,,,,,,,,,,,,,,,,,,,Cowley County CC
hitting,Easton Green,Cowley County CC,Cowley County Community College,Extra,6,KS,18,Fr,OF,53,,,,,,,,,,,,https://kjccc.prestosports.com/sports/bsb/2025-26/teams/cowleycountycommunitycollege?view=lineup&pos=h,2026-08-28 16:30:22 CDT,176,60,56,21,19,6,8,33,27,0.341,0.43,0.653,8,2,,5,42,43,0.98,207,,,,,,,,,,,,,,53,,,1.083,,,,,,,,,,,,,,,,,,,,,,,,,,,,,Cowley County CC
hitting,Logan Smith,Cowley County CC,Cowley County Community College,Extra,6,KS,14,So,3B,60,,,,,,,,,,,,https://kjccc.prestosports.com/sports/bsb/2025-26/teams/cowleycountycommunitycollege?view=lineup&pos=h,2026-08-28 16:30:22 CDT,214,72,66,36,8,6,19,33,45,0.336,0.443,0.696,8,4,,6,53,31,1.71,262,,,,,,,,,,,,,,60,,,1.139,,,,,,,,,,,,,,,,,,,,,,,,,,,,,Cowley County CC
hitting,Holden Groebl,Cowley County CC,Cowley County Community College,Extra,6,KS,34,Fr,C,57,,,,,,,,,,,,https://kjccc.prestosports.com/sports/bsb/2025-26/teams/cowleycountycommunitycollege?view=lineup&pos=h,2026-08-28 16:30:22 CDT,190,63,44,35,12,3,10,25,39,0.332,0.467,0.584,16,3,,4,38,41,0.93,244,,,,,,,,,,,,,,57,,,1.051,,,,,,,,,,,,,,,,,,,,,,,,,,,,,Cowley County CC
hitting,Creed Muirhead,Cowley County CC,Cowley County Community College,Extra,6,KS,3,So,C,38,,,,,,,,,,,,https://kjccc.prestosports.com/sports/bsb/2025-26/teams/cowleycountycommunitycollege?view=lineup&pos=h,2026-08-28 16:30:22 CDT,103,34,23,30,7,1,1,9,17,0.33,0.481,0.447,1,1,,,24,20,1.2,135,,,,,,,,,,,,,,38,,,0.9279999999999999,,,,,,,,,,,,,,,,,,,,,,,,,,,,,Cowley County CC
hitting,Skyler Branam,Cowley County CC,Cowley County Community College,Extra,6,KS,19,Fr,OF,58,,,,,,,,,,,,https://kjccc.prestosports.com/sports/bsb/2025-26/teams/cowleycountycommunitycollege?view=lineup&pos=h,2026-08-28 16:30:22 CDT,207,67,55,41,9,5,7,21,35,0.324,0.462,0.517,13,1,1,3,51,43,1.19,263,,,,,,,,,,,,,,58,,,0.9790000000000001,,,,,,,,,,,,,,,,,,,,,,,,,,,,,Cowley County CC
hitting,Quinn Groebl,Cowley County CC,Cowley County Community College,Extra,6,KS,25,So,1B,58,,,,,,,,,,,,https://kjccc.prestosports.com/sports/bsb/2025-26/teams/cowleycountycommunitycollege?view=lineup&pos=h,2026-08-28 16:30:22 CDT,179,57,51,38,8,2,10,20,48,0.318,0.443,0.553,3,1,,3,37,30,1.23,221,,,,,,,,,,,,,,58,,,0.996,,,,,,,,,,,,,,,,,,,,,,,,,,,,,Cowley County CC
hitting,Josiah Sems,Cowley County CC,Cowley County Community College,Extra,6,KS,1,Fr,INF,56,,,,,,,,,,,,https://kjccc.prestosports.com/sports/bsb/2025-26/teams/cowleycountycommunitycollege?view=lineup&pos=h,2026-08-28 16:30:22 CDT,171,49,27,28,7,2,6,15,56,0.287,0.391,0.456,2,1,4,1,43,19,2.26,206,,,,,,,,,,,,,,56,,,0.847,,,,,,,,,,,,,,,,,,,,,,,,,,,,,Cowley County CC
hitting,Hudson Roberts,Cowley County CC,Cowley County Community College,Extra,6,KS,5,Fr,RHP/OF,46,,,,,,,,,,,,https://kjccc.prestosports.com/sports/bsb/2025-26/teams/cowleycountycommunitycollege?view=lineup&pos=h,2026-08-28 16:30:22 CDT,151,41,48,25,13,,5,18,29,0.272,0.39,0.457,7,4,,5,48,28,1.71,187,,,,,,,,,,,,,,46,,,0.847,,,,,,,,,,,,,,,,,,,,,,,,,,,,,Cowley County CC
hitting,Jace Patton,Cowley County CC,Cowley County Community College,Extra,6,KS,4,So,RHP/INF,39,,,,,,,,,,,,https://kjccc.prestosports.com/sports/bsb/2025-26/teams/cowleycountycommunitycollege?view=lineup&pos=h,2026-08-28 16:30:22 CDT,122,33,34,10,9,,8,17,21,0.27,0.341,0.541,4,2,2,7,37,27,1.37,140,,,,,,,,,,,,,,39,,,0.8820000000000001,,,,,,,,,,,,,,,,,,,,,,,,,,,,,Cowley County CC
hitting,Dax McCaskill,Cowley County CC,Cowley County Community College,Extra,6,KS,12,So,OF,5,,,,,,,,,,,,https://kjccc.prestosports.com/sports/bsb/2025-26/teams/cowleycountycommunitycollege?view=lineup&pos=h,2026-08-28 16:30:22 CDT,21,5,1,2,1,,,1,10,0.238,0.304,0.286,,,,,,,,23,,,,,,,,,,,,,,5,,,0.59,,,,,,,,,,,,,,,,,,,,,,,,,,,,,Cowley County CC
hitting,Weston Thomas,Cowley County CC,Cowley County Community College,Extra,6,KS,9,So,OF,12,,,,,,,,,,,,https://kjccc.prestosports.com/sports/bsb/2025-26/teams/cowleycountycommunitycollege?view=lineup&pos=h,2026-08-28 16:30:22 CDT,36,8,6,6,,,1,1,11,0.222,0.349,0.306,1,,,,2,6,0.33,43,,,,,,,,,,,,,,12,,,0.655,,,,,,,,,,,,,,,,,,,,,,,,,,,,,Cowley County CC
hitting,Isaac King,Cowley County CC,Cowley County Community College,Extra,6,KS,6,Fr,IF,21,,,,,,,,,,,,https://kjccc.prestosports.com/sports/bsb/2025-26/teams/cowleycountycommunitycollege?view=lineup&pos=h,2026-08-28 16:30:22 CDT,65,13,5,8,2,,,2,22,0.2,0.307,0.231,2,,,,9,9,1,75,,,,,,,,,,,,,,21,,,0.538,,,,,,,,,,,,,,,,,,,,,,,,,,,,,Cowley County CC
hitting,Drew Becker,Cowley County CC,Cowley County Community College,Extra,6,KS,26,Fr,C,9,,,,,,,,,,,,https://kjccc.prestosports.com/sports/bsb/2025-26/teams/cowleycountycommunitycollege?view=lineup&pos=h,2026-08-28 16:30:22 CDT,11,2,2,5,,,,0,3,0.182,0.444,0.182,1,1,,1,2,4,0.5,18,,,,,,,,,,,,,,9,,,0.626,,,,,,,,,,,,,,,,,,,,,,,,,,,,,Cowley County CC
hitting,Logan Renken,Cowley County CC,Cowley County Community College,Extra,6,KS,8,Fr,INF,12,,,,,,,,,,,,https://kjccc.prestosports.com/sports/bsb/2025-26/teams/cowleycountycommunitycollege?view=lineup&pos=h,2026-08-28 16:30:22 CDT,25,2,3,2,,,1,1,14,0.08,0.172,0.2,1,1,1,,4,5,0.8,30,,,,,,,,,,,,,,12,,,0.372,,,,,,,,,,,,,,,,,,,,,,,,,,,,,Cowley County CC
pitching,Riley Lile,Cowley County CC,Cowley County Community College,Extra,6,KS,33,Fr,RHP,,,,,,,,,,,,,https://kjccc.prestosports.com/sports/bsb/2025-26/teams/cowleycountycommunitycollege?view=lineup&pos=p,2026-08-28 16:30:22 CDT,,18,,13,,,2,,46,,,,5,,,,,,,,2.32,4,2,20,0,3,31,11,8,13.35,1,125,2,,,,,,,,,,,,,,,,,,,,,,,,,,,,,,,,,Cowley County CC
pitching,Jack Hamm,Cowley County CC,Cowley County Community College,Extra,6,KS,20,So,RHP,,,,,,,,,,,,,https://kjccc.prestosports.com/sports/bsb/2025-26/teams/cowleycountycommunitycollege?view=lineup&pos=p,2026-08-28 16:30:22 CDT,,34,,23,,,4,,42,,,,4,,,,,,,,2.45,0,0,18,0,3,40.1,11,11,9.37,1.41,179,4,,,,,,,,,,,,,,,,,,,,,,,,,,,,,,,,,Cowley County CC
pitching,Grady Hoke,Cowley County CC,Cowley County Community College,Extra,6,KS,13,Fr,RHP,,,,,,,,,,,,,https://kjccc.prestosports.com/sports/bsb/2025-26/teams/cowleycountycommunitycollege?view=lineup&pos=p,2026-08-28 16:30:22 CDT,,61,,20,,,9,,70,,,,7,,,,,,,,4.21,8,5,15,13,0,62,36,29,10.16,1.31,270,,,,,,,,,,,,,,,,,,,,,,,,,,,,,,,,,,Cowley County CC
pitching,Isaac Worden,Cowley County CC,Cowley County Community College,Extra,6,KS,15,Fr,LHP,,,,,,,,,,,,,https://kjccc.prestosports.com/sports/bsb/2025-26/teams/cowleycountycommunitycollege?view=lineup&pos=p,2026-08-28 16:30:22 CDT,,35,,9,,,2,,34,,,,5,,,,,,,,4.26,4,1,9,4,0,25.1,12,12,12.08,1.74,122,2,,,,,,,,,,,,,,,,,,,,,,,,,,,,,,,,,Cowley County CC
pitching,Cameron Mock,Cowley County CC,Cowley County Community College,Extra,6,KS,22,So,RHP,,,,,,,,,,,,,https://kjccc.prestosports.com/sports/bsb/2025-26/teams/cowleycountycommunitycollege?view=lineup&pos=p,2026-08-28 16:30:22 CDT,,13,,12,,,2,,7,,,,2,,,,,,,,5.4,1,1,12,0,0,13.1,9,8,4.73,1.88,66,4,,,,,,,,,,,,,,,,,,,,,,,,,,,,,,,,,Cowley County CC
pitching,Hudson Roberts,Cowley County CC,Cowley County Community College,Extra,6,KS,5,Fr,RHP/OF,,,,,,,,,,,,,https://kjccc.prestosports.com/sports/bsb/2025-26/teams/cowleycountycommunitycollege?view=lineup&pos=p,2026-08-28 16:30:22 CDT,,14,,5,,,3,,11,,,,3,,,,,,,,5.63,0,0,9,0,1,16,11,10,6.19,1.19,68,1,,,,,,,,,,,,,,,,,,,,,,,,,,,,,,,,,Cowley County CC
pitching,Lucas Weaver,Cowley County CC,Cowley County Community College,Extra,6,KS,7,So,RHP,,,,,,,,,,,,,https://kjccc.prestosports.com/sports/bsb/2025-26/teams/cowleycountycommunitycollege?view=lineup&pos=p,2026-08-28 16:30:22 CDT,,25,,8,,,4,,23,,,,3,,,,,,,,5.92,1,1,16,0,0,24.1,19,16,8.51,1.36,109,,,,,,,,,,,,,,,,,,,,,,,,,,,,,,,,,,Cowley County CC
pitching,Stetson Etheridge,Cowley County CC,Cowley County Community College,Extra,6,KS,40,Fr,RHP,,,,,,,,,,,,,https://kjccc.prestosports.com/sports/bsb/2025-26/teams/cowleycountycommunitycollege?view=lineup&pos=p,2026-08-28 16:30:22 CDT,,14,,13,,,3,,11,,,,4,,,,,,,,6.75,0,0,14,0,1,16,12,12,6.19,1.69,77,2,,,,,,,,,,,,,,,,,,,,,,,,,,,,,,,,,Cowley County CC
pitching,Carter Rose,Cowley County CC,Cowley County Community College,Extra,6,KS,24,Fr,LHP,,,,,,,,,,,,,https://kjccc.prestosports.com/sports/bsb/2025-26/teams/cowleycountycommunitycollege?view=lineup&pos=p,2026-08-28 16:30:22 CDT,,15,,11,,,1,,22,,,,6,,,,,,,,7.2,0,1,20,0,1,15,14,12,13.2,1.73,83,3,,,,,,,,,,,,,,,,,,,,,,,,,,,,,,,,,Cowley County CC
pitching,Chance Acord,Cowley County CC,Cowley County Community College,Extra,6,KS,10,So,RHP,,,,,,,,,,,,,https://kjccc.prestosports.com/sports/bsb/2025-26/teams/cowleycountycommunitycollege?view=lineup&pos=p,2026-08-28 16:30:22 CDT,,67,,44,,,9,,75,,,,10,,,,,,,,7.25,5,5,16,14,0,58.1,56,47,11.57,1.9,290,5,,,,,,,,,,,,,,,,,,,,,,,,,,,,,,,,,Cowley County CC
pitching,Jace Patton,Cowley County CC,Cowley County Community College,Extra,6,KS,4,So,RHP/INF,,,,,,,,,,,,,https://kjccc.prestosports.com/sports/bsb/2025-26/teams/cowleycountycommunitycollege?view=lineup&pos=p,2026-08-28 16:30:22 CDT,,2,,2,,,,,3,,,,3,,,,,,,,7.36,0,0,3,0,0,3.2,4,3,7.36,1.09,19,1,,,,,,,,,,,,,,,,,,,,,,,,,,,,,,,,,Cowley County CC
pitching,Keaton Humphrey,Cowley County CC,Cowley County Community College,Extra,6,KS,17,Fr,RHP,,,,,,,,,,,,,https://kjccc.prestosports.com/sports/bsb/2025-26/teams/cowleycountycommunitycollege?view=lineup&pos=p,2026-08-28 16:30:22 CDT,,69,,24,,,10,,55,,,,2,,,,,,,,7.45,5,3,14,13,0,54.1,49,45,9.11,1.71,256,,,,,,,,,,,,,,,,,,,,,,,,,,,,,,,,,,Cowley County CC
pitching,Keegan Robertson,Cowley County CC,Cowley County Community College,Extra,6,KS,11,So,LHP,,,,,,,,,,,,,https://kjccc.prestosports.com/sports/bsb/2025-26/teams/cowleycountycommunitycollege?view=lineup&pos=p,2026-08-28 16:30:22 CDT,,58,,21,,,9,,51,,,,7,,,,,,,,8.06,4,2,16,8,0,41.1,47,37,11.1,1.91,204,5,,,,,,,,,,,,,,,,,,,,,,,,,,,,,,,,,Cowley County CC
pitching,Peyton Gosch,Cowley County CC,Cowley County Community College,Extra,6,KS,27,Fr,RHP,,,,,,,,,,,,,https://kjccc.prestosports.com/sports/bsb/2025-26/teams/cowleycountycommunitycollege?view=lineup&pos=p,2026-08-28 16:30:22 CDT,,27,,27,,,6,,22,,,,3,,,,,,,,9.19,2,2,15,6,0,31.1,32,32,6.32,1.72,147,10,,,,,,,,,,,,,,,,,,,,,,,,,,,,,,,,,Cowley County CC
pitching,Hudsen Periman,Cowley County CC,Cowley County Community College,Extra,6,KS,21,Fr,RHP,,,,,,,,,,,,,https://kjccc.prestosports.com/sports/bsb/2025-26/teams/cowleycountycommunitycollege?view=lineup&pos=p,2026-08-28 16:30:22 CDT,,9,,15,,,1,,11,,,,2,,,,,,,,10.64,1,0,13,0,0,11,13,13,9,2.18,60,2,,,,,,,,,,,,,,,,,,,,,,,,,,,,,,,,,Cowley County CC
pitching,Evan Fleet,Cowley County CC,Cowley County Community College,Extra,6,KS,39,Fr,LHP,,,,,,,,,,,,,https://kjccc.prestosports.com/sports/bsb/2025-26/teams/cowleycountycommunitycollege?view=lineup&pos=p,2026-08-28 16:30:22 CDT,,9,,6,,,2,,4,,,,1,,,,,,,,13.5,0,0,6,0,0,6,11,9,6,2.5,34,1,,,,,,,,,,,,,,,,,,,,,,,,,,,,,,,,,Cowley County CC
pitching,Jake Hobbs,Cowley County CC,Cowley County Community College,Extra,6,KS,38,Fr,LHP,,,,,,,,,,,,,https://kjccc.prestosports.com/sports/bsb/2025-26/teams/cowleycountycommunitycollege?view=lineup&pos=p,2026-08-28 16:30:22 CDT,,13,,11,,,2,,9,,,,1,,,,,,,,24.16,0,0,8,0,0,6.1,19,17,12.79,3.79,44,1,,,,,,,,,,,,,,,,,,,,,,,,,,,,,,,,,Cowley County CC
pitching,Landon Sterling,Cowley County CC,Cowley County Community College,Extra,6,KS,35,Fr,LHP,,,,,,,,,,,,,https://kjccc.prestosports.com/sports/bsb/2025-26/teams/cowleycountycommunitycollege?view=lineup&pos=p,2026-08-28 16:30:22 CDT,,3,,5,,,,,0,,,,,,,,,,,,54,0,0,1,0,0,0.2,4,4,0,12,9,1,,,,,,,,,,,,,,,,,,,,,,,,,,,,,,,,,Cowley County CC
hitting,Lane Morris,Eastern Oklahoma State College,Eastern Oklahoma State College,Extra,2,OK,0,RSFR,INF,,,,,,,,,,,,,https://www.eoscathletics.com/sports/bsb/2025-26/teams?view=lineup&pos=h,2026-08-28 16:30:22 CDT,13,1,3,3,,,,,7,0.077,0.25,0.077,,,,,,,,,,,,,,,,8,,,,,,20,2,1,0.327,,,,,,,,,,,,,,,,,,,,,,,,,,,,,Eastern Oklahoma State College
hitting,Caden Lesnau,Eastern Oklahoma State College,Eastern Oklahoma State College,Extra,2,OK,1,RSFR,INF,,,,,,,,,,,,,https://www.eoscathletics.com/sports/bsb/2025-26/teams?view=lineup&pos=h,2026-08-28 16:30:22 CDT,28,2,0,1,,,,,20,0.071,0.103,0.071,,,,,,,,,,,,,,,,0,,,,,,14,,,0.174,,,,,,,,,,,,,,,,,,,,,,,,,,,,,Eastern Oklahoma State College
hitting,Gamble Bye,Eastern Oklahoma State College,Eastern Oklahoma State College,Extra,2,OK,2,RSSO,INF,,,,,,,,,,,,,https://www.eoscathletics.com/sports/bsb/2025-26/teams?view=lineup&pos=h,2026-08-28 16:30:22 CDT,113,25,16,23,2,,2,,26,0.221,0.362,0.292,,,,,,,,,,,,,,,,17,,,,,,40,4,2,0.6539999999999999,,,,,,,,,,,,,,,,,,,,,,,,,,,,,Eastern Oklahoma State College
hitting,Dawson Smith,Eastern Oklahoma State College,Eastern Oklahoma State College,Extra,2,OK,3,SO,OF,,,,,,,,,,,,,https://www.eoscathletics.com/sports/bsb/2025-26/teams?view=lineup&pos=h,2026-08-28 16:30:22 CDT,67,18,11,14,,,1,,21,0.269,0.39,0.313,,,,,,,,,,,,,,,,9,,,,,,28,6,,0.7030000000000001,,,,,,,,,,,,,,,,,,,,,,,,,,,,,Eastern Oklahoma State College
hitting,Braden Sprague,Eastern Oklahoma State College,Eastern Oklahoma State College,Extra,2,OK,4,SO,C/OF,,,,,,,,,,,,,https://www.eoscathletics.com/sports/bsb/2025-26/teams?view=lineup&pos=h,2026-08-28 16:30:22 CDT,122,35,17,25,10,1,2,,21,0.287,0.401,0.434,,,,,,,,,,,,,,,,26,,,,,,46,10,5,0.835,,,,,,,,,,,,,,,,,,,,,,,,,,,,,Eastern Oklahoma State College
hitting,JM Long,Eastern Oklahoma State College,Eastern Oklahoma State College,Extra,2,OK,5,SO,INF,,,,,,,,,,,,,https://www.eoscathletics.com/sports/bsb/2025-26/teams?view=lineup&pos=h,2026-08-28 16:30:22 CDT,186,65,29,15,10,1,6,,21,0.349,0.413,0.511,,,,,,,,,,,,,,,,32,,,,,,52,6,2,0.9239999999999999,,,,,,,,,,,,,,,,,,,,,,,,,,,,,Eastern Oklahoma State College
hitting,Kade Matthews-Boudreaux,Eastern Oklahoma State College,Eastern Oklahoma State College,Extra,2,OK,6,SO,OF,,,,,,,,,,,,,https://www.eoscathletics.com/sports/bsb/2025-26/teams?view=lineup&pos=h,2026-08-28 16:30:22 CDT,50,11,4,6,1,,,,10,0.22,0.344,0.24,,,,,,,,,,,,,,,,11,,,,,,18,7,,0.584,,,,,,,,,,,,,,,,,,,,,,,,,,,,,Eastern Oklahoma State College
hitting,Zane Lynch,Eastern Oklahoma State College,Eastern Oklahoma State College,Extra,2,OK,8,FR,INF/RHP,,,,,,,,,,,,,https://www.eoscathletics.com/sports/bsb/2025-26/teams?view=lineup&pos=h,2026-08-28 16:30:22 CDT,0,0,0,2,,,,,,,1,,,,,,,,,,,,,,,,,0,,,,,,20,,,,,,,,,,,,,,,,,,,,,,,,,,,,,,,,Eastern Oklahoma State College
hitting,Joseph Victery,Eastern Oklahoma State College,Eastern Oklahoma State College,Extra,2,OK,9,RSSO,INF,,,,,,,,,,,,,https://www.eoscathletics.com/sports/bsb/2025-26/teams?view=lineup&pos=h,2026-08-28 16:30:22 CDT,13,3,7,3,,,1,,5,0.231,0.375,0.462,,,,,,,,,,,,,,,,5,,,,,,7,,,0.837,,,,,,,,,,,,,,,,,,,,,,,,,,,,,Eastern Oklahoma State College
hitting,Denver Gillin,Eastern Oklahoma State College,Eastern Oklahoma State College,Extra,2,OK,11,FR,OF,,,,,,,,,,,,,https://www.eoscathletics.com/sports/bsb/2025-26/teams?view=lineup&pos=h,2026-08-28 16:30:22 CDT,47,6,2,12,,,,,15,0.128,0.3,0.128,,,,,,,,,,,,,,,,8,,,,,,20,2,,0.428,,,,,,,,,,,,,,,,,,,,,,,,,,,,,Eastern Oklahoma State College
hitting,Bryson Carey,Eastern Oklahoma State College,Eastern Oklahoma State College,Extra,2,OK,12,FR,OF,,,,,,,,,,,,,https://www.eoscathletics.com/sports/bsb/2025-26/teams?view=lineup&pos=h,2026-08-28 16:30:22 CDT,133,36,23,7,7,2,2,,24,0.271,0.347,0.398,,,,,,,,,,,,,,,,18,,,,,,46,14,4,0.745,,,,,,,,,,,,,,,,,,,,,,,,,,,,,Eastern Oklahoma State College
hitting,Kaden Dollar,Eastern Oklahoma State College,Eastern Oklahoma State College,Extra,2,OK,15,RSFR,INF,,,,,,,,,,,,,https://www.eoscathletics.com/sports/bsb/2025-26/teams?view=lineup&pos=h,2026-08-28 16:30:22 CDT,34,7,8,3,2,,1,,20,0.206,0.333,0.353,,,,,,,,,,,,,,,,3,,,,,,17,,,0.6859999999999999,,,,,,,,,,,,,,,,,,,,,,,,,,,,,Eastern Oklahoma State College
hitting,Luke Altom,Eastern Oklahoma State College,Eastern Oklahoma State College,Extra,2,OK,18,FR,INF,,,,,,,,,,,,,https://www.eoscathletics.com/sports/bsb/2025-26/teams?view=lineup&pos=h,2026-08-28 16:30:22 CDT,149,40,19,15,4,,1,,35,0.268,0.331,0.315,,,,,,,,,,,,,,,,21,,,,,,47,7,1,0.646,,,,,,,,,,,,,,,,,,,,,,,,,,,,,Eastern Oklahoma State College
hitting,Kooper Johnson,Eastern Oklahoma State College,Eastern Oklahoma State College,Extra,2,OK,19,Fr,OF,,,,,,,,,,,,,https://www.eoscathletics.com/sports/bsb/2025-26/teams?view=lineup&pos=h,2026-08-28 16:30:22 CDT,142,30,26,31,5,1,6,,63,0.211,0.354,0.387,,,,,,,,,,,,,,,,23,,,,,,50,1,1,0.741,,,,,,,,,,,,,,,,,,,,,,,,,,,,,Eastern Oklahoma State College
hitting,Sean Raucher,Eastern Oklahoma State College,Eastern Oklahoma State College,Extra,2,OK,20,RSFR,INF,,,,,,,,,,,,,https://www.eoscathletics.com/sports/bsb/2025-26/teams?view=lineup&pos=h,2026-08-28 16:30:22 CDT,45,8,5,3,1,1,,,18,0.178,0.255,0.244,,,,,,,,,,,,,,,,9,,,,,,18,1,1,0.499,,,,,,,,,,,,,,,,,,,,,,,,,,,,,Eastern Oklahoma State College
hitting,Clayton Sanders,Eastern Oklahoma State College,Eastern Oklahoma State College,Extra,2,OK,22,RSSO,C,,,,,,,,,,,,,https://www.eoscathletics.com/sports/bsb/2025-26/teams?view=lineup&pos=h,2026-08-28 16:30:22 CDT,110,30,19,17,1,,2,,36,0.273,0.413,0.336,,,,,,,,,,,,,,,,13,,,,,,39,2,1,0.749,,,,,,,,,,,,,,,,,,,,,,,,,,,,,Eastern Oklahoma State College
hitting,Caleb Rey,Eastern Oklahoma State College,Eastern Oklahoma State College,Extra,2,OK,23,FR,INF/RHP,,,,,,,,,,,,,https://www.eoscathletics.com/sports/bsb/2025-26/teams?view=lineup&pos=h,2026-08-28 16:30:22 CDT,161,53,24,18,9,,5,,20,0.329,0.411,0.478,,,,,,,,,,,,,,,,32,,,,,,53,,1,0.889,,,,,,,,,,,,,,,,,,,,,,,,,,,,,Eastern Oklahoma State College
hitting,Nate Lloyd,Eastern Oklahoma State College,Eastern Oklahoma State College,Extra,2,OK,27,FR,RHP,,,,,,,,,,,,,https://www.eoscathletics.com/sports/bsb/2025-26/teams?view=lineup&pos=h,2026-08-28 16:30:22 CDT,6,1,3,2,,,,,4,0.167,0.444,0.167,,,,,,,,,,,,,,,,0,,,,,,13,1,1,0.611,,,,,,,,,,,,,,,,,,,,,,,,,,,,,Eastern Oklahoma State College
hitting,Cole Edmondson,Eastern Oklahoma State College,Eastern Oklahoma State College,Extra,2,OK,30,SO,OF,,,,,,,,,,,,,https://www.eoscathletics.com/sports/bsb/2025-26/teams?view=lineup&pos=h,2026-08-28 16:30:22 CDT,108,22,15,22,8,2,,,37,0.204,0.368,0.315,,,,,,,,,,,,,,,,15,,,,,,45,8,2,0.683,,,,,,,,,,,,,,,,,,,,,,,,,,,,,Eastern Oklahoma State College
hitting,Denim Sands,Eastern Oklahoma State College,Eastern Oklahoma State College,Extra,2,OK,31,FR,INF/LHP,,,,,,,,,,,,,https://www.eoscathletics.com/sports/bsb/2025-26/teams?view=lineup&pos=h,2026-08-28 16:30:22 CDT,2,0,1,1,,,,,2,0,0.333,0,,,,,,,,,,,,,,,,1,,,,,,8,,,0.333,,,,,,,,,,,,,,,,,,,,,,,,,,,,,Eastern Oklahoma State College
hitting,Canon Hardin,Eastern Oklahoma State College,Eastern Oklahoma State College,Extra,2,OK,33,RSFR,C,,,,,,,,,,,,,https://www.eoscathletics.com/sports/bsb/2025-26/teams?view=lineup&pos=h,2026-08-28 16:30:22 CDT,5,1,2,1,,,,,4,0.2,0.429,0.2,,,,,,,,,,,,,,,,2,,,,,,4,,,0.629,,,,,,,,,,,,,,,,,,,,,,,,,,,,,Eastern Oklahoma State College
hitting,Mason DeVillier,Eastern Oklahoma State College,Eastern Oklahoma State College,Extra,2,OK,36,FR,OF/RHP,,,,,,,,,,,,,https://www.eoscathletics.com/sports/bsb/2025-26/teams?view=lineup&pos=h,2026-08-28 16:30:22 CDT,6,1,1,,1,,,,3,0.167,0.143,0.333,,,,,,,,,,,,,,,,1,,,,,,9,1,,0.476,,,,,,,,,,,,,,,,,,,,,,,,,,,,,Eastern Oklahoma State College
hitting,Zack Brame,Eastern Oklahoma State College,Eastern Oklahoma State College,Extra,2,OK,40,FR,C,,,,,,,,,,,,,https://www.eoscathletics.com/sports/bsb/2025-26/teams?view=lineup&pos=h,2026-08-28 16:30:22 CDT,53,14,11,7,3,,3,,19,0.264,0.391,0.491,,,,,,,,,,,,,,,,12,,,,,,22,,,0.882,,,,,,,,,,,,,,,,,,,,,,,,,,,,,Eastern Oklahoma State College
hitting,Tanner Hambright,Eastern Oklahoma State College,Eastern Oklahoma State College,Extra,2,OK,41,FR,C,,,,,,,,,,,,,https://www.eoscathletics.com/sports/bsb/2025-26/teams?view=lineup&pos=h,2026-08-28 16:30:22 CDT,10,1,0,3,,,,,6,0.1,0.4,0.1,,,,,,,,,,,,,,,,4,,,,,,10,,,0.5,,,,,,,,,,,,,,,,,,,,,,,,,,,,,Eastern Oklahoma State College
hitting,Cole Girard,Eastern Oklahoma State College,Eastern Oklahoma State College,Extra,2,OK,45,SO,,,,,,,,,,,,,,https://www.eoscathletics.com/sports/bsb/2025-26/teams?view=lineup&pos=h,2026-08-28 16:30:22 CDT,11,4,5,3,1,,1,,2,0.364,0.5,0.727,,,,,,,,,,,,,,,,3,,,,,,17,,,1.2269999999999999,,,,,,,,,,,,,,,,,,,,,,,,,,,,,Eastern Oklahoma State College
hitting,Justin Rompré,Iowa Western CC,Iowa Western Community College,Extra,11,IA,12,Fr,IF,57,,,,,,,,,,,,https://www.goreivers.com/sports/bsb/2025-26/teams?view=lineup&pos=h,2026-08-28 16:30:22 CDT,173,74,95,46,23,1,19,43,40,0.428,0.573,0.902,26,10,1,,1,4,0.25,256,,,,,,,,,,,,,,57,,,1.475,,,,,,,,,,,,,,,,,,,,,,,,,,,,,Iowa Western CC
hitting,Josh Donna,Iowa Western CC,Iowa Western Community College,Extra,11,IA,8,So,IF,6,,,,,,,,,,,,https://www.goreivers.com/sports/bsb/2025-26/teams?view=lineup&pos=h,2026-08-28 16:30:22 CDT,12,5,10,,1,,4,5,3,0.417,0.417,1.5,,,,,,,,12,,,,,,,,,,,,,,6,,,1.917,,,,,,,,,,,,,,,,,,,,,,,,,,,,,Iowa Western CC
hitting,Noah Kubo,Iowa Western CC,Iowa Western Community College,Extra,11,IA,2,So,C,20,,,,,,,,,,,,https://www.goreivers.com/sports/bsb/2025-26/teams?view=lineup&pos=h,2026-08-28 16:30:22 CDT,31,12,12,4,3,,1,4,6,0.387,0.513,0.581,4,,,,3,,,39,,,,,,,,,,,,,,20,,,1.0939999999999999,,,,,,,,,,,,,,,,,,,,,,,,,,,,,Iowa Western CC
hitting,Owen Baxter,Iowa Western CC,Iowa Western Community College,Extra,11,IA,13,So,C,37,,,,,,,,,,,,https://www.goreivers.com/sports/bsb/2025-26/teams?view=lineup&pos=h,2026-08-28 16:30:22 CDT,86,32,28,18,9,1,3,13,13,0.372,0.504,0.605,8,3,4,,4,5,0.8,119,,,,,,,,,,,,,,37,,,1.109,,,,,,,,,,,,,,,,,,,,,,,,,,,,,Iowa Western CC
hitting,Nolan Geislinger,Iowa Western CC,Iowa Western Community College,Extra,11,IA,10,So,OF,57,,,,,,,,,,,,https://www.goreivers.com/sports/bsb/2025-26/teams?view=lineup&pos=h,2026-08-28 16:30:22 CDT,196,73,49,45,11,4,7,22,32,0.372,0.5,0.577,11,6,4,,2,5,0.4,262,,,,,,,,,,,,,,57,,,1.077,,,,,,,,,,,,,,,,,,,,,,,,,,,,,Iowa Western CC
hitting,Jaison DeLamar,Iowa Western CC,Iowa Western Community College,Extra,11,IA,14,Fr,RHP/OF,20,,,,,,,,,,,,https://www.goreivers.com/sports/bsb/2025-26/teams?view=lineup&pos=h,2026-08-28 16:30:22 CDT,11,4,3,1,1,1,,2,5,0.364,0.563,0.636,4,,1,,1,,,17,,,,,,,,,,,,,,20,,,1.1989999999999998,,,,,,,,,,,,,,,,,,,,,,,,,,,,,Iowa Western CC
hitting,Jayden Nakamura,Iowa Western CC,Iowa Western Community College,Extra,11,IA,1,Fr,IF,55,,,,,,,,,,,,https://www.goreivers.com/sports/bsb/2025-26/teams?view=lineup&pos=h,2026-08-28 16:30:22 CDT,147,52,30,40,11,4,1,16,44,0.354,0.529,0.503,16,1,5,,1,5,0.2,209,,,,,,,,,,,,,,55,,,1.032,,,,,,,,,,,,,,,,,,,,,,,,,,,,,Iowa Western CC
hitting,Dylan England,Iowa Western CC,Iowa Western Community College,Extra,11,IA,6,Fr,INF/OF,47,,,,,,,,,,,,https://www.goreivers.com/sports/bsb/2025-26/teams?view=lineup&pos=h,2026-08-28 16:30:22 CDT,133,47,39,31,17,,3,20,26,0.353,0.526,0.549,24,6,,,1,3,0.33,194,,,,,,,,,,,,,,47,,,1.0750000000000002,,,,,,,,,,,,,,,,,,,,,,,,,,,,,Iowa Western CC
hitting,Martin Serrano,Iowa Western CC,Iowa Western Community College,Extra,11,IA,21,So,C,39,,,,,,,,,,,,https://www.goreivers.com/sports/bsb/2025-26/teams?view=lineup&pos=h,2026-08-28 16:30:22 CDT,128,43,35,12,6,1,11,18,37,0.336,0.403,0.656,5,4,,,4,,,149,,,,,,,,,,,,,,39,,,1.0590000000000002,,,,,,,,,,,,,,,,,,,,,,,,,,,,,Iowa Western CC
hitting,Sean Schaefer,Iowa Western CC,Iowa Western Community College,Extra,11,IA,25,RS-Fr,OF,17,,,,,,,,,,,,https://www.goreivers.com/sports/bsb/2025-26/teams?view=lineup&pos=h,2026-08-28 16:30:22 CDT,9,3,1,1,,,,0,3,0.333,0.4,0.333,,,2,,,,,12,,,,,,,,,,,,,,17,,,0.7330000000000001,,,,,,,,,,,,,,,,,,,,,,,,,,,,,Iowa Western CC
hitting,Kayden Anderson,Iowa Western CC,Iowa Western Community College,Extra,11,IA,20,So,IF,52,,,,,,,,,,,,https://www.goreivers.com/sports/bsb/2025-26/teams?view=lineup&pos=h,2026-08-28 16:30:22 CDT,156,52,42,29,14,2,8,24,43,0.333,0.46,0.603,11,4,5,1,6,3,2,205,,,,,,,,,,,,,,52,,,1.063,,,,,,,,,,,,,,,,,,,,,,,,,,,,,Iowa Western CC
hitting,Austin Selenke,Iowa Western CC,Iowa Western Community College,Extra,11,IA,5,So,OF,34,,,,,,,,,,,,https://www.goreivers.com/sports/bsb/2025-26/teams?view=lineup&pos=h,2026-08-28 16:30:22 CDT,74,24,19,7,7,1,5,13,26,0.324,0.429,0.649,8,2,1,,,4,,92,,,,,,,,,,,,,,34,,,1.078,,,,,,,,,,,,,,,,,,,,,,,,,,,,,Iowa Western CC
hitting,Adam Kudronowicz,Iowa Western CC,Iowa Western Community College,Extra,11,IA,34,Fr,LHP/INF,19,,,,,,,,,,,,https://www.goreivers.com/sports/bsb/2025-26/teams?view=lineup&pos=h,2026-08-28 16:30:22 CDT,26,8,6,2,2,,,2,6,0.308,0.4,0.385,2,,,,1,,,30,,,,,,,,,,,,,,19,,,0.785,,,,,,,,,,,,,,,,,,,,,,,,,,,,,Iowa Western CC
hitting,Charlie Kalbrener,Iowa Western CC,Iowa Western Community College,Extra,11,IA,24,So,INF/OF,38,,,,,,,,,,,,https://www.goreivers.com/sports/bsb/2025-26/teams?view=lineup&pos=h,2026-08-28 16:30:22 CDT,104,31,38,29,5,,10,15,40,0.298,0.479,0.635,8,1,,,2,,,142,,,,,,,,,,,,,,38,,,1.1139999999999999,,,,,,,,,,,,,,,,,,,,,,,,,,,,,Iowa Western CC
hitting,Griffin Novacek,Iowa Western CC,Iowa Western Community College,Extra,11,IA,23,Fr,OF,35,,,,,,,,,,,,https://www.goreivers.com/sports/bsb/2025-26/teams?view=lineup&pos=h,2026-08-28 16:30:22 CDT,62,18,15,7,3,1,3,7,23,0.29,0.4,0.516,5,1,,,,,,75,,,,,,,,,,,,,,35,,,0.916,,,,,,,,,,,,,,,,,,,,,,,,,,,,,Iowa Western CC
hitting,Dane Most,Iowa Western CC,Iowa Western Community College,Extra,11,IA,9,So,IF,18,,,,,,,,,,,,https://www.goreivers.com/sports/bsb/2025-26/teams?view=lineup&pos=h,2026-08-28 16:30:22 CDT,38,11,13,9,3,,1,4,8,0.289,0.471,0.447,4,,3,,,,,54,,,,,,,,,,,,,,18,,,0.9179999999999999,,,,,,,,,,,,,,,,,,,,,,,,,,,,,Iowa Western CC
hitting,Amarensio Franka,Iowa Western CC,Iowa Western Community College,Extra,11,IA,7,Fr,IF,43,,,,,,,,,,,,https://www.goreivers.com/sports/bsb/2025-26/teams?view=lineup&pos=h,2026-08-28 16:30:22 CDT,122,35,18,13,6,2,2,10,27,0.287,0.428,0.418,17,,4,,4,5,0.8,156,,,,,,,,,,,,,,43,,,0.846,,,,,,,,,,,,,,,,,,,,,,,,,,,,,Iowa Western CC
hitting,Mike Valdivia,Iowa Western CC,Iowa Western Community College,Extra,11,IA,4,So,IF,24,,,,,,,,,,,,https://www.goreivers.com/sports/bsb/2025-26/teams?view=lineup&pos=h,2026-08-28 16:30:22 CDT,49,14,14,10,2,1,1,4,18,0.286,0.419,0.429,2,1,,,,,,62,,,,,,,,,,,,,,24,,,0.848,,,,,,,,,,,,,,,,,,,,,,,,,,,,,Iowa Western CC
hitting,Kane Wilson,Iowa Western CC,Iowa Western Community College,Extra,11,IA,30,So,OF,49,,,,,,,,,,,,https://www.goreivers.com/sports/bsb/2025-26/teams?view=lineup&pos=h,2026-08-28 16:30:22 CDT,81,20,16,21,1,,5,6,38,0.247,0.457,0.444,12,2,1,,,,,117,,,,,,,,,,,,,,49,,,0.901,,,,,,,,,,,,,,,,,,,,,,,,,,,,,Iowa Western CC
hitting,Troy Peltz,Iowa Western CC,Iowa Western Community College,Extra,11,IA,3,Fr,OF,22,,,,,,,,,,,,https://www.goreivers.com/sports/bsb/2025-26/teams?view=lineup&pos=h,2026-08-28 16:30:22 CDT,50,12,9,8,4,,1,5,12,0.24,0.4,0.38,6,1,,,,1,,65,,,,,,,,,,,,,,22,,,0.78,,,,,,,,,,,,,,,,,,,,,,,,,,,,,Iowa Western CC
fielding,Cooper Frazier,Johnson County CC,Johnson County Community College,Extra,6,KS,9,Fr,P,15,1,0,0,1,,0,,,,,,https://kjccc.prestosports.com/sports/bsb/2025-26/teams/johnsoncountycommunitycollege?view=lineup&pos=f,2026-08-28 16:30:23 CDT,,,,,,,,,,,,,,,,,,,,,,,,,,,,,,,,,,15,,,,,,,,,,,,,,,,,,,,,,,,,,,,,,,0,Johnson County CC
fielding,Ronin Vicenti,Johnson County CC,Johnson County Community College,Extra,6,KS,18,So,P,17,3,1,1,1,,0.667,,2,1,0.333,,https://kjccc.prestosports.com/sports/bsb/2025-26/teams/johnsoncountycommunitycollege?view=lineup&pos=f,2026-08-28 16:30:23 CDT,,,,,,,,,,,,,,,,,,,,,,,,,,,,,,,,,,17,,,,,,,,,,,,,,,,,,,,,,,,,,,,,,,0.667,Johnson County CC
fielding,Braylon Brooks,Johnson County CC,Johnson County Community College,Extra,6,KS,28,So,P/IF,29,12,6,3,3,,0.75,1,2,,,,https://kjccc.prestosports.com/sports/bsb/2025-26/teams/johnsoncountycommunitycollege?view=lineup&pos=f,2026-08-28 16:30:23 CDT,,,,,,,,,,,,,,,,,,,,,,,,,,,,,,,,,,29,,,,,,,,,,,,,,,,,,,,,,,,,,,,,,,0.75,Johnson County CC
fielding,Trent Cornell,Johnson County CC,Johnson County Community College,Extra,6,KS,40,Fr,UT,17,9,6,2,1,,0.889,,,,,,https://kjccc.prestosports.com/sports/bsb/2025-26/teams/johnsoncountycommunitycollege?view=lineup&pos=f,2026-08-28 16:30:23 CDT,,,,,,,,,,,,,,,,,,,,,,,,,,,,,,,,,,17,,,,,,,,,,,,,,,,,,,,,,,,,,,,,,,0.889,Johnson County CC
fielding,Liam Roche,Johnson County CC,Johnson County Community College,Extra,6,KS,21,Fr,P,19,12,5,6,1,,0.917,,,1,1,,https://kjccc.prestosports.com/sports/bsb/2025-26/teams/johnsoncountycommunitycollege?view=lineup&pos=f,2026-08-28 16:30:23 CDT,,,,,,,,,,,,,,,,,,,,,,,,,,,,,,,,,,19,,,,,,,,,,,,,,,,,,,,,,,,,,,,,,,0.917,Johnson County CC
fielding,Lukas Wilson,Johnson County CC,Johnson County Community College,Extra,6,KS,23,Fr,IF,69,191,121,60,10,,0.948,6,,,,,https://kjccc.prestosports.com/sports/bsb/2025-26/teams/johnsoncountycommunitycollege?view=lineup&pos=f,2026-08-28 16:30:23 CDT,,,,,,,,,,,,,,,,,,,,,,,,,,,,,,,,,,69,,,,,,,,,,,,,,,,,,,,,,,,,,,,,,,0.948,Johnson County CC
fielding,Brayden Giesler,Johnson County CC,Johnson County Community College,Extra,6,KS,17,Fr,OF,53,20,19,0,1,,0.95,,,,,,https://kjccc.prestosports.com/sports/bsb/2025-26/teams/johnsoncountycommunitycollege?view=lineup&pos=f,2026-08-28 16:30:23 CDT,,,,,,,,,,,,,,,,,,,,,,,,,,,,,,,,,,53,,,,,,,,,,,,,,,,,,,,,,,,,,,,,,,0.95,Johnson County CC
fielding,Ryan Bradford,Johnson County CC,Johnson County Community College,Extra,6,KS,29,Fr,UT,69,91,86,1,4,,0.956,,,,,,https://kjccc.prestosports.com/sports/bsb/2025-26/teams/johnsoncountycommunitycollege?view=lineup&pos=f,2026-08-28 16:30:23 CDT,,,,,,,,,,,,,,,,,,,,,,,,,,,,,,,,,,69,,,,,,,,,,,,,,,,,,,,,,,,,,,,,,,0.956,Johnson County CC
fielding,Briggs Roe,Johnson County CC,Johnson County Community College,Extra,6,KS,10,So,IF,70,189,128,55,6,,0.968,7,,,,,https://kjccc.prestosports.com/sports/bsb/2025-26/teams/johnsoncountycommunitycollege?view=lineup&pos=f,2026-08-28 16:30:23 CDT,,,,,,,,,,,,,,,,,,,,,,,,,,,,,,,,,,70,,,,,,,,,,,,,,,,,,,,,,,,,,,,,,,0.968,Johnson County CC
fielding,Ashton Hartwig,Johnson County CC,Johnson County Community College,Extra,6,KS,6,So,OF,67,54,52,1,1,,0.981,,,,,,https://kjccc.prestosports.com/sports/bsb/2025-26/teams/johnsoncountycommunitycollege?view=lineup&pos=f,2026-08-28 16:30:23 CDT,,,,,,,,,,,,,,,,,,,,,,,,,,,,,,,,,,67,,,,,,,,,,,,,,,,,,,,,,,,,,,,,,,0.981,Johnson County CC
fielding,Colin Coonradt,Johnson County CC,Johnson County Community College,Extra,6,KS,4,So,UT,70,185,173,9,3,,0.984,7,,,,,https://kjccc.prestosports.com/sports/bsb/2025-26/teams/johnsoncountycommunitycollege?view=lineup&pos=f,2026-08-28 16:30:23 CDT,,,,,,,,,,,,,,,,,,,,,,,,,,,,,,,,,,70,,,,,,,,,,,,,,,,,,,,,,,,,,,,,,,0.984,Johnson County CC
fielding,Logan Groh,Johnson County CC,Johnson County Community College,Extra,6,KS,19,So,IF,70,140,91,47,2,,0.986,2,,,,,https://kjccc.prestosports.com/sports/bsb/2025-26/teams/johnsoncountycommunitycollege?view=lineup&pos=f,2026-08-28 16:30:23 CDT,,,,,,,,,,,,,,,,,,,,,,,,,,,,,,,,,,70,,,,,,,,,,,,,,,,,,,,,,,,,,,,,,,0.986,Johnson County CC
fielding,Evan Damario,Johnson County CC,Johnson County Community College,Extra,6,KS,36,Fr,C,27,209,199,7,3,3,0.986,,4,3,0.429,,https://kjccc.prestosports.com/sports/bsb/2025-26/teams/johnsoncountycommunitycollege?view=lineup&pos=f,2026-08-28 16:30:23 CDT,,,,,,,,,,,,,,,,,,,,,,,,,,,,,,,,,,27,,,,,,,,,,,,,,,,,,,,,,,,,,,,,,,0.986,Johnson County CC
fielding,Boston Bruce,Johnson County CC,Johnson County Community College,Extra,6,KS,27,So,C,69,460,443,11,6,1,0.987,,8,2,0.2,,https://kjccc.prestosports.com/sports/bsb/2025-26/teams/johnsoncountycommunitycollege?view=lineup&pos=f,2026-08-28 16:30:23 CDT,,,,,,,,,,,,,,,,,,,,,,,,,,,,,,,,,,69,,,,,,,,,,,,,,,,,,,,,,,,,,,,,,,0.987,Johnson County CC
fielding,Lance Alexander,Johnson County CC,Johnson County Community College,Extra,6,KS,26,Fr,P,19,9,4,5,0,,1,,4,,,,https://kjccc.prestosports.com/sports/bsb/2025-26/teams/johnsoncountycommunitycollege?view=lineup&pos=f,2026-08-28 16:30:23 CDT,,,,,,,,,,,,,,,,,,,,,,,,,,,,,,,,,,19,,,,,,,,,,,,,,,,,,,,,,,,,,,,,,,1,Johnson County CC
fielding,Hudson Byrd,Johnson County CC,Johnson County Community College,Extra,6,KS,38,So,P,8,1,0,1,0,,1,,,,,,https://kjccc.prestosports.com/sports/bsb/2025-26/teams/johnsoncountycommunitycollege?view=lineup&pos=f,2026-08-28 16:30:23 CDT,,,,,,,,,,,,,,,,,,,,,,,,,,,,,,,,,,8,,,,,,,,,,,,,,,,,,,,,,,,,,,,,,,1,Johnson County CC
fielding,Victor Christal,Johnson County CC,Johnson County Community College,Extra,6,KS,13,So,P,16,8,5,3,0,,1,,1,2,0.667,,https://kjccc.prestosports.com/sports/bsb/2025-26/teams/johnsoncountycommunitycollege?view=lineup&pos=f,2026-08-28 16:30:23 CDT,,,,,,,,,,,,,,,,,,,,,,,,,,,,,,,,,,16,,,,,,,,,,,,,,,,,,,,,,,,,,,,,,,1,Johnson County CC
fielding,Colin Conrad,Johnson County CC,Johnson County Community College,Extra,6,KS,8,So,P,11,1,1,0,0,,1,,,,,,https://kjccc.prestosports.com/sports/bsb/2025-26/teams/johnsoncountycommunitycollege?view=lineup&pos=f,2026-08-28 16:30:23 CDT,,,,,,,,,,,,,,,,,,,,,,,,,,,,,,,,,,11,,,,,,,,,,,,,,,,,,,,,,,,,,,,,,,1,Johnson County CC
fielding,David Dobbs,Johnson County CC,Johnson County Community College,Extra,6,KS,25,Fr,C/OF,24,53,53,0,0,1,1,,,,,,https://kjccc.prestosports.com/sports/bsb/2025-26/teams/johnsoncountycommunitycollege?view=lineup&pos=f,2026-08-28 16:30:23 CDT,,,,,,,,,,,,,,,,,,,,,,,,,,,,,,,,,,24,,,,,,,,,,,,,,,,,,,,,,,,,,,,,,,1,Johnson County CC
fielding,Keston Holman,Johnson County CC,Johnson County Community College,Extra,6,KS,2,So,P,21,2,1,1,0,,1,,1,,,,https://kjccc.prestosports.com/sports/bsb/2025-26/teams/johnsoncountycommunitycollege?view=lineup&pos=f,2026-08-28 16:30:23 CDT,,,,,,,,,,,,,,,,,,,,,,,,,,,,,,,,,,21,,,,,,,,,,,,,,,,,,,,,,,,,,,,,,,1,Johnson County CC
fielding,Jack Jones,Johnson County CC,Johnson County Community College,Extra,6,KS,5,Fr,UT,40,138,132,6,0,,1,3,,,,,https://kjccc.prestosports.com/sports/bsb/2025-26/teams/johnsoncountycommunitycollege?view=lineup&pos=f,2026-08-28 16:30:23 CDT,,,,,,,,,,,,,,,,,,,,,,,,,,,,,,,,,,40,,,,,,,,,,,,,,,,,,,,,,,,,,,,,,,1,Johnson County CC
fielding,Ashton Nance,Johnson County CC,Johnson County Community College,Extra,6,KS,35,Fr,P,19,11,11,0,0,,1,,,1,1,,https://kjccc.prestosports.com/sports/bsb/2025-26/teams/johnsoncountycommunitycollege?view=lineup&pos=f,2026-08-28 16:30:23 CDT,,,,,,,,,,,,,,,,,,,,,,,,,,,,,,,,,,19,,,,,,,,,,,,,,,,,,,,,,,,,,,,,,,1,Johnson County CC
fielding,Isaac Pamaran,Johnson County CC,Johnson County Community College,Extra,6,KS,1,Fr,OF,51,70,69,1,0,,1,,,,,,https://kjccc.prestosports.com/sports/bsb/2025-26/teams/johnsoncountycommunitycollege?view=lineup&pos=f,2026-08-28 16:30:23 CDT,,,,,,,,,,,,,,,,,,,,,,,,,,,,,,,,,,51,,,,,,,,,,,,,,,,,,,,,,,,,,,,,,,1,Johnson County CC
fielding,Cale Sudderth,Johnson County CC,Johnson County Community College,Extra,6,KS,33,Fr,P,6,1,1,0,0,,1,,1,,,,https://kjccc.prestosports.com/sports/bsb/2025-26/teams/johnsoncountycommunitycollege?view=lineup&pos=f,2026-08-28 16:30:23 CDT,,,,,,,,,,,,,,,,,,,,,,,,,,,,,,,,,,6,,,,,,,,,,,,,,,,,,,,,,,,,,,,,,,1,Johnson County CC
fielding,Max Waldschmidt,Johnson County CC,Johnson County Community College,Extra,6,KS,12,So,P,14,3,2,1,0,,1,,,,,,https://kjccc.prestosports.com/sports/bsb/2025-26/teams/johnsoncountycommunitycollege?view=lineup&pos=f,2026-08-28 16:30:23 CDT,,,,,,,,,,,,,,,,,,,,,,,,,,,,,,,,,,14,,,,,,,,,,,,,,,,,,,,,,,,,,,,,,,1,Johnson County CC
fielding,Cooper Westra,Johnson County CC,Johnson County Community College,Extra,6,KS,7,So,P,11,1,0,1,0,,1,,,,,,https://kjccc.prestosports.com/sports/bsb/2025-26/teams/johnsoncountycommunitycollege?view=lineup&pos=f,2026-08-28 16:30:23 CDT,,,,,,,,,,,,,,,,,,,,,,,,,,,,,,,,,,11,,,,,,,,,,,,,,,,,,,,,,,,,,,,,,,1,Johnson County CC
hitting,Logan Groh,Johnson County CC,Johnson County Community College,Extra,6,KS,19,So,IF,70,,,,,,,,,,,,https://kjccc.prestosports.com/sports/bsb/2025-26/teams/johnsoncountycommunitycollege?view=lineup&pos=h,2026-08-28 16:30:23 CDT,269,120,113,27,19,5,25,49,29,0.446,0.497,0.833,5,5,,2,17,22,0.77,306,,,,,,,,,,,,,,70,,,1.33,,,,,,,,,,,,,,,,,,,,,,,,,,,,,Johnson County CC
hitting,Ryan Bradford,Johnson County CC,Johnson County Community College,Extra,6,KS,29,Fr,UT,69,,,,,,,,,,,,https://kjccc.prestosports.com/sports/bsb/2025-26/teams/johnsoncountycommunitycollege?view=lineup&pos=h,2026-08-28 16:30:23 CDT,261,114,113,36,24,6,42,72,45,0.437,0.522,1.057,16,5,,,8,32,0.25,318,,,,,,,,,,,,,,69,,,1.579,,,,,,,,,,,,,,,,,,,,,,,,,,,,,Johnson County CC
hitting,Brayden Giesler,Johnson County CC,Johnson County Community College,Extra,6,KS,17,Fr,OF,53,,,,,,,,,,,,https://kjccc.prestosports.com/sports/bsb/2025-26/teams/johnsoncountycommunitycollege?view=lineup&pos=h,2026-08-28 16:30:23 CDT,151,66,65,23,16,5,21,42,30,0.437,0.543,1.026,12,,1,,14,13,1.08,187,,,,,,,,,,,,,,53,,,1.569,,,,,,,,,,,,,,,,,,,,,,,,,,,,,Johnson County CC
hitting,Boston Bruce,Johnson County CC,Johnson County Community College,Extra,6,KS,27,So,C,69,,,,,,,,,,,,https://kjccc.prestosports.com/sports/bsb/2025-26/teams/johnsoncountycommunitycollege?view=lineup&pos=h,2026-08-28 16:30:23 CDT,209,91,89,35,17,4,18,39,10,0.435,0.554,0.813,23,2,1,,15,31,0.48,270,,,,,,,,,,,,,,69,,,1.367,,,,,,,,,,,,,,,,,,,,,,,,,,,,,Johnson County CC
hitting,Colin Coonradt,Johnson County CC,Johnson County Community College,Extra,6,KS,4,So,UT,70,,,,,,,,,,,,https://kjccc.prestosports.com/sports/bsb/2025-26/teams/johnsoncountycommunitycollege?view=lineup&pos=h,2026-08-28 16:30:23 CDT,228,98,109,61,17,2,37,56,46,0.43,0.567,1.009,14,2,1,3,11,13,0.85,306,,,,,,,,,,,,,,70,,,1.5759999999999998,,,,,,,,,,,,,,,,,,,,,,,,,,,,,Johnson County CC
hitting,Briggs Roe,Johnson County CC,Johnson County Community College,Extra,6,KS,10,So,IF,70,,,,,,,,,,,,https://kjccc.prestosports.com/sports/bsb/2025-26/teams/johnsoncountycommunitycollege?view=lineup&pos=h,2026-08-28 16:30:23 CDT,248,106,96,24,24,4,27,55,36,0.427,0.493,0.883,10,2,,1,24,23,1.04,284,,,,,,,,,,,,,,70,,,1.376,,,,,,,,,,,,,,,,,,,,,,,,,,,,,Johnson County CC
hitting,Ashton Hartwig,Johnson County CC,Johnson County Community College,Extra,6,KS,6,So,OF,67,,,,,,,,,,,,https://kjccc.prestosports.com/sports/bsb/2025-26/teams/johnsoncountycommunitycollege?view=lineup&pos=h,2026-08-28 16:30:23 CDT,229,85,70,22,13,3,11,27,26,0.371,0.424,0.598,5,8,2,1,20,27,0.74,266,,,,,,,,,,,,,,67,,,1.022,,,,,,,,,,,,,,,,,,,,,,,,,,,,,Johnson County CC
hitting,Jack Jones,Johnson County CC,Johnson County Community College,Extra,6,KS,5,Fr,UT,40,,,,,,,,,,,,https://kjccc.prestosports.com/sports/bsb/2025-26/teams/johnsoncountycommunitycollege?view=lineup&pos=h,2026-08-28 16:30:23 CDT,108,37,24,25,11,,5,16,35,0.343,0.489,0.583,7,1,,,2,7,0.29,141,,,,,,,,,,,,,,40,,,1.072,,,,,,,,,,,,,,,,,,,,,,,,,,,,,Johnson County CC
hitting,Isaac Pamaran,Johnson County CC,Johnson County Community College,Extra,6,KS,1,Fr,OF,51,,,,,,,,,,,,https://kjccc.prestosports.com/sports/bsb/2025-26/teams/johnsoncountycommunitycollege?view=lineup&pos=h,2026-08-28 16:30:23 CDT,165,56,56,35,11,4,11,26,48,0.339,0.473,0.655,7,,1,1,12,5,2.4,208,,,,,,,,,,,,,,51,,,1.1280000000000001,,,,,,,,,,,,,,,,,,,,,,,,,,,,,Johnson County CC
hitting,Lukas Wilson,Johnson County CC,Johnson County Community College,Extra,6,KS,23,Fr,IF,69,,,,,,,,,,,,https://kjccc.prestosports.com/sports/bsb/2025-26/teams/johnsoncountycommunitycollege?view=lineup&pos=h,2026-08-28 16:30:23 CDT,211,64,57,33,7,5,11,23,43,0.303,0.416,0.54,10,3,2,1,27,14,1.93,259,,,,,,,,,,,,,,69,,,0.956,,,,,,,,,,,,,,,,,,,,,,,,,,,,,Johnson County CC
hitting,Evan Damario,Johnson County CC,Johnson County Community College,Extra,6,KS,36,Fr,C,27,,,,,,,,,,,,https://kjccc.prestosports.com/sports/bsb/2025-26/teams/johnsoncountycommunitycollege?view=lineup&pos=h,2026-08-28 16:30:23 CDT,66,18,18,9,2,,3,5,22,0.273,0.367,0.439,2,2,,,2,7,0.29,79,,,,,,,,,,,,,,27,,,0.806,,,,,,,,,,,,,,,,,,,,,,,,,,,,,Johnson County CC
hitting,Trent Cornell,Johnson County CC,Johnson County Community College,Extra,6,KS,40,Fr,UT,17,,,,,,,,,,,,https://kjccc.prestosports.com/sports/bsb/2025-26/teams/johnsoncountycommunitycollege?view=lineup&pos=h,2026-08-28 16:30:23 CDT,20,5,8,1,,,3,3,6,0.25,0.375,0.7,3,,,,,2,,24,,,,,,,,,,,,,,17,,,1.075,,,,,,,,,,,,,,,,,,,,,,,,,,,,,Johnson County CC
hitting,David Dobbs,Johnson County CC,Johnson County Community College,Extra,6,KS,25,Fr,C/OF,24,,,,,,,,,,,,https://kjccc.prestosports.com/sports/bsb/2025-26/teams/johnsoncountycommunitycollege?view=lineup&pos=h,2026-08-28 16:30:23 CDT,37,9,12,7,1,1,5,7,13,0.243,0.391,0.73,2,,,,1,2,0.5,46,,,,,,,,,,,,,,24,,,1.121,,,,,,,,,,,,,,,,,,,,,,,,,,,,,Johnson County CC
hitting,Braylon Brooks,Johnson County CC,Johnson County Community College,Extra,6,KS,28,So,P/IF,29,,,,,,,,,,,,https://kjccc.prestosports.com/sports/bsb/2025-26/teams/johnsoncountycommunitycollege?view=lineup&pos=h,2026-08-28 16:30:23 CDT,10,1,0,3,1,,,1,3,0.1,0.308,0.2,,,,,1,1,1,13,,,,,,,,,,,,,,29,,,0.508,,,,,,,,,,,,,,,,,,,,,,,,,,,,,Johnson County CC
pitching,Reece Nutter,Johnson County CC,Johnson County Community College,Extra,6,KS,16,Fr,P,,,,,,,,,,,,,https://kjccc.prestosports.com/sports/bsb/2025-26/teams/johnsoncountycommunitycollege?view=lineup&pos=p,2026-08-28 16:30:23 CDT,,,,1,,,,,3,,,,3,,,,,,,,0,0,0,2,0,0,2,,,13.5,0.5,11,,,,,,,,,,,,,,,,,,,,,,,,,,,,,,,,,,Johnson County CC
pitching,Nolan Buss,Johnson County CC,Johnson County Community College,Extra,6,KS,34,Fr,P,,,,,,,,,,,,,https://kjccc.prestosports.com/sports/bsb/2025-26/teams/johnsoncountycommunitycollege?view=lineup&pos=p,2026-08-28 16:30:23 CDT,,1,,3,,,,,7,,,,2,,,,,,,,1.93,1,0,4,0,0,4.2,1,1,13.5,0.86,19,,,,,,,,,,,,,,,,,,,,,,,,,,,,,,,,,,Johnson County CC
pitching,Anson Siebert,Johnson County CC,Johnson County Community College,Extra,6,KS,37,Fr,P,,,,,,,,,,,,,https://kjccc.prestosports.com/sports/bsb/2025-26/teams/johnsoncountycommunitycollege?view=lineup&pos=p,2026-08-28 16:30:23 CDT,,13,,5,,,,,9,,,,,,,,,,,,2.08,2,0,7,0,0,8.2,8,2,9.35,2.08,43,1,,,,,,,,,,,,,,,,,,,,,,,,,,,,,,,,,Johnson County CC
pitching,Cooper Frazier,Johnson County CC,Johnson County Community College,Extra,6,KS,9,Fr,P,,,,,,,,,,,,,https://kjccc.prestosports.com/sports/bsb/2025-26/teams/johnsoncountycommunitycollege?view=lineup&pos=p,2026-08-28 16:30:23 CDT,,11,,12,,,2,,32,,,,2,,,,,,,,3.32,1,0,15,0,0,19,8,7,15.16,1.21,83,,,,,,,,,,,,,,,,,,,,,,,,,,,,,,,,,,Johnson County CC
pitching,Hudson Byrd,Johnson County CC,Johnson County Community College,Extra,6,KS,38,So,P,,,,,,,,,,,,,https://kjccc.prestosports.com/sports/bsb/2025-26/teams/johnsoncountycommunitycollege?view=lineup&pos=p,2026-08-28 16:30:23 CDT,,13,,3,,,1,,14,,,,,,,,,,,,3.48,2,0,8,0,1,10.1,4,4,12.19,1.55,47,2,,,,,,,,,,,,,,,,,,,,,,,,,,,,,,,,,Johnson County CC
pitching,Victor Christal,Johnson County CC,Johnson County Community College,Extra,6,KS,13,So,P,,,,,,,,,,,,,https://kjccc.prestosports.com/sports/bsb/2025-26/teams/johnsoncountycommunitycollege?view=lineup&pos=p,2026-08-28 16:30:23 CDT,,35,,31,,,3,,95,,,,15,,,,,,,,3.88,11,0,16,15,0,55.2,28,24,15.36,1.19,239,1,,,,,,,,,,,,,,,,,,,,,,,,,,,,,,,,,Johnson County CC
pitching,Ashton Nance,Johnson County CC,Johnson County Community College,Extra,6,KS,35,Fr,P,,,,,,,,,,,,,https://kjccc.prestosports.com/sports/bsb/2025-26/teams/johnsoncountycommunitycollege?view=lineup&pos=p,2026-08-28 16:30:23 CDT,,80,,29,,,14,,92,,,,6,,,,,,,,3.95,14,0,19,18,0,84.1,39,37,9.82,1.29,371,1,,,,,,,,,,,,,,,,,,,,,,,,,,,,,,,,,Johnson County CC
pitching,Liam Roche,Johnson County CC,Johnson County Community College,Extra,6,KS,21,Fr,P,,,,,,,,,,,,,https://kjccc.prestosports.com/sports/bsb/2025-26/teams/johnsoncountycommunitycollege?view=lineup&pos=p,2026-08-28 16:30:23 CDT,,71,,23,,,13,,120,,,,9,,,,,,,,4.02,16,0,19,18,0,78.1,37,35,13.79,1.2,333,3,,,,,,,,,,,,,,,,,,,,,,,,,,,,,,,,,Johnson County CC
pitching,Rocco Loffredo,Johnson County CC,Johnson County Community College,Extra,6,KS,24,Fr,P,,,,,,,,,,,,,https://kjccc.prestosports.com/sports/bsb/2025-26/teams/johnsoncountycommunitycollege?view=lineup&pos=p,2026-08-28 16:30:23 CDT,,4,,9,,,1,,10,,,,,,,,,,,,4.26,0,0,7,0,0,6.1,6,3,14.21,2.05,33,,,,,,,,,,,,,,,,,,,,,,,,,,,,,,,,,,Johnson County CC
pitching,Cale Sudderth,Johnson County CC,Johnson County Community College,Extra,6,KS,33,Fr,P,,,,,,,,,,,,,https://kjccc.prestosports.com/sports/bsb/2025-26/teams/johnsoncountycommunitycollege?view=lineup&pos=p,2026-08-28 16:30:23 CDT,,7,,6,,,,,6,,,,,,,,,,,,4.26,0,0,6,1,0,6.1,6,3,8.53,2.05,34,,,,,,,,,,,,,,,,,,,,,,,,,,,,,,,,,,Johnson County CC
pitching,Cooper Westra,Johnson County CC,Johnson County Community College,Extra,6,KS,7,So,P,,,,,,,,,,,,,https://kjccc.prestosports.com/sports/bsb/2025-26/teams/johnsoncountycommunitycollege?view=lineup&pos=p,2026-08-28 16:30:23 CDT,,8,,3,,,,,6,,,,,,,,,,,,4.26,1,0,11,0,0,6.1,3,3,8.53,1.74,30,1,,,,,,,,,,,,,,,,,,,,,,,,,,,,,,,,,Johnson County CC
pitching,Lance Alexander,Johnson County CC,Johnson County Community College,Extra,6,KS,26,Fr,P,,,,,,,,,,,,,https://kjccc.prestosports.com/sports/bsb/2025-26/teams/johnsoncountycommunitycollege?view=lineup&pos=p,2026-08-28 16:30:23 CDT,,43,,19,,,8,,67,,,,2,,,,,,,,4.47,3,2,19,7,2,50.1,28,25,11.98,1.23,212,1,,,,,,,,,,,,,,,,,,,,,,,,,,,,,,,,,Johnson County CC
pitching,Ronin Vicenti,Johnson County CC,Johnson County Community College,Extra,6,KS,18,So,P,,,,,,,,,,,,,https://kjccc.prestosports.com/sports/bsb/2025-26/teams/johnsoncountycommunitycollege?view=lineup&pos=p,2026-08-28 16:30:23 CDT,,51,,16,,,12,,69,,,,9,,,,,,,,4.64,9,0,17,9,1,52.1,28,27,11.87,1.28,225,1,,,,,,,,,,,,,,,,,,,,,,,,,,,,,,,,,Johnson County CC
pitching,Braylon Brooks,Johnson County CC,Johnson County Community College,Extra,6,KS,28,So,P/IF,,,,,,,,,,,,,https://kjccc.prestosports.com/sports/bsb/2025-26/teams/johnsoncountycommunitycollege?view=lineup&pos=p,2026-08-28 16:30:23 CDT,,16,,14,,,1,,38,,,,3,,,,,,,,4.85,0,0,19,0,5,26,15,14,13.15,1.15,112,2,,,,,,,,,,,,,,,,,,,,,,,,,,,,,,,,,Johnson County CC
pitching,Max Waldschmidt,Johnson County CC,Johnson County Community College,Extra,6,KS,12,So,P,,,,,,,,,,,,,https://kjccc.prestosports.com/sports/bsb/2025-26/teams/johnsoncountycommunitycollege?view=lineup&pos=p,2026-08-28 16:30:23 CDT,,20,,4,,,3,,24,,,,1,,,,,,,,5.06,1,0,14,0,0,16,12,9,13.5,1.5,74,1,,,,,,,,,,,,,,,,,,,,,,,,,,,,,,,,,Johnson County CC
pitching,Colin Conrad,Johnson County CC,Johnson County Community College,Extra,6,KS,8,So,P,,,,,,,,,,,,,https://kjccc.prestosports.com/sports/bsb/2025-26/teams/johnsoncountycommunitycollege?view=lineup&pos=p,2026-08-28 16:30:23 CDT,,13,,6,,,,,12,,,,1,,,,,,,,5.23,0,0,11,0,0,10.1,10,6,10.45,1.84,52,,,,,,,,,,,,,,,,,,,,,,,,,,,,,,,,,,Johnson County CC
pitching,Evan Watson,Johnson County CC,Johnson County Community College,Extra,6,KS,15,Fr,P,,,,,,,,,,,,,https://kjccc.prestosports.com/sports/bsb/2025-26/teams/johnsoncountycommunitycollege?view=lineup&pos=p,2026-08-28 16:30:23 CDT,,4,,,,,,,4,,,,1,,,,,,,,5.4,0,0,4,0,0,3.1,2,2,10.8,1.2,20,,,,,,,,,,,,,,,,,,,,,,,,,,,,,,,,,,Johnson County CC
pitching,Brett Pearcy,Johnson County CC,Johnson County Community College,Extra,6,KS,11,Fr,P,,,,,,,,,,,,,https://kjccc.prestosports.com/sports/bsb/2025-26/teams/johnsoncountycommunitycollege?view=lineup&pos=p,2026-08-28 16:30:23 CDT,,10,,9,,,1,,21,,,,10,,,,,,,,5.51,2,0,12,0,1,16.1,10,10,11.57,1.16,71,1,,,,,,,,,,,,,,,,,,,,,,,,,,,,,,,,,Johnson County CC
pitching,Keston Holman,Johnson County CC,Johnson County Community College,Extra,6,KS,2,So,P,,,,,,,,,,,,,https://kjccc.prestosports.com/sports/bsb/2025-26/teams/johnsoncountycommunitycollege?view=lineup&pos=p,2026-08-28 16:30:23 CDT,,44,,10,,,5,,41,,,,6,,,,,,,,6.23,3,0,21,0,2,39,28,27,9.46,1.38,152,,,,,,,,,,,,,,,,,,,,,,,,,,,,,,,,,,Johnson County CC
pitching,Drake Gawer,Johnson County CC,Johnson County Community College,Extra,6,KS,32,Fr,P,,,,,,,,,,,,,https://kjccc.prestosports.com/sports/bsb/2025-26/teams/johnsoncountycommunitycollege?view=lineup&pos=p,2026-08-28 16:30:23 CDT,,13,,6,,,2,,20,,,,,,,,,,,,10.32,1,1,5,2,0,11.1,14,13,15.88,1.68,54,,,,,,,,,,,,,,,,,,,,,,,,,,,,,,,,,,Johnson County CC
hitting,"Mouton, Aidan",Louisiana State University Eunice,Louisiana State University Eunice,Extra,23,LA,1,,,,,,,,,,,,,,,https://athletics.lsue.edu/sports/baseball/stats,2026-08-28 16:30:23 CDT,191,82,75,53,11,2,14,,30,0.429,0.575,0.728,14,1,1,,,,,,,,,,59,,,91,,,,,,59,38,1,1.303,59-59,139,30,1,0.575,38-39,View Bio,,,,,,,,,,,,,59,59,,,,,38,1,,Louisiana State University Eunice
hitting,"Clapinski, Andrew",Louisiana State University Eunice,Louisiana State University Eunice,Extra,23,LA,28,,,,,,,,,,,,,,,https://athletics.lsue.edu/sports/baseball/stats,2026-08-28 16:30:23 CDT,210,86,89,35,21,3,15,,29,0.41,0.494,0.752,6,6,2,,,,,,,,,,59,,,74,,,,,,59,6,2,1.246,59-59,158,29,1,0.494,6-8,View Bio,,,,,,,,,,,,,59,59,,,,,6,2,,Louisiana State University Eunice
hitting,"Bordelon, Mason",Louisiana State University Eunice,Louisiana State University Eunice,Extra,23,LA,25,,,,,,,,,,,,,,,https://athletics.lsue.edu/sports/baseball/stats,2026-08-28 16:30:23 CDT,152,60,64,30,15,2,18,,47,0.395,0.503,0.875,5,2,0,,,,,,,,,,48,,,50,,,,,,50,6,2,1.378,50-48,133,47,0,0.503,6-8,View Bio,,,,,,,,,,,,,50,48,,,,,6,2,,Louisiana State University Eunice
hitting,"Louque, Marshall",Louisiana State University Eunice,Louisiana State University Eunice,Extra,23,LA,19,,,,,,,,,,,,,,,https://athletics.lsue.edu/sports/baseball/stats,2026-08-28 16:30:23 CDT,152,59,63,22,19,1,15,,28,0.388,0.511,0.822,16,0,0,,,,,,,,,,45,,,57,,,,,,52,4,1,1.333,52-45,125,28,1,0.511,4-5,View Bio,,,,,,,,,,,,,52,45,,,,,4,1,,Louisiana State University Eunice
hitting,"Obradovich, Milan",Louisiana State University Eunice,Louisiana State University Eunice,Extra,23,LA,8,,,,,,,,,,,,,,,https://athletics.lsue.edu/sports/baseball/stats,2026-08-28 16:30:23 CDT,196,66,71,32,19,1,11,,37,0.337,0.456,0.612,16,6,2,,,,,,,,,,59,,,57,,,,,,59,5,1,1.068,59-59,120,37,1,0.456,5-6,View Bio,,,,,,,,,,,,,59,59,,,,,5,1,,Louisiana State University Eunice
hitting,"Mitchell, Tyler",Louisiana State University Eunice,Louisiana State University Eunice,Extra,23,LA,6,,,,,,,,,,,,,,,https://athletics.lsue.edu/sports/baseball/stats,2026-08-28 16:30:23 CDT,151,49,39,40,9,1,7,,28,0.325,0.485,0.536,8,1,2,,,,,,,,,,50,,,53,,,,,,58,16,3,1.021,58-50,81,28,0,0.485,16-19,View Bio,,,,,,,,,,,,,58,50,,,,,16,3,,Louisiana State University Eunice
hitting,"Smith, Jake",Louisiana State University Eunice,Louisiana State University Eunice,Extra,23,LA,4,,,,,,,,,,,,,,,https://athletics.lsue.edu/sports/baseball/stats,2026-08-28 16:30:23 CDT,165,53,52,33,12,0,4,,21,0.321,0.44,0.467,10,10,1,,,,,,,,,,58,,,57,,,,,,59,12,3,0.907,59-58,77,21,0,0.44,12-15,View Bio,,,,,,,,,,,,,59,58,,,,,12,3,,Louisiana State University Eunice
hitting,"Luna, Jordan",Louisiana State University Eunice,Louisiana State University Eunice,Extra,23,LA,3,,,,,,,,,,,,,,,https://athletics.lsue.edu/sports/baseball/stats,2026-08-28 16:30:23 CDT,193,61,44,38,11,1,6,,44,0.316,0.473,0.477,22,3,4,,,,,,,,,,58,,,73,,,,,,58,28,2,0.95,58-58,92,44,0,0.473,28-30,View Bio,,,,,,,,,,,,,58,58,,,,,28,2,,Louisiana State University Eunice
hitting,"Hastings, Caleb",Louisiana State University Eunice,Louisiana State University Eunice,Extra,23,LA,13,,,,,,,,,,,,,,,https://athletics.lsue.edu/sports/baseball/stats,2026-08-28 16:30:23 CDT,99,30,31,22,8,0,5,,30,0.303,0.469,0.535,9,0,1,,,,,,,,,,34,,,24,,,,,,36,0,1,1.004,36-34,53,30,1,0.469,0-1,View Bio,,,,,,,,,,,,,36,34,,,,,0,1,,Louisiana State University Eunice
hitting,"Sabathe, Dalton",Louisiana State University Eunice,Louisiana State University Eunice,Extra,23,LA,14,,,,,,,,,,,,,,,https://athletics.lsue.edu/sports/baseball/stats,2026-08-28 16:30:23 CDT,14,4,4,2,0,0,0,,6,0.286,0.474,0.286,3,0,0,,,,,,,,,,1,,,2,,,,,,18,0,0,0.76,18-1,4,6,0,0.474,0-0,View Bio,,,,,,,,,,,,,18,1,,,,,0,0,,Louisiana State University Eunice
hitting,"Froehlich, Jacob",Louisiana State University Eunice,Louisiana State University Eunice,Extra,23,LA,12,,,,,,,,,,,,,,,https://athletics.lsue.edu/sports/baseball/stats,2026-08-28 16:30:23 CDT,59,16,16,8,7,1,1,,17,0.271,0.38,0.475,3,1,1,,,,,,,,,,15,,,21,,,,,,37,3,0,0.855,37-15,28,17,0,0.38,3-3,View Bio,,,,,,,,,,,,,37,15,,,,,3,0,,Louisiana State University Eunice
hitting,"Bergeron, Rowen",Louisiana State University Eunice,Louisiana State University Eunice,Extra,23,LA,21,,,,,,,,,,,,,,,https://athletics.lsue.edu/sports/baseball/stats,2026-08-28 16:30:23 CDT,47,11,6,8,2,1,2,,16,0.234,0.419,0.447,7,0,0,,,,,,,,,,12,,,11,,,,,,24,5,1,0.866,24-12,21,16,0,0.419,5-6,View Bio,,,,,,,,,,,,,24,12,,,,,5,1,,Louisiana State University Eunice
hitting,"Bell, Dylan",Louisiana State University Eunice,Louisiana State University Eunice,Extra,23,LA,11,,,,,,,,,,,,,,,https://athletics.lsue.edu/sports/baseball/stats,2026-08-28 16:30:23 CDT,52,12,10,14,4,0,2,,18,0.231,0.452,0.423,7,0,2,,,,,,,,,,16,,,15,,,,,,40,2,0,0.875,40-16,22,18,0,0.452,2-2,View Bio,,,,,,,,,,,,,40,16,,,,,2,0,,Louisiana State University Eunice
hitting,"Marshall, Aarren",Louisiana State University Eunice,Louisiana State University Eunice,Extra,23,LA,2,,,,,,,,,,,,,,,https://athletics.lsue.edu/sports/baseball/stats,2026-08-28 16:30:23 CDT,36,7,6,13,0,0,0,,14,0.194,0.474,0.194,7,1,0,,,,,,,,,,13,,,14,,,,,,43,8,2,0.668,43-13,7,14,0,0.474,8-10,View Bio,,,,,,,,,,,,,43,13,,,,,8,2,,Louisiana State University Eunice
hitting,"Hernandez, Hayden",Louisiana State University Eunice,Louisiana State University Eunice,Extra,23,LA,26,,,,,,,,,,,,,,,https://athletics.lsue.edu/sports/baseball/stats,2026-08-28 16:30:23 CDT,18,3,2,0,0,0,0,,2,0.167,0.286,0.167,3,0,0,,,,,,,,,,1,,,2,,,,,,17,1,0,0.453,17-1,3,2,0,0.286,1-1,View Bio,,,,,,,,,,,,,17,1,,,,,1,0,,Louisiana State University Eunice
hitting,"Landreneau, Jaxon",Louisiana State University Eunice,Louisiana State University Eunice,Extra,23,LA,9,,,,,,,,,,,,,,,https://athletics.lsue.edu/sports/baseball/stats,2026-08-28 16:30:23 CDT,28,4,1,4,1,0,0,,10,0.143,0.342,0.179,5,1,0,,,,,,,,,,7,,,7,,,,,,20,1,0,0.521,20-7,5,10,0,0.342,1-1,View Bio,,,,,,,,,,,,,20,7,,,,,1,0,,Louisiana State University Eunice
hitting,"Dickinson, Tate",Louisiana State University Eunice,Louisiana State University Eunice,Extra,23,LA,27,,,,,,,,,,,,,,,https://athletics.lsue.edu/sports/baseball/stats,2026-08-28 16:30:23 CDT,7,1,1,0,0,0,0,,4,0.143,0.143,0.143,0,0,0,,,,,,,,,,1,,,2,,,,,,8,0,0,0.286,8-1,1,4,0,0.143,0-0,View Bio,,,,,,,,,,,,,8,1,,,,,0,0,,Louisiana State University Eunice
hitting,"Scott, Cooper",Louisiana State University Eunice,Louisiana State University Eunice,Extra,23,LA,30,,,,,,,,,,,,,,,https://athletics.lsue.edu/sports/baseball/stats,2026-08-28 16:30:23 CDT,9,1,3,2,0,0,1,,3,0.111,0.4,0.444,3,1,0,,,,,,,,,,2,,,4,,,,,,11,1,0,0.844,11-2,4,3,0,0.4,1-1,View Bio,,,,,,,,,,,,,11,2,,,,,1,0,,Louisiana State University Eunice
hitting,"Cooley, Griffin",Louisiana State University Eunice,Louisiana State University Eunice,Extra,23,LA,15,,,,,,,,,,,,,,,https://athletics.lsue.edu/sports/baseball/stats,2026-08-28 16:30:23 CDT,13,0,0,1,0,0,0,,5,0,0.188,0,2,0,0,,,,,,,,,,1,,,3,,,,,,16,1,0,0.188,16-1,0,5,0,0.188,1-1,View Bio,,,,,,,,,,,,,16,1,,,,,1,0,,Louisiana State University Eunice
hitting,"Mouriz, Christian",Louisiana State University Eunice,Louisiana State University Eunice,Extra,23,LA,23,,,,,,,,,,,,,,,https://athletics.lsue.edu/sports/baseball/stats,2026-08-28 16:30:23 CDT,6,0,0,2,0,0,0,,4,0,0.25,0,0,0,0,,,,,,,,,,1,,,1,,,,,,4,1,0,0.25,4-1,0,4,0,0.25,1-1,View Bio,,,,,,,,,,,,,4,1,,,,,1,0,,Louisiana State University Eunice
hitting,Opponents,Louisiana State University Eunice,Louisiana State University Eunice,Extra,23,LA,,,,,,,,,,,,,,,,https://athletics.lsue.edu/sports/baseball/stats,2026-08-28 16:30:23 CDT,1732,451,268,184,77,8,56,,492,0.26,0.353,0.411,78,23,15,,,,,,,,,,60,,,284,,,,,,60,42,20,0.764,60-60,712,492,5,0.353,42-62,,,,,,,,,,,,,,60,60,,,,,42,20,,Louisiana State University Eunice
pitching,"Fenske, Lane",Louisiana State University Eunice,Louisiana State University Eunice,Extra,23,LA,29,,,,,,,,,,,,,,,https://athletics.lsue.edu/sports/baseball/stats,2026-08-28 16:30:23 CDT,344,83,,28,8,0,4,,98,,,,13,,,,,,,,3.19,15,0,18,17,0,93,37,33,,1.19,,7,,,,,,,98,,,,View Bio,15-0,18-17,4,,0.241,0,2,2,,,,,,,18,17,15,0,,,,Louisiana State University Eunice
pitching,"Jacobs, McCray",Louisiana State University Eunice,Louisiana State University Eunice,Extra,23,LA,24,,,,,,,,,,,,,,,https://athletics.lsue.edu/sports/baseball/stats,2026-08-28 16:30:23 CDT,242,65,,11,13,1,5,,63,,,,4,,,,,,,,4.43,6,2,25,3,1,63,36,31,,1.21,,2,,,,,,,63,,,,View Bio,6-2,25-3,0,,0.269,0,5,3,,,,,,,25,3,6,2,,,,Louisiana State University Eunice
pitching,"Spangler, Hudson",Louisiana State University Eunice,Louisiana State University Eunice,Extra,23,LA,5,,,,,,,,,,,,,,,https://athletics.lsue.edu/sports/baseball/stats,2026-08-28 16:30:23 CDT,281,86,,25,13,3,17,,80,,,,7,,,,,,,,7.35,7,3,17,14,0,67.1,57,55,,1.65,,6,,,,,,,80,,,,View Bio,7-3,17-14,0,,0.306,1,4,1,,,,,,,17,14,7,3,,,,Louisiana State University Eunice
pitching,"Froehlich, Jacob",Louisiana State University Eunice,Louisiana State University Eunice,Extra,23,LA,12,,,,,,,,,,,,,,,https://athletics.lsue.edu/sports/baseball/stats,2026-08-28 16:30:23 CDT,2,0,,0,0,0,0,,1,,,,0,,,,,,,,0,0,0,1,0,0,0.2,0,0,,0,,0,,,,,,,1,,,,View Bio,0-0,1-0,0,,0,0,0,0,,,,,,,1,0,0,0,,,,Louisiana State University Eunice
pitching,"Mouton, Aidan",Louisiana State University Eunice,Louisiana State University Eunice,Extra,23,LA,1,,,,,,,,,,,,,,,https://athletics.lsue.edu/sports/baseball/stats,2026-08-28 16:30:23 CDT,34,7,,3,1,1,1,,7,,,,2,,,,,,,,3.72,1,1,9,0,3,9.2,4,4,,1.03,,2,,,,,,,7,,,,View Bio,1-1,9-0,0,,0.206,0,1,0,,,,,,,9,0,1,1,,,,Louisiana State University Eunice
pitching,"Hicks, Dayton",Louisiana State University Eunice,Louisiana State University Eunice,Extra,23,LA,16,,,,,,,,,,,,,,,https://athletics.lsue.edu/sports/baseball/stats,2026-08-28 16:30:23 CDT,87,23,,11,1,1,2,,24,,,,6,,,,,,,,4.37,0,0,17,0,0,22.2,15,11,,1.5,,4,,,,,,,24,,,,View Bio,0-0,17-0,0,,0.264,0,3,0,,,,,,,17,0,0,0,,,,Louisiana State University Eunice
pitching,"LaCoste, Kade",Louisiana State University Eunice,Louisiana State University Eunice,Extra,23,LA,32,,,,,,,,,,,,,,,https://athletics.lsue.edu/sports/baseball/stats,2026-08-28 16:30:23 CDT,155,40,,20,7,1,5,,44,,,,10,,,,,,,,4.5,7,2,22,7,0,42,23,21,,1.43,,2,,,,,,,44,,,,View Bio,7-2,22-7,0,,0.258,0,3,3,,,,,,,22,7,7,2,,,,Louisiana State University Eunice
pitching,"Goldapper, David",Louisiana State University Eunice,Louisiana State University Eunice,Extra,23,LA,18,,,,,,,,,,,,,,,https://athletics.lsue.edu/sports/baseball/stats,2026-08-28 16:30:23 CDT,25,4,,8,1,0,1,,5,,,,2,,,,,,,,5.14,1,0,8,0,0,7,4,4,,1.71,,1,,,,,,,5,,,,View Bio,1-0,8-0,0,,0.16,0,0,0,,,,,,,8,0,1,0,,,,Louisiana State University Eunice
pitching,"Gambel, Hunter",Louisiana State University Eunice,Louisiana State University Eunice,Extra,23,LA,17,,,,,,,,,,,,,,,https://athletics.lsue.edu/sports/baseball/stats,2026-08-28 16:30:23 CDT,111,30,,13,8,0,2,,33,,,,9,,,,,,,,5.34,3,0,17,3,0,30.1,18,18,,1.42,,0,,,,,,,33,,,,View Bio,3-0,17-3,0,,0.27,0,0,2,,,,,,,17,3,3,0,,,,Louisiana State University Eunice
pitching,"Gallien, Mekai",Louisiana State University Eunice,Louisiana State University Eunice,Extra,23,LA,22,,,,,,,,,,,,,,,https://athletics.lsue.edu/sports/baseball/stats,2026-08-28 16:30:23 CDT,105,24,,18,7,0,4,,44,,,,2,,,,,,,,5.6,2,0,23,0,0,27.1,18,17,,1.54,,6,,,,,,,44,,,,View Bio,2-0,23-0,0,,0.229,0,2,0,,,,,,,23,0,2,0,,,,Louisiana State University Eunice
pitching,"Revord, Beau",Louisiana State University Eunice,Louisiana State University Eunice,Extra,23,LA,7,,,,,,,,,,,,,,,https://athletics.lsue.edu/sports/baseball/stats,2026-08-28 16:30:23 CDT,102,20,,14,3,0,6,,29,,,,11,,,,,,,,5.79,3,2,14,6,1,28,20,18,,1.21,,5,,,,,,,29,,,,View Bio,3-2,14-6,1,,0.196,0,0,2,,,,,,,14,6,3,2,,,,Louisiana State University Eunice
pitching,"Carlson, Ian",Louisiana State University Eunice,Louisiana State University Eunice,Extra,23,LA,20,,,,,,,,,,,,,,,https://athletics.lsue.edu/sports/baseball/stats,2026-08-28 16:30:23 CDT,40,7,,7,1,0,1,,11,,,,1,,,,,,,,5.91,0,1,9,0,0,10.2,9,7,,1.31,,2,,,,,,,11,,,,View Bio,0-1,9-0,0,,0.175,0,0,0,,,,,,,9,0,0,1,,,,Louisiana State University Eunice
pitching,"Woods, Xavier",Louisiana State University Eunice,Louisiana State University Eunice,Extra,23,LA,34,,,,,,,,,,,,,,,https://athletics.lsue.edu/sports/baseball/stats,2026-08-28 16:30:23 CDT,197,59,,24,14,1,8,,52,,,,8,,,,,,,,7.07,2,2,18,10,0,49.2,41,39,,1.67,,6,,,,,,,52,,,,View Bio,2-2,18-10,0,,0.299,0,3,2,,,,,,,18,10,2,2,,,,Louisiana State University Eunice
pitching,"LeBlanc, Easton",Louisiana State University Eunice,Louisiana State University Eunice,Extra,23,LA,35,,,,,,,,,,,,,,,https://athletics.lsue.edu/sports/baseball/stats,2026-08-28 16:30:23 CDT,7,3,,2,0,0,0,,1,,,,3,,,,,,,,13.5,0,0,3,0,0,1.1,2,2,,3.75,,1,,,,,,,1,,,,View Bio,0-0,3-0,0,,0.429,0,0,0,,,,,,,3,0,0,0,,,,Louisiana State University Eunice
pitching,Opponents,Louisiana State University Eunice,Louisiana State University Eunice,Extra,23,LA,,,,,,,,,,,,,,,,https://athletics.lsue.edu/sports/baseball/stats,2026-08-28 16:30:23 CDT,1798,605,,359,139,13,101,,393,,,,146,,,,,,,,12.23,13,47,208,60,4,426,618,579,,2.26,,80,,,,,,,393,,,,,13-47,208-60,3,1,0.336,13,33,16,,,,,,,208,60,13,47,,,,Louisiana State University Eunice
fielding,"Hastings, Caleb",Louisiana State University Eunice,Louisiana State University Eunice,Extra,23,LA,13,,,,86,79,7,0,0,,5,4,,,0,https://athletics.lsue.edu/sports/baseball/stats,2026-08-28 16:30:23 CDT,,,,,,,,,,,,,,,,,,,,,,,,,,,,,,,,,,,,,,,,,,,,View Bio,,,,,,,,,86,1,0,,,,,,,,,,1,Louisiana State University Eunice
fielding,"Sabathe, Dalton",Louisiana State University Eunice,Louisiana State University Eunice,Extra,23,LA,14,,,,54,49,5,0,1,,0,3,,,0,https://athletics.lsue.edu/sports/baseball/stats,2026-08-28 16:30:23 CDT,,,,,,,,,,,,,,,,,,,,,,,,,,,,,,,,,,,,,,,,,,,,View Bio,,,,,,,,,54,1,0,,,,,,,,,,1,Louisiana State University Eunice
fielding,"Hernandez, Hayden",Louisiana State University Eunice,Louisiana State University Eunice,Extra,23,LA,26,,,,39,38,1,0,0,,1,0,,,0,https://athletics.lsue.edu/sports/baseball/stats,2026-08-28 16:30:23 CDT,,,,,,,,,,,,,,,,,,,,,,,,,,,,,,,,,,,,,,,,,,,,View Bio,,,,,,,,,39,1,0,,,,,,,,,,1,Louisiana State University Eunice
fielding,"Landreneau, Jaxon",Louisiana State University Eunice,Louisiana State University Eunice,Extra,23,LA,9,,,,15,7,8,0,0,,1,0,,,0,https://athletics.lsue.edu/sports/baseball/stats,2026-08-28 16:30:23 CDT,,,,,,,,,,,,,,,,,,,,,,,,,,,,,,,,,,,,,,,,,,,,View Bio,,,,,,,,,15,1,0,,,,,,,,,,1,Louisiana State University Eunice
fielding,"Jacobs, McCray",Louisiana State University Eunice,Louisiana State University Eunice,Extra,23,LA,24,,,,9,4,5,0,0,,0,1,,,0,https://athletics.lsue.edu/sports/baseball/stats,2026-08-28 16:30:23 CDT,,,,,,,,,,,,,,,,,,,,,,,,,,,,,,,,,,,,,,,,,,,,View Bio,,,,,,,,,9,1,0,,,,,,,,,,1,Louisiana State University Eunice
fielding,"Revord, Beau",Louisiana State University Eunice,Louisiana State University Eunice,Extra,23,LA,7,,,,8,2,6,0,0,,0,2,,,0,https://athletics.lsue.edu/sports/baseball/stats,2026-08-28 16:30:23 CDT,,,,,,,,,,,,,,,,,,,,,,,,,,,,,,,,,,,,,,,,,,,,View Bio,,,,,,,,,8,1,1,,,,,,,,,,1,Louisiana State University Eunice
fielding,"Woods, Xavier",Louisiana State University Eunice,Louisiana State University Eunice,Extra,23,LA,34,,,,7,2,5,0,0,,0,8,,,0,https://athletics.lsue.edu/sports/baseball/stats,2026-08-28 16:30:23 CDT,,,,,,,,,,,,,,,,,,,,,,,,,,,,,,,,,,,,,,,,,,,,View Bio,,,,,,,,,7,1,0,,,,,,,,,,1,Louisiana State University Eunice
fielding,"Mouriz, Christian",Louisiana State University Eunice,Louisiana State University Eunice,Extra,23,LA,23,,,,4,4,0,0,0,,0,3,,,0,https://athletics.lsue.edu/sports/baseball/stats,2026-08-28 16:30:23 CDT,,,,,,,,,,,,,,,,,,,,,,,,,,,,,,,,,,,,,,,,,,,,View Bio,,,,,,,,,4,1,0,,,,,,,,,,1,Louisiana State University Eunice
fielding,"Carlson, Ian",Louisiana State University Eunice,Louisiana State University Eunice,Extra,23,LA,20,,,,2,1,1,0,0,,0,2,,,0,https://athletics.lsue.edu/sports/baseball/stats,2026-08-28 16:30:23 CDT,,,,,,,,,,,,,,,,,,,,,,,,,,,,,,,,,,,,,,,,,,,,View Bio,,,,,,,,,2,1,0,,,,,,,,,,1,Louisiana State University Eunice
fielding,"Cooley, Griffin",Louisiana State University Eunice,Louisiana State University Eunice,Extra,23,LA,15,,,,1,1,0,0,0,,0,0,,,0,https://athletics.lsue.edu/sports/baseball/stats,2026-08-28 16:30:23 CDT,,,,,,,,,,,,,,,,,,,,,,,,,,,,,,,,,,,,,,,,,,,,View Bio,,,,,,,,,1,1,0,,,,,,,,,,1,Louisiana State University Eunice
fielding,"Scott, Cooper",Louisiana State University Eunice,Louisiana State University Eunice,Extra,23,LA,30,,,,1,1,0,0,0,,0,0,,,0,https://athletics.lsue.edu/sports/baseball/stats,2026-08-28 16:30:23 CDT,,,,,,,,,,,,,,,,,,,,,,,,,,,,,,,,,,,,,,,,,,,,View Bio,,,,,,,,,1,1,0,,,,,,,,,,1,Louisiana State University Eunice
fielding,"LeBlanc, Easton",Louisiana State University Eunice,Louisiana State University Eunice,Extra,23,LA,35,,,,1,0,1,0,0,,0,1,,,0,https://athletics.lsue.edu/sports/baseball/stats,2026-08-28 16:30:23 CDT,,,,,,,,,,,,,,,,,,,,,,,,,,,,,,,,,,,,,,,,,,,,View Bio,,,,,,,,,1,1,0,,,,,,,,,,1,Louisiana State University Eunice
fielding,"Louque, Marshall",Louisiana State University Eunice,Louisiana State University Eunice,Extra,23,LA,19,,,,160,149,10,1,0,,17,0,,,0,https://athletics.lsue.edu/sports/baseball/stats,2026-08-28 16:30:23 CDT,,,,,,,,,,,,,,,,,,,,,,,,,,,,,,,,,,,,,,,,,,,,View Bio,,,,,,,,,160,0.994,0,,,,,,,,,,0.994,Louisiana State University Eunice
fielding,"Clapinski, Andrew",Louisiana State University Eunice,Louisiana State University Eunice,Extra,23,LA,28,,,,439,405,30,4,1,,5,29,,,2,https://athletics.lsue.edu/sports/baseball/stats,2026-08-28 16:30:23 CDT,,,,,,,,,,,,,,,,,,,,,,,,,,,,,,,,,,,,,,,,,,,,View Bio,,,,,,,,,439,0.991,18,,,,,,,,,,0.991,Louisiana State University Eunice
fielding,"Obradovich, Milan",Louisiana State University Eunice,Louisiana State University Eunice,Extra,23,LA,8,,,,184,175,7,2,2,,7,3,,,0,https://athletics.lsue.edu/sports/baseball/stats,2026-08-28 16:30:23 CDT,,,,,,,,,,,,,,,,,,,,,,,,,,,,,,,,,,,,,,,,,,,,View Bio,,,,,,,,,184,0.989,2,,,,,,,,,,0.989,Louisiana State University Eunice
fielding,"Mitchell, Tyler",Louisiana State University Eunice,Louisiana State University Eunice,Extra,23,LA,6,,,,94,90,3,1,0,,0,0,,,0,https://athletics.lsue.edu/sports/baseball/stats,2026-08-28 16:30:23 CDT,,,,,,,,,,,,,,,,,,,,,,,,,,,,,,,,,,,,,,,,,,,,View Bio,,,,,,,,,94,0.989,0,,,,,,,,,,0.989,Louisiana State University Eunice
fielding,"Mouton, Aidan",Louisiana State University Eunice,Louisiana State University Eunice,Extra,23,LA,1,,,,168,99,66,3,0,,18,0,,,0,https://athletics.lsue.edu/sports/baseball/stats,2026-08-28 16:30:23 CDT,,,,,,,,,,,,,,,,,,,,,,,,,,,,,,,,,,,,,,,,,,,,View Bio,,,,,,,,,168,0.982,0,,,,,,,,,,0.982,Louisiana State University Eunice
fielding,"Bordelon, Mason",Louisiana State University Eunice,Louisiana State University Eunice,Extra,23,LA,25,,,,51,49,1,1,0,,0,0,,,0,https://athletics.lsue.edu/sports/baseball/stats,2026-08-28 16:30:23 CDT,,,,,,,,,,,,,,,,,,,,,,,,,,,,,,,,,,,,,,,,,,,,View Bio,,,,,,,,,51,0.98,0,,,,,,,,,,0.98,Louisiana State University Eunice
fielding,"Marshall, Aarren",Louisiana State University Eunice,Louisiana State University Eunice,Extra,23,LA,2,,,,50,10,39,1,0,,6,0,,,0,https://athletics.lsue.edu/sports/baseball/stats,2026-08-28 16:30:23 CDT,,,,,,,,,,,,,,,,,,,,,,,,,,,,,,,,,,,,,,,,,,,,View Bio,,,,,,,,,50,0.98,0,,,,,,,,,,0.98,Louisiana State University Eunice
fielding,"Smith, Jake",Louisiana State University Eunice,Louisiana State University Eunice,Extra,23,LA,4,,,,198,76,116,6,0,,21,0,,,0,https://athletics.lsue.edu/sports/baseball/stats,2026-08-28 16:30:23 CDT,,,,,,,,,,,,,,,,,,,,,,,,,,,,,,,,,,,,,,,,,,,,View Bio,,,,,,,,,198,0.97,0,,,,,,,,,,0.97,Louisiana State University Eunice
fielding,"Luna, Jordan",Louisiana State University Eunice,Louisiana State University Eunice,Extra,23,LA,3,,,,150,55,89,6,0,,8,0,,,0,https://athletics.lsue.edu/sports/baseball/stats,2026-08-28 16:30:23 CDT,,,,,,,,,,,,,,,,,,,,,,,,,,,,,,,,,,,,,,,,,,,,View Bio,,,,,,,,,150,0.96,0,,,,,,,,,,0.96,Louisiana State University Eunice
fielding,"Froehlich, Jacob",Louisiana State University Eunice,Louisiana State University Eunice,Extra,23,LA,12,,,,22,21,0,1,0,,0,0,,,0,https://athletics.lsue.edu/sports/baseball/stats,2026-08-28 16:30:23 CDT,,,,,,,,,,,,,,,,,,,,,,,,,,,,,,,,,,,,,,,,,,,,View Bio,,,,,,,,,22,0.955,0,,,,,,,,,,0.955,Louisiana State University Eunice
fielding,"Bell, Dylan",Louisiana State University Eunice,Louisiana State University Eunice,Extra,23,LA,11,,,,18,17,0,1,0,,0,0,,,0,https://athletics.lsue.edu/sports/baseball/stats,2026-08-28 16:30:23 CDT,,,,,,,,,,,,,,,,,,,,,,,,,,,,,,,,,,,,,,,,,,,,View Bio,,,,,,,,,18,0.944,0,,,,,,,,,,0.944,Louisiana State University Eunice
fielding,"Bergeron, Rowen",Louisiana State University Eunice,Louisiana State University Eunice,Extra,23,LA,21,,,,39,8,28,3,0,,2,0,,,0,https://athletics.lsue.edu/sports/baseball/stats,2026-08-28 16:30:23 CDT,,,,,,,,,,,,,,,,,,,,,,,,,,,,,,,,,,,,,,,,,,,,View Bio,,,,,,,,,39,0.923,0,,,,,,,,,,0.923,Louisiana State University Eunice
fielding,"Fenske, Lane",Louisiana State University Eunice,Louisiana State University Eunice,Extra,23,LA,29,,,,16,8,6,2,0,,0,5,,,0,https://athletics.lsue.edu/sports/baseball/stats,2026-08-28 16:30:23 CDT,,,,,,,,,,,,,,,,,,,,,,,,,,,,,,,,,,,,,,,,,,,,View Bio,,,,,,,,,16,0.875,7,,,,,,,,,,0.875,Louisiana State University Eunice
fielding,"LaCoste, Kade",Louisiana State University Eunice,Louisiana State University Eunice,Extra,23,LA,32,,,,7,1,5,1,0,,0,7,,,0,https://athletics.lsue.edu/sports/baseball/stats,2026-08-28 16:30:23 CDT,,,,,,,,,,,,,,,,,,,,,,,,,,,,,,,,,,,,,,,,,,,,View Bio,,,,,,,,,7,0.857,3,,,,,,,,,,0.857,Louisiana State University Eunice
fielding,"Gambel, Hunter",Louisiana State University Eunice,Louisiana State University Eunice,Extra,23,LA,17,,,,8,1,5,2,0,,0,3,,,0,https://athletics.lsue.edu/sports/baseball/stats,2026-08-28 16:30:23 CDT,,,,,,,,,,,,,,,,,,,,,,,,,,,,,,,,,,,,,,,,,,,,View Bio,,,,,,,,,8,0.75,4,,,,,,,,,,0.75,Louisiana State University Eunice
fielding,"Spangler, Hudson",Louisiana State University Eunice,Louisiana State University Eunice,Extra,23,LA,5,,,,10,4,3,3,0,,0,3,,,0,https://athletics.lsue.edu/sports/baseball/stats,2026-08-28 16:30:23 CDT,,,,,,,,,,,,,,,,,,,,,,,,,,,,,,,,,,,,,,,,,,,,View Bio,,,,,,,,,10,0.7,4,,,,,,,,,,0.7,Louisiana State University Eunice
fielding,"Hicks, Dayton",Louisiana State University Eunice,Louisiana State University Eunice,Extra,23,LA,16,,,,5,2,1,2,0,,0,3,,,0,https://athletics.lsue.edu/sports/baseball/stats,2026-08-28 16:30:23 CDT,,,,,,,,,,,,,,,,,,,,,,,,,,,,,,,,,,,,,,,,,,,,View Bio,,,,,,,,,5,0.6,0,,,,,,,,,,0.6,Louisiana State University Eunice
fielding,"Gallien, Mekai",Louisiana State University Eunice,Louisiana State University Eunice,Extra,23,LA,22,,,,2,0,0,2,0,,0,7,,,0,https://athletics.lsue.edu/sports/baseball/stats,2026-08-28 16:30:23 CDT,,,,,,,,,,,,,,,,,,,,,,,,,,,,,,,,,,,,,,,,,,,,View Bio,,,,,,,,,2,0,1,,,,,,,,,,0,Louisiana State University Eunice
fielding,"Dickinson, Tate",Louisiana State University Eunice,Louisiana State University Eunice,Extra,23,LA,27,,,,1,0,0,1,0,,0,0,,,0,https://athletics.lsue.edu/sports/baseball/stats,2026-08-28 16:30:23 CDT,,,,,,,,,,,,,,,,,,,,,,,,,,,,,,,,,,,,,,,,,,,,View Bio,,,,,,,,,1,0,0,,,,,,,,,,0,Louisiana State University Eunice
fielding,"Goldapper, David",Louisiana State University Eunice,Louisiana State University Eunice,Extra,23,LA,18,,,,0,0,0,0,0,,0,0,,,0,https://athletics.lsue.edu/sports/baseball/stats,2026-08-28 16:30:23 CDT,,,,,,,,,,,,,,,,,,,,,,,,,,,,,,,,,,,,,,,,,,,,View Bio,,,,,,,,,0,0,0,,,,,,,,,,0,Louisiana State University Eunice
fielding,Opponents,Louisiana State University Eunice,Louisiana State University Eunice,Extra,23,LA,,,,,1796,1278,431,87,4,,35,276,,,3,https://athletics.lsue.edu/sports/baseball/stats,2026-08-28 16:30:23 CDT,,,,,,,,,,,,,,,,,,,,,,,,,,,,,,,,,,,,,,,,,,,,,,,,,,,,,1796,0.952,37,,,,,,,,,,0.952,Louisiana State University Eunice
hitting,"West, Tyler",Salt Lake CC,Salt Lake Community College,Extra,18,UT,2,,,,,,,,,,,,,,,https://slccbruins.com/sports/baseball/stats,2026-08-28 16:30:23 CDT,225,88,37,33,16,4,3,,51,0.391,0.471,0.538,2,1,2,,,,,,,,,,46,,,74,,,,,,57,32,3,1.009,57-46,121,51,1,0.471,32-35,View Bio,,,,,,,,,,,,,57,46,,,,,32,3,,Salt Lake CC
hitting,"Gambill, Kade",Salt Lake CC,Salt Lake Community College,Extra,18,UT,20,,,,,,,,,,,,,,,https://slccbruins.com/sports/baseball/stats,2026-08-28 16:30:23 CDT,125,48,44,39,8,1,12,,22,0.384,0.541,0.752,11,6,0,,,,,,,,,,36,,,48,,,,,,50,7,1,1.293,50-36,94,22,5,0.541,7-8,View Bio,,,,,,,,,,,,,50,36,,,,,7,1,,Salt Lake CC
hitting,"Chavez, Lute",Salt Lake CC,Salt Lake Community College,Extra,18,UT,4,,,,,,,,,,,,,,,https://slccbruins.com/sports/baseball/stats,2026-08-28 16:30:23 CDT,174,65,48,38,18,1,5,,20,0.374,0.484,0.575,2,3,0,,,,,,,,,,44,,,62,,,,,,56,5,1,1.059,56-44,100,20,3,0.484,5-6,View Bio,,,,,,,,,,,,,56,44,,,,,5,1,,Salt Lake CC
hitting,"Smith, Drew",Salt Lake CC,Salt Lake Community College,Extra,18,UT,6,,,,,,,,,,,,,,,https://slccbruins.com/sports/baseball/stats,2026-08-28 16:30:23 CDT,176,65,61,20,14,3,11,,20,0.369,0.46,0.67,13,4,0,,,,,,,,,,44,,,56,,,,,,55,12,1,1.13,55-44,118,20,2,0.46,12-13,View Bio,,,,,,,,,,,,,55,44,,,,,12,1,,Salt Lake CC
hitting,"Hodson, Kaden",Salt Lake CC,Salt Lake Community College,Extra,18,UT,13,,,,,,,,,,,,,,,https://slccbruins.com/sports/baseball/stats,2026-08-28 16:30:23 CDT,174,63,58,15,20,0,9,,25,0.362,0.442,0.632,13,4,0,,,,,,,,,,42,,,55,,,,,,53,3,0,1.074,53-42,110,25,3,0.442,3-3,View Bio,,,,,,,,,,,,,53,42,,,,,3,0,,Salt Lake CC
hitting,"Wareham, Gage",Salt Lake CC,Salt Lake Community College,Extra,18,UT,1,,,,,,,,,,,,,,,https://slccbruins.com/sports/baseball/stats,2026-08-28 16:30:23 CDT,168,60,51,17,11,1,3,,19,0.357,0.411,0.488,1,4,7,,,,,,,,,,42,,,43,,,,,,54,10,1,0.899,54-42,82,19,1,0.411,10-11,View Bio,,,,,,,,,,,,,54,42,,,,,10,1,,Salt Lake CC
hitting,"Brown, Riley",Salt Lake CC,Salt Lake Community College,Extra,18,UT,9,,,,,,,,,,,,,,,https://slccbruins.com/sports/baseball/stats,2026-08-28 16:30:23 CDT,160,57,39,29,11,2,4,,28,0.356,0.478,0.525,11,3,0,,,,,,,,,,44,,,47,,,,,,56,8,1,1.003,56-44,84,28,2,0.478,8-9,View Bio,,,,,,,,,,,,,56,44,,,,,8,1,,Salt Lake CC
hitting,"Thomas, AJ",Salt Lake CC,Salt Lake Community College,Extra,18,UT,3,,,,,,,,,,,,,,,https://slccbruins.com/sports/baseball/stats,2026-08-28 16:30:23 CDT,145,51,43,33,11,1,10,,13,0.352,0.484,0.648,4,0,0,,,,,,,,,,38,,,48,,,,,,50,8,1,1.132,50-38,94,13,1,0.484,8-9,View Bio,,,,,,,,,,,,,50,38,,,,,8,1,,Salt Lake CC
hitting,"Roberts, Willy",Salt Lake CC,Salt Lake Community College,Extra,18,UT,11,,,,,,,,,,,,,,,https://slccbruins.com/sports/baseball/stats,2026-08-28 16:30:23 CDT,151,49,50,26,9,1,9,,21,0.325,0.444,0.576,8,2,0,,,,,,,,,,38,,,35,,,,,,52,2,2,1.02,52-38,87,21,3,0.444,2-4,View Bio,,,,,,,,,,,,,52,38,,,,,2,2,,Salt Lake CC
hitting,"Davis, Tyler",Salt Lake CC,Salt Lake Community College,Extra,18,UT,24,,,,,,,,,,,,,,,https://slccbruins.com/sports/baseball/stats,2026-08-28 16:30:23 CDT,26,10,10,1,3,0,2,,11,0.385,0.407,0.731,0,0,0,,,,,,,,,,5,,,6,,,,,,13,0,0,1.138,13-5,19,11,0,0.407,0-0,View Bio,,,,,,,,,,,,,13,5,,,,,0,0,,Salt Lake CC
hitting,"Ellison, Dalyn",Salt Lake CC,Salt Lake Community College,Extra,18,UT,35,,,,,,,,,,,,,,,https://slccbruins.com/sports/baseball/stats,2026-08-28 16:30:23 CDT,18,6,1,1,0,0,0,,6,0.333,0.455,0.333,3,0,0,,,,,,,,,,3,,,3,,,,,,13,0,0,0.788,13-3,6,6,0,0.455,0-0,View Bio,,,,,,,,,,,,,13,3,,,,,0,0,,Salt Lake CC
hitting,"Martin, Greyson",Salt Lake CC,Salt Lake Community College,Extra,18,UT,8,,,,,,,,,,,,,,,https://slccbruins.com/sports/baseball/stats,2026-08-28 16:30:23 CDT,65,21,18,17,6,0,0,,20,0.323,0.471,0.415,3,2,4,,,,,,,,,,14,,,23,,,,,,31,4,2,0.886,31-14,27,20,0,0.471,4-6,View Bio,,,,,,,,,,,,,31,14,,,,,4,2,,Salt Lake CC
hitting,"Vernon, Alex",Salt Lake CC,Salt Lake Community College,Extra,18,UT,25,,,,,,,,,,,,,,,https://slccbruins.com/sports/baseball/stats,2026-08-28 16:30:23 CDT,11,3,7,3,1,0,1,,2,0.273,0.4,0.636,0,1,0,,,,,,,,,,3,,,6,,,,,,10,0,0,1.036,10-3,7,2,0,0.4,0-0,View Bio,,,,,,,,,,,,,10,3,,,,,0,0,,Salt Lake CC
hitting,"Moody, Carson",Salt Lake CC,Salt Lake Community College,Extra,18,UT,27,,,,,,,,,,,,,,,https://slccbruins.com/sports/baseball/stats,2026-08-28 16:30:23 CDT,24,5,1,3,2,0,0,,7,0.208,0.296,0.292,0,0,0,,,,,,,,,,2,,,1,,,,,,12,0,0,0.588,12-2,7,7,0,0.296,0-0,View Bio,,,,,,,,,,,,,12,2,,,,,0,0,,Salt Lake CC
hitting,"Dart, Will",Salt Lake CC,Salt Lake Community College,Extra,18,UT,36,,,,,,,,,,,,,,,https://slccbruins.com/sports/baseball/stats,2026-08-28 16:30:23 CDT,29,6,5,4,2,0,0,,15,0.207,0.324,0.276,1,0,1,,,,,,,,,,4,,,7,,,,,,30,0,1,0.6,30-4,8,15,0,0.324,0-1,View Bio,,,,,,,,,,,,,30,4,,,,,0,1,,Salt Lake CC
hitting,"Daniels, Grady",Salt Lake CC,Salt Lake Community College,Extra,18,UT,23,,,,,,,,,,,,,,,https://slccbruins.com/sports/baseball/stats,2026-08-28 16:30:23 CDT,40,8,13,9,2,0,1,,8,0.2,0.333,0.325,0,2,0,,,,,,,,,,9,,,8,,,,,,20,0,0,0.658,20-9,13,8,1,0.333,0-0,View Bio,,,,,,,,,,,,,20,9,,,,,0,0,,Salt Lake CC
hitting,"Tebbs, Kaleb",Salt Lake CC,Salt Lake Community College,Extra,18,UT,30,,,,,,,,,,,,,,,https://slccbruins.com/sports/baseball/stats,2026-08-28 16:30:23 CDT,9,0,0,1,0,0,0,,4,0,0.1,0,0,0,0,,,,,,,,,,0,,,6,,,,,,18,2,0,0.1,18-0,0,4,0,0.1,2-2,View Bio,,,,,,,,,,,,,18,0,,,,,2,0,,Salt Lake CC
hitting,"Jacobs, Boston",Salt Lake CC,Salt Lake Community College,Extra,18,UT,12,,,,,,,,,,,,,,,https://slccbruins.com/sports/baseball/stats,2026-08-28 16:30:23 CDT,5,0,0,0,0,0,0,,2,0,0,0,0,0,0,,,,,,,,,,1,,,0,,,,,,3,0,0,0,3-1,0,2,0,0,0-0,View Bio,,,,,,,,,,,,,3,1,,,,,0,0,,Salt Lake CC
hitting,"Nielsen, Cal",Salt Lake CC,Salt Lake Community College,Extra,18,UT,10,,,,,,,,,,,,,,,https://slccbruins.com/sports/baseball/stats,2026-08-28 16:30:23 CDT,3,0,0,0,0,0,0,,0,0,0,0,0,0,0,,,,,,,,,,0,,,0,,,,,,3,0,0,0,3-0,0,0,0,0,0-0,View Bio,,,,,,,,,,,,,3,0,,,,,0,0,,Salt Lake CC
hitting,"Young, Thomas",Salt Lake CC,Salt Lake Community College,Extra,18,UT,19,,,,,,,,,,,,,,,https://slccbruins.com/sports/baseball/stats,2026-08-28 16:30:23 CDT,0,0,0,0,0,0,0,,0,0,0,0,0,0,0,,,,,,,,,,0,,,1,,,,,,7,0,0,0,7-0,0,0,0,0,0-0,View Bio,,,,,,,,,,,,,7,0,,,,,0,0,,Salt Lake CC
hitting,Opponents,Salt Lake CC,Salt Lake Community College,Extra,18,UT,,,,,,,,,,,,,,,,https://slccbruins.com/sports/baseball/stats,2026-08-28 16:30:23 CDT,1595,433,255,208,55,10,48,,411,0.271,0.374,0.409,61,11,8,,,,,,,,,,57,,,282,,,,,,57,56,11,0.783,57-57,652,411,23,0.374,56-67,,,,,,,,,,,,,,57,57,,,,,56,11,,Salt Lake CC
pitching,"Davies, Easton",Salt Lake CC,Salt Lake Community College,Extra,18,UT,21,,,,,,,,,,,,,,,https://slccbruins.com/sports/baseball/stats,2026-08-28 16:30:23 CDT,236,64,,32,8,3,4,,58,,,,11,,,,,,,,4.35,6,2,14,12,0,60,39,29,,1.6,,2,,,,,,,58,,,,View Bio,6-2,14-12,1,,0.271,0,1,2,,,,,,,14,12,6,2,,,,Salt Lake CC
pitching,"Jacobs, Boston",Salt Lake CC,Salt Lake Community College,Extra,18,UT,12,,,,,,,,,,,,,,,https://slccbruins.com/sports/baseball/stats,2026-08-28 16:30:23 CDT,17,4,,3,0,0,0,,7,,,,0,,,,,,,,0,1,0,1,1,0,5,0,0,,1.4,,0,,,,,,,7,,,,View Bio,1-0,1-1,0,,0.235,0,0,1,,,,,,,1,1,1,0,,,,Salt Lake CC
pitching,"Jenkins, Heber",Salt Lake CC,Salt Lake Community College,Extra,18,UT,29,,,,,,,,,,,,,,,https://slccbruins.com/sports/baseball/stats,2026-08-28 16:30:23 CDT,5,1,,0,0,0,0,,3,,,,0,,,,,,,,0,1,0,1,0,0,1.1,0,0,,0.75,,0,,,,,,,3,,,,View Bio,1-0,1-0,0,,0.2,0,0,0,,,,,,,1,0,1,0,,,,Salt Lake CC
pitching,"Reynolds, Ryan",Salt Lake CC,Salt Lake Community College,Extra,18,UT,55,,,,,,,,,,,,,,,https://slccbruins.com/sports/baseball/stats,2026-08-28 16:30:23 CDT,30,3,,4,1,0,0,,12,,,,2,,,,,,,,0.93,1,0,9,0,2,9.2,1,1,,0.72,,0,,,,,,,12,,,,View Bio,1-0,9-0,0,,0.1,0,0,0,,,,,,,9,0,1,0,,,,Salt Lake CC
pitching,"Comer, Easton",Salt Lake CC,Salt Lake Community College,Extra,18,UT,17,,,,,,,,,,,,,,,https://slccbruins.com/sports/baseball/stats,2026-08-28 16:30:23 CDT,70,13,,9,1,0,3,,21,,,,3,,,,,,,,2.61,2,1,16,0,0,20.2,6,6,,1.06,,2,,,,,,,21,,,,View Bio,2-1,16-0,0,,0.186,0,0,0,,,,,,,16,0,2,1,,,,Salt Lake CC
pitching,"Walkenhorst, Tanner",Salt Lake CC,Salt Lake Community College,Extra,18,UT,37,,,,,,,,,,,,,,,https://slccbruins.com/sports/baseball/stats,2026-08-28 16:30:23 CDT,13,4,,0,0,0,0,,3,,,,0,,,,,,,,2.7,0,0,4,0,0,3.1,2,1,,1.2,,0,,,,,,,3,,,,View Bio,0-0,4-0,0,,0.308,0,0,0,,,,,,,4,0,0,0,,,,Salt Lake CC
pitching,"Laycock, Austin",Salt Lake CC,Salt Lake Community College,Extra,18,UT,33,,,,,,,,,,,,,,,https://slccbruins.com/sports/baseball/stats,2026-08-28 16:30:23 CDT,177,51,,17,6,0,2,,38,,,,6,,,,,,,,3.5,3,3,15,6,1,43.2,22,17,,1.56,,3,,,,,,,38,,,,View Bio,3-3,15-6,1,,0.288,2,1,0,,,,,,,15,6,3,3,,,,Salt Lake CC
pitching,"Fenn, Zaylun",Salt Lake CC,Salt Lake Community College,Extra,18,UT,16,,,,,,,,,,,,,,,https://slccbruins.com/sports/baseball/stats,2026-08-28 16:30:23 CDT,121,24,,17,3,1,5,,24,,,,6,,,,,,,,3.86,3,2,13,7,1,30.1,17,13,,1.35,,4,,,,,,,24,,,,View Bio,3-2,13-7,0,,0.198,0,0,0,,,,,,,13,7,3,2,,,,Salt Lake CC
pitching,"Young, Thomas",Salt Lake CC,Salt Lake Community College,Extra,18,UT,19,,,,,,,,,,,,,,,https://slccbruins.com/sports/baseball/stats,2026-08-28 16:30:23 CDT,15,4,,6,1,0,0,,4,,,,2,,,,,,,,3.86,0,0,6,0,0,4.2,2,2,,2.14,,1,,,,,,,4,,,,View Bio,0-0,6-0,0,,0.267,0,0,0,,,,,,,6,0,0,0,,,,Salt Lake CC
pitching,"Beames, Case",Salt Lake CC,Salt Lake Community College,Extra,18,UT,7,,,,,,,,,,,,,,,https://slccbruins.com/sports/baseball/stats,2026-08-28 16:30:23 CDT,146,31,,14,2,1,5,,42,,,,4,,,,,,,,4.15,3,2,17,3,0,39,23,18,,1.15,,8,,,,,,,42,,,,View Bio,3-2,17-3,0,,0.212,0,2,0,,,,,,,17,3,3,2,,,,Salt Lake CC
pitching,"Zullo, Dylan",Salt Lake CC,Salt Lake Community College,Extra,18,UT,44,,,,,,,,,,,,,,,https://slccbruins.com/sports/baseball/stats,2026-08-28 16:30:23 CDT,15,4,,3,0,0,0,,4,,,,0,,,,,,,,4.15,1,0,6,0,1,4.1,2,2,,1.62,,2,,,,,,,4,,,,View Bio,1-0,6-0,0,,0.267,0,0,0,,,,,,,6,0,1,0,,,,Salt Lake CC
pitching,"Green, Mason",Salt Lake CC,Salt Lake Community College,Extra,18,UT,5,,,,,,,,,,,,,,,https://slccbruins.com/sports/baseball/stats,2026-08-28 16:30:23 CDT,152,37,,12,4,0,5,,49,,,,4,,,,,,,,4.42,4,1,18,0,0,38.2,24,19,,1.27,,2,,,,,,,49,,,,View Bio,4-1,18-0,0,,0.243,2,0,0,,,,,,,18,0,4,1,,,,Salt Lake CC
pitching,"Banks, Hudson",Salt Lake CC,Salt Lake Community College,Extra,18,UT,26,,,,,,,,,,,,,,,https://slccbruins.com/sports/baseball/stats,2026-08-28 16:30:23 CDT,77,22,,9,2,1,5,,13,,,,3,,,,,,,,4.5,3,0,8,1,0,18,12,9,,1.72,,2,,,,,,,13,,,,View Bio,3-0,8-1,0,,0.286,0,0,0,,,,,,,8,1,3,0,,,,Salt Lake CC
pitching,"Chambers, Colby",Salt Lake CC,Salt Lake Community College,Extra,18,UT,40,,,,,,,,,,,,,,,https://slccbruins.com/sports/baseball/stats,2026-08-28 16:30:23 CDT,99,28,,18,0,1,0,,24,,,,2,,,,,,,,5.61,2,2,8,4,0,25.2,18,16,,1.79,,7,,,,,,,24,,,,View Bio,2-2,8-4,0,,0.283,1,0,0,,,,,,,8,4,2,2,,,,Salt Lake CC
pitching,"Roos, Colin",Salt Lake CC,Salt Lake Community College,Extra,18,UT,14,,,,,,,,,,,,,,,https://slccbruins.com/sports/baseball/stats,2026-08-28 16:30:23 CDT,161,58,,11,6,0,6,,28,,,,6,,,,,,,,6.14,5,2,11,6,0,36.2,30,25,,1.88,,5,,,,,,,28,,,,View Bio,5-2,11-6,1,,0.36,0,2,0,,,,,,,11,6,5,2,,,,Salt Lake CC
pitching,"Olson, Brayden",Salt Lake CC,Salt Lake Community College,Extra,18,UT,31,,,,,,,,,,,,,,,https://slccbruins.com/sports/baseball/stats,2026-08-28 16:30:23 CDT,26,7,,5,0,0,0,,11,,,,2,,,,,,,,6.75,0,0,7,1,0,6.2,6,5,,1.8,,6,,,,,,,11,,,,View Bio,0-0,7-1,0,,0.269,0,0,1,,,,,,,7,1,0,0,,,,Salt Lake CC
pitching,"Tillitt, Nolan",Salt Lake CC,Salt Lake Community College,Extra,18,UT,34,,,,,,,,,,,,,,,https://slccbruins.com/sports/baseball/stats,2026-08-28 16:30:23 CDT,87,26,,20,3,0,2,,23,,,,1,,,,,,,,7.04,2,1,8,4,0,23,19,18,,2,,4,,,,,,,23,,,,View Bio,2-1,8-4,0,,0.299,0,1,0,,,,,,,8,4,2,1,,,,Salt Lake CC
pitching,"Drachman, Connor",Salt Lake CC,Salt Lake Community College,Extra,18,UT,18,,,,,,,,,,,,,,,https://slccbruins.com/sports/baseball/stats,2026-08-28 16:30:23 CDT,41,8,,8,1,0,1,,12,,,,3,,,,,,,,7.59,0,1,8,0,1,10.2,12,9,,1.5,,4,,,,,,,12,,,,View Bio,0-1,8-0,0,,0.195,0,0,0,,,,,,,8,0,0,1,,,,Salt Lake CC
pitching,"Mousser, Max",Salt Lake CC,Salt Lake Community College,Extra,18,UT,38,,,,,,,,,,,,,,,https://slccbruins.com/sports/baseball/stats,2026-08-28 16:30:23 CDT,88,26,,13,2,1,5,,28,,,,3,,,,,,,,9.27,2,0,12,1,1,22.1,25,23,,1.75,,7,,,,,,,28,,,,View Bio,2-0,12-1,0,,0.295,0,0,0,,,,,,,12,1,2,0,,,,Salt Lake CC
pitching,"Robinson, Casey",Salt Lake CC,Salt Lake Community College,Extra,18,UT,39,,,,,,,,,,,,,,,https://slccbruins.com/sports/baseball/stats,2026-08-28 16:30:23 CDT,17,6,,3,0,0,0,,7,,,,0,,,,,,,,12.27,0,0,4,0,0,3.2,5,5,,2.45,,1,,,,,,,7,,,,View Bio,0-0,4-0,0,,0.353,0,0,0,,,,,,,4,0,0,0,,,,Salt Lake CC
pitching,"Schwaiger, Ty",Salt Lake CC,Salt Lake Community College,Extra,18,UT,22,,,,,,,,,,,,,,,https://slccbruins.com/sports/baseball/stats,2026-08-28 16:30:23 CDT,10,4,,1,0,0,0,,2,,,,0,,,,,,,,13.5,0,0,2,0,0,2,3,3,,2.5,,2,,,,,,,2,,,,View Bio,0-0,2-0,0,,0.4,0,0,0,,,,,,,2,0,0,0,,,,Salt Lake CC
pitching,"Iacono, Ethan",Salt Lake CC,Salt Lake Community College,Extra,18,UT,32,,,,,,,,,,,,,,,https://slccbruins.com/sports/baseball/stats,2026-08-28 16:30:23 CDT,14,3,,8,0,0,1,,5,,,,2,,,,,,,,19.64,0,1,4,0,0,3.2,8,8,,3,,1,,,,,,,5,,,,View Bio,0-1,4-0,0,,0.214,0,0,0,,,,,,,4,0,0,1,,,,Salt Lake CC
pitching,"Wayman, Ethan",Salt Lake CC,Salt Lake Community College,Extra,18,UT,28,,,,,,,,,,,,,,,https://slccbruins.com/sports/baseball/stats,2026-08-28 16:30:23 CDT,11,5,,3,0,0,1,,1,,,,1,,,,,,,,22.5,0,0,5,0,0,2,7,5,,4,,0,,,,,,,1,,,,View Bio,0-0,5-0,0,,0.455,0,0,0,,,,,,,5,0,0,0,,,,Salt Lake CC
pitching,Opponents,Salt Lake CC,Salt Lake Community College,Extra,18,UT,,,,,,,,,,,,,,,,https://slccbruins.com/sports/baseball/stats,2026-08-28 16:30:23 CDT,1526,597,,282,101,8,67,,291,,,,71,,,,,,,,10.33,18,39,181,56,8,394.2,520,453,,2.23,,46,,,,,,,291,,,,,18-39,181-56,3,0,0.391,5,21,7,,,,,,,181,56,18,39,,,,Salt Lake CC
fielding,"Dart, Will",Salt Lake CC,Salt Lake Community College,Extra,18,UT,36,,,,26,14,12,0,0,,3,0,,,0,https://slccbruins.com/sports/baseball/stats,2026-08-28 16:30:23 CDT,,,,,,,,,,,,,,,,,,,,,,,,,,,,,,,,,,,,,,,,,,,,View Bio,,,,,,,,,26,1,0,,,,,,,,,,1,Salt Lake CC
fielding,"Davis, Tyler",Salt Lake CC,Salt Lake Community College,Extra,18,UT,24,,,,21,21,0,0,0,,0,0,,,0,https://slccbruins.com/sports/baseball/stats,2026-08-28 16:30:23 CDT,,,,,,,,,,,,,,,,,,,,,,,,,,,,,,,,,,,,,,,,,,,,View Bio,,,,,,,,,21,1,0,,,,,,,,,,1,Salt Lake CC
fielding,"Moody, Carson",Salt Lake CC,Salt Lake Community College,Extra,18,UT,27,,,,12,10,2,0,0,,0,0,,,0,https://slccbruins.com/sports/baseball/stats,2026-08-28 16:30:23 CDT,,,,,,,,,,,,,,,,,,,,,,,,,,,,,,,,,,,,,,,,,,,,View Bio,,,,,,,,,12,1,0,,,,,,,,,,1,Salt Lake CC
fielding,"Green, Mason",Salt Lake CC,Salt Lake Community College,Extra,18,UT,5,,,,12,3,9,0,0,,1,3,,,0,https://slccbruins.com/sports/baseball/stats,2026-08-28 16:30:23 CDT,,,,,,,,,,,,,,,,,,,,,,,,,,,,,,,,,,,,,,,,,,,,View Bio,,,,,,,,,12,1,0,,,,,,,,,,1,Salt Lake CC
fielding,"Fenn, Zaylun",Salt Lake CC,Salt Lake Community College,Extra,18,UT,16,,,,9,1,8,0,0,,1,5,,,0,https://slccbruins.com/sports/baseball/stats,2026-08-28 16:30:23 CDT,,,,,,,,,,,,,,,,,,,,,,,,,,,,,,,,,,,,,,,,,,,,View Bio,,,,,,,,,9,1,0,,,,,,,,,,1,Salt Lake CC
fielding,"Jacobs, Boston",Salt Lake CC,Salt Lake Community College,Extra,18,UT,12,,,,8,7,1,0,0,,0,2,,,0,https://slccbruins.com/sports/baseball/stats,2026-08-28 16:30:23 CDT,,,,,,,,,,,,,,,,,,,,,,,,,,,,,,,,,,,,,,,,,,,,View Bio,,,,,,,,,8,1,1,,,,,,,,,,1,Salt Lake CC
fielding,"Vernon, Alex",Salt Lake CC,Salt Lake Community College,Extra,18,UT,25,,,,5,5,0,0,0,,1,0,,,0,https://slccbruins.com/sports/baseball/stats,2026-08-28 16:30:23 CDT,,,,,,,,,,,,,,,,,,,,,,,,,,,,,,,,,,,,,,,,,,,,View Bio,,,,,,,,,5,1,0,,,,,,,,,,1,Salt Lake CC
fielding,"Mousser, Max",Salt Lake CC,Salt Lake Community College,Extra,18,UT,38,,,,5,3,2,0,0,,0,1,,,0,https://slccbruins.com/sports/baseball/stats,2026-08-28 16:30:23 CDT,,,,,,,,,,,,,,,,,,,,,,,,,,,,,,,,,,,,,,,,,,,,View Bio,,,,,,,,,5,1,0,,,,,,,,,,1,Salt Lake CC
fielding,"Ellison, Dalyn",Salt Lake CC,Salt Lake Community College,Extra,18,UT,35,,,,4,3,1,0,0,,1,0,,,0,https://slccbruins.com/sports/baseball/stats,2026-08-28 16:30:23 CDT,,,,,,,,,,,,,,,,,,,,,,,,,,,,,,,,,,,,,,,,,,,,View Bio,,,,,,,,,4,1,0,,,,,,,,,,1,Salt Lake CC
fielding,"Banks, Hudson",Salt Lake CC,Salt Lake Community College,Extra,18,UT,26,,,,3,1,2,0,0,,0,1,,,0,https://slccbruins.com/sports/baseball/stats,2026-08-28 16:30:23 CDT,,,,,,,,,,,,,,,,,,,,,,,,,,,,,,,,,,,,,,,,,,,,View Bio,,,,,,,,,3,1,0,,,,,,,,,,1,Salt Lake CC
fielding,"Comer, Easton",Salt Lake CC,Salt Lake Community College,Extra,18,UT,17,,,,2,1,1,0,0,,1,0,,,0,https://slccbruins.com/sports/baseball/stats,2026-08-28 16:30:23 CDT,,,,,,,,,,,,,,,,,,,,,,,,,,,,,,,,,,,,,,,,,,,,View Bio,,,,,,,,,2,1,2,,,,,,,,,,1,Salt Lake CC
fielding,"Olson, Brayden",Salt Lake CC,Salt Lake Community College,Extra,18,UT,31,,,,1,1,0,0,0,,0,0,,,0,https://slccbruins.com/sports/baseball/stats,2026-08-28 16:30:23 CDT,,,,,,,,,,,,,,,,,,,,,,,,,,,,,,,,,,,,,,,,,,,,View Bio,,,,,,,,,1,1,0,,,,,,,,,,1,Salt Lake CC
fielding,"Tillitt, Nolan",Salt Lake CC,Salt Lake Community College,Extra,18,UT,34,,,,1,0,1,0,0,,0,1,,,0,https://slccbruins.com/sports/baseball/stats,2026-08-28 16:30:23 CDT,,,,,,,,,,,,,,,,,,,,,,,,,,,,,,,,,,,,,,,,,,,,View Bio,,,,,,,,,1,1,1,,,,,,,,,,1,Salt Lake CC
fielding,"Walkenhorst, Tanner",Salt Lake CC,Salt Lake Community College,Extra,18,UT,37,,,,1,0,1,0,0,,1,0,,,0,https://slccbruins.com/sports/baseball/stats,2026-08-28 16:30:23 CDT,,,,,,,,,,,,,,,,,,,,,,,,,,,,,,,,,,,,,,,,,,,,View Bio,,,,,,,,,1,1,0,,,,,,,,,,1,Salt Lake CC
fielding,"Chambers, Colby",Salt Lake CC,Salt Lake Community College,Extra,18,UT,40,,,,1,1,0,0,0,,0,4,,,0,https://slccbruins.com/sports/baseball/stats,2026-08-28 16:30:23 CDT,,,,,,,,,,,,,,,,,,,,,,,,,,,,,,,,,,,,,,,,,,,,View Bio,,,,,,,,,1,1,0,,,,,,,,,,1,Salt Lake CC
fielding,"Zullo, Dylan",Salt Lake CC,Salt Lake Community College,Extra,18,UT,44,,,,1,1,0,0,0,,0,1,,,0,https://slccbruins.com/sports/baseball/stats,2026-08-28 16:30:23 CDT,,,,,,,,,,,,,,,,,,,,,,,,,,,,,,,,,,,,,,,,,,,,View Bio,,,,,,,,,1,1,0,,,,,,,,,,1,Salt Lake CC
fielding,"Reynolds, Ryan",Salt Lake CC,Salt Lake Community College,Extra,18,UT,55,,,,1,0,1,0,0,,0,1,,,0,https://slccbruins.com/sports/baseball/stats,2026-08-28 16:30:23 CDT,,,,,,,,,,,,,,,,,,,,,,,,,,,,,,,,,,,,,,,,,,,,View Bio,,,,,,,,,1,1,1,,,,,,,,,,1,Salt Lake CC
fielding,"Chavez, Lute",Salt Lake CC,Salt Lake Community College,Extra,18,UT,4,,,,164,146,17,1,1,,1,28,,,0,https://slccbruins.com/sports/baseball/stats,2026-08-28 16:30:23 CDT,,,,,,,,,,,,,,,,,,,,,,,,,,,,,,,,,,,,,,,,,,,,View Bio,,,,,,,,,164,0.994,4,,,,,,,,,,0.994,Salt Lake CC
fielding,"Hodson, Kaden",Salt Lake CC,Salt Lake Community College,Extra,18,UT,13,,,,323,296,23,4,0,,30,0,,,0,https://slccbruins.com/sports/baseball/stats,2026-08-28 16:30:23 CDT,,,,,,,,,,,,,,,,,,,,,,,,,,,,,,,,,,,,,,,,,,,,View Bio,,,,,,,,,323,0.988,0,,,,,,,,,,0.988,Salt Lake CC
fielding,"Thomas, AJ",Salt Lake CC,Salt Lake Community College,Extra,18,UT,3,,,,305,285,16,4,9,,1,26,,,0,https://slccbruins.com/sports/baseball/stats,2026-08-28 16:30:23 CDT,,,,,,,,,,,,,,,,,,,,,,,,,,,,,,,,,,,,,,,,,,,,View Bio,,,,,,,,,305,0.987,7,,,,,,,,,,0.987,Salt Lake CC
fielding,"West, Tyler",Salt Lake CC,Salt Lake Community College,Extra,18,UT,2,,,,124,118,3,3,0,,1,0,,,0,https://slccbruins.com/sports/baseball/stats,2026-08-28 16:30:23 CDT,,,,,,,,,,,,,,,,,,,,,,,,,,,,,,,,,,,,,,,,,,,,View Bio,,,,,,,,,124,0.976,0,,,,,,,,,,0.976,Salt Lake CC
fielding,"Gambill, Kade",Salt Lake CC,Salt Lake Community College,Extra,18,UT,20,,,,41,36,4,1,0,,0,0,,,0,https://slccbruins.com/sports/baseball/stats,2026-08-28 16:30:23 CDT,,,,,,,,,,,,,,,,,,,,,,,,,,,,,,,,,,,,,,,,,,,,View Bio,,,,,,,,,41,0.976,0,,,,,,,,,,0.976,Salt Lake CC
fielding,"Smith, Drew",Salt Lake CC,Salt Lake Community College,Extra,18,UT,6,,,,200,74,120,6,0,,23,0,,,0,https://slccbruins.com/sports/baseball/stats,2026-08-28 16:30:23 CDT,,,,,,,,,,,,,,,,,,,,,,,,,,,,,,,,,,,,,,,,,,,,View Bio,,,,,,,,,200,0.97,0,,,,,,,,,,0.97,Salt Lake CC
fielding,"Daniels, Grady",Salt Lake CC,Salt Lake Community College,Extra,18,UT,23,,,,62,56,4,2,0,,7,0,,,0,https://slccbruins.com/sports/baseball/stats,2026-08-28 16:30:23 CDT,,,,,,,,,,,,,,,,,,,,,,,,,,,,,,,,,,,,,,,,,,,,View Bio,,,,,,,,,62,0.968,0,,,,,,,,,,0.968,Salt Lake CC
fielding,"Wareham, Gage",Salt Lake CC,Salt Lake Community College,Extra,18,UT,1,,,,171,61,103,7,0,,27,0,,,0,https://slccbruins.com/sports/baseball/stats,2026-08-28 16:30:23 CDT,,,,,,,,,,,,,,,,,,,,,,,,,,,,,,,,,,,,,,,,,,,,View Bio,,,,,,,,,171,0.959,0,,,,,,,,,,0.959,Salt Lake CC
fielding,"Roberts, Willy",Salt Lake CC,Salt Lake Community College,Extra,18,UT,11,,,,37,34,1,2,0,,0,0,,,0,https://slccbruins.com/sports/baseball/stats,2026-08-28 16:30:23 CDT,,,,,,,,,,,,,,,,,,,,,,,,,,,,,,,,,,,,,,,,,,,,View Bio,,,,,,,,,37,0.946,0,,,,,,,,,,0.946,Salt Lake CC
fielding,"Martin, Greyson",Salt Lake CC,Salt Lake Community College,Extra,18,UT,8,,,,52,25,24,3,0,,10,0,,,0,https://slccbruins.com/sports/baseball/stats,2026-08-28 16:30:23 CDT,,,,,,,,,,,,,,,,,,,,,,,,,,,,,,,,,,,,,,,,,,,,View Bio,,,,,,,,,52,0.942,0,,,,,,,,,,0.942,Salt Lake CC
fielding,"Davies, Easton",Salt Lake CC,Salt Lake Community College,Extra,18,UT,21,,,,10,2,7,1,0,,0,10,,,0,https://slccbruins.com/sports/baseball/stats,2026-08-28 16:30:23 CDT,,,,,,,,,,,,,,,,,,,,,,,,,,,,,,,,,,,,,,,,,,,,View Bio,,,,,,,,,10,0.9,2,,,,,,,,,,0.9,Salt Lake CC
fielding,"Laycock, Austin",Salt Lake CC,Salt Lake Community College,Extra,18,UT,33,,,,10,0,9,1,0,,0,4,,,0,https://slccbruins.com/sports/baseball/stats,2026-08-28 16:30:23 CDT,,,,,,,,,,,,,,,,,,,,,,,,,,,,,,,,,,,,,,,,,,,,View Bio,,,,,,,,,10,0.9,1,,,,,,,,,,0.9,Salt Lake CC
fielding,"Beames, Case",Salt Lake CC,Salt Lake Community College,Extra,18,UT,7,,,,9,4,4,1,0,,0,2,,,0,https://slccbruins.com/sports/baseball/stats,2026-08-28 16:30:23 CDT,,,,,,,,,,,,,,,,,,,,,,,,,,,,,,,,,,,,,,,,,,,,View Bio,,,,,,,,,9,0.889,0,,,,,,,,,,0.889,Salt Lake CC
fielding,"Nielsen, Cal",Salt Lake CC,Salt Lake Community College,Extra,18,UT,10,,,,8,6,1,1,0,,0,0,,,0,https://slccbruins.com/sports/baseball/stats,2026-08-28 16:30:23 CDT,,,,,,,,,,,,,,,,,,,,,,,,,,,,,,,,,,,,,,,,,,,,View Bio,,,,,,,,,8,0.875,0,,,,,,,,,,0.875,Salt Lake CC
fielding,"Brown, Riley",Salt Lake CC,Salt Lake Community College,Extra,18,UT,9,,,,125,25,83,17,0,,7,0,,,0,https://slccbruins.com/sports/baseball/stats,2026-08-28 16:30:23 CDT,,,,,,,,,,,,,,,,,,,,,,,,,,,,,,,,,,,,,,,,,,,,View Bio,,,,,,,,,125,0.864,0,,,,,,,,,,0.864,Salt Lake CC
fielding,"Roos, Colin",Salt Lake CC,Salt Lake Community College,Extra,18,UT,14,,,,10,3,5,2,0,,1,2,,,0,https://slccbruins.com/sports/baseball/stats,2026-08-28 16:30:23 CDT,,,,,,,,,,,,,,,,,,,,,,,,,,,,,,,,,,,,,,,,,,,,View Bio,,,,,,,,,10,0.8,0,,,,,,,,,,0.8,Salt Lake CC
fielding,"Tebbs, Kaleb",Salt Lake CC,Salt Lake Community College,Extra,18,UT,30,,,,3,1,1,1,0,,0,0,,,0,https://slccbruins.com/sports/baseball/stats,2026-08-28 16:30:23 CDT,,,,,,,,,,,,,,,,,,,,,,,,,,,,,,,,,,,,,,,,,,,,View Bio,,,,,,,,,3,0.667,0,,,,,,,,,,0.667,Salt Lake CC
fielding,"Drachman, Connor",Salt Lake CC,Salt Lake Community College,Extra,18,UT,18,,,,2,0,1,1,0,,0,1,,,0,https://slccbruins.com/sports/baseball/stats,2026-08-28 16:30:23 CDT,,,,,,,,,,,,,,,,,,,,,,,,,,,,,,,,,,,,,,,,,,,,View Bio,,,,,,,,,2,0.5,0,,,,,,,,,,0.5,Salt Lake CC
fielding,"Young, Thomas",Salt Lake CC,Salt Lake Community College,Extra,18,UT,19,,,,0,0,0,0,0,,0,0,,,0,https://slccbruins.com/sports/baseball/stats,2026-08-28 16:30:23 CDT,,,,,,,,,,,,,,,,,,,,,,,,,,,,,,,,,,,,,,,,,,,,View Bio,,,,,,,,,0,0,0,,,,,,,,,,0,Salt Lake CC
fielding,"Schwaiger, Ty",Salt Lake CC,Salt Lake Community College,Extra,18,UT,22,,,,0,0,0,0,0,,0,0,,,0,https://slccbruins.com/sports/baseball/stats,2026-08-28 16:30:23 CDT,,,,,,,,,,,,,,,,,,,,,,,,,,,,,,,,,,,,,,,,,,,,View Bio,,,,,,,,,0,0,0,,,,,,,,,,0,Salt Lake CC
fielding,"Wayman, Ethan",Salt Lake CC,Salt Lake Community College,Extra,18,UT,28,,,,0,0,0,0,0,,0,0,,,0,https://slccbruins.com/sports/baseball/stats,2026-08-28 16:30:23 CDT,,,,,,,,,,,,,,,,,,,,,,,,,,,,,,,,,,,,,,,,,,,,View Bio,,,,,,,,,0,0,0,,,,,,,,,,0,Salt Lake CC
fielding,"Jenkins, Heber",Salt Lake CC,Salt Lake Community College,Extra,18,UT,29,,,,0,0,0,0,0,,0,3,,,0,https://slccbruins.com/sports/baseball/stats,2026-08-28 16:30:23 CDT,,,,,,,,,,,,,,,,,,,,,,,,,,,,,,,,,,,,,,,,,,,,View Bio,,,,,,,,,0,0,0,,,,,,,,,,0,Salt Lake CC
fielding,"Iacono, Ethan",Salt Lake CC,Salt Lake Community College,Extra,18,UT,32,,,,0,0,0,0,0,,0,0,,,0,https://slccbruins.com/sports/baseball/stats,2026-08-28 16:30:23 CDT,,,,,,,,,,,,,,,,,,,,,,,,,,,,,,,,,,,,,,,,,,,,View Bio,,,,,,,,,0,0,0,,,,,,,,,,0,Salt Lake CC
fielding,"Robinson, Casey",Salt Lake CC,Salt Lake Community College,Extra,18,UT,39,,,,0,0,0,0,0,,0,0,,,0,https://slccbruins.com/sports/baseball/stats,2026-08-28 16:30:23 CDT,,,,,,,,,,,,,,,,,,,,,,,,,,,,,,,,,,,,,,,,,,,,View Bio,,,,,,,,,0,0,0,,,,,,,,,,0,Salt Lake CC
fielding,Opponents,Salt Lake CC,Salt Lake Community College,Extra,18,UT,,,,,1672,1169,434,69,23,,38,164,,,0,https://slccbruins.com/sports/baseball/stats,2026-08-28 16:30:23 CDT,,,,,,,,,,,,,,,,,,,,,,,,,,,,,,,,,,,,,,,,,,,,,,,,,,,,,1672,0.959,23,,,,,,,,,,0.959,Salt Lake CC
hitting,COHL MCCOY,Seminole State College (OK),Seminole State College (OK),Extra,2,OK,,SOPH,,,,,,,,,,,,,,https://sscathletics.com/sports/bsb/2025-26/teams?view=lineup&pos=h,2026-08-28 16:30:23 CDT,230,95,60,39,16,10,14,,31,0.413,0.509,0.752,,,,,,,,,,,,,,,,92,,,,,,59,33,3,1.2610000000000001,,,,,,,,,,,,,,,,,,,4,,,,,,,,,,Seminole State College (OK)
hitting,HUTCH RUSSELL,Seminole State College (OK),Seminole State College (OK),Extra,2,OK,,SOPH,,,,,,,,,,,,,,https://sscathletics.com/sports/bsb/2025-26/teams?view=lineup&pos=h,2026-08-28 16:30:23 CDT,217,89,69,53,28,1,9,,33,0.41,0.54,0.673,,,,,,,,,,,,,,,,77,,,,,,61,8,,1.213,,,,,,,,,,,,,,,,,,,12,,,,,,,,,,Seminole State College (OK)
hitting,JAYLON HUMBLES,Seminole State College (OK),Seminole State College (OK),Extra,2,OK,,SOPH,,,,,,,,,,,,,,https://sscathletics.com/sports/bsb/2025-26/teams?view=lineup&pos=h,2026-08-28 16:30:23 CDT,213,71,56,25,16,1,12,,50,0.333,0.413,0.587,,,,,,,,,,,,,,,,56,,,,,,57,18,6,1,,,,,,,,,,,,,,,,,,,22,,,,,,,,,,Seminole State College (OK)
hitting,WT JONES,Seminole State College (OK),Seminole State College (OK),Extra,2,OK,,SOPH,,,,,,,,,,,,,,https://sscathletics.com/sports/bsb/2025-26/teams?view=lineup&pos=h,2026-08-28 16:30:23 CDT,204,70,71,50,13,6,16,,50,0.343,0.531,0.701,,,,,,,,,,,,,,,,90,,,,,,60,12,3,1.232,,,,,,,,,,,,,,,,,,,7,,,,,,,,,,Seminole State College (OK)
hitting,BENNETT CRAFTON,Seminole State College (OK),Seminole State College (OK),Extra,2,OK,,SOPH,,,,,,,,,,,,,,https://sscathletics.com/sports/bsb/2025-26/teams?view=lineup&pos=h,2026-08-28 16:30:23 CDT,200,77,59,38,16,3,10,,16,0.385,0.519,0.645,,,,,,,,,,,,,,,,70,,,,,,56,13,1,1.1640000000000001,,,,,,,,,,,,,,,,,,,23,,,,,,,,,,Seminole State College (OK)
hitting,BRAYDEN HARPOLE,Seminole State College (OK),Seminole State College (OK),Extra,2,OK,,SOPH,,,,,,,,,,,,,,https://sscathletics.com/sports/bsb/2025-26/teams?view=lineup&pos=h,2026-08-28 16:30:23 CDT,191,63,70,37,6,5,14,,51,0.33,0.454,0.634,,,,,,,,,,,,,,,,53,,,,,,54,10,,1.088,,,,,,,,,,,,,,,,,,,3,,,,,,,,,,Seminole State College (OK)
hitting,TAGEN SIMON,Seminole State College (OK),Seminole State College (OK),Extra,2,OK,,SOPH,C,,,,,,,,,,,,,https://sscathletics.com/sports/bsb/2025-26/teams?view=lineup&pos=h,2026-08-28 16:30:23 CDT,175,54,46,40,14,,2,,36,0.309,0.459,0.423,,,,,,,,,,,,,,,,54,,,,,,55,17,2,0.882,,,,,,,,,,,,,,,,,,,30,,,,,,,,,,Seminole State College (OK)
hitting,DYLAN RESTINE,Seminole State College (OK),Seminole State College (OK),Extra,2,OK,,FR,C,,,,,,,,,,,,,https://sscathletics.com/sports/bsb/2025-26/teams?view=lineup&pos=h,2026-08-28 16:30:23 CDT,120,40,43,37,5,3,6,,29,0.333,0.491,0.575,,,,,,,,,,,,,,,,41,,,,,,42,3,,1.0659999999999998,,,,,,,,,,,,,,,,,,,31,,,,,,,,,,Seminole State College (OK)
hitting,JACKSON LUNDQUIST,Seminole State College (OK),Seminole State College (OK),Extra,2,OK,,SOPH,,,,,,,,,,,,,,https://sscathletics.com/sports/bsb/2025-26/teams?view=lineup&pos=h,2026-08-28 16:30:23 CDT,105,30,34,14,1,2,9,,28,0.286,0.39,0.59,,,,,,,,,,,,,,,,31,,,,,,39,2,1,0.98,,,,,,,,,,,,,,,,,,,14,,,,,,,,,,Seminole State College (OK)
hitting,CARTER STERLING,Seminole State College (OK),Seminole State College (OK),Extra,2,OK,,SOPH,,,,,,,,,,,,,,https://sscathletics.com/sports/bsb/2025-26/teams?view=lineup&pos=h,2026-08-28 16:30:23 CDT,91,26,21,15,9,1,2,,23,0.286,0.44,0.473,,,,,,,,,,,,,,,,26,,,,,,32,3,,0.913,,,,,,,,,,,,,,,,,,,11,,,,,,,,,,Seminole State College (OK)
hitting,CAMPBELL MARTIN,Seminole State College (OK),Seminole State College (OK),Extra,2,OK,,FR,,,,,,,,,,,,,,https://sscathletics.com/sports/bsb/2025-26/teams?view=lineup&pos=h,2026-08-28 16:30:23 CDT,76,29,20,16,11,,3,,19,0.382,0.515,0.645,,,,,,,,,,,,,,,,24,,,,,,31,4,1,1.1600000000000001,,,,,,,,,,,,,,,,,,,27,,,,,,,,,,Seminole State College (OK)
hitting,HECTOR ROCA,Seminole State College (OK),Seminole State College (OK),Extra,2,OK,,SOPH,,,,,,,,,,,,,,https://sscathletics.com/sports/bsb/2025-26/teams?view=lineup&pos=h,2026-08-28 16:30:23 CDT,44,11,12,3,3,,1,,14,0.25,0.313,0.386,,,,,,,,,,,,,,,,5,,,,,,15,,,0.6990000000000001,,,,,,,,,,,,,,,,,,,36,,,,,,,,,,Seminole State College (OK)
hitting,JARRET HALTER,Seminole State College (OK),Seminole State College (OK),Extra,2,OK,,FR,,,,,,,,,,,,,,https://sscathletics.com/sports/bsb/2025-26/teams?view=lineup&pos=h,2026-08-28 16:30:23 CDT,32,11,9,3,3,,4,,8,0.344,0.417,0.813,,,,,,,,,,,,,,,,10,,,,,,14,,,1.23,,,,,,,,,,,,,,,,,,,21,,,,,,,,,,Seminole State College (OK)
hitting,JOSEPH FRAZIER,Seminole State College (OK),Seminole State College (OK),Extra,2,OK,,FR,OF,,,,,,,,,,,,,https://sscathletics.com/sports/bsb/2025-26/teams?view=lineup&pos=h,2026-08-28 16:30:23 CDT,27,9,6,3,1,,2,,13,0.333,0.471,0.593,,,,,,,,,,,,,,,,11,,,,,,13,2,,1.064,,,,,,,,,,,,,,,,,,,40,,,,,,,,,,Seminole State College (OK)
hitting,RAY KUHLMAN,Seminole State College (OK),Seminole State College (OK),Extra,2,OK,,FR,,,,,,,,,,,,,,https://sscathletics.com/sports/bsb/2025-26/teams?view=lineup&pos=h,2026-08-28 16:30:23 CDT,22,9,6,9,3,,,,7,0.409,0.576,0.545,,,,,,,,,,,,,,,,11,,,,,,11,1,,1.121,,,,,,,,,,,,,,,,,,,60,,,,,,,,,,Seminole State College (OK)
hitting,ELI MCCALL,Seminole State College (OK),Seminole State College (OK),Extra,2,OK,,FR,,,,,,,,,,,,,,https://sscathletics.com/sports/bsb/2025-26/teams?view=lineup&pos=h,2026-08-28 16:30:23 CDT,15,4,7,1,,,2,,5,0.267,0.389,0.667,,,,,,,,,,,,,,,,4,,,,,,7,,,1.056,,,,,,,,,,,,,,,,,,,45,,,,,,,,,,Seminole State College (OK)
hitting,COBY MCBRIDE,Seminole State College (OK),Seminole State College (OK),Extra,2,OK,,FR,OF,,,,,,,,,,,,,https://sscathletics.com/sports/bsb/2025-26/teams?view=lineup&pos=h,2026-08-28 16:30:23 CDT,9,2,2,3,2,,,,2,0.222,0.417,0.444,,,,,,,,,,,,,,,,4,,,,,,11,3,,0.861,,,,,,,,,,,,,,,,,,,41,,,,,,,,,,Seminole State College (OK)
hitting,WILL LUNDQUIST,Seminole State College (OK),Seminole State College (OK),Extra,2,OK,,FR,,,,,,,,,,,,,,https://sscathletics.com/sports/bsb/2025-26/teams?view=lineup&pos=h,2026-08-28 16:30:23 CDT,7,1,0,,1,,,,5,0.143,0.333,0.286,,,,,,,,,,,,,,,,4,,,,,,7,1,,0.619,,,,,,,,,,,,,,,,,,,8,,,,,,,,,,Seminole State College (OK)
hitting,JARED VEGA,Seminole State College (OK),Seminole State College (OK),Extra,2,OK,,FR,,,,,,,,,,,,,,https://sscathletics.com/sports/bsb/2025-26/teams?view=lineup&pos=h,2026-08-28 16:30:23 CDT,5,2,0,,,,,,2,0.4,0.4,0.4,,,,,,,,,,,,,,,,2,,,,,,2,,,0.8,,,,,,,,,,,,,,,,,,,56,,,,,,,,,,Seminole State College (OK)
hitting,GUILLERMO CASTANEDA,Seminole State College (OK),Seminole State College (OK),Extra,2,OK,,SOPH,,,,,,,,,,,,,,https://sscathletics.com/sports/bsb/2025-26/teams?view=lineup&pos=h,2026-08-28 16:30:23 CDT,1,0,0,,,,,,1,0,0,0,,,,,,,,,,,,,,,,0,,,,,,2,,,0,,,,,,,,,,,,,,,,,,,13,,,,,,,,,,Seminole State College (OK)
hitting,KENDRIC MOLINA,Seminole State College (OK),Seminole State College (OK),Extra,2,OK,,FR,,,,,,,,,,,,,,https://sscathletics.com/sports/bsb/2025-26/teams?view=lineup&pos=h,2026-08-28 16:30:23 CDT,1,0,0,,,,,,1,0,0,0,,,,,,,,,,,,,,,,0,,,,,,1,,,0,,,,,,,,,,,,,,,,,,,50,,,,,,,,,,Seminole State College (OK)
hitting,BROCK NATALE,Seminole State College (OK),Seminole State College (OK),Extra,2,OK,,FR,,,,,,,,,,,,,,https://sscathletics.com/sports/bsb/2025-26/teams?view=lineup&pos=h,2026-08-28 16:30:23 CDT,1,1,1,1,,,,,,1,1,1,,,,,,,,,,,,,,,,0,,,,,,2,,,2,,,,,,,,,,,,,,,,,,,66,,,,,,,,,,Seminole State College (OK)
hitting,JACKSON PICKELSIMER,Seminole State College (OK),Seminole State College (OK),Extra,2,OK,,SOPH,,,,,,,,,,,,,,https://sscathletics.com/sports/bsb/2025-26/teams?view=lineup&pos=h,2026-08-28 16:30:23 CDT,1,0,0,1,,,,,,0,0.5,0,,,,,,,,,,,,,,,,0,,,,,,17,,,0.5,,,,,,,,,,,,,,,,,,,5,,,,,,,,,,Seminole State College (OK)
hitting,GAVIN WILLIAMS,Seminole State College (OK),Seminole State College (OK),Extra,2,OK,,SOPH,C,,,,,,,,,,,,,https://sscathletics.com/sports/bsb/2025-26/teams?view=lineup&pos=h,2026-08-28 16:30:23 CDT,1,0,0,,,,,,1,0,0,0,,,,,,,,,,,,,,,,0,,,,,,1,,,0,,,,,,,,,,,,,,,,,,,29,,,,,,,,,,Seminole State College (OK)
hitting,JACKSON ROBNETT,Seminole State College (OK),Seminole State College (OK),Extra,2,OK,,FR,,,,,,,,,,,,,,https://sscathletics.com/sports/bsb/2025-26/teams?view=lineup&pos=h,2026-08-28 16:30:23 CDT,0,0,0,,,,,,,,1,,,,,,,,,,,,,,,,,1,,,,,,1,,,,,,,,,,,,,,,,,,,,,,59,,,,,,,,,,Seminole State College (OK)
hitting,Enrico Veach,Wabash Valley College,Wabash Valley College,Extra,24,IL,,So,IF,,,,,,,,,,,,,https://www.wvcwarriorathletics.com/sports/bsb/2025-26/teams?view=lineup&pos=h,2026-08-28 16:30:24 CDT,247,101,79,49,22,4,17,,46,0.409,0.508,0.737,,,,,,,,,,,,,,,,90,,,,,,66,28,4,1.245,,,,,,,,,,,,,,,,,,,45,,,,,,,,,,Wabash Valley College
hitting,Brady Schallmoser,Wabash Valley College,Wabash Valley College,Extra,24,IL,,FR,,,,,,,,,,,,,,https://www.wvcwarriorathletics.com/sports/bsb/2025-26/teams?view=lineup&pos=h,2026-08-28 16:30:24 CDT,225,90,77,55,17,3,17,,46,0.4,0.524,0.729,,,,,,,,,,,,,,,,78,,,,,,64,13,1,1.2530000000000001,,,,,,,,,,,,,,,,,,,7,,,,,,,,,,Wabash Valley College
hitting,Drake DeFreitas,Wabash Valley College,Wabash Valley College,Extra,24,IL,,So,RHP/IF,,,,,,,,,,,,,https://www.wvcwarriorathletics.com/sports/bsb/2025-26/teams?view=lineup&pos=h,2026-08-28 16:30:24 CDT,180,66,65,45,9,2,12,,59,0.367,0.502,0.639,,,,,,,,,,,,,,,,63,,,,,,61,9,5,1.141,,,,,,,,,,,,,,,,,,,3,,,,,,,,,,Wabash Valley College
hitting,Konner Brown,Wabash Valley College,Wabash Valley College,Extra,24,IL,,So,IF,,,,,,,,,,,,,https://www.wvcwarriorathletics.com/sports/bsb/2025-26/teams?view=lineup&pos=h,2026-08-28 16:30:24 CDT,173,61,59,48,10,,7,,42,0.353,0.502,0.532,,,,,,,,,,,,,,,,63,,,,,,64,20,4,1.034,,,,,,,,,,,,,,,,,,,14,,,,,,,,,,Wabash Valley College
hitting,Connor Christenson,Wabash Valley College,Wabash Valley College,Extra,24,IL,,RSO,IF,,,,,,,,,,,,,https://www.wvcwarriorathletics.com/sports/bsb/2025-26/teams?view=lineup&pos=h,2026-08-28 16:30:24 CDT,173,63,56,42,9,,6,,29,0.364,0.496,0.52,,,,,,,,,,,,,,,,49,,,,,,58,8,1,1.016,,,,,,,,,,,,,,,,,,,4,,,,,,,,,,Wabash Valley College
hitting,Bryce Adams,Wabash Valley College,Wabash Valley College,Extra,24,IL,,RFR,,,,,,,,,,,,,,https://www.wvcwarriorathletics.com/sports/bsb/2025-26/teams?view=lineup&pos=h,2026-08-28 16:30:24 CDT,167,79,44,33,17,2,11,,20,0.473,0.575,0.796,,,,,,,,,,,,,,,,66,,,,,,57,23,4,1.371,,,,,,,,,,,,,,,,,,,1,,,,,,,,,,Wabash Valley College
hitting,Leandro Hernandez,Wabash Valley College,Wabash Valley College,Extra,24,IL,,FR,,,,,,,,,,,,,,https://www.wvcwarriorathletics.com/sports/bsb/2025-26/teams?view=lineup&pos=h,2026-08-28 16:30:24 CDT,152,64,52,14,17,1,9,,32,0.421,0.48,0.724,,,,,,,,,,,,,,,,45,,,,,,47,8,,1.204,,,,,,,,,,,,,,,,,,,20,,,,,,,,,,Wabash Valley College
hitting,Cameron Dube,Wabash Valley College,Wabash Valley College,Extra,24,IL,,FR,,,,,,,,,,,,,,https://www.wvcwarriorathletics.com/sports/bsb/2025-26/teams?view=lineup&pos=h,2026-08-28 16:30:24 CDT,137,51,28,14,5,2,6,,22,0.372,0.446,0.569,,,,,,,,,,,,,,,,36,,,,,,48,2,,1.015,,,,,,,,,,,,,,,,,,,2,,,,,,,,,,Wabash Valley College
hitting,Andrew Dixon,Wabash Valley College,Wabash Valley College,Extra,24,IL,,FR,,,,,,,,,,,,,,https://www.wvcwarriorathletics.com/sports/bsb/2025-26/teams?view=lineup&pos=h,2026-08-28 16:30:24 CDT,136,53,42,14,15,3,3,,27,0.39,0.465,0.61,,,,,,,,,,,,,,,,38,,,,,,48,4,2,1.075,,,,,,,,,,,,,,,,,,,35,,,,,,,,,,Wabash Valley College
hitting,Owen Cornett,Wabash Valley College,Wabash Valley College,Extra,24,IL,,RSO,1B,,,,,,,,,,,,,https://www.wvcwarriorathletics.com/sports/bsb/2025-26/teams?view=lineup&pos=h,2026-08-28 16:30:24 CDT,125,45,39,33,10,,12,,48,0.36,0.523,0.728,,,,,,,,,,,,,,,,54,,,,,,52,6,1,1.251,,,,,,,,,,,,,,,,,,,24,,,,,,,,,,Wabash Valley College
hitting,Tyler Peller,Wabash Valley College,Wabash Valley College,Extra,24,IL,,FR,,,,,,,,,,,,,,https://www.wvcwarriorathletics.com/sports/bsb/2025-26/teams?view=lineup&pos=h,2026-08-28 16:30:24 CDT,99,34,32,25,11,1,,,27,0.343,0.496,0.475,,,,,,,,,,,,,,,,35,,,,,,41,13,3,0.971,,,,,,,,,,,,,,,,,,,27,,,,,,,,,,Wabash Valley College
hitting,Brady Atwell,Wabash Valley College,Wabash Valley College,Extra,24,IL,,FR,C,,,,,,,,,,,,,https://www.wvcwarriorathletics.com/sports/bsb/2025-26/teams?view=lineup&pos=h,2026-08-28 16:30:24 CDT,83,29,28,10,5,,3,,23,0.349,0.45,0.518,,,,,,,,,,,,,,,,24,,,,,,36,4,2,0.968,,,,,,,,,,,,,,,,,,,55,,,,,,,,,,Wabash Valley College
hitting,Argenis Lopez,Wabash Valley College,Wabash Valley College,Extra,24,IL,,So,1B,,,,,,,,,,,,,https://www.wvcwarriorathletics.com/sports/bsb/2025-26/teams?view=lineup&pos=h,2026-08-28 16:30:24 CDT,82,31,28,9,4,,4,,17,0.378,0.46,0.573,,,,,,,,,,,,,,,,23,,,,,,41,,,1.033,,,,,,,,,,,,,,,,,,,28,,,,,,,,,,Wabash Valley College
hitting,Logan Marsell,Wabash Valley College,Wabash Valley College,Extra,24,IL,,So,OF,,,,,,,,,,,,,https://www.wvcwarriorathletics.com/sports/bsb/2025-26/teams?view=lineup&pos=h,2026-08-28 16:30:24 CDT,55,19,17,4,,2,2,,14,0.345,0.429,0.527,,,,,,,,,,,,,,,,19,,,,,,37,3,,0.956,,,,,,,,,,,,,,,,,,,17,,,,,,,,,,Wabash Valley College
hitting,Dean Staudacher,Wabash Valley College,Wabash Valley College,Extra,24,IL,,FR,,,,,,,,,,,,,,https://www.wvcwarriorathletics.com/sports/bsb/2025-26/teams?view=lineup&pos=h,2026-08-28 16:30:24 CDT,36,15,13,13,1,,5,,11,0.417,0.611,0.861,,,,,,,,,,,,,,,,20,,,,,,28,3,3,1.472,,,,,,,,,,,,,,,,,,,5,,,,,,,,,,Wabash Valley College
hitting,Reece Harbison,Wabash Valley College,Wabash Valley College,Extra,24,IL,,FR,,,,,,,,,,,,,,https://www.wvcwarriorathletics.com/sports/bsb/2025-26/teams?view=lineup&pos=h,2026-08-28 16:30:24 CDT,16,7,8,,3,1,1,,3,0.438,0.5,0.938,,,,,,,,,,,,,,,,5,,,,,,15,,2,1.438,,,,,,,,,,,,,,,,,,,6,,,,,,,,,,Wabash Valley College
hitting,Gavin Hoel,Wabash Valley College,Wabash Valley College,Extra,24,IL,,FR,,,,,,,,,,,,,,https://www.wvcwarriorathletics.com/sports/bsb/2025-26/teams?view=lineup&pos=h,2026-08-28 16:30:24 CDT,14,3,5,12,2,,1,,1,0.214,0.593,0.571,,,,,,,,,,,,,,,,8,,,,,,15,1,,1.164,,,,,,,,,,,,,,,,,,,44,,,,,,,,,,Wabash Valley College
hitting,Colin McNeer,Wabash Valley College,Wabash Valley College,Extra,24,IL,,FR,IF,,,,,,,,,,,,,https://www.wvcwarriorathletics.com/sports/bsb/2025-26/teams?view=lineup&pos=h,2026-08-28 16:30:24 CDT,11,4,4,5,4,,,,2,0.364,0.563,0.727,,,,,,,,,,,,,,,,6,,,,,,11,,,1.29,,,,,,,,,,,,,,,,,,,22,,,,,,,,,,Wabash Valley College
hitting,Matthew Simmons,Wabash Valley College,Wabash Valley College,Extra,24,IL,,FR,,,,,,,,,,,,,,https://www.wvcwarriorathletics.com/sports/bsb/2025-26/teams?view=lineup&pos=h,2026-08-28 16:30:24 CDT,7,2,1,1,,,,,2,0.286,0.444,0.286,,,,,,,,,,,,,,,,11,,,,,,16,2,,0.73,,,,,,,,,,,,,,,,,,,18,,,,,,,,,,Wabash Valley College
hitting,Martin Ledbetter,Wabash Valley College,Wabash Valley College,Extra,24,IL,,FR,,,,,,,,,,,,,,https://www.wvcwarriorathletics.com/sports/bsb/2025-26/teams?view=lineup&pos=h,2026-08-28 16:30:24 CDT,5,2,0,,1,,,,3,0.4,0.4,0.6,,,,,,,,,,,,,,,,0,,,,,,18,,,1,,,,,,,,,,,,,,,,,,,38,,,,,,,,,,Wabash Valley College
hitting,Julez Pratt,Wabash Valley College,Wabash Valley College,Extra,24,IL,,FR,,,,,,,,,,,,,,https://www.wvcwarriorathletics.com/sports/bsb/2025-26/teams?view=lineup&pos=h,2026-08-28 16:30:24 CDT,4,2,1,2,,,,,,0.5,0.714,0.5,,,,,,,,,,,,,,,,3,,,,,,6,,,1.214,,,,,,,,,,,,,,,,,,,13,,,,,,,,,,Wabash Valley College
hitting,Preston Barr,Wabash Valley College,Wabash Valley College,Extra,24,IL,,So,RHP,,,,,,,,,,,,,https://www.wvcwarriorathletics.com/sports/bsb/2025-26/teams?view=lineup&pos=h,2026-08-28 16:30:24 CDT,0,0,0,,,,,,,,,,,,,,,,,,,,,,,,,1,,,,,,17,,,,,,,,,,,,,,,,,,,,,,12,,,,,,,,,,Wabash Valley College
